entry_time_et,exit_time_et,side,qty,entry_price,exit_price,pnl_usd,stop_dist_pt,r_multiple,exit_reason,duration_min
2018-01-02 09:31:00,2018-01-02 09:37:00,SHORT,1,6433.5,6439.5,-12.0,5.82,-1.031,entry,6.0
2018-01-02 09:38:00,2018-01-02 15:59:00,LONG,1,6445.0,6520.75,151.5,8.75,8.661,entry,381.0
2018-01-03 09:37:00,2018-01-03 15:59:00,LONG,1,6541.5,6583.75,84.5,5.65,7.474,entry,382.0
2018-01-04 09:32:00,2018-01-04 09:35:00,LONG,1,6613.75,6608.0,-11.5,5.99,-0.96,entry,3.0
2018-01-04 09:38:00,2018-01-04 09:53:00,SHORT,1,6603.0,6602.25,1.5,6.8,0.11,entry,15.0
2018-01-04 10:01:00,2018-01-04 10:11:00,SHORT,1,6594.25,6602.5,-16.5,7.36,-1.12,entry,10.0
2018-01-04 10:22:00,2018-01-04 10:27:00,SHORT,1,6594.75,6601.0,-12.5,6.29,-0.994,entry,5.0
2018-01-04 10:34:00,2018-01-04 11:04:00,LONG,1,6607.0,6601.75,-10.5,5.92,-0.886,entry,30.0
2018-01-04 11:18:00,2018-01-04 12:07:00,SHORT,1,6594.25,6603.0,-17.5,7.74,-1.131,entry,49.0
2018-01-04 12:27:00,2018-01-04 12:46:00,SHORT,1,6595.0,6601.75,-13.5,6.24,-1.082,entry,19.0
2018-01-04 12:53:00,2018-01-04 15:25:00,SHORT,1,6595.25,6601.0,-11.5,5.75,-0.999,entry,152.0
2018-01-05 09:35:00,2018-01-05 09:41:00,SHORT,1,6618.5,6622.75,-8.5,5.7,-0.746,entry,6.0
2018-01-05 10:17:00,2018-01-05 15:59:00,LONG,1,6628.75,6660.75,64.0,5.72,5.599,entry,342.0
2018-01-08 09:45:00,2018-01-08 10:05:00,LONG,1,6672.75,6666.25,-13.0,7.14,-0.91,entry,20.0
2018-01-08 10:08:00,2018-01-08 10:14:00,SHORT,1,6661.5,6669.0,-15.0,5.75,-1.304,entry,6.0
2018-01-08 10:19:00,2018-01-08 15:59:00,LONG,1,6673.0,6686.0,26.0,5.95,2.184,entry,340.0
2018-01-09 09:35:00,2018-01-09 10:15:00,SHORT,1,6693.75,6684.0,19.5,5.61,1.739,entry,40.0
2018-01-09 10:18:00,2018-01-09 10:37:00,LONG,1,6688.5,6682.25,-12.5,6.3,-0.992,entry,19.0
2018-01-09 10:38:00,2018-01-09 10:58:00,SHORT,1,6674.0,6682.0,-16.0,8.42,-0.95,entry,20.0
2018-01-09 11:01:00,2018-01-09 15:53:00,LONG,1,6688.25,6686.5,-3.5,6.76,-0.259,entry,292.0
2018-01-10 09:31:00,2018-01-10 09:41:00,LONG,1,6662.5,6656.75,-11.5,7.67,-0.749,entry,10.0
2018-01-10 09:47:00,2018-01-10 10:15:00,SHORT,1,6654.75,6654.0,1.5,5.4,0.139,entry,28.0
2018-01-10 10:32:00,2018-01-10 10:40:00,SHORT,1,6643.5,6652.25,-17.5,6.72,-1.303,entry,8.0
2018-01-10 10:48:00,2018-01-10 10:59:00,SHORT,1,6644.25,6650.75,-13.0,5.72,-1.136,entry,11.0
2018-01-10 11:02:00,2018-01-10 11:37:00,LONG,1,6659.0,6650.0,-18.0,9.28,-0.969,entry,35.0
2018-01-10 11:52:00,2018-01-10 14:27:00,LONG,1,6656.75,6651.0,-11.5,6.02,-0.955,entry,155.0
2018-01-10 14:51:00,2018-01-10 15:59:00,LONG,1,6659.25,6672.75,27.0,5.81,2.324,entry,68.0
2018-01-11 10:00:00,2018-01-11 10:13:00,LONG,1,6691.5,6684.75,-13.5,7.94,-0.85,entry,13.0
2018-01-11 10:34:00,2018-01-11 10:49:00,SHORT,1,6674.0,6684.25,-20.5,10.63,-0.964,entry,15.0
2018-01-11 11:09:00,2018-01-11 15:59:00,LONG,1,6692.0,6717.0,50.0,7.79,3.207,entry,290.0
2018-01-12 09:34:00,2018-01-12 09:52:00,LONG,1,6717.0,6719.0,4.0,6.74,0.297,entry,18.0
2018-01-12 09:59:00,2018-01-12 15:59:00,LONG,1,6726.75,6765.5,77.5,7.38,5.25,entry,360.0
2018-01-15 12:32:00,2018-01-15 12:50:00,SHORT,1,6773.25,6779.25,-12.0,5.63,-1.065,entry,18.0
2018-01-16 09:31:00,2018-01-16 10:04:00,LONG,1,6822.5,6830.5,16.0,5.9,1.356,entry,33.0
2018-01-16 10:11:00,2018-01-16 10:20:00,LONG,1,6837.5,6829.0,-17.0,6.32,-1.346,entry,9.0
2018-01-16 10:27:00,2018-01-16 15:59:00,SHORT,1,6825.75,6748.25,155.0,5.81,13.34,entry,332.0
2018-01-17 09:34:00,2018-01-17 09:52:00,SHORT,1,6767.0,6766.25,1.5,8.34,0.09,entry,18.0
2018-01-17 10:03:00,2018-01-17 10:25:00,LONG,1,6771.75,6764.0,-15.5,5.98,-1.295,entry,22.0
2018-01-17 10:27:00,2018-01-17 10:31:00,SHORT,1,6758.25,6767.75,-19.0,9.16,-1.038,entry,4.0
2018-01-17 10:49:00,2018-01-17 15:59:00,LONG,1,6773.75,6823.25,99.0,6.53,7.582,entry,310.0
2018-01-18 09:38:00,2018-01-18 09:43:00,LONG,1,6824.75,6818.0,-13.5,7.62,-0.885,entry,5.0
2018-01-18 10:01:00,2018-01-18 10:31:00,SHORT,1,6809.75,6812.0,-4.5,7.85,-0.287,entry,30.0
2018-01-18 10:44:00,2018-01-18 10:59:00,LONG,1,6817.75,6811.75,-12.0,6.14,-0.978,entry,15.0
2018-01-18 11:12:00,2018-01-18 11:28:00,LONG,1,6818.5,6813.0,-11.0,6.08,-0.904,entry,16.0
2018-01-18 11:32:00,2018-01-18 11:39:00,LONG,1,6820.0,6813.25,-13.5,6.4,-1.054,entry,7.0
2018-01-18 11:45:00,2018-01-18 11:54:00,SHORT,1,6805.0,6813.75,-17.5,8.54,-1.025,entry,9.0
2018-01-18 12:04:00,2018-01-18 15:33:00,LONG,1,6819.5,6816.75,-5.5,6.03,-0.456,entry,209.0
2018-01-19 09:39:00,2018-01-19 09:50:00,LONG,1,6854.25,6843.0,-22.5,8.39,-1.34,entry,11.0
2018-01-19 09:52:00,2018-01-19 11:30:00,SHORT,1,6837.25,6832.75,9.0,9.67,0.466,entry,98.0
2018-01-19 11:55:00,2018-01-19 12:34:00,SHORT,1,6823.75,6831.5,-15.5,7.63,-1.015,entry,39.0
2018-01-19 12:48:00,2018-01-19 13:04:00,LONG,1,6837.0,6831.0,-12.0,5.9,-1.017,entry,16.0
2018-01-19 14:09:00,2018-01-19 15:59:00,LONG,1,6837.5,6845.25,15.5,6.24,1.241,entry,110.0
2018-01-22 09:36:00,2018-01-22 09:39:00,LONG,1,6845.25,6839.75,-11.0,5.71,-0.962,entry,3.0
2018-01-22 09:44:00,2018-01-22 15:59:00,LONG,1,6847.75,6917.75,140.0,6.78,10.319,entry,375.0
2018-01-23 09:41:00,2018-01-23 09:56:00,LONG,1,6948.5,6946.25,-4.5,6.12,-0.367,entry,15.0
2018-01-23 09:57:00,2018-01-23 10:00:00,SHORT,1,6940.25,6953.75,-27.0,8.91,-1.515,entry,3.0
2018-01-23 10:10:00,2018-01-23 14:18:00,LONG,1,6959.0,6958.0,-2.0,9.61,-0.104,entry,248.0
2018-01-23 14:20:00,2018-01-23 14:27:00,SHORT,1,6954.25,6962.5,-16.5,7.01,-1.177,entry,7.0
2018-01-23 14:38:00,2018-01-23 15:59:00,LONG,1,6968.0,6973.75,11.5,6.76,0.851,entry,81.0
2018-01-24 09:36:00,2018-01-24 09:43:00,SHORT,1,6978.25,6984.5,-12.5,7.68,-0.814,entry,7.0
2018-01-24 09:47:00,2018-01-24 09:57:00,SHORT,1,6975.25,6980.0,-9.5,6.5,-0.731,entry,10.0
2018-01-24 10:01:00,2018-01-24 10:56:00,LONG,1,6988.0,6982.75,-10.5,9.07,-0.579,entry,55.0
2018-01-24 10:57:00,2018-01-24 11:01:00,SHORT,1,6979.0,6986.75,-15.5,7.29,-1.064,entry,4.0
2018-01-24 11:08:00,2018-01-24 14:45:00,SHORT,1,6978.75,6957.25,43.0,7.23,2.972,entry,217.0
2018-01-24 14:45:00,2018-01-24 14:50:00,LONG,1,6957.25,6947.75,-19.0,8.73,-1.089,reverse,5.0
2018-01-24 15:02:00,2018-01-24 15:59:00,SHORT,1,6942.5,6929.75,25.5,6.08,2.097,entry,57.0
2018-01-25 09:39:00,2018-01-25 10:35:00,SHORT,1,6959.75,6946.25,27.0,10.23,1.32,entry,56.0
2018-01-25 10:39:00,2018-01-25 11:01:00,SHORT,1,6937.25,6944.25,-14.0,7.95,-0.881,entry,22.0
2018-01-25 11:06:00,2018-01-25 11:22:00,LONG,1,6950.25,6940.75,-19.0,6.42,-1.479,entry,16.0
2018-01-25 11:28:00,2018-01-25 12:53:00,LONG,1,6951.75,6946.5,-10.5,7.62,-0.689,entry,85.0
2018-01-25 13:02:00,2018-01-25 13:12:00,SHORT,1,6938.5,6947.0,-17.0,8.39,-1.013,entry,10.0
2018-01-25 13:52:00,2018-01-25 14:10:00,LONG,1,6953.5,6946.25,-14.5,6.7,-1.082,entry,18.0
2018-01-25 14:12:00,2018-01-25 15:59:00,SHORT,1,6936.25,6924.0,24.5,10.56,1.16,entry,107.0
2018-01-26 09:35:00,2018-01-26 09:40:00,LONG,1,6963.25,6958.25,-10.0,6.51,-0.768,entry,5.0
2018-01-26 09:55:00,2018-01-26 10:15:00,LONG,1,6966.75,6957.75,-18.0,8.04,-1.119,entry,20.0
2018-01-26 10:32:00,2018-01-26 15:59:00,LONG,1,6968.5,7027.25,117.5,7.13,8.245,entry,327.0
2018-01-29 09:37:00,2018-01-29 09:50:00,LONG,1,7011.5,7008.75,-5.5,7.19,-0.382,entry,13.0
2018-01-29 09:58:00,2018-01-29 10:01:00,LONG,1,7017.25,7007.25,-20.0,7.16,-1.397,entry,3.0
2018-01-29 10:07:00,2018-01-29 10:11:00,SHORT,1,7002.75,7009.25,-13.0,6.73,-0.966,entry,4.0
2018-01-29 10:15:00,2018-01-29 10:27:00,SHORT,1,6999.25,7010.5,-22.5,9.48,-1.186,entry,12.0
2018-01-29 10:36:00,2018-01-29 11:23:00,SHORT,1,7001.0,7004.25,-6.5,6.77,-0.48,entry,47.0
2018-01-29 11:44:00,2018-01-29 12:01:00,LONG,1,7011.0,7001.25,-19.5,9.21,-1.059,entry,17.0
2018-01-29 12:13:00,2018-01-29 14:39:00,LONG,1,7009.5,7004.75,-9.5,7.22,-0.658,entry,146.0
2018-01-29 15:10:00,2018-01-29 15:23:00,LONG,1,7012.25,7005.0,-14.5,7.07,-1.025,entry,13.0
2018-01-29 15:29:00,2018-01-29 15:55:00,SHORT,1,6998.5,7004.5,-12.0,6.73,-0.891,entry,26.0
2018-01-30 09:31:00,2018-01-30 09:40:00,LONG,1,6935.75,6935.25,-1.0,10.8,-0.046,entry,9.0
2018-01-30 09:46:00,2018-01-30 10:25:00,SHORT,1,6929.25,6927.75,3.0,7.66,0.196,entry,39.0
2018-01-30 10:27:00,2018-01-30 10:48:00,LONG,1,6934.0,6928.0,-12.0,7.85,-0.764,entry,21.0
2018-01-30 10:54:00,2018-01-30 12:37:00,LONG,1,6938.25,6936.5,-3.5,9.73,-0.18,entry,103.0
2018-01-30 12:45:00,2018-01-30 13:38:00,SHORT,1,6929.5,6935.5,-12.0,7.06,-0.85,entry,53.0
2018-01-30 13:53:00,2018-01-30 14:34:00,LONG,1,6943.25,6931.5,-23.5,7.93,-1.482,entry,41.0
2018-01-30 14:37:00,2018-01-30 15:02:00,SHORT,1,6928.5,6936.0,-15.0,7.65,-0.981,entry,25.0
2018-01-30 15:11:00,2018-01-30 15:59:00,LONG,1,6942.75,6941.25,-3.0,6.77,-0.222,entry,48.0
2018-01-31 09:58:00,2018-01-31 10:14:00,SHORT,1,6977.25,6984.25,-14.0,7.16,-0.978,entry,16.0
2018-01-31 10:43:00,2018-01-31 13:24:00,SHORT,1,6975.0,6972.5,5.0,6.92,0.361,entry,161.0
2018-01-31 14:04:00,2018-01-31 15:40:00,SHORT,1,6963.0,6963.25,-0.5,8.57,-0.029,entry,96.0
2018-01-31 15:45:00,2018-01-31 15:48:00,LONG,1,6970.25,6962.75,-15.0,7.54,-0.995,entry,3.0
2018-01-31 15:50:00,2018-01-31 15:59:00,SHORT,1,6955.0,6963.0,-16.0,7.68,-1.042,entry,9.0
2018-02-01 09:31:00,2018-02-01 09:43:00,LONG,1,6928.75,6928.25,-1.0,7.97,-0.063,entry,12.0
2018-02-01 09:47:00,2018-02-01 09:50:00,SHORT,1,6924.0,6936.0,-24.0,8.45,-1.42,entry,3.0
2018-02-01 09:51:00,2018-02-01 13:52:00,LONG,1,6940.0,6951.25,22.5,7.66,1.468,entry,241.0
2018-02-01 13:54:00,2018-02-01 15:59:00,SHORT,1,6945.5,6907.5,76.0,7.68,4.951,entry,125.0
2018-02-02 09:35:00,2018-02-02 09:39:00,LONG,1,6893.5,6880.5,-26.0,12.5,-1.04,entry,4.0
2018-02-02 09:43:00,2018-02-02 10:37:00,SHORT,1,6872.25,6856.25,32.0,9.51,1.683,entry,54.0
2018-02-02 10:40:00,2018-02-02 11:02:00,LONG,1,6858.25,6850.75,-15.0,8.16,-0.92,entry,22.0
2018-02-02 11:12:00,2018-02-02 11:16:00,LONG,1,6860.5,6851.25,-18.5,9.41,-0.983,entry,4.0
2018-02-02 11:20:00,2018-02-02 12:27:00,SHORT,1,6842.75,6849.75,-14.0,8.37,-0.836,entry,67.0
2018-02-02 12:29:00,2018-02-02 12:46:00,LONG,1,6858.0,6848.25,-19.5,9.83,-0.992,entry,17.0
2018-02-02 13:00:00,2018-02-02 15:59:00,SHORT,1,6837.75,6765.0,145.5,10.65,6.832,entry,179.0
2018-02-05 09:31:00,2018-02-05 09:43:00,LONG,1,6704.75,6709.0,8.5,9.37,0.454,entry,12.0
2018-02-05 09:45:00,2018-02-05 11:32:00,LONG,1,6721.5,6761.25,79.5,10.72,3.707,entry,107.0
2018-02-05 11:41:00,2018-02-05 15:59:00,SHORT,1,6753.5,6499.5,508.0,7.88,32.239,entry,258.0
2018-02-06 09:30:00,2018-02-06 09:31:00,SHORT,1,6377.5,6428.0,-101.0,9.58,-5.27,entry,1.0
2018-02-06 09:31:00,2018-02-06 10:15:00,LONG,1,6428.0,6521.75,187.5,31.51,2.975,reverse,44.0
2018-02-06 10:16:00,2018-02-06 10:48:00,SHORT,1,6495.0,6514.25,-38.5,28.35,-0.679,entry,32.0
2018-02-06 10:50:00,2018-02-06 10:52:00,SHORT,1,6485.75,6523.25,-75.0,22.46,-1.669,entry,2.0
2018-02-06 10:52:00,2018-02-06 10:58:00,LONG,1,6523.25,6502.0,-42.5,15.09,-1.408,reverse,6.0
2018-02-06 10:59:00,2018-02-06 11:51:00,SHORT,1,6495.25,6508.0,-25.5,13.07,-0.976,entry,52.0
2018-02-06 11:53:00,2018-02-06 11:58:00,LONG,1,6519.5,6498.5,-42.0,15.6,-1.346,entry,5.0
2018-02-06 12:06:00,2018-02-06 13:52:00,LONG,1,6522.75,6513.5,-18.5,18.66,-0.496,entry,106.0
2018-02-06 13:57:00,2018-02-06 14:03:00,SHORT,1,6501.75,6515.0,-26.5,13.14,-1.009,entry,6.0
2018-02-06 14:05:00,2018-02-06 14:11:00,SHORT,1,6503.75,6524.75,-42.0,11.08,-1.896,entry,6.0
2018-02-06 14:11:00,2018-02-06 14:15:00,LONG,1,6524.75,6512.5,-24.5,10.06,-1.218,reverse,4.0
2018-02-06 14:17:00,2018-02-06 14:32:00,SHORT,1,6500.75,6514.5,-27.5,13.97,-0.984,entry,15.0
2018-02-06 14:35:00,2018-02-06 15:59:00,LONG,1,6541.5,6666.25,249.5,27.22,4.584,entry,84.0
2018-02-07 09:36:00,2018-02-07 09:44:00,LONG,1,6651.25,6644.0,-14.5,11.82,-0.613,entry,8.0
2018-02-07 09:47:00,2018-02-07 09:52:00,SHORT,1,6630.0,6647.5,-35.0,15.05,-1.163,entry,5.0
2018-02-07 09:57:00,2018-02-07 10:31:00,LONG,1,6657.25,6655.75,-3.0,12.62,-0.119,entry,34.0
2018-02-07 10:47:00,2018-02-07 12:20:00,LONG,1,6672.5,6669.5,-6.0,14.89,-0.201,entry,93.0
2018-02-07 12:34:00,2018-02-07 15:40:00,SHORT,1,6660.5,6653.25,14.5,11.15,0.65,entry,186.0
2018-02-07 15:44:00,2018-02-07 15:59:00,SHORT,1,6641.5,6579.5,124.0,11.18,5.545,entry,15.0
2018-02-08 09:33:00,2018-02-08 09:38:00,SHORT,1,6582.25,6594.25,-24.0,12.45,-0.964,entry,5.0
2018-02-08 09:42:00,2018-02-08 09:56:00,SHORT,1,6572.75,6588.0,-30.5,16.17,-0.943,entry,14.0
2018-02-08 09:56:00,2018-02-08 09:59:00,LONG,1,6588.0,6567.75,-40.5,11.36,-1.783,reverse,3.0
2018-02-08 10:00:00,2018-02-08 10:08:00,SHORT,1,6553.75,6579.75,-52.0,22.21,-1.17,entry,8.0
2018-02-08 10:21:00,2018-02-08 15:59:00,SHORT,1,6560.75,6302.25,517.0,13.23,19.541,entry,338.0
2018-02-09 09:32:00,2018-02-09 09:34:00,LONG,1,6416.5,6399.75,-33.5,13.93,-1.203,entry,2.0
2018-02-09 09:37:00,2018-02-09 09:44:00,SHORT,1,6377.5,6394.25,-33.5,23.11,-0.725,entry,7.0
2018-02-09 09:47:00,2018-02-09 09:49:00,LONG,1,6408.5,6389.75,-37.5,18.53,-1.012,entry,2.0
2018-02-09 09:54:00,2018-02-09 10:04:00,LONG,1,6414.0,6380.0,-68.0,23.2,-1.466,entry,10.0
2018-02-09 10:04:00,2018-02-09 10:25:00,SHORT,1,6380.0,6393.75,-27.5,14.29,-0.962,reverse,21.0
2018-02-09 10:36:00,2018-02-09 14:02:00,SHORT,1,6376.25,6298.0,156.5,12.92,6.056,entry,206.0
2018-02-09 14:03:00,2018-02-09 14:05:00,LONG,1,6316.25,6289.0,-54.5,18.92,-1.44,entry,2.0
2018-02-09 14:07:00,2018-02-09 15:06:00,LONG,1,6314.0,6303.0,-22.0,16.59,-0.663,entry,59.0
2018-02-09 15:10:00,2018-02-09 15:12:00,SHORT,1,6290.75,6316.5,-51.5,13.5,-1.908,entry,2.0
2018-02-09 15:13:00,2018-02-09 15:59:00,LONG,1,6319.0,6409.5,181.0,14.74,6.139,entry,46.0
2018-02-12 09:41:00,2018-02-12 09:50:00,LONG,1,6503.5,6494.5,-18.0,13.67,-0.658,entry,9.0
2018-02-12 09:58:00,2018-02-12 10:03:00,SHORT,1,6480.0,6501.75,-43.5,14.22,-1.529,entry,5.0
2018-02-12 10:10:00,2018-02-12 11:00:00,SHORT,1,6477.25,6476.25,2.0,16.19,0.062,entry,50.0
2018-02-12 11:15:00,2018-02-12 15:59:00,LONG,1,6490.25,6525.25,70.0,14.38,2.434,entry,284.0
2018-02-13 09:37:00,2018-02-13 09:42:00,LONG,1,6510.25,6498.25,-24.0,15.72,-0.763,entry,5.0
2018-02-13 10:00:00,2018-02-13 11:05:00,LONG,1,6515.5,6511.25,-8.5,16.45,-0.258,entry,65.0
2018-02-13 11:24:00,2018-02-13 11:33:00,LONG,1,6529.75,6514.75,-30.0,15.19,-0.987,entry,9.0
2018-02-13 12:12:00,2018-02-13 12:26:00,LONG,1,6530.0,6515.25,-29.5,14.57,-1.012,entry,14.0
2018-02-13 13:18:00,2018-02-13 15:59:00,LONG,1,6532.5,6555.5,46.0,16.7,1.377,entry,161.0
2018-02-14 09:42:00,2018-02-14 09:59:00,LONG,1,6553.5,6546.0,-15.0,15.47,-0.485,entry,17.0
2018-02-14 10:06:00,2018-02-14 15:59:00,LONG,1,6565.75,6680.75,230.0,17.84,6.446,entry,353.0
2018-02-15 09:35:00,2018-02-15 09:38:00,SHORT,1,6704.25,6724.0,-39.5,16.92,-1.167,entry,3.0
2018-02-15 09:47:00,2018-02-15 10:10:00,LONG,1,6737.75,6729.5,-16.5,14.63,-0.564,entry,23.0
2018-02-15 10:26:00,2018-02-15 10:34:00,LONG,1,6749.5,6735.0,-29.0,14.95,-0.97,entry,8.0
2018-02-15 10:41:00,2018-02-15 11:22:00,SHORT,1,6719.5,6722.25,-5.5,15.5,-0.177,entry,41.0
2018-02-15 11:41:00,2018-02-15 15:59:00,LONG,1,6736.5,6802.0,131.0,14.01,4.676,entry,258.0
2018-02-16 09:36:00,2018-02-16 09:44:00,LONG,1,6810.0,6799.0,-22.0,14.54,-0.756,entry,8.0
2018-02-16 09:50:00,2018-02-16 09:59:00,LONG,1,6819.25,6805.25,-28.0,15.78,-0.887,entry,9.0
2018-02-16 10:07:00,2018-02-16 10:16:00,SHORT,1,6787.75,6811.0,-46.5,17.49,-1.329,entry,9.0
2018-02-16 10:28:00,2018-02-16 12:52:00,LONG,1,6819.75,6813.75,-12.0,14.02,-0.428,entry,144.0
2018-02-16 13:17:00,2018-02-16 15:59:00,SHORT,1,6801.0,6776.0,50.0,17.87,1.399,entry,162.0
2018-02-19 10:13:00,2018-02-19 10:41:00,SHORT,1,6770.25,6781.5,-22.5,16.41,-0.685,entry,28.0
2018-02-19 10:57:00,2018-02-19 11:30:00,SHORT,1,6764.75,6780.0,-30.5,15.65,-0.975,entry,33.0
2018-02-20 09:40:00,2018-02-20 10:35:00,LONG,1,6780.0,6783.25,6.5,13.11,0.248,entry,55.0
2018-02-20 10:46:00,2018-02-20 14:51:00,LONG,1,6799.25,6804.0,9.5,13.54,0.351,entry,245.0
2018-02-20 14:54:00,2018-02-20 15:59:00,SHORT,1,6794.0,6784.25,19.5,13.46,0.724,entry,65.0
2018-02-21 10:18:00,2018-02-21 12:08:00,LONG,1,6837.0,6832.75,-8.5,13.89,-0.306,entry,110.0
2018-02-21 13:30:00,2018-02-21 14:51:00,LONG,1,6847.75,6840.25,-15.0,13.36,-0.562,entry,81.0
2018-02-21 14:57:00,2018-02-21 15:00:00,LONG,1,6856.0,6840.25,-31.5,12.85,-1.226,entry,3.0
2018-02-21 15:02:00,2018-02-21 15:59:00,SHORT,1,6827.75,6763.0,129.5,15.3,4.233,entry,57.0
2018-02-22 09:57:00,2018-02-22 10:07:00,SHORT,1,6789.0,6808.0,-38.0,16.41,-1.158,entry,10.0
2018-02-22 10:26:00,2018-02-22 11:35:00,LONG,1,6817.25,6806.25,-22.0,14.55,-0.756,entry,69.0
2018-02-22 11:43:00,2018-02-22 12:30:00,LONG,1,6822.75,6808.75,-28.0,13.5,-1.037,entry,47.0
2018-02-22 12:45:00,2018-02-22 15:59:00,SHORT,1,6796.5,6767.25,58.5,13.95,2.097,entry,194.0
2018-02-23 10:18:00,2018-02-23 10:40:00,SHORT,1,6794.5,6810.25,-31.5,18.16,-0.867,entry,22.0
2018-02-23 11:00:00,2018-02-23 15:59:00,LONG,1,6823.0,6901.5,157.0,12.26,6.404,entry,299.0
2018-02-26 09:35:00,2018-02-26 10:14:00,LONG,1,6954.75,6953.75,-2.0,12.87,-0.078,entry,39.0
2018-02-26 10:34:00,2018-02-26 11:03:00,SHORT,1,6940.5,6952.0,-23.0,12.5,-0.92,entry,29.0
2018-02-26 11:31:00,2018-02-26 15:59:00,LONG,1,6964.5,6992.25,55.5,12.87,2.157,entry,268.0
2018-02-27 09:53:00,2018-02-27 10:06:00,SHORT,1,6977.0,6986.25,-18.5,13.3,-0.695,entry,13.0
2018-02-27 10:13:00,2018-02-27 10:38:00,LONG,1,6999.75,6990.25,-19.0,13.5,-0.704,entry,25.0
2018-02-27 10:46:00,2018-02-27 15:59:00,SHORT,1,6972.25,6905.0,134.5,16.59,4.055,entry,313.0
2018-02-28 09:57:00,2018-02-28 10:43:00,LONG,1,6954.75,6946.25,-17.0,14.85,-0.573,entry,46.0
2018-02-28 10:51:00,2018-02-28 12:46:00,SHORT,1,6932.5,6931.75,1.5,13.98,0.054,entry,115.0
2018-02-28 12:49:00,2018-02-28 14:45:00,LONG,1,6943.0,6932.75,-20.5,13.32,-0.77,entry,116.0
2018-02-28 14:59:00,2018-02-28 15:59:00,SHORT,1,6922.0,6861.25,121.5,12.59,4.824,entry,60.0
2018-03-01 09:31:00,2018-03-01 09:33:00,LONG,1,6885.5,6875.25,-20.5,12.16,-0.843,entry,2.0
2018-03-01 09:35:00,2018-03-01 10:04:00,SHORT,1,6863.5,6843.5,40.0,12.91,1.55,entry,29.0
2018-03-01 10:12:00,2018-03-01 10:17:00,SHORT,1,6824.0,6847.75,-47.5,15.58,-1.525,entry,5.0
2018-03-01 10:26:00,2018-03-01 10:56:00,LONG,1,6853.25,6850.0,-6.5,13.57,-0.24,entry,30.0
2018-03-01 10:59:00,2018-03-01 11:05:00,SHORT,1,6836.25,6849.75,-27.0,13.52,-0.999,entry,6.0
2018-03-01 11:12:00,2018-03-01 11:15:00,SHORT,1,6835.5,6854.75,-38.5,13.74,-1.401,entry,3.0
2018-03-01 11:20:00,2018-03-01 11:25:00,LONG,1,6861.75,6847.5,-28.5,12.42,-1.147,entry,5.0
2018-03-01 11:27:00,2018-03-01 11:34:00,SHORT,1,6836.5,6849.25,-25.5,12.94,-0.985,entry,7.0
2018-03-01 11:43:00,2018-03-01 12:02:00,LONG,1,6862.25,6848.75,-27.0,12.98,-1.04,entry,19.0
2018-03-01 12:08:00,2018-03-01 15:59:00,SHORT,1,6837.5,6753.0,169.0,12.84,6.579,entry,231.0
2018-03-02 09:33:00,2018-03-02 09:36:00,LONG,1,6703.25,6683.25,-40.0,14.94,-1.338,entry,3.0
2018-03-02 09:37:00,2018-03-02 09:41:00,SHORT,1,6671.75,6685.5,-27.5,16.62,-0.828,entry,4.0
2018-03-02 09:43:00,2018-03-02 09:52:00,SHORT,1,6660.75,6679.5,-37.5,22.78,-0.823,entry,9.0
2018-03-02 10:01:00,2018-03-02 10:08:00,LONG,1,6697.5,6677.5,-40.0,19.93,-1.003,entry,7.0
2018-03-02 10:13:00,2018-03-02 10:19:00,LONG,1,6692.75,6675.5,-34.5,13.36,-1.291,entry,6.0
2018-03-02 10:27:00,2018-03-02 15:59:00,LONG,1,6694.5,6811.75,234.5,14.35,8.168,entry,332.0
2018-03-05 09:42:00,2018-03-05 09:56:00,SHORT,1,6774.75,6785.75,-22.0,14.57,-0.755,entry,14.0
2018-03-05 10:01:00,2018-03-05 10:04:00,SHORT,1,6769.0,6783.75,-29.5,13.9,-1.061,entry,3.0
2018-03-05 10:09:00,2018-03-05 10:29:00,SHORT,1,6767.0,6778.5,-23.0,14.97,-0.768,entry,20.0
2018-03-05 10:37:00,2018-03-05 15:59:00,LONG,1,6791.75,6884.75,186.0,14.39,6.465,entry,322.0
2018-03-06 09:56:00,2018-03-06 10:08:00,LONG,1,6930.5,6914.25,-32.5,16.0,-1.016,entry,12.0
2018-03-06 10:25:00,2018-03-06 10:47:00,LONG,1,6932.75,6920.25,-25.0,15.09,-0.828,entry,22.0
2018-03-06 10:54:00,2018-03-06 12:43:00,SHORT,1,6903.0,6909.25,-12.5,16.52,-0.378,entry,109.0
2018-03-06 12:59:00,2018-03-06 13:47:00,LONG,1,6922.0,6903.5,-37.0,14.22,-1.301,entry,48.0
2018-03-06 14:49:00,2018-03-06 15:03:00,LONG,1,6921.75,6906.25,-31.0,13.36,-1.16,entry,14.0
2018-03-07 09:39:00,2018-03-07 09:47:00,LONG,1,6893.25,6882.0,-22.5,13.86,-0.812,entry,8.0
2018-03-07 10:24:00,2018-03-07 11:17:00,LONG,1,6897.0,6888.5,-17.0,13.9,-0.612,entry,53.0
2018-03-07 11:58:00,2018-03-07 12:48:00,SHORT,1,6876.25,6884.5,-16.5,14.1,-0.585,entry,50.0
2018-03-07 13:05:00,2018-03-07 13:26:00,SHORT,1,6867.25,6884.25,-34.0,16.95,-1.003,entry,21.0
2018-03-07 13:29:00,2018-03-07 15:59:00,LONG,1,6898.25,6930.0,63.5,14.68,2.162,entry,150.0
2018-03-08 10:04:00,2018-03-08 10:14:00,SHORT,1,6948.0,6959.5,-23.0,13.11,-0.877,entry,10.0
2018-03-08 10:37:00,2018-03-08 11:02:00,SHORT,1,6945.0,6957.75,-25.5,13.46,-0.947,entry,25.0
2018-03-08 11:17:00,2018-03-08 11:40:00,LONG,1,6971.0,6958.5,-25.0,13.54,-0.923,entry,23.0
2018-03-08 12:11:00,2018-03-08 12:28:00,SHORT,1,6945.0,6959.25,-28.5,13.45,-1.059,entry,17.0
2018-03-08 13:23:00,2018-03-08 14:39:00,SHORT,1,6945.25,6954.75,-19.0,12.36,-0.768,entry,76.0
2018-03-08 15:03:00,2018-03-08 15:40:00,LONG,1,6969.0,6955.5,-27.0,13.88,-0.973,entry,37.0
2018-03-08 15:45:00,2018-03-08 15:51:00,SHORT,1,6942.25,6959.25,-34.0,13.54,-1.255,entry,6.0
2018-03-09 10:07:00,2018-03-09 15:59:00,LONG,1,7057.75,7127.5,139.5,12.8,5.45,entry,352.0
2018-03-12 09:41:00,2018-03-12 10:36:00,LONG,1,7164.75,7161.75,-6.0,13.7,-0.219,entry,55.0
2018-03-12 11:08:00,2018-03-12 11:40:00,SHORT,1,7148.25,7160.0,-23.5,12.82,-0.917,entry,32.0
2018-03-12 12:01:00,2018-03-12 14:10:00,LONG,1,7170.5,7160.5,-20.0,11.92,-0.839,entry,129.0
2018-03-12 14:43:00,2018-03-12 15:00:00,SHORT,1,7149.5,7162.5,-26.0,13.07,-0.995,entry,17.0
2018-03-12 15:40:00,2018-03-12 15:59:00,LONG,1,7175.5,7159.25,-32.5,12.68,-1.281,entry,19.0
2018-03-13 10:02:00,2018-03-13 10:16:00,SHORT,1,7190.0,7203.0,-26.0,12.38,-1.05,entry,14.0
2018-03-13 10:30:00,2018-03-13 15:59:00,SHORT,1,7189.25,7071.25,236.0,11.87,9.943,entry,329.0
2018-03-14 09:40:00,2018-03-14 10:00:00,SHORT,1,7081.25,7095.0,-27.5,13.2,-1.042,entry,20.0
2018-03-14 10:01:00,2018-03-14 10:13:00,LONG,1,7102.5,7085.75,-33.5,12.37,-1.354,entry,12.0
2018-03-14 10:15:00,2018-03-14 10:31:00,SHORT,1,7078.25,7092.5,-28.5,13.21,-1.078,entry,16.0
2018-03-14 10:46:00,2018-03-14 10:57:00,LONG,1,7100.5,7087.25,-26.5,12.2,-1.086,entry,11.0
2018-03-14 11:13:00,2018-03-14 12:36:00,SHORT,1,7072.5,7079.25,-13.5,15.69,-0.43,entry,83.0
2018-03-14 13:12:00,2018-03-14 13:21:00,SHORT,1,7062.25,7075.25,-26.0,12.17,-1.068,entry,9.0
2018-03-14 13:39:00,2018-03-14 14:37:00,LONG,1,7087.0,7068.0,-38.0,12.62,-1.506,entry,58.0
2018-03-14 14:41:00,2018-03-14 15:59:00,SHORT,1,7064.0,7066.5,-5.0,12.47,-0.2,entry,78.0
2018-03-15 09:47:00,2018-03-15 09:55:00,SHORT,1,7046.0,7058.25,-24.5,12.14,-1.009,entry,8.0
2018-03-15 10:05:00,2018-03-15 10:19:00,LONG,1,7068.75,7056.75,-24.0,12.39,-0.969,entry,14.0
2018-03-15 10:28:00,2018-03-15 12:24:00,LONG,1,7070.75,7070.25,-1.0,11.88,-0.042,entry,116.0
2018-03-15 13:22:00,2018-03-15 15:59:00,SHORT,1,7056.5,7055.25,2.5,14.26,0.088,entry,157.0
2018-03-16 11:14:00,2018-03-16 15:59:00,SHORT,1,7063.25,7038.5,49.5,11.45,2.161,entry,285.0
2018-03-19 09:38:00,2018-03-19 09:39:00,SHORT,1,6945.75,6957.5,-23.5,11.45,-1.026,entry,1.0
2018-03-19 09:52:00,2018-03-19 09:57:00,LONG,1,6968.5,6955.75,-25.5,11.89,-1.072,entry,5.0
2018-03-19 10:10:00,2018-03-19 15:55:00,SHORT,1,6945.0,6882.0,126.0,11.39,5.531,entry,345.0
2018-03-20 09:40:00,2018-03-20 09:58:00,LONG,1,6904.25,6900.75,-7.0,11.81,-0.296,entry,18.0
2018-03-20 10:12:00,2018-03-20 10:28:00,SHORT,1,6886.25,6900.5,-28.5,14.22,-1.002,entry,16.0
2018-03-20 10:30:00,2018-03-20 10:44:00,LONG,1,6915.0,6899.5,-31.0,16.53,-0.938,entry,14.0
2018-03-20 11:42:00,2018-03-20 12:21:00,SHORT,1,6885.25,6896.25,-22.0,14.25,-0.772,entry,39.0
2018-03-20 12:31:00,2018-03-20 12:46:00,LONG,1,6911.0,6895.75,-30.5,15.16,-1.006,entry,15.0
2018-03-20 13:18:00,2018-03-20 14:16:00,SHORT,1,6884.0,6895.0,-22.0,12.1,-0.909,entry,58.0
2018-03-20 14:50:00,2018-03-20 15:59:00,LONG,1,6909.0,6905.75,-6.5,13.86,-0.234,entry,69.0
2018-03-21 09:55:00,2018-03-21 10:30:00,LONG,1,6900.5,6896.75,-7.5,11.43,-0.328,entry,35.0
2018-03-21 11:39:00,2018-03-21 14:27:00,LONG,1,6912.0,6907.5,-9.0,12.63,-0.356,entry,168.0
2018-03-21 14:32:00,2018-03-21 15:14:00,SHORT,1,6894.5,6905.0,-21.0,16.93,-0.62,entry,42.0
2018-03-21 15:25:00,2018-03-21 15:59:00,SHORT,1,6891.5,6870.75,41.5,11.18,1.855,entry,34.0
2018-03-22 09:36:00,2018-03-22 09:54:00,LONG,1,6791.25,6788.5,-5.5,12.67,-0.217,entry,18.0
2018-03-22 10:08:00,2018-03-22 10:30:00,LONG,1,6808.5,6796.5,-24.0,16.38,-0.733,entry,22.0
2018-03-22 10:33:00,2018-03-22 12:28:00,SHORT,1,6786.75,6770.75,32.0,11.28,1.419,entry,115.0
2018-03-22 12:36:00,2018-03-22 12:42:00,LONG,1,6783.75,6769.75,-28.0,13.62,-1.028,entry,6.0
2018-03-22 12:51:00,2018-03-22 12:56:00,LONG,1,6782.5,6765.75,-33.5,12.24,-1.368,entry,5.0
2018-03-22 13:00:00,2018-03-22 13:15:00,SHORT,1,6756.5,6771.0,-29.0,13.7,-1.059,entry,15.0
2018-03-22 13:24:00,2018-03-22 14:23:00,LONG,1,6780.75,6770.75,-20.0,11.29,-0.886,entry,59.0
2018-03-22 14:26:00,2018-03-22 14:37:00,SHORT,1,6760.25,6773.0,-25.5,12.37,-1.03,entry,11.0
2018-03-22 14:56:00,2018-03-22 15:59:00,SHORT,1,6758.0,6698.0,120.0,14.32,4.189,entry,63.0
2018-03-23 09:38:00,2018-03-23 09:55:00,SHORT,1,6696.0,6688.5,15.0,12.04,0.623,entry,17.0
2018-03-23 10:01:00,2018-03-23 10:05:00,LONG,1,6698.75,6676.75,-44.0,12.23,-1.799,entry,4.0
2018-03-23 10:06:00,2018-03-23 10:10:00,SHORT,1,6669.5,6691.5,-44.0,16.73,-1.315,entry,4.0
2018-03-23 10:19:00,2018-03-23 10:27:00,SHORT,1,6670.5,6685.0,-29.0,14.44,-1.004,entry,8.0
2018-03-23 10:34:00,2018-03-23 11:09:00,LONG,1,6697.25,6686.25,-22.0,13.24,-0.831,entry,35.0
2018-03-23 11:23:00,2018-03-23 13:24:00,SHORT,1,6675.75,6675.5,0.5,11.96,0.021,entry,121.0
2018-03-23 13:37:00,2018-03-23 13:50:00,SHORT,1,6656.5,6676.75,-40.5,14.52,-1.394,entry,13.0
2018-03-23 13:52:00,2018-03-23 14:07:00,LONG,1,6685.75,6669.25,-33.0,15.0,-1.1,entry,15.0
2018-03-23 14:11:00,2018-03-23 15:59:00,SHORT,1,6656.25,6520.25,272.0,15.02,9.052,entry,108.0
2018-03-26 10:11:00,2018-03-26 12:13:00,SHORT,1,6651.25,6631.0,40.5,16.58,1.221,entry,122.0
2018-03-26 12:25:00,2018-03-26 12:55:00,LONG,1,6641.75,6626.75,-30.0,12.86,-1.167,entry,30.0
2018-03-26 13:02:00,2018-03-26 15:59:00,LONG,1,6642.75,6771.25,257.0,12.87,9.984,entry,177.0
2018-03-27 09:45:00,2018-03-27 09:56:00,SHORT,1,6783.25,6797.5,-28.5,15.81,-0.902,entry,11.0
2018-03-27 10:05:00,2018-03-27 10:09:00,LONG,1,6811.0,6791.25,-39.5,15.45,-1.278,entry,4.0
2018-03-27 10:10:00,2018-03-27 10:41:00,SHORT,1,6780.75,6788.25,-15.0,14.68,-0.511,entry,31.0
2018-03-27 10:53:00,2018-03-27 11:38:00,SHORT,1,6767.75,6780.25,-25.0,18.47,-0.677,entry,45.0
2018-03-27 11:47:00,2018-03-27 12:07:00,LONG,1,6794.0,6772.75,-42.5,13.43,-1.582,entry,20.0
2018-03-27 12:21:00,2018-03-27 15:59:00,SHORT,1,6767.5,6543.75,447.5,13.52,16.553,entry,218.0
2018-03-28 09:32:00,2018-03-28 09:34:00,LONG,1,6532.0,6521.0,-22.0,15.17,-0.725,entry,2.0
2018-03-28 09:36:00,2018-03-28 09:47:00,SHORT,1,6502.0,6489.25,25.5,18.59,0.686,entry,11.0
2018-03-28 09:49:00,2018-03-28 10:16:00,LONG,1,6507.25,6504.0,-6.5,18.82,-0.173,entry,27.0
2018-03-28 10:22:00,2018-03-28 10:31:00,SHORT,1,6490.0,6510.0,-40.0,15.05,-1.329,entry,9.0
2018-03-28 10:34:00,2018-03-28 11:10:00,SHORT,1,6485.25,6493.5,-16.5,17.83,-0.463,entry,36.0
2018-03-28 11:13:00,2018-03-28 11:41:00,SHORT,1,6473.25,6498.0,-49.5,16.9,-1.464,entry,28.0
2018-03-28 11:43:00,2018-03-28 11:54:00,LONG,1,6510.75,6474.25,-73.0,24.83,-1.47,entry,11.0
2018-03-28 11:57:00,2018-03-28 12:04:00,LONG,1,6504.25,6483.0,-42.5,17.78,-1.195,entry,7.0
2018-03-28 12:08:00,2018-03-28 12:56:00,LONG,1,6502.0,6493.25,-17.5,15.09,-0.58,entry,48.0
2018-03-28 13:00:00,2018-03-28 13:05:00,SHORT,1,6472.25,6495.75,-47.0,22.83,-1.029,entry,5.0
2018-03-28 13:17:00,2018-03-28 13:21:00,SHORT,1,6479.0,6503.75,-49.5,15.83,-1.563,entry,4.0
2018-03-28 13:23:00,2018-03-28 13:33:00,LONG,1,6512.0,6486.75,-50.5,17.18,-1.47,entry,10.0
2018-03-28 13:43:00,2018-03-28 14:03:00,LONG,1,6519.0,6495.25,-47.5,23.68,-1.003,entry,20.0
2018-03-28 14:20:00,2018-03-28 14:27:00,LONG,1,6514.5,6490.5,-48.0,18.01,-1.332,entry,7.0
2018-03-28 14:31:00,2018-03-28 14:37:00,SHORT,1,6481.25,6501.25,-40.0,15.27,-1.31,entry,6.0
2018-03-28 14:38:00,2018-03-28 14:45:00,LONG,1,6516.75,6492.0,-49.5,20.27,-1.221,entry,7.0
2018-03-28 14:58:00,2018-03-28 15:30:00,SHORT,1,6481.75,6499.5,-35.5,15.02,-1.182,entry,32.0
2018-03-28 15:38:00,2018-03-28 15:44:00,LONG,1,6515.0,6488.0,-54.0,20.09,-1.344,entry,6.0
2018-03-28 15:58:00,2018-03-28 15:59:00,SHORT,1,6476.5,6471.0,11.0,18.34,0.3,entry,1.0
2018-03-29 09:37:00,2018-03-29 10:05:00,SHORT,1,6488.75,6482.0,13.5,16.05,0.421,entry,28.0
2018-03-29 10:25:00,2018-03-29 15:59:00,LONG,1,6495.25,6589.5,188.5,15.93,5.918,entry,334.0
2018-04-02 09:37:00,2018-04-02 09:42:00,LONG,1,6563.5,6546.5,-34.0,16.4,-1.037,entry,5.0
2018-04-02 09:45:00,2018-04-02 15:59:00,SHORT,1,6526.25,6399.5,253.5,21.54,5.885,entry,374.0
2018-04-03 09:40:00,2018-04-03 09:44:00,LONG,1,6467.0,6444.0,-46.0,17.2,-1.337,entry,4.0
2018-04-03 09:50:00,2018-04-03 10:45:00,SHORT,1,6428.25,6415.5,25.5,21.49,0.593,entry,55.0
2018-04-03 10:56:00,2018-04-03 11:49:00,LONG,1,6425.0,6410.75,-28.5,17.68,-0.806,entry,53.0
2018-04-03 11:50:00,2018-04-03 13:20:00,SHORT,1,6403.25,6418.75,-31.0,17.1,-0.907,entry,90.0
2018-04-03 13:26:00,2018-04-03 13:39:00,LONG,1,6433.75,6415.75,-36.0,17.56,-1.025,entry,13.0
2018-04-03 14:16:00,2018-04-03 14:47:00,SHORT,1,6396.25,6415.75,-39.0,20.35,-0.958,entry,31.0
2018-04-03 14:55:00,2018-04-03 15:59:00,LONG,1,6438.0,6469.0,62.0,22.72,1.364,entry,64.0
2018-04-04 09:34:00,2018-04-04 09:40:00,LONG,1,6386.25,6372.5,-27.5,20.8,-0.661,entry,6.0
2018-04-04 09:43:00,2018-04-04 09:46:00,LONG,1,6393.5,6374.75,-37.5,16.36,-1.146,entry,3.0
2018-04-04 09:58:00,2018-04-04 10:01:00,LONG,1,6395.5,6372.25,-46.5,16.09,-1.445,entry,3.0
2018-04-04 10:10:00,2018-04-04 10:20:00,LONG,1,6402.5,6378.25,-48.5,21.67,-1.119,entry,10.0
2018-04-04 10:35:00,2018-04-04 10:45:00,SHORT,1,6366.75,6387.5,-41.5,17.05,-1.217,entry,10.0
2018-04-04 10:47:00,2018-04-04 15:59:00,LONG,1,6404.0,6568.75,329.5,20.33,8.104,entry,312.0
2018-04-05 09:39:00,2018-04-05 09:57:00,SHORT,1,6611.0,6616.75,-11.5,18.39,-0.313,entry,18.0
2018-04-05 10:22:00,2018-04-05 10:56:00,SHORT,1,6598.25,6612.75,-29.0,17.05,-0.85,entry,34.0
2018-04-05 11:06:00,2018-04-05 12:15:00,LONG,1,6628.5,6614.25,-28.5,17.06,-0.836,entry,69.0
2018-04-05 13:21:00,2018-04-05 14:45:00,SHORT,1,6595.5,6614.0,-37.0,20.96,-0.883,entry,84.0
2018-04-05 15:09:00,2018-04-05 15:33:00,LONG,1,6628.5,6607.0,-43.0,19.1,-1.126,entry,24.0
2018-04-06 09:35:00,2018-04-06 09:47:00,LONG,1,6563.5,6559.5,-8.0,16.3,-0.245,entry,12.0
2018-04-06 09:49:00,2018-04-06 10:05:00,LONG,1,6580.0,6569.25,-21.5,17.24,-0.624,entry,16.0
2018-04-06 10:34:00,2018-04-06 11:40:00,SHORT,1,6552.75,6557.5,-9.5,18.03,-0.263,entry,66.0
2018-04-06 11:48:00,2018-04-06 11:57:00,SHORT,1,6536.75,6554.75,-36.0,17.27,-1.042,entry,9.0
2018-04-06 12:13:00,2018-04-06 12:56:00,SHORT,1,6535.5,6551.0,-31.0,17.85,-0.868,entry,43.0
2018-04-06 13:06:00,2018-04-06 15:59:00,SHORT,1,6529.0,6443.0,172.0,21.09,4.079,entry,173.0
2018-04-09 09:47:00,2018-04-09 14:37:00,LONG,1,6516.25,6563.75,95.0,17.33,2.74,entry,290.0
2018-04-09 15:14:00,2018-04-09 15:59:00,SHORT,1,6544.5,6483.25,122.5,19.49,3.142,entry,45.0
2018-04-10 09:43:00,2018-04-10 09:49:00,SHORT,1,6558.75,6572.5,-27.5,17.91,-0.768,entry,6.0
2018-04-10 09:53:00,2018-04-10 10:04:00,SHORT,1,6554.0,6570.0,-32.0,17.18,-0.931,entry,11.0
2018-04-10 10:24:00,2018-04-10 11:45:00,LONG,1,6584.75,6575.75,-18.0,16.45,-0.547,entry,81.0
2018-04-10 12:25:00,2018-04-10 12:49:00,SHORT,1,6558.25,6584.75,-53.0,24.52,-1.081,entry,24.0
2018-04-10 13:32:00,2018-04-10 15:59:00,LONG,1,6601.25,6626.5,50.5,20.05,1.259,entry,147.0
2018-04-11 10:24:00,2018-04-11 10:59:00,LONG,1,6623.25,6610.5,-25.5,17.89,-0.713,entry,35.0
2018-04-11 11:41:00,2018-04-11 12:53:00,LONG,1,6633.75,6620.0,-27.5,21.21,-0.648,entry,72.0
2018-04-11 13:21:00,2018-04-11 13:32:00,LONG,1,6639.25,6613.0,-52.5,18.49,-1.42,entry,11.0
2018-04-11 14:00:00,2018-04-11 14:08:00,LONG,1,6638.0,6618.0,-40.0,16.75,-1.194,entry,8.0
2018-04-11 15:09:00,2018-04-11 15:59:00,SHORT,1,6601.25,6594.5,13.5,20.26,0.333,entry,50.0
2018-04-12 09:43:00,2018-04-12 11:06:00,LONG,1,6656.5,6665.5,18.0,16.23,0.555,entry,83.0
2018-04-12 11:23:00,2018-04-12 11:46:00,LONG,1,6683.0,6667.25,-31.5,16.11,-0.978,entry,23.0
2018-04-12 12:52:00,2018-04-12 13:15:00,LONG,1,6685.25,6665.75,-39.0,17.11,-1.14,entry,23.0
2018-04-12 13:27:00,2018-04-12 14:15:00,SHORT,1,6647.25,6667.75,-41.0,21.13,-0.97,entry,48.0
2018-04-12 15:20:00,2018-04-12 15:58:00,LONG,1,6684.25,6668.0,-32.5,17.3,-0.939,entry,38.0
2018-04-13 09:55:00,2018-04-13 13:08:00,SHORT,1,6683.5,6662.75,41.5,17.0,1.221,entry,193.0
2018-04-13 14:56:00,2018-04-13 15:59:00,SHORT,1,6647.0,6635.25,23.5,15.71,0.748,entry,63.0
2018-04-16 09:42:00,2018-04-16 10:02:00,SHORT,1,6654.75,6663.75,-18.0,15.41,-0.584,entry,20.0
2018-04-16 10:28:00,2018-04-16 10:48:00,LONG,1,6680.5,6665.75,-29.5,16.19,-0.911,entry,20.0
2018-04-16 11:14:00,2018-04-16 11:36:00,SHORT,1,6648.0,6666.0,-36.0,17.18,-1.048,entry,22.0
2018-04-16 12:12:00,2018-04-16 15:21:00,LONG,1,6682.0,6674.5,-15.0,17.12,-0.438,entry,189.0
2018-04-16 15:43:00,2018-04-16 15:59:00,LONG,1,6692.75,6683.25,-19.0,16.91,-0.562,entry,16.0
2018-04-17 09:45:00,2018-04-17 15:59:00,LONG,1,6768.5,6826.25,115.5,15.77,3.661,entry,374.0
2018-04-18 10:06:00,2018-04-18 10:29:00,SHORT,1,6810.75,6820.5,-19.5,14.66,-0.665,entry,23.0
2018-04-18 10:59:00,2018-04-18 15:59:00,LONG,1,6838.0,6842.5,9.0,15.53,0.29,entry,300.0
2018-04-19 10:16:00,2018-04-19 10:30:00,LONG,1,6818.25,6801.0,-34.5,15.92,-1.084,entry,14.0
2018-04-19 10:55:00,2018-04-19 15:19:00,SHORT,1,6786.5,6786.25,0.5,16.89,0.015,entry,264.0
2018-04-20 09:52:00,2018-04-20 10:28:00,SHORT,1,6726.75,6735.5,-17.5,15.77,-0.555,entry,36.0
2018-04-20 10:49:00,2018-04-20 15:59:00,SHORT,1,6716.75,6673.0,87.5,16.3,2.684,entry,310.0
2018-04-23 09:43:00,2018-04-23 10:11:00,SHORT,1,6681.25,6683.25,-4.0,13.7,-0.146,entry,28.0
2018-04-23 10:46:00,2018-04-23 12:19:00,LONG,1,6702.0,6693.25,-17.5,17.54,-0.499,entry,93.0
2018-04-23 12:44:00,2018-04-23 15:59:00,SHORT,1,6678.5,6653.75,49.5,16.28,1.52,entry,195.0
2018-04-24 09:51:00,2018-04-24 15:59:00,SHORT,1,6666.25,6512.75,307.0,15.92,9.644,entry,368.0
2018-04-25 09:36:00,2018-04-25 10:25:00,SHORT,1,6498.75,6472.5,52.5,16.19,1.621,entry,49.0
2018-04-25 10:32:00,2018-04-25 12:07:00,LONG,1,6488.0,6487.5,-1.0,19.15,-0.026,entry,95.0
2018-04-25 12:15:00,2018-04-25 14:23:00,LONG,1,6504.25,6493.75,-21.0,15.6,-0.673,entry,128.0
2018-04-25 14:35:00,2018-04-25 15:59:00,LONG,1,6513.25,6522.25,18.0,17.7,0.509,entry,84.0
2018-04-26 09:36:00,2018-04-26 09:43:00,SHORT,1,6585.75,6599.5,-27.5,15.27,-0.9,entry,7.0
2018-04-26 10:03:00,2018-04-26 11:52:00,LONG,1,6616.5,6618.0,3.0,17.77,0.084,entry,109.0
2018-04-26 12:17:00,2018-04-26 15:59:00,LONG,1,6635.25,6655.25,40.0,14.61,1.369,entry,222.0
2018-04-27 09:36:00,2018-04-27 15:59:00,SHORT,1,6722.0,6661.75,120.5,17.71,3.403,entry,383.0
2018-04-30 09:42:00,2018-04-30 10:23:00,LONG,1,6698.0,6695.75,-4.5,15.41,-0.146,entry,41.0
2018-04-30 11:19:00,2018-04-30 15:59:00,SHORT,1,6680.75,6610.75,140.0,15.07,4.646,entry,280.0
2018-05-01 09:51:00,2018-05-01 10:07:00,LONG,1,6607.75,6598.5,-18.5,14.48,-0.639,entry,16.0
2018-05-01 10:13:00,2018-05-01 10:59:00,LONG,1,6616.75,6608.0,-17.5,16.97,-0.516,entry,46.0
2018-05-01 11:03:00,2018-05-01 11:15:00,SHORT,1,6592.25,6608.25,-32.0,16.38,-0.977,entry,12.0
2018-05-01 13:06:00,2018-05-01 13:42:00,SHORT,1,6593.0,6608.75,-31.5,15.36,-1.025,entry,36.0
2018-05-01 13:47:00,2018-05-01 15:59:00,LONG,1,6623.25,6685.0,123.5,15.22,4.057,entry,132.0
2018-05-02 09:37:00,2018-05-02 09:44:00,SHORT,1,6666.75,6683.75,-34.0,16.06,-1.059,entry,7.0
2018-05-02 09:52:00,2018-05-02 10:31:00,LONG,1,6694.75,6686.75,-16.0,14.34,-0.558,entry,39.0
2018-05-02 11:43:00,2018-05-02 13:02:00,SHORT,1,6666.5,6683.75,-34.5,20.26,-0.851,entry,79.0
2018-05-02 14:02:00,2018-05-02 14:53:00,LONG,1,6697.25,6683.75,-27.0,16.25,-0.831,entry,51.0
2018-05-02 15:22:00,2018-05-02 15:59:00,SHORT,1,6667.25,6647.0,40.5,17.67,1.146,entry,37.0
2018-05-03 09:40:00,2018-05-03 09:47:00,SHORT,1,6593.5,6611.25,-35.5,14.83,-1.197,entry,7.0
2018-05-03 09:51:00,2018-05-03 10:12:00,LONG,1,6621.75,6614.25,-15.0,14.88,-0.504,entry,21.0
2018-05-03 10:19:00,2018-05-03 11:53:00,SHORT,1,6600.0,6583.25,33.5,14.07,1.191,entry,94.0
2018-05-03 12:24:00,2018-05-03 12:36:00,SHORT,1,6566.5,6589.25,-45.5,16.44,-1.384,entry,12.0
2018-05-03 12:38:00,2018-05-03 15:59:00,LONG,1,6598.25,6644.75,93.0,15.46,3.008,entry,201.0
2018-05-04 09:35:00,2018-05-04 15:59:00,LONG,1,6638.75,6772.75,268.0,15.93,8.41,entry,384.0
2018-05-07 09:41:00,2018-05-07 10:06:00,LONG,1,6833.75,6825.0,-17.5,17.65,-0.496,entry,25.0
2018-05-07 10:31:00,2018-05-07 10:36:00,LONG,1,6843.0,6827.75,-30.5,15.52,-0.982,entry,5.0
2018-05-07 11:15:00,2018-05-07 12:47:00,LONG,1,6843.75,6829.0,-29.5,14.61,-1.01,entry,92.0
2018-05-07 14:28:00,2018-05-07 14:51:00,LONG,1,6846.25,6829.5,-33.5,13.88,-1.207,entry,23.0
2018-05-07 15:13:00,2018-05-07 15:59:00,SHORT,1,6816.75,6826.75,-20.0,16.01,-0.625,entry,46.0
2018-05-08 09:45:00,2018-05-08 10:07:00,SHORT,1,6794.25,6802.0,-15.5,14.1,-0.55,entry,22.0
2018-05-08 10:34:00,2018-05-08 10:59:00,LONG,1,6814.75,6802.0,-25.5,13.37,-0.953,entry,25.0
2018-05-08 11:13:00,2018-05-08 11:38:00,LONG,1,6817.25,6800.25,-34.0,14.01,-1.214,entry,25.0
2018-05-08 12:54:00,2018-05-08 13:26:00,SHORT,1,6791.0,6805.5,-29.0,14.87,-0.975,entry,32.0
2018-05-08 14:26:00,2018-05-08 14:31:00,LONG,1,6822.0,6804.0,-36.0,17.24,-1.044,entry,5.0
2018-05-08 14:39:00,2018-05-08 15:11:00,SHORT,1,6789.0,6804.25,-30.5,15.61,-0.977,entry,32.0
2018-05-09 10:00:00,2018-05-09 10:08:00,SHORT,1,6818.75,6834.0,-30.5,13.93,-1.095,entry,8.0
2018-05-09 10:54:00,2018-05-09 11:20:00,SHORT,1,6816.0,6829.25,-26.5,15.82,-0.838,entry,26.0
2018-05-09 12:21:00,2018-05-09 15:59:00,LONG,1,6845.0,6895.25,100.5,15.29,3.287,entry,218.0
2018-05-10 10:42:00,2018-05-10 14:40:00,LONG,1,6939.0,6938.5,-1.0,14.47,-0.035,entry,238.0
2018-05-10 14:52:00,2018-05-10 15:59:00,LONG,1,6955.5,6967.5,24.0,14.86,0.808,entry,67.0
2018-05-11 10:10:00,2018-05-11 11:20:00,LONG,1,6968.5,6957.75,-21.5,15.13,-0.711,entry,70.0
2018-05-11 12:15:00,2018-05-11 15:35:00,SHORT,1,6945.0,6953.0,-16.0,13.92,-0.575,entry,200.0
2018-05-14 09:44:00,2018-05-14 10:05:00,LONG,1,6998.25,6986.0,-24.5,13.55,-0.904,entry,21.0
2018-05-14 10:13:00,2018-05-14 11:27:00,LONG,1,7002.25,6995.25,-14.0,12.58,-0.556,entry,74.0
2018-05-14 12:58:00,2018-05-14 15:59:00,SHORT,1,6982.0,6969.25,25.5,12.99,0.982,entry,181.0
2018-05-15 09:35:00,2018-05-15 10:14:00,SHORT,1,6888.5,6884.5,8.0,11.97,0.334,entry,39.0
2018-05-15 10:33:00,2018-05-15 10:54:00,LONG,1,6897.25,6886.0,-22.5,12.93,-0.87,entry,21.0
2018-05-15 11:10:00,2018-05-15 11:47:00,SHORT,1,6870.5,6886.25,-31.5,15.28,-1.031,entry,37.0
2018-05-15 12:02:00,2018-05-15 12:45:00,SHORT,1,6872.5,6888.5,-32.0,11.67,-1.371,entry,43.0
2018-05-15 13:42:00,2018-05-15 14:31:00,SHORT,1,6871.25,6883.25,-24.0,11.23,-1.068,entry,49.0
2018-05-15 15:17:00,2018-05-15 15:50:00,SHORT,1,6868.75,6885.25,-33.0,11.67,-1.414,entry,33.0
2018-05-16 09:51:00,2018-05-16 11:03:00,LONG,1,6917.75,6914.25,-7.0,11.74,-0.298,entry,72.0
2018-05-16 11:59:00,2018-05-16 15:48:00,LONG,1,6928.25,6925.5,-5.5,12.01,-0.229,entry,229.0
2018-05-17 10:05:00,2018-05-17 12:06:00,LONG,1,6930.25,6933.5,6.5,12.87,0.253,entry,121.0
2018-05-17 12:41:00,2018-05-17 15:59:00,SHORT,1,6923.0,6907.5,31.0,12.08,1.283,entry,198.0
2018-05-18 10:02:00,2018-05-18 10:19:00,SHORT,1,6870.5,6881.25,-21.5,12.87,-0.835,entry,17.0
2018-05-18 10:35:00,2018-05-18 10:46:00,SHORT,1,6864.25,6884.25,-40.0,17.13,-1.167,entry,11.0
2018-05-18 11:07:00,2018-05-18 12:38:00,LONG,1,6892.75,6884.75,-16.0,12.67,-0.631,entry,91.0
2018-05-21 09:32:00,2018-05-21 09:53:00,LONG,1,6947.25,6943.25,-8.0,10.56,-0.379,entry,21.0
2018-05-21 10:24:00,2018-05-21 10:32:00,SHORT,1,6933.25,6944.75,-23.0,11.65,-0.987,entry,8.0
2018-05-21 11:06:00,2018-05-21 15:59:00,SHORT,1,6932.5,6912.0,41.0,11.2,1.831,entry,293.0
2018-05-22 09:56:00,2018-05-22 14:05:00,SHORT,1,6931.75,6923.5,16.5,12.33,0.669,entry,249.0
2018-05-22 15:30:00,2018-05-22 15:59:00,SHORT,1,6911.25,6900.75,21.0,11.34,0.926,entry,29.0
2018-05-23 09:40:00,2018-05-23 10:42:00,LONG,1,6870.5,6874.25,7.5,10.38,0.361,entry,62.0
2018-05-23 10:51:00,2018-05-23 11:01:00,SHORT,1,6863.5,6874.75,-22.5,10.65,-1.056,entry,10.0
2018-05-23 11:24:00,2018-05-23 15:59:00,LONG,1,6885.75,6960.0,148.5,11.87,6.256,entry,275.0
2018-05-24 09:45:00,2018-05-24 11:44:00,SHORT,1,6939.0,6925.25,27.5,17.37,0.791,entry,119.0
2018-05-24 11:59:00,2018-05-24 15:59:00,LONG,1,6935.75,6954.25,37.0,13.0,1.423,entry,240.0
2018-05-25 09:34:00,2018-05-25 09:38:00,SHORT,1,6945.5,6957.25,-23.5,13.29,-0.884,entry,4.0
2018-05-25 09:49:00,2018-05-25 12:10:00,LONG,1,6966.5,6969.0,5.0,10.16,0.246,entry,141.0
2018-05-25 13:56:00,2018-05-25 15:59:00,SHORT,1,6961.5,6963.5,-4.0,10.27,-0.195,entry,123.0
2018-05-28 10:36:00,2018-05-28 11:45:00,LONG,1,6991.0,6984.5,-13.0,9.84,-0.661,entry,69.0
2018-05-28 12:30:00,2018-05-28 12:59:00,LONG,1,6996.75,6992.5,-8.5,9.85,-0.431,entry,29.0
2018-05-29 09:42:00,2018-05-29 10:30:00,LONG,1,6944.25,6943.5,-1.5,13.78,-0.054,entry,48.0
2018-05-29 10:41:00,2018-05-29 11:00:00,LONG,1,6958.5,6948.0,-21.0,12.14,-0.865,entry,19.0
2018-05-29 11:39:00,2018-05-29 15:45:00,SHORT,1,6935.5,6931.25,8.5,12.22,0.348,entry,246.0
2018-05-30 09:54:00,2018-05-30 10:11:00,SHORT,1,6950.5,6960.75,-20.5,9.24,-1.109,entry,17.0
2018-05-30 10:35:00,2018-05-30 15:59:00,LONG,1,6967.25,6981.5,28.5,9.77,1.459,entry,324.0
2018-05-31 09:39:00,2018-05-31 09:44:00,LONG,1,6992.75,6984.0,-17.5,9.41,-0.93,entry,5.0
2018-05-31 09:54:00,2018-05-31 10:05:00,LONG,1,6995.75,6986.75,-18.0,9.54,-0.943,entry,11.0
2018-05-31 10:47:00,2018-05-31 11:26:00,SHORT,1,6978.0,6983.0,-10.0,9.91,-0.505,entry,39.0
2018-05-31 11:29:00,2018-05-31 12:40:00,LONG,1,6992.0,6989.25,-5.5,9.27,-0.297,entry,71.0
2018-05-31 12:49:00,2018-05-31 13:34:00,LONG,1,7002.25,6988.25,-28.0,12.14,-1.153,entry,45.0
2018-05-31 13:57:00,2018-05-31 15:59:00,SHORT,1,6978.25,6977.0,2.5,12.2,0.102,entry,122.0
2018-06-01 09:35:00,2018-06-01 10:15:00,LONG,1,7031.5,7026.25,-10.5,13.26,-0.396,entry,40.0
2018-06-01 10:20:00,2018-06-01 15:59:00,LONG,1,7045.5,7086.25,81.5,15.62,2.608,entry,339.0
2018-06-04 09:42:00,2018-06-04 09:56:00,LONG,1,7123.75,7117.75,-12.0,9.11,-0.659,entry,14.0
2018-06-04 10:08:00,2018-06-04 10:20:00,SHORT,1,7108.25,7117.5,-18.5,9.49,-0.975,entry,12.0
2018-06-04 10:33:00,2018-06-04 10:42:00,SHORT,1,7106.75,7118.0,-22.5,9.49,-1.186,entry,9.0
2018-06-04 11:00:00,2018-06-04 11:13:00,LONG,1,7128.75,7116.0,-25.5,11.97,-1.065,entry,13.0
2018-06-04 11:49:00,2018-06-04 15:59:00,LONG,1,7127.75,7147.0,38.5,9.65,1.995,entry,250.0
2018-06-05 09:59:00,2018-06-05 10:35:00,LONG,1,7173.5,7167.5,-12.0,9.18,-0.653,entry,36.0
2018-06-05 11:07:00,2018-06-05 13:15:00,SHORT,1,7160.0,7163.0,-6.0,10.01,-0.3,entry,128.0
2018-06-05 14:46:00,2018-06-05 15:24:00,LONG,1,7171.0,7160.5,-21.0,8.79,-1.195,entry,38.0
2018-06-05 15:49:00,2018-06-05 15:59:00,LONG,1,7172.25,7170.75,-3.0,9.44,-0.159,entry,10.0
2018-06-06 09:58:00,2018-06-06 11:00:00,SHORT,1,7165.25,7169.25,-8.0,13.29,-0.301,entry,62.0
2018-06-06 11:14:00,2018-06-06 13:21:00,LONG,1,7173.25,7169.5,-7.5,9.17,-0.409,entry,127.0
2018-06-06 13:38:00,2018-06-06 15:59:00,LONG,1,7179.25,7211.75,65.0,8.82,3.683,entry,141.0
2018-06-07 09:36:00,2018-06-07 09:44:00,SHORT,1,7194.5,7203.0,-17.0,8.42,-1.01,entry,8.0
2018-06-07 10:07:00,2018-06-07 14:51:00,SHORT,1,7190.25,7159.5,61.5,11.12,2.766,entry,284.0
2018-06-07 14:57:00,2018-06-07 15:27:00,SHORT,1,7148.75,7161.0,-24.5,9.43,-1.299,entry,30.0
2018-06-07 15:48:00,2018-06-07 15:50:00,SHORT,1,7147.5,7157.75,-20.5,10.22,-1.003,entry,2.0
2018-06-08 09:53:00,2018-06-08 10:17:00,LONG,1,7156.5,7149.0,-15.0,10.46,-0.717,entry,24.0
2018-06-08 10:21:00,2018-06-08 10:28:00,LONG,1,7159.75,7142.25,-35.0,10.45,-1.674,entry,7.0
2018-06-08 10:31:00,2018-06-08 10:54:00,SHORT,1,7139.75,7147.5,-15.5,9.37,-0.827,entry,23.0
2018-06-08 11:07:00,2018-06-08 15:59:00,LONG,1,7157.75,7176.0,36.5,11.1,1.645,entry,292.0
2018-06-11 09:41:00,2018-06-11 10:04:00,LONG,1,7188.0,7183.25,-9.5,9.56,-0.497,entry,23.0
2018-06-11 10:29:00,2018-06-11 10:56:00,SHORT,1,7175.25,7182.5,-14.5,8.45,-0.858,entry,27.0
2018-06-11 11:26:00,2018-06-11 15:59:00,LONG,1,7191.0,7193.0,4.0,8.38,0.239,entry,273.0
2018-06-12 09:58:00,2018-06-12 10:08:00,SHORT,1,7200.75,7210.25,-19.0,10.01,-0.949,entry,10.0
2018-06-12 11:06:00,2018-06-12 11:13:00,LONG,1,7220.25,7210.0,-20.5,9.97,-1.028,entry,7.0
2018-06-12 11:37:00,2018-06-12 14:28:00,LONG,1,7219.25,7212.75,-13.0,8.09,-0.803,entry,171.0
2018-06-12 14:52:00,2018-06-12 15:14:00,SHORT,1,7209.75,7218.5,-17.5,8.91,-0.982,entry,22.0
2018-06-12 15:50:00,2018-06-12 15:59:00,LONG,1,7232.0,7236.25,8.5,13.29,0.32,entry,9.0
2018-06-13 10:07:00,2018-06-13 13:13:00,LONG,1,7258.75,7265.25,13.0,8.86,0.734,entry,186.0
2018-06-13 13:40:00,2018-06-13 14:02:00,LONG,1,7274.0,7265.75,-16.5,8.02,-1.029,entry,22.0
2018-06-13 14:04:00,2018-06-13 14:59:00,SHORT,1,7253.5,7258.5,-10.0,12.65,-0.395,entry,55.0
2018-06-13 15:01:00,2018-06-13 15:27:00,LONG,1,7266.0,7253.75,-24.5,8.65,-1.417,entry,26.0
2018-06-13 15:28:00,2018-06-13 15:59:00,SHORT,1,7244.5,7230.75,27.5,13.51,1.018,entry,31.0
2018-06-14 09:34:00,2018-06-14 09:49:00,LONG,1,7279.5,7276.75,-5.5,8.58,-0.32,entry,15.0
2018-06-14 09:55:00,2018-06-14 10:00:00,SHORT,1,7266.75,7283.75,-34.0,10.68,-1.592,entry,5.0
2018-06-14 10:01:00,2018-06-14 10:56:00,LONG,1,7290.75,7285.75,-10.0,12.97,-0.386,entry,55.0
2018-06-14 11:00:00,2018-06-14 11:09:00,SHORT,1,7276.0,7287.0,-22.0,11.15,-0.986,entry,9.0
2018-06-14 11:20:00,2018-06-14 14:58:00,LONG,1,7295.25,7290.25,-10.0,8.34,-0.6,entry,218.0
2018-06-14 15:22:00,2018-06-14 15:59:00,LONG,1,7303.25,7310.25,14.0,8.68,0.806,entry,37.0
2018-06-15 09:37:00,2018-06-15 09:49:00,SHORT,1,7264.25,7265.5,-2.5,8.31,-0.15,entry,12.0
2018-06-15 10:15:00,2018-06-15 10:30:00,LONG,1,7276.0,7264.5,-23.0,9.79,-1.174,entry,15.0
2018-06-15 10:32:00,2018-06-15 10:43:00,SHORT,1,7256.25,7266.25,-20.0,10.74,-0.931,entry,11.0
2018-06-15 10:49:00,2018-06-15 11:02:00,LONG,1,7275.5,7265.25,-20.5,9.45,-1.085,entry,13.0
2018-06-15 11:24:00,2018-06-15 11:27:00,LONG,1,7276.5,7266.75,-19.5,9.48,-1.029,entry,3.0
2018-06-15 12:35:00,2018-06-15 15:59:00,LONG,1,7276.0,7280.0,8.0,8.86,0.451,entry,204.0
2018-06-18 09:44:00,2018-06-18 15:59:00,LONG,1,7230.0,7274.0,88.0,10.55,4.171,entry,375.0
2018-06-19 09:31:00,2018-06-19 09:52:00,LONG,1,7198.25,7203.0,9.5,8.49,0.559,entry,21.0
2018-06-19 09:54:00,2018-06-19 10:47:00,SHORT,1,7198.25,7191.75,13.0,8.18,0.794,entry,53.0
2018-06-19 10:56:00,2018-06-19 15:59:00,LONG,1,7202.0,7252.25,100.5,11.01,4.565,entry,303.0
2018-06-20 09:42:00,2018-06-20 09:48:00,LONG,1,7303.0,7290.25,-25.5,9.63,-1.325,entry,6.0
2018-06-20 09:58:00,2018-06-20 10:09:00,LONG,1,7304.0,7295.75,-16.5,8.95,-0.921,entry,11.0
2018-06-20 10:28:00,2018-06-20 10:38:00,SHORT,1,7286.5,7295.0,-17.0,9.07,-0.938,entry,10.0
2018-06-20 10:58:00,2018-06-20 15:05:00,LONG,1,7305.5,7305.75,0.5,10.48,0.024,entry,247.0
2018-06-20 15:12:00,2018-06-20 15:52:00,LONG,1,7314.5,7305.25,-18.5,8.41,-1.1,entry,40.0
2018-06-21 09:36:00,2018-06-21 09:52:00,SHORT,1,7314.5,7319.25,-9.5,8.19,-0.58,entry,16.0
2018-06-21 10:00:00,2018-06-21 11:26:00,SHORT,1,7304.5,7275.5,58.0,9.81,2.957,entry,86.0
2018-06-21 11:44:00,2018-06-21 12:02:00,LONG,1,7287.0,7275.0,-24.0,11.66,-1.029,entry,18.0
2018-06-21 12:04:00,2018-06-21 15:59:00,SHORT,1,7265.75,7239.75,52.0,10.09,2.577,entry,235.0
2018-06-22 09:35:00,2018-06-22 10:07:00,SHORT,1,7243.75,7234.0,19.5,9.31,1.047,entry,32.0
2018-06-22 10:24:00,2018-06-22 11:08:00,SHORT,1,7222.0,7223.75,-3.5,11.16,-0.157,entry,44.0
2018-06-22 11:24:00,2018-06-22 11:29:00,SHORT,1,7213.75,7227.0,-26.5,9.64,-1.374,entry,5.0
2018-06-22 11:44:00,2018-06-22 15:55:00,LONG,1,7233.75,7228.5,-10.5,10.18,-0.516,entry,251.0
2018-06-25 09:33:00,2018-06-25 09:35:00,LONG,1,7165.5,7156.0,-19.0,9.15,-1.038,entry,2.0
2018-06-25 09:36:00,2018-06-25 15:42:00,SHORT,1,7144.75,7065.75,158.0,11.66,6.776,entry,366.0
2018-06-25 15:45:00,2018-06-25 15:54:00,SHORT,1,7054.75,7065.75,-22.0,9.96,-1.104,entry,9.0
2018-06-26 09:34:00,2018-06-26 09:41:00,SHORT,1,7073.0,7096.0,-46.0,14.19,-1.621,entry,7.0
2018-06-26 09:41:00,2018-06-26 09:56:00,LONG,1,7096.0,7087.0,-18.0,16.66,-0.54,reverse,15.0
2018-06-26 09:59:00,2018-06-26 10:20:00,LONG,1,7097.75,7091.5,-12.5,9.13,-0.684,entry,21.0
2018-06-26 10:30:00,2018-06-26 11:13:00,SHORT,1,7082.75,7088.75,-12.0,9.27,-0.647,entry,43.0
2018-06-26 11:29:00,2018-06-26 11:58:00,SHORT,1,7076.5,7087.25,-21.5,11.37,-0.945,entry,29.0
2018-06-26 12:01:00,2018-06-26 15:18:00,LONG,1,7097.5,7093.75,-7.5,10.22,-0.367,entry,197.0
2018-06-26 15:33:00,2018-06-26 15:48:00,LONG,1,7105.5,7093.75,-23.5,10.32,-1.139,entry,15.0
2018-06-26 15:50:00,2018-06-26 15:59:00,SHORT,1,7083.5,7090.5,-14.0,11.8,-0.593,entry,9.0
2018-06-27 09:41:00,2018-06-27 09:45:00,SHORT,1,7107.5,7120.25,-25.5,11.32,-1.126,entry,4.0
2018-06-27 09:47:00,2018-06-27 10:06:00,LONG,1,7128.0,7124.0,-8.0,9.42,-0.425,entry,19.0
2018-06-27 10:36:00,2018-06-27 10:59:00,LONG,1,7138.0,7126.5,-23.0,10.98,-1.047,entry,23.0
2018-06-27 11:05:00,2018-06-27 15:59:00,SHORT,1,7111.75,6989.0,245.5,17.01,7.215,entry,294.0
2018-06-28 09:36:00,2018-06-28 09:45:00,LONG,1,7004.0,6984.5,-39.0,13.64,-1.43,entry,9.0
2018-06-28 09:45:00,2018-06-28 09:53:00,SHORT,1,6984.5,7003.5,-38.0,12.6,-1.508,reverse,8.0
2018-06-28 09:53:00,2018-06-28 10:10:00,LONG,1,7003.5,6988.75,-29.5,10.78,-1.368,reverse,17.0
2018-06-28 10:12:00,2018-06-28 10:13:00,LONG,1,7007.5,6993.75,-27.5,9.61,-1.431,entry,1.0
2018-06-28 10:20:00,2018-06-28 10:24:00,SHORT,1,6983.75,6997.25,-27.0,13.58,-0.994,entry,4.0
2018-06-28 10:30:00,2018-06-28 10:42:00,SHORT,1,6983.5,6997.5,-28.0,13.49,-1.038,entry,12.0
2018-06-28 10:44:00,2018-06-28 12:22:00,LONG,1,7008.0,7004.0,-8.0,12.48,-0.321,entry,98.0
2018-06-28 12:50:00,2018-06-28 15:59:00,LONG,1,7015.5,7053.75,76.5,10.23,3.738,entry,189.0
2018-06-29 09:43:00,2018-06-29 10:10:00,LONG,1,7109.25,7102.0,-14.5,13.6,-0.533,entry,27.0
2018-06-29 10:15:00,2018-06-29 10:23:00,SHORT,1,7091.25,7102.25,-22.0,10.29,-1.069,entry,8.0
2018-06-29 10:52:00,2018-06-29 11:29:00,LONG,1,7113.0,7104.25,-17.5,10.77,-0.812,entry,37.0
2018-06-29 11:54:00,2018-06-29 12:20:00,SHORT,1,7092.0,7104.75,-25.5,12.4,-1.028,entry,26.0
2018-06-29 12:32:00,2018-06-29 13:42:00,SHORT,1,7092.25,7101.5,-18.5,10.88,-0.85,entry,70.0
2018-06-29 14:41:00,2018-06-29 14:58:00,SHORT,1,7090.75,7101.5,-21.5,9.81,-1.096,entry,17.0
2018-06-29 15:21:00,2018-06-29 15:59:00,SHORT,1,7090.5,7064.25,52.5,9.94,2.641,entry,38.0
2018-07-02 09:36:00,2018-07-02 12:15:00,LONG,1,7013.0,7033.5,41.0,13.38,1.533,entry,159.0
2018-07-02 12:46:00,2018-07-02 13:06:00,LONG,1,7047.75,7037.0,-21.5,10.68,-1.006,entry,20.0
2018-07-02 13:41:00,2018-07-02 15:59:00,LONG,1,7047.5,7118.75,142.5,10.2,6.986,entry,138.0
2018-07-03 09:35:00,2018-07-03 10:17:00,SHORT,1,7121.0,7113.25,15.5,10.55,0.734,entry,42.0
2018-07-03 10:38:00,2018-07-03 10:46:00,LONG,1,7120.25,7104.5,-31.5,9.92,-1.587,entry,8.0
2018-07-03 10:50:00,2018-07-03 13:14:00,SHORT,1,7099.75,7023.0,153.5,10.67,7.193,entry,144.0
2018-07-04 12:45:00,2018-07-04 13:00:00,LONG,1,7044.25,7042.5,-3.5,10.68,-0.164,entry,15.0
2018-07-05 09:42:00,2018-07-05 09:46:00,LONG,1,7097.5,7088.5,-18.0,9.53,-0.944,entry,4.0
2018-07-05 09:59:00,2018-07-05 11:25:00,SHORT,1,7078.0,7077.75,0.5,11.38,0.022,entry,86.0
2018-07-05 11:31:00,2018-07-05 14:15:00,LONG,1,7085.25,7083.75,-3.0,11.37,-0.132,entry,164.0
2018-07-05 14:18:00,2018-07-05 15:59:00,LONG,1,7094.0,7121.0,54.0,9.7,2.783,entry,101.0
2018-07-06 09:38:00,2018-07-06 15:59:00,LONG,1,7148.75,7228.5,159.5,12.72,6.269,entry,381.0
2018-07-09 09:54:00,2018-07-09 10:57:00,SHORT,1,7258.0,7260.25,-4.5,15.4,-0.146,entry,63.0
2018-07-09 11:21:00,2018-07-09 11:30:00,LONG,1,7270.0,7257.75,-24.5,9.95,-1.231,entry,9.0
2018-07-09 12:01:00,2018-07-09 12:27:00,LONG,1,7271.0,7260.5,-21.0,10.25,-1.024,entry,26.0
2018-07-09 13:52:00,2018-07-09 15:59:00,LONG,1,7271.25,7297.0,51.5,9.91,2.598,entry,127.0
2018-07-10 09:50:00,2018-07-10 10:03:00,SHORT,1,7290.25,7303.25,-26.0,10.17,-1.279,entry,13.0
2018-07-10 10:36:00,2018-07-10 11:24:00,LONG,1,7309.25,7300.0,-18.5,10.33,-0.895,entry,48.0
2018-07-10 11:47:00,2018-07-10 13:09:00,LONG,1,7311.25,7301.75,-19.0,9.52,-0.997,entry,82.0
2018-07-10 13:34:00,2018-07-10 14:56:00,SHORT,1,7290.0,7301.0,-22.0,12.41,-0.886,entry,82.0
2018-07-11 09:31:00,2018-07-11 09:42:00,LONG,1,7259.0,7258.25,-1.5,9.77,-0.077,entry,11.0
2018-07-11 09:52:00,2018-07-11 11:10:00,LONG,1,7269.75,7267.25,-5.0,9.03,-0.277,entry,78.0
2018-07-11 11:21:00,2018-07-11 12:38:00,SHORT,1,7256.75,7267.0,-20.5,12.85,-0.798,entry,77.0
2018-07-11 13:22:00,2018-07-11 13:50:00,LONG,1,7276.0,7264.5,-23.0,10.53,-1.092,entry,28.0
2018-07-11 14:10:00,2018-07-11 14:27:00,SHORT,1,7253.0,7265.5,-25.0,12.8,-0.977,entry,17.0
2018-07-12 09:37:00,2018-07-12 09:47:00,LONG,1,7308.0,7301.25,-13.5,9.83,-0.687,entry,10.0
2018-07-12 09:53:00,2018-07-12 15:59:00,LONG,1,7311.25,7384.75,147.0,9.1,8.081,entry,366.0
2018-07-13 09:53:00,2018-07-13 10:07:00,SHORT,1,7375.75,7384.0,-16.5,11.51,-0.717,entry,14.0
2018-07-13 10:13:00,2018-07-13 13:09:00,LONG,1,7394.75,7391.25,-7.0,10.03,-0.349,entry,176.0
2018-07-13 13:49:00,2018-07-13 15:21:00,SHORT,1,7380.0,7392.75,-25.5,11.83,-1.078,entry,92.0
2018-07-16 09:45:00,2018-07-16 09:51:00,SHORT,1,7388.5,7398.75,-20.5,11.21,-0.914,entry,6.0
2018-07-16 10:21:00,2018-07-16 10:31:00,SHORT,1,7386.5,7397.25,-21.5,10.96,-0.981,entry,10.0
2018-07-16 10:49:00,2018-07-16 12:21:00,SHORT,1,7385.75,7394.25,-17.0,10.57,-0.804,entry,92.0
2018-07-16 13:57:00,2018-07-16 15:59:00,SHORT,1,7382.5,7373.75,17.5,8.66,1.01,entry,122.0
2018-07-17 09:41:00,2018-07-17 15:59:00,LONG,1,7327.75,7421.5,187.5,13.92,6.737,entry,378.0
2018-07-18 09:41:00,2018-07-18 11:07:00,SHORT,1,7404.75,7402.0,5.5,10.3,0.267,entry,86.0
2018-07-18 11:17:00,2018-07-18 12:16:00,LONG,1,7411.0,7400.5,-21.0,9.89,-1.062,entry,59.0
2018-07-18 12:50:00,2018-07-18 13:50:00,LONG,1,7411.75,7402.25,-19.0,9.15,-1.039,entry,60.0
2018-07-18 14:03:00,2018-07-18 15:59:00,LONG,1,7412.25,7405.25,-14.0,8.84,-0.792,entry,116.0
2018-07-19 09:35:00,2018-07-19 09:41:00,LONG,1,7399.25,7393.0,-12.5,9.53,-0.656,entry,6.0
2018-07-19 09:49:00,2018-07-19 10:19:00,SHORT,1,7383.75,7381.75,4.0,9.03,0.221,entry,30.0
2018-07-19 10:30:00,2018-07-19 10:56:00,SHORT,1,7364.75,7380.75,-32.0,15.22,-1.051,entry,26.0
2018-07-19 11:06:00,2018-07-19 12:14:00,LONG,1,7386.75,7379.5,-14.5,8.76,-0.827,entry,68.0
2018-07-19 12:41:00,2018-07-19 13:21:00,SHORT,1,7369.5,7378.75,-18.5,10.65,-0.869,entry,40.0
2018-07-19 13:37:00,2018-07-19 14:27:00,LONG,1,7390.25,7378.5,-23.5,11.69,-1.005,entry,50.0
2018-07-19 14:45:00,2018-07-19 15:59:00,SHORT,1,7370.75,7366.75,8.0,8.44,0.474,entry,74.0
2018-07-20 10:00:00,2018-07-20 10:03:00,LONG,1,7395.5,7387.25,-16.5,8.32,-0.992,entry,3.0
2018-07-20 10:29:00,2018-07-20 11:48:00,LONG,1,7396.0,7393.25,-5.5,8.52,-0.323,entry,79.0
2018-07-20 12:06:00,2018-07-20 15:59:00,SHORT,1,7382.25,7362.5,39.5,11.09,1.781,entry,233.0
2018-07-23 09:35:00,2018-07-23 09:58:00,SHORT,1,7338.5,7330.0,17.0,8.5,1.0,entry,23.0
2018-07-23 10:01:00,2018-07-23 15:59:00,LONG,1,7344.25,7384.25,80.0,14.83,2.697,entry,358.0
2018-07-24 09:36:00,2018-07-24 09:48:00,LONG,1,7476.75,7474.0,-5.5,9.09,-0.303,entry,12.0
2018-07-24 09:57:00,2018-07-24 10:05:00,SHORT,1,7463.5,7475.25,-23.5,10.17,-1.156,entry,8.0
2018-07-24 10:18:00,2018-07-24 10:41:00,LONG,1,7484.0,7473.0,-22.0,10.23,-1.075,entry,23.0
2018-07-24 10:46:00,2018-07-24 15:59:00,SHORT,1,7466.5,7416.25,100.5,9.06,5.547,entry,313.0
2018-07-25 09:50:00,2018-07-25 10:02:00,LONG,1,7442.75,7433.25,-19.0,10.85,-0.876,entry,12.0
2018-07-25 10:08:00,2018-07-25 10:23:00,SHORT,1,7422.25,7431.75,-19.0,10.48,-0.906,entry,15.0
2018-07-25 10:26:00,2018-07-25 10:31:00,SHORT,1,7420.75,7434.25,-27.0,9.96,-1.355,entry,5.0
2018-07-25 10:34:00,2018-07-25 10:42:00,LONG,1,7441.25,7428.5,-25.5,10.37,-1.23,entry,8.0
2018-07-25 10:50:00,2018-07-25 10:57:00,SHORT,1,7423.0,7431.25,-16.5,8.33,-0.99,entry,7.0
2018-07-25 11:25:00,2018-07-25 15:59:00,LONG,1,7441.75,7521.0,158.5,10.39,7.627,entry,274.0
2018-07-26 09:46:00,2018-07-26 10:04:00,SHORT,1,7414.75,7421.25,-13.0,12.94,-0.502,entry,18.0
2018-07-26 10:10:00,2018-07-26 10:20:00,LONG,1,7432.75,7422.0,-21.5,11.44,-0.94,entry,10.0
2018-07-26 11:01:00,2018-07-26 12:23:00,LONG,1,7432.75,7424.75,-16.0,10.35,-0.773,entry,82.0
2018-07-26 12:48:00,2018-07-26 15:59:00,SHORT,1,7414.25,7409.0,10.5,10.66,0.493,entry,191.0
2018-07-27 09:35:00,2018-07-27 15:59:00,SHORT,1,7437.0,7305.0,264.0,9.88,13.355,entry,384.0
2018-07-30 09:33:00,2018-07-30 10:09:00,SHORT,1,7287.5,7248.25,78.5,13.06,3.006,entry,36.0
2018-07-30 10:13:00,2018-07-30 10:27:00,SHORT,1,7235.25,7244.5,-18.5,10.37,-0.892,entry,14.0
2018-07-30 10:33:00,2018-07-30 14:04:00,SHORT,1,7233.5,7226.25,14.5,10.25,0.707,entry,211.0
2018-07-30 14:20:00,2018-07-30 14:35:00,SHORT,1,7214.25,7224.5,-20.5,9.81,-1.045,entry,15.0
2018-07-30 14:39:00,2018-07-30 15:59:00,SHORT,1,7211.25,7202.5,17.5,12.53,0.698,entry,80.0
2018-07-31 09:34:00,2018-07-31 09:43:00,LONG,1,7256.5,7247.0,-19.0,12.79,-0.743,entry,9.0
2018-07-31 09:46:00,2018-07-31 11:04:00,SHORT,1,7235.25,7230.5,9.5,16.24,0.292,entry,78.0
2018-07-31 11:10:00,2018-07-31 15:47:00,LONG,1,7243.0,7240.5,-5.0,13.69,-0.183,entry,277.0
2018-08-01 09:32:00,2018-08-01 09:33:00,SHORT,1,7258.0,7274.0,-32.0,11.05,-1.448,entry,1.0
2018-08-01 09:47:00,2018-08-01 11:12:00,LONG,1,7283.0,7278.25,-9.5,9.75,-0.487,entry,85.0
2018-08-01 11:33:00,2018-08-01 14:23:00,SHORT,1,7271.0,7277.0,-12.0,12.48,-0.481,entry,170.0
2018-08-01 14:46:00,2018-08-01 15:02:00,SHORT,1,7265.5,7275.5,-20.0,9.85,-1.015,entry,16.0
2018-08-01 15:44:00,2018-08-01 15:59:00,LONG,1,7286.0,7281.25,-9.5,10.69,-0.444,entry,15.0
2018-08-02 09:34:00,2018-08-02 15:59:00,LONG,1,7243.25,7380.0,273.5,10.9,12.551,entry,385.0
2018-08-03 09:37:00,2018-08-03 10:01:00,SHORT,1,7374.75,7381.25,-13.0,12.64,-0.514,entry,24.0
2018-08-03 10:03:00,2018-08-03 10:51:00,LONG,1,7391.75,7383.75,-16.0,12.95,-0.618,entry,48.0
2018-08-03 11:57:00,2018-08-03 12:16:00,SHORT,1,7372.5,7385.5,-26.0,11.21,-1.16,entry,19.0
2018-08-03 13:52:00,2018-08-03 15:59:00,LONG,1,7394.0,7401.25,14.5,10.26,0.707,entry,127.0
2018-08-06 09:52:00,2018-08-06 10:25:00,LONG,1,7409.75,7402.5,-14.5,12.44,-0.583,entry,33.0
2018-08-06 11:33:00,2018-08-06 15:59:00,LONG,1,7415.75,7447.0,62.5,10.64,2.938,entry,266.0
2018-08-07 09:35:00,2018-08-07 09:44:00,LONG,1,7486.25,7471.75,-29.0,12.12,-1.197,entry,9.0
2018-08-07 09:49:00,2018-08-07 09:56:00,SHORT,1,7454.75,7472.75,-36.0,18.97,-0.949,entry,7.0
2018-08-07 10:30:00,2018-08-07 10:42:00,LONG,1,7484.75,7470.75,-28.0,12.77,-1.096,entry,12.0
2018-08-07 10:52:00,2018-08-07 12:02:00,SHORT,1,7460.25,7468.25,-16.0,11.65,-0.686,entry,70.0
2018-08-07 12:49:00,2018-08-07 13:26:00,LONG,1,7479.0,7467.75,-22.5,10.73,-1.049,entry,37.0
2018-08-07 13:52:00,2018-08-07 15:04:00,LONG,1,7480.0,7469.0,-22.0,11.01,-0.999,entry,72.0
2018-08-08 09:32:00,2018-08-08 09:34:00,SHORT,1,7445.75,7454.75,-18.0,10.78,-0.835,entry,2.0
2018-08-08 09:37:00,2018-08-08 09:44:00,LONG,1,7464.5,7457.5,-14.0,9.21,-0.76,entry,7.0
2018-08-08 09:49:00,2018-08-08 09:56:00,LONG,1,7470.25,7457.75,-25.0,11.84,-1.056,entry,7.0
2018-08-08 10:08:00,2018-08-08 10:35:00,LONG,1,7469.25,7461.5,-15.5,9.35,-0.829,entry,27.0
2018-08-08 10:44:00,2018-08-08 12:02:00,LONG,1,7472.75,7467.25,-11.0,10.44,-0.527,entry,78.0
2018-08-08 12:36:00,2018-08-08 15:59:00,LONG,1,7480.0,7477.75,-4.5,9.06,-0.248,entry,203.0
2018-08-09 09:41:00,2018-08-09 09:49:00,LONG,1,7485.5,7476.5,-18.0,8.83,-1.019,entry,8.0
2018-08-09 10:09:00,2018-08-09 11:09:00,LONG,1,7490.0,7486.0,-8.0,9.46,-0.423,entry,60.0
2018-08-09 12:53:00,2018-08-09 15:14:00,LONG,1,7496.0,7489.75,-12.5,8.81,-0.709,entry,141.0
2018-08-09 15:48:00,2018-08-09 15:59:00,SHORT,1,7478.5,7474.0,9.0,11.04,0.408,entry,11.0
2018-08-10 09:36:00,2018-08-10 09:41:00,LONG,1,7438.75,7430.25,-17.0,8.69,-0.978,entry,5.0
2018-08-10 09:44:00,2018-08-10 09:53:00,LONG,1,7445.25,7432.75,-25.0,12.7,-0.984,entry,9.0
2018-08-10 09:55:00,2018-08-10 10:11:00,SHORT,1,7421.0,7432.75,-23.5,12.6,-0.932,entry,16.0
2018-08-10 10:15:00,2018-08-10 10:42:00,LONG,1,7438.75,7428.75,-20.0,9.1,-1.099,entry,27.0
2018-08-10 10:44:00,2018-08-10 11:00:00,SHORT,1,7423.0,7430.75,-15.5,8.4,-0.923,entry,16.0
2018-08-10 11:24:00,2018-08-10 12:01:00,LONG,1,7441.5,7429.5,-24.0,10.74,-1.117,entry,37.0
2018-08-10 13:37:00,2018-08-10 15:25:00,SHORT,1,7420.75,7425.0,-8.5,10.92,-0.389,entry,108.0
2018-08-10 15:41:00,2018-08-10 15:59:00,SHORT,1,7415.0,7418.0,-6.0,9.52,-0.315,entry,18.0
2018-08-13 09:36:00,2018-08-13 09:42:00,LONG,1,7446.5,7438.5,-16.0,8.4,-0.952,entry,6.0
2018-08-13 09:53:00,2018-08-13 11:08:00,LONG,1,7451.75,7457.0,10.5,9.95,0.528,entry,75.0
2018-08-13 11:17:00,2018-08-13 14:25:00,SHORT,1,7447.0,7442.75,8.5,10.48,0.406,entry,188.0
2018-08-13 14:49:00,2018-08-13 15:59:00,SHORT,1,7431.75,7410.75,42.0,8.7,2.415,entry,70.0
2018-08-14 09:49:00,2018-08-14 10:20:00,SHORT,1,7415.5,7422.5,-14.0,17.49,-0.4,entry,31.0
2018-08-14 10:34:00,2018-08-14 15:59:00,LONG,1,7431.25,7456.5,50.5,8.92,2.831,entry,325.0
2018-08-15 09:35:00,2018-08-15 09:45:00,LONG,1,7406.5,7395.75,-21.5,8.57,-1.254,entry,10.0
2018-08-15 09:46:00,2018-08-15 12:31:00,SHORT,1,7392.25,7358.25,68.0,10.85,3.135,entry,165.0
2018-08-15 13:06:00,2018-08-15 13:17:00,LONG,1,7364.25,7352.5,-23.5,10.82,-1.086,entry,11.0
2018-08-15 13:24:00,2018-08-15 13:43:00,SHORT,1,7341.5,7353.75,-24.5,11.94,-1.026,entry,19.0
2018-08-15 13:49:00,2018-08-15 14:59:00,SHORT,1,7344.75,7353.0,-16.5,8.41,-0.981,entry,70.0
2018-08-15 15:06:00,2018-08-15 15:59:00,LONG,1,7362.5,7365.25,5.5,10.72,0.257,entry,53.0
2018-08-16 09:38:00,2018-08-16 09:41:00,SHORT,1,7402.5,7414.5,-24.0,12.86,-0.933,entry,3.0
2018-08-16 09:44:00,2018-08-16 10:02:00,SHORT,1,7403.75,7410.5,-13.5,9.37,-0.72,entry,18.0
2018-08-16 10:31:00,2018-08-16 10:51:00,LONG,1,7421.0,7402.75,-36.5,10.21,-1.787,entry,20.0
2018-08-16 11:15:00,2018-08-16 13:45:00,LONG,1,7422.5,7415.5,-14.0,11.27,-0.621,entry,150.0
2018-08-16 13:54:00,2018-08-16 15:59:00,SHORT,1,7406.5,7386.0,41.0,9.47,2.165,entry,125.0
2018-08-17 09:36:00,2018-08-17 09:45:00,LONG,1,7366.25,7364.25,-4.0,8.6,-0.233,entry,9.0
2018-08-17 09:53:00,2018-08-17 11:18:00,SHORT,1,7353.75,7348.25,11.0,11.41,0.482,entry,85.0
2018-08-17 11:32:00,2018-08-17 12:45:00,LONG,1,7356.75,7351.25,-11.0,8.53,-0.645,entry,73.0
2018-08-17 13:41:00,2018-08-17 15:59:00,LONG,1,7361.25,7388.75,55.0,9.69,2.837,entry,138.0
2018-08-20 09:41:00,2018-08-20 11:39:00,SHORT,1,7388.5,7371.75,33.5,9.82,1.705,entry,118.0
2018-08-20 12:32:00,2018-08-20 15:59:00,LONG,1,7382.5,7380.75,-3.5,10.88,-0.161,entry,207.0
2018-08-21 09:51:00,2018-08-21 11:12:00,LONG,1,7419.5,7419.0,-1.0,9.9,-0.05,entry,81.0
2018-08-21 11:21:00,2018-08-21 11:25:00,SHORT,1,7409.75,7419.25,-19.0,8.88,-1.07,entry,4.0
2018-08-21 11:35:00,2018-08-21 14:32:00,LONG,1,7427.75,7426.0,-3.5,9.01,-0.194,entry,177.0
2018-08-21 14:49:00,2018-08-21 15:59:00,SHORT,1,7416.0,7407.0,18.0,10.54,0.854,entry,70.0
2018-08-22 09:33:00,2018-08-22 09:44:00,LONG,1,7403.75,7403.5,-0.5,8.24,-0.03,entry,11.0
2018-08-22 09:53:00,2018-08-22 10:12:00,SHORT,1,7394.75,7404.75,-20.0,9.79,-1.021,entry,19.0
2018-08-22 10:18:00,2018-08-22 10:28:00,LONG,1,7410.0,7400.0,-20.0,8.6,-1.163,entry,10.0
2018-08-22 10:35:00,2018-08-22 15:59:00,LONG,1,7411.0,7435.5,49.0,8.68,2.821,entry,324.0
2018-08-23 09:34:00,2018-08-23 10:57:00,LONG,1,7440.25,7455.0,29.5,9.53,1.548,entry,83.0
2018-08-23 11:07:00,2018-08-23 14:04:00,SHORT,1,7448.75,7443.75,10.0,8.64,0.579,entry,177.0
2018-08-23 15:35:00,2018-08-23 15:59:00,SHORT,1,7435.0,7422.75,24.5,8.52,1.438,entry,24.0
2018-08-24 10:01:00,2018-08-24 10:12:00,LONG,1,7468.5,7457.5,-22.0,11.1,-0.991,entry,11.0
2018-08-24 10:27:00,2018-08-24 15:59:00,LONG,1,7469.25,7493.0,47.5,9.03,2.63,entry,332.0
2018-08-27 09:36:00,2018-08-27 09:42:00,SHORT,1,7525.25,7530.5,-10.5,9.43,-0.557,entry,6.0
2018-08-27 09:58:00,2018-08-27 15:59:00,LONG,1,7540.75,7567.75,54.0,9.68,2.79,entry,361.0
2018-08-28 09:45:00,2018-08-28 09:57:00,SHORT,1,7577.75,7587.75,-20.0,9.86,-1.014,entry,12.0
2018-08-28 10:24:00,2018-08-28 11:20:00,SHORT,1,7576.75,7583.5,-13.5,8.68,-0.777,entry,56.0
2018-08-28 11:34:00,2018-08-28 12:32:00,SHORT,1,7572.5,7581.25,-17.5,10.14,-0.863,entry,58.0
2018-08-28 15:47:00,2018-08-28 15:59:00,SHORT,1,7572.5,7579.25,-13.5,8.19,-0.824,entry,12.0
2018-08-29 09:40:00,2018-08-29 09:46:00,LONG,1,7610.0,7601.75,-16.5,11.83,-0.698,entry,6.0
2018-08-29 09:53:00,2018-08-29 10:04:00,LONG,1,7611.25,7603.75,-15.0,8.27,-0.907,entry,11.0
2018-08-29 10:08:00,2018-08-29 15:59:00,LONG,1,7613.25,7667.25,108.0,8.88,6.081,entry,351.0
2018-08-30 09:38:00,2018-08-30 09:45:00,SHORT,1,7645.5,7655.5,-20.0,9.9,-1.01,entry,7.0
2018-08-30 10:15:00,2018-08-30 11:24:00,LONG,1,7660.25,7661.0,1.5,7.7,0.097,entry,69.0
2018-08-30 11:50:00,2018-08-30 14:19:00,LONG,1,7670.75,7661.25,-19.0,9.23,-1.03,entry,149.0
2018-08-30 14:22:00,2018-08-30 14:37:00,SHORT,1,7659.5,7668.0,-17.0,9.22,-0.922,entry,15.0
2018-08-30 14:42:00,2018-08-30 15:59:00,SHORT,1,7655.75,7650.0,11.5,11.85,0.485,entry,77.0
2018-08-31 09:37:00,2018-08-31 11:09:00,LONG,1,7661.5,7665.75,8.5,7.73,0.55,entry,92.0
2018-08-31 11:28:00,2018-08-31 15:45:00,SHORT,1,7660.5,7658.5,4.0,7.86,0.254,entry,257.0
2018-09-03 11:31:00,2018-09-03 12:59:00,LONG,1,7683.25,7681.25,-4.0,7.75,-0.258,entry,88.0
2018-09-04 09:35:00,2018-09-04 10:00:00,SHORT,1,7617.25,7615.0,4.5,17.21,0.131,entry,25.0
2018-09-04 10:03:00,2018-09-04 11:49:00,LONG,1,7620.0,7622.0,4.0,10.39,0.193,entry,106.0
2018-09-04 11:50:00,2018-09-04 13:15:00,SHORT,1,7616.0,7620.0,-8.0,7.36,-0.543,entry,85.0
2018-09-04 13:43:00,2018-09-04 13:50:00,SHORT,1,7610.25,7621.75,-23.0,9.0,-1.278,entry,7.0
2018-09-04 14:25:00,2018-09-04 15:51:00,LONG,1,7627.75,7617.5,-20.5,8.51,-1.204,entry,86.0
2018-09-05 09:34:00,2018-09-05 09:46:00,SHORT,1,7597.5,7604.75,-14.5,9.73,-0.745,entry,12.0
2018-09-05 09:51:00,2018-09-05 12:08:00,SHORT,1,7591.25,7545.25,92.0,10.9,4.22,entry,137.0
2018-09-05 12:30:00,2018-09-05 12:55:00,LONG,1,7556.0,7541.0,-30.0,13.05,-1.15,entry,25.0
2018-09-05 13:15:00,2018-09-05 13:57:00,LONG,1,7551.5,7542.75,-17.5,7.83,-1.118,entry,42.0
2018-09-05 14:10:00,2018-09-05 14:19:00,SHORT,1,7536.75,7545.75,-18.0,7.45,-1.208,entry,9.0
2018-09-05 14:50:00,2018-09-05 15:59:00,SHORT,1,7532.75,7528.5,8.5,11.28,0.377,entry,69.0
2018-09-06 09:32:00,2018-09-06 09:33:00,SHORT,1,7521.5,7533.75,-24.5,8.7,-1.408,entry,1.0
2018-09-06 09:35:00,2018-09-06 09:47:00,SHORT,1,7513.25,7517.0,-7.5,14.32,-0.262,entry,12.0
2018-09-06 09:48:00,2018-09-06 09:53:00,LONG,1,7521.5,7513.0,-17.0,8.45,-1.005,entry,5.0
2018-09-06 10:05:00,2018-09-06 15:07:00,SHORT,1,7503.0,7463.0,80.0,10.72,3.73,entry,302.0
2018-09-06 15:08:00,2018-09-06 15:18:00,LONG,1,7466.25,7457.75,-17.0,7.89,-1.077,entry,10.0
2018-09-06 15:29:00,2018-09-06 15:59:00,LONG,1,7466.5,7458.25,-16.5,7.99,-1.033,entry,30.0
2018-09-07 09:32:00,2018-09-07 09:33:00,SHORT,1,7402.25,7411.75,-19.0,9.86,-0.964,entry,1.0
2018-09-07 09:34:00,2018-09-07 12:02:00,LONG,1,7422.75,7459.25,73.0,9.93,3.674,entry,148.0
2018-09-07 12:08:00,2018-09-07 12:48:00,SHORT,1,7444.0,7459.5,-31.0,18.83,-0.823,entry,40.0
2018-09-07 13:06:00,2018-09-07 14:29:00,SHORT,1,7447.25,7459.5,-24.5,11.64,-1.052,entry,83.0
2018-09-07 15:33:00,2018-09-07 15:59:00,SHORT,1,7439.25,7436.75,5.0,17.69,0.141,entry,26.0
2018-09-10 09:31:00,2018-09-10 09:41:00,SHORT,1,7460.0,7454.0,12.0,9.05,0.663,entry,10.0
2018-09-10 09:46:00,2018-09-10 10:45:00,SHORT,1,7442.75,7439.5,6.5,9.34,0.348,entry,59.0
2018-09-10 11:00:00,2018-09-10 11:08:00,SHORT,1,7423.25,7440.5,-34.5,15.86,-1.087,entry,8.0
2018-09-10 11:11:00,2018-09-10 12:19:00,LONG,1,7449.25,7439.0,-20.5,10.48,-0.978,entry,68.0
2018-09-10 13:22:00,2018-09-10 15:59:00,LONG,1,7452.5,7455.0,5.0,11.37,0.22,entry,157.0
2018-09-11 09:32:00,2018-09-11 09:35:00,SHORT,1,7409.75,7417.25,-15.0,10.11,-0.742,entry,3.0
2018-09-11 09:38:00,2018-09-11 15:59:00,LONG,1,7431.5,7511.75,160.5,13.24,6.062,entry,381.0
2018-09-12 09:35:00,2018-09-12 09:42:00,SHORT,1,7477.5,7493.25,-31.5,16.93,-0.93,entry,7.0
2018-09-12 09:52:00,2018-09-12 11:12:00,SHORT,1,7483.0,7468.5,29.0,8.96,1.617,entry,80.0
2018-09-12 11:13:00,2018-09-12 11:48:00,LONG,1,7475.25,7468.0,-14.5,10.95,-0.662,entry,35.0
2018-09-12 11:50:00,2018-09-12 12:05:00,SHORT,1,7456.25,7472.5,-32.5,11.77,-1.381,entry,15.0
2018-09-12 12:09:00,2018-09-12 12:15:00,SHORT,1,7456.0,7468.0,-24.0,11.08,-1.083,entry,6.0
2018-09-12 12:22:00,2018-09-12 13:16:00,LONG,1,7475.75,7467.5,-16.5,8.68,-0.951,entry,54.0
2018-09-12 13:21:00,2018-09-12 14:08:00,LONG,1,7476.75,7469.0,-15.5,8.63,-0.898,entry,47.0
2018-09-12 15:03:00,2018-09-12 15:59:00,LONG,1,7477.5,7490.75,26.5,8.47,1.565,entry,56.0
2018-09-13 09:36:00,2018-09-13 09:58:00,LONG,1,7555.5,7557.25,3.5,9.91,0.177,entry,22.0
2018-09-13 10:02:00,2018-09-13 10:16:00,LONG,1,7572.25,7549.75,-45.0,12.17,-1.849,entry,14.0
2018-09-13 10:16:00,2018-09-13 11:06:00,SHORT,1,7549.75,7555.75,-12.0,11.35,-0.528,reverse,50.0
2018-09-13 11:12:00,2018-09-13 13:43:00,LONG,1,7564.75,7559.25,-11.0,8.94,-0.615,entry,151.0
2018-09-13 14:05:00,2018-09-13 14:19:00,LONG,1,7569.75,7553.25,-33.0,9.71,-1.699,entry,14.0
2018-09-13 14:20:00,2018-09-13 14:37:00,SHORT,1,7550.0,7562.25,-24.5,10.2,-1.201,entry,17.0
2018-09-13 15:30:00,2018-09-13 15:51:00,SHORT,1,7551.25,7560.25,-18.0,8.8,-1.023,entry,21.0
2018-09-14 09:37:00,2018-09-14 09:49:00,LONG,1,7603.5,7598.75,-9.5,9.1,-0.522,entry,12.0
2018-09-14 10:04:00,2018-09-14 10:18:00,SHORT,1,7591.5,7598.75,-14.5,8.61,-0.842,entry,14.0
2018-09-14 10:30:00,2018-09-14 10:49:00,LONG,1,7609.25,7599.75,-19.0,10.39,-0.914,entry,19.0
2018-09-14 11:12:00,2018-09-14 15:59:00,SHORT,1,7590.5,7574.0,33.0,9.68,1.704,entry,287.0
2018-09-17 09:35:00,2018-09-17 12:10:00,SHORT,1,7545.25,7514.25,62.0,9.8,3.163,entry,155.0
2018-09-17 13:20:00,2018-09-17 13:55:00,SHORT,1,7505.0,7515.5,-21.0,8.81,-1.192,entry,35.0
2018-09-17 14:46:00,2018-09-17 15:59:00,SHORT,1,7504.25,7465.25,78.0,8.42,4.631,entry,73.0
2018-09-18 09:31:00,2018-09-18 13:32:00,LONG,1,7486.0,7528.75,85.5,8.79,4.862,entry,241.0
2018-09-18 13:54:00,2018-09-18 15:37:00,LONG,1,7542.75,7533.25,-19.0,9.59,-0.991,entry,103.0
2018-09-19 09:38:00,2018-09-19 11:08:00,SHORT,1,7516.5,7501.25,30.5,17.76,0.859,entry,90.0
2018-09-19 11:12:00,2018-09-19 11:28:00,LONG,1,7511.0,7500.25,-21.5,10.75,-1.0,entry,16.0
2018-09-19 12:37:00,2018-09-19 13:40:00,SHORT,1,7487.0,7500.25,-26.5,13.93,-0.951,entry,63.0
2018-09-19 14:16:00,2018-09-19 15:59:00,LONG,1,7509.75,7520.5,21.5,9.64,1.115,entry,103.0
2018-09-20 09:34:00,2018-09-20 09:39:00,SHORT,1,7554.25,7568.25,-28.0,17.45,-0.802,entry,5.0
2018-09-20 09:41:00,2018-09-20 09:52:00,LONG,1,7577.0,7570.75,-12.5,8.58,-0.729,entry,11.0
2018-09-20 09:58:00,2018-09-20 15:59:00,LONG,1,7581.5,7601.0,39.0,9.29,2.099,entry,361.0
2018-09-21 09:39:00,2018-09-21 09:49:00,LONG,1,7632.5,7624.5,-16.0,9.35,-0.856,entry,10.0
2018-09-21 09:53:00,2018-09-21 12:08:00,SHORT,1,7610.0,7606.75,6.5,14.07,0.231,entry,135.0
2018-09-21 12:30:00,2018-09-21 15:59:00,SHORT,1,7592.25,7559.5,65.5,12.43,2.636,entry,209.0
2018-09-24 09:32:00,2018-09-24 09:35:00,SHORT,1,7484.75,7489.25,-9.0,12.29,-0.366,entry,3.0
2018-09-24 09:39:00,2018-09-24 15:59:00,LONG,1,7502.25,7579.25,154.0,11.77,6.545,entry,380.0
2018-09-25 09:34:00,2018-09-25 09:36:00,SHORT,1,7562.25,7574.0,-23.5,12.45,-0.944,entry,2.0
2018-09-25 09:49:00,2018-09-25 09:50:00,SHORT,1,7563.25,7572.25,-18.0,8.88,-1.013,entry,1.0
2018-09-25 10:25:00,2018-09-25 10:33:00,SHORT,1,7562.5,7571.25,-17.5,9.08,-0.963,entry,8.0
2018-09-25 10:58:00,2018-09-25 11:12:00,SHORT,1,7560.25,7570.75,-21.0,10.99,-0.955,entry,14.0
2018-09-25 11:26:00,2018-09-25 15:59:00,LONG,1,7585.0,7591.0,12.0,14.65,0.41,entry,273.0
2018-09-26 10:04:00,2018-09-26 10:10:00,LONG,1,7619.0,7604.25,-29.5,9.6,-1.537,entry,6.0
2018-09-26 10:34:00,2018-09-26 15:36:00,LONG,1,7618.5,7628.25,19.5,8.79,1.109,entry,302.0
2018-09-26 15:42:00,2018-09-26 15:59:00,SHORT,1,7621.0,7593.25,55.5,10.4,2.668,entry,17.0
2018-09-27 09:39:00,2018-09-27 14:49:00,LONG,1,7641.5,7664.0,45.0,10.57,2.128,entry,310.0
2018-09-27 15:37:00,2018-09-27 15:56:00,SHORT,1,7656.0,7665.0,-18.0,8.56,-1.052,entry,19.0
2018-09-28 09:46:00,2018-09-28 10:00:00,SHORT,1,7627.5,7639.5,-24.0,14.3,-0.839,entry,14.0
2018-09-28 10:14:00,2018-09-28 10:19:00,SHORT,1,7628.75,7639.0,-20.5,9.39,-1.091,entry,5.0
2018-09-28 10:39:00,2018-09-28 12:46:00,LONG,1,7652.25,7642.75,-19.0,13.91,-0.683,entry,127.0
2018-09-28 12:48:00,2018-09-28 12:53:00,SHORT,1,7635.25,7648.0,-25.5,12.81,-0.995,entry,5.0
2018-09-28 13:51:00,2018-09-28 14:01:00,LONG,1,7658.0,7648.0,-20.0,9.8,-1.021,entry,10.0
2018-09-28 14:12:00,2018-09-28 14:23:00,SHORT,1,7638.75,7649.0,-20.5,9.4,-1.09,entry,11.0
2018-10-01 09:33:00,2018-10-01 10:36:00,LONG,1,7712.0,7715.75,7.5,10.93,0.343,entry,63.0
2018-10-01 11:55:00,2018-10-01 15:59:00,SHORT,1,7703.5,7670.75,65.5,12.67,2.585,entry,244.0
2018-10-02 09:35:00,2018-10-02 09:42:00,SHORT,1,7654.25,7656.75,-5.0,9.96,-0.251,entry,7.0
2018-10-02 09:46:00,2018-10-02 10:09:00,LONG,1,7667.5,7662.25,-10.5,11.05,-0.475,entry,23.0
2018-10-02 10:15:00,2018-10-02 14:37:00,LONG,1,7672.75,7674.75,4.0,9.33,0.214,entry,262.0
2018-10-02 14:43:00,2018-10-02 15:59:00,SHORT,1,7670.25,7654.0,32.5,9.64,1.686,entry,76.0
2018-10-03 09:42:00,2018-10-03 09:45:00,SHORT,1,7676.75,7687.75,-22.0,10.19,-1.08,entry,3.0
2018-10-03 10:03:00,2018-10-03 10:38:00,LONG,1,7697.75,7689.75,-16.0,10.22,-0.783,entry,35.0
2018-10-03 10:50:00,2018-10-03 11:31:00,SHORT,1,7682.25,7686.5,-8.5,8.53,-0.498,entry,41.0
2018-10-03 11:35:00,2018-10-03 11:58:00,SHORT,1,7674.75,7687.75,-26.0,11.58,-1.122,entry,23.0
2018-10-03 12:24:00,2018-10-03 12:37:00,LONG,1,7695.75,7682.25,-27.0,9.91,-1.362,entry,13.0
2018-10-03 13:13:00,2018-10-03 13:40:00,LONG,1,7696.5,7685.0,-23.0,10.54,-1.091,entry,27.0
2018-10-03 14:33:00,2018-10-03 15:59:00,SHORT,1,7677.5,7663.0,29.0,8.68,1.671,entry,86.0
2018-10-04 09:31:00,2018-10-04 15:59:00,SHORT,1,7615.0,7514.0,202.0,9.69,10.419,entry,388.0
2018-10-05 09:32:00,2018-10-05 09:35:00,SHORT,1,7489.5,7505.25,-31.5,13.09,-1.204,entry,3.0
2018-10-05 09:36:00,2018-10-05 09:49:00,LONG,1,7523.25,7504.0,-38.5,18.75,-1.027,entry,13.0
2018-10-05 09:49:00,2018-10-05 10:26:00,SHORT,1,7504.0,7504.75,-1.5,10.63,-0.071,reverse,37.0
2018-10-05 10:33:00,2018-10-05 14:43:00,SHORT,1,7486.25,7440.0,92.5,11.28,4.101,entry,250.0
2018-10-05 14:53:00,2018-10-05 15:03:00,SHORT,1,7424.0,7436.0,-24.0,9.04,-1.328,entry,10.0
2018-10-05 15:05:00,2018-10-05 15:19:00,LONG,1,7444.5,7432.5,-24.0,11.53,-1.041,entry,14.0
2018-10-05 15:30:00,2018-10-05 15:45:00,SHORT,1,7421.25,7440.0,-37.5,11.85,-1.582,entry,15.0
2018-10-05 15:58:00,2018-10-05 15:59:00,SHORT,1,7416.75,7420.75,-8.0,15.95,-0.251,entry,1.0
2018-10-08 09:32:00,2018-10-08 09:36:00,SHORT,1,7362.5,7380.25,-35.5,14.83,-1.197,entry,4.0
2018-10-08 09:42:00,2018-10-08 10:44:00,LONG,1,7401.0,7402.25,2.5,23.4,0.053,entry,62.0
2018-10-08 10:46:00,2018-10-08 10:57:00,SHORT,1,7393.25,7403.5,-20.5,9.7,-1.056,entry,11.0
2018-10-08 11:01:00,2018-10-08 14:21:00,SHORT,1,7390.0,7358.5,63.0,12.24,2.573,entry,200.0
2018-10-08 14:32:00,2018-10-08 15:59:00,LONG,1,7365.5,7376.5,22.0,9.85,1.117,entry,87.0
2018-10-09 09:32:00,2018-10-09 09:33:00,SHORT,1,7364.75,7378.5,-27.5,11.32,-1.214,entry,1.0
2018-10-09 09:34:00,2018-10-09 09:41:00,LONG,1,7395.5,7383.75,-23.5,16.08,-0.731,entry,7.0
2018-10-09 09:44:00,2018-10-09 09:45:00,LONG,1,7403.25,7389.0,-28.5,12.65,-1.127,entry,1.0
2018-10-09 09:46:00,2018-10-09 09:51:00,SHORT,1,7376.25,7396.0,-39.5,14.01,-1.41,entry,5.0
2018-10-09 09:54:00,2018-10-09 10:06:00,LONG,1,7401.75,7391.0,-21.5,12.5,-0.86,entry,12.0
2018-10-09 10:18:00,2018-10-09 11:09:00,LONG,1,7404.25,7406.0,3.5,10.68,0.164,entry,51.0
2018-10-09 11:20:00,2018-10-09 12:14:00,LONG,1,7420.75,7413.25,-15.0,11.16,-0.672,entry,54.0
2018-10-09 12:30:00,2018-10-09 12:38:00,SHORT,1,7402.5,7415.5,-26.0,10.66,-1.219,entry,8.0
2018-10-09 12:43:00,2018-10-09 14:52:00,SHORT,1,7399.25,7410.25,-22.0,13.69,-0.804,entry,129.0
2018-10-09 15:22:00,2018-10-09 15:45:00,SHORT,1,7396.0,7406.5,-21.0,10.83,-0.97,entry,23.0
2018-10-09 15:56:00,2018-10-09 15:59:00,SHORT,1,7394.75,7395.25,-1.0,11.63,-0.043,entry,3.0
2018-10-10 09:33:00,2018-10-10 13:23:00,SHORT,1,7330.5,7260.5,140.0,13.54,5.17,entry,230.0
2018-10-10 13:26:00,2018-10-10 15:59:00,SHORT,1,7248.0,7071.5,353.0,10.44,16.899,entry,153.0
2018-10-11 09:31:00,2018-10-11 09:34:00,LONG,1,7071.25,7051.75,-39.0,16.83,-1.158,entry,3.0
2018-10-11 09:36:00,2018-10-11 09:45:00,SHORT,1,7039.25,7044.25,-10.0,16.14,-0.31,entry,9.0
2018-10-11 09:46:00,2018-10-11 10:12:00,LONG,1,7056.0,7067.75,23.5,13.63,0.862,entry,26.0
2018-10-11 10:16:00,2018-10-11 10:27:00,SHORT,1,7054.25,7073.0,-37.5,19.46,-0.963,entry,11.0
2018-10-11 10:31:00,2018-10-11 10:34:00,LONG,1,7085.25,7069.75,-31.0,13.35,-1.161,entry,3.0
2018-10-11 10:37:00,2018-10-11 10:38:00,LONG,1,7085.5,7061.25,-48.5,13.18,-1.839,entry,1.0
2018-10-11 10:43:00,2018-10-11 11:46:00,SHORT,1,7049.5,7057.75,-16.5,22.4,-0.368,entry,63.0
2018-10-11 11:47:00,2018-10-11 12:50:00,LONG,1,7067.0,7057.5,-19.0,13.85,-0.686,entry,63.0
2018-10-11 12:54:00,2018-10-11 13:03:00,LONG,1,7074.25,7051.25,-46.0,16.13,-1.426,entry,9.0
2018-10-11 13:04:00,2018-10-11 13:07:00,SHORT,1,7045.25,7058.5,-26.5,13.05,-1.015,entry,3.0
2018-10-11 13:13:00,2018-10-11 13:43:00,LONG,1,7071.25,7058.0,-26.5,13.04,-1.016,entry,30.0
2018-10-11 13:51:00,2018-10-11 13:59:00,SHORT,1,7041.75,7064.25,-45.0,17.83,-1.262,entry,8.0
2018-10-11 14:11:00,2018-10-11 15:17:00,SHORT,1,7035.75,7053.0,-34.5,23.66,-0.729,entry,66.0
2018-10-11 15:19:00,2018-10-11 15:29:00,LONG,1,7061.75,7040.25,-43.0,18.31,-1.174,entry,10.0
2018-10-11 15:32:00,2018-10-11 15:35:00,LONG,1,7057.0,7030.0,-54.0,13.31,-2.028,entry,3.0
2018-10-11 15:35:00,2018-10-11 15:38:00,SHORT,1,7030.0,7045.75,-31.5,13.69,-1.151,reverse,3.0
2018-10-11 15:40:00,2018-10-11 15:59:00,SHORT,1,7027.25,6984.25,86.0,16.3,2.639,entry,19.0
2018-10-12 09:32:00,2018-10-12 09:36:00,SHORT,1,7141.0,7152.75,-23.5,16.79,-0.7,entry,4.0
2018-10-12 09:39:00,2018-10-12 09:55:00,SHORT,1,7136.25,7148.0,-23.5,13.84,-0.849,entry,16.0
2018-10-12 10:01:00,2018-10-12 10:14:00,LONG,1,7158.75,7146.0,-25.5,16.69,-0.764,entry,13.0
2018-10-12 10:21:00,2018-10-12 10:35:00,SHORT,1,7129.75,7145.75,-32.0,15.84,-1.01,entry,14.0
2018-10-12 10:50:00,2018-10-12 10:58:00,LONG,1,7160.25,7145.0,-30.5,15.81,-0.965,entry,8.0
2018-10-12 11:36:00,2018-10-12 14:54:00,SHORT,1,7128.0,7120.0,16.0,16.91,0.473,entry,198.0
2018-10-12 15:00:00,2018-10-12 15:02:00,LONG,1,7127.25,7112.0,-30.5,13.06,-1.167,entry,2.0
2018-10-12 15:08:00,2018-10-12 15:59:00,LONG,1,7137.25,7176.75,79.0,22.92,1.724,entry,51.0
2018-10-15 09:34:00,2018-10-15 09:46:00,SHORT,1,7123.25,7132.75,-19.0,18.06,-0.526,entry,12.0
2018-10-15 09:54:00,2018-10-15 10:39:00,SHORT,1,7110.25,7106.75,7.0,15.14,0.231,entry,45.0
2018-10-15 10:48:00,2018-10-15 10:55:00,SHORT,1,7091.0,7108.25,-34.5,13.95,-1.237,entry,7.0
2018-10-15 11:05:00,2018-10-15 11:54:00,LONG,1,7123.5,7106.75,-33.5,18.29,-0.916,entry,49.0
2018-10-15 12:00:00,2018-10-15 12:23:00,SHORT,1,7096.25,7114.5,-36.5,16.94,-1.077,entry,23.0
2018-10-15 12:34:00,2018-10-15 14:26:00,LONG,1,7131.75,7113.5,-36.5,19.39,-0.941,entry,112.0
2018-10-15 14:43:00,2018-10-15 15:17:00,LONG,1,7132.5,7118.0,-29.0,14.69,-0.987,entry,34.0
2018-10-15 15:51:00,2018-10-15 15:59:00,SHORT,1,7100.75,7084.75,32.0,18.93,0.845,entry,8.0
2018-10-16 09:56:00,2018-10-16 10:14:00,LONG,1,7178.25,7167.5,-21.5,13.12,-0.819,entry,18.0
2018-10-16 10:29:00,2018-10-16 10:41:00,SHORT,1,7157.75,7171.0,-26.5,13.72,-0.966,entry,12.0
2018-10-16 10:51:00,2018-10-16 15:59:00,LONG,1,7189.75,7291.0,202.5,18.82,5.38,entry,308.0
2018-10-17 09:35:00,2018-10-17 09:54:00,SHORT,1,7291.75,7290.75,2.0,16.15,0.062,entry,19.0
2018-10-17 09:58:00,2018-10-17 11:09:00,SHORT,1,7274.25,7265.5,17.5,13.7,0.639,entry,71.0
2018-10-17 11:42:00,2018-10-17 14:15:00,LONG,1,7282.25,7270.25,-24.0,17.4,-0.69,entry,153.0
2018-10-17 14:21:00,2018-10-17 14:40:00,SHORT,1,7257.0,7278.5,-43.0,17.44,-1.233,entry,19.0
2018-10-17 14:53:00,2018-10-17 15:43:00,LONG,1,7295.0,7275.5,-39.0,20.81,-0.937,entry,50.0
2018-10-17 15:50:00,2018-10-17 15:59:00,LONG,1,7291.5,7296.75,10.5,15.34,0.342,entry,9.0
2018-10-18 09:35:00,2018-10-18 09:39:00,SHORT,1,7228.75,7247.5,-37.5,17.62,-1.064,entry,4.0
2018-10-18 10:00:00,2018-10-18 10:23:00,SHORT,1,7221.25,7236.75,-31.0,21.86,-0.709,entry,23.0
2018-10-18 10:27:00,2018-10-18 10:31:00,SHORT,1,7220.5,7239.0,-37.0,15.42,-1.2,entry,4.0
2018-10-18 10:57:00,2018-10-18 11:01:00,LONG,1,7251.25,7235.25,-32.0,14.38,-1.113,entry,4.0
2018-10-18 11:09:00,2018-10-18 15:59:00,SHORT,1,7221.0,7131.75,178.5,15.48,5.764,entry,290.0
2018-10-19 09:38:00,2018-10-19 10:41:00,LONG,1,7207.25,7213.25,12.0,19.5,0.308,entry,63.0
2018-10-19 10:50:00,2018-10-19 11:00:00,SHORT,1,7203.0,7222.25,-38.5,14.19,-1.357,entry,10.0
2018-10-19 11:21:00,2018-10-19 15:59:00,SHORT,1,7201.0,7119.25,163.5,15.46,5.289,entry,278.0
2018-10-22 09:39:00,2018-10-22 10:34:00,SHORT,1,7143.75,7140.5,6.5,21.8,0.149,entry,55.0
2018-10-22 10:38:00,2018-10-22 12:14:00,LONG,1,7149.5,7145.75,-7.5,17.98,-0.209,entry,96.0
2018-10-22 12:41:00,2018-10-22 13:50:00,LONG,1,7170.75,7155.25,-31.0,16.37,-0.947,entry,69.0
2018-10-22 14:47:00,2018-10-22 15:59:00,LONG,1,7171.25,7155.75,-31.0,14.62,-1.06,entry,72.0
2018-10-23 09:32:00,2018-10-23 09:33:00,LONG,1,7035.25,7017.5,-35.5,16.48,-1.077,entry,1.0
2018-10-23 09:36:00,2018-10-23 09:39:00,LONG,1,7038.75,7023.0,-31.5,17.22,-0.914,entry,3.0
2018-10-23 10:01:00,2018-10-23 10:48:00,SHORT,1,6994.75,6999.25,-9.0,28.58,-0.157,entry,47.0
2018-10-23 11:00:00,2018-10-23 11:10:00,SHORT,1,6982.5,7009.5,-54.0,15.2,-1.777,entry,10.0
2018-10-23 11:19:00,2018-10-23 11:58:00,LONG,1,7013.75,6996.5,-34.5,16.14,-1.069,entry,39.0
2018-10-23 12:05:00,2018-10-23 15:59:00,LONG,1,7014.5,7132.25,235.5,14.13,8.334,entry,234.0
2018-10-24 09:48:00,2018-10-24 10:08:00,SHORT,1,7094.25,7105.0,-21.5,18.61,-0.578,entry,20.0
2018-10-24 10:14:00,2018-10-24 15:59:00,SHORT,1,7086.0,6798.25,575.5,14.72,19.542,entry,345.0
2018-10-25 09:40:00,2018-10-25 09:43:00,SHORT,1,6877.25,6902.0,-49.5,28.24,-0.877,entry,3.0
2018-10-25 09:48:00,2018-10-25 15:59:00,LONG,1,6921.0,7030.5,219.0,17.6,6.221,entry,371.0
2018-10-26 09:35:00,2018-10-26 10:00:00,LONG,1,6836.25,6845.75,19.0,20.43,0.465,entry,25.0
2018-10-26 10:01:00,2018-10-26 10:25:00,SHORT,1,6830.75,6837.75,-14.0,20.38,-0.343,entry,24.0
2018-10-26 10:27:00,2018-10-26 11:20:00,SHORT,1,6819.5,6819.75,-0.5,16.99,-0.015,entry,53.0
2018-10-26 11:24:00,2018-10-26 14:48:00,LONG,1,6837.75,6854.5,33.5,20.58,0.814,entry,204.0
2018-10-26 14:55:00,2018-10-26 15:22:00,SHORT,1,6840.0,6865.25,-50.5,19.52,-1.293,entry,27.0
2018-10-26 15:25:00,2018-10-26 15:48:00,SHORT,1,6838.5,6857.25,-37.5,18.64,-1.006,entry,23.0
2018-10-26 15:50:00,2018-10-26 15:56:00,LONG,1,6887.75,6851.0,-73.5,31.35,-1.172,entry,6.0
2018-10-26 15:58:00,2018-10-26 15:59:00,SHORT,1,6829.5,6858.0,-57.0,26.96,-1.057,entry,1.0
2018-10-29 09:42:00,2018-10-29 09:48:00,SHORT,1,6928.5,6948.75,-40.5,19.13,-1.059,entry,6.0
2018-10-29 09:52:00,2018-10-29 09:58:00,SHORT,1,6924.25,6943.0,-37.5,17.93,-1.046,entry,6.0
2018-10-29 10:01:00,2018-10-29 10:32:00,LONG,1,6963.0,6949.25,-27.5,20.85,-0.659,entry,31.0
2018-10-29 10:37:00,2018-10-29 15:59:00,SHORT,1,6927.75,6730.25,395.0,22.52,8.77,entry,322.0
2018-10-30 09:32:00,2018-10-30 09:36:00,LONG,1,6716.5,6687.75,-57.5,26.84,-1.071,entry,4.0
2018-10-30 09:40:00,2018-10-30 10:35:00,LONG,1,6720.25,6741.25,42.0,22.69,0.926,entry,55.0
2018-10-30 10:37:00,2018-10-30 11:06:00,SHORT,1,6722.75,6756.25,-67.0,20.52,-1.633,entry,29.0
2018-10-30 11:15:00,2018-10-30 11:18:00,SHORT,1,6718.25,6741.5,-46.5,19.72,-1.179,entry,3.0
2018-10-30 11:27:00,2018-10-30 12:57:00,LONG,1,6766.0,6746.25,-39.5,27.44,-0.72,entry,90.0
2018-10-30 13:01:00,2018-10-30 13:59:00,SHORT,1,6728.75,6744.25,-31.0,20.07,-0.772,entry,58.0
2018-10-30 14:07:00,2018-10-30 14:50:00,SHORT,1,6716.0,6753.75,-75.5,27.5,-1.373,entry,43.0
2018-10-30 14:56:00,2018-10-30 15:59:00,LONG,1,6763.75,6817.75,108.0,21.84,2.472,entry,63.0
2018-10-31 09:42:00,2018-10-31 11:03:00,LONG,1,6963.0,6971.75,17.5,20.23,0.433,entry,81.0
2018-10-31 11:13:00,2018-10-31 11:22:00,SHORT,1,6956.0,6986.75,-61.5,21.41,-1.436,entry,9.0
2018-10-31 11:41:00,2018-10-31 12:22:00,SHORT,1,6958.0,6975.75,-35.5,19.37,-0.916,entry,41.0
2018-10-31 12:54:00,2018-10-31 15:47:00,LONG,1,6992.5,6987.5,-10.0,19.31,-0.259,entry,173.0
2018-11-01 09:46:00,2018-11-01 09:53:00,SHORT,1,6964.25,6986.0,-43.5,29.44,-0.739,entry,7.0
2018-11-01 10:00:00,2018-11-01 10:10:00,SHORT,1,6961.25,6979.75,-37.0,20.65,-0.896,entry,10.0
2018-11-01 10:33:00,2018-11-01 15:59:00,LONG,1,7012.0,7073.25,122.5,33.99,1.802,entry,326.0
2018-11-02 09:40:00,2018-11-02 09:52:00,LONG,1,7072.0,7057.5,-29.0,21.81,-0.665,entry,12.0
2018-11-02 09:58:00,2018-11-02 15:24:00,SHORT,1,7037.25,6982.25,110.0,22.71,2.422,entry,326.0
2018-11-02 15:30:00,2018-11-02 15:59:00,SHORT,1,6959.25,6965.5,-12.5,22.81,-0.274,entry,29.0
2018-11-05 09:42:00,2018-11-05 10:57:00,SHORT,1,6918.5,6904.0,29.0,20.42,0.71,entry,75.0
2018-11-05 14:19:00,2018-11-05 15:59:00,LONG,1,6928.0,6943.0,30.0,26.51,0.566,entry,100.0
2018-11-06 09:35:00,2018-11-06 10:36:00,LONG,1,6996.0,7003.5,15.0,23.84,0.315,entry,61.0
2018-11-06 10:50:00,2018-11-06 12:32:00,SHORT,1,6983.0,6995.25,-24.5,19.53,-0.627,entry,102.0
2018-11-06 14:01:00,2018-11-06 15:53:00,SHORT,1,6974.5,6989.0,-29.0,19.07,-0.76,entry,112.0
2018-11-07 09:38:00,2018-11-07 09:46:00,LONG,1,7100.75,7083.5,-34.5,18.76,-0.92,entry,8.0
2018-11-07 10:02:00,2018-11-07 15:59:00,LONG,1,7114.25,7210.25,192.0,25.95,3.699,entry,357.0
2018-11-08 09:52:00,2018-11-08 10:11:00,LONG,1,7192.0,7176.75,-30.5,20.25,-0.753,entry,19.0
2018-11-08 13:27:00,2018-11-08 14:07:00,SHORT,1,7159.75,7178.5,-37.5,18.2,-1.03,entry,40.0
2018-11-08 14:30:00,2018-11-08 15:59:00,SHORT,1,7154.75,7168.25,-27.0,20.67,-0.653,entry,89.0
2018-11-09 09:37:00,2018-11-09 10:00:00,SHORT,1,7083.0,7089.0,-12.0,18.2,-0.33,entry,23.0
2018-11-09 10:09:00,2018-11-09 10:39:00,SHORT,1,7064.0,7079.75,-31.5,21.71,-0.725,entry,30.0
2018-11-09 10:52:00,2018-11-09 15:13:00,SHORT,1,7057.25,7047.25,20.0,18.16,0.551,entry,261.0
2018-11-09 15:44:00,2018-11-09 15:59:00,LONG,1,7064.5,7046.0,-37.0,18.5,-1.0,entry,15.0
2018-11-12 09:33:00,2018-11-12 14:11:00,SHORT,1,6965.5,6893.5,144.0,20.32,3.543,entry,278.0
2018-11-12 14:35:00,2018-11-12 14:45:00,SHORT,1,6873.0,6901.0,-56.0,17.65,-1.586,entry,10.0
2018-11-12 14:58:00,2018-11-12 15:59:00,SHORT,1,6867.75,6838.25,59.0,22.58,1.307,entry,61.0
2018-11-13 09:33:00,2018-11-13 09:42:00,LONG,1,6910.75,6894.75,-32.0,18.16,-0.881,entry,9.0
2018-11-13 09:52:00,2018-11-13 10:09:00,SHORT,1,6877.25,6885.25,-16.0,20.94,-0.382,entry,17.0
2018-11-13 10:21:00,2018-11-13 10:38:00,SHORT,1,6861.75,6880.0,-36.5,22.06,-0.827,entry,17.0
2018-11-13 10:57:00,2018-11-13 12:06:00,LONG,1,6908.0,6896.5,-23.0,28.8,-0.399,entry,69.0
2018-11-13 12:26:00,2018-11-13 12:30:00,LONG,1,6918.75,6894.75,-48.0,21.39,-1.122,entry,4.0
2018-11-13 12:41:00,2018-11-13 13:39:00,SHORT,1,6870.75,6901.5,-61.5,26.29,-1.17,entry,58.0
2018-11-13 13:58:00,2018-11-13 15:59:00,SHORT,1,6876.25,6838.5,75.5,18.0,2.097,entry,121.0
2018-11-14 09:52:00,2018-11-14 14:57:00,SHORT,1,6889.25,6828.75,121.0,18.17,3.33,entry,305.0
2018-11-14 15:07:00,2018-11-14 15:26:00,LONG,1,6844.0,6824.5,-39.0,17.99,-1.084,entry,19.0
2018-11-14 15:40:00,2018-11-14 15:59:00,SHORT,1,6807.5,6782.25,50.5,18.8,1.343,entry,19.0
2018-11-15 09:35:00,2018-11-15 09:51:00,LONG,1,6781.75,6775.5,-12.5,20.88,-0.299,entry,16.0
2018-11-15 09:59:00,2018-11-15 10:51:00,SHORT,1,6760.5,6763.0,-5.0,17.8,-0.14,entry,52.0
2018-11-15 11:04:00,2018-11-15 15:59:00,LONG,1,6787.5,6903.5,232.0,26.0,4.461,entry,295.0
2018-11-16 09:46:00,2018-11-16 11:12:00,LONG,1,6848.5,6858.25,19.5,21.2,0.46,entry,86.0
2018-11-16 11:41:00,2018-11-16 12:35:00,SHORT,1,6838.75,6870.5,-63.5,22.23,-1.428,entry,54.0
2018-11-16 12:37:00,2018-11-16 13:06:00,LONG,1,6880.0,6858.25,-43.5,23.43,-0.928,entry,29.0
2018-11-16 13:42:00,2018-11-16 14:00:00,SHORT,1,6841.25,6859.75,-37.0,18.73,-0.988,entry,18.0
2018-11-16 14:31:00,2018-11-16 15:59:00,LONG,1,6878.5,6879.0,1.0,18.82,0.027,entry,88.0
2018-11-19 09:35:00,2018-11-19 09:47:00,SHORT,1,6816.5,6830.0,-27.0,20.41,-0.662,entry,12.0
2018-11-19 09:50:00,2018-11-19 15:59:00,SHORT,1,6805.25,6652.75,305.0,21.83,6.986,entry,369.0
2018-11-20 09:32:00,2018-11-20 09:50:00,LONG,1,6519.5,6512.0,-15.0,18.8,-0.399,entry,18.0
2018-11-20 09:52:00,2018-11-20 10:01:00,SHORT,1,6504.5,6522.0,-35.0,21.49,-0.814,entry,9.0
2018-11-20 10:05:00,2018-11-20 10:20:00,SHORT,1,6498.5,6508.25,-19.5,19.43,-0.502,entry,15.0
2018-11-20 10:23:00,2018-11-20 13:19:00,LONG,1,6527.5,6546.75,38.5,19.33,0.996,entry,176.0
2018-11-20 13:24:00,2018-11-20 13:42:00,SHORT,1,6531.5,6557.5,-52.0,19.65,-1.323,entry,18.0
2018-11-20 13:59:00,2018-11-20 14:34:00,SHORT,1,6530.5,6552.0,-43.0,20.27,-1.061,entry,35.0
2018-11-20 14:43:00,2018-11-20 15:39:00,SHORT,1,6530.5,6552.75,-44.5,18.75,-1.187,entry,56.0
2018-11-20 15:48:00,2018-11-20 15:59:00,SHORT,1,6524.0,6536.0,-24.0,22.35,-0.537,entry,11.0
2018-11-21 09:40:00,2018-11-21 09:57:00,SHORT,1,6604.5,6611.5,-14.0,20.36,-0.344,entry,17.0
2018-11-21 10:02:00,2018-11-21 10:09:00,LONG,1,6632.75,6601.75,-62.0,22.08,-1.404,entry,7.0
2018-11-21 10:12:00,2018-11-21 10:17:00,SHORT,1,6593.25,6615.0,-43.5,18.68,-1.164,entry,5.0
2018-11-21 10:25:00,2018-11-21 10:37:00,LONG,1,6630.5,6607.5,-46.0,18.5,-1.243,entry,12.0
2018-11-21 10:46:00,2018-11-21 10:53:00,SHORT,1,6594.25,6614.5,-40.5,18.03,-1.123,entry,7.0
2018-11-21 11:11:00,2018-11-21 12:03:00,LONG,1,6632.5,6616.5,-32.0,20.03,-0.799,entry,52.0
2018-11-21 12:57:00,2018-11-21 13:23:00,LONG,1,6635.75,6616.0,-39.5,18.85,-1.048,entry,26.0
2018-11-21 15:31:00,2018-11-21 15:59:00,SHORT,1,6597.5,6583.5,28.0,20.51,0.683,entry,28.0
2018-11-22 10:27:00,2018-11-22 11:41:00,SHORT,1,6523.75,6529.5,-11.5,19.48,-0.295,entry,74.0
2018-11-23 09:37:00,2018-11-23 10:11:00,LONG,1,6576.0,6572.25,-7.5,18.28,-0.205,entry,34.0
2018-11-23 11:51:00,2018-11-23 13:14:00,SHORT,1,6554.25,6530.5,47.5,17.91,1.326,entry,83.0
2018-11-26 09:53:00,2018-11-26 10:26:00,LONG,1,6639.0,6633.25,-11.5,17.85,-0.322,entry,33.0
2018-11-26 10:54:00,2018-11-26 11:07:00,LONG,1,6651.75,6635.75,-32.0,16.89,-0.947,entry,13.0
2018-11-26 11:13:00,2018-11-26 11:30:00,LONG,1,6652.75,6638.0,-29.5,16.2,-0.911,entry,17.0
2018-11-26 11:37:00,2018-11-26 12:07:00,SHORT,1,6620.5,6641.25,-41.5,17.24,-1.203,entry,30.0
2018-11-26 12:25:00,2018-11-26 13:23:00,SHORT,1,6619.0,6634.25,-30.5,17.68,-0.863,entry,58.0
2018-11-26 14:06:00,2018-11-26 15:59:00,LONG,1,6650.25,6685.25,70.0,16.77,2.087,entry,113.0
2018-11-27 09:38:00,2018-11-27 09:49:00,SHORT,1,6633.75,6642.5,-17.5,19.23,-0.455,entry,11.0
2018-11-27 09:57:00,2018-11-27 12:28:00,LONG,1,6667.0,6677.75,21.5,23.17,0.464,entry,151.0
2018-11-27 13:59:00,2018-11-27 15:32:00,LONG,1,6704.0,6684.5,-39.0,22.63,-0.862,entry,93.0
2018-11-27 15:41:00,2018-11-27 15:59:00,LONG,1,6701.25,6706.75,11.0,16.16,0.34,entry,18.0
2018-11-28 10:30:00,2018-11-28 11:12:00,SHORT,1,6728.25,6741.75,-27.0,17.58,-0.768,entry,42.0
2018-11-28 11:24:00,2018-11-28 11:44:00,SHORT,1,6723.75,6740.5,-33.5,16.09,-1.041,entry,20.0
2018-11-28 12:00:00,2018-11-28 15:59:00,LONG,1,6767.0,6919.75,305.5,27.48,5.559,entry,239.0
2018-11-29 10:18:00,2018-11-29 10:30:00,SHORT,1,6869.75,6891.75,-44.0,20.49,-1.074,entry,12.0
2018-11-29 10:42:00,2018-11-29 11:29:00,SHORT,1,6868.25,6876.5,-16.5,17.5,-0.471,entry,47.0
2018-11-29 11:54:00,2018-11-29 12:13:00,LONG,1,6896.0,6877.25,-37.5,18.76,-0.999,entry,19.0
2018-11-29 12:31:00,2018-11-29 15:59:00,LONG,1,6894.75,6898.75,8.0,16.84,0.238,entry,208.0
2018-11-30 10:30:00,2018-11-30 11:12:00,LONG,1,6913.5,6901.25,-24.5,19.42,-0.631,entry,42.0
2018-11-30 13:02:00,2018-11-30 13:33:00,SHORT,1,6888.25,6908.0,-39.5,15.93,-1.24,entry,31.0
2018-11-30 13:49:00,2018-11-30 15:59:00,LONG,1,6920.25,6950.5,60.5,16.68,1.813,entry,130.0
2018-12-03 09:39:00,2018-12-03 10:11:00,SHORT,1,7066.0,7068.5,-5.0,17.46,-0.143,entry,32.0
2018-12-03 10:22:00,2018-12-03 10:39:00,LONG,1,7084.75,7071.0,-27.5,16.82,-0.817,entry,17.0
2018-12-03 10:50:00,2018-12-03 12:34:00,SHORT,1,7055.0,7062.25,-14.5,15.86,-0.457,entry,104.0
2018-12-03 12:52:00,2018-12-03 13:17:00,SHORT,1,7040.0,7062.0,-44.0,20.79,-1.058,entry,25.0
2018-12-03 13:35:00,2018-12-03 15:15:00,SHORT,1,7043.75,7059.0,-30.5,16.52,-0.923,entry,100.0
2018-12-04 09:53:00,2018-12-04 10:01:00,SHORT,1,7014.5,7032.5,-36.0,17.35,-1.038,entry,8.0
2018-12-04 11:15:00,2018-12-04 15:59:00,SHORT,1,7014.5,6801.0,427.0,16.17,13.202,entry,284.0
2018-12-06 09:33:00,2018-12-06 09:34:00,SHORT,1,6646.25,6679.0,-65.5,16.3,-2.009,entry,1.0
2018-12-06 09:35:00,2018-12-06 09:50:00,LONG,1,6688.25,6691.5,6.5,21.24,0.153,entry,15.0
2018-12-06 09:52:00,2018-12-06 10:01:00,SHORT,1,6676.0,6690.0,-28.0,17.02,-0.822,entry,9.0
2018-12-06 10:05:00,2018-12-06 10:07:00,SHORT,1,6671.0,6700.25,-58.5,16.37,-1.786,entry,2.0
2018-12-06 10:15:00,2018-12-06 10:48:00,LONG,1,6711.75,6685.0,-53.5,23.45,-1.141,entry,33.0
2018-12-06 10:58:00,2018-12-06 11:46:00,SHORT,1,6673.0,6689.0,-32.0,19.89,-0.804,entry,48.0
2018-12-06 11:52:00,2018-12-06 15:59:00,LONG,1,6711.25,6843.75,265.0,25.68,5.159,entry,247.0
2018-12-07 09:39:00,2018-12-07 09:49:00,LONG,1,6836.75,6821.75,-30.0,18.9,-0.794,entry,10.0
2018-12-07 10:09:00,2018-12-07 15:59:00,SHORT,1,6808.0,6615.5,385.0,17.03,11.303,entry,350.0
2018-12-10 09:31:00,2018-12-10 09:48:00,LONG,1,6634.75,6637.5,5.5,17.88,0.154,entry,17.0
2018-12-10 09:49:00,2018-12-10 10:05:00,SHORT,1,6628.5,6628.5,-0.0,17.39,-0.0,entry,16.0
2018-12-10 10:14:00,2018-12-10 10:27:00,LONG,1,6647.75,6621.5,-52.5,19.61,-1.339,entry,13.0
2018-12-10 10:31:00,2018-12-10 11:45:00,SHORT,1,6612.5,6612.25,0.5,17.55,0.014,entry,74.0
2018-12-10 11:58:00,2018-12-10 12:36:00,SHORT,1,6583.0,6607.5,-49.0,19.25,-1.273,entry,38.0
2018-12-10 12:37:00,2018-12-10 15:59:00,LONG,1,6620.75,6685.0,128.5,21.4,3.002,entry,202.0
2018-12-11 10:10:00,2018-12-11 10:21:00,SHORT,1,6752.0,6772.75,-41.5,24.71,-0.84,entry,11.0
2018-12-11 10:49:00,2018-12-11 15:10:00,SHORT,1,6753.5,6745.25,16.5,19.81,0.417,entry,261.0
2018-12-11 15:13:00,2018-12-11 15:40:00,LONG,1,6758.5,6732.0,-53.0,22.8,-1.163,entry,27.0
2018-12-11 15:55:00,2018-12-11 15:59:00,SHORT,1,6710.0,6706.25,7.5,26.02,0.144,entry,4.0
2018-12-12 10:03:00,2018-12-12 14:06:00,LONG,1,6816.5,6831.25,29.5,18.67,0.79,entry,243.0
2018-12-12 14:11:00,2018-12-12 15:59:00,SHORT,1,6817.0,6766.5,101.0,17.4,2.903,entry,108.0
2018-12-13 09:38:00,2018-12-13 09:44:00,LONG,1,6824.5,6806.75,-35.5,20.1,-0.883,entry,6.0
2018-12-13 09:54:00,2018-12-13 10:03:00,SHORT,1,6783.5,6810.5,-54.0,23.35,-1.157,entry,9.0
2018-12-13 10:11:00,2018-12-13 10:29:00,LONG,1,6824.5,6803.25,-42.5,18.62,-1.141,entry,18.0
2018-12-13 10:34:00,2018-12-13 11:44:00,SHORT,1,6790.25,6793.0,-5.5,18.81,-0.146,entry,70.0
2018-12-13 11:52:00,2018-12-13 13:40:00,SHORT,1,6770.5,6778.5,-16.0,18.76,-0.426,entry,108.0
2018-12-13 13:51:00,2018-12-13 15:43:00,SHORT,1,6755.25,6773.75,-37.0,21.28,-0.869,entry,112.0
2018-12-14 09:58:00,2018-12-14 10:27:00,LONG,1,6720.75,6704.75,-32.0,19.89,-0.804,entry,29.0
2018-12-14 10:47:00,2018-12-14 11:12:00,LONG,1,6727.5,6712.25,-30.5,18.37,-0.83,entry,25.0
2018-12-14 11:47:00,2018-12-14 15:59:00,SHORT,1,6692.75,6618.0,149.5,20.29,3.684,entry,252.0
2018-12-17 09:41:00,2018-12-17 10:01:00,SHORT,1,6556.5,6559.75,-6.5,20.37,-0.16,entry,20.0
2018-12-17 10:12:00,2018-12-17 12:34:00,LONG,1,6583.25,6587.75,9.0,24.97,0.18,entry,142.0
2018-12-17 12:53:00,2018-12-17 15:59:00,SHORT,1,6571.5,6480.25,182.5,19.25,4.741,entry,186.0
2018-12-18 09:55:00,2018-12-18 10:02:00,LONG,1,6547.0,6528.5,-37.0,18.59,-0.995,entry,7.0
2018-12-18 11:23:00,2018-12-18 11:36:00,SHORT,1,6511.75,6531.0,-38.5,18.23,-1.056,entry,13.0
2018-12-18 12:05:00,2018-12-18 13:39:00,LONG,1,6553.0,6535.75,-34.5,24.3,-0.71,entry,94.0
2018-12-18 14:09:00,2018-12-18 14:18:00,LONG,1,6556.75,6530.75,-52.0,19.65,-1.323,entry,9.0
2018-12-18 14:42:00,2018-12-18 15:45:00,SHORT,1,6512.5,6531.0,-37.0,24.58,-0.753,entry,63.0
2018-12-18 15:49:00,2018-12-18 15:56:00,LONG,1,6547.75,6523.75,-48.0,22.04,-1.089,entry,7.0
2018-12-19 09:40:00,2018-12-19 11:09:00,LONG,1,6537.25,6560.75,47.0,19.08,1.232,entry,89.0
2018-12-19 11:59:00,2018-12-19 12:57:00,LONG,1,6579.25,6563.25,-32.0,17.01,-0.94,entry,58.0
2018-12-19 13:08:00,2018-12-19 13:43:00,SHORT,1,6548.25,6567.0,-37.5,16.87,-1.111,entry,35.0
2018-12-19 13:59:00,2018-12-19 14:00:00,LONG,1,6591.0,6512.25,-157.5,27.17,-2.898,entry,1.0
2018-12-19 14:00:00,2018-12-19 15:59:00,SHORT,1,6512.25,6353.0,318.5,51.12,3.115,reverse,119.0
2018-12-20 09:34:00,2018-12-20 09:40:00,LONG,1,6376.25,6341.25,-70.0,27.19,-1.287,entry,6.0
2018-12-20 09:42:00,2018-12-20 09:46:00,SHORT,1,6331.75,6357.75,-52.0,21.54,-1.207,entry,4.0
2018-12-20 09:48:00,2018-12-20 09:50:00,SHORT,1,6332.0,6349.75,-35.5,18.59,-0.955,entry,2.0
2018-12-20 09:53:00,2018-12-20 09:55:00,SHORT,1,6327.25,6347.5,-40.5,20.69,-0.979,entry,2.0
2018-12-20 09:58:00,2018-12-20 10:19:00,LONG,1,6373.75,6356.25,-35.0,25.41,-0.689,entry,21.0
2018-12-20 10:35:00,2018-12-20 10:41:00,SHORT,1,6338.5,6365.75,-54.5,19.3,-1.412,entry,6.0
2018-12-20 10:43:00,2018-12-20 10:48:00,LONG,1,6380.5,6354.0,-53.0,22.53,-1.176,entry,5.0
2018-12-20 10:52:00,2018-12-20 10:58:00,SHORT,1,6337.0,6357.0,-40.0,20.69,-0.967,entry,6.0
2018-12-20 11:01:00,2018-12-20 14:45:00,SHORT,1,6336.5,6297.5,78.0,20.14,1.937,entry,224.0
2018-12-20 14:49:00,2018-12-20 14:53:00,LONG,1,6311.75,6291.0,-41.5,19.75,-1.051,entry,4.0
2018-12-20 14:55:00,2018-12-20 15:12:00,SHORT,1,6273.25,6291.5,-36.5,18.78,-0.972,entry,17.0
2018-12-20 15:44:00,2018-12-20 15:59:00,SHORT,1,6261.25,6262.5,-2.5,29.79,-0.042,entry,15.0
2018-12-21 09:48:00,2018-12-21 10:13:00,SHORT,1,6271.0,6290.0,-38.0,19.39,-0.98,entry,25.0
2018-12-21 10:14:00,2018-12-21 10:36:00,LONG,1,6295.25,6280.0,-30.5,20.9,-0.73,entry,22.0
2018-12-21 10:52:00,2018-12-21 15:59:00,SHORT,1,6255.0,6063.25,383.5,27.26,7.033,entry,307.0
2018-12-24 09:34:00,2018-12-24 09:35:00,LONG,1,6060.75,6030.25,-61.0,19.42,-1.57,entry,1.0
2018-12-24 09:36:00,2018-12-24 10:11:00,SHORT,1,6019.25,5991.25,56.0,20.05,1.397,entry,35.0
2018-12-24 10:28:00,2018-12-24 11:17:00,LONG,1,6014.75,6012.5,-4.5,23.09,-0.097,entry,49.0
2018-12-24 11:46:00,2018-12-24 13:14:00,SHORT,1,5984.25,5894.0,180.5,28.99,3.113,entry,88.0
2018-12-26 09:33:00,2018-12-26 09:44:00,LONG,1,6025.25,6019.25,-12.0,21.91,-0.274,entry,11.0
2018-12-26 09:58:00,2018-12-26 11:16:00,SHORT,1,6000.5,5997.75,5.5,19.16,0.144,entry,78.0
2018-12-26 11:28:00,2018-12-26 15:59:00,LONG,1,6014.0,6277.5,527.0,25.7,10.253,entry,271.0
2018-12-27 09:37:00,2018-12-27 09:43:00,LONG,1,6213.5,6194.75,-37.5,21.72,-0.863,entry,6.0
2018-12-27 09:47:00,2018-12-27 10:01:00,SHORT,1,6176.5,6186.75,-20.5,20.6,-0.498,entry,14.0
2018-12-27 10:08:00,2018-12-27 11:27:00,SHORT,1,6158.25,6164.0,-11.5,25.32,-0.227,entry,79.0
2018-12-27 11:32:00,2018-12-27 11:40:00,LONG,1,6181.0,6157.0,-48.0,21.51,-1.116,entry,8.0
2018-12-27 11:44:00,2018-12-27 14:52:00,SHORT,1,6137.75,6143.75,-12.0,21.78,-0.275,entry,188.0
2018-12-27 15:11:00,2018-12-27 15:59:00,LONG,1,6165.25,6302.75,275.0,27.99,4.912,entry,48.0
2018-12-28 09:34:00,2018-12-28 09:41:00,SHORT,1,6305.5,6318.0,-25.0,22.98,-0.544,entry,7.0
2018-12-28 09:46:00,2018-12-28 09:50:00,LONG,1,6345.75,6315.25,-61.0,27.21,-1.121,entry,4.0
2018-12-28 10:13:00,2018-12-28 11:29:00,SHORT,1,6295.0,6300.5,-11.0,23.36,-0.235,entry,76.0
2018-12-28 11:39:00,2018-12-28 13:24:00,LONG,1,6321.75,6296.25,-51.0,21.84,-1.168,entry,105.0
2018-12-28 13:51:00,2018-12-28 15:26:00,LONG,1,6326.25,6312.5,-27.5,21.21,-0.648,entry,95.0
2018-12-28 15:39:00,2018-12-28 15:59:00,SHORT,1,6291.25,6298.5,-14.5,28.15,-0.258,entry,20.0
2018-12-31 09:51:00,2018-12-31 10:03:00,SHORT,1,6338.0,6356.5,-37.0,22.4,-0.826,entry,12.0
2018-12-31 10:14:00,2018-12-31 11:53:00,SHORT,1,6326.5,6326.5,-0.0,25.43,-0.0,entry,99.0
2018-12-31 12:44:00,2018-12-31 13:54:00,LONG,1,6346.75,6328.0,-37.5,20.54,-0.913,entry,70.0
2018-12-31 14:29:00,2018-12-31 14:47:00,SHORT,1,6305.25,6327.25,-44.0,22.6,-0.974,entry,18.0
2018-12-31 15:51:00,2018-12-31 15:59:00,SHORT,1,6305.75,6345.75,-80.0,20.63,-1.939,entry,8.0
2019-01-02 09:45:00,2019-01-02 15:59:00,LONG,1,6256.5,6373.25,233.5,20.89,5.588,entry,374.0
2019-01-03 09:39:00,2019-01-03 09:42:00,SHORT,1,6264.75,6289.25,-49.0,22.0,-1.114,entry,3.0
2019-01-03 09:46:00,2019-01-03 11:11:00,SHORT,1,6262.75,6238.0,49.5,20.32,1.218,entry,85.0
2019-01-03 11:22:00,2019-01-03 11:26:00,LONG,1,6252.0,6230.25,-43.5,20.95,-1.038,entry,4.0
2019-01-03 11:37:00,2019-01-03 12:07:00,LONG,1,6257.75,6235.25,-45.0,26.17,-0.86,entry,30.0
2019-01-03 13:15:00,2019-01-03 15:59:00,SHORT,1,6208.75,6158.75,100.0,27.17,1.84,entry,164.0
2019-01-04 09:42:00,2019-01-04 15:59:00,LONG,1,6282.25,6435.5,306.5,20.48,7.481,entry,377.0
2019-01-07 10:30:00,2019-01-07 15:59:00,LONG,1,6465.75,6500.5,69.5,24.21,1.435,entry,329.0
2019-01-08 09:48:00,2019-01-08 12:04:00,SHORT,1,6551.5,6527.75,47.5,21.66,1.097,entry,136.0
2019-01-08 13:52:00,2019-01-08 15:59:00,LONG,1,6552.5,6564.5,24.0,23.77,0.505,entry,127.0
2019-01-09 10:43:00,2019-01-09 11:02:00,SHORT,1,6573.5,6597.25,-47.5,20.66,-1.15,entry,19.0
2019-01-09 11:52:00,2019-01-09 14:23:00,LONG,1,6620.0,6599.0,-42.0,25.57,-0.821,entry,151.0
2019-01-09 14:46:00,2019-01-09 15:48:00,LONG,1,6624.0,6604.25,-39.5,19.85,-0.995,entry,62.0
2019-01-10 09:55:00,2019-01-10 10:01:00,SHORT,1,6528.5,6551.5,-46.0,21.38,-1.076,entry,6.0
2019-01-10 10:22:00,2019-01-10 13:39:00,LONG,1,6571.75,6578.75,14.0,22.24,0.315,entry,197.0
2019-01-10 14:05:00,2019-01-10 15:59:00,LONG,1,6603.25,6631.0,55.5,23.07,1.203,entry,114.0
2019-01-11 12:33:00,2019-01-11 13:13:00,LONG,1,6611.0,6590.25,-41.5,19.27,-1.077,entry,40.0
2019-01-11 15:39:00,2019-01-11 15:59:00,LONG,1,6613.0,6613.0,0.0,18.7,0.0,entry,20.0
2019-01-14 10:19:00,2019-01-14 14:27:00,LONG,1,6556.5,6556.0,-1.0,18.43,-0.027,entry,248.0
2019-01-14 15:24:00,2019-01-14 15:46:00,LONG,1,6574.25,6556.75,-35.0,17.27,-1.013,entry,22.0
2019-01-15 09:35:00,2019-01-15 10:30:00,LONG,1,6608.25,6633.25,50.0,17.64,1.418,entry,55.0
2019-01-15 11:41:00,2019-01-15 14:28:00,LONG,1,6658.75,6645.25,-27.0,19.77,-0.683,entry,167.0
2019-01-15 15:08:00,2019-01-15 15:59:00,LONG,1,6670.25,6681.75,23.0,19.82,0.58,entry,51.0
2019-01-16 09:46:00,2019-01-16 10:21:00,LONG,1,6726.75,6714.0,-25.5,20.61,-0.619,entry,35.0
2019-01-16 10:37:00,2019-01-16 11:17:00,SHORT,1,6696.0,6708.25,-24.5,18.28,-0.67,entry,40.0
2019-01-16 11:49:00,2019-01-16 14:32:00,SHORT,1,6688.75,6703.0,-28.5,18.19,-0.783,entry,163.0
2019-01-16 15:33:00,2019-01-16 15:59:00,SHORT,1,6683.25,6680.25,6.0,17.06,0.176,entry,26.0
2019-01-17 09:52:00,2019-01-17 10:20:00,LONG,1,6683.0,6672.5,-21.0,18.99,-0.553,entry,28.0
2019-01-17 11:06:00,2019-01-17 15:59:00,LONG,1,6692.75,6730.25,75.0,16.71,2.245,entry,293.0
2019-01-18 09:40:00,2019-01-18 10:18:00,SHORT,1,6753.75,6757.75,-8.0,15.85,-0.252,entry,38.0
2019-01-18 10:37:00,2019-01-18 14:27:00,LONG,1,6776.75,6783.5,13.5,16.37,0.412,entry,230.0
2019-01-18 14:43:00,2019-01-18 15:14:00,SHORT,1,6770.75,6788.0,-34.5,16.34,-1.055,entry,31.0
2019-01-22 09:50:00,2019-01-22 15:59:00,SHORT,1,6717.5,6665.75,103.5,19.34,2.676,entry,369.0
2019-01-23 09:50:00,2019-01-23 10:06:00,LONG,1,6721.25,6708.25,-26.0,16.09,-0.808,entry,16.0
2019-01-23 10:19:00,2019-01-23 15:20:00,SHORT,1,6692.25,6654.5,75.5,15.18,2.487,entry,301.0
2019-01-24 09:45:00,2019-01-24 09:55:00,LONG,1,6704.5,6685.0,-39.0,16.72,-1.166,entry,10.0
2019-01-24 10:14:00,2019-01-24 10:37:00,LONG,1,6706.5,6695.25,-22.5,15.37,-0.732,entry,23.0
2019-01-24 10:49:00,2019-01-24 11:37:00,SHORT,1,6680.75,6696.25,-31.0,15.38,-1.008,entry,48.0
2019-01-24 11:58:00,2019-01-24 12:36:00,LONG,1,6707.5,6685.75,-43.5,15.59,-1.395,entry,38.0
2019-01-24 13:04:00,2019-01-24 14:07:00,SHORT,1,6677.5,6691.25,-27.5,14.44,-0.953,entry,63.0
2019-01-24 15:12:00,2019-01-24 15:59:00,LONG,1,6705.25,6708.0,5.5,15.45,0.178,entry,47.0
2019-01-25 09:59:00,2019-01-25 14:28:00,LONG,1,6768.0,6780.0,24.0,16.44,0.73,entry,269.0
2019-01-28 09:33:00,2019-01-28 10:07:00,SHORT,1,6677.5,6676.0,3.0,14.86,0.101,entry,34.0
2019-01-28 10:21:00,2019-01-28 10:51:00,LONG,1,6690.25,6677.0,-26.5,15.1,-0.877,entry,30.0
2019-01-28 11:47:00,2019-01-28 12:43:00,SHORT,1,6657.75,6677.0,-38.5,20.36,-0.945,entry,56.0
2019-01-28 13:03:00,2019-01-28 13:20:00,SHORT,1,6661.5,6675.75,-28.5,13.86,-1.028,entry,17.0
2019-01-28 13:48:00,2019-01-28 15:59:00,LONG,1,6690.25,6704.25,28.0,14.65,0.956,entry,131.0
2019-01-29 09:43:00,2019-01-29 09:46:00,SHORT,1,6681.0,6695.5,-29.0,14.43,-1.005,entry,3.0
2019-01-29 10:10:00,2019-01-29 15:59:00,SHORT,1,6677.25,6638.0,78.5,15.86,2.475,entry,349.0
2019-01-30 10:00:00,2019-01-30 10:30:00,SHORT,1,6708.0,6716.5,-17.0,14.2,-0.599,entry,30.0
2019-01-30 11:58:00,2019-01-30 15:59:00,LONG,1,6730.75,6814.5,167.5,13.32,6.286,entry,241.0
2019-01-31 09:47:00,2019-01-31 15:04:00,LONG,1,6866.5,6897.75,62.5,14.85,2.104,entry,317.0
2019-01-31 15:14:00,2019-01-31 15:31:00,SHORT,1,6884.5,6902.5,-36.0,16.23,-1.109,entry,17.0
2019-01-31 15:55:00,2019-01-31 15:59:00,LONG,1,6914.25,6910.25,-8.0,13.69,-0.292,entry,4.0
2019-02-01 09:36:00,2019-02-01 09:49:00,LONG,1,6898.75,6886.25,-25.0,15.78,-0.792,entry,13.0
2019-02-01 09:50:00,2019-02-01 10:03:00,SHORT,1,6879.5,6896.25,-33.5,14.52,-1.154,entry,13.0
2019-02-01 10:05:00,2019-02-01 10:54:00,LONG,1,6914.0,6902.5,-23.0,21.41,-0.537,entry,49.0
2019-02-01 11:56:00,2019-02-01 12:20:00,LONG,1,6920.5,6902.25,-36.5,16.76,-1.089,entry,24.0
2019-02-01 12:39:00,2019-02-01 15:59:00,SHORT,1,6887.25,6879.25,16.0,16.49,0.485,entry,200.0
2019-02-04 09:48:00,2019-02-04 15:59:00,LONG,1,6902.0,6963.0,122.0,16.56,3.685,entry,371.0
2019-02-05 09:42:00,2019-02-05 10:09:00,LONG,1,7007.25,6998.75,-17.0,14.03,-0.606,entry,27.0
2019-02-05 10:20:00,2019-02-05 11:22:00,LONG,1,7014.0,7007.25,-13.5,13.22,-0.511,entry,62.0
2019-02-05 12:54:00,2019-02-05 14:00:00,SHORT,1,6992.25,7006.0,-27.5,15.38,-0.894,entry,66.0
2019-02-05 14:06:00,2019-02-05 15:59:00,LONG,1,7019.0,7025.25,12.5,13.33,0.469,entry,113.0
2019-02-06 09:39:00,2019-02-06 09:45:00,SHORT,1,7014.25,7025.75,-23.0,13.83,-0.831,entry,6.0
2019-02-06 10:00:00,2019-02-06 10:43:00,SHORT,1,7013.0,7010.5,5.0,12.88,0.194,entry,43.0
2019-02-06 11:08:00,2019-02-06 11:24:00,LONG,1,7023.25,7006.25,-34.0,12.47,-1.363,entry,16.0
2019-02-06 11:26:00,2019-02-06 11:30:00,SHORT,1,6998.5,7013.5,-30.0,12.59,-1.191,entry,4.0
2019-02-06 12:01:00,2019-02-06 13:17:00,SHORT,1,6998.25,7010.25,-24.0,12.42,-0.966,entry,76.0
2019-02-06 14:03:00,2019-02-06 15:48:00,SHORT,1,6995.25,7009.0,-27.5,13.58,-1.013,entry,105.0
2019-02-07 10:11:00,2019-02-07 10:49:00,LONG,1,6938.25,6927.5,-21.5,13.36,-0.804,entry,38.0
2019-02-07 10:52:00,2019-02-07 15:42:00,SHORT,1,6914.75,6907.5,14.5,16.56,0.438,entry,290.0
2019-02-08 09:46:00,2019-02-08 10:06:00,SHORT,1,6851.0,6863.0,-24.0,12.98,-0.924,entry,20.0
2019-02-08 10:18:00,2019-02-08 10:28:00,SHORT,1,6846.0,6860.0,-28.0,12.76,-1.097,entry,10.0
2019-02-08 10:35:00,2019-02-08 11:02:00,LONG,1,6870.75,6856.25,-29.0,12.73,-1.139,entry,27.0
2019-02-08 11:46:00,2019-02-08 11:54:00,SHORT,1,6847.0,6864.5,-35.0,13.44,-1.302,entry,8.0
2019-02-08 12:00:00,2019-02-08 12:09:00,LONG,1,6875.0,6860.25,-29.5,14.61,-1.009,entry,9.0
2019-02-08 12:48:00,2019-02-08 15:59:00,LONG,1,6873.75,6921.0,94.5,12.76,3.703,entry,191.0
2019-02-11 09:40:00,2019-02-11 10:18:00,SHORT,1,6936.0,6944.5,-17.0,14.31,-0.594,entry,38.0
2019-02-11 10:23:00,2019-02-11 10:46:00,SHORT,1,6924.0,6939.0,-30.0,16.05,-0.935,entry,23.0
2019-02-11 10:55:00,2019-02-11 12:28:00,SHORT,1,6924.75,6932.75,-16.0,13.38,-0.598,entry,93.0
2019-02-11 13:23:00,2019-02-11 15:59:00,SHORT,1,6919.5,6915.75,7.5,12.61,0.297,entry,156.0
2019-02-12 09:42:00,2019-02-12 15:59:00,LONG,1,6983.0,7018.75,71.5,14.99,2.384,entry,377.0
2019-02-13 10:09:00,2019-02-13 10:35:00,SHORT,1,7043.5,7052.25,-17.5,11.95,-0.732,entry,26.0
2019-02-13 11:25:00,2019-02-13 14:42:00,SHORT,1,7036.25,7044.25,-16.0,13.84,-0.578,entry,197.0
2019-02-13 15:45:00,2019-02-13 15:59:00,SHORT,1,7031.25,7021.0,20.5,12.9,0.795,entry,14.0
2019-02-14 09:38:00,2019-02-14 09:44:00,LONG,1,7000.0,6990.5,-19.0,11.28,-0.843,entry,6.0
2019-02-14 09:56:00,2019-02-14 10:37:00,LONG,1,7010.25,6997.5,-25.5,18.95,-0.673,entry,41.0
2019-02-14 10:46:00,2019-02-14 11:02:00,LONG,1,7014.5,7004.0,-21.0,11.56,-0.908,entry,16.0
2019-02-14 11:43:00,2019-02-14 15:59:00,LONG,1,7016.0,7028.0,24.0,11.69,1.026,entry,256.0
2019-02-15 09:35:00,2019-02-15 09:47:00,SHORT,1,7060.25,7068.25,-16.0,11.36,-0.704,entry,12.0
2019-02-15 09:50:00,2019-02-15 10:19:00,SHORT,1,7045.25,7055.25,-20.0,17.78,-0.562,entry,29.0
2019-02-15 10:40:00,2019-02-15 10:50:00,LONG,1,7069.25,7052.0,-34.5,13.35,-1.292,entry,10.0
2019-02-15 11:10:00,2019-02-15 14:42:00,SHORT,1,7044.5,7049.75,-10.5,11.68,-0.449,entry,212.0
2019-02-19 09:36:00,2019-02-19 10:38:00,LONG,1,7062.0,7062.75,1.5,10.25,0.073,entry,62.0
2019-02-19 11:45:00,2019-02-19 15:55:00,LONG,1,7077.0,7069.5,-15.0,10.69,-0.701,entry,250.0
2019-02-20 10:28:00,2019-02-20 11:23:00,LONG,1,7097.5,7089.5,-16.0,9.65,-0.829,entry,55.0
2019-02-20 12:05:00,2019-02-20 14:07:00,SHORT,1,7079.25,7082.5,-6.5,11.99,-0.271,entry,122.0
2019-02-20 14:09:00,2019-02-20 15:44:00,SHORT,1,7066.75,7074.25,-15.0,12.37,-0.606,entry,95.0
2019-02-20 15:50:00,2019-02-20 15:59:00,SHORT,1,7064.0,7071.75,-15.5,9.94,-0.779,entry,9.0
2019-02-21 09:37:00,2019-02-21 09:40:00,SHORT,1,7043.5,7052.5,-18.0,9.88,-0.911,entry,3.0
2019-02-21 09:42:00,2019-02-21 10:55:00,SHORT,1,7038.25,7027.5,21.5,12.63,0.851,entry,73.0
2019-02-21 11:05:00,2019-02-21 14:24:00,LONG,1,7037.5,7035.0,-5.0,10.84,-0.231,entry,199.0
2019-02-21 14:47:00,2019-02-21 15:55:00,SHORT,1,7024.5,7036.75,-24.5,12.33,-0.993,entry,68.0
2019-02-22 09:59:00,2019-02-22 10:18:00,LONG,1,7076.75,7064.5,-24.5,12.1,-1.012,entry,19.0
2019-02-22 10:45:00,2019-02-22 14:35:00,LONG,1,7078.5,7068.75,-19.5,10.0,-0.975,entry,230.0
2019-02-22 14:35:00,2019-02-22 15:21:00,SHORT,1,7068.75,7078.75,-20.0,10.66,-0.938,reverse,46.0
2019-02-22 15:55:00,2019-02-22 15:59:00,LONG,1,7090.25,7095.5,10.5,12.43,0.422,entry,4.0
2019-02-25 10:00:00,2019-02-25 10:12:00,SHORT,1,7147.25,7157.75,-21.0,9.43,-1.113,entry,12.0
2019-02-25 10:36:00,2019-02-25 10:44:00,SHORT,1,7145.5,7156.75,-22.5,9.74,-1.155,entry,8.0
2019-02-25 10:55:00,2019-02-25 11:27:00,LONG,1,7165.25,7156.25,-18.0,9.91,-0.908,entry,32.0
2019-02-25 12:19:00,2019-02-25 15:59:00,SHORT,1,7146.5,7120.5,52.0,9.73,2.672,entry,220.0
2019-02-26 09:43:00,2019-02-26 10:50:00,LONG,1,7115.25,7117.5,4.5,12.84,0.175,entry,67.0
2019-02-26 10:59:00,2019-02-26 11:09:00,SHORT,1,7106.25,7117.5,-22.5,11.19,-1.006,entry,10.0
2019-02-26 11:14:00,2019-02-26 12:09:00,LONG,1,7131.0,7119.0,-24.0,13.69,-0.876,entry,55.0
2019-02-26 14:33:00,2019-02-26 15:59:00,LONG,1,7129.25,7128.5,-1.5,8.96,-0.084,entry,86.0
2019-02-27 09:52:00,2019-02-27 11:09:00,SHORT,1,7099.75,7080.5,38.5,9.15,2.103,entry,77.0
2019-02-27 11:28:00,2019-02-27 15:59:00,LONG,1,7091.0,7122.75,63.5,11.29,2.812,entry,271.0
2019-02-28 09:45:00,2019-02-28 10:00:00,LONG,1,7120.0,7107.75,-24.5,12.13,-1.01,entry,15.0
2019-02-28 10:02:00,2019-02-28 10:35:00,SHORT,1,7101.25,7105.25,-8.0,9.06,-0.442,entry,33.0
2019-02-28 10:50:00,2019-02-28 10:56:00,SHORT,1,7094.5,7103.5,-18.0,9.33,-0.965,entry,6.0
2019-02-28 11:07:00,2019-02-28 11:18:00,SHORT,1,7093.75,7105.25,-23.0,9.46,-1.216,entry,11.0
2019-02-28 11:32:00,2019-02-28 15:05:00,LONG,1,7113.5,7108.75,-9.5,10.05,-0.473,entry,213.0
2019-02-28 15:55:00,2019-02-28 15:59:00,SHORT,1,7098.25,7104.5,-12.5,11.54,-0.542,entry,4.0
2019-03-01 10:01:00,2019-03-01 12:48:00,SHORT,1,7136.25,7134.0,4.5,14.46,0.156,entry,167.0
2019-03-01 13:37:00,2019-03-01 15:59:00,LONG,1,7143.0,7155.5,25.0,9.16,1.365,entry,142.0
2019-03-04 10:10:00,2019-03-04 10:29:00,SHORT,1,7194.75,7200.25,-11.0,8.27,-0.665,entry,19.0
2019-03-04 10:35:00,2019-03-04 14:51:00,SHORT,1,7191.25,7139.25,104.0,8.69,5.987,entry,256.0
2019-03-04 15:01:00,2019-03-04 15:26:00,SHORT,1,7128.0,7136.5,-17.0,8.61,-0.987,entry,25.0
2019-03-04 15:44:00,2019-03-04 15:59:00,LONG,1,7146.75,7155.0,16.5,10.21,0.808,entry,15.0
2019-03-05 09:45:00,2019-03-05 10:00:00,SHORT,1,7141.5,7149.75,-16.5,11.1,-0.743,entry,15.0
2019-03-05 10:05:00,2019-03-05 10:11:00,LONG,1,7160.0,7143.75,-32.5,13.45,-1.208,entry,6.0
2019-03-05 10:28:00,2019-03-05 10:30:00,SHORT,1,7137.0,7152.5,-31.0,9.36,-1.657,entry,2.0
2019-03-05 10:32:00,2019-03-05 15:59:00,LONG,1,7158.75,7160.0,2.5,12.13,0.103,entry,327.0
2019-03-06 09:48:00,2019-03-06 10:00:00,SHORT,1,7148.0,7156.25,-16.5,10.75,-0.767,entry,12.0
2019-03-06 10:18:00,2019-03-06 11:08:00,SHORT,1,7146.5,7145.5,2.0,8.92,0.112,entry,50.0
2019-03-06 11:20:00,2019-03-06 14:11:00,SHORT,1,7134.0,7134.25,-0.5,11.22,-0.022,entry,171.0
2019-03-06 14:33:00,2019-03-06 15:59:00,SHORT,1,7122.25,7117.5,9.5,11.6,0.41,entry,86.0
2019-03-07 09:35:00,2019-03-07 11:14:00,SHORT,1,7083.5,7054.5,58.0,10.88,2.666,entry,99.0
2019-03-07 11:18:00,2019-03-07 11:26:00,SHORT,1,7043.5,7053.0,-19.0,9.41,-1.01,entry,8.0
2019-03-07 11:30:00,2019-03-07 12:32:00,LONG,1,7061.75,7052.25,-19.0,8.87,-1.07,entry,62.0
2019-03-07 12:34:00,2019-03-07 13:31:00,LONG,1,7067.75,7055.25,-25.0,12.11,-1.032,entry,57.0
2019-03-07 13:35:00,2019-03-07 13:48:00,SHORT,1,7049.0,7057.75,-17.5,8.31,-1.053,entry,13.0
2019-03-07 13:55:00,2019-03-07 15:59:00,SHORT,1,7048.5,7030.5,36.0,8.66,2.078,entry,124.0
2019-03-08 09:46:00,2019-03-08 10:00:00,LONG,1,6994.75,6982.75,-24.0,12.82,-0.936,entry,14.0
2019-03-08 10:06:00,2019-03-08 10:10:00,SHORT,1,6972.0,6990.5,-37.0,13.03,-1.42,entry,4.0
2019-03-08 10:21:00,2019-03-08 12:07:00,LONG,1,6997.25,6997.5,0.5,12.18,0.021,entry,106.0
2019-03-08 12:52:00,2019-03-08 13:37:00,SHORT,1,6988.75,6999.0,-20.5,8.93,-1.148,entry,45.0
2019-03-08 13:46:00,2019-03-08 14:02:00,LONG,1,7005.75,6996.75,-18.0,8.49,-1.06,entry,16.0
2019-03-08 14:18:00,2019-03-08 15:59:00,LONG,1,7006.75,7045.25,77.0,9.31,4.137,entry,101.0
2019-03-11 09:33:00,2019-03-11 15:59:00,LONG,1,7095.5,7192.5,194.0,11.86,8.179,entry,386.0
2019-03-12 09:38:00,2019-03-12 09:43:00,LONG,1,7214.5,7202.5,-24.0,11.73,-1.023,entry,5.0
2019-03-12 09:54:00,2019-03-12 10:03:00,LONG,1,7214.5,7205.25,-18.5,9.67,-0.957,entry,9.0
2019-03-12 10:29:00,2019-03-12 15:16:00,LONG,1,7217.0,7222.0,10.0,10.01,0.499,entry,287.0
2019-03-12 15:44:00,2019-03-12 15:55:00,LONG,1,7235.25,7225.0,-20.5,10.04,-1.021,entry,11.0
2019-03-13 09:53:00,2019-03-13 10:13:00,LONG,1,7277.0,7268.25,-17.5,9.96,-0.878,entry,20.0
2019-03-13 10:49:00,2019-03-13 15:48:00,LONG,1,7281.5,7292.5,22.0,10.33,1.065,entry,299.0
2019-03-14 09:44:00,2019-03-14 09:48:00,SHORT,1,7272.75,7282.0,-18.5,8.88,-1.042,entry,4.0
2019-03-14 09:55:00,2019-03-14 10:03:00,LONG,1,7292.5,7277.5,-30.0,10.26,-1.463,entry,8.0
2019-03-14 10:06:00,2019-03-14 10:20:00,SHORT,1,7271.5,7284.75,-26.5,10.85,-1.221,entry,14.0
2019-03-14 11:48:00,2019-03-14 13:07:00,LONG,1,7289.75,7281.5,-16.5,8.97,-0.92,entry,79.0
2019-03-14 15:56:00,2019-03-14 15:59:00,SHORT,1,7271.5,7271.75,-0.5,10.23,-0.024,entry,3.0
2019-03-15 09:42:00,2019-03-15 10:09:00,LONG,1,7312.0,7310.75,-2.5,11.46,-0.109,entry,27.0
2019-03-15 10:21:00,2019-03-15 10:48:00,LONG,1,7324.25,7315.0,-18.5,11.35,-0.815,entry,27.0
2019-03-15 11:00:00,2019-03-15 15:52:00,LONG,1,7324.75,7331.0,12.5,9.29,0.672,entry,292.0
2019-03-18 09:49:00,2019-03-18 10:35:00,LONG,1,7357.5,7358.5,2.0,8.41,0.119,entry,46.0
2019-03-18 10:47:00,2019-03-18 11:17:00,LONG,1,7369.0,7358.0,-22.0,9.51,-1.156,entry,30.0
2019-03-18 11:21:00,2019-03-18 14:00:00,SHORT,1,7352.25,7350.25,4.0,9.11,0.22,entry,159.0
2019-03-18 15:45:00,2019-03-18 15:59:00,LONG,1,7360.0,7355.0,-10.0,9.55,-0.523,entry,14.0
2019-03-19 09:41:00,2019-03-19 09:53:00,SHORT,1,7382.0,7389.5,-15.0,10.44,-0.718,entry,12.0
2019-03-19 10:28:00,2019-03-19 10:37:00,SHORT,1,7379.75,7389.25,-19.0,9.27,-1.025,entry,9.0
2019-03-19 10:58:00,2019-03-19 11:17:00,SHORT,1,7378.25,7388.0,-19.5,9.87,-0.988,entry,19.0
2019-03-19 11:25:00,2019-03-19 12:46:00,LONG,1,7397.5,7393.75,-7.5,10.11,-0.371,entry,81.0
2019-03-19 12:49:00,2019-03-19 12:59:00,SHORT,1,7379.0,7399.75,-41.5,14.67,-1.414,entry,10.0
2019-03-19 13:20:00,2019-03-19 14:11:00,LONG,1,7403.25,7392.0,-22.5,9.8,-1.148,entry,51.0
2019-03-19 14:42:00,2019-03-19 14:59:00,LONG,1,7403.75,7393.75,-20.0,9.53,-1.049,entry,17.0
2019-03-19 15:15:00,2019-03-19 15:59:00,SHORT,1,7386.0,7382.25,7.5,8.29,0.452,entry,44.0
2019-03-20 09:36:00,2019-03-20 09:43:00,SHORT,1,7364.5,7370.75,-12.5,9.39,-0.666,entry,7.0
2019-03-20 10:07:00,2019-03-20 10:13:00,LONG,1,7384.25,7372.75,-23.0,12.28,-0.936,entry,6.0
2019-03-20 10:28:00,2019-03-20 10:37:00,LONG,1,7381.5,7373.5,-16.0,8.41,-0.951,entry,9.0
2019-03-20 10:45:00,2019-03-20 11:39:00,LONG,1,7385.0,7376.25,-17.5,11.09,-0.789,entry,54.0
2019-03-20 11:48:00,2019-03-20 12:16:00,SHORT,1,7367.75,7376.25,-17.0,8.51,-0.998,entry,28.0
2019-03-20 12:32:00,2019-03-20 13:49:00,SHORT,1,7364.25,7372.5,-16.5,10.18,-0.81,entry,77.0
2019-03-20 14:00:00,2019-03-20 15:59:00,LONG,1,7393.75,7413.25,39.0,21.01,0.928,entry,119.0
2019-03-21 09:35:00,2019-03-21 15:59:00,LONG,1,7408.75,7526.75,236.0,9.36,12.608,entry,384.0
2019-03-22 09:39:00,2019-03-22 09:44:00,LONG,1,7511.5,7498.75,-25.5,9.38,-1.359,entry,5.0
2019-03-22 09:45:00,2019-03-22 10:18:00,SHORT,1,7493.5,7483.5,20.0,9.17,1.09,entry,33.0
2019-03-22 10:21:00,2019-03-22 10:24:00,LONG,1,7488.5,7475.25,-26.5,11.28,-1.174,entry,3.0
2019-03-22 10:26:00,2019-03-22 15:59:00,SHORT,1,7467.5,7358.25,218.5,9.66,11.306,entry,333.0
2019-03-25 09:35:00,2019-03-25 09:44:00,LONG,1,7346.0,7334.75,-22.5,15.68,-0.718,entry,9.0
2019-03-25 09:44:00,2019-03-25 10:32:00,SHORT,1,7334.75,7327.5,14.5,10.88,0.667,reverse,48.0
2019-03-25 10:38:00,2019-03-25 10:45:00,SHORT,1,7311.25,7323.25,-24.0,11.85,-1.012,entry,7.0
2019-03-25 10:50:00,2019-03-25 12:02:00,LONG,1,7340.25,7328.5,-23.5,17.38,-0.676,entry,72.0
2019-03-25 12:05:00,2019-03-25 12:35:00,LONG,1,7340.0,7329.75,-20.5,9.52,-1.077,entry,30.0
2019-03-25 12:43:00,2019-03-25 12:50:00,SHORT,1,7321.75,7331.75,-20.0,9.82,-1.018,entry,7.0
2019-03-25 13:12:00,2019-03-25 13:22:00,LONG,1,7343.5,7331.25,-24.5,11.96,-1.025,entry,10.0
2019-03-25 13:31:00,2019-03-25 14:43:00,SHORT,1,7319.5,7329.75,-20.5,12.07,-0.849,entry,72.0
2019-03-25 15:12:00,2019-03-25 15:59:00,LONG,1,7341.75,7347.0,10.5,12.69,0.414,entry,47.0
2019-03-26 09:44:00,2019-03-26 10:16:00,LONG,1,7421.5,7419.25,-4.5,10.05,-0.224,entry,32.0
2019-03-26 10:24:00,2019-03-26 10:28:00,SHORT,1,7412.25,7422.5,-20.5,9.84,-1.041,entry,4.0
2019-03-26 10:32:00,2019-03-26 10:48:00,SHORT,1,7407.75,7420.75,-26.0,13.79,-0.943,entry,16.0
2019-03-26 10:55:00,2019-03-26 11:09:00,LONG,1,7432.75,7420.5,-24.5,12.5,-0.98,entry,14.0
2019-03-26 11:18:00,2019-03-26 15:59:00,SHORT,1,7409.75,7378.0,63.5,11.0,2.887,entry,281.0
2019-03-27 09:37:00,2019-03-27 09:51:00,SHORT,1,7385.0,7392.75,-15.5,10.36,-0.748,entry,14.0
2019-03-27 09:56:00,2019-03-27 10:17:00,SHORT,1,7369.5,7382.25,-25.5,16.99,-0.751,entry,21.0
2019-03-27 10:23:00,2019-03-27 10:34:00,LONG,1,7393.0,7382.75,-20.5,11.05,-0.928,entry,11.0
2019-03-27 10:41:00,2019-03-27 13:44:00,SHORT,1,7369.0,7341.25,55.5,13.08,2.122,entry,183.0
2019-03-27 14:00:00,2019-03-27 14:11:00,SHORT,1,7331.0,7344.25,-26.5,9.65,-1.374,entry,11.0
2019-03-27 14:21:00,2019-03-27 15:30:00,SHORT,1,7328.75,7345.75,-34.0,11.78,-1.443,entry,69.0
2019-03-27 15:58:00,2019-03-27 15:59:00,SHORT,1,7328.75,7335.25,-13.0,10.42,-0.624,entry,1.0
2019-03-28 09:34:00,2019-03-28 09:44:00,SHORT,1,7331.0,7344.0,-26.0,13.54,-0.96,entry,10.0
2019-03-28 09:48:00,2019-03-28 10:50:00,LONG,1,7349.0,7347.75,-2.5,9.74,-0.128,entry,62.0
2019-03-28 10:59:00,2019-03-28 12:51:00,SHORT,1,7341.0,7338.25,5.5,10.67,0.258,entry,112.0
2019-03-28 15:12:00,2019-03-28 15:59:00,LONG,1,7350.25,7346.75,-7.0,12.27,-0.285,entry,47.0
2019-03-29 09:46:00,2019-03-29 10:02:00,SHORT,1,7380.75,7389.0,-16.5,12.46,-0.662,entry,16.0
2019-03-29 10:44:00,2019-03-29 11:11:00,SHORT,1,7373.75,7383.75,-20.0,13.86,-0.722,entry,27.0
2019-03-29 11:34:00,2019-03-29 11:59:00,LONG,1,7393.25,7384.0,-18.5,9.9,-0.935,entry,25.0
2019-03-29 12:14:00,2019-03-29 12:27:00,SHORT,1,7373.25,7384.75,-23.0,10.77,-1.068,entry,13.0
2019-03-29 14:30:00,2019-03-29 15:59:00,LONG,1,7394.25,7402.25,16.0,9.97,0.802,entry,89.0
2019-04-01 09:41:00,2019-04-01 10:00:00,SHORT,1,7464.5,7474.5,-20.0,9.35,-1.069,entry,19.0
2019-04-01 10:07:00,2019-04-01 10:55:00,SHORT,1,7459.0,7464.25,-10.5,10.35,-0.507,entry,48.0
2019-04-01 11:05:00,2019-04-01 15:59:00,LONG,1,7474.25,7501.25,54.0,9.82,2.751,entry,294.0
2019-04-02 09:58:00,2019-04-02 10:07:00,SHORT,1,7490.0,7498.5,-17.0,10.03,-0.848,entry,9.0
2019-04-02 10:18:00,2019-04-02 11:03:00,LONG,1,7508.25,7500.5,-15.5,9.42,-0.822,entry,45.0
2019-04-02 11:11:00,2019-04-02 11:22:00,SHORT,1,7492.0,7505.75,-27.5,10.89,-1.262,entry,11.0
2019-04-02 11:58:00,2019-04-02 15:59:00,LONG,1,7512.75,7525.5,25.5,9.47,1.346,entry,241.0
2019-04-03 10:19:00,2019-04-03 13:41:00,LONG,1,7574.25,7585.0,21.5,10.38,1.035,entry,202.0
2019-04-03 13:50:00,2019-04-03 15:59:00,SHORT,1,7576.0,7569.25,13.5,10.68,0.632,entry,129.0
2019-04-04 09:39:00,2019-04-04 10:08:00,LONG,1,7588.25,7585.5,-5.5,10.25,-0.268,entry,29.0
2019-04-04 10:17:00,2019-04-04 10:54:00,SHORT,1,7573.0,7572.5,1.0,12.29,0.041,entry,37.0
2019-04-04 11:00:00,2019-04-04 14:20:00,SHORT,1,7561.0,7561.0,-0.0,11.13,-0.0,entry,200.0
2019-04-04 14:51:00,2019-04-04 15:22:00,LONG,1,7569.5,7559.75,-19.5,9.21,-1.058,entry,31.0
2019-04-05 10:04:00,2019-04-05 10:28:00,LONG,1,7601.5,7594.25,-14.5,10.36,-0.7,entry,24.0
2019-04-05 10:55:00,2019-04-05 11:00:00,LONG,1,7605.0,7594.25,-21.5,9.91,-1.085,entry,5.0
2019-04-05 15:31:00,2019-04-05 15:59:00,LONG,1,7605.75,7604.0,-3.5,8.93,-0.196,entry,28.0
2019-04-08 09:37:00,2019-04-08 09:49:00,SHORT,1,7573.25,7576.75,-7.0,9.76,-0.359,entry,12.0
2019-04-08 10:17:00,2019-04-08 15:59:00,LONG,1,7585.0,7624.0,78.0,8.82,4.421,entry,342.0
2019-04-09 09:38:00,2019-04-09 09:49:00,LONG,1,7601.5,7597.5,-8.0,8.99,-0.445,entry,11.0
2019-04-09 10:06:00,2019-04-09 10:44:00,LONG,1,7613.0,7602.5,-21.0,13.05,-0.804,entry,38.0
2019-04-09 11:03:00,2019-04-09 11:24:00,LONG,1,7614.75,7604.5,-20.5,10.55,-0.972,entry,21.0
2019-04-09 11:49:00,2019-04-09 13:05:00,LONG,1,7614.0,7607.0,-14.0,8.55,-0.819,entry,76.0
2019-04-09 13:29:00,2019-04-09 15:59:00,SHORT,1,7598.25,7595.25,6.0,8.53,0.352,entry,150.0
2019-04-10 09:43:00,2019-04-10 09:51:00,LONG,1,7611.75,7603.0,-17.5,8.29,-1.055,entry,8.0
2019-04-10 10:41:00,2019-04-10 13:02:00,LONG,1,7614.5,7612.25,-4.5,8.33,-0.27,entry,141.0
2019-04-10 13:50:00,2019-04-10 14:11:00,LONG,1,7622.5,7611.5,-22.0,8.92,-1.233,entry,21.0
2019-04-10 14:27:00,2019-04-10 14:46:00,SHORT,1,7604.75,7613.5,-17.5,8.91,-0.982,entry,19.0
2019-04-10 15:01:00,2019-04-10 15:59:00,LONG,1,7628.0,7636.75,17.5,14.34,0.61,entry,58.0
2019-04-11 09:39:00,2019-04-11 09:43:00,SHORT,1,7628.0,7635.75,-15.5,8.32,-0.931,entry,4.0
2019-04-11 09:45:00,2019-04-11 10:32:00,SHORT,1,7622.5,7627.25,-9.5,11.96,-0.397,entry,47.0
2019-04-11 11:40:00,2019-04-11 12:56:00,SHORT,1,7610.0,7626.75,-33.5,17.56,-0.954,entry,76.0
2019-04-11 13:38:00,2019-04-11 15:59:00,SHORT,1,7613.75,7617.0,-6.5,11.88,-0.274,entry,141.0
2019-04-12 09:48:00,2019-04-12 09:54:00,SHORT,1,7636.5,7647.0,-21.0,9.16,-1.146,entry,6.0
2019-04-12 10:43:00,2019-04-12 12:15:00,SHORT,1,7635.25,7639.0,-7.5,9.1,-0.412,entry,92.0
2019-04-12 14:11:00,2019-04-12 15:59:00,LONG,1,7646.75,7650.25,7.0,7.65,0.457,entry,108.0
2019-04-15 09:50:00,2019-04-15 13:04:00,SHORT,1,7644.5,7630.5,28.0,8.27,1.693,entry,194.0
2019-04-15 13:39:00,2019-04-15 15:59:00,LONG,1,7636.5,7651.25,29.5,8.56,1.722,entry,140.0
2019-04-16 10:01:00,2019-04-16 10:44:00,LONG,1,7684.25,7676.0,-16.5,9.47,-0.872,entry,43.0
2019-04-16 10:45:00,2019-04-16 10:54:00,SHORT,1,7672.0,7681.25,-18.5,8.34,-1.11,entry,9.0
2019-04-16 11:14:00,2019-04-16 11:27:00,LONG,1,7688.25,7680.25,-16.0,8.09,-0.988,entry,13.0
2019-04-16 11:45:00,2019-04-16 12:31:00,SHORT,1,7672.5,7679.75,-14.5,7.44,-0.974,entry,46.0
2019-04-16 15:00:00,2019-04-16 15:22:00,LONG,1,7687.25,7679.75,-15.0,7.39,-1.015,entry,22.0
2019-04-16 15:32:00,2019-04-16 15:59:00,SHORT,1,7667.75,7677.75,-20.0,12.29,-0.814,entry,27.0
2019-04-17 09:40:00,2019-04-17 09:50:00,SHORT,1,7715.5,7723.5,-16.0,8.61,-0.929,entry,10.0
2019-04-17 09:54:00,2019-04-17 10:28:00,SHORT,1,7711.25,7710.25,2.0,9.41,0.106,entry,34.0
2019-04-17 10:52:00,2019-04-17 11:08:00,SHORT,1,7700.25,7708.5,-16.5,7.81,-1.056,entry,16.0
2019-04-17 11:16:00,2019-04-17 12:55:00,SHORT,1,7700.0,7704.25,-8.5,7.39,-0.575,entry,99.0
2019-04-17 14:08:00,2019-04-17 15:44:00,SHORT,1,7693.5,7702.25,-17.5,9.4,-0.931,entry,96.0
2019-04-18 09:38:00,2019-04-18 09:41:00,SHORT,1,7697.5,7705.75,-16.5,8.08,-1.021,entry,3.0
2019-04-18 09:53:00,2019-04-18 10:57:00,SHORT,1,7693.25,7689.75,7.0,9.71,0.36,entry,64.0
2019-04-18 11:52:00,2019-04-18 15:59:00,LONG,1,7696.25,7710.5,28.5,7.13,1.999,entry,247.0
2019-04-22 09:38:00,2019-04-22 15:59:00,LONG,1,7686.0,7733.0,94.0,7.06,6.661,entry,381.0
2019-04-23 09:38:00,2019-04-23 15:59:00,LONG,1,7756.5,7828.75,144.5,9.23,7.825,entry,381.0
2019-04-24 09:44:00,2019-04-24 10:06:00,SHORT,1,7824.0,7829.5,-11.0,9.23,-0.596,entry,22.0
2019-04-24 10:17:00,2019-04-24 10:30:00,LONG,1,7835.25,7828.25,-14.0,7.46,-0.938,entry,13.0
2019-04-24 10:35:00,2019-04-24 10:43:00,LONG,1,7839.5,7829.25,-20.5,10.73,-0.955,entry,8.0
2019-04-24 10:56:00,2019-04-24 11:47:00,LONG,1,7836.5,7831.0,-11.0,7.1,-0.774,entry,51.0
2019-04-24 12:01:00,2019-04-24 15:59:00,SHORT,1,7822.75,7804.0,37.5,8.82,2.126,entry,238.0
2019-04-25 09:34:00,2019-04-25 09:46:00,SHORT,1,7846.5,7847.0,-1.0,10.03,-0.05,entry,12.0
2019-04-25 09:50:00,2019-04-25 10:06:00,LONG,1,7856.0,7846.0,-20.0,9.31,-1.074,entry,16.0
2019-04-25 10:08:00,2019-04-25 10:56:00,SHORT,1,7841.75,7834.0,15.5,7.16,1.082,entry,48.0
2019-04-25 11:09:00,2019-04-25 11:23:00,SHORT,1,7826.25,7834.0,-15.5,7.33,-1.057,entry,14.0
2019-04-25 11:25:00,2019-04-25 12:29:00,LONG,1,7842.25,7835.25,-14.0,9.08,-0.771,entry,64.0
2019-04-25 13:39:00,2019-04-25 15:57:00,LONG,1,7843.5,7835.25,-16.5,7.42,-1.113,entry,138.0
2019-04-26 09:31:00,2019-04-26 10:16:00,SHORT,1,7807.25,7787.25,40.0,7.32,2.734,entry,45.0
2019-04-26 10:21:00,2019-04-26 15:59:00,LONG,1,7794.5,7841.5,94.0,8.78,5.354,entry,338.0
2019-04-29 09:50:00,2019-04-29 09:56:00,SHORT,1,7834.75,7844.25,-19.0,9.67,-0.982,entry,6.0
2019-04-29 10:01:00,2019-04-29 10:11:00,SHORT,1,7834.25,7843.25,-18.0,8.41,-1.07,entry,10.0
2019-04-29 10:34:00,2019-04-29 11:46:00,LONG,1,7849.25,7844.75,-9.0,7.56,-0.595,entry,72.0
2019-04-29 12:22:00,2019-04-29 15:54:00,LONG,1,7852.75,7849.0,-7.5,7.42,-0.505,entry,212.0
2019-04-30 09:33:00,2019-04-30 09:39:00,LONG,1,7801.0,7790.5,-21.0,12.32,-0.852,entry,6.0
2019-04-30 09:44:00,2019-04-30 09:45:00,LONG,1,7801.5,7792.5,-18.0,7.11,-1.265,entry,1.0
2019-04-30 10:05:00,2019-04-30 10:18:00,LONG,1,7802.5,7793.75,-17.5,8.31,-1.052,entry,13.0
2019-04-30 10:24:00,2019-04-30 12:10:00,SHORT,1,7785.25,7781.75,7.0,9.57,0.366,entry,106.0
2019-04-30 12:15:00,2019-04-30 12:51:00,LONG,1,7785.5,7777.25,-16.5,7.74,-1.066,entry,36.0
2019-04-30 13:00:00,2019-04-30 13:29:00,LONG,1,7788.0,7777.25,-21.5,9.49,-1.132,entry,29.0
2019-04-30 13:35:00,2019-04-30 15:59:00,LONG,1,7787.75,7795.75,16.0,8.91,0.898,entry,144.0
2019-05-01 09:35:00,2019-05-01 09:39:00,SHORT,1,7833.75,7842.5,-17.5,7.79,-1.123,entry,4.0
2019-05-01 10:08:00,2019-05-01 10:27:00,LONG,1,7847.5,7842.0,-11.0,7.61,-0.723,entry,19.0
2019-05-01 11:14:00,2019-05-01 12:20:00,LONG,1,7850.0,7845.75,-8.5,7.6,-0.559,entry,66.0
2019-05-01 12:26:00,2019-05-01 13:57:00,SHORT,1,7838.75,7844.75,-12.0,7.4,-0.811,entry,91.0
2019-05-01 14:04:00,2019-05-01 14:37:00,LONG,1,7860.75,7843.5,-34.5,16.6,-1.039,entry,33.0
2019-05-01 14:38:00,2019-05-01 15:59:00,SHORT,1,7834.0,7765.0,138.0,11.57,5.964,entry,81.0
2019-05-02 09:36:00,2019-05-02 10:46:00,LONG,1,7773.0,7782.0,18.0,8.34,1.079,entry,70.0
2019-05-02 10:54:00,2019-05-02 14:24:00,SHORT,1,7773.75,7743.5,60.5,8.22,3.68,entry,210.0
2019-05-02 14:27:00,2019-05-02 15:59:00,SHORT,1,7735.75,7736.5,-1.5,7.63,-0.098,entry,92.0
2019-05-03 09:47:00,2019-05-03 15:59:00,LONG,1,7801.5,7857.0,111.0,9.24,6.009,entry,372.0
2019-05-06 09:31:00,2019-05-06 09:50:00,LONG,1,7706.5,7724.5,36.0,12.38,1.454,entry,19.0
2019-05-06 09:51:00,2019-05-06 12:18:00,LONG,1,7733.75,7751.5,35.5,8.71,2.038,entry,147.0
2019-05-06 12:39:00,2019-05-06 12:54:00,LONG,1,7763.5,7750.5,-26.0,11.1,-1.171,entry,15.0
2019-05-06 13:01:00,2019-05-06 13:06:00,SHORT,1,7743.25,7756.25,-26.0,9.19,-1.414,entry,5.0
2019-05-06 13:25:00,2019-05-06 15:59:00,LONG,1,7762.0,7808.5,93.0,9.38,4.957,entry,154.0
2019-05-07 09:31:00,2019-05-07 09:42:00,LONG,1,7737.25,7735.25,-4.0,9.21,-0.217,entry,11.0
2019-05-07 09:46:00,2019-05-07 15:59:00,SHORT,1,7726.75,7654.25,145.0,10.27,7.06,entry,373.0
2019-05-08 09:33:00,2019-05-08 09:41:00,SHORT,1,7621.75,7634.25,-25.0,12.45,-1.004,entry,8.0
2019-05-08 09:45:00,2019-05-08 10:10:00,LONG,1,7639.0,7634.75,-8.5,12.27,-0.346,entry,25.0
2019-05-08 10:12:00,2019-05-08 10:28:00,LONG,1,7647.25,7635.0,-24.5,11.64,-1.052,entry,16.0
2019-05-08 10:32:00,2019-05-08 10:43:00,SHORT,1,7623.5,7637.25,-27.5,13.53,-1.016,entry,11.0
2019-05-08 10:45:00,2019-05-08 10:58:00,LONG,1,7646.5,7635.75,-21.5,10.51,-1.023,entry,13.0
2019-05-08 10:59:00,2019-05-08 11:37:00,LONG,1,7674.0,7645.25,-57.5,36.42,-0.789,entry,38.0
2019-05-08 11:52:00,2019-05-08 12:03:00,LONG,1,7657.5,7645.25,-24.5,10.24,-1.196,entry,11.0
2019-05-08 12:33:00,2019-05-08 15:50:00,LONG,1,7658.25,7645.25,-26.0,10.73,-1.212,entry,197.0
2019-05-08 15:54:00,2019-05-08 15:59:00,SHORT,1,7641.75,7628.5,26.5,10.74,1.234,entry,5.0
2019-05-09 09:36:00,2019-05-09 09:38:00,SHORT,1,7538.25,7550.25,-24.0,13.61,-0.882,entry,2.0
2019-05-09 09:42:00,2019-05-09 11:14:00,SHORT,1,7535.25,7514.0,42.5,13.46,1.579,entry,92.0
2019-05-09 11:25:00,2019-05-09 11:38:00,SHORT,1,7501.0,7513.75,-25.5,12.29,-1.037,entry,13.0
2019-05-09 11:41:00,2019-05-09 11:45:00,SHORT,1,7502.25,7515.25,-26.0,10.1,-1.287,entry,4.0
2019-05-09 11:49:00,2019-05-09 15:59:00,LONG,1,7523.75,7593.0,138.5,11.36,6.095,entry,250.0
2019-05-10 09:42:00,2019-05-10 09:50:00,LONG,1,7580.5,7570.0,-21.0,12.74,-0.824,entry,8.0
2019-05-10 09:53:00,2019-05-10 12:16:00,SHORT,1,7556.5,7503.75,105.5,13.7,3.851,entry,143.0
2019-05-10 12:27:00,2019-05-10 15:59:00,LONG,1,7510.25,7600.5,180.5,15.25,5.917,entry,212.0
2019-05-13 09:38:00,2019-05-13 09:45:00,LONG,1,7434.0,7424.75,-18.5,11.58,-0.799,entry,7.0
2019-05-13 09:50:00,2019-05-13 10:42:00,SHORT,1,7400.5,7393.0,15.0,24.86,0.302,entry,52.0
2019-05-13 10:49:00,2019-05-13 14:25:00,SHORT,1,7376.0,7370.0,12.0,15.45,0.388,entry,216.0
2019-05-13 14:27:00,2019-05-13 14:29:00,LONG,1,7379.75,7367.0,-25.5,12.11,-1.053,entry,2.0
2019-05-13 14:43:00,2019-05-13 14:50:00,SHORT,1,7347.0,7371.0,-48.0,20.44,-1.174,entry,7.0
2019-05-13 14:55:00,2019-05-13 15:03:00,LONG,1,7381.5,7364.5,-34.0,14.08,-1.207,entry,8.0
2019-05-13 15:14:00,2019-05-13 15:59:00,SHORT,1,7356.5,7334.5,44.0,11.05,1.991,entry,45.0
2019-05-14 09:48:00,2019-05-14 10:01:00,SHORT,1,7361.75,7382.0,-40.5,18.15,-1.116,entry,13.0
2019-05-14 10:15:00,2019-05-14 15:59:00,LONG,1,7389.5,7412.75,46.5,15.35,1.514,entry,344.0
2019-05-15 09:37:00,2019-05-15 09:42:00,LONG,1,7392.75,7378.0,-29.5,13.48,-1.094,entry,5.0
2019-05-15 09:45:00,2019-05-15 15:59:00,LONG,1,7398.0,7516.5,237.0,14.56,8.139,entry,374.0
2019-05-16 09:36:00,2019-05-16 13:50:00,LONG,1,7540.0,7597.0,114.0,14.16,4.025,entry,254.0
2019-05-16 14:25:00,2019-05-16 15:07:00,LONG,1,7611.0,7594.0,-34.0,13.57,-1.253,entry,42.0
2019-05-16 15:41:00,2019-05-16 15:59:00,SHORT,1,7582.0,7592.5,-21.0,15.97,-0.657,entry,18.0
2019-05-17 09:39:00,2019-05-17 09:51:00,LONG,1,7548.5,7543.25,-10.5,14.31,-0.367,entry,12.0
2019-05-17 10:01:00,2019-05-17 10:04:00,LONG,1,7558.25,7543.75,-29.0,13.07,-1.109,entry,3.0
2019-05-17 10:14:00,2019-05-17 10:18:00,SHORT,1,7530.25,7551.5,-42.5,14.35,-1.481,entry,4.0
2019-05-17 10:22:00,2019-05-17 11:42:00,LONG,1,7561.0,7566.25,10.5,15.94,0.329,entry,80.0
2019-05-17 12:05:00,2019-05-17 12:18:00,SHORT,1,7552.0,7566.5,-29.0,14.97,-0.969,entry,13.0
2019-05-17 13:16:00,2019-05-17 13:29:00,LONG,1,7581.0,7566.25,-29.5,14.45,-1.021,entry,13.0
2019-05-17 14:00:00,2019-05-17 14:10:00,LONG,1,7580.25,7567.25,-26.0,13.09,-0.993,entry,10.0
2019-05-17 15:01:00,2019-05-17 15:59:00,SHORT,1,7550.25,7514.25,72.0,17.0,2.117,entry,58.0
2019-05-20 09:35:00,2019-05-20 09:45:00,SHORT,1,7390.0,7392.5,-5.0,14.11,-0.177,entry,10.0
2019-05-20 09:46:00,2019-05-20 09:50:00,LONG,1,7402.0,7378.75,-46.5,14.85,-1.565,entry,4.0
2019-05-20 09:51:00,2019-05-20 09:55:00,SHORT,1,7374.25,7394.0,-39.5,13.0,-1.519,entry,4.0
2019-05-20 09:57:00,2019-05-20 10:01:00,LONG,1,7403.5,7381.75,-43.5,16.01,-1.359,entry,4.0
2019-05-20 10:22:00,2019-05-20 11:20:00,LONG,1,7403.25,7397.25,-12.0,13.89,-0.432,entry,58.0
2019-05-20 11:30:00,2019-05-20 11:36:00,LONG,1,7417.0,7396.25,-41.5,15.99,-1.298,entry,6.0
2019-05-20 12:01:00,2019-05-20 12:54:00,LONG,1,7416.0,7402.0,-28.0,14.21,-0.985,entry,53.0
2019-05-20 14:24:00,2019-05-20 15:37:00,SHORT,1,7389.0,7400.75,-23.5,14.73,-0.798,entry,73.0
2019-05-20 15:51:00,2019-05-20 15:59:00,SHORT,1,7388.0,7388.25,-0.5,12.47,-0.02,entry,8.0
2019-05-21 10:09:00,2019-05-21 10:33:00,SHORT,1,7436.0,7451.25,-30.5,14.72,-1.036,entry,24.0
2019-05-21 10:43:00,2019-05-21 11:51:00,LONG,1,7463.75,7454.0,-19.5,15.66,-0.623,entry,68.0
2019-05-21 12:01:00,2019-05-21 15:59:00,LONG,1,7467.25,7463.25,-8.0,13.31,-0.301,entry,238.0
2019-05-22 09:54:00,2019-05-22 10:13:00,LONG,1,7450.5,7438.75,-23.5,12.75,-0.922,entry,19.0
2019-05-22 10:16:00,2019-05-22 10:34:00,LONG,1,7458.75,7442.0,-33.5,15.58,-1.075,entry,18.0
2019-05-22 10:57:00,2019-05-22 11:16:00,SHORT,1,7429.75,7442.5,-25.5,14.18,-0.899,entry,19.0
2019-05-22 11:30:00,2019-05-22 11:37:00,LONG,1,7455.0,7442.5,-25.0,12.67,-0.987,entry,7.0
2019-05-22 12:44:00,2019-05-22 13:48:00,SHORT,1,7428.5,7441.0,-25.0,13.27,-0.942,entry,64.0
2019-05-22 14:32:00,2019-05-22 15:55:00,LONG,1,7454.25,7440.5,-27.5,13.94,-0.986,entry,83.0
2019-05-23 09:42:00,2019-05-23 10:00:00,SHORT,1,7321.0,7327.25,-12.5,13.46,-0.464,entry,18.0
2019-05-23 10:09:00,2019-05-23 10:28:00,SHORT,1,7313.0,7323.75,-21.5,13.23,-0.812,entry,19.0
2019-05-23 10:53:00,2019-05-23 11:01:00,LONG,1,7339.5,7320.5,-38.0,15.18,-1.252,entry,8.0
2019-05-23 11:12:00,2019-05-23 11:25:00,SHORT,1,7312.0,7330.0,-36.0,12.62,-1.426,entry,13.0
2019-05-23 11:45:00,2019-05-23 15:20:00,SHORT,1,7311.0,7308.0,6.0,12.62,0.238,entry,215.0
2019-05-23 15:27:00,2019-05-23 15:40:00,LONG,1,7321.0,7302.25,-37.5,14.3,-1.311,entry,13.0
2019-05-23 15:46:00,2019-05-23 15:52:00,SHORT,1,7291.75,7307.75,-32.0,15.24,-1.05,entry,6.0
2019-05-24 10:28:00,2019-05-24 12:32:00,SHORT,1,7347.25,7346.0,2.5,17.92,0.07,entry,124.0
2019-05-24 13:23:00,2019-05-24 15:59:00,SHORT,1,7332.0,7308.75,46.5,13.13,1.77,entry,156.0
2019-05-28 09:35:00,2019-05-28 09:58:00,LONG,1,7360.5,7355.75,-9.5,15.07,-0.315,entry,23.0
2019-05-28 10:14:00,2019-05-28 11:05:00,SHORT,1,7341.0,7344.5,-7.0,13.95,-0.251,entry,51.0
2019-05-28 11:26:00,2019-05-28 11:42:00,SHORT,1,7331.75,7344.25,-25.0,11.95,-1.046,entry,16.0
2019-05-28 12:07:00,2019-05-28 12:59:00,LONG,1,7354.0,7341.75,-24.5,11.31,-1.083,entry,52.0
2019-05-28 14:01:00,2019-05-28 15:59:00,SHORT,1,7331.25,7283.5,95.5,11.76,4.06,entry,118.0
2019-05-29 09:39:00,2019-05-29 09:44:00,SHORT,1,7216.25,7233.75,-35.0,14.43,-1.213,entry,5.0
2019-05-29 10:14:00,2019-05-29 10:51:00,LONG,1,7244.0,7232.0,-24.0,14.48,-0.829,entry,37.0
2019-05-29 11:00:00,2019-05-29 11:08:00,SHORT,1,7223.0,7239.25,-32.5,13.27,-1.224,entry,8.0
2019-05-29 11:11:00,2019-05-29 13:08:00,SHORT,1,7224.0,7227.0,-6.0,11.6,-0.259,entry,117.0
2019-05-29 13:11:00,2019-05-29 13:18:00,LONG,1,7236.0,7223.5,-25.0,11.96,-1.045,entry,7.0
2019-05-29 13:38:00,2019-05-29 14:12:00,LONG,1,7236.0,7224.75,-22.5,11.7,-0.962,entry,34.0
2019-05-29 14:36:00,2019-05-29 15:34:00,SHORT,1,7213.0,7227.5,-29.0,11.79,-1.23,entry,58.0
2019-05-29 15:40:00,2019-05-29 15:49:00,LONG,1,7235.75,7222.75,-26.0,13.11,-0.991,entry,9.0
2019-05-30 09:51:00,2019-05-30 10:05:00,LONG,1,7267.75,7257.75,-20.0,11.62,-0.861,entry,14.0
2019-05-30 10:52:00,2019-05-30 12:40:00,SHORT,1,7244.5,7254.0,-19.0,13.23,-0.718,entry,108.0
2019-05-30 13:25:00,2019-05-30 15:33:00,SHORT,1,7239.75,7244.25,-9.0,11.57,-0.389,entry,128.0
2019-05-31 09:40:00,2019-05-31 10:00:00,SHORT,1,7143.25,7152.0,-17.5,15.58,-0.562,entry,20.0
2019-05-31 10:23:00,2019-05-31 12:22:00,LONG,1,7162.75,7157.25,-11.0,10.81,-0.509,entry,119.0
2019-05-31 13:32:00,2019-05-31 14:05:00,LONG,1,7173.5,7163.0,-21.0,11.14,-0.943,entry,33.0
2019-05-31 14:20:00,2019-05-31 15:59:00,SHORT,1,7150.75,7131.25,39.0,12.07,1.615,entry,99.0
2019-06-03 09:40:00,2019-06-03 10:29:00,SHORT,1,7113.75,7080.5,66.5,10.84,3.068,entry,49.0
2019-06-03 11:00:00,2019-06-03 11:13:00,LONG,1,7090.5,7074.75,-31.5,11.01,-1.43,entry,13.0
2019-06-03 11:25:00,2019-06-03 11:37:00,LONG,1,7091.25,7080.0,-22.5,10.98,-1.024,entry,12.0
2019-06-03 11:53:00,2019-06-03 15:59:00,SHORT,1,7065.75,6980.25,171.0,14.48,5.905,entry,246.0
2019-06-04 09:36:00,2019-06-04 09:46:00,SHORT,1,7040.5,7053.75,-26.5,12.29,-1.079,entry,10.0
2019-06-04 09:49:00,2019-06-04 09:55:00,SHORT,1,7035.25,7047.25,-24.0,12.07,-0.994,entry,6.0
2019-06-04 10:05:00,2019-06-04 10:11:00,SHORT,1,7031.0,7044.5,-27.0,13.75,-0.982,entry,6.0
2019-06-04 10:14:00,2019-06-04 15:59:00,LONG,1,7056.0,7171.5,231.0,11.7,9.876,entry,345.0
2019-06-05 09:40:00,2019-06-05 10:00:00,SHORT,1,7214.5,7215.25,-1.5,14.81,-0.051,entry,20.0
2019-06-05 10:02:00,2019-06-05 11:21:00,SHORT,1,7199.25,7192.5,13.5,14.29,0.472,entry,79.0
2019-06-05 11:28:00,2019-06-05 12:14:00,LONG,1,7204.0,7190.0,-28.0,12.28,-1.14,entry,46.0
2019-06-05 13:04:00,2019-06-05 15:59:00,LONG,1,7208.25,7226.0,35.5,14.43,1.23,entry,175.0
2019-06-06 09:38:00,2019-06-06 09:42:00,LONG,1,7244.5,7229.0,-31.0,13.09,-1.184,entry,4.0
2019-06-06 09:55:00,2019-06-06 10:39:00,SHORT,1,7217.25,7226.5,-18.5,11.83,-0.782,entry,44.0
2019-06-06 10:43:00,2019-06-06 11:01:00,LONG,1,7236.75,7224.5,-24.5,12.75,-0.961,entry,18.0
2019-06-06 11:08:00,2019-06-06 11:57:00,LONG,1,7238.0,7228.25,-19.5,12.88,-0.757,entry,49.0
2019-06-06 12:47:00,2019-06-06 15:59:00,LONG,1,7241.5,7281.5,80.0,12.21,3.275,entry,192.0
2019-06-07 09:36:00,2019-06-07 15:59:00,LONG,1,7334.25,7421.25,174.0,13.59,6.404,entry,383.0
2019-06-10 09:33:00,2019-06-10 09:50:00,LONG,1,7498.25,7497.5,-1.5,15.11,-0.05,entry,17.0
2019-06-10 09:59:00,2019-06-10 13:44:00,LONG,1,7511.75,7530.0,36.5,12.75,1.432,entry,225.0
2019-06-10 14:01:00,2019-06-10 15:03:00,SHORT,1,7520.25,7531.5,-22.5,12.79,-0.879,entry,62.0
2019-06-10 15:25:00,2019-06-10 15:59:00,SHORT,1,7517.75,7506.25,23.0,13.26,0.867,entry,34.0
2019-06-11 09:36:00,2019-06-11 09:55:00,SHORT,1,7579.75,7577.5,4.5,13.18,0.171,entry,19.0
2019-06-11 10:08:00,2019-06-11 10:28:00,SHORT,1,7562.5,7575.0,-25.0,14.03,-0.891,entry,20.0
2019-06-11 10:42:00,2019-06-11 15:59:00,SHORT,1,7559.5,7517.5,84.0,13.93,3.016,entry,317.0
2019-06-12 09:33:00,2019-06-12 09:37:00,SHORT,1,7482.5,7493.75,-22.5,13.01,-0.865,entry,4.0
2019-06-12 09:41:00,2019-06-12 09:47:00,LONG,1,7508.25,7491.25,-34.0,13.34,-1.274,entry,6.0
2019-06-12 10:17:00,2019-06-12 10:46:00,SHORT,1,7483.25,7493.25,-20.0,12.6,-0.794,entry,29.0
2019-06-12 10:59:00,2019-06-12 12:49:00,SHORT,1,7477.25,7485.25,-16.0,12.96,-0.617,entry,110.0
2019-06-12 13:38:00,2019-06-12 14:47:00,SHORT,1,7472.0,7485.25,-26.5,12.66,-1.046,entry,69.0
2019-06-12 15:27:00,2019-06-12 15:59:00,SHORT,1,7470.25,7475.25,-10.0,13.28,-0.376,entry,32.0
2019-06-13 09:38:00,2019-06-13 10:06:00,LONG,1,7523.0,7519.0,-8.0,13.1,-0.305,entry,28.0
2019-06-13 10:57:00,2019-06-13 11:48:00,SHORT,1,7507.0,7515.0,-16.0,11.7,-0.684,entry,51.0
2019-06-13 12:31:00,2019-06-13 12:45:00,SHORT,1,7502.25,7515.5,-26.5,12.36,-1.072,entry,14.0
2019-06-13 14:18:00,2019-06-13 15:59:00,SHORT,1,7501.75,7518.75,-34.0,12.52,-1.358,entry,101.0
2019-06-14 09:50:00,2019-06-14 09:53:00,LONG,1,7505.5,7492.75,-25.5,11.5,-1.109,entry,3.0
2019-06-14 10:49:00,2019-06-14 11:09:00,LONG,1,7512.25,7498.0,-28.5,16.41,-0.869,entry,20.0
2019-06-14 11:31:00,2019-06-14 12:02:00,LONG,1,7511.5,7499.0,-25.0,13.6,-0.919,entry,31.0
2019-06-14 14:18:00,2019-06-14 15:59:00,LONG,1,7512.25,7509.0,-6.5,11.99,-0.271,entry,101.0
2019-06-17 09:40:00,2019-06-17 11:38:00,LONG,1,7545.25,7557.25,24.0,12.48,0.961,entry,118.0
2019-06-17 13:41:00,2019-06-17 15:00:00,LONG,1,7570.25,7558.5,-23.5,12.38,-0.949,entry,79.0
2019-06-18 09:39:00,2019-06-18 11:48:00,LONG,1,7660.5,7689.25,57.5,22.37,1.285,entry,129.0
2019-06-18 11:56:00,2019-06-18 14:28:00,SHORT,1,7678.5,7688.25,-19.5,11.89,-0.82,entry,152.0
2019-06-18 15:00:00,2019-06-18 15:59:00,SHORT,1,7675.0,7667.0,16.0,12.58,0.636,entry,59.0
2019-06-19 09:35:00,2019-06-19 09:58:00,SHORT,1,7661.25,7658.75,5.0,13.73,0.182,entry,23.0
2019-06-19 13:18:00,2019-06-19 13:51:00,SHORT,1,7645.75,7657.75,-24.0,11.04,-1.087,entry,33.0
2019-06-19 14:01:00,2019-06-19 14:24:00,LONG,1,7686.25,7663.5,-45.5,29.35,-0.775,entry,23.0
2019-06-19 14:31:00,2019-06-19 14:39:00,LONG,1,7675.25,7662.0,-26.5,11.52,-1.15,entry,8.0
2019-06-19 15:01:00,2019-06-19 15:59:00,LONG,1,7682.0,7695.5,27.0,17.02,0.793,entry,58.0
2019-06-20 09:36:00,2019-06-20 09:41:00,SHORT,1,7777.25,7787.75,-21.0,11.45,-0.917,entry,5.0
2019-06-20 10:19:00,2019-06-20 15:36:00,SHORT,1,7772.5,7759.0,27.0,15.16,0.891,entry,317.0
2019-06-20 15:50:00,2019-06-20 15:59:00,LONG,1,7770.5,7763.0,-15.0,11.75,-0.638,entry,9.0
2019-06-21 09:56:00,2019-06-21 11:50:00,LONG,1,7759.0,7765.5,13.0,11.15,0.583,entry,114.0
2019-06-21 12:19:00,2019-06-21 12:52:00,SHORT,1,7752.5,7766.5,-28.0,14.41,-0.971,entry,33.0
2019-06-21 15:18:00,2019-06-21 15:51:00,LONG,1,7777.75,7765.25,-25.0,11.78,-1.061,entry,33.0
2019-06-24 09:53:00,2019-06-24 10:05:00,SHORT,1,7753.25,7765.25,-24.0,13.71,-0.875,entry,12.0
2019-06-24 14:28:00,2019-06-24 15:59:00,SHORT,1,7754.5,7753.0,3.0,10.72,0.14,entry,91.0
2019-06-25 09:36:00,2019-06-25 15:59:00,SHORT,1,7732.25,7621.75,221.0,11.14,9.919,entry,383.0
2019-06-26 09:36:00,2019-06-26 09:50:00,LONG,1,7699.75,7694.5,-10.5,14.4,-0.365,entry,14.0
2019-06-26 10:11:00,2019-06-26 10:34:00,SHORT,1,7688.5,7697.5,-18.0,10.61,-0.848,entry,23.0
2019-06-26 10:54:00,2019-06-26 15:59:00,SHORT,1,7683.25,7655.5,55.5,12.73,2.18,entry,305.0
2019-06-27 09:39:00,2019-06-27 09:43:00,SHORT,1,7675.0,7688.25,-26.5,11.72,-1.131,entry,4.0
2019-06-27 09:56:00,2019-06-27 10:02:00,LONG,1,7699.0,7688.25,-21.5,10.93,-0.984,entry,6.0
2019-06-27 11:18:00,2019-06-27 12:10:00,SHORT,1,7674.0,7685.75,-23.5,14.9,-0.789,entry,52.0
2019-06-27 13:36:00,2019-06-27 15:08:00,LONG,1,7696.75,7686.5,-20.5,10.97,-0.934,entry,92.0
2019-06-28 09:38:00,2019-06-28 10:47:00,SHORT,1,7690.25,7682.5,15.5,10.46,0.741,entry,69.0
2019-06-28 12:01:00,2019-06-28 13:23:00,LONG,1,7693.5,7685.5,-16.0,11.64,-0.688,entry,82.0
2019-06-28 13:55:00,2019-06-28 15:55:00,SHORT,1,7675.0,7688.25,-26.5,10.77,-1.231,entry,120.0
2019-06-28 15:57:00,2019-06-28 15:59:00,LONG,1,7695.5,7693.75,-3.5,11.91,-0.147,entry,2.0
2019-07-01 09:45:00,2019-07-01 10:02:00,SHORT,1,7826.5,7836.75,-20.5,11.29,-0.908,entry,17.0
2019-07-01 10:15:00,2019-07-01 15:59:00,SHORT,1,7821.0,7793.25,55.5,11.82,2.347,entry,344.0
2019-07-02 09:39:00,2019-07-02 09:46:00,LONG,1,7796.0,7787.0,-18.0,10.45,-0.861,entry,7.0
2019-07-02 10:29:00,2019-07-02 11:32:00,LONG,1,7798.5,7792.75,-11.5,10.16,-0.566,entry,63.0
2019-07-02 11:39:00,2019-07-02 12:17:00,SHORT,1,7780.5,7791.5,-22.0,11.97,-0.919,entry,38.0
2019-07-02 12:28:00,2019-07-02 13:33:00,SHORT,1,7780.5,7791.5,-22.0,10.58,-1.04,entry,65.0
2019-07-02 14:16:00,2019-07-02 15:59:00,LONG,1,7799.0,7825.25,52.5,9.98,2.631,entry,103.0
2019-07-03 10:19:00,2019-07-03 13:14:00,LONG,1,7855.25,7888.25,66.0,10.4,3.172,entry,175.0
2019-07-05 09:55:00,2019-07-05 11:13:00,SHORT,1,7822.5,7819.25,6.5,9.36,0.347,entry,78.0
2019-07-05 11:30:00,2019-07-05 11:45:00,LONG,1,7826.5,7818.0,-17.0,8.98,-0.947,entry,15.0
2019-07-05 11:59:00,2019-07-05 15:59:00,LONG,1,7827.5,7868.5,82.0,9.28,4.416,entry,240.0
2019-07-08 09:37:00,2019-07-08 10:07:00,SHORT,1,7793.0,7792.5,1.0,10.44,0.048,entry,30.0
2019-07-08 10:17:00,2019-07-08 10:30:00,LONG,1,7800.75,7790.75,-20.0,9.14,-1.094,entry,13.0
2019-07-08 10:46:00,2019-07-08 10:51:00,LONG,1,7801.5,7791.5,-20.0,8.99,-1.112,entry,5.0
2019-07-08 11:01:00,2019-07-08 11:38:00,LONG,1,7802.5,7793.0,-19.0,9.72,-0.978,entry,37.0
2019-07-08 12:03:00,2019-07-08 12:33:00,SHORT,1,7783.25,7794.0,-21.5,10.63,-1.011,entry,30.0
2019-07-08 13:36:00,2019-07-08 13:47:00,LONG,1,7803.5,7793.75,-19.5,9.65,-1.01,entry,11.0
2019-07-08 14:41:00,2019-07-08 15:59:00,LONG,1,7803.25,7810.75,15.0,9.08,0.826,entry,78.0
2019-07-09 09:33:00,2019-07-09 15:59:00,LONG,1,7787.75,7850.25,125.0,9.39,6.657,entry,386.0
2019-07-10 09:33:00,2019-07-10 10:22:00,LONG,1,7916.75,7925.75,18.0,10.18,0.884,entry,49.0
2019-07-10 10:27:00,2019-07-10 10:45:00,SHORT,1,7914.75,7925.75,-22.0,13.06,-0.842,entry,18.0
2019-07-10 10:53:00,2019-07-10 11:56:00,SHORT,1,7915.25,7918.0,-5.5,10.3,-0.267,entry,63.0
2019-07-10 13:30:00,2019-07-10 14:14:00,LONG,1,7926.75,7916.75,-20.0,9.38,-1.066,entry,44.0
2019-07-10 14:25:00,2019-07-10 15:10:00,SHORT,1,7907.75,7917.75,-20.0,10.45,-0.957,entry,45.0
2019-07-10 15:52:00,2019-07-10 15:59:00,LONG,1,7927.5,7927.25,-0.5,9.65,-0.026,entry,7.0
2019-07-11 10:00:00,2019-07-11 10:04:00,LONG,1,7950.5,7940.75,-19.5,9.46,-1.031,entry,4.0
2019-07-11 10:31:00,2019-07-11 11:08:00,SHORT,1,7930.75,7938.0,-14.5,9.18,-0.789,entry,37.0
2019-07-11 11:15:00,2019-07-11 13:07:00,LONG,1,7947.25,7940.75,-13.0,9.65,-0.674,entry,112.0
2019-07-11 13:27:00,2019-07-11 15:59:00,SHORT,1,7930.25,7919.25,22.0,10.67,1.031,entry,152.0
2019-07-12 09:45:00,2019-07-12 10:11:00,LONG,1,7943.75,7936.75,-14.0,9.41,-0.744,entry,26.0
2019-07-12 10:26:00,2019-07-12 11:14:00,SHORT,1,7927.0,7937.0,-20.0,10.5,-0.952,entry,48.0
2019-07-12 11:24:00,2019-07-12 15:59:00,LONG,1,7945.0,7965.5,41.0,9.82,2.088,entry,275.0
2019-07-15 09:48:00,2019-07-15 10:01:00,SHORT,1,7965.0,7972.5,-15.0,8.73,-0.859,entry,13.0
2019-07-15 10:06:00,2019-07-15 10:19:00,SHORT,1,7963.0,7971.25,-16.5,8.85,-0.932,entry,13.0
2019-07-15 11:21:00,2019-07-15 11:32:00,LONG,1,7980.25,7969.75,-21.0,8.89,-1.182,entry,11.0
2019-07-15 14:08:00,2019-07-15 15:59:00,LONG,1,7980.75,7988.0,14.5,9.6,0.755,entry,111.0
2019-07-16 10:18:00,2019-07-16 10:30:00,SHORT,1,7970.25,7979.25,-18.0,9.41,-0.957,entry,12.0
2019-07-16 11:17:00,2019-07-16 13:12:00,SHORT,1,7968.75,7964.5,8.5,9.63,0.442,entry,115.0
2019-07-16 13:39:00,2019-07-16 15:59:00,SHORT,1,7955.0,7948.5,13.0,8.49,0.766,entry,140.0
2019-07-17 10:09:00,2019-07-17 11:48:00,SHORT,1,7946.0,7945.5,1.0,8.88,0.056,entry,99.0
2019-07-17 12:23:00,2019-07-17 12:37:00,SHORT,1,7935.75,7945.0,-18.5,8.39,-1.102,entry,14.0
2019-07-17 14:12:00,2019-07-17 15:59:00,SHORT,1,7933.25,7909.25,48.0,10.34,2.322,entry,107.0
2019-07-18 09:34:00,2019-07-18 09:50:00,LONG,1,7886.0,7885.25,-1.5,10.38,-0.072,entry,16.0
2019-07-18 10:07:00,2019-07-18 10:35:00,LONG,1,7895.5,7890.25,-10.5,7.95,-0.66,entry,28.0
2019-07-18 10:52:00,2019-07-18 13:38:00,SHORT,1,7881.25,7877.0,8.5,8.66,0.49,entry,166.0
2019-07-18 13:52:00,2019-07-18 14:01:00,SHORT,1,7867.5,7876.75,-18.5,9.21,-1.004,entry,9.0
2019-07-18 14:07:00,2019-07-18 15:59:00,LONG,1,7884.75,7920.75,72.0,8.02,4.487,entry,112.0
2019-07-19 09:44:00,2019-07-19 12:51:00,SHORT,1,7950.75,7936.0,29.5,9.07,1.627,entry,187.0
2019-07-19 13:01:00,2019-07-19 15:59:00,SHORT,1,7926.25,7853.25,146.0,8.87,8.228,entry,178.0
2019-07-22 09:40:00,2019-07-22 10:17:00,LONG,1,7893.25,7899.25,12.0,8.48,0.707,entry,37.0
2019-07-22 10:38:00,2019-07-22 10:44:00,LONG,1,7908.25,7896.25,-24.0,8.41,-1.427,entry,6.0
2019-07-22 11:21:00,2019-07-22 11:30:00,SHORT,1,7890.0,7900.25,-20.5,8.92,-1.149,entry,9.0
2019-07-22 11:53:00,2019-07-22 12:03:00,LONG,1,7909.0,7896.0,-26.0,9.81,-1.325,entry,10.0
2019-07-22 12:23:00,2019-07-22 15:59:00,LONG,1,7908.25,7921.25,26.0,8.8,1.478,entry,216.0
2019-07-23 09:38:00,2019-07-23 10:42:00,SHORT,1,7943.75,7936.0,15.5,9.46,0.82,entry,64.0
2019-07-23 11:36:00,2019-07-23 12:58:00,SHORT,1,7923.75,7932.25,-17.0,11.52,-0.738,entry,82.0
2019-07-23 13:41:00,2019-07-23 15:59:00,LONG,1,7941.75,7970.0,56.5,9.85,2.869,entry,138.0
2019-07-24 09:37:00,2019-07-24 11:02:00,LONG,1,7959.25,7969.75,21.0,9.32,1.127,entry,85.0
2019-07-24 11:12:00,2019-07-24 11:21:00,LONG,1,7981.25,7972.0,-18.5,9.56,-0.968,entry,9.0
2019-07-24 11:30:00,2019-07-24 15:59:00,LONG,1,7980.5,8025.75,90.5,8.27,5.471,entry,269.0
2019-07-25 09:37:00,2019-07-25 10:33:00,SHORT,1,7976.25,7966.5,19.5,12.25,0.796,entry,56.0
2019-07-25 10:37:00,2019-07-25 11:18:00,LONG,1,7976.75,7968.25,-17.0,10.2,-0.833,entry,41.0
2019-07-25 11:25:00,2019-07-25 11:41:00,SHORT,1,7960.25,7969.25,-18.0,8.69,-1.036,entry,16.0
2019-07-25 11:49:00,2019-07-25 14:15:00,SHORT,1,7957.75,7962.25,-9.0,10.7,-0.42,entry,146.0
2019-07-25 14:36:00,2019-07-25 15:59:00,SHORT,1,7952.25,7946.75,11.0,9.83,0.559,entry,83.0
2019-07-26 09:33:00,2019-07-26 09:41:00,LONG,1,8016.25,8017.5,2.5,9.7,0.129,entry,8.0
2019-07-26 09:55:00,2019-07-26 10:00:00,LONG,1,8030.25,8020.0,-20.5,9.73,-1.053,entry,5.0
2019-07-26 10:27:00,2019-07-26 11:21:00,SHORT,1,8010.5,8017.25,-13.5,10.06,-0.671,entry,54.0
2019-07-26 11:35:00,2019-07-26 15:59:00,LONG,1,8025.75,8028.25,5.0,8.79,0.284,entry,264.0
2019-07-29 09:33:00,2019-07-29 11:19:00,SHORT,1,8006.0,7980.0,52.0,9.67,2.689,entry,106.0
2019-07-29 11:54:00,2019-07-29 12:11:00,LONG,1,7988.5,7976.5,-24.0,8.7,-1.379,entry,17.0
2019-07-29 12:56:00,2019-07-29 15:59:00,LONG,1,7988.75,8002.25,27.0,8.59,1.572,entry,183.0
2019-07-30 09:35:00,2019-07-30 10:12:00,LONG,1,7953.0,7957.0,8.0,8.37,0.478,entry,37.0
2019-07-30 10:15:00,2019-07-30 10:44:00,LONG,1,7968.25,7959.5,-17.5,9.24,-0.947,entry,29.0
2019-07-30 11:00:00,2019-07-30 11:50:00,LONG,1,7969.25,7961.25,-16.0,8.37,-0.956,entry,50.0
2019-07-30 13:44:00,2019-07-30 15:22:00,LONG,1,7972.0,7965.75,-12.5,9.19,-0.68,entry,98.0
2019-07-30 15:56:00,2019-07-30 15:59:00,SHORT,1,7956.5,7967.0,-21.0,10.1,-1.04,entry,3.0
2019-07-31 10:05:00,2019-07-31 10:28:00,LONG,1,7985.75,7978.5,-14.5,9.05,-0.801,entry,23.0
2019-07-31 10:31:00,2019-07-31 10:55:00,SHORT,1,7970.0,7978.75,-17.5,8.65,-1.011,entry,24.0
2019-07-31 11:11:00,2019-07-31 12:22:00,LONG,1,7986.5,7977.75,-17.5,8.7,-1.005,entry,71.0
2019-07-31 13:40:00,2019-07-31 14:13:00,SHORT,1,7970.0,7977.0,-14.0,8.82,-0.794,entry,33.0
2019-07-31 14:17:00,2019-07-31 15:59:00,SHORT,1,7965.25,7859.25,212.0,10.11,10.483,entry,102.0
2019-08-01 09:33:00,2019-08-01 13:28:00,LONG,1,7907.0,7943.5,73.0,14.87,2.454,entry,235.0
2019-08-01 13:28:00,2019-08-01 15:59:00,SHORT,1,7943.5,7813.5,260.0,19.89,6.534,reverse,151.0
2019-08-02 09:35:00,2019-08-02 09:38:00,SHORT,1,7728.75,7745.25,-33.0,16.42,-1.005,entry,3.0
2019-08-02 09:39:00,2019-08-02 09:40:00,LONG,1,7761.0,7744.0,-34.0,16.64,-1.022,entry,1.0
2019-08-02 09:47:00,2019-08-02 10:00:00,SHORT,1,7727.0,7741.0,-28.0,16.59,-0.844,entry,13.0
2019-08-02 10:01:00,2019-08-02 12:18:00,SHORT,1,7728.25,7699.75,57.0,10.73,2.656,entry,137.0
2019-08-02 12:40:00,2019-08-02 14:45:00,SHORT,1,7687.5,7692.5,-10.0,10.22,-0.489,entry,125.0
2019-08-02 14:51:00,2019-08-02 15:24:00,SHORT,1,7677.25,7694.75,-35.0,14.08,-1.243,entry,33.0
2019-08-02 15:26:00,2019-08-02 15:50:00,LONG,1,7703.75,7691.5,-24.5,13.07,-0.937,entry,24.0
2019-08-02 15:56:00,2019-08-02 15:59:00,LONG,1,7703.75,7701.25,-5.0,11.75,-0.213,entry,3.0
2019-08-05 09:36:00,2019-08-05 09:39:00,SHORT,1,7514.0,7529.25,-30.5,11.63,-1.312,entry,3.0
2019-08-05 09:41:00,2019-08-05 09:56:00,SHORT,1,7510.5,7512.0,-3.0,12.81,-0.117,entry,15.0
2019-08-05 10:01:00,2019-08-05 10:15:00,SHORT,1,7496.75,7507.75,-22.0,13.31,-0.827,entry,14.0
2019-08-05 10:19:00,2019-08-05 11:07:00,SHORT,1,7495.0,7498.75,-7.5,11.47,-0.327,entry,48.0
2019-08-05 11:24:00,2019-08-05 15:59:00,SHORT,1,7487.5,7423.0,129.0,10.69,6.033,entry,275.0
2019-08-06 09:32:00,2019-08-06 09:36:00,LONG,1,7526.5,7513.75,-25.5,17.0,-0.75,entry,4.0
2019-08-06 09:46:00,2019-08-06 09:53:00,SHORT,1,7493.0,7515.5,-45.0,18.88,-1.191,entry,7.0
2019-08-06 10:00:00,2019-08-06 10:10:00,LONG,1,7524.0,7509.0,-30.0,14.04,-1.069,entry,10.0
2019-08-06 10:13:00,2019-08-06 10:41:00,SHORT,1,7491.0,7506.75,-31.5,20.99,-0.75,entry,28.0
2019-08-06 10:49:00,2019-08-06 13:16:00,SHORT,1,7484.5,7487.0,-5.0,19.61,-0.127,entry,147.0
2019-08-06 13:24:00,2019-08-06 15:59:00,LONG,1,7500.75,7527.0,52.5,13.89,1.89,entry,155.0
2019-08-07 09:31:00,2019-08-07 09:35:00,SHORT,1,7426.5,7439.75,-26.5,13.21,-1.003,entry,4.0
2019-08-07 09:38:00,2019-08-07 09:43:00,LONG,1,7457.25,7436.5,-41.5,19.72,-1.052,entry,5.0
2019-08-07 09:44:00,2019-08-07 09:56:00,SHORT,1,7426.75,7433.75,-14.0,12.75,-0.549,entry,12.0
2019-08-07 10:04:00,2019-08-07 11:47:00,LONG,1,7443.25,7471.0,55.5,16.01,1.734,entry,103.0
2019-08-07 11:55:00,2019-08-07 12:03:00,LONG,1,7486.75,7469.0,-35.5,15.4,-1.152,entry,8.0
2019-08-07 12:12:00,2019-08-07 12:16:00,SHORT,1,7458.5,7474.75,-32.5,12.95,-1.255,entry,4.0
2019-08-07 12:20:00,2019-08-07 12:31:00,SHORT,1,7454.5,7477.75,-46.5,16.81,-1.383,entry,11.0
2019-08-07 12:41:00,2019-08-07 15:59:00,LONG,1,7483.75,7559.0,150.5,12.71,5.92,entry,198.0
2019-08-08 09:34:00,2019-08-08 09:39:00,SHORT,1,7592.0,7606.0,-28.0,14.48,-0.967,entry,5.0
2019-08-08 09:42:00,2019-08-08 09:52:00,SHORT,1,7587.5,7600.25,-25.5,14.23,-0.896,entry,10.0
2019-08-08 09:55:00,2019-08-08 15:59:00,LONG,1,7613.0,7732.25,238.5,13.5,8.831,entry,364.0
2019-08-09 09:37:00,2019-08-09 09:41:00,LONG,1,7718.75,7702.25,-33.0,15.4,-1.071,entry,4.0
2019-08-09 09:47:00,2019-08-09 12:54:00,SHORT,1,7688.25,7656.0,64.5,15.0,2.15,entry,187.0
2019-08-09 12:56:00,2019-08-09 12:58:00,LONG,1,7663.5,7645.0,-37.0,15.8,-1.171,entry,2.0
2019-08-09 13:18:00,2019-08-09 15:55:00,LONG,1,7664.0,7655.75,-16.5,16.06,-0.514,entry,157.0
2019-08-12 09:34:00,2019-08-12 09:45:00,SHORT,1,7593.75,7599.75,-12.0,15.57,-0.385,entry,11.0
2019-08-12 10:01:00,2019-08-12 10:05:00,LONG,1,7612.0,7595.0,-34.0,13.2,-1.288,entry,4.0
2019-08-12 10:08:00,2019-08-12 10:16:00,SHORT,1,7585.25,7602.5,-34.5,13.22,-1.305,entry,8.0
2019-08-12 10:21:00,2019-08-12 10:45:00,LONG,1,7611.75,7602.75,-18.0,13.2,-0.682,entry,24.0
2019-08-12 11:11:00,2019-08-12 11:25:00,SHORT,1,7587.5,7604.5,-34.0,16.2,-1.05,entry,14.0
2019-08-12 11:46:00,2019-08-12 12:54:00,LONG,1,7622.75,7606.25,-33.0,20.15,-0.819,entry,68.0
2019-08-12 13:44:00,2019-08-12 15:59:00,SHORT,1,7591.25,7570.75,41.0,14.85,1.381,entry,135.0
2019-08-13 09:35:00,2019-08-13 11:18:00,LONG,1,7581.0,7707.5,253.0,14.25,8.88,entry,103.0
2019-08-13 11:40:00,2019-08-13 15:59:00,LONG,1,7722.5,7738.0,31.0,14.17,1.094,entry,259.0
2019-08-14 09:39:00,2019-08-14 09:40:00,LONG,1,7633.0,7616.75,-32.5,15.27,-1.064,entry,1.0
2019-08-14 09:45:00,2019-08-14 09:54:00,SHORT,1,7591.75,7615.25,-47.0,23.49,-1.001,entry,9.0
2019-08-14 09:58:00,2019-08-14 10:00:00,LONG,1,7626.75,7612.25,-29.0,14.26,-1.017,entry,2.0
2019-08-14 10:02:00,2019-08-14 15:59:00,SHORT,1,7596.5,7501.75,189.5,15.75,6.014,entry,357.0
2019-08-15 09:36:00,2019-08-15 09:47:00,SHORT,1,7503.0,7504.0,-2.0,15.14,-0.066,entry,11.0
2019-08-15 10:00:00,2019-08-15 10:03:00,LONG,1,7521.25,7504.0,-34.5,17.24,-1.0,entry,3.0
2019-08-15 10:12:00,2019-08-15 10:20:00,LONG,1,7524.25,7503.5,-41.5,19.25,-1.078,entry,8.0
2019-08-15 10:30:00,2019-08-15 10:34:00,SHORT,1,7490.5,7507.0,-33.0,15.15,-1.089,entry,4.0
2019-08-15 11:01:00,2019-08-15 11:57:00,SHORT,1,7489.5,7505.0,-31.0,15.49,-1.001,entry,56.0
2019-08-15 12:04:00,2019-08-15 12:29:00,LONG,1,7515.25,7496.0,-38.5,16.89,-1.14,entry,25.0
2019-08-15 13:36:00,2019-08-15 15:00:00,SHORT,1,7479.75,7497.75,-36.0,19.28,-0.934,entry,84.0
2019-08-15 15:03:00,2019-08-15 15:29:00,LONG,1,7506.75,7491.5,-30.5,14.96,-1.019,entry,26.0
2019-08-15 15:45:00,2019-08-15 15:59:00,LONG,1,7507.75,7493.75,-28.0,15.34,-0.913,entry,14.0
2019-08-16 10:21:00,2019-08-16 15:59:00,LONG,1,7594.0,7612.5,37.0,19.14,0.966,entry,338.0
2019-08-19 10:01:00,2019-08-19 10:49:00,SHORT,1,7714.0,7721.75,-15.5,14.77,-0.525,entry,48.0
2019-08-19 11:17:00,2019-08-19 14:33:00,LONG,1,7737.25,7727.75,-19.0,16.02,-0.593,entry,196.0
2019-08-20 09:35:00,2019-08-20 09:46:00,SHORT,1,7691.0,7703.5,-25.0,14.59,-0.857,entry,11.0
2019-08-20 09:51:00,2019-08-20 09:55:00,SHORT,1,7683.75,7700.25,-33.0,15.63,-1.056,entry,4.0
2019-08-20 10:55:00,2019-08-20 13:34:00,LONG,1,7716.25,7707.0,-18.5,14.85,-0.623,entry,159.0
2019-08-20 14:03:00,2019-08-20 15:59:00,SHORT,1,7696.0,7674.5,43.0,15.11,1.423,entry,116.0
2019-08-21 09:40:00,2019-08-21 10:10:00,LONG,1,7757.0,7750.0,-14.0,14.86,-0.471,entry,30.0
2019-08-21 13:51:00,2019-08-21 14:20:00,SHORT,1,7734.25,7748.0,-27.5,15.8,-0.87,entry,29.0
2019-08-21 14:37:00,2019-08-21 15:59:00,SHORT,1,7732.5,7740.75,-16.5,15.1,-0.546,entry,82.0
2019-08-22 10:07:00,2019-08-22 12:32:00,SHORT,1,7744.75,7706.75,76.0,15.58,2.44,entry,145.0
2019-08-22 13:20:00,2019-08-22 15:59:00,LONG,1,7720.5,7714.75,-11.5,14.14,-0.407,entry,159.0
2019-08-23 09:48:00,2019-08-23 10:00:00,SHORT,1,7645.25,7657.0,-23.5,19.27,-0.61,entry,12.0
2019-08-23 10:02:00,2019-08-23 10:10:00,LONG,1,7684.5,7655.0,-59.0,24.47,-1.205,entry,8.0
2019-08-23 10:14:00,2019-08-23 11:00:00,LONG,1,7679.5,7659.25,-40.5,14.91,-1.358,entry,46.0
2019-08-23 11:00:00,2019-08-23 15:59:00,SHORT,1,7659.25,7473.75,371.0,22.97,8.076,reverse,299.0
2019-08-26 09:47:00,2019-08-26 09:58:00,SHORT,1,7529.0,7547.75,-37.5,19.13,-0.98,entry,11.0
2019-08-26 10:09:00,2019-08-26 10:49:00,SHORT,1,7525.75,7545.75,-40.0,19.47,-1.027,entry,40.0
2019-08-26 11:12:00,2019-08-26 11:45:00,LONG,1,7560.0,7539.75,-40.5,21.56,-0.939,entry,33.0
2019-08-26 12:08:00,2019-08-26 14:03:00,LONG,1,7558.0,7545.0,-26.0,16.19,-0.803,entry,115.0
2019-08-26 15:00:00,2019-08-26 15:44:00,LONG,1,7566.5,7546.75,-39.5,19.59,-1.008,entry,44.0
2019-08-26 15:54:00,2019-08-26 15:59:00,LONG,1,7565.0,7582.5,35.0,17.1,1.023,entry,5.0
2019-08-27 10:23:00,2019-08-27 14:55:00,SHORT,1,7616.25,7592.0,48.5,14.39,1.685,entry,272.0
2019-08-27 15:21:00,2019-08-27 15:59:00,SHORT,1,7573.0,7570.75,4.5,18.81,0.12,entry,38.0
2019-08-28 09:32:00,2019-08-28 09:44:00,SHORT,1,7522.5,7532.5,-20.0,14.16,-0.706,entry,12.0
2019-08-28 09:48:00,2019-08-28 15:59:00,LONG,1,7540.75,7593.5,105.5,15.8,3.338,entry,371.0
2019-08-29 10:12:00,2019-08-29 11:12:00,SHORT,1,7692.5,7702.25,-19.5,16.52,-0.59,entry,60.0
2019-08-29 11:34:00,2019-08-29 15:07:00,LONG,1,7713.75,7704.5,-18.5,14.02,-0.66,entry,213.0
2019-08-30 09:58:00,2019-08-30 15:55:00,SHORT,1,7723.0,7696.25,53.5,13.78,1.941,entry,357.0
2019-09-02 10:20:00,2019-09-02 11:05:00,LONG,1,7669.0,7653.0,-32.0,16.76,-0.955,entry,45.0
2019-09-02 11:49:00,2019-09-02 12:59:00,SHORT,1,7606.25,7612.25,-12.0,47.53,-0.126,entry,70.0
2019-09-03 09:35:00,2019-09-03 09:48:00,LONG,1,7657.0,7650.5,-13.0,17.34,-0.375,entry,13.0
2019-09-03 09:51:00,2019-09-03 10:00:00,LONG,1,7670.5,7637.5,-66.0,18.14,-1.819,entry,9.0
2019-09-03 10:00:00,2019-09-03 10:41:00,SHORT,1,7637.5,7645.0,-15.0,17.06,-0.44,reverse,41.0
2019-09-03 11:10:00,2019-09-03 11:30:00,SHORT,1,7619.5,7634.25,-29.5,15.04,-0.98,entry,20.0
2019-09-03 12:53:00,2019-09-03 15:47:00,SHORT,1,7617.5,7624.25,-13.5,14.98,-0.451,entry,174.0
2019-09-04 10:07:00,2019-09-04 11:01:00,SHORT,1,7675.75,7684.5,-17.5,13.44,-0.651,entry,54.0
2019-09-04 11:32:00,2019-09-04 15:59:00,LONG,1,7697.25,7723.5,52.5,13.39,1.96,entry,267.0
2019-09-05 09:51:00,2019-09-05 11:59:00,LONG,1,7839.25,7853.25,28.0,13.27,1.055,entry,128.0
2019-09-05 15:02:00,2019-09-05 15:59:00,LONG,1,7867.0,7865.5,-3.0,13.27,-0.113,entry,57.0
2019-09-06 09:35:00,2019-09-06 09:47:00,SHORT,1,7847.5,7857.75,-20.5,14.39,-0.712,entry,12.0
2019-09-06 10:44:00,2019-09-06 11:57:00,LONG,1,7869.5,7857.75,-23.5,13.44,-0.874,entry,73.0
2019-09-06 12:50:00,2019-09-06 13:00:00,SHORT,1,7845.75,7861.5,-31.5,13.66,-1.153,entry,10.0
2019-09-06 13:30:00,2019-09-06 15:48:00,LONG,1,7875.0,7860.75,-28.5,15.48,-0.921,entry,138.0
2019-09-09 09:56:00,2019-09-09 10:34:00,SHORT,1,7855.75,7863.75,-16.0,12.73,-0.628,entry,38.0
2019-09-09 11:01:00,2019-09-09 11:42:00,LONG,1,7876.0,7863.0,-26.0,12.78,-1.017,entry,41.0
2019-09-09 12:10:00,2019-09-09 15:59:00,SHORT,1,7851.25,7837.5,27.5,12.58,1.093,entry,229.0
2019-09-10 09:37:00,2019-09-10 10:16:00,SHORT,1,7769.5,7767.75,3.5,13.03,0.134,entry,39.0
2019-09-10 10:23:00,2019-09-10 10:54:00,LONG,1,7778.0,7767.25,-21.5,12.64,-0.851,entry,31.0
2019-09-10 11:25:00,2019-09-10 11:47:00,SHORT,1,7755.75,7774.25,-37.0,12.5,-1.48,entry,22.0
2019-09-10 11:50:00,2019-09-10 14:06:00,LONG,1,7782.25,7774.25,-16.0,14.5,-0.552,entry,136.0
2019-09-10 14:40:00,2019-09-10 15:04:00,SHORT,1,7762.0,7775.5,-27.0,13.22,-1.021,entry,24.0
2019-09-10 15:46:00,2019-09-10 15:59:00,LONG,1,7787.5,7818.75,62.5,12.51,2.498,entry,13.0
2019-09-11 09:39:00,2019-09-11 15:59:00,LONG,1,7839.5,7889.75,100.5,15.18,3.311,entry,380.0
2019-09-12 09:43:00,2019-09-12 10:03:00,SHORT,1,7931.0,7937.75,-13.5,12.17,-0.555,entry,20.0
2019-09-12 10:10:00,2019-09-12 10:50:00,LONG,1,7972.25,7934.25,-76.0,36.34,-1.046,entry,40.0
2019-09-12 10:50:00,2019-09-12 11:19:00,SHORT,1,7934.25,7945.0,-21.5,12.56,-0.856,reverse,29.0
2019-09-12 13:01:00,2019-09-12 15:29:00,LONG,1,7957.5,7944.75,-25.5,13.28,-0.96,entry,148.0
2019-09-12 15:51:00,2019-09-12 15:59:00,SHORT,1,7933.75,7920.5,26.5,11.89,1.115,entry,8.0
2019-09-13 09:50:00,2019-09-13 10:04:00,LONG,1,7936.5,7920.75,-31.5,15.75,-1.0,entry,14.0
2019-09-13 10:13:00,2019-09-13 10:18:00,SHORT,1,7909.5,7922.5,-26.0,12.19,-1.066,entry,5.0
2019-09-13 10:33:00,2019-09-13 10:35:00,LONG,1,7934.5,7922.5,-24.0,11.79,-1.018,entry,2.0
2019-09-13 10:47:00,2019-09-13 11:32:00,LONG,1,7935.0,7926.25,-17.5,11.55,-0.758,entry,45.0
2019-09-13 12:31:00,2019-09-13 15:59:00,SHORT,1,7914.75,7916.5,-3.5,11.99,-0.146,entry,208.0
2019-09-16 09:51:00,2019-09-16 10:28:00,LONG,1,7884.0,7878.25,-11.5,11.8,-0.487,entry,37.0
2019-09-16 10:54:00,2019-09-16 11:08:00,SHORT,1,7863.75,7881.25,-35.0,14.18,-1.234,entry,14.0
2019-09-16 11:27:00,2019-09-16 11:34:00,LONG,1,7889.0,7874.75,-28.5,11.21,-1.271,entry,7.0
2019-09-16 11:55:00,2019-09-16 13:54:00,SHORT,1,7866.0,7875.25,-18.5,11.28,-0.82,entry,119.0
2019-09-17 09:36:00,2019-09-17 09:39:00,SHORT,1,7865.75,7882.5,-33.5,10.98,-1.526,entry,3.0
2019-09-17 09:41:00,2019-09-17 09:53:00,LONG,1,7891.25,7880.0,-22.5,14.01,-0.803,entry,12.0
2019-09-17 10:10:00,2019-09-17 10:15:00,SHORT,1,7868.75,7879.0,-20.5,10.71,-0.957,entry,5.0
2019-09-17 11:24:00,2019-09-17 12:24:00,LONG,1,7890.75,7880.0,-21.5,11.54,-0.931,entry,60.0
2019-09-17 15:27:00,2019-09-17 15:59:00,LONG,1,7894.25,7914.75,41.0,12.37,1.657,entry,32.0
2019-09-18 12:57:00,2019-09-18 14:07:00,SHORT,1,7881.0,7885.75,-9.5,11.11,-0.428,entry,70.0
2019-09-18 14:09:00,2019-09-18 15:17:00,SHORT,1,7866.5,7867.25,-1.5,18.07,-0.042,entry,68.0
2019-09-18 15:26:00,2019-09-18 15:59:00,LONG,1,7876.0,7912.75,73.5,10.44,3.519,entry,33.0
2019-09-19 09:36:00,2019-09-19 11:43:00,LONG,1,7954.25,7955.25,2.0,13.38,0.075,entry,127.0
2019-09-19 12:18:00,2019-09-19 15:59:00,SHORT,1,7946.25,7923.5,45.5,10.66,2.133,entry,221.0
2019-09-20 10:39:00,2019-09-20 15:59:00,SHORT,1,7918.75,7839.0,159.5,12.96,6.154,entry,320.0
2019-09-23 09:50:00,2019-09-23 10:00:00,LONG,1,7845.75,7832.25,-27.0,12.62,-1.069,entry,10.0
2019-09-23 10:05:00,2019-09-23 10:22:00,SHORT,1,7820.75,7831.0,-20.5,13.16,-0.779,entry,17.0
2019-09-23 10:30:00,2019-09-23 10:40:00,LONG,1,7841.5,7827.25,-28.5,10.91,-1.306,entry,10.0
2019-09-23 10:53:00,2019-09-23 11:03:00,SHORT,1,7816.5,7832.5,-32.0,13.91,-1.15,entry,10.0
2019-09-23 11:26:00,2019-09-23 15:59:00,LONG,1,7840.5,7840.0,-1.0,10.58,-0.047,entry,273.0
2019-09-24 09:42:00,2019-09-24 10:00:00,LONG,1,7887.5,7879.75,-15.5,10.92,-0.71,entry,18.0
2019-09-24 10:15:00,2019-09-24 15:59:00,SHORT,1,7859.25,7732.0,254.5,18.75,6.785,entry,344.0
2019-09-25 09:43:00,2019-09-25 10:08:00,SHORT,1,7718.5,7714.25,8.5,11.53,0.369,entry,25.0
2019-09-25 10:15:00,2019-09-25 10:29:00,SHORT,1,7696.25,7713.5,-34.5,11.66,-1.479,entry,14.0
2019-09-25 10:30:00,2019-09-25 15:59:00,LONG,1,7720.5,7823.25,205.5,14.05,7.311,entry,329.0
2019-09-26 09:34:00,2019-09-26 10:04:00,SHORT,1,7789.25,7788.25,2.0,13.86,0.072,entry,30.0
2019-09-26 10:11:00,2019-09-26 10:30:00,SHORT,1,7771.5,7781.5,-20.0,12.56,-0.796,entry,19.0
2019-09-26 10:49:00,2019-09-26 10:56:00,LONG,1,7794.75,7772.75,-44.0,13.7,-1.606,entry,7.0
2019-09-26 10:57:00,2019-09-26 12:20:00,SHORT,1,7766.75,7771.5,-9.5,14.28,-0.333,entry,83.0
2019-09-26 13:20:00,2019-09-26 13:41:00,SHORT,1,7758.0,7769.75,-23.5,12.15,-0.967,entry,21.0
2019-09-26 14:00:00,2019-09-26 15:59:00,LONG,1,7784.25,7792.25,16.0,14.27,0.561,entry,119.0
2019-09-27 09:46:00,2019-09-27 10:39:00,SHORT,1,7781.5,7771.0,21.0,11.91,0.882,entry,53.0
2019-09-27 10:48:00,2019-09-27 11:36:00,LONG,1,7782.25,7757.5,-49.5,11.37,-2.177,entry,48.0
2019-09-27 11:36:00,2019-09-27 15:59:00,SHORT,1,7757.5,7698.75,117.5,16.63,3.533,reverse,263.0
2019-09-30 09:50:00,2019-09-30 10:43:00,LONG,1,7736.25,7730.5,-11.5,13.62,-0.422,entry,53.0
2019-09-30 11:00:00,2019-09-30 15:59:00,LONG,1,7745.5,7767.75,44.5,13.81,1.611,entry,299.0
2019-10-01 09:36:00,2019-10-01 10:00:00,LONG,1,7825.5,7820.0,-11.0,13.11,-0.419,entry,24.0
2019-10-01 10:03:00,2019-10-01 15:59:00,SHORT,1,7802.0,7701.25,201.5,21.33,4.723,entry,356.0
2019-10-02 09:38:00,2019-10-02 10:13:00,SHORT,1,7611.75,7613.25,-3.0,17.18,-0.087,entry,35.0
2019-10-02 10:25:00,2019-10-02 14:48:00,SHORT,1,7598.75,7575.75,46.0,12.23,1.88,entry,263.0
2019-10-02 15:05:00,2019-10-02 15:12:00,SHORT,1,7562.0,7580.5,-37.0,12.62,-1.466,entry,7.0
2019-10-02 15:20:00,2019-10-02 15:29:00,LONG,1,7589.75,7573.5,-32.5,15.02,-1.082,entry,9.0
2019-10-02 15:47:00,2019-10-02 15:59:00,SHORT,1,7563.25,7566.0,-5.5,11.66,-0.236,entry,12.0
2019-10-03 09:32:00,2019-10-03 09:38:00,LONG,1,7580.0,7564.0,-32.0,14.86,-1.077,entry,6.0
2019-10-03 10:00:00,2019-10-03 10:26:00,SHORT,1,7511.25,7533.75,-45.0,54.01,-0.417,entry,26.0
2019-10-03 10:27:00,2019-10-03 10:33:00,LONG,1,7550.75,7530.25,-41.0,21.15,-0.969,entry,6.0
2019-10-03 10:34:00,2019-10-03 10:49:00,LONG,1,7543.5,7531.0,-25.0,13.08,-0.956,entry,15.0
2019-10-03 10:58:00,2019-10-03 15:59:00,LONG,1,7546.25,7652.25,212.0,14.05,7.546,entry,301.0
2019-10-04 09:57:00,2019-10-04 10:29:00,LONG,1,7711.5,7703.25,-16.5,12.92,-0.639,entry,32.0
2019-10-04 11:06:00,2019-10-04 15:59:00,LONG,1,7720.25,7765.25,90.0,14.87,3.027,entry,293.0
2019-10-07 09:47:00,2019-10-07 09:51:00,SHORT,1,7725.75,7741.5,-31.5,13.74,-1.146,entry,4.0
2019-10-07 10:09:00,2019-10-07 13:09:00,LONG,1,7755.0,7757.5,5.0,14.51,0.172,entry,180.0
2019-10-07 13:32:00,2019-10-07 14:15:00,LONG,1,7774.75,7763.75,-22.0,14.99,-0.734,entry,43.0
2019-10-07 14:46:00,2019-10-07 15:27:00,SHORT,1,7751.25,7763.75,-25.0,13.6,-0.919,entry,41.0
2019-10-07 15:34:00,2019-10-07 15:59:00,SHORT,1,7749.25,7737.0,24.5,14.08,0.87,entry,25.0
2019-10-08 09:40:00,2019-10-08 09:45:00,SHORT,1,7661.5,7675.25,-27.5,15.32,-0.897,entry,5.0
2019-10-08 09:49:00,2019-10-08 10:40:00,SHORT,1,7661.5,7657.0,9.0,12.18,0.369,entry,51.0
2019-10-08 10:47:00,2019-10-08 10:55:00,SHORT,1,7642.5,7663.5,-42.0,12.14,-1.73,entry,8.0
2019-10-08 11:00:00,2019-10-08 11:09:00,LONG,1,7667.75,7655.0,-25.5,13.0,-0.981,entry,9.0
2019-10-08 11:16:00,2019-10-08 11:25:00,LONG,1,7671.0,7652.25,-37.5,15.64,-1.199,entry,9.0
2019-10-08 11:30:00,2019-10-08 11:58:00,SHORT,1,7643.25,7654.5,-22.5,12.23,-0.92,entry,28.0
2019-10-08 12:25:00,2019-10-08 14:57:00,LONG,1,7668.5,7656.0,-25.0,14.12,-0.885,entry,152.0
2019-10-08 15:00:00,2019-10-08 15:06:00,LONG,1,7688.0,7662.75,-50.5,22.96,-1.1,entry,6.0
2019-10-08 15:38:00,2019-10-08 15:59:00,SHORT,1,7652.75,7616.5,72.5,12.27,2.954,entry,21.0
2019-10-09 09:53:00,2019-10-09 10:00:00,SHORT,1,7670.0,7683.25,-26.5,13.42,-0.987,entry,7.0
2019-10-09 11:45:00,2019-10-09 15:59:00,LONG,1,7697.75,7700.75,6.0,15.5,0.194,entry,254.0
2019-10-10 09:49:00,2019-10-10 12:26:00,LONG,1,7724.75,7750.5,51.5,16.91,1.523,entry,157.0
2019-10-10 12:33:00,2019-10-10 13:56:00,SHORT,1,7737.75,7752.75,-30.0,12.95,-1.158,entry,83.0
2019-10-10 14:07:00,2019-10-10 15:19:00,SHORT,1,7728.5,7747.0,-37.0,20.26,-0.913,entry,72.0
2019-10-11 09:45:00,2019-10-11 11:57:00,LONG,1,7871.75,7882.5,21.5,14.36,0.749,entry,132.0
2019-10-11 12:32:00,2019-10-11 12:45:00,SHORT,1,7864.0,7881.0,-34.0,17.34,-0.981,entry,13.0
2019-10-11 13:26:00,2019-10-11 15:44:00,LONG,1,7902.5,7886.0,-33.0,21.16,-0.78,entry,138.0
2019-10-11 15:50:00,2019-10-11 15:59:00,SHORT,1,7873.0,7851.25,43.5,13.01,1.672,entry,9.0
2019-10-14 09:37:00,2019-10-14 09:46:00,SHORT,1,7839.75,7849.5,-19.5,13.17,-0.74,entry,9.0
2019-10-14 10:07:00,2019-10-14 10:24:00,LONG,1,7864.25,7852.0,-24.5,12.97,-0.944,entry,17.0
2019-10-14 10:39:00,2019-10-14 12:03:00,LONG,1,7867.5,7858.75,-17.5,12.9,-0.678,entry,84.0
2019-10-15 10:10:00,2019-10-15 15:59:00,LONG,1,7907.5,7953.0,91.0,13.54,3.36,entry,349.0
2019-10-16 10:04:00,2019-10-16 10:13:00,SHORT,1,7911.25,7922.75,-23.0,12.37,-0.929,entry,9.0
2019-10-16 10:28:00,2019-10-16 11:32:00,LONG,1,7935.75,7927.75,-16.0,12.02,-0.666,entry,64.0
2019-10-16 11:49:00,2019-10-16 12:14:00,LONG,1,7941.25,7928.75,-25.0,12.08,-1.035,entry,25.0
2019-10-16 13:13:00,2019-10-16 14:33:00,SHORT,1,7916.25,7928.25,-24.0,12.45,-0.964,entry,80.0
2019-10-17 10:27:00,2019-10-17 14:50:00,SHORT,1,7967.75,7959.75,16.0,12.44,0.643,entry,263.0
2019-10-18 10:07:00,2019-10-18 14:21:00,SHORT,1,7936.5,7898.0,77.0,10.97,3.511,entry,254.0
2019-10-18 15:14:00,2019-10-18 15:41:00,LONG,1,7908.75,7896.25,-25.0,11.48,-1.089,entry,27.0
2019-10-18 15:55:00,2019-10-18 15:59:00,SHORT,1,7884.5,7875.75,17.5,12.77,0.685,entry,4.0
2019-10-21 09:36:00,2019-10-21 09:43:00,LONG,1,7933.5,7923.75,-19.5,12.0,-0.813,entry,7.0
2019-10-21 09:49:00,2019-10-21 10:21:00,SHORT,1,7909.0,7918.75,-19.5,14.14,-0.689,entry,32.0
2019-10-21 10:39:00,2019-10-21 15:59:00,LONG,1,7929.0,7946.5,35.0,11.86,1.476,entry,320.0
2019-10-22 09:48:00,2019-10-22 15:59:00,SHORT,1,7966.5,7884.75,163.5,11.75,6.959,entry,371.0
2019-10-23 09:39:00,2019-10-23 10:08:00,LONG,1,7878.0,7869.75,-16.5,13.47,-0.612,entry,29.0
2019-10-23 10:34:00,2019-10-23 10:45:00,SHORT,1,7858.75,7871.75,-26.0,12.6,-1.032,entry,11.0
2019-10-23 10:52:00,2019-10-23 12:08:00,LONG,1,7884.5,7876.0,-17.0,13.93,-0.61,entry,76.0
2019-10-23 12:39:00,2019-10-23 14:05:00,LONG,1,7888.0,7876.75,-22.5,11.31,-0.995,entry,86.0
2019-10-23 14:20:00,2019-10-23 15:08:00,SHORT,1,7866.75,7878.0,-22.5,10.9,-1.032,entry,48.0
2019-10-23 15:32:00,2019-10-23 15:59:00,LONG,1,7890.0,7896.25,12.5,12.76,0.49,entry,27.0
2019-10-24 09:53:00,2019-10-24 10:58:00,SHORT,1,7939.5,7942.25,-5.5,11.46,-0.24,entry,65.0
2019-10-24 11:06:00,2019-10-24 12:16:00,LONG,1,7949.75,7940.75,-18.0,10.52,-0.855,entry,70.0
2019-10-24 12:34:00,2019-10-24 13:53:00,LONG,1,7960.25,7947.25,-26.0,12.45,-1.045,entry,79.0
2019-10-24 14:29:00,2019-10-24 15:59:00,LONG,1,7960.0,7973.0,26.0,10.42,1.247,entry,90.0
2019-10-25 09:50:00,2019-10-25 15:59:00,LONG,1,7964.5,8035.75,142.5,14.57,4.89,entry,369.0
2019-10-28 10:18:00,2019-10-28 15:59:00,LONG,1,8101.5,8116.5,30.0,10.59,1.416,entry,341.0
2019-10-29 09:40:00,2019-10-29 09:52:00,SHORT,1,8091.5,8100.0,-17.0,10.45,-0.813,entry,12.0
2019-10-29 10:01:00,2019-10-29 10:36:00,SHORT,1,8084.25,8092.75,-17.0,13.06,-0.651,entry,35.0
2019-10-29 11:13:00,2019-10-29 12:24:00,SHORT,1,8078.75,8083.25,-9.0,11.88,-0.379,entry,71.0
2019-10-29 13:50:00,2019-10-29 15:59:00,SHORT,1,8072.0,8054.5,35.0,10.7,1.636,entry,129.0
2019-10-30 09:38:00,2019-10-30 09:50:00,SHORT,1,8046.0,8052.0,-12.0,10.22,-0.587,entry,12.0
2019-10-30 10:03:00,2019-10-30 10:08:00,SHORT,1,8034.0,8048.25,-28.5,16.31,-0.873,entry,5.0
2019-10-30 10:43:00,2019-10-30 11:19:00,LONG,1,8059.25,8051.25,-16.0,10.01,-0.8,entry,36.0
2019-10-30 11:44:00,2019-10-30 11:50:00,SHORT,1,8041.0,8051.5,-21.0,10.27,-1.022,entry,6.0
2019-10-30 13:59:00,2019-10-30 14:10:00,SHORT,1,8040.0,8055.75,-31.5,11.05,-1.426,entry,11.0
2019-10-30 14:15:00,2019-10-30 14:31:00,LONG,1,8067.5,8050.75,-33.5,16.9,-0.991,entry,16.0
2019-10-30 14:50:00,2019-10-30 15:59:00,LONG,1,8068.0,8088.75,41.5,16.65,1.246,entry,69.0
2019-10-31 09:31:00,2019-10-31 09:33:00,SHORT,1,8093.0,8108.75,-31.5,10.54,-1.494,entry,2.0
2019-10-31 09:44:00,2019-10-31 10:59:00,SHORT,1,8092.75,8082.5,20.5,12.79,0.802,entry,75.0
2019-10-31 11:15:00,2019-10-31 11:27:00,LONG,1,8094.5,8077.75,-33.5,11.98,-1.398,entry,12.0
2019-10-31 11:42:00,2019-10-31 11:58:00,LONG,1,8093.0,8082.75,-20.5,10.12,-1.013,entry,16.0
2019-10-31 12:01:00,2019-10-31 13:38:00,SHORT,1,8072.5,8079.75,-14.5,10.5,-0.691,entry,97.0
2019-10-31 13:49:00,2019-10-31 15:18:00,SHORT,1,8067.5,8077.75,-20.5,12.15,-0.844,entry,89.0
2019-11-01 09:53:00,2019-11-01 11:26:00,LONG,1,8137.75,8139.75,4.0,11.4,0.176,entry,93.0
2019-11-01 12:06:00,2019-11-01 13:20:00,SHORT,1,8130.0,8138.0,-16.0,11.1,-0.721,entry,74.0
2019-11-01 13:47:00,2019-11-01 15:59:00,LONG,1,8147.75,8165.5,35.5,10.19,1.742,entry,132.0
2019-11-04 10:01:00,2019-11-04 10:27:00,SHORT,1,8212.75,8221.25,-17.0,9.54,-0.891,entry,26.0
2019-11-04 10:54:00,2019-11-04 12:56:00,SHORT,1,8206.5,8215.0,-17.0,11.52,-0.738,entry,122.0
2019-11-04 14:36:00,2019-11-04 15:06:00,LONG,1,8225.25,8215.75,-19.0,9.79,-0.971,entry,30.0
2019-11-05 10:01:00,2019-11-05 10:07:00,LONG,1,8233.0,8216.0,-34.0,14.69,-1.157,entry,6.0
2019-11-05 10:09:00,2019-11-05 10:36:00,SHORT,1,8208.25,8215.75,-15.0,10.27,-0.73,entry,27.0
2019-11-05 10:44:00,2019-11-05 11:02:00,SHORT,1,8203.75,8213.25,-19.0,9.5,-1.0,entry,18.0
2019-11-05 11:15:00,2019-11-05 15:56:00,LONG,1,8223.75,8216.0,-15.5,10.67,-0.726,entry,281.0
2019-11-06 10:29:00,2019-11-06 11:31:00,SHORT,1,8186.75,8193.5,-13.5,10.0,-0.675,entry,62.0
2019-11-06 11:44:00,2019-11-06 13:18:00,SHORT,1,8178.0,8188.25,-20.5,14.65,-0.7,entry,94.0
2019-11-06 13:57:00,2019-11-06 15:59:00,LONG,1,8196.5,8201.75,10.5,9.05,0.58,entry,122.0
2019-11-07 09:37:00,2019-11-07 10:05:00,LONG,1,8251.25,8248.75,-5.0,8.83,-0.283,entry,28.0
2019-11-07 10:14:00,2019-11-07 11:52:00,LONG,1,8259.25,8257.75,-3.0,8.96,-0.167,entry,98.0
2019-11-07 11:59:00,2019-11-07 13:31:00,LONG,1,8277.0,8259.25,-35.5,18.13,-0.979,entry,92.0
2019-11-07 14:43:00,2019-11-07 15:59:00,SHORT,1,8236.0,8227.5,17.0,23.64,0.359,entry,76.0
2019-11-08 09:37:00,2019-11-08 09:58:00,LONG,1,8223.75,8219.75,-8.0,8.86,-0.451,entry,21.0
2019-11-08 09:59:00,2019-11-08 10:17:00,SHORT,1,8206.0,8216.25,-20.5,15.51,-0.661,entry,18.0
2019-11-08 10:30:00,2019-11-08 15:59:00,LONG,1,8224.25,8261.5,74.5,8.63,4.316,entry,329.0
2019-11-11 09:47:00,2019-11-11 15:59:00,LONG,1,8223.75,8249.0,50.5,8.57,2.946,entry,372.0
2019-11-12 10:08:00,2019-11-12 12:50:00,LONG,1,8275.75,8277.75,4.0,8.67,0.231,entry,162.0
2019-11-12 13:03:00,2019-11-12 14:01:00,LONG,1,8289.0,8280.5,-17.0,8.73,-0.974,entry,58.0
2019-11-12 14:11:00,2019-11-12 15:59:00,SHORT,1,8271.25,8271.5,-0.5,9.68,-0.026,entry,108.0
2019-11-13 09:35:00,2019-11-13 09:48:00,LONG,1,8258.75,8249.0,-19.5,10.87,-0.897,entry,13.0
2019-11-13 09:50:00,2019-11-13 09:57:00,SHORT,1,8242.0,8250.25,-16.5,8.95,-0.921,entry,7.0
2019-11-13 10:02:00,2019-11-13 13:57:00,LONG,1,8259.0,8256.5,-5.0,8.63,-0.29,entry,235.0
2019-11-13 13:57:00,2019-11-13 14:51:00,SHORT,1,8256.5,8263.0,-13.0,8.36,-0.777,reverse,54.0
2019-11-13 15:04:00,2019-11-13 15:50:00,LONG,1,8270.75,8259.75,-22.0,8.63,-1.275,entry,46.0
2019-11-14 09:36:00,2019-11-14 09:43:00,LONG,1,8255.5,8248.0,-15.0,8.57,-0.875,entry,7.0
2019-11-14 10:03:00,2019-11-14 10:26:00,LONG,1,8259.75,8251.5,-16.5,10.0,-0.825,entry,23.0
2019-11-14 10:50:00,2019-11-14 11:19:00,SHORT,1,8241.5,8250.5,-18.0,10.25,-0.878,entry,29.0
2019-11-14 11:35:00,2019-11-14 12:37:00,SHORT,1,8239.5,8244.25,-9.5,9.17,-0.518,entry,62.0
2019-11-14 13:01:00,2019-11-14 13:57:00,LONG,1,8252.25,8238.5,-27.5,9.07,-1.515,entry,56.0
2019-11-14 14:07:00,2019-11-14 15:59:00,LONG,1,8253.25,8266.0,25.5,8.8,1.449,entry,112.0
2019-11-15 09:34:00,2019-11-15 10:13:00,SHORT,1,8300.75,8300.75,-0.0,9.01,-0.0,entry,39.0
2019-11-15 10:21:00,2019-11-15 11:55:00,LONG,1,8310.75,8306.25,-9.0,9.34,-0.482,entry,94.0
2019-11-15 12:16:00,2019-11-15 12:28:00,LONG,1,8315.25,8307.0,-16.5,8.18,-1.009,entry,12.0
2019-11-15 12:50:00,2019-11-15 14:32:00,LONG,1,8315.25,8308.0,-14.5,7.79,-0.931,entry,102.0
2019-11-15 15:22:00,2019-11-15 15:47:00,SHORT,1,8300.0,8308.0,-16.0,8.09,-0.989,entry,25.0
2019-11-18 09:35:00,2019-11-18 09:52:00,SHORT,1,8295.25,8295.0,0.5,8.66,0.029,entry,17.0
2019-11-18 10:25:00,2019-11-18 10:31:00,SHORT,1,8287.0,8295.5,-17.0,7.78,-1.092,entry,6.0
2019-11-18 10:41:00,2019-11-18 15:59:00,LONG,1,8303.5,8333.5,60.0,8.53,3.518,entry,318.0
2019-11-19 09:51:00,2019-11-19 11:31:00,SHORT,1,8344.25,8340.75,7.0,9.44,0.371,entry,100.0
2019-11-19 11:38:00,2019-11-19 12:41:00,LONG,1,8352.0,8341.25,-21.5,12.1,-0.888,entry,63.0
2019-11-19 13:20:00,2019-11-19 15:56:00,LONG,1,8350.0,8343.25,-13.5,8.03,-0.84,entry,156.0
2019-11-20 09:48:00,2019-11-20 09:53:00,LONG,1,8332.25,8322.0,-20.5,8.05,-1.273,entry,5.0
2019-11-20 10:00:00,2019-11-20 10:24:00,LONG,1,8332.75,8323.25,-19.0,7.4,-1.283,entry,24.0
2019-11-20 10:27:00,2019-11-20 11:30:00,LONG,1,8335.25,8330.5,-9.5,7.79,-0.61,entry,63.0
2019-11-20 11:46:00,2019-11-20 15:59:00,SHORT,1,8323.75,8293.0,61.5,7.95,3.87,entry,253.0
2019-11-21 09:34:00,2019-11-21 09:39:00,SHORT,1,8268.25,8277.75,-19.0,8.97,-1.06,entry,5.0
2019-11-21 09:43:00,2019-11-21 09:46:00,SHORT,1,8266.0,8273.75,-15.5,7.76,-0.999,entry,3.0
2019-11-21 10:08:00,2019-11-21 10:15:00,LONG,1,8283.0,8274.0,-18.0,9.58,-0.94,entry,7.0
2019-11-21 10:16:00,2019-11-21 11:03:00,SHORT,1,8259.75,8274.5,-29.5,14.29,-1.032,entry,47.0
2019-11-21 11:07:00,2019-11-21 11:14:00,LONG,1,8277.0,8266.5,-21.0,8.28,-1.269,entry,7.0
2019-11-21 11:34:00,2019-11-21 12:34:00,SHORT,1,8257.75,8267.5,-19.5,10.85,-0.899,entry,60.0
2019-11-21 13:10:00,2019-11-21 14:04:00,LONG,1,8274.25,8263.75,-21.0,7.62,-1.378,entry,54.0
2019-11-21 14:09:00,2019-11-21 15:40:00,LONG,1,8275.0,8268.5,-13.0,7.98,-0.815,entry,91.0
2019-11-21 15:51:00,2019-11-21 15:56:00,SHORT,1,8260.5,8271.5,-22.0,8.2,-1.342,entry,5.0
2019-11-22 09:36:00,2019-11-22 09:40:00,LONG,1,8297.0,8289.0,-16.0,8.64,-0.926,entry,4.0
2019-11-22 09:55:00,2019-11-22 09:58:00,SHORT,1,8279.5,8288.25,-17.5,7.67,-1.141,entry,3.0
2019-11-22 10:08:00,2019-11-22 12:20:00,SHORT,1,8279.25,8267.0,24.5,7.52,1.628,entry,132.0
2019-11-22 12:52:00,2019-11-22 13:49:00,LONG,1,8273.75,8264.75,-18.0,7.52,-1.197,entry,57.0
2019-11-22 15:18:00,2019-11-22 15:49:00,LONG,1,8275.0,8266.5,-17.0,8.34,-1.02,entry,31.0
2019-11-22 15:57:00,2019-11-22 15:59:00,LONG,1,8276.0,8277.75,3.5,8.91,0.196,entry,2.0
2019-11-25 09:33:00,2019-11-25 15:59:00,LONG,1,8335.5,8376.75,82.5,7.72,5.341,entry,386.0
2019-11-26 09:54:00,2019-11-26 10:05:00,LONG,1,8386.0,8377.75,-16.5,7.59,-1.087,entry,11.0
2019-11-26 10:26:00,2019-11-26 10:39:00,LONG,1,8388.5,8380.75,-15.5,7.89,-0.982,entry,13.0
2019-11-26 10:46:00,2019-11-26 15:07:00,LONG,1,8389.25,8387.25,-4.0,7.87,-0.254,entry,261.0
2019-11-26 15:44:00,2019-11-26 15:59:00,LONG,1,8395.75,8392.0,-7.5,7.93,-0.473,entry,15.0
2019-11-27 10:12:00,2019-11-27 15:59:00,LONG,1,8420.5,8449.25,57.5,8.43,3.41,entry,347.0
2019-11-28 12:15:00,2019-11-28 12:59:00,LONG,1,8447.5,8444.5,-6.0,7.26,-0.413,entry,44.0
2019-11-29 09:58:00,2019-11-29 10:30:00,LONG,1,8435.75,8428.5,-14.5,8.77,-0.826,entry,32.0
2019-11-29 11:35:00,2019-11-29 13:14:00,SHORT,1,8422.25,8422.5,-0.5,7.76,-0.032,entry,99.0
2019-12-02 09:31:00,2019-12-02 13:26:00,SHORT,1,8396.75,8319.25,155.0,6.66,11.636,entry,235.0
2019-12-02 14:12:00,2019-12-02 15:23:00,LONG,1,8325.75,8318.25,-15.0,7.17,-1.047,entry,71.0
2019-12-02 15:38:00,2019-12-02 15:50:00,LONG,1,8327.75,8319.5,-16.5,8.38,-0.985,entry,12.0
2019-12-03 09:33:00,2019-12-03 09:38:00,LONG,1,8208.25,8202.25,-12.0,8.23,-0.729,entry,5.0
2019-12-03 09:39:00,2019-12-03 09:43:00,SHORT,1,8196.5,8205.25,-17.5,8.51,-1.028,entry,4.0
2019-12-03 09:45:00,2019-12-03 09:46:00,SHORT,1,8195.0,8205.75,-21.5,8.02,-1.34,entry,1.0
2019-12-03 09:47:00,2019-12-03 09:58:00,SHORT,1,8193.25,8197.0,-7.5,9.42,-0.398,entry,11.0
2019-12-03 10:00:00,2019-12-03 10:04:00,LONG,1,8208.0,8196.75,-22.5,11.49,-0.979,entry,4.0
2019-12-03 10:10:00,2019-12-03 10:14:00,SHORT,1,8187.0,8197.0,-20.0,9.7,-1.031,entry,4.0
2019-12-03 10:16:00,2019-12-03 10:48:00,LONG,1,8206.25,8194.75,-23.0,9.54,-1.205,entry,32.0
2019-12-03 10:49:00,2019-12-03 11:12:00,SHORT,1,8191.25,8202.5,-22.5,9.08,-1.239,entry,23.0
2019-12-03 11:16:00,2019-12-03 11:26:00,LONG,1,8208.5,8199.0,-19.0,9.32,-1.019,entry,10.0
2019-12-03 11:32:00,2019-12-03 11:38:00,SHORT,1,8191.25,8201.25,-20.0,8.06,-1.241,entry,6.0
2019-12-03 12:09:00,2019-12-03 15:59:00,LONG,1,8207.0,8258.0,102.0,7.56,6.744,entry,230.0
2019-12-04 09:36:00,2019-12-04 09:41:00,LONG,1,8311.0,8298.5,-25.0,14.07,-0.888,entry,5.0
2019-12-04 09:53:00,2019-12-04 10:27:00,LONG,1,8312.5,8303.75,-17.5,10.07,-0.869,entry,34.0
2019-12-04 11:00:00,2019-12-04 11:10:00,LONG,1,8315.75,8304.25,-23.0,8.94,-1.286,entry,10.0
2019-12-04 11:36:00,2019-12-04 11:53:00,LONG,1,8316.5,8307.5,-18.0,9.3,-0.968,entry,17.0
2019-12-04 12:18:00,2019-12-04 12:52:00,SHORT,1,8298.5,8306.75,-16.5,8.58,-0.961,entry,34.0
2019-12-04 13:17:00,2019-12-04 14:07:00,SHORT,1,8297.5,8308.0,-21.0,8.92,-1.177,entry,50.0
2019-12-04 14:50:00,2019-12-04 15:16:00,LONG,1,8314.25,8305.5,-17.5,7.87,-1.112,entry,26.0
2019-12-05 09:58:00,2019-12-05 11:18:00,SHORT,1,8305.0,8298.75,12.5,8.36,0.748,entry,80.0
2019-12-05 11:25:00,2019-12-05 13:36:00,SHORT,1,8290.75,8297.25,-13.0,7.59,-0.857,entry,131.0
2019-12-05 14:11:00,2019-12-05 14:57:00,LONG,1,8304.5,8294.5,-20.0,7.74,-1.292,entry,46.0
2019-12-05 15:04:00,2019-12-05 15:59:00,LONG,1,8305.5,8312.5,14.0,7.86,0.891,entry,55.0
2019-12-06 09:42:00,2019-12-06 10:16:00,LONG,1,8384.0,8380.75,-6.5,7.89,-0.412,entry,34.0
2019-12-06 10:48:00,2019-12-06 15:59:00,LONG,1,8390.5,8399.75,18.5,8.48,1.091,entry,311.0
2019-12-09 09:37:00,2019-12-09 10:41:00,LONG,1,8411.5,8411.25,-0.5,13.01,-0.019,entry,64.0
2019-12-09 11:05:00,2019-12-09 15:59:00,SHORT,1,8405.25,8365.0,80.5,7.93,5.076,entry,294.0
2019-12-10 09:38:00,2019-12-10 09:44:00,SHORT,1,8345.25,8355.5,-20.5,12.18,-0.842,entry,6.0
2019-12-10 09:46:00,2019-12-10 12:08:00,LONG,1,8363.25,8373.25,20.0,8.54,1.171,entry,142.0
2019-12-10 13:01:00,2019-12-10 13:53:00,LONG,1,8381.0,8372.0,-18.0,7.81,-1.152,entry,52.0
2019-12-10 15:22:00,2019-12-10 15:59:00,SHORT,1,8364.25,8359.0,10.5,9.05,0.58,entry,37.0
2019-12-11 09:48:00,2019-12-11 10:52:00,LONG,1,8379.0,8381.0,4.0,7.57,0.264,entry,64.0
2019-12-11 11:02:00,2019-12-11 11:12:00,SHORT,1,8373.0,8382.0,-18.0,7.88,-1.142,entry,10.0
2019-12-11 12:44:00,2019-12-11 13:26:00,SHORT,1,8372.5,8382.0,-19.0,8.32,-1.142,entry,42.0
2019-12-11 14:03:00,2019-12-11 15:59:00,LONG,1,8389.25,8404.5,30.5,8.56,1.781,entry,116.0
2019-12-12 09:35:00,2019-12-12 11:20:00,LONG,1,8406.5,8456.0,99.0,13.21,3.748,entry,105.0
2019-12-12 11:23:00,2019-12-12 14:30:00,SHORT,1,8450.25,8456.75,-13.0,7.35,-0.885,entry,187.0
2019-12-12 14:30:00,2019-12-12 14:37:00,LONG,1,8456.75,8444.75,-24.0,9.94,-1.207,reverse,7.0
2019-12-12 14:48:00,2019-12-12 14:55:00,SHORT,1,8434.0,8447.75,-27.5,13.22,-1.04,entry,7.0
2019-12-12 15:25:00,2019-12-12 15:59:00,LONG,1,8454.75,8467.0,24.5,7.6,1.613,entry,34.0
2019-12-13 09:34:00,2019-12-13 09:35:00,SHORT,1,8469.75,8487.25,-35.0,8.22,-2.129,entry,1.0
2019-12-13 09:35:00,2019-12-13 10:35:00,LONG,1,8487.25,8511.0,47.5,8.46,2.809,reverse,60.0
2019-12-13 10:37:00,2019-12-13 10:40:00,SHORT,1,8499.5,8512.25,-25.5,11.93,-1.069,entry,3.0
2019-12-13 10:41:00,2019-12-13 10:50:00,LONG,1,8519.5,8511.0,-17.0,8.51,-0.999,entry,9.0
2019-12-13 10:54:00,2019-12-13 11:09:00,SHORT,1,8499.25,8511.5,-24.5,12.14,-1.009,entry,15.0
2019-12-13 11:15:00,2019-12-13 11:50:00,SHORT,1,8501.5,8510.25,-17.5,9.24,-0.947,entry,35.0
2019-12-13 12:03:00,2019-12-13 15:59:00,LONG,1,8517.0,8518.25,2.5,7.92,0.158,entry,236.0
2019-12-16 09:41:00,2019-12-16 15:45:00,LONG,1,8592.0,8603.5,23.0,8.43,1.364,entry,364.0
2019-12-17 09:35:00,2019-12-17 09:38:00,LONG,1,8623.75,8611.25,-25.0,8.26,-1.514,entry,3.0
2019-12-17 09:40:00,2019-12-17 10:11:00,SHORT,1,8605.75,8609.5,-7.5,9.88,-0.38,entry,31.0
2019-12-18 09:58:00,2019-12-18 10:17:00,SHORT,1,8612.5,8619.25,-13.5,8.8,-0.767,entry,19.0
2019-12-18 11:16:00,2019-12-18 15:31:00,LONG,1,8633.25,8622.25,-22.0,12.76,-0.862,entry,255.0
2019-12-18 15:54:00,2019-12-18 15:59:00,SHORT,1,8617.75,8612.5,10.5,8.42,0.623,entry,5.0
2019-12-19 10:29:00,2019-12-19 15:59:00,LONG,1,8638.25,8671.0,65.5,7.9,4.144,entry,330.0
2019-12-20 09:39:00,2019-12-20 10:05:00,SHORT,1,8695.0,8699.25,-8.5,9.83,-0.432,entry,26.0
2019-12-20 11:11:00,2019-12-20 15:31:00,LONG,1,8706.25,8703.25,-6.0,7.39,-0.406,entry,260.0
2019-12-20 15:47:00,2019-12-20 15:53:00,SHORT,1,8696.0,8705.5,-19.0,7.43,-1.279,entry,6.0
2019-12-23 11:31:00,2019-12-23 12:29:00,LONG,1,8735.75,8729.5,-12.5,7.13,-0.877,entry,58.0
2019-12-23 15:42:00,2019-12-23 15:59:00,SHORT,1,8722.0,8721.75,0.5,7.33,0.034,entry,17.0
2019-12-24 09:35:00,2019-12-24 10:01:00,SHORT,1,8720.0,8719.25,1.5,7.41,0.101,entry,26.0
2019-12-24 13:00:00,2019-12-24 13:14:00,LONG,1,8731.0,8729.75,-2.5,9.9,-0.126,entry,14.0
2019-12-26 09:39:00,2019-12-26 15:59:00,LONG,1,8751.75,8801.25,99.0,6.58,7.528,entry,380.0
2019-12-27 09:43:00,2019-12-27 10:26:00,SHORT,1,8816.5,8808.5,16.0,8.86,0.902,entry,43.0
2019-12-27 10:32:00,2019-12-27 10:36:00,SHORT,1,8800.0,8808.5,-17.0,7.49,-1.135,entry,4.0
2019-12-27 11:06:00,2019-12-27 12:04:00,LONG,1,8814.0,8805.5,-17.0,6.41,-1.325,entry,58.0
2019-12-27 12:25:00,2019-12-27 14:42:00,SHORT,1,8802.25,8806.5,-8.5,6.46,-0.658,entry,137.0
2019-12-27 15:23:00,2019-12-27 15:59:00,SHORT,1,8799.0,8792.5,13.0,7.0,0.928,entry,36.0
2019-12-30 09:33:00,2019-12-30 11:17:00,SHORT,1,8774.75,8728.0,93.5,7.74,6.038,entry,104.0
2019-12-30 11:22:00,2019-12-30 14:37:00,LONG,1,8733.25,8731.0,-4.5,7.74,-0.291,entry,195.0
2019-12-30 15:05:00,2019-12-30 15:47:00,LONG,1,8738.25,8730.0,-16.5,6.75,-1.222,entry,42.0
2019-12-30 15:58:00,2019-12-30 15:59:00,SHORT,1,8722.25,8731.5,-18.5,9.37,-0.987,entry,1.0
2019-12-31 09:32:00,2019-12-31 10:02:00,LONG,1,8723.5,8726.75,6.5,17.15,0.19,entry,30.0
2019-12-31 10:06:00,2019-12-31 10:12:00,SHORT,1,8716.75,8726.25,-19.0,9.68,-0.982,entry,6.0
2019-12-31 10:28:00,2019-12-31 11:46:00,SHORT,1,8718.75,8723.0,-8.5,7.06,-0.602,entry,78.0
2019-12-31 13:47:00,2019-12-31 15:59:00,LONG,1,8728.5,8747.5,38.0,6.84,2.777,entry,132.0
2020-01-02 09:33:00,2020-01-02 09:50:00,LONG,1,8831.75,8835.75,8.0,7.94,0.504,entry,17.0
2020-01-02 09:57:00,2020-01-02 10:02:00,LONG,1,8846.25,8835.75,-21.0,8.37,-1.254,entry,5.0
2020-01-02 10:13:00,2020-01-02 10:58:00,SHORT,1,8826.25,8829.25,-6.0,11.63,-0.258,entry,45.0
2020-01-02 11:33:00,2020-01-02 11:51:00,SHORT,1,8820.0,8827.25,-14.5,8.31,-0.872,entry,18.0
2020-01-02 12:16:00,2020-01-02 15:59:00,LONG,1,8834.5,8889.0,109.0,7.21,7.561,entry,223.0
2020-01-03 09:31:00,2020-01-03 09:55:00,LONG,1,8807.5,8814.5,14.0,12.92,0.542,entry,24.0
2020-01-03 09:58:00,2020-01-03 10:00:00,LONG,1,8827.25,8816.0,-22.5,8.43,-1.335,entry,2.0
2020-01-03 10:02:00,2020-01-03 10:09:00,SHORT,1,8811.25,8819.25,-16.0,7.28,-1.099,entry,7.0
2020-01-03 10:14:00,2020-01-03 10:20:00,LONG,1,8825.5,8816.5,-18.0,7.45,-1.207,entry,6.0
2020-01-03 10:27:00,2020-01-03 10:51:00,LONG,1,8827.5,8818.25,-18.5,8.74,-1.059,entry,24.0
2020-01-03 11:03:00,2020-01-03 11:21:00,SHORT,1,8812.5,8823.25,-21.5,7.84,-1.371,entry,18.0
2020-01-03 11:39:00,2020-01-03 13:37:00,LONG,1,8827.25,8818.0,-18.5,7.25,-1.276,entry,118.0
2020-01-03 13:37:00,2020-01-03 13:39:00,SHORT,1,8818.0,8831.5,-27.0,8.86,-1.524,reverse,2.0
2020-01-03 13:44:00,2020-01-03 14:04:00,LONG,1,8834.75,8827.0,-15.5,7.78,-0.996,entry,20.0
2020-01-03 14:50:00,2020-01-03 15:29:00,LONG,1,8836.0,8828.25,-15.5,8.53,-0.909,entry,39.0
2020-01-03 15:31:00,2020-01-03 15:53:00,SHORT,1,8817.75,8828.0,-20.5,10.54,-0.972,entry,22.0
2020-01-03 15:54:00,2020-01-03 15:59:00,SHORT,1,8819.25,8809.75,19.0,8.68,1.094,entry,5.0
2020-01-06 09:31:00,2020-01-06 15:59:00,LONG,1,8753.0,8863.5,221.0,11.02,10.023,entry,388.0
2020-01-07 09:35:00,2020-01-07 09:38:00,LONG,1,8875.5,8855.25,-40.5,10.43,-1.942,entry,3.0
2020-01-07 09:38:00,2020-01-07 09:58:00,SHORT,1,8855.25,8855.0,0.5,10.04,0.025,reverse,20.0
2020-01-07 10:00:00,2020-01-07 10:27:00,LONG,1,8864.5,8857.0,-15.0,11.27,-0.666,entry,27.0
2020-01-07 10:29:00,2020-01-07 10:31:00,LONG,1,8866.25,8849.25,-34.0,8.83,-1.926,entry,2.0
2020-01-07 10:31:00,2020-01-07 10:37:00,SHORT,1,8849.25,8857.5,-16.5,8.33,-0.991,reverse,6.0
2020-01-07 10:55:00,2020-01-07 14:17:00,LONG,1,8866.5,8861.25,-10.5,8.97,-0.585,entry,202.0
2020-01-07 15:08:00,2020-01-07 15:50:00,LONG,1,8873.75,8864.75,-18.0,8.74,-1.029,entry,42.0
2020-01-08 09:32:00,2020-01-08 10:34:00,LONG,1,8873.75,8880.25,13.0,10.91,0.596,entry,62.0
2020-01-08 10:47:00,2020-01-08 11:09:00,SHORT,1,8872.75,8878.5,-11.5,7.91,-0.727,entry,22.0
2020-01-08 11:19:00,2020-01-08 11:27:00,LONG,1,8887.25,8878.5,-17.5,8.59,-1.019,entry,8.0
2020-01-08 11:29:00,2020-01-08 15:59:00,LONG,1,8897.5,8929.75,64.5,17.72,1.82,entry,270.0
2020-01-09 09:38:00,2020-01-09 09:41:00,LONG,1,9018.5,9007.75,-21.5,8.21,-1.309,entry,3.0
2020-01-09 09:47:00,2020-01-09 09:52:00,SHORT,1,8998.75,9011.75,-26.0,10.78,-1.205,entry,5.0
2020-01-09 09:57:00,2020-01-09 10:19:00,SHORT,1,8998.0,9007.75,-19.5,10.58,-0.922,entry,22.0
2020-01-09 10:39:00,2020-01-09 11:08:00,LONG,1,9016.0,9004.5,-23.0,9.61,-1.196,entry,29.0
2020-01-09 11:25:00,2020-01-09 11:37:00,SHORT,1,8997.5,9007.0,-19.0,9.49,-1.001,entry,12.0
2020-01-09 12:13:00,2020-01-09 14:36:00,SHORT,1,8997.0,8998.5,-3.0,9.49,-0.158,entry,143.0
2020-01-09 15:15:00,2020-01-09 15:32:00,SHORT,1,8988.25,8996.75,-17.0,8.49,-1.001,entry,17.0
2020-01-09 15:56:00,2020-01-09 15:59:00,LONG,1,9004.75,9006.25,3.0,8.22,0.182,entry,3.0
2020-01-10 09:33:00,2020-01-10 09:48:00,SHORT,1,9022.5,9020.5,4.0,9.07,0.221,entry,15.0
2020-01-10 09:58:00,2020-01-10 10:50:00,LONG,1,9030.25,9024.5,-11.5,8.92,-0.645,entry,52.0
2020-01-10 10:58:00,2020-01-10 11:27:00,LONG,1,9037.0,9026.25,-21.5,9.99,-1.076,entry,29.0
2020-01-10 11:31:00,2020-01-10 15:59:00,SHORT,1,9016.25,8982.75,67.0,11.51,2.91,entry,268.0
2020-01-13 09:41:00,2020-01-13 09:44:00,SHORT,1,9011.25,9023.0,-23.5,9.47,-1.24,entry,3.0
2020-01-13 09:56:00,2020-01-13 10:34:00,LONG,1,9029.0,9023.75,-10.5,8.94,-0.587,entry,38.0
2020-01-13 10:53:00,2020-01-13 15:59:00,LONG,1,9033.5,9085.25,103.5,8.97,5.771,entry,306.0
2020-01-14 09:36:00,2020-01-14 10:07:00,SHORT,1,9064.25,9062.5,3.5,9.64,0.181,entry,31.0
2020-01-14 10:17:00,2020-01-14 10:49:00,LONG,1,9069.5,9061.0,-17.0,8.64,-0.983,entry,32.0
2020-01-14 10:52:00,2020-01-14 11:00:00,SHORT,1,9053.5,9063.5,-20.0,9.43,-1.061,entry,8.0
2020-01-14 11:52:00,2020-01-14 13:36:00,LONG,1,9071.25,9066.5,-9.5,8.34,-0.569,entry,104.0
2020-01-14 13:38:00,2020-01-14 13:43:00,LONG,1,9078.5,9060.0,-37.0,11.65,-1.588,entry,5.0
2020-01-14 13:55:00,2020-01-14 14:28:00,SHORT,1,9054.0,9065.5,-23.0,13.03,-0.883,entry,33.0
2020-01-14 14:37:00,2020-01-14 14:51:00,LONG,1,9073.25,9064.75,-17.0,8.58,-0.991,entry,14.0
2020-01-14 15:09:00,2020-01-14 15:59:00,SHORT,1,9054.0,9050.5,7.0,10.78,0.325,entry,50.0
2020-01-15 09:33:00,2020-01-15 09:42:00,LONG,1,9072.0,9068.25,-7.5,9.44,-0.397,entry,9.0
2020-01-15 09:53:00,2020-01-15 10:24:00,LONG,1,9079.0,9074.25,-9.5,9.76,-0.487,entry,31.0
2020-01-15 10:36:00,2020-01-15 11:10:00,LONG,1,9086.25,9075.5,-21.5,10.84,-0.992,entry,34.0
2020-01-15 12:11:00,2020-01-15 12:31:00,LONG,1,9087.25,9075.75,-23.0,8.34,-1.378,entry,20.0
2020-01-15 12:52:00,2020-01-15 15:59:00,SHORT,1,9065.0,9052.75,24.5,13.95,0.878,entry,187.0
2020-01-16 09:40:00,2020-01-16 09:48:00,LONG,1,9112.25,9103.25,-18.0,11.01,-0.817,entry,8.0
2020-01-16 10:01:00,2020-01-16 10:20:00,LONG,1,9113.75,9103.25,-21.0,8.21,-1.279,entry,19.0
2020-01-16 10:53:00,2020-01-16 13:35:00,SHORT,1,9095.25,9100.25,-10.0,11.0,-0.455,entry,162.0
2020-01-16 14:17:00,2020-01-16 15:59:00,LONG,1,9109.0,9138.0,58.0,8.54,3.396,entry,102.0
2020-01-17 09:36:00,2020-01-17 09:57:00,SHORT,1,9150.75,9155.0,-8.5,12.34,-0.345,entry,21.0
2020-01-17 10:15:00,2020-01-17 10:19:00,SHORT,1,9146.25,9155.0,-17.5,8.47,-1.034,entry,4.0
2020-01-17 10:27:00,2020-01-17 10:39:00,LONG,1,9163.25,9154.25,-18.0,8.4,-1.072,entry,12.0
2020-01-17 10:53:00,2020-01-17 12:11:00,SHORT,1,9146.25,9150.5,-8.5,8.73,-0.487,entry,78.0
2020-01-17 13:52:00,2020-01-17 15:08:00,LONG,1,9159.25,9151.25,-16.0,8.29,-0.965,entry,76.0
2020-01-17 15:26:00,2020-01-17 15:59:00,LONG,1,9160.5,9182.5,44.0,8.71,2.526,entry,33.0
2020-01-21 09:49:00,2020-01-21 10:17:00,LONG,1,9171.25,9167.5,-7.5,8.28,-0.453,entry,28.0
2020-01-21 10:35:00,2020-01-21 10:52:00,LONG,1,9176.25,9168.75,-15.0,8.09,-0.927,entry,17.0
2020-01-21 11:06:00,2020-01-21 13:20:00,LONG,1,9177.0,9172.75,-8.5,7.82,-0.543,entry,134.0
2020-01-21 13:32:00,2020-01-21 15:00:00,SHORT,1,9164.25,9173.75,-19.0,12.07,-0.787,entry,88.0
2020-01-21 15:08:00,2020-01-21 15:49:00,LONG,1,9181.5,9173.0,-17.0,8.19,-1.037,entry,41.0
2020-01-22 09:35:00,2020-01-22 10:06:00,LONG,1,9228.25,9229.75,3.0,8.41,0.178,entry,31.0
2020-01-22 10:23:00,2020-01-22 11:02:00,LONG,1,9238.75,9235.25,-7.0,7.53,-0.465,entry,39.0
2020-01-22 11:13:00,2020-01-22 11:30:00,SHORT,1,9225.75,9234.0,-16.5,9.24,-0.893,entry,17.0
2020-01-22 12:14:00,2020-01-22 12:41:00,SHORT,1,9223.0,9236.75,-27.5,10.57,-1.301,entry,27.0
2020-01-22 13:08:00,2020-01-22 13:56:00,LONG,1,9241.5,9232.75,-17.5,8.23,-1.063,entry,48.0
2020-01-22 14:30:00,2020-01-22 15:59:00,SHORT,1,9226.25,9201.0,50.5,7.62,3.312,entry,89.0
2020-01-23 09:31:00,2020-01-23 09:40:00,SHORT,1,9181.75,9172.5,18.5,9.32,0.993,entry,9.0
2020-01-23 09:43:00,2020-01-23 09:46:00,SHORT,1,9162.0,9173.5,-23.0,7.94,-1.447,entry,3.0
2020-01-23 09:50:00,2020-01-23 11:01:00,LONG,1,9177.5,9183.5,12.0,7.43,0.807,entry,71.0
2020-01-23 11:29:00,2020-01-23 11:34:00,SHORT,1,9176.75,9184.75,-16.0,7.76,-1.031,entry,5.0
2020-01-23 11:38:00,2020-01-23 11:46:00,LONG,1,9193.75,9184.5,-18.5,9.19,-1.006,entry,8.0
2020-01-23 11:59:00,2020-01-23 13:01:00,LONG,1,9192.75,9185.75,-14.0,7.86,-0.891,entry,62.0
2020-01-23 13:20:00,2020-01-23 15:59:00,LONG,1,9194.75,9227.5,65.5,7.59,4.315,entry,159.0
2020-01-24 09:34:00,2020-01-24 09:42:00,SHORT,1,9264.0,9273.25,-18.5,9.65,-0.958,entry,8.0
2020-01-24 09:47:00,2020-01-24 09:59:00,SHORT,1,9259.25,9269.0,-19.5,11.36,-0.858,entry,12.0
2020-01-24 10:03:00,2020-01-24 11:11:00,SHORT,1,9258.0,9254.75,6.5,9.74,0.334,entry,68.0
2020-01-24 11:17:00,2020-01-24 15:59:00,SHORT,1,9246.75,9151.75,190.0,7.74,12.275,entry,282.0
2020-01-27 09:31:00,2020-01-27 10:05:00,LONG,1,8951.75,8961.5,19.5,11.23,0.868,entry,34.0
2020-01-27 10:09:00,2020-01-27 10:12:00,LONG,1,8980.0,8964.0,-32.0,14.3,-1.119,entry,3.0
2020-01-27 10:15:00,2020-01-27 10:17:00,LONG,1,8975.25,8965.75,-19.0,9.19,-1.034,entry,2.0
2020-01-27 10:23:00,2020-01-27 10:41:00,LONG,1,8979.0,8969.0,-20.0,12.91,-0.775,entry,18.0
2020-01-27 10:51:00,2020-01-27 11:02:00,SHORT,1,8960.5,8969.5,-18.0,8.36,-1.076,entry,11.0
2020-01-27 11:10:00,2020-01-27 11:35:00,SHORT,1,8958.5,8969.5,-22.0,9.32,-1.18,entry,25.0
2020-01-27 11:37:00,2020-01-27 14:51:00,LONG,1,8975.75,8976.25,1.0,9.51,0.053,entry,194.0
2020-01-27 14:53:00,2020-01-27 15:01:00,SHORT,1,8966.5,8978.25,-23.5,11.37,-1.033,entry,8.0
2020-01-27 15:20:00,2020-01-27 15:28:00,LONG,1,8986.5,8976.75,-19.5,8.68,-1.124,entry,8.0
2020-01-27 15:30:00,2020-01-27 15:59:00,SHORT,1,8969.5,8961.0,17.0,8.35,1.018,entry,29.0
2020-01-28 09:35:00,2020-01-28 09:51:00,SHORT,1,9014.5,9018.25,-7.5,12.16,-0.308,entry,16.0
2020-01-28 10:05:00,2020-01-28 15:59:00,LONG,1,9028.5,9098.25,139.5,10.11,6.896,entry,354.0
2020-01-29 09:39:00,2020-01-29 10:47:00,SHORT,1,9138.0,9112.0,52.0,9.84,2.642,entry,68.0
2020-01-29 11:24:00,2020-01-29 11:41:00,LONG,1,9123.75,9109.5,-28.5,12.33,-1.156,entry,17.0
2020-01-29 11:48:00,2020-01-29 15:15:00,LONG,1,9122.5,9118.25,-8.5,10.55,-0.403,entry,207.0
2020-01-29 15:25:00,2020-01-29 15:46:00,LONG,1,9132.75,9121.5,-22.5,10.66,-1.055,entry,21.0
2020-01-29 15:58:00,2020-01-29 15:59:00,SHORT,1,9111.25,9109.75,3.0,11.15,0.135,entry,1.0
2020-01-30 09:32:00,2020-01-30 09:57:00,LONG,1,9070.0,9090.25,40.5,9.74,2.08,entry,25.0
2020-01-30 10:08:00,2020-01-30 10:12:00,LONG,1,9102.75,9093.0,-19.5,9.79,-0.996,entry,4.0
2020-01-30 10:17:00,2020-01-30 11:36:00,SHORT,1,9083.25,9077.0,12.5,9.96,0.627,entry,79.0
2020-01-30 11:48:00,2020-01-30 12:05:00,LONG,1,9084.5,9073.5,-22.0,11.18,-0.984,entry,17.0
2020-01-30 12:28:00,2020-01-30 14:09:00,SHORT,1,9060.25,9071.25,-22.0,13.53,-0.813,entry,101.0
2020-01-30 14:14:00,2020-01-30 14:43:00,LONG,1,9078.0,9068.5,-19.0,10.0,-0.95,entry,29.0
2020-01-30 14:47:00,2020-01-30 15:59:00,LONG,1,9080.0,9144.25,128.5,10.38,6.193,entry,72.0
2020-01-31 09:32:00,2020-01-31 15:59:00,SHORT,1,9147.5,8995.25,304.5,17.87,8.521,entry,387.0
2020-02-03 09:35:00,2020-02-03 11:41:00,LONG,1,9086.5,9114.5,56.0,22.86,1.225,entry,126.0
2020-02-03 11:43:00,2020-02-03 12:03:00,SHORT,1,9107.5,9121.25,-27.5,13.49,-1.019,entry,20.0
2020-02-03 12:21:00,2020-02-03 13:12:00,LONG,1,9135.5,9116.25,-38.5,15.17,-1.269,entry,51.0
2020-02-03 13:13:00,2020-02-03 13:20:00,SHORT,1,9110.25,9123.25,-26.0,11.74,-1.107,entry,7.0
2020-02-03 13:32:00,2020-02-03 13:36:00,SHORT,1,9108.0,9123.5,-31.0,13.72,-1.129,entry,4.0
2020-02-03 14:42:00,2020-02-03 15:49:00,LONG,1,9132.75,9122.0,-21.5,11.06,-0.972,entry,67.0
2020-02-03 15:55:00,2020-02-03 15:59:00,LONG,1,9134.0,9131.5,-5.0,10.93,-0.229,entry,4.0
2020-02-04 09:31:00,2020-02-04 09:42:00,SHORT,1,9244.0,9253.5,-19.0,13.28,-0.715,entry,11.0
2020-02-04 09:43:00,2020-02-04 10:13:00,LONG,1,9257.0,9255.0,-4.0,11.09,-0.18,entry,30.0
2020-02-04 10:25:00,2020-02-04 15:59:00,LONG,1,9270.0,9340.75,141.5,12.48,5.668,entry,334.0
2020-02-05 09:35:00,2020-02-05 09:48:00,SHORT,1,9421.75,9411.0,21.5,15.3,0.703,entry,13.0
2020-02-05 09:50:00,2020-02-05 12:08:00,SHORT,1,9396.0,9373.5,45.0,14.07,1.6,entry,138.0
2020-02-05 12:48:00,2020-02-05 14:44:00,SHORT,1,9358.5,9367.5,-18.0,12.03,-0.748,entry,116.0
2020-02-05 14:52:00,2020-02-05 15:50:00,LONG,1,9379.25,9362.25,-34.0,12.15,-1.399,entry,58.0
2020-02-06 09:41:00,2020-02-06 09:47:00,SHORT,1,9367.0,9379.75,-25.5,13.78,-0.925,entry,6.0
2020-02-06 09:51:00,2020-02-06 15:59:00,LONG,1,9393.0,9453.0,120.0,12.83,4.675,entry,368.0
2020-02-07 09:33:00,2020-02-07 09:37:00,SHORT,1,9394.5,9405.0,-21.0,12.45,-0.843,entry,4.0
2020-02-07 10:20:00,2020-02-07 13:47:00,LONG,1,9419.25,9424.5,10.5,17.04,0.308,entry,207.0
2020-02-07 14:00:00,2020-02-07 15:59:00,SHORT,1,9408.75,9411.0,-4.5,17.11,-0.131,entry,119.0
2020-02-10 09:34:00,2020-02-10 15:59:00,LONG,1,9415.0,9525.0,220.0,14.93,7.368,entry,385.0
2020-02-11 09:34:00,2020-02-11 09:42:00,SHORT,1,9553.25,9557.25,-8.0,14.51,-0.276,entry,8.0
2020-02-11 09:49:00,2020-02-11 09:58:00,LONG,1,9571.25,9559.0,-24.5,12.5,-0.98,entry,9.0
2020-02-11 10:01:00,2020-02-11 11:33:00,LONG,1,9574.5,9578.5,8.0,13.7,0.292,entry,92.0
2020-02-11 11:38:00,2020-02-11 12:58:00,SHORT,1,9560.25,9577.75,-35.0,19.0,-0.921,entry,80.0
2020-02-11 13:06:00,2020-02-11 13:34:00,LONG,1,9588.25,9574.75,-27.0,12.15,-1.111,entry,28.0
2020-02-11 13:51:00,2020-02-11 15:59:00,SHORT,1,9562.75,9525.0,75.5,13.7,2.755,entry,128.0
2020-02-12 09:49:00,2020-02-12 10:00:00,SHORT,1,9581.0,9590.0,-18.0,12.01,-0.749,entry,11.0
2020-02-12 10:04:00,2020-02-12 10:55:00,SHORT,1,9566.0,9579.75,-27.5,19.64,-0.7,entry,51.0
2020-02-12 11:09:00,2020-02-12 15:59:00,LONG,1,9593.25,9620.0,53.5,13.43,1.992,entry,290.0
2020-02-13 09:31:00,2020-02-13 09:59:00,LONG,1,9570.0,9571.25,2.5,16.03,0.078,entry,28.0
2020-02-13 10:01:00,2020-02-13 10:07:00,SHORT,1,9559.75,9571.0,-22.5,12.12,-0.928,entry,6.0
2020-02-13 10:13:00,2020-02-13 15:41:00,LONG,1,9583.0,9602.0,38.0,11.76,1.616,entry,328.0
2020-02-14 09:44:00,2020-02-14 10:21:00,SHORT,1,9611.25,9618.75,-15.0,12.35,-0.607,entry,37.0
2020-02-14 10:48:00,2020-02-14 12:06:00,LONG,1,9629.75,9619.5,-20.5,13.45,-0.762,entry,78.0
2020-02-14 12:20:00,2020-02-14 14:35:00,SHORT,1,9608.25,9617.75,-19.0,12.49,-0.761,entry,135.0
2020-02-14 15:12:00,2020-02-14 15:36:00,SHORT,1,9602.75,9614.75,-24.0,12.39,-0.968,entry,24.0
2020-02-14 15:54:00,2020-02-14 15:59:00,LONG,1,9626.5,9629.5,6.0,11.6,0.259,entry,5.0
2020-02-18 09:33:00,2020-02-18 09:37:00,LONG,1,9606.0,9597.0,-18.0,13.78,-0.653,entry,4.0
2020-02-18 09:40:00,2020-02-18 10:29:00,LONG,1,9611.75,9596.5,-30.5,11.91,-1.281,entry,49.0
2020-02-18 10:29:00,2020-02-18 10:44:00,SHORT,1,9596.5,9612.0,-31.0,13.18,-1.176,reverse,15.0
2020-02-18 10:46:00,2020-02-18 11:12:00,LONG,1,9620.25,9609.5,-21.5,11.09,-0.969,entry,26.0
2020-02-18 11:24:00,2020-02-18 12:33:00,SHORT,1,9599.0,9606.25,-14.5,11.28,-0.643,entry,69.0
2020-02-18 13:01:00,2020-02-18 15:59:00,LONG,1,9616.0,9635.5,39.0,10.66,1.829,entry,178.0
2020-02-19 09:40:00,2020-02-19 15:50:00,LONG,1,9707.5,9720.25,25.5,10.67,1.195,entry,370.0
2020-02-20 09:36:00,2020-02-20 09:50:00,SHORT,1,9693.5,9711.25,-35.5,15.87,-1.118,entry,14.0
2020-02-20 09:53:00,2020-02-20 10:21:00,LONG,1,9714.75,9706.0,-17.5,10.96,-0.799,entry,28.0
2020-02-20 11:01:00,2020-02-20 14:33:00,SHORT,1,9692.5,9631.0,123.0,15.2,4.047,entry,212.0
2020-02-20 14:36:00,2020-02-20 14:50:00,LONG,1,9638.0,9625.75,-24.5,11.53,-1.062,entry,14.0
2020-02-20 14:53:00,2020-02-20 15:30:00,SHORT,1,9615.0,9631.0,-32.0,11.52,-1.389,entry,37.0
2020-02-20 15:44:00,2020-02-20 15:48:00,LONG,1,9637.5,9625.5,-24.0,11.33,-1.059,entry,4.0
2020-02-20 15:56:00,2020-02-20 15:59:00,LONG,1,9641.5,9634.0,-15.0,15.21,-0.493,entry,3.0
2020-02-21 09:34:00,2020-02-21 11:26:00,SHORT,1,9578.5,9520.0,117.0,14.7,3.978,entry,112.0
2020-02-21 12:05:00,2020-02-21 12:16:00,LONG,1,9531.5,9516.75,-29.5,13.97,-1.056,entry,11.0
2020-02-21 12:24:00,2020-02-21 15:59:00,SHORT,1,9503.5,9452.0,103.0,14.06,3.664,entry,215.0
2020-02-24 09:31:00,2020-02-24 10:24:00,LONG,1,9131.75,9155.5,47.5,40.25,0.59,entry,53.0
2020-02-24 10:28:00,2020-02-24 10:51:00,SHORT,1,9139.25,9153.75,-29.0,16.41,-0.884,entry,23.0
2020-02-24 11:03:00,2020-02-24 11:20:00,SHORT,1,9130.75,9152.75,-44.0,19.61,-1.122,entry,17.0
2020-02-24 11:27:00,2020-02-24 14:27:00,SHORT,1,9132.5,9122.5,20.0,16.34,0.612,entry,180.0
2020-02-24 14:39:00,2020-02-24 15:37:00,LONG,1,9135.75,9125.0,-21.5,14.26,-0.754,entry,58.0
2020-02-24 15:48:00,2020-02-24 15:50:00,LONG,1,9142.0,9120.0,-44.0,16.47,-1.336,entry,2.0
2020-02-24 15:51:00,2020-02-24 15:59:00,SHORT,1,9113.25,9084.25,58.0,12.29,2.36,entry,8.0
2020-02-25 09:32:00,2020-02-25 09:38:00,SHORT,1,9144.0,9166.5,-45.0,26.52,-0.848,entry,6.0
2020-02-25 09:40:00,2020-02-25 09:53:00,SHORT,1,9139.5,9145.5,-12.0,18.37,-0.327,entry,13.0
2020-02-25 10:04:00,2020-02-25 15:59:00,SHORT,1,9123.75,8839.75,568.0,15.01,18.918,entry,355.0
2020-02-26 09:32:00,2020-02-26 09:34:00,LONG,1,8926.25,8914.5,-23.5,16.5,-0.712,entry,2.0
2020-02-26 09:36:00,2020-02-26 09:51:00,LONG,1,8943.25,8956.25,26.0,24.49,0.531,entry,15.0
2020-02-26 10:03:00,2020-02-26 10:14:00,SHORT,1,8940.0,8972.75,-65.5,16.32,-2.007,entry,11.0
2020-02-26 10:14:00,2020-02-26 11:12:00,LONG,1,8972.75,8974.0,2.5,18.6,0.067,reverse,58.0
2020-02-26 11:16:00,2020-02-26 11:48:00,LONG,1,8993.5,8981.5,-24.0,16.32,-0.735,entry,32.0
2020-02-26 11:53:00,2020-02-26 15:59:00,SHORT,1,8955.0,8880.0,150.0,26.37,2.844,entry,246.0
2020-02-27 09:32:00,2020-02-27 09:37:00,SHORT,1,8640.0,8681.75,-83.5,20.91,-1.997,entry,5.0
2020-02-27 09:37:00,2020-02-27 09:44:00,LONG,1,8681.75,8667.0,-29.5,24.48,-0.603,reverse,7.0
2020-02-27 09:45:00,2020-02-27 09:53:00,SHORT,1,8646.25,8662.75,-33.0,24.97,-0.661,entry,8.0
2020-02-27 09:55:00,2020-02-27 10:01:00,LONG,1,8681.75,8657.0,-49.5,19.66,-1.259,entry,6.0
2020-02-27 10:03:00,2020-02-27 10:08:00,SHORT,1,8644.75,8669.5,-49.5,18.29,-1.353,entry,5.0
2020-02-27 10:10:00,2020-02-27 10:50:00,SHORT,1,8640.75,8633.5,14.5,20.45,0.355,entry,40.0
2020-02-27 10:55:00,2020-02-27 10:56:00,SHORT,1,8615.0,8640.25,-50.5,16.64,-1.518,entry,1.0
2020-02-27 10:58:00,2020-02-27 11:36:00,LONG,1,8649.5,8640.25,-18.5,17.54,-0.527,entry,38.0
2020-02-27 11:45:00,2020-02-27 11:49:00,SHORT,1,8610.5,8648.75,-76.5,34.74,-1.101,entry,4.0
2020-02-27 11:52:00,2020-02-27 13:37:00,LONG,1,8667.25,8666.75,-1.0,22.08,-0.023,entry,105.0
2020-02-27 13:42:00,2020-02-27 13:54:00,SHORT,1,8631.0,8692.25,-122.5,40.03,-1.53,entry,12.0
2020-02-27 13:54:00,2020-02-27 13:57:00,LONG,1,8692.25,8656.5,-71.5,21.78,-1.642,reverse,3.0
2020-02-27 13:58:00,2020-02-27 15:59:00,SHORT,1,8648.25,8432.25,432.0,22.19,9.734,entry,121.0
2020-02-28 09:30:00,2020-02-28 09:44:00,LONG,1,8219.75,8235.0,30.5,30.92,0.493,entry,14.0
2020-02-28 09:44:00,2020-02-28 09:47:00,SHORT,1,8235.0,8262.75,-55.5,28.09,-0.988,reverse,3.0
2020-02-28 09:49:00,2020-02-28 10:15:00,SHORT,1,8231.25,8221.5,19.5,26.79,0.364,entry,26.0
2020-02-28 10:17:00,2020-02-28 10:27:00,LONG,1,8250.0,8213.5,-73.0,30.41,-1.2,entry,10.0
2020-02-28 10:29:00,2020-02-28 10:34:00,SHORT,1,8176.0,8224.5,-97.0,44.77,-1.083,entry,5.0
2020-02-28 10:41:00,2020-02-28 10:47:00,SHORT,1,8196.25,8223.5,-54.5,22.96,-1.187,entry,6.0
2020-02-28 10:51:00,2020-02-28 11:06:00,LONG,1,8239.25,8216.25,-46.0,21.05,-1.092,entry,15.0
2020-02-28 11:12:00,2020-02-28 13:40:00,LONG,1,8244.0,8264.0,40.0,19.96,1.002,entry,148.0
2020-02-28 13:40:00,2020-02-28 14:21:00,SHORT,1,8264.0,8305.25,-82.5,28.19,-1.464,reverse,41.0
2020-02-28 14:22:00,2020-02-28 14:24:00,LONG,1,8314.75,8282.25,-65.0,25.98,-1.251,entry,2.0
2020-02-28 14:26:00,2020-02-28 14:30:00,SHORT,1,8269.5,8335.75,-132.5,19.24,-3.443,entry,4.0
2020-02-28 14:30:00,2020-02-28 15:03:00,LONG,1,8335.75,8290.0,-91.5,46.83,-0.977,reverse,33.0
2020-02-28 15:05:00,2020-02-28 15:06:00,SHORT,1,8269.5,8301.5,-64.0,23.05,-1.388,entry,1.0
2020-02-28 15:10:00,2020-02-28 15:12:00,SHORT,1,8272.75,8298.75,-52.0,19.76,-1.316,entry,2.0
2020-02-28 15:15:00,2020-02-28 15:26:00,LONG,1,8324.5,8285.25,-78.5,31.91,-1.23,entry,11.0
2020-02-28 15:29:00,2020-02-28 15:31:00,SHORT,1,8255.0,8303.25,-96.5,38.02,-1.269,entry,2.0
2020-02-28 15:35:00,2020-02-28 15:45:00,SHORT,1,8273.5,8296.5,-46.0,19.46,-1.182,entry,10.0
2020-02-28 15:49:00,2020-02-28 15:59:00,LONG,1,8316.25,8475.75,319.0,23.57,6.766,entry,10.0
2020-03-02 09:34:00,2020-03-02 09:43:00,SHORT,1,8533.0,8544.0,-22.0,30.57,-0.36,entry,9.0
2020-03-02 09:45:00,2020-03-02 09:51:00,LONG,1,8567.25,8531.5,-71.5,26.53,-1.347,entry,6.0
2020-03-02 09:59:00,2020-03-02 10:38:00,SHORT,1,8514.75,8509.25,11.0,27.09,0.203,entry,39.0
2020-03-02 10:44:00,2020-03-02 14:40:00,LONG,1,8539.25,8597.0,115.5,29.15,1.981,entry,236.0
2020-03-02 14:43:00,2020-03-02 14:47:00,SHORT,1,8580.75,8613.0,-64.5,25.58,-1.261,entry,4.0
2020-03-02 14:52:00,2020-03-02 15:59:00,LONG,1,8631.75,8876.25,489.0,25.37,9.637,entry,67.0
2020-03-03 09:35:00,2020-03-03 10:00:00,SHORT,1,8831.5,8972.0,-281.0,32.63,-4.306,entry,25.0
2020-03-03 10:00:00,2020-03-03 10:15:00,LONG,1,8972.0,8828.5,-287.0,147.31,-0.974,reverse,15.0
2020-03-03 10:15:00,2020-03-03 10:16:00,SHORT,1,8828.5,8877.5,-98.0,34.55,-1.418,reverse,1.0
2020-03-03 10:20:00,2020-03-03 11:05:00,LONG,1,8893.0,8870.0,-46.0,29.51,-0.779,entry,45.0
2020-03-03 11:07:00,2020-03-03 12:09:00,SHORT,1,8852.0,8856.5,-9.0,29.37,-0.153,entry,62.0
2020-03-03 12:13:00,2020-03-03 15:59:00,SHORT,1,8825.75,8595.5,460.5,27.68,8.318,entry,226.0
2020-03-04 09:35:00,2020-03-04 10:08:00,SHORT,1,8723.0,8724.25,-2.5,36.78,-0.034,entry,33.0
2020-03-04 10:12:00,2020-03-04 10:54:00,LONG,1,8741.25,8725.5,-31.5,25.36,-0.621,entry,42.0
2020-03-04 10:56:00,2020-03-04 11:00:00,SHORT,1,8708.25,8733.25,-50.0,25.04,-0.998,entry,4.0
2020-03-04 11:08:00,2020-03-04 11:12:00,SHORT,1,8703.5,8732.75,-58.5,28.97,-1.01,entry,4.0
2020-03-04 11:28:00,2020-03-04 11:37:00,LONG,1,8758.0,8727.5,-61.0,25.3,-1.205,entry,9.0
2020-03-04 11:42:00,2020-03-04 12:00:00,SHORT,1,8707.5,8736.0,-57.0,25.81,-1.104,entry,18.0
2020-03-04 12:16:00,2020-03-04 15:59:00,LONG,1,8758.5,8943.75,370.5,25.85,7.165,entry,223.0
2020-03-05 09:34:00,2020-03-05 09:49:00,LONG,1,8759.75,8739.75,-40.0,29.46,-0.679,entry,15.0
2020-03-05 09:52:00,2020-03-05 10:11:00,SHORT,1,8726.5,8759.25,-65.5,24.7,-1.326,entry,19.0
2020-03-05 10:14:00,2020-03-05 11:55:00,LONG,1,8773.75,8780.25,13.0,28.28,0.23,entry,101.0
2020-03-05 12:09:00,2020-03-05 15:59:00,SHORT,1,8758.25,8672.25,172.0,24.93,3.449,entry,230.0
2020-03-06 09:32:00,2020-03-06 09:41:00,LONG,1,8448.25,8420.5,-55.5,32.93,-0.843,entry,9.0
2020-03-06 09:49:00,2020-03-06 09:58:00,SHORT,1,8394.5,8419.0,-49.0,33.87,-0.723,entry,9.0
2020-03-06 10:15:00,2020-03-06 11:14:00,LONG,1,8451.0,8455.25,8.5,30.19,0.141,entry,59.0
2020-03-06 11:33:00,2020-03-06 11:42:00,LONG,1,8488.25,8457.0,-62.5,30.0,-1.042,entry,9.0
2020-03-06 11:45:00,2020-03-06 12:37:00,SHORT,1,8429.5,8451.75,-44.5,28.99,-0.767,entry,52.0
2020-03-06 12:54:00,2020-03-06 13:20:00,SHORT,1,8426.0,8458.0,-64.0,25.03,-1.279,entry,26.0
2020-03-06 13:23:00,2020-03-06 13:28:00,LONG,1,8482.25,8450.5,-63.5,31.89,-0.995,entry,5.0
2020-03-06 13:36:00,2020-03-06 13:40:00,SHORT,1,8423.25,8451.0,-55.5,27.13,-1.023,entry,4.0
2020-03-06 13:45:00,2020-03-06 15:32:00,SHORT,1,8422.25,8436.75,-29.0,27.88,-0.52,entry,107.0
2020-03-06 15:39:00,2020-03-06 15:41:00,SHORT,1,8402.25,8432.0,-59.5,28.01,-1.062,entry,2.0
2020-03-06 15:45:00,2020-03-06 15:59:00,LONG,1,8470.25,8528.0,115.5,39.92,1.447,entry,14.0
2020-03-09 09:34:00,2020-03-09 09:50:00,SHORT,1,7850.75,7916.75,-132.0,50.01,-1.32,entry,16.0
2020-03-09 09:50:00,2020-03-09 10:48:00,LONG,1,7916.75,8074.0,314.5,32.63,4.818,reverse,58.0
2020-03-09 11:07:00,2020-03-09 11:10:00,SHORT,1,8043.25,8080.5,-74.5,30.0,-1.242,entry,3.0
2020-03-09 11:16:00,2020-03-09 12:44:00,LONG,1,8119.5,8113.75,-11.5,45.24,-0.127,entry,88.0
2020-03-09 13:01:00,2020-03-09 13:04:00,LONG,1,8140.5,8112.0,-57.0,26.07,-1.093,entry,3.0
2020-03-09 13:13:00,2020-03-09 13:20:00,LONG,1,8141.25,8106.0,-70.5,26.56,-1.327,entry,7.0
2020-03-09 13:30:00,2020-03-09 15:28:00,SHORT,1,8084.25,8085.75,-3.0,30.29,-0.05,entry,118.0
2020-03-09 15:29:00,2020-03-09 15:37:00,SHORT,1,8053.0,8079.75,-53.5,27.62,-0.969,entry,8.0
2020-03-09 15:45:00,2020-03-09 15:48:00,SHORT,1,8045.0,8089.0,-88.0,34.17,-1.288,entry,3.0
2020-03-09 15:50:00,2020-03-09 15:59:00,SHORT,1,8020.75,7933.25,175.0,58.16,1.504,entry,9.0
2020-03-10 09:36:00,2020-03-10 09:54:00,SHORT,1,8167.25,8179.75,-25.0,39.72,-0.315,entry,18.0
2020-03-10 10:07:00,2020-03-10 10:29:00,LONG,1,8213.75,8192.25,-43.0,33.23,-0.647,entry,22.0
2020-03-10 10:42:00,2020-03-10 12:12:00,SHORT,1,8152.5,8118.0,69.0,38.69,0.892,entry,90.0
2020-03-10 12:28:00,2020-03-10 12:54:00,SHORT,1,8079.5,8112.25,-65.5,32.58,-1.005,entry,26.0
2020-03-10 13:00:00,2020-03-10 13:08:00,SHORT,1,8076.25,8111.5,-70.5,29.18,-1.208,entry,8.0
2020-03-10 13:17:00,2020-03-10 13:32:00,LONG,1,8135.0,8104.25,-61.5,30.4,-1.012,entry,15.0
2020-03-10 13:34:00,2020-03-10 13:38:00,LONG,1,8137.0,8099.75,-74.5,31.34,-1.189,entry,4.0
2020-03-10 13:45:00,2020-03-10 14:31:00,SHORT,1,8072.25,8101.0,-57.5,33.31,-0.863,entry,46.0
2020-03-10 14:35:00,2020-03-10 15:59:00,LONG,1,8132.5,8366.5,468.0,31.75,7.371,entry,84.0
2020-03-11 09:40:00,2020-03-11 09:52:00,SHORT,1,8142.5,8169.75,-54.5,36.34,-0.75,entry,12.0
2020-03-11 10:08:00,2020-03-11 10:20:00,LONG,1,8216.5,8170.75,-91.5,43.78,-1.045,entry,12.0
2020-03-11 10:28:00,2020-03-11 12:12:00,SHORT,1,8134.75,8146.25,-23.0,40.5,-0.284,entry,104.0
2020-03-11 12:18:00,2020-03-11 12:25:00,LONG,1,8169.0,8133.5,-71.0,29.97,-1.184,entry,7.0
2020-03-11 12:35:00,2020-03-11 15:59:00,SHORT,1,8102.5,7998.25,208.5,35.7,2.92,entry,204.0
2020-03-12 09:35:00,2020-03-12 09:55:00,SHORT,1,7445.0,7451.75,-13.5,35.51,-0.19,entry,20.0
2020-03-12 09:57:00,2020-03-12 10:04:00,LONG,1,7499.75,7460.5,-78.5,60.47,-0.649,entry,7.0
2020-03-12 10:11:00,2020-03-12 11:09:00,LONG,1,7528.25,7510.0,-36.5,56.47,-0.323,entry,58.0
2020-03-12 11:13:00,2020-03-12 12:53:00,SHORT,1,7481.25,7482.75,-3.0,32.91,-0.046,entry,100.0
2020-03-12 12:55:00,2020-03-12 13:36:00,LONG,1,7522.25,7494.5,-55.5,54.04,-0.514,entry,41.0
2020-03-12 13:37:00,2020-03-12 13:48:00,SHORT,1,7472.5,7529.75,-114.5,33.22,-1.723,entry,11.0
2020-03-12 13:51:00,2020-03-12 13:54:00,LONG,1,7543.0,7491.0,-104.0,38.22,-1.36,entry,3.0
2020-03-12 13:58:00,2020-03-12 14:01:00,LONG,1,7538.0,7476.75,-122.5,32.97,-1.858,entry,3.0
2020-03-12 14:11:00,2020-03-12 15:59:00,SHORT,1,7466.75,7260.5,412.5,38.48,5.36,entry,108.0
2020-03-13 09:33:00,2020-03-13 10:17:00,SHORT,1,7650.0,7572.5,155.0,45.36,1.709,entry,44.0
2020-03-13 10:18:00,2020-03-13 10:30:00,LONG,1,7604.5,7564.75,-79.5,37.8,-1.052,entry,12.0
2020-03-13 10:42:00,2020-03-13 12:40:00,SHORT,1,7519.5,7495.75,47.5,51.77,0.459,entry,118.0
2020-03-13 12:50:00,2020-03-13 12:58:00,LONG,1,7542.75,7481.5,-122.5,51.61,-1.187,entry,8.0
2020-03-13 13:03:00,2020-03-13 13:14:00,SHORT,1,7456.75,7495.75,-78.0,34.78,-1.121,entry,11.0
2020-03-13 13:21:00,2020-03-13 14:08:00,LONG,1,7528.5,7460.75,-135.5,37.57,-1.803,entry,47.0
2020-03-13 14:08:00,2020-03-13 14:16:00,SHORT,1,7460.75,7504.75,-88.0,35.0,-1.257,reverse,8.0
2020-03-13 14:28:00,2020-03-13 14:44:00,SHORT,1,7460.5,7494.5,-68.0,34.93,-0.973,entry,16.0
2020-03-13 15:00:00,2020-03-13 15:11:00,LONG,1,7531.75,7493.75,-76.0,38.22,-0.994,entry,11.0
2020-03-13 15:15:00,2020-03-13 15:31:00,LONG,1,7540.25,7492.5,-95.5,45.94,-1.039,entry,16.0
2020-03-13 15:33:00,2020-03-13 15:35:00,SHORT,1,7412.75,7499.0,-172.5,82.66,-1.043,entry,2.0
2020-03-13 15:38:00,2020-03-13 15:59:00,LONG,1,7572.75,7941.75,738.0,77.44,4.765,entry,21.0
2020-03-16 09:45:00,2020-03-16 09:50:00,SHORT,1,7104.0,7125.25,-42.5,63.42,-0.335,entry,5.0
2020-03-16 09:53:00,2020-03-16 12:52:00,LONG,1,7192.5,7338.5,292.0,71.54,2.041,entry,179.0
2020-03-16 13:12:00,2020-03-16 13:18:00,LONG,1,7393.0,7330.0,-126.0,48.28,-1.305,entry,6.0
2020-03-16 13:31:00,2020-03-16 14:34:00,SHORT,1,7306.75,7361.25,-109.0,37.52,-1.452,entry,63.0
2020-03-16 14:40:00,2020-03-16 14:57:00,SHORT,1,7269.0,7338.0,-138.0,60.75,-1.136,entry,17.0
2020-03-16 15:01:00,2020-03-16 15:03:00,LONG,1,7367.0,7303.75,-126.5,39.54,-1.6,entry,2.0
2020-03-16 15:13:00,2020-03-16 15:59:00,SHORT,1,7274.5,6933.75,681.5,52.67,6.47,entry,46.0
2020-03-17 09:36:00,2020-03-17 10:10:00,SHORT,1,7116.5,7063.5,106.0,55.52,0.955,entry,34.0
2020-03-17 10:22:00,2020-03-17 13:15:00,LONG,1,7107.75,7233.5,251.5,52.55,2.393,entry,173.0
2020-03-17 13:23:00,2020-03-17 15:59:00,LONG,1,7284.75,7437.25,305.0,44.32,3.441,entry,156.0
2020-03-18 09:31:00,2020-03-18 10:51:00,LONG,1,7102.75,7191.75,178.0,66.5,1.338,entry,80.0
2020-03-18 11:03:00,2020-03-18 11:52:00,SHORT,1,7150.0,7174.5,-49.0,45.39,-0.54,entry,49.0
2020-03-18 12:04:00,2020-03-18 12:07:00,SHORT,1,7130.75,7174.75,-88.0,43.43,-1.013,entry,3.0
2020-03-18 12:14:00,2020-03-18 15:53:00,SHORT,1,7114.5,7093.25,42.5,59.12,0.359,entry,219.0
2020-03-18 15:55:00,2020-03-18 15:57:00,LONG,1,7147.0,7048.75,-196.5,80.11,-1.226,entry,2.0
2020-03-19 09:35:00,2020-03-19 09:46:00,SHORT,1,7066.75,7085.5,-37.5,49.64,-0.378,entry,11.0
2020-03-19 09:54:00,2020-03-19 10:49:00,LONG,1,7134.75,7214.75,160.0,49.93,1.602,entry,55.0
2020-03-19 10:57:00,2020-03-19 12:16:00,LONG,1,7271.5,7262.75,-17.5,53.99,-0.162,entry,79.0
2020-03-19 12:43:00,2020-03-19 15:51:00,LONG,1,7335.0,7289.25,-91.5,66.89,-0.684,entry,188.0
2020-03-19 15:53:00,2020-03-19 15:55:00,SHORT,1,7265.25,7322.5,-114.5,47.07,-1.216,entry,2.0
2020-03-19 15:58:00,2020-03-19 15:59:00,SHORT,1,7267.75,7268.5,-1.5,44.3,-0.017,entry,1.0
2020-03-20 09:39:00,2020-03-20 10:00:00,SHORT,1,7370.5,7383.25,-25.5,44.08,-0.289,entry,21.0
2020-03-20 10:23:00,2020-03-20 10:46:00,LONG,1,7421.0,7389.5,-63.0,44.7,-0.705,entry,23.0
2020-03-20 10:51:00,2020-03-20 11:15:00,LONG,1,7443.5,7406.25,-74.5,47.23,-0.789,entry,24.0
2020-03-20 11:21:00,2020-03-20 15:59:00,SHORT,1,7336.5,6975.5,722.0,68.1,5.301,entry,278.0
2020-03-23 09:37:00,2020-03-23 09:47:00,SHORT,1,6903.75,6930.5,-53.5,51.57,-0.519,entry,10.0
2020-03-23 09:51:00,2020-03-23 10:37:00,LONG,1,6972.75,6966.25,-13.0,52.58,-0.124,entry,46.0
2020-03-23 10:42:00,2020-03-23 10:53:00,LONG,1,7032.5,6973.5,-118.0,59.87,-0.985,entry,11.0
2020-03-23 10:57:00,2020-03-23 12:18:00,SHORT,1,6922.5,6934.5,-24.0,51.04,-0.235,entry,81.0
2020-03-23 12:30:00,2020-03-23 12:34:00,SHORT,1,6879.25,6925.25,-92.0,45.0,-1.022,entry,4.0
2020-03-23 12:41:00,2020-03-23 13:56:00,LONG,1,6986.0,6946.5,-79.0,61.58,-0.641,entry,75.0
2020-03-23 14:21:00,2020-03-23 14:27:00,SHORT,1,6894.25,6959.25,-130.0,55.71,-1.167,entry,6.0
2020-03-23 14:28:00,2020-03-23 14:31:00,LONG,1,7000.5,6945.75,-109.5,50.71,-1.08,entry,3.0
2020-03-23 14:49:00,2020-03-23 14:57:00,LONG,1,7018.0,6937.75,-160.5,67.61,-1.187,entry,8.0
2020-03-23 15:20:00,2020-03-23 15:50:00,SHORT,1,6902.0,6947.75,-91.5,47.67,-0.96,entry,30.0
2020-03-23 15:51:00,2020-03-23 15:59:00,LONG,1,6995.0,6992.25,-5.5,49.55,-0.056,entry,8.0
2020-03-24 09:42:00,2020-03-24 09:52:00,SHORT,1,7329.25,7376.75,-95.0,52.78,-0.9,entry,10.0
2020-03-24 10:22:00,2020-03-24 10:47:00,LONG,1,7421.25,7384.0,-74.5,47.69,-0.781,entry,25.0
2020-03-24 11:37:00,2020-03-24 13:09:00,LONG,1,7433.75,7402.75,-62.0,47.05,-0.659,entry,92.0
2020-03-24 13:51:00,2020-03-24 14:35:00,SHORT,1,7364.5,7405.25,-81.5,44.95,-0.907,entry,44.0
2020-03-24 14:56:00,2020-03-24 15:59:00,LONG,1,7445.0,7533.5,177.0,44.68,1.981,entry,63.0
2020-03-25 09:33:00,2020-03-25 09:45:00,LONG,1,7587.0,7586.5,-1.0,52.73,-0.009,entry,12.0
2020-03-25 09:52:00,2020-03-25 10:41:00,SHORT,1,7534.25,7495.0,78.5,51.2,0.767,entry,49.0
2020-03-25 12:03:00,2020-03-25 15:48:00,LONG,1,7546.25,7559.5,26.5,50.88,0.26,entry,225.0
2020-03-25 15:50:00,2020-03-25 15:59:00,SHORT,1,7488.75,7462.75,52.0,82.2,0.316,entry,9.0
2020-03-26 10:05:00,2020-03-26 10:53:00,LONG,1,7644.25,7630.0,-28.5,48.44,-0.294,entry,48.0
2020-03-26 11:05:00,2020-03-26 13:30:00,LONG,1,7689.75,7671.75,-36.0,53.6,-0.336,entry,145.0
2020-03-26 13:52:00,2020-03-26 15:59:00,LONG,1,7721.25,7868.0,293.5,45.14,3.251,entry,127.0
2020-03-27 09:42:00,2020-03-27 09:58:00,SHORT,1,7596.25,7641.75,-91.0,58.86,-0.773,entry,16.0
2020-03-27 11:15:00,2020-03-27 11:32:00,LONG,1,7675.0,7629.25,-91.5,49.33,-0.928,entry,17.0
2020-03-27 12:07:00,2020-03-27 12:31:00,SHORT,1,7583.25,7630.25,-94.0,45.95,-1.023,entry,24.0
2020-03-27 13:33:00,2020-03-27 15:41:00,LONG,1,7676.0,7655.0,-42.0,45.56,-0.461,entry,128.0
2020-03-27 15:50:00,2020-03-27 15:59:00,SHORT,1,7582.0,7573.25,17.5,77.3,0.113,entry,9.0
2020-03-30 10:04:00,2020-03-30 15:59:00,LONG,1,7724.0,7867.0,286.0,44.09,3.243,entry,355.0
2020-03-31 10:10:00,2020-03-31 11:55:00,LONG,1,7901.25,7915.5,28.5,60.32,0.236,entry,105.0
2020-03-31 12:26:00,2020-03-31 15:59:00,SHORT,1,7866.25,7795.75,141.0,48.73,1.447,entry,213.0
2020-04-01 10:33:00,2020-04-01 11:39:00,LONG,1,7644.0,7609.75,-68.5,42.47,-0.807,entry,66.0
2020-04-01 12:02:00,2020-04-01 15:59:00,SHORT,1,7577.25,7466.5,221.5,41.4,2.675,entry,237.0
2020-04-02 09:45:00,2020-04-02 09:58:00,SHORT,1,7421.25,7475.25,-108.0,54.87,-0.984,entry,13.0
2020-04-02 10:09:00,2020-04-02 13:17:00,LONG,1,7508.25,7532.25,48.0,41.71,0.575,entry,188.0
2020-04-02 13:30:00,2020-04-02 13:51:00,SHORT,1,7492.75,7536.25,-87.0,43.9,-0.991,entry,21.0
2020-04-02 14:03:00,2020-04-02 14:56:00,SHORT,1,7480.25,7528.0,-95.5,54.84,-0.871,entry,53.0
2020-04-02 15:20:00,2020-04-02 15:37:00,LONG,1,7571.25,7521.0,-100.5,43.51,-1.155,entry,17.0
2020-04-02 15:44:00,2020-04-02 15:59:00,LONG,1,7575.5,7617.5,84.0,46.63,0.901,entry,15.0
2020-04-03 10:19:00,2020-04-03 15:50:00,SHORT,1,7576.5,7526.25,100.5,44.02,1.142,entry,331.0
2020-04-06 09:50:00,2020-04-06 15:59:00,LONG,1,7826.75,8053.5,453.5,42.31,5.359,entry,369.0
2020-04-07 09:38:00,2020-04-07 09:46:00,SHORT,1,8218.75,8247.25,-57.0,40.35,-0.706,entry,8.0
2020-04-07 10:06:00,2020-04-07 11:33:00,SHORT,1,8203.25,8172.0,62.5,43.97,0.711,entry,87.0
2020-04-07 12:05:00,2020-04-07 13:34:00,LONG,1,8219.75,8181.75,-76.0,47.37,-0.802,entry,89.0
2020-04-07 14:06:00,2020-04-07 15:59:00,SHORT,1,8134.25,8040.5,187.5,48.63,1.928,entry,113.0
2020-04-08 09:50:00,2020-04-08 10:28:00,SHORT,1,8083.0,8098.5,-31.0,40.7,-0.381,entry,38.0
2020-04-08 11:12:00,2020-04-08 13:55:00,LONG,1,8143.75,8124.5,-38.5,40.53,-0.475,entry,163.0
2020-04-08 14:24:00,2020-04-08 15:59:00,LONG,1,8188.75,8212.75,48.0,53.73,0.447,entry,95.0
2020-04-09 09:43:00,2020-04-09 09:51:00,LONG,1,8317.0,8276.0,-82.0,44.65,-0.918,entry,8.0
2020-04-09 10:08:00,2020-04-09 11:39:00,SHORT,1,8235.75,8229.5,12.5,46.71,0.134,entry,91.0
2020-04-09 12:56:00,2020-04-09 13:50:00,LONG,1,8274.5,8230.25,-88.5,41.15,-1.075,entry,54.0
2020-04-09 14:20:00,2020-04-09 15:59:00,SHORT,1,8198.0,8226.0,-56.0,38.27,-0.732,entry,99.0
2020-04-13 11:05:00,2020-04-13 11:25:00,SHORT,1,8153.0,8190.75,-75.5,38.28,-0.986,entry,20.0
2020-04-13 12:03:00,2020-04-13 13:02:00,LONG,1,8230.5,8196.0,-69.0,39.53,-0.873,entry,59.0
2020-04-13 13:45:00,2020-04-13 15:59:00,LONG,1,8234.5,8316.5,164.0,36.87,2.224,entry,134.0
2020-04-14 09:44:00,2020-04-14 11:07:00,LONG,1,8537.75,8561.5,47.5,37.54,0.633,entry,83.0
2020-04-14 12:00:00,2020-04-14 15:59:00,LONG,1,8601.0,8682.0,162.0,35.03,2.312,entry,239.0
2020-04-15 09:44:00,2020-04-15 10:09:00,SHORT,1,8500.75,8525.75,-50.0,42.07,-0.594,entry,25.0
2020-04-15 10:49:00,2020-04-15 11:24:00,LONG,1,8564.25,8528.25,-72.0,36.61,-0.983,entry,35.0
2020-04-15 12:43:00,2020-04-15 15:59:00,LONG,1,8574.75,8582.0,14.5,37.47,0.193,entry,196.0
2020-04-16 10:02:00,2020-04-16 10:24:00,SHORT,1,8622.75,8651.5,-57.5,40.48,-0.71,entry,22.0
2020-04-16 10:43:00,2020-04-16 12:17:00,LONG,1,8686.5,8686.75,0.5,35.77,0.007,entry,94.0
2020-04-16 12:30:00,2020-04-16 13:32:00,SHORT,1,8648.25,8684.5,-72.5,41.48,-0.874,entry,62.0
2020-04-16 14:00:00,2020-04-16 14:14:00,SHORT,1,8643.5,8686.25,-85.5,36.81,-1.161,entry,14.0
2020-04-16 14:37:00,2020-04-16 14:51:00,LONG,1,8719.0,8680.5,-77.0,38.53,-0.999,entry,14.0
2020-04-16 15:32:00,2020-04-16 15:59:00,LONG,1,8722.0,8743.25,42.5,40.32,0.527,entry,27.0
2020-04-17 09:37:00,2020-04-17 09:48:00,SHORT,1,8796.0,8810.75,-29.5,34.78,-0.424,entry,11.0
2020-04-17 10:33:00,2020-04-17 15:30:00,SHORT,1,8773.0,8766.5,13.0,35.64,0.182,entry,297.0
2020-04-17 15:50:00,2020-04-17 15:59:00,LONG,1,8819.5,8815.75,-7.5,52.58,-0.071,entry,9.0
2020-04-20 10:25:00,2020-04-20 13:16:00,LONG,1,8791.25,8792.75,3.0,33.27,0.045,entry,171.0
2020-04-20 14:02:00,2020-04-20 14:15:00,LONG,1,8826.75,8791.5,-70.5,32.5,-1.085,entry,13.0
2020-04-20 14:29:00,2020-04-20 14:47:00,SHORT,1,8759.0,8793.75,-69.5,35.16,-0.988,entry,18.0
2020-04-20 14:55:00,2020-04-20 15:59:00,SHORT,1,8751.25,8712.0,78.5,41.79,0.939,entry,64.0
2020-04-21 09:35:00,2020-04-21 09:56:00,SHORT,1,8591.0,8586.5,9.0,32.53,0.138,entry,21.0
2020-04-21 10:16:00,2020-04-21 13:37:00,SHORT,1,8532.0,8468.25,127.5,44.24,1.441,entry,201.0
2020-04-21 14:12:00,2020-04-21 14:38:00,LONG,1,8491.5,8459.75,-63.5,31.49,-1.008,entry,26.0
2020-04-21 14:45:00,2020-04-21 15:20:00,SHORT,1,8429.25,8461.25,-64.0,32.29,-0.991,entry,35.0
2020-04-21 15:46:00,2020-04-21 15:59:00,SHORT,1,8421.5,8390.75,61.5,36.77,0.836,entry,13.0
2020-04-22 10:40:00,2020-04-22 11:02:00,LONG,1,8598.75,8568.0,-61.5,31.61,-0.973,entry,22.0
2020-04-22 11:42:00,2020-04-22 15:59:00,LONG,1,8606.75,8648.0,82.5,32.45,1.271,entry,257.0
2020-04-23 09:35:00,2020-04-23 09:51:00,LONG,1,8729.75,8718.0,-23.5,31.84,-0.369,entry,16.0
2020-04-23 10:30:00,2020-04-23 11:34:00,LONG,1,8761.25,8739.0,-44.5,34.36,-0.647,entry,64.0
2020-04-23 12:44:00,2020-04-23 13:12:00,SHORT,1,8699.25,8732.0,-65.5,40.26,-0.813,entry,28.0
2020-04-23 13:20:00,2020-04-23 15:59:00,SHORT,1,8693.0,8627.75,130.5,32.18,2.028,entry,159.0
2020-04-24 09:47:00,2020-04-24 10:12:00,SHORT,1,8602.0,8623.5,-43.0,32.71,-0.657,entry,25.0
2020-04-24 10:22:00,2020-04-24 11:02:00,LONG,1,8651.75,8626.75,-50.0,30.39,-0.823,entry,40.0
2020-04-24 12:05:00,2020-04-24 15:59:00,LONG,1,8662.5,8770.75,216.5,30.59,3.539,entry,234.0
2020-04-27 10:59:00,2020-04-27 11:18:00,SHORT,1,8816.75,8848.0,-62.5,29.6,-1.056,entry,19.0
2020-04-27 13:18:00,2020-04-27 15:35:00,SHORT,1,8811.25,8838.0,-53.5,31.19,-0.858,entry,137.0
2020-04-28 09:58:00,2020-04-28 15:59:00,SHORT,1,8831.0,8666.5,329.0,34.06,4.83,entry,361.0
2020-04-29 09:47:00,2020-04-29 15:59:00,LONG,1,8877.0,8963.5,173.0,28.97,2.986,entry,372.0
2020-04-30 09:36:00,2020-04-30 09:43:00,SHORT,1,8943.5,8972.5,-58.0,37.98,-0.764,entry,7.0
2020-04-30 10:06:00,2020-04-30 10:17:00,LONG,1,9010.5,8984.75,-51.5,28.5,-0.903,entry,11.0
2020-04-30 10:43:00,2020-04-30 11:00:00,SHORT,1,8956.75,8985.0,-56.5,28.63,-0.987,entry,17.0
2020-04-30 11:47:00,2020-04-30 15:21:00,SHORT,1,8952.0,8963.5,-23.0,30.53,-0.377,entry,214.0
2020-04-30 15:58:00,2020-04-30 15:59:00,LONG,1,8992.75,8982.0,-21.5,31.25,-0.344,entry,1.0
2020-05-01 10:01:00,2020-05-01 10:17:00,LONG,1,8861.5,8822.5,-78.0,40.85,-0.955,entry,16.0
2020-05-01 11:17:00,2020-05-01 15:59:00,SHORT,1,8800.75,8712.0,177.5,27.45,3.233,entry,282.0
2020-05-04 09:51:00,2020-05-04 12:53:00,LONG,1,8702.25,8724.0,43.5,30.93,0.703,entry,182.0
2020-05-04 14:49:00,2020-05-04 15:59:00,LONG,1,8759.75,8818.0,116.5,28.97,2.011,entry,70.0
2020-05-05 10:00:00,2020-05-05 10:28:00,LONG,1,8965.25,8941.75,-47.0,30.54,-0.769,entry,28.0
2020-05-05 11:24:00,2020-05-05 15:27:00,LONG,1,8976.5,8966.25,-20.5,28.64,-0.358,entry,243.0
2020-05-05 15:33:00,2020-05-05 15:59:00,SHORT,1,8935.0,8918.75,32.5,33.51,0.485,entry,26.0
2020-05-06 09:56:00,2020-05-06 10:27:00,SHORT,1,8979.75,8990.25,-21.0,28.83,-0.364,entry,31.0
2020-05-06 10:43:00,2020-05-06 11:50:00,LONG,1,9016.75,8994.25,-45.0,26.54,-0.848,entry,67.0
2020-05-06 12:38:00,2020-05-06 14:13:00,LONG,1,9032.25,9008.5,-47.5,27.66,-0.859,entry,95.0
2020-05-06 15:36:00,2020-05-06 15:59:00,SHORT,1,8984.25,8971.75,25.0,27.93,0.448,entry,23.0
2020-05-07 09:36:00,2020-05-07 09:41:00,SHORT,1,9061.0,9090.0,-58.0,26.48,-1.095,entry,5.0
2020-05-07 10:07:00,2020-05-07 11:10:00,SHORT,1,9055.25,9071.25,-32.0,27.5,-0.582,entry,63.0
2020-05-07 11:44:00,2020-05-07 14:24:00,LONG,1,9097.5,9081.25,-32.5,26.91,-0.604,entry,160.0
2020-05-08 10:17:00,2020-05-08 13:41:00,LONG,1,9171.5,9172.75,2.5,25.54,0.049,entry,204.0
2020-05-08 15:03:00,2020-05-08 15:59:00,LONG,1,9203.25,9209.5,12.5,29.94,0.209,entry,56.0
2020-05-11 09:39:00,2020-05-11 15:59:00,LONG,1,9205.5,9286.75,162.5,29.52,2.752,entry,380.0
2020-05-12 09:35:00,2020-05-12 10:15:00,SHORT,1,9294.0,9283.5,21.0,25.0,0.42,entry,40.0
2020-05-12 10:36:00,2020-05-12 11:48:00,LONG,1,9310.75,9292.75,-36.0,27.61,-0.652,entry,72.0
2020-05-12 12:27:00,2020-05-12 13:13:00,LONG,1,9318.75,9291.75,-54.0,23.9,-1.13,entry,46.0
2020-05-12 13:23:00,2020-05-12 15:59:00,SHORT,1,9272.25,9102.0,340.5,24.39,6.98,entry,156.0
2020-05-13 09:34:00,2020-05-13 09:43:00,SHORT,1,9073.5,9088.5,-30.0,37.23,-0.403,entry,9.0
2020-05-13 09:58:00,2020-05-13 10:58:00,LONG,1,9116.25,9125.25,18.0,24.23,0.372,entry,60.0
2020-05-13 11:20:00,2020-05-13 15:59:00,SHORT,1,9099.5,8990.75,217.5,29.17,3.728,entry,279.0
2020-05-14 09:47:00,2020-05-14 10:10:00,SHORT,1,8913.5,8918.0,-9.0,29.08,-0.155,entry,23.0
2020-05-14 10:16:00,2020-05-14 10:38:00,SHORT,1,8881.0,8901.0,-40.0,27.39,-0.73,entry,22.0
2020-05-14 10:54:00,2020-05-14 11:41:00,LONG,1,8925.5,8909.75,-31.5,25.23,-0.624,entry,47.0
2020-05-14 12:21:00,2020-05-14 15:59:00,LONG,1,8938.25,9086.25,296.0,27.53,5.376,entry,218.0
2020-05-15 09:52:00,2020-05-15 10:35:00,LONG,1,9008.5,8999.25,-18.5,28.02,-0.33,entry,43.0
2020-05-15 10:54:00,2020-05-15 12:00:00,SHORT,1,8978.0,9000.75,-45.5,24.82,-0.917,entry,66.0
2020-05-15 12:06:00,2020-05-15 15:59:00,LONG,1,9019.5,9146.0,253.0,24.57,5.148,entry,233.0
2020-05-18 10:26:00,2020-05-18 15:59:00,LONG,1,9298.25,9320.0,43.5,29.46,0.738,entry,333.0
2020-05-19 09:56:00,2020-05-19 12:18:00,LONG,1,9373.5,9373.0,-1.0,29.25,-0.017,entry,142.0
2020-05-19 13:18:00,2020-05-19 14:57:00,LONG,1,9400.75,9371.75,-58.0,26.14,-1.109,entry,99.0
2020-05-19 14:59:00,2020-05-19 15:08:00,SHORT,1,9352.0,9382.25,-60.5,26.74,-1.131,entry,9.0
2020-05-19 15:35:00,2020-05-19 15:59:00,SHORT,1,9349.5,9291.25,116.5,28.39,2.052,entry,24.0
2020-05-20 09:58:00,2020-05-20 12:23:00,LONG,1,9458.0,9453.5,-9.0,25.41,-0.177,entry,145.0
2020-05-20 12:45:00,2020-05-20 12:57:00,SHORT,1,9430.5,9457.25,-53.5,27.29,-0.98,entry,12.0
2020-05-20 14:54:00,2020-05-20 15:12:00,LONG,1,9479.25,9453.75,-51.0,23.19,-1.1,entry,18.0
2020-05-20 15:39:00,2020-05-20 15:59:00,LONG,1,9483.0,9480.0,-6.0,25.19,-0.119,entry,20.0
2020-05-21 09:56:00,2020-05-21 12:06:00,SHORT,1,9464.25,9431.0,66.5,22.84,1.456,entry,130.0
2020-05-21 12:38:00,2020-05-21 15:59:00,SHORT,1,9406.0,9377.5,57.0,23.77,1.199,entry,201.0
2020-05-22 09:38:00,2020-05-22 09:47:00,SHORT,1,9324.0,9346.25,-44.5,22.57,-0.986,entry,9.0
2020-05-22 09:53:00,2020-05-22 10:10:00,LONG,1,9376.25,9354.0,-44.5,30.4,-0.732,entry,17.0
2020-05-22 12:38:00,2020-05-22 15:59:00,LONG,1,9386.0,9406.25,40.5,27.1,0.747,entry,201.0
2020-05-26 09:36:00,2020-05-26 09:41:00,SHORT,1,9520.0,9538.0,-36.0,21.49,-0.837,entry,5.0
2020-05-26 09:50:00,2020-05-26 10:27:00,SHORT,1,9512.75,9521.75,-18.0,22.79,-0.395,entry,37.0
2020-05-26 10:41:00,2020-05-26 15:59:00,SHORT,1,9495.75,9388.0,215.5,24.44,4.409,entry,318.0
2020-05-27 09:33:00,2020-05-27 11:49:00,SHORT,1,9350.0,9274.5,151.0,21.15,3.569,entry,136.0
2020-05-27 12:05:00,2020-05-27 15:59:00,LONG,1,9298.0,9434.5,273.0,24.36,5.603,entry,234.0
2020-05-28 09:36:00,2020-05-28 09:57:00,LONG,1,9431.75,9423.5,-16.5,23.5,-0.351,entry,21.0
2020-05-28 10:07:00,2020-05-28 15:18:00,LONG,1,9459.75,9490.25,61.0,31.31,0.974,entry,311.0
2020-05-28 15:29:00,2020-05-28 15:59:00,SHORT,1,9466.5,9415.25,102.5,23.94,2.14,entry,30.0
2020-05-29 09:46:00,2020-05-29 09:58:00,LONG,1,9473.5,9452.75,-41.5,27.36,-0.758,entry,12.0
2020-05-29 10:07:00,2020-05-29 11:20:00,SHORT,1,9431.25,9423.5,15.5,22.38,0.346,entry,73.0
2020-05-29 11:48:00,2020-05-29 12:15:00,LONG,1,9446.0,9423.5,-45.0,23.19,-0.97,entry,27.0
2020-05-29 12:54:00,2020-05-29 12:55:00,SHORT,1,9397.0,9424.0,-54.0,26.55,-1.017,entry,1.0
2020-05-29 12:58:00,2020-05-29 13:45:00,LONG,1,9459.75,9424.0,-71.5,35.81,-0.998,entry,47.0
2020-05-29 14:01:00,2020-05-29 14:50:00,LONG,1,9448.0,9426.75,-42.5,21.59,-0.984,entry,49.0
2020-05-29 14:52:00,2020-05-29 14:56:00,SHORT,1,9409.5,9431.75,-44.5,21.81,-1.02,entry,4.0
2020-05-29 14:57:00,2020-05-29 15:59:00,LONG,1,9457.25,9543.0,171.5,26.11,3.284,entry,62.0
2020-06-01 09:44:00,2020-06-01 10:50:00,LONG,1,9556.5,9551.25,-10.5,23.44,-0.224,entry,66.0
2020-06-01 12:33:00,2020-06-01 15:59:00,LONG,1,9579.75,9593.5,27.5,23.53,0.584,entry,206.0
2020-06-02 09:48:00,2020-06-02 09:59:00,SHORT,1,9558.75,9584.0,-50.5,23.41,-1.079,entry,11.0
2020-06-02 10:20:00,2020-06-02 10:40:00,LONG,1,9609.0,9579.25,-59.5,24.36,-1.221,entry,20.0
2020-06-02 10:44:00,2020-06-02 12:30:00,SHORT,1,9565.5,9564.0,3.0,21.67,0.069,entry,106.0
2020-06-02 13:06:00,2020-06-02 15:59:00,LONG,1,9585.0,9655.0,140.0,20.6,3.398,entry,173.0
2020-06-03 09:59:00,2020-06-03 10:12:00,LONG,1,9697.25,9670.0,-54.5,20.05,-1.359,entry,13.0
2020-06-03 12:08:00,2020-06-03 13:19:00,SHORT,1,9659.25,9679.0,-39.5,20.17,-0.979,entry,71.0
2020-06-03 14:04:00,2020-06-03 15:59:00,LONG,1,9697.5,9696.75,-1.5,21.52,-0.035,entry,115.0
2020-06-04 09:45:00,2020-06-04 10:05:00,LONG,1,9714.0,9709.0,-10.0,22.8,-0.219,entry,20.0
2020-06-04 10:19:00,2020-06-04 10:46:00,LONG,1,9730.5,9713.75,-33.5,19.09,-0.877,entry,27.0
2020-06-04 11:08:00,2020-06-04 15:59:00,SHORT,1,9692.5,9627.5,130.0,21.08,3.083,entry,291.0
2020-06-05 09:35:00,2020-06-05 15:59:00,LONG,1,9712.5,9816.0,207.0,32.2,3.214,entry,384.0
2020-06-08 09:47:00,2020-06-08 10:39:00,SHORT,1,9780.5,9785.5,-10.0,26.64,-0.188,entry,52.0
2020-06-08 10:51:00,2020-06-08 15:59:00,LONG,1,9807.5,9896.5,178.0,21.32,4.175,entry,308.0
2020-06-09 09:43:00,2020-06-09 10:00:00,LONG,1,9896.5,9881.25,-30.5,21.19,-0.72,entry,17.0
2020-06-09 10:19:00,2020-06-09 15:59:00,LONG,1,9906.75,9964.0,114.5,19.7,2.905,entry,340.0
2020-06-10 10:00:00,2020-06-10 10:15:00,LONG,1,10070.0,10050.75,-38.5,21.92,-0.878,entry,15.0
2020-06-10 10:22:00,2020-06-10 10:33:00,SHORT,1,10032.25,10057.0,-49.5,19.23,-1.287,entry,11.0
2020-06-10 10:55:00,2020-06-10 11:14:00,SHORT,1,10030.75,10056.5,-51.5,20.34,-1.266,entry,19.0
2020-06-10 11:40:00,2020-06-10 11:48:00,LONG,1,10072.25,10048.75,-47.0,21.94,-1.071,entry,8.0
2020-06-10 12:08:00,2020-06-10 12:15:00,SHORT,1,10030.25,10052.0,-43.5,20.28,-1.073,entry,7.0
2020-06-10 12:28:00,2020-06-10 13:00:00,LONG,1,10070.0,10049.25,-41.5,19.13,-1.084,entry,32.0
2020-06-10 13:07:00,2020-06-10 14:00:00,LONG,1,10071.0,10039.25,-63.5,19.13,-1.66,entry,53.0
2020-06-10 14:01:00,2020-06-10 15:59:00,LONG,1,10077.0,10089.75,25.5,23.71,0.538,entry,118.0
2020-06-11 09:38:00,2020-06-11 09:50:00,SHORT,1,9883.5,9911.25,-55.5,38.97,-0.712,entry,12.0
2020-06-11 09:57:00,2020-06-11 10:48:00,LONG,1,9930.75,9930.75,0.0,18.95,0.0,entry,51.0
2020-06-11 10:56:00,2020-06-11 15:59:00,SHORT,1,9908.75,9592.75,632.0,22.6,13.982,entry,303.0
2020-06-12 09:40:00,2020-06-12 09:54:00,LONG,1,9823.5,9814.25,-18.5,23.58,-0.392,entry,14.0
2020-06-12 10:13:00,2020-06-12 12:03:00,SHORT,1,9783.0,9720.5,125.0,29.91,2.09,entry,110.0
2020-06-12 12:12:00,2020-06-12 12:18:00,SHORT,1,9696.5,9724.25,-55.5,23.22,-1.195,entry,6.0
2020-06-12 12:24:00,2020-06-12 15:48:00,SHORT,1,9694.0,9661.0,66.0,25.26,1.306,entry,204.0
2020-06-12 15:56:00,2020-06-12 15:59:00,LONG,1,9682.0,9660.0,-44.0,21.61,-1.018,entry,3.0
2020-06-15 09:33:00,2020-06-15 09:36:00,SHORT,1,9488.75,9533.25,-89.0,29.57,-1.505,entry,3.0
2020-06-15 09:37:00,2020-06-15 09:44:00,LONG,1,9548.25,9520.75,-55.0,34.23,-0.803,entry,7.0
2020-06-15 09:54:00,2020-06-15 10:40:00,LONG,1,9550.75,9548.25,-5.0,27.82,-0.09,entry,46.0
2020-06-15 10:46:00,2020-06-15 15:59:00,LONG,1,9596.0,9765.25,338.5,42.38,3.993,entry,313.0
2020-06-16 09:45:00,2020-06-16 09:49:00,LONG,1,9994.5,9964.0,-61.0,30.82,-0.99,entry,4.0
2020-06-16 10:41:00,2020-06-16 11:31:00,SHORT,1,9938.75,9935.0,7.5,34.52,0.109,entry,50.0
2020-06-16 11:37:00,2020-06-16 11:45:00,SHORT,1,9907.0,9936.25,-58.5,23.74,-1.232,entry,8.0
2020-06-16 12:01:00,2020-06-16 12:30:00,SHORT,1,9904.25,9933.75,-59.0,26.28,-1.122,entry,29.0
2020-06-16 12:36:00,2020-06-16 13:52:00,LONG,1,9958.25,9924.25,-68.0,30.25,-1.124,entry,76.0
2020-06-16 14:13:00,2020-06-16 14:22:00,LONG,1,9957.25,9920.0,-74.5,25.73,-1.448,entry,9.0
2020-06-16 15:07:00,2020-06-16 15:33:00,SHORT,1,9902.0,9932.75,-61.5,30.0,-1.025,entry,26.0
2020-06-16 15:43:00,2020-06-16 15:59:00,SHORT,1,9898.0,9942.0,-88.0,32.02,-1.374,entry,16.0
2020-06-17 09:57:00,2020-06-17 10:17:00,SHORT,1,9972.5,9994.5,-44.0,24.94,-0.882,entry,20.0
2020-06-17 10:18:00,2020-06-17 10:44:00,SHORT,1,9954.0,9981.75,-55.5,36.01,-0.771,entry,26.0
2020-06-17 12:31:00,2020-06-17 15:10:00,LONG,1,10013.25,9996.25,-34.0,27.34,-0.622,entry,159.0
2020-06-17 15:24:00,2020-06-17 15:59:00,SHORT,1,9972.5,9969.25,6.5,25.29,0.129,entry,35.0
2020-06-18 10:33:00,2020-06-18 10:35:00,SHORT,1,9941.75,9974.25,-65.0,25.86,-1.257,entry,2.0
2020-06-18 10:59:00,2020-06-18 11:37:00,LONG,1,9994.0,9972.5,-43.0,25.79,-0.834,entry,38.0
2020-06-18 13:37:00,2020-06-18 14:06:00,LONG,1,9995.0,9972.5,-45.0,22.32,-1.008,entry,29.0
2020-06-18 14:59:00,2020-06-18 15:34:00,SHORT,1,9950.25,9972.5,-44.5,22.45,-0.991,entry,35.0
2020-06-18 15:54:00,2020-06-18 15:59:00,LONG,1,9996.25,9998.5,4.5,24.72,0.091,entry,5.0
2020-06-19 10:46:00,2020-06-19 11:05:00,SHORT,1,10071.5,10091.25,-39.5,21.28,-0.928,entry,19.0
2020-06-19 11:20:00,2020-06-19 15:59:00,SHORT,1,10063.75,9990.5,146.5,25.51,2.871,entry,279.0
2020-06-22 09:57:00,2020-06-22 15:59:00,LONG,1,10017.25,10114.75,195.0,22.61,4.313,entry,362.0
2020-06-23 09:41:00,2020-06-23 09:51:00,LONG,1,10198.5,10180.25,-36.5,22.5,-0.811,entry,10.0
2020-06-23 10:18:00,2020-06-23 15:23:00,LONG,1,10203.75,10226.25,45.0,20.64,1.09,entry,305.0
2020-06-23 15:31:00,2020-06-23 15:59:00,SHORT,1,10199.75,10197.5,4.5,30.33,0.074,entry,28.0
2020-06-24 09:37:00,2020-06-24 09:46:00,LONG,1,10209.0,10194.75,-28.5,21.75,-0.655,entry,9.0
2020-06-24 09:49:00,2020-06-24 15:47:00,SHORT,1,10171.25,10035.25,272.0,22.7,5.991,entry,358.0
2020-06-24 15:49:00,2020-06-24 15:59:00,SHORT,1,10012.5,9992.75,39.5,21.36,0.925,entry,10.0
2020-06-25 09:38:00,2020-06-25 09:59:00,SHORT,1,9971.25,9946.5,49.5,26.15,0.946,entry,21.0
2020-06-25 10:20:00,2020-06-25 11:05:00,LONG,1,9977.5,9955.75,-43.5,28.14,-0.773,entry,45.0
2020-06-25 11:17:00,2020-06-25 11:34:00,LONG,1,9992.75,9963.25,-59.0,28.57,-1.033,entry,17.0
2020-06-25 11:50:00,2020-06-25 14:30:00,LONG,1,9988.75,9976.0,-25.5,22.13,-0.576,entry,160.0
2020-06-25 15:02:00,2020-06-25 15:59:00,LONG,1,10009.0,10087.0,156.0,27.89,2.796,entry,57.0
2020-06-26 09:40:00,2020-06-26 11:38:00,SHORT,1,10021.5,9951.25,140.5,38.42,1.829,entry,118.0
2020-06-26 11:49:00,2020-06-26 12:02:00,LONG,1,9971.5,9941.0,-61.0,24.21,-1.26,entry,13.0
2020-06-26 12:06:00,2020-06-26 13:06:00,SHORT,1,9926.75,9941.75,-30.0,21.05,-0.712,entry,60.0
2020-06-26 13:55:00,2020-06-26 15:59:00,SHORT,1,9916.5,9841.25,150.5,23.19,3.244,entry,124.0
2020-06-29 09:35:00,2020-06-29 09:58:00,SHORT,1,9800.0,9780.5,39.0,25.15,0.775,entry,23.0
2020-06-29 10:00:00,2020-06-29 15:59:00,LONG,1,9807.5,9950.75,286.5,26.8,5.346,entry,359.0
2020-06-30 09:37:00,2020-06-30 15:59:00,LONG,1,9992.75,10148.5,311.5,22.76,6.842,entry,382.0
2020-07-01 09:33:00,2020-07-01 09:36:00,LONG,1,10188.25,10162.75,-51.0,22.27,-1.145,entry,3.0
2020-07-01 09:54:00,2020-07-01 10:00:00,SHORT,1,10134.0,10157.75,-47.5,25.58,-0.928,entry,6.0
2020-07-01 10:07:00,2020-07-01 15:59:00,LONG,1,10182.0,10265.0,166.0,23.43,3.543,entry,352.0
2020-07-02 09:58:00,2020-07-02 10:12:00,LONG,1,10419.0,10398.0,-42.0,22.72,-0.924,entry,14.0
2020-07-02 10:28:00,2020-07-02 10:43:00,SHORT,1,10376.0,10395.75,-39.5,23.02,-0.858,entry,15.0
2020-07-02 10:52:00,2020-07-02 11:46:00,SHORT,1,10366.25,10383.5,-34.5,27.17,-0.635,entry,54.0
2020-07-02 15:42:00,2020-07-02 15:59:00,SHORT,1,10361.25,10335.25,52.0,21.29,1.221,entry,17.0
2020-07-03 10:33:00,2020-07-03 11:17:00,SHORT,1,10325.25,10336.5,-22.5,21.47,-0.524,entry,44.0
2020-07-06 09:56:00,2020-07-06 14:01:00,LONG,1,10513.75,10548.5,69.5,24.17,1.438,entry,245.0
2020-07-06 14:14:00,2020-07-06 14:31:00,SHORT,1,10528.75,10553.25,-49.0,21.85,-1.121,entry,17.0
2020-07-06 15:08:00,2020-07-06 15:11:00,SHORT,1,10528.75,10554.0,-50.5,20.79,-1.215,entry,3.0
2020-07-06 15:34:00,2020-07-06 15:59:00,LONG,1,10571.0,10591.5,41.0,21.02,0.975,entry,25.0
2020-07-07 09:39:00,2020-07-07 09:42:00,SHORT,1,10560.75,10600.5,-79.5,31.5,-1.262,entry,3.0
2020-07-07 09:46:00,2020-07-07 10:00:00,LONG,1,10619.75,10599.5,-40.5,26.1,-0.776,entry,14.0
2020-07-07 10:10:00,2020-07-07 12:10:00,LONG,1,10625.0,10631.5,13.0,20.9,0.311,entry,120.0
2020-07-07 12:43:00,2020-07-07 12:59:00,SHORT,1,10611.5,10636.25,-49.5,24.43,-1.013,entry,16.0
2020-07-07 13:06:00,2020-07-07 15:59:00,SHORT,1,10611.25,10516.75,189.0,24.11,3.92,entry,173.0
2020-07-08 09:34:00,2020-07-08 10:29:00,LONG,1,10605.75,10603.0,-5.5,23.1,-0.119,entry,55.0
2020-07-08 11:04:00,2020-07-08 12:02:00,SHORT,1,10590.0,10593.75,-7.5,21.96,-0.171,entry,58.0
2020-07-08 12:57:00,2020-07-08 13:25:00,LONG,1,10618.0,10592.25,-51.5,23.7,-1.087,entry,28.0
2020-07-08 13:55:00,2020-07-08 14:02:00,SHORT,1,10571.5,10597.0,-51.0,24.17,-1.055,entry,7.0
2020-07-08 14:04:00,2020-07-08 14:23:00,SHORT,1,10564.5,10598.25,-67.5,30.66,-1.101,entry,19.0
2020-07-08 14:54:00,2020-07-08 14:58:00,SHORT,1,10567.5,10595.0,-55.0,26.33,-1.044,entry,4.0
2020-07-08 15:05:00,2020-07-08 15:59:00,LONG,1,10620.5,10654.25,67.5,26.45,1.276,entry,54.0
2020-07-09 09:36:00,2020-07-09 09:51:00,SHORT,1,10708.25,10717.5,-18.5,24.13,-0.383,entry,15.0
2020-07-09 10:03:00,2020-07-09 10:11:00,LONG,1,10740.25,10715.75,-49.0,20.86,-1.174,entry,8.0
2020-07-09 10:16:00,2020-07-09 10:26:00,SHORT,1,10698.75,10719.5,-41.5,21.34,-0.973,entry,10.0
2020-07-09 10:38:00,2020-07-09 12:06:00,SHORT,1,10692.5,10655.0,75.0,23.01,1.63,entry,88.0
2020-07-09 12:45:00,2020-07-09 15:59:00,LONG,1,10675.25,10741.25,132.0,20.58,3.207,entry,194.0
2020-07-10 09:34:00,2020-07-10 10:11:00,SHORT,1,10692.5,10684.25,16.5,33.65,0.245,entry,37.0
2020-07-10 10:26:00,2020-07-10 15:59:00,LONG,1,10718.75,10820.75,204.0,34.79,2.932,entry,333.0
2020-07-13 09:38:00,2020-07-13 09:53:00,LONG,1,10977.5,10966.0,-23.0,23.88,-0.482,entry,15.0
2020-07-13 09:55:00,2020-07-13 09:59:00,LONG,1,10990.25,10965.0,-50.5,21.23,-1.189,entry,4.0
2020-07-13 10:02:00,2020-07-13 10:05:00,SHORT,1,10946.0,10968.5,-45.0,22.99,-0.979,entry,3.0
2020-07-13 10:28:00,2020-07-13 12:48:00,LONG,1,10996.5,10996.5,0.0,24.69,0.0,entry,140.0
2020-07-13 12:52:00,2020-07-13 13:21:00,SHORT,1,10982.5,11005.75,-46.5,20.29,-1.146,entry,29.0
2020-07-13 13:42:00,2020-07-13 15:59:00,SHORT,1,10973.75,10598.5,750.5,26.46,14.182,entry,137.0
2020-07-14 09:32:00,2020-07-14 09:47:00,LONG,1,10554.0,10557.5,7.0,38.22,0.092,entry,15.0
2020-07-14 09:48:00,2020-07-14 10:30:00,SHORT,1,10520.25,10495.0,50.5,47.09,0.536,entry,42.0
2020-07-14 10:32:00,2020-07-14 10:39:00,LONG,1,10514.0,10473.75,-80.5,36.27,-1.11,entry,7.0
2020-07-14 10:41:00,2020-07-14 11:00:00,LONG,1,10524.5,10485.75,-77.5,43.98,-0.881,entry,19.0
2020-07-14 11:03:00,2020-07-14 11:05:00,LONG,1,10530.75,10465.0,-131.5,42.08,-1.562,entry,2.0
2020-07-14 11:05:00,2020-07-14 11:07:00,SHORT,1,10465.0,10514.5,-99.0,23.72,-2.087,reverse,2.0
2020-07-14 11:07:00,2020-07-14 13:02:00,LONG,1,10514.5,10507.0,-15.0,25.71,-0.292,reverse,115.0
2020-07-14 13:14:00,2020-07-14 15:59:00,LONG,1,10533.5,10673.0,279.0,22.33,6.247,entry,165.0
2020-07-15 09:36:00,2020-07-15 09:41:00,SHORT,1,10690.25,10724.25,-68.0,24.32,-1.398,entry,5.0
2020-07-15 09:42:00,2020-07-15 09:56:00,LONG,1,10743.5,10708.0,-71.0,32.73,-1.085,entry,14.0
2020-07-15 09:57:00,2020-07-15 10:07:00,SHORT,1,10698.25,10726.25,-56.0,23.57,-1.188,entry,10.0
2020-07-15 10:15:00,2020-07-15 10:21:00,SHORT,1,10693.25,10727.25,-68.0,24.45,-1.391,entry,6.0
2020-07-15 10:26:00,2020-07-15 10:56:00,LONG,1,10742.25,10711.75,-61.0,25.08,-1.216,entry,30.0
2020-07-15 11:00:00,2020-07-15 13:35:00,SHORT,1,10694.25,10669.75,49.0,26.76,0.916,entry,155.0
2020-07-15 13:57:00,2020-07-15 14:01:00,SHORT,1,10641.75,10669.5,-55.5,26.39,-1.051,entry,4.0
2020-07-15 14:03:00,2020-07-15 14:53:00,LONG,1,10695.25,10664.0,-62.5,26.98,-1.158,entry,50.0
2020-07-15 15:07:00,2020-07-15 15:28:00,SHORT,1,10643.5,10681.25,-75.5,26.91,-1.403,entry,21.0
2020-07-15 15:46:00,2020-07-15 15:53:00,LONG,1,10695.0,10666.75,-56.5,24.86,-1.136,entry,7.0
2020-07-16 09:34:00,2020-07-16 09:37:00,SHORT,1,10546.25,10571.25,-50.0,30.51,-0.819,entry,3.0
2020-07-16 10:00:00,2020-07-16 10:40:00,SHORT,1,10544.25,10560.5,-32.5,28.18,-0.577,entry,40.0
2020-07-16 10:56:00,2020-07-16 11:57:00,SHORT,1,10523.0,10537.75,-29.5,30.69,-0.481,entry,61.0
2020-07-16 12:41:00,2020-07-16 15:59:00,LONG,1,10560.75,10613.0,104.5,23.02,2.27,entry,198.0
2020-07-17 09:43:00,2020-07-17 10:00:00,SHORT,1,10601.5,10609.5,-16.0,29.69,-0.269,entry,17.0
2020-07-17 10:03:00,2020-07-17 10:06:00,SHORT,1,10579.0,10612.75,-67.5,28.95,-1.166,entry,3.0
2020-07-17 10:19:00,2020-07-17 10:58:00,SHORT,1,10579.75,10594.25,-29.0,26.56,-0.546,entry,39.0
2020-07-17 11:09:00,2020-07-17 11:45:00,LONG,1,10617.0,10592.75,-48.5,24.71,-0.981,entry,36.0
2020-07-17 12:01:00,2020-07-17 13:16:00,LONG,1,10618.75,10590.25,-57.0,23.56,-1.21,entry,75.0
2020-07-17 14:04:00,2020-07-17 15:59:00,LONG,1,10625.75,10630.25,9.0,25.67,0.175,entry,115.0
2020-07-20 09:35:00,2020-07-20 09:45:00,SHORT,1,10635.25,10646.75,-23.0,26.62,-0.432,entry,10.0
2020-07-20 09:51:00,2020-07-20 15:59:00,LONG,1,10670.25,10936.5,532.5,25.48,10.449,entry,368.0
2020-07-21 09:36:00,2020-07-21 09:53:00,SHORT,1,10944.75,10952.0,-14.5,26.39,-0.275,entry,17.0
2020-07-21 10:08:00,2020-07-21 10:19:00,SHORT,1,10920.25,10946.25,-52.0,23.49,-1.107,entry,11.0
2020-07-21 10:26:00,2020-07-21 13:50:00,SHORT,1,10906.0,10900.25,11.5,31.85,0.181,entry,204.0
2020-07-21 14:07:00,2020-07-21 14:33:00,LONG,1,10924.5,10898.75,-51.5,25.21,-1.021,entry,26.0
2020-07-21 15:09:00,2020-07-21 15:59:00,SHORT,1,10870.25,10824.0,92.5,29.9,1.547,entry,50.0
2020-07-22 09:33:00,2020-07-22 09:35:00,LONG,1,10871.0,10836.25,-69.5,23.51,-1.478,entry,2.0
2020-07-22 09:53:00,2020-07-22 10:26:00,LONG,1,10884.0,10861.75,-44.5,33.65,-0.661,entry,33.0
2020-07-22 10:43:00,2020-07-22 11:44:00,SHORT,1,10835.5,10838.25,-5.5,25.17,-0.109,entry,61.0
2020-07-22 13:32:00,2020-07-22 15:11:00,SHORT,1,10810.5,10832.75,-44.5,25.37,-0.877,entry,99.0
2020-07-22 15:16:00,2020-07-22 15:27:00,LONG,1,10855.0,10825.75,-58.5,24.49,-1.194,entry,11.0
2020-07-22 15:47:00,2020-07-22 15:59:00,LONG,1,10855.25,10859.75,9.0,24.18,0.186,entry,12.0
2020-07-23 09:46:00,2020-07-23 10:03:00,LONG,1,10856.25,10831.0,-50.5,28.33,-0.891,entry,17.0
2020-07-23 10:11:00,2020-07-23 10:31:00,SHORT,1,10802.5,10824.75,-44.5,31.0,-0.718,entry,20.0
2020-07-23 11:04:00,2020-07-23 11:13:00,SHORT,1,10797.75,10823.25,-51.0,24.68,-1.033,entry,9.0
2020-07-23 11:51:00,2020-07-23 15:59:00,SHORT,1,10795.5,10572.0,447.0,24.66,9.065,entry,248.0
2020-07-24 09:36:00,2020-07-24 09:46:00,SHORT,1,10369.5,10365.5,8.0,27.55,0.145,entry,10.0
2020-07-24 09:49:00,2020-07-24 09:57:00,SHORT,1,10335.75,10375.5,-79.5,27.59,-1.441,entry,8.0
2020-07-24 10:00:00,2020-07-24 12:51:00,LONG,1,10399.25,10429.75,61.0,36.88,0.827,entry,171.0
2020-07-24 13:08:00,2020-07-24 13:29:00,SHORT,1,10407.75,10432.25,-49.0,23.41,-1.047,entry,21.0
2020-07-24 13:42:00,2020-07-24 15:31:00,LONG,1,10456.25,10428.25,-56.0,26.6,-1.053,entry,109.0
2020-07-24 15:37:00,2020-07-24 15:59:00,LONG,1,10472.25,10469.75,-5.0,32.7,-0.076,entry,22.0
2020-07-27 09:35:00,2020-07-27 10:13:00,LONG,1,10571.0,10590.0,38.0,26.69,0.712,entry,38.0
2020-07-27 11:14:00,2020-07-27 12:36:00,SHORT,1,10566.75,10588.25,-43.0,26.72,-0.805,entry,82.0
2020-07-27 13:21:00,2020-07-27 15:59:00,LONG,1,10607.0,10660.5,107.0,25.06,2.135,entry,158.0
2020-07-28 09:51:00,2020-07-28 10:04:00,SHORT,1,10574.0,10600.75,-53.5,34.31,-0.78,entry,13.0
2020-07-28 10:56:00,2020-07-28 11:05:00,LONG,1,10626.5,10594.75,-63.5,24.54,-1.294,entry,9.0
2020-07-28 11:14:00,2020-07-28 12:00:00,LONG,1,10627.75,10607.5,-40.5,24.61,-0.823,entry,46.0
2020-07-28 12:46:00,2020-07-28 14:29:00,LONG,1,10632.25,10611.5,-41.5,23.81,-0.872,entry,103.0
2020-07-28 15:02:00,2020-07-28 15:59:00,SHORT,1,10587.0,10525.25,123.5,25.17,2.453,entry,57.0
2020-07-29 10:02:00,2020-07-29 12:01:00,LONG,1,10620.5,10613.5,-14.0,26.9,-0.26,entry,119.0
2020-07-29 12:09:00,2020-07-29 12:25:00,SHORT,1,10584.25,10613.25,-58.0,29.17,-0.994,entry,16.0
2020-07-29 14:12:00,2020-07-29 15:04:00,LONG,1,10639.75,10614.5,-50.5,25.21,-1.002,entry,52.0
2020-07-29 15:12:00,2020-07-29 15:59:00,LONG,1,10649.25,10650.25,2.0,27.06,0.037,entry,47.0
2020-07-30 09:33:00,2020-07-30 09:44:00,LONG,1,10606.25,10586.25,-40.0,27.0,-0.741,entry,11.0
2020-07-30 09:54:00,2020-07-30 10:32:00,SHORT,1,10560.5,10570.75,-20.5,31.18,-0.329,entry,38.0
2020-07-30 10:39:00,2020-07-30 10:49:00,LONG,1,10595.5,10568.0,-55.0,26.73,-1.029,entry,10.0
2020-07-30 10:59:00,2020-07-30 15:59:00,LONG,1,10592.25,10705.0,225.5,22.55,4.999,entry,300.0
2020-07-31 09:32:00,2020-07-31 09:46:00,SHORT,1,10839.5,10835.0,9.0,22.26,0.202,entry,14.0
2020-07-31 09:50:00,2020-07-31 09:52:00,SHORT,1,10803.75,10832.5,-57.5,22.94,-1.253,entry,2.0
2020-07-31 09:56:00,2020-07-31 09:59:00,SHORT,1,10801.25,10825.0,-47.5,23.46,-1.012,entry,3.0
2020-07-31 10:00:00,2020-07-31 11:03:00,SHORT,1,10800.0,10788.75,22.5,23.65,0.476,entry,63.0
2020-07-31 11:14:00,2020-07-31 11:56:00,LONG,1,10812.25,10786.75,-51.0,23.29,-1.095,entry,42.0
2020-07-31 12:03:00,2020-07-31 14:44:00,SHORT,1,10765.25,10774.0,-17.5,28.29,-0.309,entry,161.0
2020-07-31 14:54:00,2020-07-31 15:59:00,LONG,1,10797.25,10897.75,201.0,23.47,4.281,entry,65.0
2020-08-03 09:42:00,2020-08-03 10:12:00,LONG,1,11034.0,11026.25,-15.5,22.73,-0.341,entry,30.0
2020-08-03 10:46:00,2020-08-03 11:02:00,SHORT,1,11002.25,11026.5,-48.5,24.85,-0.976,entry,16.0
2020-08-03 11:47:00,2020-08-03 13:43:00,LONG,1,11050.0,11026.0,-48.0,22.92,-1.047,entry,116.0
2020-08-03 14:15:00,2020-08-03 15:15:00,LONG,1,11054.25,11029.0,-50.5,22.63,-1.116,entry,60.0
2020-08-03 15:41:00,2020-08-03 15:59:00,LONG,1,11057.75,11038.75,-38.0,22.76,-0.835,entry,18.0
2020-08-04 09:46:00,2020-08-04 10:35:00,LONG,1,11055.0,11050.25,-9.5,23.43,-0.203,entry,49.0
2020-08-04 11:23:00,2020-08-04 13:14:00,SHORT,1,11029.25,11045.0,-31.5,22.97,-0.686,entry,111.0
2020-08-04 14:29:00,2020-08-04 15:24:00,SHORT,1,11020.25,11041.5,-42.5,24.95,-0.852,entry,55.0
2020-08-04 15:55:00,2020-08-04 15:59:00,LONG,1,11066.25,11084.5,36.5,25.48,0.716,entry,4.0
2020-08-05 09:51:00,2020-08-05 10:41:00,LONG,1,11104.75,11094.25,-21.0,24.53,-0.428,entry,50.0
2020-08-05 11:03:00,2020-08-05 11:27:00,LONG,1,11122.0,11099.0,-46.0,24.38,-0.943,entry,24.0
2020-08-05 15:50:00,2020-08-05 15:54:00,SHORT,1,11075.0,11101.25,-52.5,26.49,-0.991,entry,4.0
2020-08-06 09:50:00,2020-08-06 09:54:00,SHORT,1,11075.25,11096.75,-43.0,22.18,-0.969,entry,4.0
2020-08-06 09:59:00,2020-08-06 10:42:00,LONG,1,11118.0,11106.5,-23.0,20.11,-0.572,entry,43.0
2020-08-06 10:50:00,2020-08-06 10:59:00,SHORT,1,11085.25,11113.0,-55.5,25.19,-1.102,entry,9.0
2020-08-06 11:20:00,2020-08-06 15:59:00,LONG,1,11138.25,11254.25,232.0,26.77,4.332,entry,279.0
2020-08-07 09:57:00,2020-08-07 10:04:00,LONG,1,11250.75,11231.5,-38.5,20.44,-0.942,entry,7.0
2020-08-07 10:20:00,2020-08-07 10:30:00,SHORT,1,11209.25,11234.25,-50.0,21.28,-1.175,entry,10.0
2020-08-07 10:51:00,2020-08-07 11:15:00,LONG,1,11252.75,11233.0,-39.5,21.29,-0.928,entry,24.0
2020-08-07 11:27:00,2020-08-07 15:59:00,SHORT,1,11213.25,11128.25,170.0,20.77,4.093,entry,272.0
2020-08-10 09:52:00,2020-08-10 12:41:00,SHORT,1,11105.0,11046.5,117.0,27.42,2.133,entry,169.0
2020-08-10 12:44:00,2020-08-10 14:45:00,LONG,1,11063.25,11045.75,-35.0,23.01,-0.761,entry,121.0
2020-08-10 14:54:00,2020-08-10 15:28:00,LONG,1,11071.75,11046.5,-50.5,23.71,-1.065,entry,34.0
2020-08-10 15:55:00,2020-08-10 15:59:00,LONG,1,11071.0,11078.25,14.5,20.28,0.357,entry,4.0
2020-08-11 09:33:00,2020-08-11 09:38:00,SHORT,1,10984.25,10998.75,-29.0,23.34,-0.621,entry,5.0
2020-08-11 09:45:00,2020-08-11 09:56:00,LONG,1,11029.75,10997.25,-65.0,31.94,-1.018,entry,11.0
2020-08-11 10:03:00,2020-08-11 10:25:00,SHORT,1,10972.75,10996.75,-48.0,31.36,-0.765,entry,22.0
2020-08-11 10:39:00,2020-08-11 10:51:00,LONG,1,11022.0,10992.75,-58.5,28.56,-1.024,entry,12.0
2020-08-11 11:01:00,2020-08-11 14:13:00,LONG,1,11020.0,11014.75,-10.5,24.51,-0.214,entry,192.0
2020-08-11 14:16:00,2020-08-11 15:59:00,SHORT,1,10998.75,10868.75,260.0,22.3,5.829,entry,103.0
2020-08-12 09:48:00,2020-08-12 15:59:00,LONG,1,11024.0,11146.0,244.0,30.35,4.02,entry,371.0
2020-08-13 09:38:00,2020-08-13 09:48:00,LONG,1,11214.0,11191.75,-44.5,24.68,-0.902,entry,10.0
2020-08-13 09:54:00,2020-08-13 09:57:00,SHORT,1,11177.0,11198.0,-42.0,21.55,-0.974,entry,3.0
2020-08-13 10:29:00,2020-08-13 13:22:00,LONG,1,11225.5,11221.0,-9.0,25.73,-0.175,entry,173.0
2020-08-13 13:27:00,2020-08-13 13:53:00,SHORT,1,11198.75,11221.25,-45.0,22.53,-0.999,entry,26.0
2020-08-13 14:01:00,2020-08-13 15:59:00,SHORT,1,11190.75,11170.0,41.5,28.26,0.734,entry,118.0
2020-08-14 09:46:00,2020-08-14 09:56:00,SHORT,1,11158.0,11175.5,-35.0,27.64,-0.633,entry,10.0
2020-08-14 10:06:00,2020-08-14 11:25:00,SHORT,1,11150.5,11148.75,3.5,23.24,0.075,entry,79.0
2020-08-14 11:54:00,2020-08-14 12:02:00,SHORT,1,11125.75,11150.75,-50.0,22.5,-1.111,entry,8.0
2020-08-14 12:39:00,2020-08-14 14:02:00,LONG,1,11173.25,11150.5,-45.5,24.76,-0.919,entry,83.0
2020-08-14 15:12:00,2020-08-14 15:52:00,SHORT,1,11128.25,11151.75,-47.0,21.93,-1.071,entry,40.0
2020-08-17 09:58:00,2020-08-17 10:16:00,LONG,1,11264.25,11246.75,-35.0,20.43,-0.857,entry,18.0
2020-08-17 12:51:00,2020-08-17 15:59:00,LONG,1,11273.25,11284.25,22.0,20.32,0.541,entry,188.0
2020-08-18 09:37:00,2020-08-18 09:52:00,LONG,1,11364.5,11356.25,-16.5,20.12,-0.41,entry,15.0
2020-08-18 09:54:00,2020-08-18 10:50:00,SHORT,1,11324.0,11339.0,-30.0,32.74,-0.458,entry,56.0
2020-08-18 11:24:00,2020-08-18 15:59:00,LONG,1,11355.75,11394.0,76.5,22.16,1.726,entry,275.0
2020-08-19 09:45:00,2020-08-19 10:08:00,SHORT,1,11361.0,11374.25,-26.5,27.75,-0.478,entry,23.0
2020-08-19 10:19:00,2020-08-19 14:07:00,LONG,1,11391.5,11391.25,-0.5,19.29,-0.013,entry,228.0
2020-08-19 14:15:00,2020-08-19 15:59:00,SHORT,1,11376.0,11319.0,114.0,19.37,2.943,entry,104.0
2020-08-20 09:34:00,2020-08-20 15:59:00,LONG,1,11306.0,11474.0,336.0,18.91,8.885,entry,385.0
2020-08-21 10:00:00,2020-08-21 10:03:00,LONG,1,11500.25,11478.5,-43.5,21.91,-0.993,entry,3.0
2020-08-21 10:24:00,2020-08-21 11:57:00,LONG,1,11503.5,11502.25,-2.5,22.61,-0.055,entry,93.0
2020-08-21 12:05:00,2020-08-21 15:59:00,LONG,1,11523.25,11554.5,62.5,19.2,1.628,entry,234.0
2020-08-24 09:41:00,2020-08-24 09:49:00,LONG,1,11721.5,11702.5,-38.0,21.28,-0.893,entry,8.0
2020-08-24 09:52:00,2020-08-24 10:19:00,SHORT,1,11661.25,11659.5,3.5,39.25,0.045,entry,27.0
2020-08-24 10:29:00,2020-08-24 12:01:00,SHORT,1,11632.5,11630.0,5.0,24.15,0.104,entry,92.0
2020-08-24 12:42:00,2020-08-24 13:05:00,SHORT,1,11602.75,11624.0,-42.5,20.53,-1.035,entry,23.0
2020-08-24 13:30:00,2020-08-24 15:59:00,SHORT,1,11599.25,11626.25,-54.0,23.29,-1.159,entry,149.0
2020-08-25 09:42:00,2020-08-25 09:50:00,LONG,1,11628.75,11598.0,-61.5,24.59,-1.25,entry,8.0
2020-08-25 09:54:00,2020-08-25 09:58:00,SHORT,1,11587.0,11608.0,-42.0,19.82,-1.059,entry,4.0
2020-08-25 10:16:00,2020-08-25 10:30:00,LONG,1,11633.25,11601.5,-63.5,26.04,-1.219,entry,14.0
2020-08-25 10:35:00,2020-08-25 15:59:00,LONG,1,11631.75,11715.25,167.0,20.59,4.056,entry,324.0
2020-08-26 10:24:00,2020-08-26 15:59:00,LONG,1,11801.0,11964.75,327.5,19.33,8.473,entry,335.0
2020-08-27 09:32:00,2020-08-27 09:36:00,SHORT,1,11960.75,11973.0,-24.5,26.87,-0.456,entry,4.0
2020-08-27 09:37:00,2020-08-27 09:42:00,SHORT,1,11945.5,11962.5,-34.0,19.35,-0.879,entry,5.0
2020-08-27 09:46:00,2020-08-27 09:50:00,SHORT,1,11922.25,11961.75,-79.0,32.16,-1.228,entry,4.0
2020-08-27 09:51:00,2020-08-27 10:00:00,LONG,1,11982.5,11953.0,-59.0,28.34,-1.041,entry,9.0
2020-08-27 10:04:00,2020-08-27 10:18:00,SHORT,1,11938.0,11961.0,-46.0,22.2,-1.036,entry,14.0
2020-08-27 10:25:00,2020-08-27 12:18:00,LONG,1,11975.0,11976.25,2.5,21.43,0.058,entry,113.0
2020-08-27 12:20:00,2020-08-27 12:24:00,SHORT,1,11954.25,11976.0,-43.5,21.95,-0.991,entry,4.0
2020-08-27 12:29:00,2020-08-27 14:04:00,SHORT,1,11953.75,11954.25,-1.0,22.05,-0.023,entry,95.0
2020-08-27 14:27:00,2020-08-27 14:54:00,LONG,1,11977.75,11951.0,-53.5,25.43,-1.052,entry,27.0
2020-08-27 15:00:00,2020-08-27 15:05:00,LONG,1,11973.0,11943.25,-59.5,19.69,-1.511,entry,5.0
2020-08-27 15:20:00,2020-08-27 15:46:00,LONG,1,11982.75,11950.75,-64.0,29.1,-1.1,entry,26.0
2020-08-27 15:54:00,2020-08-27 15:59:00,SHORT,1,11931.0,11927.75,6.5,23.18,0.14,entry,5.0
2020-08-28 09:46:00,2020-08-28 09:55:00,SHORT,1,11965.75,11983.5,-35.5,22.28,-0.797,entry,9.0
2020-08-28 09:59:00,2020-08-28 10:08:00,LONG,1,12005.75,11984.0,-43.5,22.7,-0.958,entry,9.0
2020-08-28 10:36:00,2020-08-28 10:42:00,SHORT,1,11965.25,11990.75,-51.0,22.51,-1.133,entry,6.0
2020-08-28 10:47:00,2020-08-28 11:11:00,SHORT,1,11960.5,11984.0,-47.0,26.28,-0.894,entry,24.0
2020-08-28 11:57:00,2020-08-28 12:19:00,LONG,1,12003.5,11980.75,-45.5,19.58,-1.162,entry,22.0
2020-08-28 12:44:00,2020-08-28 14:48:00,SHORT,1,11962.0,11977.75,-31.5,21.88,-0.72,entry,124.0
2020-08-28 14:56:00,2020-08-28 15:07:00,SHORT,1,11957.25,11977.0,-39.5,19.32,-1.023,entry,11.0
2020-08-28 15:34:00,2020-08-28 15:59:00,LONG,1,11997.25,11991.25,-12.0,20.28,-0.296,entry,25.0
2020-08-31 09:36:00,2020-08-31 09:40:00,SHORT,1,11996.25,12028.5,-64.5,20.7,-1.558,entry,4.0
2020-08-31 09:44:00,2020-08-31 11:25:00,LONG,1,12040.75,12044.0,6.5,23.53,0.138,entry,101.0
2020-08-31 11:26:00,2020-08-31 11:29:00,SHORT,1,12023.75,12048.0,-48.5,23.34,-1.039,entry,3.0
2020-08-31 11:33:00,2020-08-31 11:35:00,SHORT,1,12026.25,12046.25,-40.0,19.95,-1.002,entry,2.0
2020-08-31 11:41:00,2020-08-31 15:59:00,LONG,1,12067.0,12092.75,51.5,20.56,1.253,entry,258.0
2020-09-01 09:33:00,2020-09-01 09:36:00,SHORT,1,12134.75,12163.5,-57.5,33.74,-0.852,entry,3.0
2020-09-01 09:40:00,2020-09-01 11:23:00,LONG,1,12182.75,12212.0,58.5,21.47,1.362,entry,103.0
2020-09-01 12:05:00,2020-09-01 15:59:00,LONG,1,12246.0,12294.0,96.0,30.05,1.597,entry,234.0
2020-09-02 09:39:00,2020-09-02 09:42:00,SHORT,1,12372.0,12393.75,-43.5,21.28,-1.022,entry,3.0
2020-09-02 09:50:00,2020-09-02 10:22:00,SHORT,1,12361.5,12343.75,35.5,27.55,0.644,entry,32.0
2020-09-02 10:38:00,2020-09-02 10:51:00,SHORT,1,12314.75,12333.5,-37.5,20.24,-0.926,entry,13.0
2020-09-02 11:04:00,2020-09-02 12:15:00,SHORT,1,12312.25,12314.25,-4.0,19.0,-0.105,entry,71.0
2020-09-02 12:31:00,2020-09-02 15:59:00,LONG,1,12328.25,12410.25,164.0,24.8,3.306,entry,208.0
2020-09-03 09:34:00,2020-09-03 09:39:00,SHORT,1,12179.5,12215.5,-72.0,39.16,-0.919,entry,5.0
2020-09-03 09:41:00,2020-09-03 10:01:00,SHORT,1,12169.25,12204.25,-70.0,34.99,-1.0,entry,20.0
2020-09-03 10:02:00,2020-09-03 10:06:00,LONG,1,12205.25,12179.0,-52.5,19.13,-1.372,entry,4.0
2020-09-03 10:09:00,2020-09-03 15:59:00,SHORT,1,12157.75,11772.75,770.0,28.03,13.738,entry,350.0
2020-09-04 09:31:00,2020-09-04 09:38:00,LONG,1,11774.75,11785.5,21.5,38.05,0.283,entry,7.0
2020-09-04 09:41:00,2020-09-04 11:52:00,SHORT,1,11745.25,11465.5,559.5,44.25,6.321,entry,131.0
2020-09-04 11:57:00,2020-09-04 11:58:00,SHORT,1,11432.5,11473.75,-82.5,28.83,-1.431,entry,1.0
2020-09-04 11:59:00,2020-09-04 12:06:00,LONG,1,11490.0,11461.0,-58.0,28.58,-1.015,entry,7.0
2020-09-04 12:09:00,2020-09-04 12:10:00,SHORT,1,11439.0,11477.75,-77.5,23.33,-1.661,entry,1.0
2020-09-04 12:12:00,2020-09-04 12:24:00,SHORT,1,11430.25,11473.25,-86.0,31.93,-1.347,entry,12.0
2020-09-04 12:26:00,2020-09-04 12:52:00,LONG,1,11502.5,11455.0,-95.0,40.86,-1.162,entry,26.0
2020-09-04 12:53:00,2020-09-04 13:02:00,LONG,1,11492.75,11467.0,-51.5,24.82,-1.038,entry,9.0
2020-09-04 13:04:00,2020-09-04 13:45:00,SHORT,1,11434.5,11477.5,-86.0,33.89,-1.269,entry,41.0
2020-09-04 13:50:00,2020-09-04 13:54:00,SHORT,1,11423.75,11472.25,-97.0,39.4,-1.231,entry,4.0
2020-09-04 14:00:00,2020-09-04 14:05:00,LONG,1,11494.5,11463.0,-63.0,31.28,-1.007,entry,5.0
2020-09-04 14:08:00,2020-09-04 14:11:00,LONG,1,11489.5,11458.0,-63.0,26.08,-1.208,entry,3.0
2020-09-04 14:17:00,2020-09-04 15:59:00,LONG,1,11497.25,11619.0,243.5,33.74,3.609,entry,102.0
2020-09-07 10:58:00,2020-09-07 12:59:00,LONG,1,11505.5,11501.25,-8.5,27.64,-0.154,entry,121.0
2020-09-08 09:31:00,2020-09-08 09:40:00,LONG,1,11213.0,11180.75,-64.5,40.87,-0.789,entry,9.0
2020-09-08 09:41:00,2020-09-08 09:45:00,SHORT,1,11142.5,11203.0,-121.0,57.86,-1.046,entry,4.0
2020-09-08 09:50:00,2020-09-08 10:49:00,LONG,1,11219.0,11264.5,91.0,26.67,1.706,entry,59.0
2020-09-08 10:52:00,2020-09-08 11:06:00,LONG,1,11310.5,11267.5,-86.0,38.3,-1.123,entry,14.0
2020-09-08 11:10:00,2020-09-08 11:23:00,LONG,1,11314.5,11276.75,-75.5,39.72,-0.95,entry,13.0
2020-09-08 11:31:00,2020-09-08 12:45:00,SHORT,1,11232.75,11272.25,-79.0,44.62,-0.885,entry,74.0
2020-09-08 13:05:00,2020-09-08 13:16:00,SHORT,1,11239.25,11267.5,-56.5,28.14,-1.004,entry,11.0
2020-09-08 13:28:00,2020-09-08 13:36:00,SHORT,1,11233.75,11270.0,-72.5,32.7,-1.108,entry,8.0
2020-09-08 14:06:00,2020-09-08 15:59:00,SHORT,1,11232.5,11068.5,328.0,33.64,4.876,entry,113.0
2020-09-09 09:38:00,2020-09-09 09:58:00,SHORT,1,11234.5,11256.75,-44.5,39.49,-0.563,entry,20.0
2020-09-09 10:00:00,2020-09-09 10:09:00,LONG,1,11286.75,11256.5,-60.5,34.4,-0.879,entry,9.0
2020-09-09 10:22:00,2020-09-09 15:59:00,LONG,1,11287.75,11384.75,194.0,28.55,3.398,entry,337.0
2020-09-10 09:50:00,2020-09-10 09:55:00,SHORT,1,11471.5,11511.5,-80.0,40.36,-0.991,entry,5.0
2020-09-10 10:01:00,2020-09-10 10:26:00,LONG,1,11537.5,11515.25,-44.5,29.7,-0.749,entry,25.0
2020-09-10 10:31:00,2020-09-10 10:43:00,LONG,1,11552.75,11523.25,-59.0,31.13,-0.948,entry,12.0
2020-09-10 10:45:00,2020-09-10 11:42:00,SHORT,1,11476.25,11492.5,-32.5,46.12,-0.352,entry,57.0
2020-09-10 11:55:00,2020-09-10 15:59:00,SHORT,1,11433.0,11157.5,551.0,51.7,5.329,entry,244.0
2020-09-11 09:34:00,2020-09-11 09:40:00,SHORT,1,11191.0,11220.0,-58.0,44.24,-0.655,entry,6.0
2020-09-11 09:48:00,2020-09-11 09:55:00,LONG,1,11244.5,11185.0,-119.0,30.61,-1.944,entry,7.0
2020-09-11 09:55:00,2020-09-11 10:19:00,SHORT,1,11185.0,11192.0,-14.0,33.69,-0.208,reverse,24.0
2020-09-11 10:22:00,2020-09-11 10:31:00,LONG,1,11217.0,11169.25,-95.5,33.31,-1.433,entry,9.0
2020-09-11 10:45:00,2020-09-11 11:21:00,LONG,1,11236.5,11180.0,-113.0,51.67,-1.094,entry,36.0
2020-09-11 11:30:00,2020-09-11 15:31:00,SHORT,1,11158.25,11121.75,73.0,35.55,1.027,entry,241.0
2020-09-11 15:37:00,2020-09-11 15:59:00,SHORT,1,11075.0,11085.5,-21.0,41.82,-0.251,entry,22.0
2020-09-14 09:40:00,2020-09-14 12:20:00,LONG,1,11256.25,11288.75,65.0,33.04,0.984,entry,160.0
2020-09-14 12:54:00,2020-09-14 15:38:00,SHORT,1,11259.75,11281.25,-43.0,34.59,-0.622,entry,164.0
2020-09-14 15:48:00,2020-09-14 15:54:00,LONG,1,11303.5,11270.5,-66.0,31.76,-1.039,entry,6.0
2020-09-15 09:54:00,2020-09-15 10:14:00,LONG,1,11456.5,11433.0,-47.0,29.58,-0.794,entry,20.0
2020-09-15 10:24:00,2020-09-15 10:35:00,SHORT,1,11397.75,11435.0,-74.5,34.94,-1.066,entry,11.0
2020-09-15 10:40:00,2020-09-15 11:02:00,SHORT,1,11388.25,11424.25,-72.0,41.09,-0.876,entry,22.0
2020-09-15 11:32:00,2020-09-15 11:53:00,LONG,1,11457.0,11423.25,-67.5,31.72,-1.064,entry,21.0
2020-09-15 12:03:00,2020-09-15 14:02:00,LONG,1,11461.5,11434.25,-54.5,33.93,-0.803,entry,119.0
2020-09-15 15:05:00,2020-09-15 15:59:00,SHORT,1,11396.25,11424.0,-55.5,38.68,-0.717,entry,54.0
2020-09-16 09:44:00,2020-09-16 09:59:00,SHORT,1,11424.0,11446.0,-44.0,30.04,-0.732,entry,15.0
2020-09-16 10:18:00,2020-09-16 11:15:00,SHORT,1,11398.0,11414.5,-33.0,41.96,-0.393,entry,57.0
2020-09-16 11:59:00,2020-09-16 14:15:00,SHORT,1,11384.0,11410.0,-52.0,29.25,-0.889,entry,136.0
2020-09-16 14:17:00,2020-09-16 14:25:00,LONG,1,11425.5,11391.25,-68.5,32.63,-1.05,entry,8.0
2020-09-16 14:39:00,2020-09-16 14:44:00,LONG,1,11424.0,11390.5,-67.0,30.28,-1.106,entry,5.0
2020-09-16 14:50:00,2020-09-16 15:59:00,SHORT,1,11364.25,11235.0,258.5,29.05,4.45,entry,69.0
2020-09-17 09:36:00,2020-09-17 09:41:00,LONG,1,11018.75,10987.75,-62.0,33.39,-0.929,entry,5.0
2020-09-17 09:46:00,2020-09-17 10:24:00,LONG,1,11024.5,11029.0,9.0,29.87,0.151,entry,38.0
2020-09-17 10:38:00,2020-09-17 11:41:00,LONG,1,11064.75,11060.0,-9.5,29.29,-0.162,entry,63.0
2020-09-17 11:47:00,2020-09-17 13:43:00,SHORT,1,11031.75,11032.0,-0.5,28.83,-0.009,entry,116.0
2020-09-17 14:28:00,2020-09-17 15:16:00,SHORT,1,10987.25,11028.75,-83.0,43.76,-0.948,entry,48.0
2020-09-17 15:24:00,2020-09-17 15:35:00,SHORT,1,10990.25,11027.5,-74.5,36.73,-1.014,entry,11.0
2020-09-17 15:50:00,2020-09-17 15:59:00,LONG,1,11060.5,11067.25,13.5,33.85,0.199,entry,9.0
2020-09-18 09:46:00,2020-09-18 10:01:00,SHORT,1,11058.75,11078.25,-39.0,35.14,-0.555,entry,15.0
2020-09-18 10:26:00,2020-09-18 15:49:00,SHORT,1,11046.5,10939.75,213.5,29.41,3.63,entry,323.0
2020-09-18 15:52:00,2020-09-18 15:59:00,SHORT,1,10902.75,10918.0,-30.5,31.84,-0.479,entry,7.0
2020-09-21 09:36:00,2020-09-21 09:43:00,SHORT,1,10746.25,10771.0,-49.5,30.6,-0.809,entry,7.0
2020-09-21 09:45:00,2020-09-21 09:55:00,LONG,1,10803.25,10775.75,-55.0,41.71,-0.659,entry,10.0
2020-09-21 09:58:00,2020-09-21 10:02:00,LONG,1,10820.5,10771.5,-98.0,38.69,-1.267,entry,4.0
2020-09-21 10:03:00,2020-09-21 10:10:00,SHORT,1,10753.0,10786.0,-66.0,30.05,-1.098,entry,7.0
2020-09-21 10:23:00,2020-09-21 11:05:00,SHORT,1,10737.25,10763.5,-52.5,40.84,-0.643,entry,42.0
2020-09-21 11:15:00,2020-09-21 11:42:00,SHORT,1,10721.5,10750.0,-57.0,29.89,-0.954,entry,27.0
2020-09-21 11:51:00,2020-09-21 14:33:00,LONG,1,10782.25,10775.75,-13.0,34.19,-0.19,entry,162.0
2020-09-21 14:55:00,2020-09-21 15:59:00,LONG,1,10812.75,10963.75,302.0,34.02,4.439,entry,64.0
2020-09-22 09:41:00,2020-09-22 09:59:00,SHORT,1,10999.5,11006.0,-13.0,32.46,-0.2,entry,18.0
2020-09-22 10:14:00,2020-09-22 10:20:00,LONG,1,11043.75,11005.25,-77.0,35.06,-1.098,entry,6.0
2020-09-22 10:30:00,2020-09-22 10:43:00,LONG,1,11046.5,11013.75,-65.5,34.74,-0.943,entry,13.0
2020-09-22 10:46:00,2020-09-22 11:40:00,SHORT,1,10981.0,11002.25,-42.5,32.02,-0.664,entry,54.0
2020-09-22 12:02:00,2020-09-22 15:59:00,LONG,1,11029.0,11164.75,271.5,29.89,4.541,entry,237.0
2020-09-23 09:53:00,2020-09-23 10:45:00,SHORT,1,11089.5,11096.0,-13.0,34.03,-0.191,entry,52.0
2020-09-23 10:58:00,2020-09-23 11:11:00,SHORT,1,11054.5,11087.0,-65.0,32.41,-1.003,entry,13.0
2020-09-23 11:22:00,2020-09-23 15:59:00,SHORT,1,11054.75,10820.75,468.0,29.71,7.876,entry,277.0
2020-09-24 09:34:00,2020-09-24 09:36:00,SHORT,1,10715.75,10754.5,-77.5,36.38,-1.065,entry,2.0
2020-09-24 09:45:00,2020-09-24 10:30:00,LONG,1,10782.0,10822.75,81.5,39.26,1.038,entry,45.0
2020-09-24 10:35:00,2020-09-24 10:41:00,SHORT,1,10796.0,10825.5,-59.0,30.17,-0.978,entry,6.0
2020-09-24 10:47:00,2020-09-24 14:56:00,LONG,1,10864.75,10875.0,20.5,40.03,0.256,entry,249.0
2020-09-24 15:07:00,2020-09-24 15:12:00,SHORT,1,10849.75,10887.5,-75.5,35.35,-1.068,entry,5.0
2020-09-24 15:20:00,2020-09-24 15:40:00,SHORT,1,10834.0,10882.0,-96.0,50.61,-0.948,entry,20.0
2020-09-25 09:37:00,2020-09-25 09:40:00,SHORT,1,10851.5,10880.5,-58.0,31.73,-0.914,entry,3.0
2020-09-25 09:47:00,2020-09-25 09:57:00,SHORT,1,10837.5,10877.25,-79.5,39.02,-1.019,entry,10.0
2020-09-25 09:59:00,2020-09-25 10:08:00,LONG,1,10904.0,10874.25,-59.5,32.48,-0.916,entry,9.0
2020-09-25 10:12:00,2020-09-25 10:16:00,SHORT,1,10834.25,10883.5,-98.5,40.45,-1.217,entry,4.0
2020-09-25 10:21:00,2020-09-25 15:59:00,LONG,1,10908.0,11133.25,450.5,33.2,6.784,entry,338.0
2020-09-28 09:48:00,2020-09-28 10:14:00,SHORT,1,11269.25,11286.75,-35.0,34.76,-0.503,entry,26.0
2020-09-28 10:50:00,2020-09-28 11:13:00,SHORT,1,11256.0,11283.5,-55.0,31.87,-0.863,entry,23.0
2020-09-28 12:02:00,2020-09-28 12:51:00,SHORT,1,11243.75,11279.0,-70.5,38.48,-0.916,entry,49.0
2020-09-28 13:24:00,2020-09-28 15:59:00,LONG,1,11309.75,11359.5,99.5,31.7,1.569,entry,155.0
2020-09-29 10:34:00,2020-09-29 11:21:00,SHORT,1,11323.25,11352.75,-59.0,32.94,-0.896,entry,47.0
2020-09-29 11:49:00,2020-09-29 12:36:00,SHORT,1,11307.75,11341.75,-68.0,34.8,-0.977,entry,47.0
2020-09-29 13:07:00,2020-09-29 13:50:00,SHORT,1,11306.25,11350.5,-88.5,32.99,-1.341,entry,43.0
2020-09-29 15:36:00,2020-09-29 15:59:00,SHORT,1,11308.0,11309.75,-3.5,30.52,-0.057,entry,23.0
2020-09-30 09:51:00,2020-09-30 13:07:00,LONG,1,11380.75,11434.25,107.0,39.93,1.34,entry,196.0
2020-09-30 13:34:00,2020-09-30 14:26:00,LONG,1,11465.0,11442.0,-46.0,30.13,-0.763,entry,52.0
2020-09-30 14:28:00,2020-09-30 14:39:00,LONG,1,11479.0,11439.75,-78.5,33.25,-1.18,entry,11.0
2020-09-30 14:47:00,2020-09-30 14:58:00,SHORT,1,11403.0,11444.75,-83.5,42.77,-0.976,entry,11.0
2020-09-30 15:11:00,2020-09-30 15:53:00,SHORT,1,11411.0,11439.25,-56.5,32.74,-0.863,entry,42.0
2020-10-01 09:54:00,2020-10-01 10:35:00,SHORT,1,11515.75,11530.75,-30.0,28.45,-0.527,entry,41.0
2020-10-01 10:57:00,2020-10-01 11:24:00,SHORT,1,11497.25,11523.5,-52.5,29.98,-0.875,entry,27.0
2020-10-01 11:35:00,2020-10-01 11:51:00,LONG,1,11552.75,11523.0,-59.5,29.53,-1.007,entry,16.0
2020-10-01 13:07:00,2020-10-01 14:01:00,LONG,1,11553.5,11522.5,-62.0,28.66,-1.082,entry,54.0
2020-10-01 14:18:00,2020-10-01 14:24:00,SHORT,1,11497.25,11529.75,-65.0,31.07,-1.046,entry,6.0
2020-10-01 14:32:00,2020-10-01 15:59:00,LONG,1,11557.25,11572.5,30.5,28.71,0.531,entry,87.0
2020-10-02 09:37:00,2020-10-02 09:51:00,LONG,1,11396.25,11380.5,-31.5,37.45,-0.421,entry,14.0
2020-10-02 10:00:00,2020-10-02 10:40:00,LONG,1,11429.0,11405.75,-46.5,44.9,-0.518,entry,40.0
2020-10-02 11:26:00,2020-10-02 15:59:00,SHORT,1,11376.0,11244.25,263.5,31.01,4.249,entry,273.0
2020-10-05 10:00:00,2020-10-05 13:57:00,LONG,1,11380.5,11402.25,43.5,28.41,0.766,entry,237.0
2020-10-05 14:50:00,2020-10-05 15:59:00,LONG,1,11433.5,11488.75,110.5,28.83,1.917,entry,69.0
2020-10-06 09:53:00,2020-10-06 10:00:00,SHORT,1,11423.5,11462.25,-77.5,28.76,-1.347,entry,7.0
2020-10-06 10:03:00,2020-10-06 10:43:00,LONG,1,11479.75,11452.25,-55.0,27.86,-0.987,entry,40.0
2020-10-06 11:09:00,2020-10-06 12:48:00,SHORT,1,11430.5,11445.75,-30.5,31.22,-0.488,entry,99.0
2020-10-06 14:05:00,2020-10-06 14:50:00,LONG,1,11467.75,11414.75,-106.0,28.67,-1.849,entry,45.0
2020-10-06 14:50:00,2020-10-06 15:59:00,SHORT,1,11414.75,11275.75,278.0,29.32,4.741,reverse,69.0
2020-10-07 10:11:00,2020-10-07 10:50:00,SHORT,1,11385.25,11401.5,-32.5,27.92,-0.582,entry,39.0
2020-10-07 11:06:00,2020-10-07 12:28:00,LONG,1,11432.0,11410.5,-43.0,29.5,-0.729,entry,82.0
2020-10-07 12:43:00,2020-10-07 15:59:00,LONG,1,11440.25,11480.0,79.5,28.03,1.418,entry,196.0
2020-10-08 09:49:00,2020-10-08 09:55:00,SHORT,1,11512.75,11544.0,-62.5,33.44,-0.935,entry,6.0
2020-10-08 10:25:00,2020-10-08 11:05:00,SHORT,1,11496.25,11537.5,-82.5,38.49,-1.072,entry,40.0
2020-10-08 12:47:00,2020-10-08 13:16:00,LONG,1,11561.75,11532.75,-58.0,29.57,-0.981,entry,29.0
2020-10-09 10:47:00,2020-10-09 15:59:00,LONG,1,11652.0,11711.5,119.0,26.92,2.211,entry,312.0
2020-10-12 09:36:00,2020-10-12 09:42:00,LONG,1,11928.5,11906.75,-43.5,29.38,-0.74,entry,6.0
2020-10-12 09:53:00,2020-10-12 10:05:00,SHORT,1,11875.0,11897.25,-44.5,26.34,-0.845,entry,12.0
2020-10-12 10:37:00,2020-10-12 15:59:00,LONG,1,11927.5,12073.5,292.0,26.0,5.615,entry,322.0
2020-10-13 09:37:00,2020-10-13 09:59:00,SHORT,1,12082.0,12093.0,-22.0,27.94,-0.394,entry,22.0
2020-10-13 10:06:00,2020-10-13 10:16:00,SHORT,1,12040.75,12077.75,-74.0,39.09,-0.946,entry,10.0
2020-10-13 10:23:00,2020-10-13 10:33:00,LONG,1,12107.5,12071.0,-73.0,30.57,-1.194,entry,10.0
2020-10-13 10:53:00,2020-10-13 12:10:00,LONG,1,12111.75,12094.5,-34.5,31.05,-0.555,entry,77.0
2020-10-13 13:09:00,2020-10-13 13:14:00,SHORT,1,12057.0,12103.25,-92.5,46.06,-1.004,entry,5.0
2020-10-13 13:16:00,2020-10-13 13:23:00,LONG,1,12132.5,12095.75,-73.5,29.69,-1.238,entry,7.0
2020-10-13 13:44:00,2020-10-13 15:07:00,SHORT,1,12071.75,12095.5,-47.5,31.31,-0.758,entry,83.0
2020-10-13 15:18:00,2020-10-13 15:54:00,LONG,1,12123.0,12089.75,-66.5,28.16,-1.181,entry,36.0
2020-10-14 09:36:00,2020-10-14 10:01:00,LONG,1,12123.5,12117.75,-11.5,31.97,-0.18,entry,25.0
2020-10-14 10:18:00,2020-10-14 11:09:00,SHORT,1,12082.0,12099.25,-34.5,34.95,-0.494,entry,51.0
2020-10-14 11:20:00,2020-10-14 15:11:00,SHORT,1,12066.0,12021.0,90.0,27.87,1.614,entry,231.0
2020-10-14 15:55:00,2020-10-14 15:59:00,SHORT,1,11988.5,11977.5,22.0,29.3,0.375,entry,4.0
2020-10-15 09:32:00,2020-10-15 10:07:00,LONG,1,11830.0,11834.5,9.0,37.1,0.121,entry,35.0
2020-10-15 10:14:00,2020-10-15 10:17:00,SHORT,1,11807.75,11837.25,-59.0,26.77,-1.102,entry,3.0
2020-10-15 10:26:00,2020-10-15 11:12:00,SHORT,1,11805.25,11814.75,-19.0,27.27,-0.348,entry,46.0
2020-10-15 11:18:00,2020-10-15 12:02:00,LONG,1,11841.25,11814.5,-53.5,26.99,-0.991,entry,44.0
2020-10-15 12:27:00,2020-10-15 13:12:00,SHORT,1,11787.5,11815.5,-56.0,29.91,-0.936,entry,45.0
2020-10-15 13:20:00,2020-10-15 13:35:00,SHORT,1,11786.75,11814.0,-54.5,27.83,-0.979,entry,15.0
2020-10-15 14:00:00,2020-10-15 15:59:00,LONG,1,11844.0,11890.25,92.5,29.16,1.586,entry,119.0
2020-10-16 10:02:00,2020-10-16 10:49:00,LONG,1,11984.25,11964.0,-40.5,32.42,-0.625,entry,47.0
2020-10-16 11:06:00,2020-10-16 13:17:00,SHORT,1,11946.5,11944.5,4.0,26.45,0.076,entry,131.0
2020-10-16 15:13:00,2020-10-16 15:59:00,SHORT,1,11914.25,11827.0,174.5,26.37,3.309,entry,46.0
2020-10-19 09:55:00,2020-10-19 15:59:00,SHORT,1,11884.75,11629.75,510.0,36.65,6.959,entry,364.0
2020-10-20 09:59:00,2020-10-20 10:26:00,LONG,1,11703.0,11684.5,-37.0,33.57,-0.551,entry,27.0
2020-10-20 10:47:00,2020-10-20 11:52:00,SHORT,1,11654.25,11671.0,-33.5,29.82,-0.562,entry,65.0
2020-10-20 12:15:00,2020-10-20 15:09:00,LONG,1,11696.25,11683.25,-26.0,27.2,-0.478,entry,174.0
2020-10-20 15:10:00,2020-10-20 15:40:00,SHORT,1,11668.5,11706.75,-76.5,28.53,-1.341,entry,30.0
2020-10-21 09:35:00,2020-10-21 10:25:00,LONG,1,11711.0,11735.0,48.0,26.12,0.919,entry,50.0
2020-10-21 10:53:00,2020-10-21 12:21:00,SHORT,1,11704.5,11722.25,-35.5,29.87,-0.594,entry,88.0
2020-10-21 12:32:00,2020-10-21 13:30:00,SHORT,1,11676.25,11699.75,-47.0,28.33,-0.829,entry,58.0
2020-10-21 13:39:00,2020-10-21 13:50:00,SHORT,1,11670.0,11712.75,-85.5,26.74,-1.599,entry,11.0
2020-10-21 14:28:00,2020-10-21 15:41:00,LONG,1,11724.25,11701.75,-45.0,27.57,-0.816,entry,73.0
2020-10-21 15:45:00,2020-10-21 15:59:00,SHORT,1,11674.75,11652.5,44.5,27.5,0.809,entry,14.0
2020-10-22 09:40:00,2020-10-22 09:44:00,SHORT,1,11673.0,11704.0,-62.0,29.36,-1.056,entry,4.0
2020-10-22 10:00:00,2020-10-22 11:21:00,SHORT,1,11657.75,11611.0,93.5,33.69,1.388,entry,81.0
2020-10-22 11:34:00,2020-10-22 11:50:00,SHORT,1,11583.0,11612.0,-58.0,26.15,-1.109,entry,16.0
2020-10-22 11:55:00,2020-10-22 12:57:00,SHORT,1,11581.0,11602.5,-43.0,26.82,-0.802,entry,62.0
2020-10-22 13:10:00,2020-10-22 15:59:00,LONG,1,11633.75,11654.25,41.0,31.59,0.649,entry,169.0
2020-10-23 09:42:00,2020-10-23 09:55:00,SHORT,1,11603.0,11626.5,-47.0,27.56,-0.853,entry,13.0
2020-10-23 10:00:00,2020-10-23 10:18:00,SHORT,1,11585.75,11620.25,-69.0,34.64,-0.996,entry,18.0
2020-10-23 10:50:00,2020-10-23 11:00:00,SHORT,1,11582.0,11611.25,-58.5,27.4,-1.067,entry,10.0
2020-10-23 11:24:00,2020-10-23 12:37:00,SHORT,1,11583.25,11601.25,-36.0,25.58,-0.704,entry,73.0
2020-10-23 13:21:00,2020-10-23 15:59:00,LONG,1,11626.25,11680.0,107.5,25.69,2.092,entry,158.0
2020-10-26 09:37:00,2020-10-26 10:26:00,LONG,1,11639.25,11637.25,-4.0,30.47,-0.066,entry,49.0
2020-10-26 10:29:00,2020-10-26 15:59:00,SHORT,1,11622.75,11494.25,257.0,25.72,4.997,entry,330.0
2020-10-27 09:37:00,2020-10-27 09:40:00,LONG,1,11553.25,11528.25,-50.0,27.05,-0.924,entry,3.0
2020-10-27 09:44:00,2020-10-27 09:48:00,LONG,1,11558.75,11533.5,-50.5,26.65,-0.948,entry,4.0
2020-10-27 10:19:00,2020-10-27 10:37:00,SHORT,1,11500.0,11537.5,-75.0,37.57,-0.998,entry,18.0
2020-10-27 10:47:00,2020-10-27 14:19:00,LONG,1,11557.75,11556.0,-3.5,25.93,-0.067,entry,212.0
2020-10-27 15:27:00,2020-10-27 15:59:00,LONG,1,11585.5,11586.25,1.5,27.27,0.028,entry,32.0
2020-10-28 09:34:00,2020-10-28 15:24:00,SHORT,1,11362.0,11249.25,225.5,27.65,4.078,entry,350.0
2020-10-28 15:38:00,2020-10-28 15:59:00,SHORT,1,11214.75,11137.5,154.5,32.83,2.353,entry,21.0
2020-10-29 09:40:00,2020-10-29 09:46:00,SHORT,1,11184.25,11214.0,-59.5,31.29,-0.951,entry,6.0
2020-10-29 09:54:00,2020-10-29 15:59:00,LONG,1,11246.25,11324.75,157.0,35.22,2.229,entry,365.0
2020-10-30 09:41:00,2020-10-30 12:26:00,SHORT,1,11210.0,11087.25,245.5,37.25,3.295,entry,165.0
2020-10-30 12:36:00,2020-10-30 15:59:00,SHORT,1,11048.5,11055.25,-13.5,33.93,-0.199,entry,203.0
2020-11-02 09:40:00,2020-11-02 10:05:00,LONG,1,11169.75,11158.5,-22.5,27.86,-0.404,entry,25.0
2020-11-02 10:18:00,2020-11-02 10:23:00,LONG,1,11205.5,11165.25,-80.5,41.08,-0.98,entry,5.0
2020-11-02 10:35:00,2020-11-02 15:59:00,SHORT,1,11136.25,11068.75,135.0,29.37,2.298,entry,324.0
2020-11-03 09:48:00,2020-11-03 13:48:00,LONG,1,11162.0,11266.0,208.0,30.59,3.4,entry,240.0
2020-11-03 13:53:00,2020-11-03 14:20:00,SHORT,1,11239.5,11265.75,-52.5,28.09,-0.935,entry,27.0
2020-11-03 15:29:00,2020-11-03 15:59:00,LONG,1,11294.25,11257.0,-74.5,28.9,-1.289,entry,30.0
2020-11-04 09:36:00,2020-11-04 09:58:00,SHORT,1,11607.75,11624.25,-33.0,33.44,-0.493,entry,22.0
2020-11-04 09:59:00,2020-11-04 15:19:00,LONG,1,11645.5,11731.25,171.5,37.08,2.313,entry,320.0
2020-11-04 15:51:00,2020-11-04 15:59:00,LONG,1,11767.75,11759.75,-16.0,29.98,-0.267,entry,8.0
2020-11-05 09:38:00,2020-11-05 10:25:00,LONG,1,12036.25,12031.25,-10.0,31.8,-0.157,entry,47.0
2020-11-05 10:29:00,2020-11-05 10:37:00,SHORT,1,12021.0,12057.0,-72.0,31.51,-1.143,entry,8.0
2020-11-05 10:46:00,2020-11-05 10:52:00,SHORT,1,12007.75,12052.5,-89.5,41.22,-1.086,entry,6.0
2020-11-05 12:19:00,2020-11-05 13:01:00,SHORT,1,12014.25,12046.5,-64.5,32.52,-0.992,entry,42.0
2020-11-05 14:04:00,2020-11-05 15:36:00,LONG,1,12073.75,12048.5,-50.5,30.75,-0.821,entry,92.0
2020-11-06 09:37:00,2020-11-06 10:08:00,SHORT,1,11953.5,11946.5,14.0,37.42,0.187,entry,31.0
2020-11-06 10:17:00,2020-11-06 15:59:00,LONG,1,11977.25,12080.0,205.5,34.41,2.986,entry,342.0
2020-11-09 09:33:00,2020-11-09 09:45:00,SHORT,1,12123.0,12132.5,-19.0,53.26,-0.178,entry,12.0
2020-11-09 09:46:00,2020-11-09 09:51:00,LONG,1,12165.5,12119.0,-93.0,40.0,-1.162,entry,5.0
2020-11-09 09:55:00,2020-11-09 10:00:00,SHORT,1,12100.5,12134.75,-68.5,30.12,-1.137,entry,5.0
2020-11-09 10:01:00,2020-11-09 10:46:00,LONG,1,12159.0,12165.0,12.0,29.58,0.203,entry,45.0
2020-11-09 10:49:00,2020-11-09 11:22:00,SHORT,1,12122.0,12162.75,-81.5,44.0,-0.926,entry,33.0
2020-11-09 11:49:00,2020-11-09 15:59:00,SHORT,1,12127.0,11825.75,602.5,30.56,9.859,entry,250.0
2020-11-10 09:35:00,2020-11-10 10:04:00,SHORT,1,11676.5,11687.0,-21.0,41.49,-0.253,entry,29.0
2020-11-10 10:14:00,2020-11-10 11:12:00,SHORT,1,11636.0,11623.0,26.0,31.43,0.414,entry,58.0
2020-11-10 11:16:00,2020-11-10 11:26:00,SHORT,1,11585.5,11636.5,-102.0,34.05,-1.498,entry,10.0
2020-11-10 11:28:00,2020-11-10 13:21:00,LONG,1,11649.0,11641.0,-16.0,31.15,-0.257,entry,113.0
2020-11-10 13:30:00,2020-11-10 13:44:00,SHORT,1,11609.5,11646.0,-73.0,34.54,-1.057,entry,14.0
2020-11-10 14:05:00,2020-11-10 14:10:00,LONG,1,11681.25,11639.5,-83.5,38.07,-1.097,entry,5.0
2020-11-10 14:16:00,2020-11-10 14:37:00,SHORT,1,11607.25,11644.75,-75.0,36.03,-1.041,entry,21.0
2020-11-10 14:46:00,2020-11-10 14:52:00,SHORT,1,11607.5,11641.25,-67.5,33.14,-1.018,entry,6.0
2020-11-10 15:04:00,2020-11-10 15:20:00,SHORT,1,11606.75,11646.75,-80.0,33.35,-1.199,entry,16.0
2020-11-10 15:51:00,2020-11-10 15:59:00,SHORT,1,11608.5,11620.0,-23.0,30.48,-0.377,entry,8.0
2020-11-11 09:36:00,2020-11-11 09:56:00,LONG,1,11765.25,11774.25,18.0,34.17,0.263,entry,20.0
2020-11-11 10:08:00,2020-11-11 10:42:00,LONG,1,11813.75,11791.25,-45.0,31.55,-0.713,entry,34.0
2020-11-11 11:19:00,2020-11-11 15:59:00,LONG,1,11829.0,11880.0,102.0,35.07,1.454,entry,280.0
2020-11-12 09:37:00,2020-11-12 09:46:00,LONG,1,11946.75,11906.75,-80.0,31.07,-1.287,entry,9.0
2020-11-12 09:49:00,2020-11-12 09:53:00,SHORT,1,11891.0,11928.25,-74.5,33.03,-1.128,entry,4.0
2020-11-12 10:13:00,2020-11-12 10:27:00,LONG,1,11958.0,11920.0,-76.0,34.09,-1.115,entry,14.0
2020-11-12 10:41:00,2020-11-12 10:54:00,LONG,1,11971.75,11931.75,-80.0,41.45,-0.965,entry,13.0
2020-11-12 11:33:00,2020-11-12 15:59:00,SHORT,1,11895.25,11823.75,143.0,35.7,2.003,entry,266.0
2020-11-13 10:03:00,2020-11-13 11:17:00,SHORT,1,11864.5,11866.25,-3.5,30.67,-0.057,entry,74.0
2020-11-13 11:34:00,2020-11-13 11:49:00,SHORT,1,11833.5,11866.0,-65.0,30.08,-1.08,entry,15.0
2020-11-13 12:58:00,2020-11-13 13:41:00,LONG,1,11896.25,11865.5,-61.5,30.79,-0.999,entry,43.0
2020-11-13 14:58:00,2020-11-13 15:59:00,LONG,1,11906.25,11932.5,52.5,36.7,0.715,entry,61.0
2020-11-16 09:37:00,2020-11-16 09:54:00,LONG,1,11959.25,11941.25,-36.0,40.85,-0.441,entry,17.0
2020-11-16 10:03:00,2020-11-16 12:20:00,LONG,1,11983.0,11964.75,-36.5,34.73,-0.525,entry,137.0
2020-11-16 13:28:00,2020-11-16 13:57:00,SHORT,1,11944.0,11972.25,-56.5,29.74,-0.95,entry,29.0
2020-11-17 09:45:00,2020-11-17 10:14:00,SHORT,1,11982.75,12000.5,-35.5,32.39,-0.548,entry,29.0
2020-11-17 10:51:00,2020-11-17 11:19:00,LONG,1,12029.5,12004.25,-50.5,28.32,-0.891,entry,28.0
2020-11-17 11:25:00,2020-11-17 12:00:00,SHORT,1,11974.25,12002.25,-56.0,29.03,-0.965,entry,35.0
2020-11-17 13:07:00,2020-11-17 13:50:00,LONG,1,12032.5,12004.0,-57.0,30.15,-0.945,entry,43.0
2020-11-17 15:20:00,2020-11-17 15:59:00,SHORT,1,11974.75,11977.0,-4.5,30.94,-0.073,entry,39.0
2020-11-18 09:52:00,2020-11-18 10:20:00,SHORT,1,11937.75,11955.5,-35.5,28.41,-0.625,entry,28.0
2020-11-18 11:14:00,2020-11-18 13:46:00,LONG,1,11981.5,11964.5,-34.0,28.31,-0.601,entry,152.0
2020-11-18 14:19:00,2020-11-18 14:40:00,SHORT,1,11943.75,11970.75,-54.0,26.2,-1.03,entry,21.0
2020-11-18 15:09:00,2020-11-18 15:36:00,LONG,1,11999.25,11963.0,-72.5,30.06,-1.206,entry,27.0
2020-11-18 15:40:00,2020-11-18 15:59:00,SHORT,1,11938.75,11892.0,93.5,33.1,1.412,entry,19.0
2020-11-19 09:44:00,2020-11-19 10:24:00,LONG,1,11893.25,11887.25,-12.0,26.79,-0.224,entry,40.0
2020-11-19 10:34:00,2020-11-19 12:49:00,LONG,1,11915.5,11914.0,-3.0,25.56,-0.059,entry,135.0
2020-11-19 13:32:00,2020-11-19 15:59:00,LONG,1,11943.5,11981.25,75.5,26.44,1.428,entry,147.0
2020-11-20 10:37:00,2020-11-20 11:48:00,LONG,1,11995.0,11980.75,-28.5,24.63,-0.579,entry,71.0
2020-11-20 15:15:00,2020-11-20 15:59:00,SHORT,1,11950.0,11904.5,91.0,31.39,1.45,entry,44.0
2020-11-23 10:06:00,2020-11-23 13:04:00,SHORT,1,11942.25,11896.75,91.0,32.11,1.417,entry,178.0
2020-11-23 14:56:00,2020-11-23 15:54:00,LONG,1,11920.0,11895.25,-49.5,24.88,-0.995,entry,58.0
2020-11-24 09:35:00,2020-11-24 09:55:00,SHORT,1,11909.0,11916.5,-15.0,27.34,-0.274,entry,20.0
2020-11-24 10:39:00,2020-11-24 15:59:00,LONG,1,11941.75,12075.25,267.0,27.4,4.872,entry,320.0
2020-11-25 10:04:00,2020-11-25 10:46:00,SHORT,1,12092.75,12112.75,-40.0,30.13,-0.664,entry,42.0
2020-11-25 12:54:00,2020-11-25 15:59:00,LONG,1,12136.75,12153.5,33.5,23.45,0.714,entry,185.0
2020-11-26 12:22:00,2020-11-26 12:59:00,SHORT,1,12167.25,12153.75,27.0,23.51,0.574,entry,37.0
2020-11-27 10:14:00,2020-11-27 11:45:00,LONG,1,12262.75,12266.25,7.0,22.31,0.157,entry,91.0
2020-11-27 12:12:00,2020-11-27 13:01:00,SHORT,1,12241.75,12264.0,-44.5,22.93,-0.97,entry,49.0
2020-11-30 09:35:00,2020-11-30 09:55:00,SHORT,1,12261.25,12264.0,-5.5,21.57,-0.128,entry,20.0
2020-11-30 10:02:00,2020-11-30 10:06:00,SHORT,1,12237.5,12259.0,-43.0,21.62,-0.995,entry,4.0
2020-11-30 10:18:00,2020-11-30 11:55:00,SHORT,1,12228.0,12202.0,52.0,27.24,0.954,entry,97.0
2020-11-30 13:03:00,2020-11-30 15:59:00,LONG,1,12221.0,12274.0,106.0,21.62,2.451,entry,176.0
2020-12-01 09:46:00,2020-12-01 10:34:00,LONG,1,12383.75,12384.75,2.0,22.09,0.045,entry,48.0
2020-12-01 10:38:00,2020-12-01 10:50:00,SHORT,1,12364.5,12385.0,-41.0,22.28,-0.92,entry,12.0
2020-12-01 11:05:00,2020-12-01 15:19:00,LONG,1,12409.5,12421.5,24.0,23.96,0.501,entry,254.0
2020-12-01 15:28:00,2020-12-01 15:59:00,LONG,1,12448.25,12450.25,4.0,21.1,0.095,entry,31.0
2020-12-02 09:40:00,2020-12-02 09:52:00,SHORT,1,12332.0,12349.75,-35.5,28.64,-0.62,entry,12.0
2020-12-02 09:57:00,2020-12-02 15:59:00,LONG,1,12370.0,12457.25,174.5,21.65,4.03,entry,362.0
2020-12-03 10:03:00,2020-12-03 10:43:00,LONG,1,12512.75,12499.0,-27.5,22.46,-0.612,entry,40.0
2020-12-03 10:59:00,2020-12-03 11:31:00,SHORT,1,12480.25,12497.5,-34.5,22.42,-0.769,entry,32.0
2020-12-03 13:08:00,2020-12-03 14:40:00,SHORT,1,12472.25,12496.0,-47.5,23.9,-0.994,entry,92.0
2020-12-03 15:41:00,2020-12-03 15:59:00,SHORT,1,12468.0,12472.5,-9.0,26.52,-0.17,entry,18.0
2020-12-04 09:47:00,2020-12-04 10:27:00,LONG,1,12495.5,12486.75,-17.5,24.94,-0.351,entry,40.0
2020-12-04 10:43:00,2020-12-04 11:02:00,LONG,1,12509.5,12490.5,-38.0,20.33,-0.934,entry,19.0
2020-12-04 11:30:00,2020-12-04 14:13:00,LONG,1,12513.25,12500.25,-26.0,20.9,-0.622,entry,163.0
2020-12-04 15:01:00,2020-12-04 15:39:00,LONG,1,12522.25,12500.75,-43.0,21.06,-1.021,entry,38.0
2020-12-04 15:57:00,2020-12-04 15:59:00,LONG,1,12525.0,12529.0,8.0,22.61,0.177,entry,2.0
2020-12-07 09:39:00,2020-12-07 12:00:00,LONG,1,12567.75,12580.5,25.5,19.93,0.64,entry,141.0
2020-12-07 13:06:00,2020-12-07 14:23:00,SHORT,1,12561.75,12578.5,-33.5,20.07,-0.835,entry,77.0
2020-12-07 15:49:00,2020-12-07 15:54:00,SHORT,1,12557.75,12579.75,-44.0,20.56,-1.07,entry,5.0
2020-12-08 09:40:00,2020-12-08 10:01:00,SHORT,1,12544.0,12553.0,-18.0,20.26,-0.444,entry,21.0
2020-12-08 10:17:00,2020-12-08 10:45:00,SHORT,1,12533.75,12545.75,-24.0,18.63,-0.644,entry,28.0
2020-12-08 11:31:00,2020-12-08 15:59:00,LONG,1,12566.0,12637.0,142.0,18.79,3.778,entry,268.0
2020-12-09 09:51:00,2020-12-09 10:03:00,LONG,1,12631.0,12615.25,-31.5,19.89,-0.792,entry,12.0
2020-12-09 10:11:00,2020-12-09 10:20:00,SHORT,1,12583.0,12608.5,-51.0,31.61,-0.807,entry,9.0
2020-12-09 11:04:00,2020-12-09 15:59:00,SHORT,1,12587.25,12355.25,464.0,20.44,11.349,entry,295.0
2020-12-10 09:34:00,2020-12-10 09:37:00,SHORT,1,12225.25,12256.25,-62.0,34.61,-0.896,entry,3.0
2020-12-10 09:38:00,2020-12-10 12:49:00,LONG,1,12287.75,12364.75,154.0,30.09,2.559,entry,191.0
2020-12-10 13:08:00,2020-12-10 14:15:00,LONG,1,12393.75,12372.0,-43.5,20.17,-1.079,entry,67.0
2020-12-10 15:15:00,2020-12-10 15:59:00,LONG,1,12399.0,12398.0,-2.0,22.53,-0.044,entry,44.0
2020-12-11 09:32:00,2020-12-11 09:35:00,SHORT,1,12312.0,12331.0,-38.0,22.2,-0.856,entry,3.0
2020-12-11 09:42:00,2020-12-11 09:52:00,SHORT,1,12300.0,12319.0,-38.0,22.5,-0.844,entry,10.0
2020-12-11 10:01:00,2020-12-11 10:47:00,LONG,1,12338.0,12322.5,-31.0,23.77,-0.652,entry,46.0
2020-12-11 10:54:00,2020-12-11 11:01:00,SHORT,1,12303.0,12323.25,-40.5,20.13,-1.006,entry,7.0
2020-12-11 11:21:00,2020-12-11 13:13:00,SHORT,1,12302.0,12302.75,-1.5,19.95,-0.038,entry,112.0
2020-12-11 13:24:00,2020-12-11 13:33:00,SHORT,1,12282.0,12305.25,-46.5,20.02,-1.162,entry,9.0
2020-12-11 13:51:00,2020-12-11 15:59:00,LONG,1,12327.5,12376.0,97.0,24.93,1.945,entry,128.0
2020-12-14 09:36:00,2020-12-14 11:01:00,LONG,1,12472.0,12502.5,61.0,24.62,1.239,entry,85.0
2020-12-14 11:13:00,2020-12-14 12:39:00,LONG,1,12529.25,12509.0,-40.5,23.9,-0.847,entry,86.0
2020-12-14 12:58:00,2020-12-14 13:52:00,SHORT,1,12487.0,12513.25,-52.5,24.32,-1.08,entry,54.0
2020-12-14 14:36:00,2020-12-14 14:52:00,SHORT,1,12483.75,12511.25,-55.0,25.47,-1.08,entry,16.0
2020-12-14 15:34:00,2020-12-14 15:59:00,SHORT,1,12488.75,12458.5,60.5,20.47,1.477,entry,25.0
2020-12-15 10:38:00,2020-12-15 12:54:00,SHORT,1,12537.25,12536.0,2.5,25.37,0.049,entry,136.0
2020-12-15 13:39:00,2020-12-15 15:59:00,LONG,1,12557.25,12597.5,80.5,20.89,1.927,entry,140.0
2020-12-16 09:37:00,2020-12-16 09:49:00,SHORT,1,12586.0,12595.5,-19.0,19.19,-0.495,entry,12.0
2020-12-16 10:10:00,2020-12-16 10:17:00,LONG,1,12620.25,12589.75,-61.0,20.36,-1.498,entry,7.0
2020-12-16 10:33:00,2020-12-16 14:10:00,LONG,1,12619.5,12615.25,-8.5,19.5,-0.218,entry,217.0
2020-12-16 14:32:00,2020-12-16 15:59:00,LONG,1,12643.5,12673.0,59.0,21.82,1.352,entry,87.0
2020-12-17 10:04:00,2020-12-17 10:29:00,SHORT,1,12726.25,12737.25,-22.0,18.21,-0.604,entry,25.0
2020-12-17 10:57:00,2020-12-17 12:47:00,SHORT,1,12709.75,12726.25,-33.0,24.7,-0.668,entry,110.0
2020-12-17 15:54:00,2020-12-17 15:59:00,LONG,1,12754.0,12750.25,-7.5,28.28,-0.133,entry,5.0
2020-12-18 09:35:00,2020-12-18 12:37:00,SHORT,1,12752.5,12720.5,64.0,17.55,1.823,entry,182.0
2020-12-18 13:22:00,2020-12-18 15:53:00,SHORT,1,12695.75,12696.25,-1.0,20.71,-0.024,entry,151.0
2020-12-21 09:31:00,2020-12-21 09:43:00,LONG,1,12616.5,12618.0,3.0,20.19,0.074,entry,12.0
2020-12-21 09:47:00,2020-12-21 11:24:00,SHORT,1,12601.5,12543.25,116.5,18.52,3.146,entry,97.0
2020-12-21 11:33:00,2020-12-21 15:59:00,LONG,1,12561.0,12684.75,247.5,19.31,6.408,entry,266.0
2020-12-22 09:48:00,2020-12-22 10:12:00,LONG,1,12723.75,12703.5,-40.5,22.89,-0.885,entry,24.0
2020-12-22 10:13:00,2020-12-22 10:17:00,SHORT,1,12695.5,12719.0,-47.0,20.87,-1.126,entry,4.0
2020-12-22 10:38:00,2020-12-22 10:45:00,LONG,1,12733.0,12713.25,-39.5,18.6,-1.062,entry,7.0
2020-12-22 10:49:00,2020-12-22 13:05:00,SHORT,1,12687.0,12688.25,-2.5,27.42,-0.046,entry,136.0
2020-12-22 13:37:00,2020-12-22 14:38:00,LONG,1,12707.25,12688.0,-38.5,20.05,-0.96,entry,61.0
2020-12-22 15:20:00,2020-12-22 15:28:00,LONG,1,12707.5,12685.75,-43.5,18.29,-1.189,entry,8.0
2020-12-22 15:58:00,2020-12-22 15:59:00,LONG,1,12709.5,12713.5,8.0,20.04,0.2,entry,1.0
2020-12-23 09:44:00,2020-12-23 09:56:00,SHORT,1,12675.5,12688.25,-25.5,18.17,-0.702,entry,12.0
2020-12-23 12:30:00,2020-12-23 15:50:00,LONG,1,12708.0,12676.25,-63.5,22.04,-1.441,entry,200.0
2020-12-23 15:54:00,2020-12-23 15:59:00,SHORT,1,12670.5,12650.0,41.0,22.63,0.906,entry,5.0
2020-12-24 09:39:00,2020-12-24 10:04:00,LONG,1,12704.0,12696.75,-14.5,20.1,-0.361,entry,25.0
2020-12-24 10:25:00,2020-12-24 10:53:00,LONG,1,12719.0,12703.0,-32.0,17.95,-0.892,entry,28.0
2020-12-24 10:59:00,2020-12-24 12:49:00,SHORT,1,12680.0,12697.75,-35.5,23.11,-0.768,entry,110.0
2020-12-28 10:05:00,2020-12-28 10:36:00,SHORT,1,12778.5,12786.75,-16.5,21.14,-0.39,entry,31.0
2020-12-28 10:51:00,2020-12-28 15:59:00,LONG,1,12805.0,12833.75,57.5,17.75,1.62,entry,308.0
2020-12-29 09:55:00,2020-12-29 10:38:00,SHORT,1,12875.75,12873.75,4.0,25.07,0.08,entry,43.0
2020-12-29 11:15:00,2020-12-29 11:29:00,SHORT,1,12852.75,12873.5,-41.5,18.33,-1.132,entry,14.0
2020-12-29 11:54:00,2020-12-29 13:53:00,SHORT,1,12852.75,12861.5,-17.5,17.56,-0.498,entry,119.0
2020-12-29 14:11:00,2020-12-29 15:23:00,SHORT,1,12843.25,12859.5,-32.5,17.89,-0.908,entry,72.0
2020-12-29 15:47:00,2020-12-29 15:59:00,SHORT,1,12841.5,12846.75,-10.5,16.72,-0.314,entry,12.0
2020-12-30 09:34:00,2020-12-30 11:17:00,SHORT,1,12874.0,12859.0,30.0,17.95,0.836,entry,103.0
2020-12-30 15:01:00,2020-12-30 15:59:00,SHORT,1,12840.25,12842.75,-5.0,18.55,-0.135,entry,58.0
2020-12-31 11:46:00,2020-12-31 14:16:00,SHORT,1,12825.0,12833.0,-16.0,16.06,-0.498,entry,150.0
2020-12-31 15:08:00,2020-12-31 15:59:00,LONG,1,12852.25,12869.75,35.0,19.44,0.9,entry,51.0
2021-01-04 09:36:00,2021-01-04 09:45:00,SHORT,1,12882.75,12900.75,-36.0,25.66,-0.701,entry,9.0
2021-01-04 09:52:00,2021-01-04 09:55:00,SHORT,1,12872.25,12899.5,-54.5,21.33,-1.278,entry,3.0
2021-01-04 10:04:00,2021-01-04 15:59:00,SHORT,1,12873.75,12688.0,371.5,17.74,10.472,entry,355.0
2021-01-05 09:35:00,2021-01-05 10:19:00,LONG,1,12702.75,12731.5,57.5,20.49,1.403,entry,44.0
2021-01-05 10:53:00,2021-01-05 10:57:00,LONG,1,12754.5,12728.5,-52.0,20.5,-1.268,entry,4.0
2021-01-05 10:59:00,2021-01-05 11:29:00,SHORT,1,12714.25,12731.0,-33.5,19.72,-0.849,entry,30.0
2021-01-05 12:15:00,2021-01-05 13:00:00,SHORT,1,12712.0,12732.5,-41.0,18.63,-1.1,entry,45.0
2021-01-05 13:45:00,2021-01-05 15:59:00,LONG,1,12752.5,12791.5,78.0,23.09,1.689,entry,134.0
2021-01-06 09:32:00,2021-01-06 09:35:00,SHORT,1,12572.25,12588.5,-32.5,25.14,-0.646,entry,3.0
2021-01-06 09:37:00,2021-01-06 09:40:00,LONG,1,12622.0,12590.75,-62.5,31.46,-0.993,entry,3.0
2021-01-06 09:42:00,2021-01-06 14:25:00,LONG,1,12620.0,12705.0,170.0,24.8,3.427,entry,283.0
2021-01-06 14:27:00,2021-01-06 14:31:00,SHORT,1,12692.0,12721.25,-58.5,17.91,-1.633,entry,4.0
2021-01-06 14:37:00,2021-01-06 15:59:00,SHORT,1,12680.75,12618.5,124.5,28.74,2.166,entry,82.0
2021-01-07 09:32:00,2021-01-07 15:59:00,LONG,1,12766.5,12925.5,318.0,19.89,7.995,entry,387.0
2021-01-08 09:32:00,2021-01-08 09:33:00,SHORT,1,12996.5,13015.5,-38.0,21.21,-0.896,entry,1.0
2021-01-08 09:41:00,2021-01-08 09:46:00,LONG,1,13045.5,13024.0,-43.0,24.14,-0.891,entry,5.0
2021-01-08 09:47:00,2021-01-08 09:53:00,SHORT,1,12996.5,13024.75,-56.5,27.07,-1.044,entry,6.0
2021-01-08 10:03:00,2021-01-08 10:21:00,LONG,1,13042.0,13022.0,-40.0,20.65,-0.969,entry,18.0
2021-01-08 10:24:00,2021-01-08 10:42:00,SHORT,1,13004.25,13024.0,-39.5,20.53,-0.962,entry,18.0
2021-01-08 10:49:00,2021-01-08 11:16:00,LONG,1,13036.25,13013.75,-45.0,22.16,-1.015,entry,27.0
2021-01-08 12:09:00,2021-01-08 13:01:00,LONG,1,13037.25,13018.25,-38.0,19.51,-0.974,entry,52.0
2021-01-08 13:12:00,2021-01-08 13:16:00,LONG,1,13041.0,13019.75,-42.5,19.1,-1.112,entry,4.0
2021-01-08 13:19:00,2021-01-08 14:10:00,SHORT,1,13003.0,13018.5,-31.0,18.85,-0.822,entry,51.0
2021-01-08 14:50:00,2021-01-08 15:59:00,LONG,1,13036.0,13092.0,112.0,23.61,2.372,entry,69.0
2021-01-11 09:33:00,2021-01-11 09:41:00,SHORT,1,12934.75,12947.5,-25.5,23.23,-0.549,entry,8.0
2021-01-11 09:49:00,2021-01-11 09:54:00,SHORT,1,12912.75,12932.75,-40.0,19.74,-1.013,entry,5.0
2021-01-11 09:56:00,2021-01-11 11:11:00,LONG,1,12957.25,12948.25,-18.0,26.26,-0.343,entry,75.0
2021-01-11 11:24:00,2021-01-11 13:40:00,LONG,1,12978.5,12960.75,-35.5,26.83,-0.662,entry,136.0
2021-01-11 14:01:00,2021-01-11 15:59:00,SHORT,1,12942.5,12896.25,92.5,18.61,2.485,entry,118.0
2021-01-12 09:46:00,2021-01-12 10:18:00,SHORT,1,12904.5,12904.25,0.5,20.51,0.012,entry,32.0
2021-01-12 11:00:00,2021-01-12 11:04:00,SHORT,1,12878.5,12899.25,-41.5,19.44,-1.067,entry,4.0
2021-01-12 11:15:00,2021-01-12 11:30:00,LONG,1,12925.75,12889.5,-72.5,27.23,-1.331,entry,15.0
2021-01-12 11:47:00,2021-01-12 13:29:00,SHORT,1,12872.5,12874.75,-4.5,26.35,-0.085,entry,102.0
2021-01-12 13:33:00,2021-01-12 14:45:00,LONG,1,12895.5,12866.25,-58.5,23.66,-1.236,entry,72.0
2021-01-12 15:22:00,2021-01-12 15:30:00,LONG,1,12893.75,12873.75,-40.0,19.65,-1.018,entry,8.0
2021-01-12 15:47:00,2021-01-12 15:59:00,LONG,1,12896.5,12882.5,-28.0,22.09,-0.634,entry,12.0
2021-01-13 09:39:00,2021-01-13 09:46:00,SHORT,1,12875.0,12894.75,-39.5,23.48,-0.841,entry,7.0
2021-01-13 09:50:00,2021-01-13 10:01:00,LONG,1,12920.0,12894.75,-50.5,25.62,-0.985,entry,11.0
2021-01-13 10:04:00,2021-01-13 10:10:00,SHORT,1,12872.5,12911.5,-78.0,30.98,-1.259,entry,6.0
2021-01-13 10:25:00,2021-01-13 15:59:00,LONG,1,12923.0,12967.75,89.5,19.19,2.332,entry,334.0
2021-01-14 10:41:00,2021-01-14 11:19:00,LONG,1,13016.5,12997.0,-39.0,23.08,-0.845,entry,38.0
2021-01-14 11:38:00,2021-01-14 15:59:00,SHORT,1,12978.0,12897.5,161.0,19.86,4.053,entry,261.0
2021-01-15 09:55:00,2021-01-15 11:24:00,SHORT,1,12891.75,12838.25,107.0,20.01,2.674,entry,89.0
2021-01-15 11:28:00,2021-01-15 11:55:00,LONG,1,12854.75,12838.5,-32.5,18.42,-0.882,entry,27.0
2021-01-15 13:14:00,2021-01-15 14:26:00,LONG,1,12857.5,12839.25,-36.5,18.33,-0.996,entry,72.0
2021-01-15 15:05:00,2021-01-15 15:15:00,SHORT,1,12815.5,12845.75,-60.5,27.26,-1.11,entry,10.0
2021-01-15 15:29:00,2021-01-15 15:59:00,SHORT,1,12823.5,12798.75,49.5,18.67,1.326,entry,30.0
2021-01-19 09:47:00,2021-01-19 10:05:00,SHORT,1,12882.25,12899.75,-35.0,26.29,-0.666,entry,18.0
2021-01-19 10:20:00,2021-01-19 10:45:00,SHORT,1,12873.75,12892.75,-38.0,21.52,-0.883,entry,25.0
2021-01-19 11:13:00,2021-01-19 11:45:00,SHORT,1,12868.25,12888.25,-40.0,22.58,-0.886,entry,32.0
2021-01-19 12:02:00,2021-01-19 15:59:00,LONG,1,12909.5,12985.0,151.0,21.25,3.553,entry,237.0
2021-01-20 09:35:00,2021-01-20 15:59:00,LONG,1,13164.0,13285.5,243.0,25.07,4.847,entry,384.0
2021-01-21 09:34:00,2021-01-21 09:35:00,SHORT,1,13298.5,13320.5,-44.0,19.01,-1.157,entry,1.0
2021-01-21 09:41:00,2021-01-21 09:45:00,SHORT,1,13287.75,13312.0,-48.5,26.15,-0.927,entry,4.0
2021-01-21 10:10:00,2021-01-21 12:12:00,LONG,1,13345.25,13344.0,-2.5,29.47,-0.042,entry,122.0
2021-01-21 12:15:00,2021-01-21 12:38:00,SHORT,1,13326.5,13345.75,-38.5,19.82,-0.971,entry,23.0
2021-01-21 13:01:00,2021-01-21 15:59:00,LONG,1,13364.75,13397.25,65.0,19.35,1.68,entry,178.0
2021-01-22 09:45:00,2021-01-22 10:22:00,LONG,1,13370.75,13366.5,-8.5,21.18,-0.201,entry,37.0
2021-01-22 10:28:00,2021-01-22 11:03:00,SHORT,1,13339.75,13360.0,-40.5,26.33,-0.769,entry,35.0
2021-01-22 11:35:00,2021-01-22 11:47:00,SHORT,1,13339.75,13360.5,-41.5,19.2,-1.081,entry,12.0
2021-01-22 14:54:00,2021-01-22 15:59:00,LONG,1,13379.5,13355.25,-48.5,18.6,-1.304,entry,65.0
2021-01-25 09:34:00,2021-01-25 09:47:00,LONG,1,13535.25,13530.25,-10.0,19.06,-0.262,entry,13.0
2021-01-25 10:27:00,2021-01-25 12:53:00,SHORT,1,13510.75,13415.0,191.5,20.51,4.669,entry,146.0
2021-01-25 13:10:00,2021-01-25 14:10:00,LONG,1,13441.25,13413.0,-56.5,29.8,-0.948,entry,60.0
2021-01-25 14:29:00,2021-01-25 15:11:00,LONG,1,13432.25,13412.25,-40.0,18.47,-1.083,entry,42.0
2021-01-25 15:13:00,2021-01-25 15:42:00,SHORT,1,13393.75,13423.5,-59.5,21.2,-1.403,entry,29.0
2021-01-25 15:44:00,2021-01-25 15:59:00,LONG,1,13436.5,13474.5,76.0,22.14,1.717,entry,15.0
2021-01-26 09:37:00,2021-01-26 09:55:00,SHORT,1,13474.5,13470.25,8.5,19.23,0.221,entry,18.0
2021-01-26 10:03:00,2021-01-26 10:10:00,LONG,1,13496.75,13469.75,-54.0,25.76,-1.048,entry,7.0
2021-01-26 10:19:00,2021-01-26 10:25:00,SHORT,1,13451.0,13479.25,-56.5,21.3,-1.326,entry,6.0
2021-01-26 10:33:00,2021-01-26 11:14:00,LONG,1,13493.0,13482.5,-21.0,20.23,-0.519,entry,41.0
2021-01-26 11:21:00,2021-01-26 11:29:00,LONG,1,13504.0,13482.5,-43.0,20.53,-1.047,entry,8.0
2021-01-26 11:49:00,2021-01-26 12:13:00,SHORT,1,13462.75,13487.0,-48.5,20.59,-1.178,entry,24.0
2021-01-26 13:33:00,2021-01-26 14:53:00,LONG,1,13503.75,13483.25,-41.0,21.02,-0.975,entry,80.0
2021-01-26 15:19:00,2021-01-26 15:41:00,LONG,1,13504.0,13485.5,-37.0,18.87,-0.98,entry,22.0
2021-01-27 09:30:00,2021-01-27 09:56:00,SHORT,1,13321.25,13262.5,117.5,22.08,2.66,entry,26.0
2021-01-27 09:57:00,2021-01-27 11:21:00,LONG,1,13276.5,13292.25,31.5,26.32,0.598,entry,84.0
2021-01-27 11:32:00,2021-01-27 12:16:00,SHORT,1,13267.5,13290.0,-45.0,29.48,-0.763,entry,44.0
2021-01-27 12:27:00,2021-01-27 12:32:00,LONG,1,13310.25,13279.25,-62.0,23.05,-1.345,entry,5.0
2021-01-27 12:35:00,2021-01-27 12:39:00,SHORT,1,13268.75,13292.75,-48.0,18.5,-1.298,entry,4.0
2021-01-27 12:40:00,2021-01-27 13:11:00,LONG,1,13306.5,13286.5,-40.0,19.34,-1.034,entry,31.0
2021-01-27 13:27:00,2021-01-27 13:33:00,LONG,1,13307.0,13286.25,-41.5,18.23,-1.138,entry,6.0
2021-01-27 13:44:00,2021-01-27 13:56:00,SHORT,1,13266.0,13289.0,-46.0,22.86,-1.006,entry,12.0
2021-01-27 13:59:00,2021-01-27 14:03:00,SHORT,1,13268.25,13302.75,-69.0,20.33,-1.697,entry,4.0
2021-01-27 14:17:00,2021-01-27 15:59:00,SHORT,1,13259.5,13119.75,279.5,28.97,4.823,entry,102.0
2021-01-28 09:39:00,2021-01-28 09:42:00,SHORT,1,13137.0,13193.25,-112.5,29.42,-1.912,entry,3.0
2021-01-28 09:42:00,2021-01-28 09:58:00,LONG,1,13193.25,13180.0,-26.5,29.62,-0.447,reverse,16.0
2021-01-28 10:01:00,2021-01-28 10:42:00,LONG,1,13217.75,13210.25,-15.0,28.49,-0.263,entry,41.0
2021-01-28 10:45:00,2021-01-28 15:18:00,LONG,1,13259.0,13279.25,40.5,45.46,0.445,entry,273.0
2021-01-28 15:29:00,2021-01-28 15:59:00,SHORT,1,13258.25,13185.75,145.0,21.48,3.375,entry,30.0
2021-01-29 09:36:00,2021-01-29 09:51:00,SHORT,1,13073.0,13065.25,15.5,30.23,0.256,entry,15.0
2021-01-29 09:55:00,2021-01-29 10:05:00,LONG,1,13087.5,13059.0,-57.0,25.65,-1.111,entry,10.0
2021-01-29 10:06:00,2021-01-29 10:09:00,SHORT,1,13029.25,13074.25,-90.0,34.67,-1.298,entry,3.0
2021-01-29 10:10:00,2021-01-29 10:43:00,LONG,1,13100.0,13077.25,-45.5,35.3,-0.644,entry,33.0
2021-01-29 10:44:00,2021-01-29 10:47:00,SHORT,1,13060.0,13081.25,-42.5,21.02,-1.011,entry,3.0
2021-01-29 10:57:00,2021-01-29 11:03:00,LONG,1,13105.5,13078.0,-55.0,24.17,-1.138,entry,6.0
2021-01-29 11:10:00,2021-01-29 15:12:00,SHORT,1,13045.5,13004.75,81.5,35.91,1.135,entry,242.0
2021-01-29 15:21:00,2021-01-29 15:26:00,LONG,1,13015.5,12982.5,-66.0,25.86,-1.276,entry,5.0
2021-01-29 15:32:00,2021-01-29 15:37:00,LONG,1,13017.0,12968.25,-97.5,27.23,-1.79,entry,5.0
2021-01-29 15:37:00,2021-01-29 15:59:00,SHORT,1,12968.25,12913.75,109.0,21.64,2.519,reverse,22.0
2021-02-01 09:45:00,2021-02-01 10:14:00,SHORT,1,13046.25,13042.75,7.0,28.09,0.125,entry,29.0
2021-02-01 10:22:00,2021-02-01 11:02:00,LONG,1,13065.25,13050.5,-29.5,25.32,-0.583,entry,40.0
2021-02-01 11:06:00,2021-02-01 15:59:00,LONG,1,13087.0,13230.5,287.0,30.07,4.773,entry,293.0
2021-02-02 09:38:00,2021-02-02 09:52:00,LONG,1,13398.75,13382.75,-32.0,26.26,-0.609,entry,14.0
2021-02-02 10:17:00,2021-02-02 10:29:00,LONG,1,13422.0,13383.75,-76.5,33.98,-1.126,entry,12.0
2021-02-02 10:55:00,2021-02-02 15:59:00,LONG,1,13419.0,13448.5,59.0,23.12,1.276,entry,304.0
2021-02-03 09:32:00,2021-02-03 09:34:00,SHORT,1,13478.0,13513.0,-70.0,26.29,-1.331,entry,2.0
2021-02-03 09:38:00,2021-02-03 09:54:00,SHORT,1,13476.75,13494.0,-34.5,23.73,-0.727,entry,16.0
2021-02-03 09:58:00,2021-02-03 10:07:00,LONG,1,13520.5,13486.75,-67.5,26.33,-1.282,entry,9.0
2021-02-03 10:10:00,2021-02-03 11:55:00,SHORT,1,13459.75,13464.25,-9.0,36.83,-0.122,entry,105.0
2021-02-03 12:40:00,2021-02-03 14:52:00,LONG,1,13487.0,13464.75,-44.5,26.06,-0.854,entry,132.0
2021-02-03 15:03:00,2021-02-03 15:59:00,SHORT,1,13439.5,13388.75,101.5,25.48,1.991,entry,56.0
2021-02-04 10:02:00,2021-02-04 10:14:00,SHORT,1,13404.0,13435.0,-62.0,33.2,-0.934,entry,12.0
2021-02-04 10:36:00,2021-02-04 10:51:00,SHORT,1,13407.0,13438.0,-62.0,24.95,-1.243,entry,15.0
2021-02-04 11:49:00,2021-02-04 15:59:00,LONG,1,13459.75,13550.5,181.5,26.48,3.428,entry,250.0
2021-02-05 09:55:00,2021-02-05 10:48:00,SHORT,1,13542.0,13554.0,-24.0,23.39,-0.513,entry,53.0
2021-02-05 11:47:00,2021-02-05 15:29:00,LONG,1,13577.0,13570.75,-12.5,22.23,-0.281,entry,222.0
2021-02-05 15:58:00,2021-02-05 15:59:00,LONG,1,13600.75,13596.5,-8.5,24.89,-0.171,entry,1.0
2021-02-08 10:06:00,2021-02-08 10:22:00,LONG,1,13678.5,13654.25,-48.5,21.7,-1.118,entry,16.0
2021-02-08 11:28:00,2021-02-08 13:36:00,SHORT,1,13635.75,13649.25,-27.0,22.91,-0.589,entry,128.0
2021-02-08 13:53:00,2021-02-08 15:11:00,SHORT,1,13624.5,13648.25,-47.5,23.82,-0.997,entry,78.0
2021-02-08 15:54:00,2021-02-08 15:59:00,LONG,1,13670.0,13684.75,29.5,23.27,0.634,entry,5.0
2021-02-09 09:56:00,2021-02-09 11:09:00,LONG,1,13697.0,13697.5,1.0,22.86,0.022,entry,73.0
2021-02-09 11:17:00,2021-02-09 11:36:00,SHORT,1,13673.75,13696.0,-44.5,23.75,-0.937,entry,19.0
2021-02-09 13:28:00,2021-02-09 14:26:00,SHORT,1,13673.75,13696.0,-44.5,20.91,-1.064,entry,58.0
2021-02-09 15:52:00,2021-02-09 15:59:00,SHORT,1,13671.25,13680.5,-18.5,22.62,-0.409,entry,7.0
2021-02-10 10:12:00,2021-02-10 11:55:00,SHORT,1,13713.25,13639.75,147.0,20.21,3.638,entry,103.0
2021-02-10 11:59:00,2021-02-10 13:05:00,SHORT,1,13613.75,13638.25,-49.0,25.67,-0.955,entry,66.0
2021-02-10 13:50:00,2021-02-10 14:01:00,SHORT,1,13610.75,13635.75,-50.0,24.28,-1.03,entry,11.0
2021-02-10 14:26:00,2021-02-10 15:39:00,LONG,1,13654.75,13633.25,-43.0,19.96,-1.077,entry,73.0
2021-02-11 09:51:00,2021-02-11 10:15:00,SHORT,1,13684.0,13711.0,-54.0,35.25,-0.766,entry,24.0
2021-02-11 10:33:00,2021-02-11 10:39:00,SHORT,1,13686.0,13711.0,-50.0,22.93,-1.09,entry,6.0
2021-02-11 10:48:00,2021-02-11 10:59:00,LONG,1,13735.5,13709.0,-53.0,25.81,-1.027,entry,11.0
2021-02-11 11:33:00,2021-02-11 11:57:00,LONG,1,13733.75,13713.5,-40.5,20.96,-0.966,entry,24.0
2021-02-11 12:18:00,2021-02-11 13:24:00,SHORT,1,13689.5,13704.25,-29.5,25.1,-0.588,entry,66.0
2021-02-11 14:01:00,2021-02-11 15:07:00,SHORT,1,13676.75,13697.0,-40.5,24.25,-0.835,entry,66.0
2021-02-11 15:48:00,2021-02-11 15:59:00,LONG,1,13718.0,13725.75,15.5,20.68,0.375,entry,11.0
2021-02-12 09:44:00,2021-02-12 10:19:00,LONG,1,13695.75,13685.75,-20.0,20.48,-0.488,entry,35.0
2021-02-12 10:38:00,2021-02-12 15:59:00,LONG,1,13711.75,13804.0,184.5,24.73,3.731,entry,321.0
2021-02-16 09:37:00,2021-02-16 09:41:00,SHORT,1,13816.5,13839.75,-46.5,19.96,-1.165,entry,4.0
2021-02-16 09:44:00,2021-02-16 10:01:00,LONG,1,13855.75,13843.25,-25.0,19.7,-0.635,entry,17.0
2021-02-16 10:16:00,2021-02-16 10:19:00,SHORT,1,13822.75,13845.0,-44.5,20.79,-1.07,entry,3.0
2021-02-16 10:29:00,2021-02-16 10:52:00,LONG,1,13864.25,13840.25,-48.0,20.16,-1.19,entry,23.0
2021-02-16 10:54:00,2021-02-16 15:59:00,SHORT,1,13819.5,13764.5,110.0,27.68,1.987,entry,305.0
2021-02-17 09:35:00,2021-02-17 09:36:00,LONG,1,13662.5,13635.25,-54.5,21.86,-1.247,entry,1.0
2021-02-17 09:37:00,2021-02-17 09:39:00,SHORT,1,13616.25,13645.25,-58.0,23.14,-1.253,entry,2.0
2021-02-17 09:41:00,2021-02-17 10:04:00,LONG,1,13660.25,13653.75,-13.0,20.95,-0.31,entry,23.0
2021-02-17 10:06:00,2021-02-17 10:08:00,SHORT,1,13636.25,13657.5,-42.5,18.74,-1.134,entry,2.0
2021-02-17 10:12:00,2021-02-17 10:50:00,SHORT,1,13635.75,13635.5,0.5,18.78,0.013,entry,38.0
2021-02-17 11:05:00,2021-02-17 12:29:00,SHORT,1,13614.0,13618.5,-9.0,20.93,-0.215,entry,84.0
2021-02-17 12:47:00,2021-02-17 15:59:00,LONG,1,13638.0,13699.5,123.0,19.44,3.163,entry,192.0
2021-02-18 09:36:00,2021-02-18 09:39:00,LONG,1,13563.75,13544.0,-39.5,18.63,-1.06,entry,3.0
2021-02-18 09:43:00,2021-02-18 10:04:00,LONG,1,13565.25,13544.75,-41.0,18.7,-1.096,entry,21.0
2021-02-18 10:05:00,2021-02-18 10:50:00,SHORT,1,13524.25,13528.5,-8.5,29.26,-0.145,entry,45.0
2021-02-18 11:15:00,2021-02-18 11:39:00,LONG,1,13562.5,13529.0,-67.0,34.39,-0.974,entry,24.0
2021-02-18 12:03:00,2021-02-18 12:18:00,SHORT,1,13511.25,13533.0,-43.5,19.85,-1.096,entry,15.0
2021-02-18 12:23:00,2021-02-18 15:59:00,LONG,1,13552.0,13637.75,171.5,21.68,3.956,entry,216.0
2021-02-19 09:48:00,2021-02-19 09:56:00,SHORT,1,13644.75,13668.75,-48.0,24.12,-0.995,entry,8.0
2021-02-19 10:11:00,2021-02-19 10:25:00,SHORT,1,13637.0,13663.5,-53.0,29.03,-0.913,entry,14.0
2021-02-19 11:01:00,2021-02-19 11:59:00,LONG,1,13682.5,13664.0,-37.0,19.72,-0.938,entry,58.0
2021-02-19 12:12:00,2021-02-19 15:59:00,SHORT,1,13645.75,13578.25,135.0,21.83,3.092,entry,227.0
2021-02-22 09:33:00,2021-02-22 09:36:00,SHORT,1,13379.0,13395.25,-32.5,20.46,-0.794,entry,3.0
2021-02-22 09:37:00,2021-02-22 09:41:00,LONG,1,13410.75,13377.75,-66.0,19.05,-1.732,entry,4.0
2021-02-22 09:47:00,2021-02-22 10:10:00,LONG,1,13423.5,13408.0,-31.0,27.1,-0.572,entry,23.0
2021-02-22 10:12:00,2021-02-22 10:15:00,LONG,1,13429.75,13390.5,-78.5,21.08,-1.862,entry,3.0
2021-02-22 10:16:00,2021-02-22 13:28:00,SHORT,1,13387.25,13356.0,62.5,21.17,1.476,entry,192.0
2021-02-22 13:35:00,2021-02-22 14:14:00,LONG,1,13369.5,13351.5,-36.0,18.84,-0.955,entry,39.0
2021-02-22 14:53:00,2021-02-22 15:59:00,SHORT,1,13332.0,13227.0,210.0,19.45,5.398,entry,66.0
2021-02-23 09:33:00,2021-02-23 09:55:00,SHORT,1,12965.25,12877.25,176.0,22.89,3.844,entry,22.0
2021-02-23 10:01:00,2021-02-23 12:00:00,LONG,1,12903.75,12957.75,108.0,28.71,1.881,entry,119.0
2021-02-23 12:08:00,2021-02-23 12:17:00,SHORT,1,12932.0,12961.25,-58.5,25.91,-1.129,entry,9.0
2021-02-23 12:19:00,2021-02-23 12:35:00,LONG,1,12982.25,12954.5,-55.5,24.9,-1.114,entry,16.0
2021-02-23 12:37:00,2021-02-23 13:11:00,SHORT,1,12935.0,12977.5,-85.0,23.69,-1.794,entry,34.0
2021-02-23 13:11:00,2021-02-23 15:59:00,LONG,1,12977.5,13188.0,421.0,22.05,9.546,reverse,168.0
2021-02-24 09:35:00,2021-02-24 09:39:00,SHORT,1,13053.5,13077.25,-47.5,29.11,-0.816,entry,4.0
2021-02-24 09:40:00,2021-02-24 09:46:00,SHORT,1,13031.0,13068.75,-75.5,32.02,-1.179,entry,6.0
2021-02-24 09:47:00,2021-02-24 09:51:00,LONG,1,13096.25,13054.75,-83.0,37.26,-1.114,entry,4.0
2021-02-24 09:54:00,2021-02-24 10:23:00,SHORT,1,13036.5,13063.75,-54.5,23.87,-1.141,entry,29.0
2021-02-24 10:23:00,2021-02-24 15:59:00,LONG,1,13063.75,13295.25,463.0,25.75,8.991,reverse,336.0
2021-02-25 09:33:00,2021-02-25 09:44:00,LONG,1,13246.25,13249.25,6.0,30.34,0.099,entry,11.0
2021-02-25 09:59:00,2021-02-25 15:59:00,SHORT,1,13219.75,12826.25,787.0,27.71,14.199,entry,360.0
2021-02-26 09:38:00,2021-02-26 09:42:00,LONG,1,12991.75,12968.75,-46.0,26.77,-0.859,entry,4.0
2021-02-26 09:48:00,2021-02-26 10:42:00,SHORT,1,12946.75,12903.0,87.5,28.89,1.515,entry,54.0
2021-02-26 10:45:00,2021-02-26 11:23:00,LONG,1,12918.75,12900.5,-36.5,32.3,-0.565,entry,38.0
2021-02-26 11:27:00,2021-02-26 14:04:00,LONG,1,12929.25,12936.5,14.5,28.2,0.257,entry,157.0
2021-02-26 14:20:00,2021-02-26 14:28:00,SHORT,1,12916.25,12954.5,-76.5,28.11,-1.361,entry,8.0
2021-02-26 14:31:00,2021-02-26 15:55:00,LONG,1,12977.75,12951.25,-53.0,33.39,-0.794,entry,84.0
2021-03-01 09:36:00,2021-03-01 09:44:00,SHORT,1,13047.75,13079.25,-63.0,38.36,-0.821,entry,8.0
2021-03-01 09:50:00,2021-03-01 09:53:00,SHORT,1,13047.0,13088.0,-82.0,29.06,-1.411,entry,3.0
2021-03-01 10:01:00,2021-03-01 10:06:00,LONG,1,13110.25,13080.0,-60.5,31.19,-0.97,entry,5.0
2021-03-01 10:17:00,2021-03-01 15:59:00,LONG,1,13117.75,13274.25,313.0,33.36,4.692,entry,342.0
2021-03-02 09:36:00,2021-03-02 09:58:00,SHORT,1,13237.75,13228.75,18.0,29.04,0.31,entry,22.0
2021-03-02 10:25:00,2021-03-02 12:39:00,SHORT,1,13187.25,13183.5,7.5,37.86,0.099,entry,134.0
2021-03-02 14:12:00,2021-03-02 15:11:00,SHORT,1,13152.25,13184.25,-64.0,31.59,-1.013,entry,59.0
2021-03-02 15:15:00,2021-03-02 15:59:00,SHORT,1,13145.75,13058.25,175.0,34.89,2.508,entry,44.0
2021-03-03 09:36:00,2021-03-03 10:58:00,SHORT,1,12999.25,12911.25,176.0,28.99,3.036,entry,82.0
2021-03-03 11:07:00,2021-03-03 11:15:00,LONG,1,12939.75,12906.5,-66.5,28.79,-1.155,entry,8.0
2021-03-03 11:19:00,2021-03-03 11:42:00,LONG,1,12941.0,12911.5,-59.0,29.08,-1.014,entry,23.0
2021-03-03 12:06:00,2021-03-03 15:59:00,SHORT,1,12882.75,12680.75,404.0,31.8,6.353,entry,233.0
2021-03-04 09:32:00,2021-03-04 09:43:00,LONG,1,12736.5,12719.25,-34.5,38.56,-0.447,entry,11.0
2021-03-04 09:45:00,2021-03-04 10:33:00,SHORT,1,12699.0,12617.75,162.5,29.57,2.748,entry,48.0
2021-03-04 10:36:00,2021-03-04 12:21:00,LONG,1,12659.0,12647.0,-24.0,40.36,-0.297,entry,105.0
2021-03-04 12:22:00,2021-03-04 15:59:00,SHORT,1,12640.75,12471.25,339.0,32.04,5.29,entry,217.0
2021-03-05 09:34:00,2021-03-05 09:47:00,SHORT,1,12521.5,12512.5,18.0,34.52,0.261,entry,13.0
2021-03-05 09:49:00,2021-03-05 10:06:00,SHORT,1,12440.5,12478.25,-75.5,66.64,-0.566,entry,17.0
2021-03-05 10:11:00,2021-03-05 12:17:00,SHORT,1,12436.75,12379.0,115.5,31.84,1.814,entry,126.0
2021-03-05 12:22:00,2021-03-05 15:59:00,LONG,1,12408.75,12661.5,505.5,33.94,7.446,entry,217.0
2021-03-08 09:34:00,2021-03-08 09:39:00,SHORT,1,12542.0,12593.0,-102.0,46.62,-1.094,entry,5.0
2021-03-08 09:40:00,2021-03-08 09:50:00,LONG,1,12627.25,12607.5,-39.5,48.53,-0.407,entry,10.0
2021-03-08 09:55:00,2021-03-08 09:56:00,LONG,1,12643.0,12585.5,-115.0,31.9,-1.802,entry,1.0
2021-03-08 09:57:00,2021-03-08 10:07:00,SHORT,1,12565.75,12633.25,-135.0,43.52,-1.551,entry,10.0
2021-03-08 10:09:00,2021-03-08 10:52:00,LONG,1,12645.25,12620.0,-50.5,41.32,-0.611,entry,43.0
2021-03-08 11:00:00,2021-03-08 11:07:00,LONG,1,12668.25,12626.0,-84.5,39.88,-1.059,entry,7.0
2021-03-08 11:15:00,2021-03-08 11:20:00,SHORT,1,12587.5,12637.5,-100.0,40.69,-1.229,entry,5.0
2021-03-08 11:32:00,2021-03-08 15:59:00,SHORT,1,12595.5,12300.5,590.0,32.2,9.163,entry,267.0
2021-03-09 09:49:00,2021-03-09 15:59:00,LONG,1,12657.75,12787.0,258.5,35.04,3.689,entry,370.0
2021-03-10 09:36:00,2021-03-10 09:45:00,SHORT,1,12902.5,12940.0,-75.0,33.63,-1.115,entry,9.0
2021-03-10 09:50:00,2021-03-10 09:57:00,LONG,1,12970.0,12923.75,-92.5,47.06,-0.983,entry,7.0
2021-03-10 10:01:00,2021-03-10 10:04:00,SHORT,1,12893.75,12928.5,-69.5,34.56,-1.006,entry,3.0
2021-03-10 10:14:00,2021-03-10 14:49:00,SHORT,1,12886.75,12838.75,96.0,39.9,1.203,entry,275.0
2021-03-10 15:04:00,2021-03-10 15:59:00,SHORT,1,12797.0,12752.25,89.5,36.63,1.222,entry,55.0
2021-03-11 09:47:00,2021-03-11 09:59:00,SHORT,1,12935.75,12965.5,-59.5,33.52,-0.888,entry,12.0
2021-03-11 10:18:00,2021-03-11 10:30:00,SHORT,1,12922.5,12976.5,-108.0,45.09,-1.197,entry,12.0
2021-03-11 10:49:00,2021-03-11 15:59:00,LONG,1,13009.25,13046.5,74.5,41.28,0.902,entry,310.0
2021-03-12 09:51:00,2021-03-12 10:10:00,LONG,1,12880.75,12849.25,-63.0,41.04,-0.768,entry,19.0
2021-03-12 10:22:00,2021-03-12 11:23:00,SHORT,1,12818.5,12830.5,-24.0,33.11,-0.362,entry,61.0
2021-03-12 11:45:00,2021-03-12 15:59:00,LONG,1,12865.75,12937.25,143.0,34.4,2.079,entry,254.0
2021-03-15 09:52:00,2021-03-15 10:22:00,LONG,1,12957.0,12928.75,-56.5,39.54,-0.714,entry,30.0
2021-03-15 11:11:00,2021-03-15 11:21:00,LONG,1,12972.25,12933.5,-77.5,34.44,-1.125,entry,10.0
2021-03-15 11:27:00,2021-03-15 12:07:00,SHORT,1,12902.0,12935.5,-67.0,36.09,-0.928,entry,40.0
2021-03-15 13:45:00,2021-03-15 15:59:00,LONG,1,12968.75,13068.25,199.0,34.78,2.861,entry,134.0
2021-03-16 09:48:00,2021-03-16 12:11:00,LONG,1,13213.75,13233.5,39.5,38.97,0.507,entry,143.0
2021-03-16 12:23:00,2021-03-16 13:04:00,SHORT,1,13200.25,13230.75,-61.0,33.28,-0.916,entry,41.0
2021-03-16 13:35:00,2021-03-16 15:59:00,SHORT,1,13189.75,13138.75,102.0,37.88,1.346,entry,144.0
2021-03-17 09:38:00,2021-03-17 09:42:00,SHORT,1,12950.0,12974.25,-48.5,31.47,-0.771,entry,4.0
2021-03-17 09:48:00,2021-03-17 10:42:00,LONG,1,13011.5,13014.75,6.5,33.58,0.097,entry,54.0
2021-03-17 11:03:00,2021-03-17 11:19:00,SHORT,1,12980.5,13017.25,-73.5,32.45,-1.132,entry,16.0
2021-03-17 11:36:00,2021-03-17 12:21:00,SHORT,1,12977.75,13004.75,-54.0,32.37,-0.834,entry,45.0
2021-03-17 12:59:00,2021-03-17 13:18:00,SHORT,1,12962.5,13003.0,-81.0,38.76,-1.045,entry,19.0
2021-03-17 14:00:00,2021-03-17 15:59:00,LONG,1,13078.25,13193.0,229.5,77.3,1.485,entry,119.0
2021-03-18 09:45:00,2021-03-18 09:55:00,SHORT,1,12948.25,12979.0,-61.5,41.01,-0.75,entry,10.0
2021-03-18 10:07:00,2021-03-18 10:28:00,SHORT,1,12938.25,12964.25,-52.0,36.2,-0.718,entry,21.0
2021-03-18 12:12:00,2021-03-18 12:35:00,LONG,1,12994.75,12957.5,-74.5,32.57,-1.144,entry,23.0
2021-03-18 12:52:00,2021-03-18 13:26:00,SHORT,1,12932.25,12965.0,-65.5,31.39,-1.043,entry,34.0
2021-03-18 14:15:00,2021-03-18 15:59:00,SHORT,1,12918.75,12782.0,273.5,39.96,3.423,entry,104.0
2021-03-19 09:40:00,2021-03-19 09:52:00,SHORT,1,12749.0,12780.0,-62.0,53.83,-0.576,entry,12.0
2021-03-19 10:01:00,2021-03-19 10:21:00,SHORT,1,12745.5,12762.25,-33.5,34.13,-0.491,entry,20.0
2021-03-19 10:38:00,2021-03-19 11:25:00,LONG,1,12805.0,12767.75,-74.5,43.6,-0.854,entry,47.0
2021-03-19 11:37:00,2021-03-19 15:59:00,LONG,1,12827.75,12837.5,19.5,47.91,0.204,entry,262.0
2021-03-22 09:53:00,2021-03-22 15:59:00,LONG,1,13008.25,13070.75,125.0,36.55,1.71,entry,366.0
2021-03-23 10:09:00,2021-03-23 10:32:00,LONG,1,13119.0,13084.5,-69.0,33.22,-1.039,entry,23.0
2021-03-23 10:38:00,2021-03-23 10:52:00,SHORT,1,13058.25,13092.25,-68.0,33.38,-1.019,entry,14.0
2021-03-23 10:59:00,2021-03-23 11:53:00,LONG,1,13124.75,13102.25,-45.0,34.17,-0.658,entry,54.0
2021-03-23 13:12:00,2021-03-23 13:33:00,LONG,1,13145.25,13104.0,-82.5,40.94,-1.007,entry,21.0
2021-03-23 13:58:00,2021-03-23 14:23:00,SHORT,1,13071.75,13107.75,-72.0,32.71,-1.101,entry,25.0
2021-03-23 14:55:00,2021-03-23 15:59:00,SHORT,1,13060.25,13005.0,110.5,42.72,1.293,entry,64.0
2021-03-24 09:40:00,2021-03-24 10:46:00,SHORT,1,13001.0,12977.25,47.5,33.61,0.707,entry,66.0
2021-03-24 10:56:00,2021-03-24 11:47:00,LONG,1,13011.5,12985.25,-52.5,34.94,-0.751,entry,51.0
2021-03-24 11:56:00,2021-03-24 15:59:00,SHORT,1,12950.0,12790.0,320.0,36.77,4.352,entry,243.0
2021-03-25 09:36:00,2021-03-25 09:50:00,LONG,1,12763.25,12731.25,-64.0,37.92,-0.844,entry,14.0
2021-03-25 09:52:00,2021-03-25 09:56:00,SHORT,1,12723.5,12764.5,-82.0,31.98,-1.282,entry,4.0
2021-03-25 09:59:00,2021-03-25 10:16:00,LONG,1,12789.0,12771.75,-34.5,32.98,-0.523,entry,17.0
2021-03-25 10:30:00,2021-03-25 12:01:00,SHORT,1,12736.25,12720.75,31.0,35.99,0.431,entry,91.0
2021-03-25 12:25:00,2021-03-25 13:01:00,LONG,1,12757.0,12720.25,-73.5,38.74,-0.949,entry,36.0
2021-03-25 13:14:00,2021-03-25 13:35:00,LONG,1,12774.25,12718.75,-111.0,51.39,-1.08,entry,21.0
2021-03-25 14:00:00,2021-03-25 14:40:00,SHORT,1,12688.5,12723.25,-69.5,35.84,-0.97,entry,40.0
2021-03-25 14:52:00,2021-03-25 15:59:00,LONG,1,12765.5,12772.5,14.0,43.82,0.16,entry,67.0
2021-03-26 10:02:00,2021-03-26 10:16:00,LONG,1,12840.75,12800.75,-80.0,38.23,-1.046,entry,14.0
2021-03-26 10:31:00,2021-03-26 10:58:00,LONG,1,12838.75,12810.0,-57.5,30.24,-0.951,entry,27.0
2021-03-26 11:12:00,2021-03-26 11:39:00,SHORT,1,12780.75,12813.25,-65.0,33.51,-0.97,entry,27.0
2021-03-26 12:34:00,2021-03-26 13:42:00,LONG,1,12843.75,12814.25,-59.0,31.68,-0.931,entry,68.0
2021-03-26 13:49:00,2021-03-26 15:12:00,SHORT,1,12786.25,12811.0,-49.5,31.46,-0.787,entry,83.0
2021-03-26 15:27:00,2021-03-26 15:59:00,LONG,1,12833.25,12962.0,257.5,30.42,4.233,entry,32.0
2021-03-29 09:37:00,2021-03-29 09:43:00,LONG,1,12976.75,12941.25,-71.0,29.99,-1.184,entry,6.0
2021-03-29 09:54:00,2021-03-29 10:38:00,SHORT,1,12894.25,12902.5,-16.5,44.48,-0.185,entry,44.0
2021-03-29 11:00:00,2021-03-29 11:31:00,SHORT,1,12847.75,12883.0,-70.5,39.04,-0.903,entry,31.0
2021-03-29 11:54:00,2021-03-29 12:08:00,LONG,1,12913.0,12869.0,-88.0,31.0,-1.419,entry,14.0
2021-03-29 12:41:00,2021-03-29 14:39:00,LONG,1,12924.75,12898.25,-53.0,42.36,-0.626,entry,118.0
2021-03-29 15:01:00,2021-03-29 15:59:00,LONG,1,12939.0,12956.25,34.5,35.9,0.48,entry,58.0
2021-03-30 10:19:00,2021-03-30 10:33:00,SHORT,1,12795.0,12830.0,-70.0,37.64,-0.93,entry,14.0
2021-03-30 10:43:00,2021-03-30 12:18:00,LONG,1,12861.0,12844.5,-33.0,33.14,-0.498,entry,95.0
2021-03-30 13:27:00,2021-03-30 14:00:00,LONG,1,12877.5,12839.25,-76.5,31.51,-1.214,entry,33.0
2021-03-30 14:42:00,2021-03-30 15:55:00,LONG,1,12877.75,12842.25,-71.0,29.54,-1.202,entry,73.0
2021-03-31 09:40:00,2021-03-31 15:54:00,LONG,1,13008.75,13093.5,169.5,29.26,2.896,entry,374.0
2021-04-01 10:11:00,2021-04-01 10:55:00,LONG,1,13307.75,13286.25,-43.0,28.19,-0.763,entry,44.0
2021-04-05 09:47:00,2021-04-05 15:59:00,LONG,1,13465.5,13581.75,232.5,29.68,3.917,entry,372.0
2021-04-06 10:01:00,2021-04-06 10:32:00,LONG,1,13599.75,13578.5,-42.5,27.87,-0.762,entry,31.0
2021-04-06 10:54:00,2021-04-06 13:04:00,LONG,1,13611.0,13599.25,-23.5,30.11,-0.39,entry,130.0
2021-04-06 13:20:00,2021-04-06 14:04:00,SHORT,1,13569.0,13598.75,-59.5,30.35,-0.98,entry,44.0
2021-04-06 15:50:00,2021-04-06 15:59:00,SHORT,1,13564.0,13571.5,-15.0,31.51,-0.238,entry,9.0
2021-04-07 09:46:00,2021-04-07 11:38:00,LONG,1,13570.25,13579.75,19.0,31.0,0.306,entry,112.0
2021-04-07 14:02:00,2021-04-07 15:27:00,LONG,1,13611.75,13589.0,-45.5,27.31,-0.833,entry,85.0
2021-04-08 10:12:00,2021-04-08 10:35:00,SHORT,1,13701.75,13724.25,-45.0,26.67,-0.844,entry,23.0
2021-04-09 09:56:00,2021-04-09 10:58:00,LONG,1,13716.5,13707.75,-17.5,26.55,-0.33,entry,62.0
2021-04-09 11:34:00,2021-04-09 15:59:00,LONG,1,13742.25,13829.25,174.0,29.55,2.944,entry,265.0
2021-04-12 09:50:00,2021-04-12 10:01:00,SHORT,1,13752.75,13782.0,-58.5,32.42,-0.902,entry,11.0
2021-04-12 10:38:00,2021-04-12 10:53:00,SHORT,1,13754.75,13778.75,-48.0,25.58,-0.938,entry,15.0
2021-04-12 12:32:00,2021-04-12 13:59:00,LONG,1,13805.25,13782.75,-45.0,28.07,-0.802,entry,87.0
2021-04-12 15:44:00,2021-04-12 15:59:00,LONG,1,13812.0,13812.0,0.0,27.44,0.0,entry,15.0
2021-04-13 09:37:00,2021-04-13 10:19:00,LONG,1,13919.25,13916.0,-6.5,28.85,-0.113,entry,42.0
2021-04-13 11:36:00,2021-04-13 12:17:00,SHORT,1,13890.0,13917.0,-54.0,28.33,-0.953,entry,41.0
2021-04-13 13:36:00,2021-04-13 15:59:00,LONG,1,13940.75,13975.5,69.5,24.14,1.44,entry,143.0
2021-04-14 10:26:00,2021-04-14 15:59:00,SHORT,1,13928.25,13808.5,239.5,29.53,4.056,entry,333.0
2021-04-15 10:28:00,2021-04-15 11:29:00,LONG,1,13982.75,13970.75,-24.0,23.56,-0.509,entry,61.0
2021-04-15 12:04:00,2021-04-15 12:22:00,SHORT,1,13945.0,13973.75,-57.5,25.46,-1.129,entry,18.0
2021-04-15 12:36:00,2021-04-15 15:13:00,LONG,1,13995.75,13980.5,-30.5,25.3,-0.603,entry,157.0
2021-04-15 15:36:00,2021-04-15 15:59:00,LONG,1,14008.25,14016.0,15.5,26.7,0.29,entry,23.0
2021-04-16 09:54:00,2021-04-16 10:04:00,SHORT,1,13964.75,13990.0,-50.5,23.49,-1.075,entry,10.0
2021-04-16 10:08:00,2021-04-16 10:34:00,LONG,1,14009.0,13992.0,-34.0,24.18,-0.703,entry,26.0
2021-04-16 12:09:00,2021-04-16 13:53:00,LONG,1,14023.25,14000.75,-45.0,27.15,-0.829,entry,104.0
2021-04-16 14:30:00,2021-04-16 15:59:00,LONG,1,14026.75,14031.25,9.0,24.77,0.182,entry,89.0
2021-04-19 10:03:00,2021-04-19 11:20:00,SHORT,1,13970.0,13943.75,52.5,23.24,1.129,entry,77.0
2021-04-19 11:24:00,2021-04-19 15:59:00,SHORT,1,13917.25,13904.0,26.5,24.81,0.534,entry,275.0
2021-04-20 09:45:00,2021-04-20 10:04:00,LONG,1,13912.75,13876.25,-73.0,27.73,-1.316,entry,19.0
2021-04-20 10:14:00,2021-04-20 15:59:00,SHORT,1,13871.25,13799.5,143.5,22.42,3.201,entry,345.0
2021-04-21 09:39:00,2021-04-21 09:46:00,SHORT,1,13711.5,13742.5,-62.0,31.82,-0.974,entry,7.0
2021-04-21 09:47:00,2021-04-21 15:59:00,LONG,1,13761.25,13918.75,315.0,25.61,6.149,entry,372.0
2021-04-22 09:51:00,2021-04-22 09:58:00,SHORT,1,13861.5,13882.0,-41.0,22.62,-0.906,entry,7.0
2021-04-22 10:25:00,2021-04-22 12:08:00,LONG,1,13904.75,13893.25,-23.0,22.34,-0.515,entry,103.0
2021-04-22 12:24:00,2021-04-22 13:07:00,LONG,1,13921.5,13880.25,-82.5,22.0,-1.875,entry,43.0
2021-04-22 13:07:00,2021-04-22 15:59:00,SHORT,1,13880.25,13750.5,259.5,22.3,5.819,reverse,172.0
2021-04-23 10:03:00,2021-04-23 15:59:00,LONG,1,13839.0,13925.0,172.0,27.49,3.128,entry,356.0
2021-04-26 09:51:00,2021-04-26 09:58:00,SHORT,1,13905.75,13929.25,-47.0,26.06,-0.902,entry,7.0
2021-04-26 10:12:00,2021-04-26 15:59:00,LONG,1,13954.75,14014.0,118.5,22.17,2.672,entry,347.0
2021-04-27 09:44:00,2021-04-27 11:52:00,SHORT,1,13987.75,13964.5,46.5,23.14,1.005,entry,128.0
2021-04-27 14:04:00,2021-04-27 14:23:00,SHORT,1,13940.0,13962.75,-45.5,21.6,-1.053,entry,19.0
2021-04-28 09:47:00,2021-04-28 10:33:00,LONG,1,13936.5,13931.75,-9.5,22.84,-0.208,entry,46.0
2021-04-28 10:47:00,2021-04-28 14:02:00,SHORT,1,13907.25,13936.25,-58.0,29.29,-0.99,entry,195.0
2021-04-28 14:33:00,2021-04-28 14:35:00,SHORT,1,13901.5,13931.75,-60.5,21.32,-1.419,entry,2.0
2021-04-28 14:37:00,2021-04-28 15:11:00,LONG,1,13954.25,13918.75,-71.0,31.12,-1.141,entry,34.0
2021-04-28 15:51:00,2021-04-28 15:59:00,SHORT,1,13904.0,13895.75,16.5,22.84,0.361,entry,8.0
2021-04-29 09:50:00,2021-04-29 14:06:00,SHORT,1,14004.75,13924.0,161.5,20.13,4.012,entry,256.0
2021-04-29 14:22:00,2021-04-29 15:59:00,LONG,1,13944.25,13955.0,21.5,20.23,0.531,entry,97.0
2021-04-30 09:58:00,2021-04-30 10:59:00,LONG,1,13899.5,13898.75,-1.5,23.68,-0.032,entry,61.0
2021-04-30 11:16:00,2021-04-30 11:40:00,SHORT,1,13878.5,13898.0,-39.0,21.57,-0.904,entry,24.0
2021-04-30 12:55:00,2021-04-30 13:09:00,SHORT,1,13873.25,13898.5,-50.5,24.0,-1.052,entry,14.0
2021-04-30 13:43:00,2021-04-30 15:59:00,SHORT,1,13876.0,13861.0,30.0,20.42,0.734,entry,136.0
2021-05-03 09:37:00,2021-05-03 09:50:00,SHORT,1,13867.5,13879.75,-24.5,26.11,-0.469,entry,13.0
2021-05-03 10:06:00,2021-05-03 10:42:00,LONG,1,13900.5,13897.0,-7.0,21.25,-0.165,entry,36.0
2021-05-03 10:51:00,2021-05-03 15:59:00,SHORT,1,13871.75,13790.5,162.5,25.92,3.135,entry,308.0
2021-05-04 09:32:00,2021-05-04 15:35:00,SHORT,1,13633.5,13502.5,262.0,32.71,4.005,entry,363.0
2021-05-04 15:45:00,2021-05-04 15:50:00,SHORT,1,13472.75,13495.0,-44.5,19.65,-1.132,entry,5.0
2021-05-04 15:56:00,2021-05-04 15:59:00,LONG,1,13520.5,13543.25,45.5,27.95,0.814,entry,3.0
2021-05-05 09:35:00,2021-05-05 09:43:00,SHORT,1,13609.75,13638.75,-58.0,30.3,-0.957,entry,8.0
2021-05-05 09:45:00,2021-05-05 09:49:00,LONG,1,13655.75,13625.25,-61.0,23.04,-1.324,entry,4.0
2021-05-05 09:56:00,2021-05-05 10:34:00,SHORT,1,13610.5,13597.5,26.0,21.21,0.613,entry,38.0
2021-05-05 10:42:00,2021-05-05 11:14:00,LONG,1,13619.75,13598.5,-42.5,23.54,-0.903,entry,32.0
2021-05-05 11:52:00,2021-05-05 12:34:00,LONG,1,13624.25,13594.5,-59.5,24.53,-1.213,entry,42.0
2021-05-05 12:39:00,2021-05-05 15:59:00,SHORT,1,13579.0,13494.0,170.0,22.3,3.812,entry,200.0
2021-05-06 09:34:00,2021-05-06 09:37:00,SHORT,1,13431.0,13480.5,-99.0,24.13,-2.051,entry,3.0
2021-05-06 09:37:00,2021-05-06 09:45:00,LONG,1,13480.5,13464.25,-32.5,26.17,-0.621,reverse,8.0
2021-05-06 09:51:00,2021-05-06 09:54:00,LONG,1,13495.5,13462.0,-67.0,24.98,-1.341,entry,3.0
2021-05-06 09:55:00,2021-05-06 10:36:00,SHORT,1,13447.25,13462.5,-30.5,23.37,-0.652,entry,41.0
2021-05-06 10:40:00,2021-05-06 11:02:00,LONG,1,13475.5,13447.75,-55.5,27.72,-1.001,entry,22.0
2021-05-06 11:07:00,2021-05-06 11:23:00,SHORT,1,13423.25,13461.25,-76.0,26.83,-1.416,entry,16.0
2021-05-06 11:24:00,2021-05-06 14:28:00,LONG,1,13470.5,13475.5,10.0,22.51,0.222,entry,184.0
2021-05-06 14:52:00,2021-05-06 15:02:00,LONG,1,13504.5,13479.75,-49.5,21.35,-1.159,entry,10.0
2021-05-06 15:12:00,2021-05-06 15:59:00,LONG,1,13521.0,13596.5,151.0,37.37,2.02,entry,47.0
2021-05-07 09:36:00,2021-05-07 09:40:00,LONG,1,13717.0,13694.5,-45.0,30.73,-0.732,entry,4.0
2021-05-07 09:48:00,2021-05-07 12:28:00,LONG,1,13723.5,13742.25,37.5,24.67,0.76,entry,160.0
2021-05-07 12:39:00,2021-05-07 15:12:00,SHORT,1,13725.75,13739.0,-26.5,22.99,-0.576,entry,153.0
2021-05-07 15:58:00,2021-05-07 15:59:00,SHORT,1,13713.0,13706.5,13.0,22.19,0.293,entry,1.0
2021-05-10 09:33:00,2021-05-10 12:03:00,SHORT,1,13585.25,13521.25,128.0,23.85,2.684,entry,150.0
2021-05-10 12:45:00,2021-05-10 15:59:00,SHORT,1,13499.5,13356.25,286.5,21.56,6.644,entry,194.0
2021-05-11 09:35:00,2021-05-11 10:24:00,LONG,1,13157.0,13200.5,87.0,32.96,1.32,entry,49.0
2021-05-11 10:27:00,2021-05-11 10:49:00,SHORT,1,13176.5,13195.5,-38.0,23.88,-0.796,entry,22.0
2021-05-11 10:52:00,2021-05-11 11:02:00,LONG,1,13214.0,13184.75,-58.5,22.89,-1.278,entry,10.0
2021-05-11 11:14:00,2021-05-11 15:59:00,LONG,1,13222.75,13344.0,242.5,30.64,3.958,entry,285.0
2021-05-12 09:37:00,2021-05-12 09:39:00,LONG,1,13204.0,13172.75,-62.5,32.96,-0.948,entry,2.0
2021-05-12 09:45:00,2021-05-12 09:54:00,LONG,1,13205.5,13173.0,-65.0,31.67,-1.026,entry,9.0
2021-05-12 09:59:00,2021-05-12 15:59:00,SHORT,1,13157.75,12998.5,318.5,23.42,6.8,entry,360.0
2021-05-13 09:39:00,2021-05-13 09:54:00,SHORT,1,13120.0,13146.75,-53.5,27.27,-0.981,entry,15.0
2021-05-13 09:55:00,2021-05-13 11:05:00,LONG,1,13158.5,13156.75,-3.5,25.9,-0.068,entry,70.0
2021-05-13 11:08:00,2021-05-13 12:30:00,SHORT,1,13134.25,13142.75,-17.0,28.71,-0.296,entry,82.0
2021-05-13 12:40:00,2021-05-13 14:13:00,SHORT,1,13114.0,13123.75,-19.5,27.92,-0.349,entry,93.0
2021-05-13 14:36:00,2021-05-13 15:13:00,LONG,1,13145.75,13119.25,-53.0,25.1,-1.056,entry,37.0
2021-05-13 15:30:00,2021-05-13 15:55:00,LONG,1,13149.0,13114.0,-70.0,26.85,-1.303,entry,25.0
2021-05-14 09:43:00,2021-05-14 09:52:00,SHORT,1,13211.0,13239.5,-57.0,25.68,-1.11,entry,9.0
2021-05-14 09:58:00,2021-05-14 10:06:00,LONG,1,13262.0,13239.5,-45.0,25.35,-0.888,entry,8.0
2021-05-14 10:10:00,2021-05-14 15:59:00,LONG,1,13266.25,13384.5,236.5,23.98,4.931,entry,349.0
2021-05-17 09:37:00,2021-05-17 09:51:00,LONG,1,13321.5,13301.75,-39.5,30.37,-0.65,entry,14.0
2021-05-17 10:00:00,2021-05-17 10:18:00,SHORT,1,13273.0,13289.5,-33.0,29.98,-0.55,entry,18.0
2021-05-17 10:38:00,2021-05-17 10:48:00,LONG,1,13317.5,13286.25,-62.5,29.12,-1.073,entry,10.0
2021-05-17 11:08:00,2021-05-17 15:01:00,SHORT,1,13264.25,13265.0,-1.5,25.97,-0.029,entry,233.0
2021-05-17 15:11:00,2021-05-17 15:24:00,LONG,1,13290.25,13259.25,-62.0,27.75,-1.117,entry,13.0
2021-05-17 15:50:00,2021-05-17 15:59:00,LONG,1,13292.0,13305.75,27.5,28.86,0.476,entry,9.0
2021-05-18 09:39:00,2021-05-18 09:44:00,LONG,1,13358.75,13328.75,-60.0,24.87,-1.206,entry,5.0
2021-05-18 10:16:00,2021-05-18 11:32:00,LONG,1,13357.75,13348.25,-19.0,26.8,-0.355,entry,76.0
2021-05-18 14:02:00,2021-05-18 15:59:00,SHORT,1,13325.25,13213.25,224.0,24.77,4.521,entry,117.0
2021-05-19 09:43:00,2021-05-19 10:01:00,LONG,1,13054.5,13028.0,-53.0,37.17,-0.713,entry,18.0
2021-05-19 10:04:00,2021-05-19 10:09:00,SHORT,1,13008.5,13032.0,-47.0,24.1,-0.975,entry,5.0
2021-05-19 10:19:00,2021-05-19 15:59:00,LONG,1,13062.75,13230.5,335.5,29.79,5.63,entry,340.0
2021-05-20 09:36:00,2021-05-20 15:59:00,LONG,1,13347.5,13486.5,278.0,25.63,5.423,entry,383.0
2021-05-21 09:39:00,2021-05-21 09:54:00,SHORT,1,13506.25,13523.75,-35.0,33.15,-0.528,entry,15.0
2021-05-21 10:08:00,2021-05-21 15:59:00,SHORT,1,13498.0,13409.0,178.0,25.02,3.557,entry,351.0
2021-05-24 09:37:00,2021-05-24 15:59:00,LONG,1,13553.0,13637.5,169.0,26.77,3.157,entry,382.0
2021-05-25 09:37:00,2021-05-25 09:41:00,SHORT,1,13679.75,13703.0,-46.5,24.62,-0.944,entry,4.0
2021-05-25 09:51:00,2021-05-25 10:48:00,SHORT,1,13663.25,13675.75,-25.0,31.44,-0.398,entry,57.0
2021-05-25 11:07:00,2021-05-25 13:24:00,SHORT,1,13648.75,13660.75,-24.0,24.75,-0.485,entry,137.0
2021-05-25 14:03:00,2021-05-25 15:59:00,SHORT,1,13629.0,13656.25,-54.5,27.65,-0.986,entry,116.0
2021-05-26 10:02:00,2021-05-26 10:20:00,SHORT,1,13659.75,13680.5,-41.5,24.22,-0.857,entry,18.0
2021-05-26 10:57:00,2021-05-26 11:32:00,LONG,1,13710.25,13683.75,-53.0,24.63,-1.076,entry,35.0
2021-05-26 11:57:00,2021-05-26 13:42:00,LONG,1,13714.0,13694.0,-40.0,23.87,-0.838,entry,105.0
2021-05-27 09:47:00,2021-05-27 10:01:00,SHORT,1,13648.75,13669.75,-42.0,22.3,-0.942,entry,14.0
2021-05-27 10:17:00,2021-05-27 10:51:00,LONG,1,13696.25,13676.75,-39.0,27.15,-0.718,entry,34.0
2021-05-27 11:12:00,2021-05-27 13:37:00,LONG,1,13704.75,13681.5,-46.5,23.76,-0.978,entry,145.0
2021-05-27 14:10:00,2021-05-27 15:59:00,SHORT,1,13663.25,13652.25,22.0,23.88,0.461,entry,109.0
2021-05-28 11:41:00,2021-05-28 13:29:00,LONG,1,13744.0,13723.75,-40.5,25.57,-0.792,entry,108.0
2021-05-28 15:54:00,2021-05-28 15:59:00,SHORT,1,13695.0,13690.5,9.0,29.92,0.15,entry,5.0
2021-06-01 09:50:00,2021-06-01 14:24:00,SHORT,1,13727.5,13672.0,111.0,23.06,2.406,entry,274.0
2021-06-01 15:42:00,2021-06-01 15:59:00,SHORT,1,13653.25,13651.0,4.5,19.27,0.117,entry,17.0
2021-06-02 09:45:00,2021-06-02 09:59:00,LONG,1,13695.0,13679.0,-32.0,20.79,-0.77,entry,14.0
2021-06-02 10:13:00,2021-06-02 10:17:00,SHORT,1,13659.25,13679.75,-41.0,20.28,-1.011,entry,4.0
2021-06-02 10:25:00,2021-06-02 10:55:00,LONG,1,13700.0,13684.0,-32.0,20.11,-0.796,entry,30.0
2021-06-02 11:51:00,2021-06-02 12:18:00,LONG,1,13704.75,13683.25,-43.0,19.14,-1.123,entry,27.0
2021-06-02 12:26:00,2021-06-02 15:50:00,SHORT,1,13662.75,13668.5,-11.5,22.97,-0.25,entry,204.0
2021-06-03 09:38:00,2021-06-03 10:04:00,SHORT,1,13520.25,13515.0,10.5,30.49,0.172,entry,26.0
2021-06-03 10:09:00,2021-06-03 10:29:00,LONG,1,13538.0,13515.25,-45.5,24.21,-0.94,entry,20.0
2021-06-03 10:39:00,2021-06-03 10:48:00,SHORT,1,13493.25,13523.25,-60.0,24.37,-1.231,entry,9.0
2021-06-03 10:49:00,2021-06-03 11:51:00,LONG,1,13535.0,13532.5,-5.0,19.37,-0.129,entry,62.0
2021-06-03 12:00:00,2021-06-03 14:35:00,LONG,1,13555.75,13542.25,-27.0,21.4,-0.631,entry,155.0
2021-06-03 15:46:00,2021-06-03 15:59:00,SHORT,1,13520.0,13528.25,-16.5,22.41,-0.368,entry,13.0
2021-06-04 09:36:00,2021-06-04 15:59:00,LONG,1,13662.75,13766.5,207.5,24.56,4.224,entry,383.0
2021-06-07 10:18:00,2021-06-07 10:33:00,SHORT,1,13722.0,13743.0,-42.0,19.51,-1.076,entry,15.0
2021-06-07 12:14:00,2021-06-07 13:46:00,LONG,1,13759.25,13740.25,-38.0,20.06,-0.947,entry,92.0
2021-06-07 14:50:00,2021-06-07 15:59:00,LONG,1,13764.25,13802.5,76.5,21.49,1.78,entry,69.0
2021-06-08 09:39:00,2021-06-08 09:50:00,LONG,1,13899.25,13886.75,-25.0,20.63,-0.606,entry,11.0
2021-06-08 09:52:00,2021-06-08 14:56:00,SHORT,1,13854.0,13825.5,57.0,33.95,0.839,entry,304.0
2021-06-09 09:45:00,2021-06-09 09:49:00,LONG,1,13895.75,13869.0,-53.5,18.82,-1.421,entry,4.0
2021-06-09 09:50:00,2021-06-09 12:30:00,SHORT,1,13855.25,13860.25,-10.0,23.63,-0.212,entry,160.0
2021-06-09 14:53:00,2021-06-09 15:59:00,SHORT,1,13840.5,13815.75,49.5,19.07,1.298,entry,66.0
2021-06-10 09:33:00,2021-06-10 10:39:00,LONG,1,13849.0,13909.75,121.5,18.77,3.236,entry,66.0
2021-06-10 10:45:00,2021-06-10 11:25:00,SHORT,1,13879.25,13903.5,-48.5,36.96,-0.656,entry,40.0
2021-06-10 11:35:00,2021-06-10 15:59:00,LONG,1,13919.0,13959.75,81.5,18.66,2.184,entry,264.0
2021-06-11 09:50:00,2021-06-11 09:56:00,LONG,1,13979.25,13959.25,-40.0,18.98,-1.054,entry,6.0
2021-06-11 10:14:00,2021-06-11 10:25:00,LONG,1,13983.5,13961.5,-44.0,18.42,-1.194,entry,11.0
2021-06-11 10:45:00,2021-06-11 11:19:00,SHORT,1,13948.0,13962.5,-29.0,18.05,-0.804,entry,34.0
2021-06-11 14:35:00,2021-06-11 15:12:00,LONG,1,13980.5,13962.75,-35.5,17.93,-0.99,entry,37.0
2021-06-11 15:54:00,2021-06-11 15:59:00,LONG,1,13986.5,13994.5,16.0,22.58,0.354,entry,5.0
2021-06-14 09:39:00,2021-06-14 10:02:00,LONG,1,13995.0,13996.5,3.0,19.04,0.079,entry,23.0
2021-06-14 11:06:00,2021-06-14 15:59:00,LONG,1,14015.75,14123.5,215.5,17.18,6.272,entry,293.0
2021-06-15 09:31:00,2021-06-15 09:35:00,SHORT,1,14076.0,14081.25,-10.5,16.97,-0.309,entry,4.0
2021-06-15 09:43:00,2021-06-15 10:01:00,LONG,1,14100.0,14086.25,-27.5,17.85,-0.77,entry,18.0
2021-06-15 10:07:00,2021-06-15 15:59:00,SHORT,1,14073.0,14027.25,91.5,18.04,2.536,entry,352.0
2021-06-16 09:51:00,2021-06-16 10:34:00,LONG,1,14083.0,14069.75,-26.5,19.96,-0.664,entry,43.0
2021-06-16 10:45:00,2021-06-16 15:11:00,SHORT,1,14052.25,13982.75,139.0,19.72,3.525,entry,266.0
2021-06-16 15:24:00,2021-06-16 15:54:00,LONG,1,14011.0,13981.75,-58.5,28.9,-1.012,entry,30.0
2021-06-17 09:35:00,2021-06-17 12:23:00,LONG,1,13987.25,14083.75,193.0,20.36,4.739,entry,168.0
2021-06-17 12:30:00,2021-06-17 12:34:00,SHORT,1,14065.25,14084.5,-38.5,19.02,-1.012,entry,4.0
2021-06-17 12:39:00,2021-06-17 15:59:00,LONG,1,14107.5,14156.25,97.5,23.27,2.095,entry,200.0
2021-06-18 09:33:00,2021-06-18 09:36:00,LONG,1,14119.75,14085.0,-69.5,38.0,-0.914,entry,3.0
2021-06-18 09:41:00,2021-06-18 09:50:00,LONG,1,14112.25,14078.0,-68.5,24.63,-1.391,entry,9.0
2021-06-18 09:51:00,2021-06-18 09:57:00,SHORT,1,14063.0,14109.0,-92.0,30.75,-1.496,entry,6.0
2021-06-18 09:58:00,2021-06-18 10:00:00,LONG,1,14111.75,14090.5,-42.5,19.87,-1.07,entry,2.0
2021-06-18 10:04:00,2021-06-18 10:06:00,SHORT,1,14071.0,14094.75,-47.5,20.42,-1.163,entry,2.0
2021-06-18 10:09:00,2021-06-18 10:10:00,LONG,1,14112.25,14087.0,-50.5,20.52,-1.231,entry,1.0
2021-06-18 10:36:00,2021-06-18 10:47:00,LONG,1,14117.0,14094.25,-45.5,24.2,-0.94,entry,11.0
2021-06-18 10:53:00,2021-06-18 12:23:00,SHORT,1,14065.75,14079.75,-28.0,28.02,-0.5,entry,90.0
2021-06-18 13:10:00,2021-06-18 13:25:00,LONG,1,14100.0,14076.75,-46.5,21.82,-1.065,entry,15.0
2021-06-18 14:02:00,2021-06-18 14:11:00,LONG,1,14098.5,14077.75,-41.5,19.83,-1.046,entry,9.0
2021-06-18 14:41:00,2021-06-18 15:20:00,SHORT,1,14059.5,14078.5,-38.0,19.17,-0.991,entry,39.0
2021-06-21 09:31:00,2021-06-21 09:44:00,SHORT,1,14025.5,14011.5,28.0,25.61,0.547,entry,13.0
2021-06-21 09:46:00,2021-06-21 09:49:00,SHORT,1,13981.25,14002.75,-43.0,19.1,-1.126,entry,3.0
2021-06-21 09:53:00,2021-06-21 10:24:00,LONG,1,14023.75,14019.25,-9.0,23.57,-0.191,entry,31.0
2021-06-21 10:27:00,2021-06-21 15:59:00,LONG,1,14041.25,14128.25,174.0,20.83,4.176,entry,332.0
2021-06-22 09:33:00,2021-06-22 09:41:00,LONG,1,14145.75,14140.75,-10.0,19.01,-0.263,entry,8.0
2021-06-22 09:43:00,2021-06-22 09:47:00,SHORT,1,14124.25,14144.25,-40.0,20.29,-0.986,entry,4.0
2021-06-22 10:05:00,2021-06-22 15:59:00,LONG,1,14163.25,14257.75,189.0,20.14,4.692,entry,354.0
2021-06-23 09:58:00,2021-06-23 10:31:00,LONG,1,14307.25,14291.5,-31.5,21.06,-0.748,entry,33.0
2021-06-23 10:56:00,2021-06-23 11:53:00,SHORT,1,14271.25,14285.75,-29.0,18.75,-0.773,entry,57.0
2021-06-23 12:33:00,2021-06-23 13:22:00,SHORT,1,14264.25,14281.25,-34.0,19.25,-0.883,entry,49.0
2021-06-23 15:49:00,2021-06-23 15:59:00,SHORT,1,14260.75,14263.0,-4.5,18.58,-0.121,entry,10.0
2021-06-24 09:36:00,2021-06-24 09:46:00,LONG,1,14382.75,14367.0,-31.5,20.17,-0.781,entry,10.0
2021-06-24 10:05:00,2021-06-24 11:41:00,LONG,1,14388.5,14380.5,-16.0,17.61,-0.454,entry,96.0
2021-06-24 12:08:00,2021-06-24 12:48:00,LONG,1,14402.5,14386.25,-32.5,17.73,-0.917,entry,40.0
2021-06-24 12:55:00,2021-06-24 15:59:00,SHORT,1,14368.5,14354.25,28.5,18.93,0.753,entry,184.0
2021-06-25 09:52:00,2021-06-25 10:26:00,SHORT,1,14355.25,14360.75,-11.0,20.34,-0.27,entry,34.0
2021-06-25 10:58:00,2021-06-25 11:14:00,SHORT,1,14339.5,14356.5,-34.0,17.92,-0.949,entry,16.0
2021-06-25 12:21:00,2021-06-25 14:52:00,SHORT,1,14337.25,14351.75,-29.0,18.09,-0.801,entry,151.0
2021-06-25 15:32:00,2021-06-25 15:52:00,SHORT,1,14331.75,14352.75,-42.0,17.74,-1.184,entry,20.0
2021-06-25 15:54:00,2021-06-25 15:59:00,SHORT,1,14325.0,14338.75,-27.5,23.27,-0.591,entry,5.0
2021-06-28 09:36:00,2021-06-28 09:42:00,LONG,1,14448.75,14434.25,-29.0,16.73,-0.867,entry,6.0
2021-06-28 10:01:00,2021-06-28 13:27:00,LONG,1,14461.25,14462.0,1.5,19.4,0.039,entry,206.0
2021-06-28 14:39:00,2021-06-28 15:59:00,LONG,1,14479.5,14511.25,63.5,16.77,1.893,entry,80.0
2021-06-29 09:37:00,2021-06-29 10:05:00,LONG,1,14517.0,14502.25,-29.5,25.16,-0.586,entry,28.0
2021-06-29 10:15:00,2021-06-29 10:33:00,SHORT,1,14487.75,14504.0,-32.5,16.86,-0.964,entry,18.0
2021-06-29 10:46:00,2021-06-29 11:09:00,LONG,1,14521.25,14500.75,-41.0,17.5,-1.171,entry,23.0
2021-06-29 11:58:00,2021-06-29 15:59:00,LONG,1,14522.75,14564.0,82.5,16.42,2.512,entry,241.0
2021-06-30 09:57:00,2021-06-30 10:05:00,SHORT,1,14529.25,14548.25,-38.0,20.44,-0.929,entry,8.0
2021-06-30 10:30:00,2021-06-30 10:49:00,LONG,1,14564.75,14544.0,-41.5,17.77,-1.167,entry,19.0
2021-06-30 10:55:00,2021-06-30 11:19:00,LONG,1,14569.0,14549.0,-40.0,20.35,-0.983,entry,24.0
2021-06-30 12:26:00,2021-06-30 13:13:00,SHORT,1,14527.25,14550.0,-45.5,23.12,-0.984,entry,47.0
2021-06-30 14:10:00,2021-06-30 14:40:00,SHORT,1,14529.75,14548.75,-38.0,18.83,-1.009,entry,30.0
2021-06-30 15:46:00,2021-06-30 15:50:00,LONG,1,14566.75,14548.5,-36.5,18.15,-1.006,entry,4.0
2021-07-01 09:32:00,2021-07-01 09:41:00,LONG,1,14549.0,14545.75,-6.5,15.26,-0.213,entry,9.0
2021-07-01 09:45:00,2021-07-01 09:53:00,LONG,1,14567.25,14546.25,-42.0,19.35,-1.085,entry,8.0
2021-07-01 10:17:00,2021-07-01 10:35:00,SHORT,1,14524.5,14543.0,-37.0,22.7,-0.815,entry,18.0
2021-07-01 10:57:00,2021-07-01 13:36:00,SHORT,1,14525.75,14527.0,-2.5,15.45,-0.081,entry,159.0
2021-07-01 14:22:00,2021-07-01 15:59:00,LONG,1,14539.75,14547.75,16.0,16.46,0.486,entry,97.0
2021-07-02 09:37:00,2021-07-02 10:03:00,LONG,1,14656.0,14645.0,-22.0,18.53,-0.594,entry,26.0
2021-07-02 10:31:00,2021-07-02 11:07:00,SHORT,1,14627.75,14645.25,-35.0,20.2,-0.866,entry,36.0
2021-07-02 11:44:00,2021-07-02 15:59:00,LONG,1,14660.0,14714.75,109.5,15.14,3.616,entry,255.0
2021-07-06 09:45:00,2021-07-06 09:48:00,SHORT,1,14746.25,14762.0,-31.5,14.35,-1.098,entry,3.0
2021-07-06 10:07:00,2021-07-06 10:23:00,LONG,1,14778.5,14762.5,-32.0,17.94,-0.892,entry,16.0
2021-07-06 10:32:00,2021-07-06 13:43:00,SHORT,1,14746.0,14729.0,34.0,18.36,0.926,entry,191.0
2021-07-06 14:18:00,2021-07-06 15:59:00,LONG,1,14745.75,14776.5,61.5,17.92,1.716,entry,101.0
2021-07-07 09:32:00,2021-07-07 09:43:00,SHORT,1,14848.0,14848.0,-0.0,14.54,-0.0,entry,11.0
2021-07-07 09:50:00,2021-07-07 09:55:00,SHORT,1,14827.0,14842.25,-30.5,15.36,-0.993,entry,5.0
2021-07-07 10:03:00,2021-07-07 10:13:00,SHORT,1,14811.25,14836.75,-51.0,27.9,-0.914,entry,10.0
2021-07-07 10:25:00,2021-07-07 11:45:00,SHORT,1,14818.25,14802.5,31.5,15.48,1.017,entry,80.0
2021-07-07 11:51:00,2021-07-07 12:22:00,LONG,1,14818.75,14801.5,-34.5,17.76,-0.971,entry,31.0
2021-07-07 13:03:00,2021-07-07 13:53:00,SHORT,1,14785.5,14803.5,-36.0,16.89,-1.066,entry,50.0
2021-07-07 14:04:00,2021-07-07 14:32:00,LONG,1,14820.5,14801.25,-38.5,19.15,-1.005,entry,28.0
2021-07-07 14:39:00,2021-07-07 14:47:00,SHORT,1,14786.25,14804.0,-35.5,15.82,-1.122,entry,8.0
2021-07-07 14:57:00,2021-07-07 15:25:00,LONG,1,14817.0,14799.5,-35.0,14.92,-1.173,entry,28.0
2021-07-08 09:33:00,2021-07-08 09:43:00,LONG,1,14614.75,14606.5,-16.5,18.15,-0.455,entry,10.0
2021-07-08 09:44:00,2021-07-08 09:52:00,SHORT,1,14591.0,14614.25,-46.5,18.38,-1.265,entry,8.0
2021-07-08 09:52:00,2021-07-08 10:20:00,LONG,1,14614.25,14603.25,-22.0,16.22,-0.678,reverse,28.0
2021-07-08 10:21:00,2021-07-08 10:25:00,SHORT,1,14594.0,14608.0,-28.0,14.84,-0.944,entry,4.0
2021-07-08 10:28:00,2021-07-08 10:36:00,LONG,1,14631.75,14605.0,-53.5,23.68,-1.13,entry,8.0
2021-07-08 10:38:00,2021-07-08 10:42:00,SHORT,1,14591.5,14617.0,-51.0,18.61,-1.37,entry,4.0
2021-07-08 10:45:00,2021-07-08 10:48:00,LONG,1,14631.0,14606.0,-50.0,20.76,-1.204,entry,3.0
2021-07-08 10:50:00,2021-07-08 10:53:00,SHORT,1,14595.5,14611.75,-32.5,14.71,-1.105,entry,3.0
2021-07-08 10:58:00,2021-07-08 11:07:00,SHORT,1,14583.25,14617.25,-68.0,26.6,-1.278,entry,9.0
2021-07-08 11:09:00,2021-07-08 15:59:00,LONG,1,14625.75,14722.75,194.0,17.32,5.599,entry,290.0
2021-07-09 09:36:00,2021-07-09 09:44:00,SHORT,1,14680.5,14704.0,-47.0,21.05,-1.117,entry,8.0
2021-07-09 09:48:00,2021-07-09 09:55:00,LONG,1,14712.5,14692.25,-40.5,16.82,-1.204,entry,7.0
2021-07-09 10:04:00,2021-07-09 15:59:00,LONG,1,14717.0,14810.25,186.5,17.29,5.394,entry,355.0
2021-07-12 09:38:00,2021-07-12 10:34:00,SHORT,1,14853.0,14837.0,32.0,16.17,0.99,entry,56.0
2021-07-12 11:02:00,2021-07-12 11:20:00,LONG,1,14853.5,14837.5,-32.0,15.91,-1.005,entry,18.0
2021-07-12 14:21:00,2021-07-12 15:59:00,LONG,1,14853.75,14868.5,29.5,15.82,0.932,entry,98.0
2021-07-13 09:47:00,2021-07-13 13:17:00,LONG,1,14886.5,14931.5,90.0,20.51,2.194,entry,210.0
2021-07-13 13:18:00,2021-07-13 15:59:00,SHORT,1,14915.25,14865.25,100.0,19.67,2.542,entry,161.0
2021-07-14 09:36:00,2021-07-14 09:56:00,SHORT,1,14953.75,14959.75,-12.0,19.68,-0.305,entry,20.0
2021-07-14 10:02:00,2021-07-14 10:25:00,LONG,1,14974.5,14962.75,-23.5,15.59,-0.754,entry,23.0
2021-07-14 10:35:00,2021-07-14 10:41:00,SHORT,1,14946.25,14968.5,-44.5,17.88,-1.245,entry,6.0
2021-07-14 10:51:00,2021-07-14 11:09:00,LONG,1,14980.0,14964.5,-31.0,15.84,-0.979,entry,18.0
2021-07-14 11:25:00,2021-07-14 12:43:00,SHORT,1,14946.5,14946.25,0.5,18.48,0.014,entry,78.0
2021-07-14 13:04:00,2021-07-14 14:23:00,SHORT,1,14930.0,14941.75,-23.5,15.06,-0.78,entry,79.0
2021-07-14 14:41:00,2021-07-14 15:08:00,SHORT,1,14925.0,14941.0,-32.0,15.77,-1.014,entry,27.0
2021-07-14 15:15:00,2021-07-14 15:59:00,SHORT,1,14918.25,14894.5,47.5,22.03,1.078,entry,44.0
2021-07-15 09:31:00,2021-07-15 09:32:00,SHORT,1,14858.75,14876.75,-36.0,18.54,-0.971,entry,1.0
2021-07-15 09:33:00,2021-07-15 09:46:00,SHORT,1,14853.5,14846.25,14.5,18.49,0.392,entry,13.0
2021-07-15 09:48:00,2021-07-15 10:17:00,LONG,1,14857.0,14853.25,-7.5,19.58,-0.192,entry,29.0
2021-07-15 10:22:00,2021-07-15 15:32:00,SHORT,1,14833.75,14795.5,76.5,19.84,1.928,entry,310.0
2021-07-15 15:39:00,2021-07-15 15:59:00,SHORT,1,14772.5,14790.5,-36.0,21.5,-0.837,entry,20.0
2021-07-16 09:44:00,2021-07-16 13:07:00,SHORT,1,14831.0,14776.0,110.0,19.43,2.831,entry,203.0
2021-07-16 13:30:00,2021-07-16 15:59:00,SHORT,1,14755.5,14673.25,164.5,18.09,4.546,entry,149.0
2021-07-19 09:32:00,2021-07-19 09:36:00,SHORT,1,14508.0,14533.25,-50.5,21.91,-1.153,entry,4.0
2021-07-19 09:36:00,2021-07-19 09:38:00,LONG,1,14533.25,14516.5,-33.5,15.77,-1.062,reverse,2.0
2021-07-19 09:42:00,2021-07-19 09:50:00,LONG,1,14539.0,14526.75,-24.5,21.6,-0.567,entry,8.0
2021-07-19 09:53:00,2021-07-19 10:28:00,SHORT,1,14482.5,14511.75,-58.5,42.87,-0.682,entry,35.0
2021-07-19 10:31:00,2021-07-19 10:46:00,SHORT,1,14487.0,14501.5,-29.0,17.09,-0.848,entry,15.0
2021-07-19 10:59:00,2021-07-19 12:04:00,LONG,1,14516.5,14506.0,-21.0,16.08,-0.653,entry,65.0
2021-07-19 12:25:00,2021-07-19 12:27:00,LONG,1,14535.0,14509.25,-51.5,23.0,-1.12,entry,2.0
2021-07-19 12:32:00,2021-07-19 14:18:00,SHORT,1,14492.0,14511.25,-38.5,19.85,-0.97,entry,106.0
2021-07-19 14:35:00,2021-07-19 15:08:00,SHORT,1,14485.0,14507.5,-45.0,19.06,-1.181,entry,33.0
2021-07-19 15:18:00,2021-07-19 15:52:00,SHORT,1,14481.5,14501.5,-40.0,21.3,-0.939,entry,34.0
2021-07-19 15:56:00,2021-07-19 15:59:00,LONG,1,14516.75,14553.5,73.5,15.89,2.312,entry,3.0
2021-07-20 09:31:00,2021-07-20 09:46:00,SHORT,1,14564.5,14558.5,12.0,17.29,0.347,entry,15.0
2021-07-20 09:47:00,2021-07-20 10:09:00,LONG,1,14568.75,14555.75,-26.0,16.88,-0.77,entry,22.0
2021-07-20 10:16:00,2021-07-20 15:59:00,LONG,1,14576.0,14718.5,285.0,16.56,8.608,entry,343.0
2021-07-21 09:35:00,2021-07-21 09:41:00,LONG,1,14739.75,14718.75,-42.0,25.51,-0.823,entry,6.0
2021-07-21 09:52:00,2021-07-21 12:56:00,LONG,1,14742.25,14748.25,12.0,19.23,0.312,entry,184.0
2021-07-21 13:21:00,2021-07-21 15:59:00,LONG,1,14766.75,14828.0,122.5,17.39,3.523,entry,158.0
2021-07-22 09:42:00,2021-07-22 09:47:00,LONG,1,14887.75,14872.75,-30.0,18.4,-0.815,entry,5.0
2021-07-22 10:00:00,2021-07-22 11:15:00,LONG,1,14890.0,14883.5,-13.0,17.31,-0.376,entry,75.0
2021-07-22 11:52:00,2021-07-22 12:04:00,LONG,1,14906.0,14879.25,-53.5,18.02,-1.484,entry,12.0
2021-07-22 12:09:00,2021-07-22 12:37:00,SHORT,1,14863.0,14887.75,-49.5,24.99,-0.991,entry,28.0
2021-07-22 13:18:00,2021-07-22 15:59:00,LONG,1,14903.75,14929.0,50.5,18.02,1.401,entry,161.0
2021-07-23 09:35:00,2021-07-23 09:45:00,SHORT,1,14934.25,14959.25,-50.0,24.87,-1.005,entry,10.0
2021-07-23 09:47:00,2021-07-23 15:59:00,LONG,1,14971.5,15098.75,254.5,16.67,7.633,entry,372.0
2021-07-26 09:37:00,2021-07-26 10:47:00,LONG,1,15087.0,15087.25,0.5,27.98,0.009,entry,70.0
2021-07-26 10:57:00,2021-07-26 11:03:00,LONG,1,15106.75,15087.0,-39.5,18.32,-1.078,entry,6.0
2021-07-26 11:28:00,2021-07-26 12:34:00,LONG,1,15106.25,15094.0,-24.5,16.66,-0.735,entry,66.0
2021-07-26 13:17:00,2021-07-26 14:20:00,LONG,1,15111.75,15094.0,-35.5,17.08,-1.039,entry,63.0
2021-07-26 14:45:00,2021-07-26 15:49:00,LONG,1,15113.0,15098.25,-29.5,16.46,-0.896,entry,64.0
2021-07-26 15:58:00,2021-07-26 15:59:00,LONG,1,15116.75,15117.0,0.5,17.93,0.014,entry,1.0
2021-07-27 09:44:00,2021-07-27 14:55:00,SHORT,1,15052.75,14914.75,276.0,24.17,5.709,entry,311.0
2021-07-27 15:00:00,2021-07-27 15:14:00,LONG,1,14931.0,14908.75,-44.5,20.74,-1.073,entry,14.0
2021-07-27 15:40:00,2021-07-27 15:47:00,SHORT,1,14893.5,14914.0,-41.0,17.17,-1.194,entry,7.0
2021-07-27 15:56:00,2021-07-27 15:59:00,LONG,1,14931.5,14950.25,37.5,20.63,0.909,entry,3.0
2021-07-28 09:33:00,2021-07-28 09:52:00,SHORT,1,14982.75,14961.75,42.0,20.51,1.024,entry,19.0
2021-07-28 09:56:00,2021-07-28 11:47:00,LONG,1,14972.75,14993.5,41.5,19.92,1.042,entry,111.0
2021-07-28 12:07:00,2021-07-28 12:38:00,LONG,1,15020.75,15002.75,-36.0,17.72,-1.016,entry,31.0
2021-07-28 13:10:00,2021-07-28 14:02:00,SHORT,1,14984.25,15008.75,-49.0,19.17,-1.278,entry,52.0
2021-07-28 14:07:00,2021-07-28 14:11:00,SHORT,1,14978.25,15005.75,-55.0,20.53,-1.34,entry,4.0
2021-07-28 14:35:00,2021-07-28 14:39:00,SHORT,1,14979.25,15011.0,-63.5,19.67,-1.614,entry,4.0
2021-07-28 14:41:00,2021-07-28 15:59:00,LONG,1,15021.25,15006.0,-30.5,22.35,-0.682,entry,78.0
2021-07-29 09:34:00,2021-07-29 10:00:00,LONG,1,15026.75,15042.25,31.0,21.19,0.731,entry,26.0
2021-07-29 10:11:00,2021-07-29 10:18:00,SHORT,1,15023.0,15041.75,-37.5,19.32,-0.97,entry,7.0
2021-07-29 10:28:00,2021-07-29 11:56:00,LONG,1,15059.0,15051.25,-15.5,17.43,-0.445,entry,88.0
2021-07-29 12:14:00,2021-07-29 12:43:00,LONG,1,15071.0,15053.0,-36.0,18.32,-0.982,entry,29.0
2021-07-29 15:29:00,2021-07-29 15:59:00,SHORT,1,15033.75,15035.25,-3.0,20.49,-0.073,entry,30.0
2021-07-30 09:36:00,2021-07-30 09:39:00,LONG,1,14915.25,14895.0,-40.5,20.2,-1.003,entry,3.0
2021-07-30 09:43:00,2021-07-30 10:33:00,LONG,1,14917.5,14922.75,10.5,19.44,0.27,entry,50.0
2021-07-30 10:41:00,2021-07-30 10:59:00,LONG,1,14947.0,14931.0,-32.0,16.88,-0.948,entry,18.0
2021-07-30 11:40:00,2021-07-30 11:59:00,SHORT,1,14911.75,14934.75,-46.0,18.85,-1.22,entry,19.0
2021-07-30 12:02:00,2021-07-30 14:36:00,LONG,1,14949.0,14933.25,-31.5,18.67,-0.844,entry,154.0
2021-07-30 14:52:00,2021-07-30 15:59:00,LONG,1,14955.25,14954.75,-1.0,16.94,-0.03,entry,67.0
2021-08-02 09:35:00,2021-08-02 10:10:00,SHORT,1,15004.5,14981.5,46.0,21.66,1.062,entry,35.0
2021-08-02 10:14:00,2021-08-02 12:00:00,LONG,1,14998.25,14989.5,-17.5,18.15,-0.482,entry,106.0
2021-08-02 12:02:00,2021-08-02 12:41:00,SHORT,1,14979.25,15002.0,-45.5,21.28,-1.069,entry,39.0
2021-08-02 13:50:00,2021-08-02 14:44:00,SHORT,1,14975.5,14997.75,-44.5,22.56,-0.986,entry,54.0
2021-08-02 15:15:00,2021-08-02 15:59:00,SHORT,1,14978.5,14954.75,47.5,18.48,1.285,entry,44.0
2021-08-03 09:33:00,2021-08-03 09:39:00,SHORT,1,14955.75,14980.0,-48.5,17.69,-1.371,entry,6.0
2021-08-03 09:42:00,2021-08-03 09:50:00,LONG,1,14992.0,14966.0,-52.0,20.21,-1.286,entry,8.0
2021-08-03 09:52:00,2021-08-03 11:41:00,SHORT,1,14945.25,14935.5,19.5,30.0,0.325,entry,109.0
2021-08-03 11:42:00,2021-08-03 15:59:00,LONG,1,14944.5,15044.0,199.0,24.46,4.068,entry,257.0
2021-08-04 09:52:00,2021-08-04 09:55:00,SHORT,1,15022.75,15047.0,-48.5,25.57,-0.948,entry,3.0
2021-08-04 10:05:00,2021-08-04 10:09:00,SHORT,1,15027.75,15047.25,-39.0,18.89,-1.032,entry,4.0
2021-08-04 10:13:00,2021-08-04 10:42:00,SHORT,1,15027.75,15038.0,-20.5,17.39,-0.589,entry,29.0
2021-08-04 11:38:00,2021-08-04 11:48:00,SHORT,1,15019.5,15038.75,-38.5,17.02,-1.131,entry,10.0
2021-08-04 11:59:00,2021-08-04 15:59:00,LONG,1,15056.5,15069.0,25.0,20.16,0.62,entry,240.0
2021-08-05 09:35:00,2021-08-05 09:41:00,LONG,1,15110.25,15094.0,-32.5,16.58,-0.98,entry,6.0
2021-08-05 09:47:00,2021-08-05 10:26:00,LONG,1,15121.75,15107.0,-29.5,22.03,-0.67,entry,39.0
2021-08-05 10:30:00,2021-08-05 15:59:00,LONG,1,15131.75,15166.25,69.0,19.27,1.791,entry,329.0
2021-08-06 09:34:00,2021-08-06 09:41:00,LONG,1,15142.25,15125.25,-34.0,19.63,-0.866,entry,7.0
2021-08-06 09:45:00,2021-08-06 10:07:00,SHORT,1,15111.0,15122.75,-23.5,17.41,-0.675,entry,22.0
2021-08-06 10:14:00,2021-08-06 10:32:00,SHORT,1,15103.75,15119.0,-30.5,16.26,-0.938,entry,18.0
2021-08-06 10:46:00,2021-08-06 11:59:00,SHORT,1,15100.75,15103.0,-4.5,17.14,-0.131,entry,73.0
2021-08-06 12:13:00,2021-08-06 13:01:00,SHORT,1,15083.5,15103.0,-39.0,18.08,-1.079,entry,48.0
2021-08-06 14:48:00,2021-08-06 15:35:00,SHORT,1,15082.25,15099.5,-34.5,17.26,-1.0,entry,47.0
2021-08-06 15:49:00,2021-08-06 15:59:00,SHORT,1,15081.0,15096.25,-30.5,17.16,-0.889,entry,10.0
2021-08-09 09:35:00,2021-08-09 09:46:00,SHORT,1,15103.75,15109.5,-11.5,18.79,-0.306,entry,11.0
2021-08-09 10:30:00,2021-08-09 10:50:00,LONG,1,15132.25,15108.0,-48.5,26.13,-0.928,entry,20.0
2021-08-09 12:02:00,2021-08-09 12:20:00,LONG,1,15126.25,15108.75,-35.0,17.32,-1.01,entry,18.0
2021-08-09 14:26:00,2021-08-09 15:59:00,LONG,1,15126.25,15122.75,-7.0,15.79,-0.222,entry,93.0
2021-08-10 09:58:00,2021-08-10 10:04:00,LONG,1,15151.5,15135.0,-33.0,14.99,-1.101,entry,6.0
2021-08-10 10:17:00,2021-08-10 12:18:00,SHORT,1,15120.25,15078.25,84.0,16.24,2.587,entry,121.0
2021-08-10 12:47:00,2021-08-10 15:59:00,SHORT,1,15060.25,15046.25,28.0,17.27,0.811,entry,192.0
2021-08-11 09:41:00,2021-08-11 10:05:00,SHORT,1,15071.0,15079.25,-16.5,19.78,-0.417,entry,24.0
2021-08-11 10:09:00,2021-08-11 13:10:00,SHORT,1,15059.75,15029.0,61.5,16.88,1.821,entry,181.0
2021-08-11 13:32:00,2021-08-11 15:51:00,SHORT,1,15012.25,15026.5,-28.5,16.17,-0.881,entry,139.0
2021-08-12 09:36:00,2021-08-12 09:48:00,SHORT,1,14960.25,14976.75,-33.0,23.08,-0.715,entry,12.0
2021-08-12 10:02:00,2021-08-12 10:11:00,SHORT,1,14957.0,14971.25,-28.5,16.72,-0.852,entry,9.0
2021-08-12 10:17:00,2021-08-12 15:59:00,LONG,1,14990.25,15076.25,172.0,18.6,4.625,entry,342.0
2021-08-13 09:47:00,2021-08-13 10:02:00,LONG,1,15101.0,15088.0,-26.0,18.96,-0.686,entry,15.0
2021-08-13 10:06:00,2021-08-13 11:19:00,LONG,1,15105.75,15104.5,-2.5,16.32,-0.077,entry,73.0
2021-08-16 09:47:00,2021-08-16 11:40:00,SHORT,1,15079.75,14997.75,164.0,14.59,5.618,entry,113.0
2021-08-16 12:12:00,2021-08-16 12:39:00,LONG,1,15013.75,14996.5,-34.5,15.99,-1.079,entry,27.0
2021-08-16 12:47:00,2021-08-16 15:59:00,LONG,1,15014.5,15134.0,239.0,15.81,7.558,entry,192.0
2021-08-17 09:34:00,2021-08-17 09:40:00,LONG,1,15008.75,14999.25,-19.0,16.67,-0.57,entry,6.0
2021-08-17 09:41:00,2021-08-17 09:50:00,LONG,1,15016.75,15008.5,-16.5,16.07,-0.513,entry,9.0
2021-08-17 09:51:00,2021-08-17 10:25:00,SHORT,1,14991.75,14994.0,-4.5,17.17,-0.131,entry,34.0
2021-08-17 10:28:00,2021-08-17 11:06:00,LONG,1,15017.75,15002.25,-31.0,25.07,-0.618,entry,38.0
2021-08-17 11:28:00,2021-08-17 14:57:00,SHORT,1,14980.5,14974.5,12.0,21.99,0.273,entry,209.0
2021-08-17 15:10:00,2021-08-17 15:14:00,LONG,1,14992.0,14969.75,-44.5,18.78,-1.185,entry,4.0
2021-08-17 15:42:00,2021-08-17 15:47:00,SHORT,1,14956.75,14976.25,-39.0,16.56,-1.177,entry,5.0
2021-08-17 15:50:00,2021-08-17 15:59:00,LONG,1,14988.5,15000.5,24.0,15.19,0.79,entry,9.0
2021-08-18 09:51:00,2021-08-18 10:40:00,LONG,1,15012.5,15004.5,-16.0,18.57,-0.431,entry,49.0
2021-08-18 10:45:00,2021-08-18 10:51:00,SHORT,1,14989.0,15007.5,-37.0,17.13,-1.08,entry,6.0
2021-08-18 11:02:00,2021-08-18 14:02:00,SHORT,1,14989.5,14999.5,-20.0,15.92,-0.628,entry,180.0
2021-08-18 14:04:00,2021-08-18 14:12:00,LONG,1,15026.5,14963.5,-126.0,30.82,-2.044,entry,8.0
2021-08-18 14:12:00,2021-08-18 14:29:00,SHORT,1,14963.5,14994.0,-61.0,32.44,-0.94,reverse,17.0
2021-08-18 14:30:00,2021-08-18 14:39:00,LONG,1,15007.5,14990.75,-33.5,16.46,-1.018,entry,9.0
2021-08-18 14:46:00,2021-08-18 15:59:00,SHORT,1,14974.25,14856.25,236.0,16.9,6.983,entry,73.0
2021-08-19 09:31:00,2021-08-19 09:36:00,LONG,1,14823.25,14806.0,-34.5,23.27,-0.741,entry,5.0
2021-08-19 09:38:00,2021-08-19 09:46:00,SHORT,1,14786.75,14819.0,-64.5,19.44,-1.659,entry,8.0
2021-08-19 09:46:00,2021-08-19 09:49:00,LONG,1,14819.0,14795.75,-46.5,18.36,-1.266,reverse,3.0
2021-08-19 09:50:00,2021-08-19 09:56:00,LONG,1,14824.0,14797.25,-53.5,21.21,-1.261,entry,6.0
2021-08-19 10:00:00,2021-08-19 14:29:00,LONG,1,14826.75,14879.25,105.0,22.32,2.352,entry,269.0
2021-08-19 14:30:00,2021-08-19 14:35:00,SHORT,1,14861.75,14893.0,-62.5,28.29,-1.105,entry,5.0
2021-08-19 14:53:00,2021-08-19 15:59:00,LONG,1,14919.0,14929.0,20.0,29.07,0.344,entry,66.0
2021-08-20 09:45:00,2021-08-20 11:39:00,LONG,1,15004.75,15040.25,71.0,23.19,1.531,entry,114.0
2021-08-20 11:47:00,2021-08-20 12:24:00,SHORT,1,15018.75,15041.25,-45.0,22.02,-1.022,entry,37.0
2021-08-20 12:29:00,2021-08-20 15:59:00,LONG,1,15055.5,15083.5,56.0,17.5,1.6,entry,210.0
2021-08-23 09:36:00,2021-08-23 15:59:00,LONG,1,15169.75,15306.25,273.0,19.73,6.917,entry,383.0
2021-08-24 10:09:00,2021-08-24 11:26:00,LONG,1,15361.0,15346.0,-30.0,23.16,-0.648,entry,77.0
2021-08-24 12:30:00,2021-08-24 13:02:00,SHORT,1,15331.0,15348.0,-34.0,17.47,-0.973,entry,32.0
2021-08-24 15:16:00,2021-08-24 15:51:00,LONG,1,15366.5,15349.25,-34.5,18.01,-0.958,entry,35.0
2021-08-25 10:06:00,2021-08-25 10:16:00,SHORT,1,15361.5,15379.75,-36.5,16.77,-1.088,entry,10.0
2021-08-25 10:31:00,2021-08-25 12:56:00,SHORT,1,15356.5,15368.25,-23.5,18.68,-0.629,entry,145.0
2021-08-25 15:42:00,2021-08-25 15:59:00,LONG,1,15381.0,15362.5,-37.0,18.54,-0.998,entry,17.0
2021-08-26 10:24:00,2021-08-26 11:16:00,SHORT,1,15321.75,15319.5,4.5,26.02,0.086,entry,52.0
2021-08-26 11:43:00,2021-08-26 11:56:00,SHORT,1,15300.0,15319.75,-39.5,16.99,-1.163,entry,13.0
2021-08-26 12:02:00,2021-08-26 13:23:00,LONG,1,15340.5,15315.0,-51.0,23.74,-1.074,entry,81.0
2021-08-26 14:14:00,2021-08-26 14:32:00,SHORT,1,15303.5,15320.0,-33.0,16.58,-0.995,entry,18.0
2021-08-26 14:49:00,2021-08-26 15:59:00,SHORT,1,15302.0,15273.75,56.5,17.57,1.608,entry,70.0
2021-08-27 09:39:00,2021-08-27 09:45:00,SHORT,1,15289.25,15313.25,-48.0,23.86,-1.006,entry,6.0
2021-08-27 09:55:00,2021-08-27 10:00:00,SHORT,1,15291.5,15330.75,-78.5,16.66,-2.356,entry,5.0
2021-08-27 10:00:00,2021-08-27 15:59:00,LONG,1,15330.75,15424.5,187.5,22.4,4.186,reverse,359.0
2021-08-30 09:36:00,2021-08-30 15:59:00,LONG,1,15496.75,15599.25,205.0,16.38,6.257,entry,383.0
2021-08-31 09:31:00,2021-08-31 09:43:00,SHORT,1,15556.75,15561.25,-9.0,21.78,-0.207,entry,12.0
2021-08-31 09:54:00,2021-08-31 10:07:00,SHORT,1,15529.5,15552.0,-45.0,25.89,-0.869,entry,13.0
2021-08-31 10:15:00,2021-08-31 10:23:00,SHORT,1,15531.5,15551.5,-40.0,18.58,-1.076,entry,8.0
2021-08-31 10:39:00,2021-08-31 10:49:00,LONG,1,15567.0,15547.5,-39.0,17.32,-1.126,entry,10.0
2021-08-31 11:18:00,2021-08-31 15:59:00,LONG,1,15569.5,15584.5,30.0,18.67,0.803,entry,281.0
2021-09-01 09:31:00,2021-09-01 09:58:00,LONG,1,15653.75,15662.25,17.0,16.64,0.511,entry,27.0
2021-09-01 10:01:00,2021-09-01 10:03:00,LONG,1,15684.0,15666.75,-34.5,17.01,-1.014,entry,2.0
2021-09-01 10:38:00,2021-09-01 11:02:00,LONG,1,15685.0,15667.0,-36.0,16.04,-1.122,entry,24.0
2021-09-01 14:31:00,2021-09-01 15:59:00,SHORT,1,15657.75,15611.5,92.5,15.95,2.9,entry,88.0
2021-09-02 09:58:00,2021-09-02 11:16:00,SHORT,1,15649.5,15646.75,5.5,16.5,0.167,entry,78.0
2021-09-02 11:59:00,2021-09-02 15:59:00,SHORT,1,15630.5,15605.0,51.0,16.01,1.592,entry,240.0
2021-09-03 09:34:00,2021-09-03 09:39:00,SHORT,1,15564.0,15585.5,-43.0,20.9,-1.029,entry,5.0
2021-09-03 09:56:00,2021-09-03 10:39:00,LONG,1,15599.25,15607.75,17.0,16.14,0.527,entry,43.0
2021-09-03 10:56:00,2021-09-03 15:59:00,LONG,1,15628.25,15652.5,48.5,17.33,1.399,entry,303.0
2021-09-07 09:34:00,2021-09-07 09:38:00,SHORT,1,15633.0,15653.75,-41.5,19.32,-1.074,entry,4.0
2021-09-07 09:46:00,2021-09-07 09:59:00,SHORT,1,15632.5,15642.75,-20.5,16.64,-0.616,entry,13.0
2021-09-07 10:04:00,2021-09-07 10:21:00,SHORT,1,15627.75,15639.0,-22.5,14.24,-0.79,entry,17.0
2021-09-07 10:33:00,2021-09-07 11:14:00,LONG,1,15654.75,15640.75,-28.0,18.12,-0.773,entry,41.0
2021-09-07 11:31:00,2021-09-07 15:59:00,LONG,1,15658.75,15673.25,29.0,14.74,0.984,entry,268.0
2021-09-08 09:34:00,2021-09-08 09:46:00,SHORT,1,15628.5,15637.5,-18.0,22.0,-0.409,entry,12.0
2021-09-08 09:56:00,2021-09-08 09:59:00,SHORT,1,15618.5,15634.75,-32.5,14.16,-1.148,entry,3.0
2021-09-08 10:10:00,2021-09-08 10:26:00,LONG,1,15648.75,15634.0,-29.5,16.04,-0.919,entry,16.0
2021-09-08 10:32:00,2021-09-08 12:23:00,SHORT,1,15607.25,15592.0,30.5,27.02,0.564,entry,111.0
2021-09-08 12:59:00,2021-09-08 13:06:00,SHORT,1,15576.75,15598.0,-42.5,13.83,-1.536,entry,7.0
2021-09-08 13:32:00,2021-09-08 15:59:00,LONG,1,15608.0,15622.75,29.5,17.42,0.847,entry,147.0
2021-09-09 09:36:00,2021-09-09 10:13:00,LONG,1,15656.25,15652.25,-8.0,15.84,-0.253,entry,37.0
2021-09-09 11:16:00,2021-09-09 15:59:00,SHORT,1,15635.0,15564.0,142.0,19.0,3.738,entry,283.0
2021-09-10 10:02:00,2021-09-10 12:49:00,SHORT,1,15632.5,15600.0,65.0,21.96,1.48,entry,167.0
2021-09-10 13:08:00,2021-09-10 13:13:00,SHORT,1,15583.75,15598.5,-29.5,14.29,-1.032,entry,5.0
2021-09-10 13:28:00,2021-09-10 13:39:00,SHORT,1,15583.5,15598.0,-29.0,14.43,-1.005,entry,11.0
2021-09-10 13:45:00,2021-09-10 15:59:00,SHORT,1,15583.75,15445.25,277.0,14.0,9.891,entry,134.0
2021-09-13 09:35:00,2021-09-13 12:23:00,SHORT,1,15519.25,15421.5,195.5,19.24,5.082,entry,168.0
2021-09-13 12:41:00,2021-09-13 12:50:00,SHORT,1,15403.0,15423.0,-40.0,14.72,-1.359,entry,9.0
2021-09-13 12:57:00,2021-09-13 13:17:00,LONG,1,15437.25,15417.0,-40.5,19.55,-1.036,entry,20.0
2021-09-13 13:28:00,2021-09-13 15:28:00,SHORT,1,15401.75,15411.5,-19.5,16.39,-0.595,entry,120.0
2021-09-13 15:55:00,2021-09-13 15:59:00,LONG,1,15423.5,15431.0,15.0,15.13,0.496,entry,4.0
2021-09-14 09:34:00,2021-09-14 09:35:00,SHORT,1,15490.5,15507.75,-34.5,15.66,-1.102,entry,1.0
2021-09-14 09:39:00,2021-09-14 11:35:00,SHORT,1,15468.0,15446.0,44.0,33.99,0.647,entry,116.0
2021-09-14 11:38:00,2021-09-14 12:30:00,LONG,1,15468.0,15449.0,-38.0,21.74,-0.874,entry,52.0
2021-09-14 12:40:00,2021-09-14 15:59:00,SHORT,1,15428.5,15382.75,91.5,20.45,2.237,entry,199.0
2021-09-15 09:32:00,2021-09-15 09:49:00,SHORT,1,15384.0,15375.0,18.0,26.38,0.341,entry,17.0
2021-09-15 09:52:00,2021-09-15 10:03:00,SHORT,1,15349.75,15372.75,-46.0,22.85,-1.006,entry,11.0
2021-09-15 10:10:00,2021-09-15 10:34:00,SHORT,1,15350.75,15358.75,-16.0,17.04,-0.47,entry,24.0
2021-09-15 11:30:00,2021-09-15 11:58:00,SHORT,1,15337.25,15358.5,-42.5,20.17,-1.053,entry,28.0
2021-09-15 12:24:00,2021-09-15 15:59:00,LONG,1,15375.0,15497.25,244.5,18.33,6.668,entry,215.0
2021-09-16 09:33:00,2021-09-16 09:37:00,LONG,1,15470.5,15445.0,-51.0,28.4,-0.898,entry,4.0
2021-09-16 09:40:00,2021-09-16 11:59:00,SHORT,1,15428.5,15404.25,48.5,17.6,1.378,entry,139.0
2021-09-16 12:16:00,2021-09-16 15:59:00,LONG,1,15422.75,15510.25,175.0,19.15,4.57,entry,223.0
2021-09-17 09:35:00,2021-09-17 15:59:00,SHORT,1,15423.0,15322.0,202.0,26.54,3.805,entry,384.0
2021-09-20 09:31:00,2021-09-20 09:34:00,LONG,1,15107.0,15089.25,-35.5,40.91,-0.434,entry,3.0
2021-09-20 09:37:00,2021-09-20 09:50:00,LONG,1,15119.25,15102.25,-34.0,21.65,-0.785,entry,13.0
2021-09-20 09:53:00,2021-09-20 09:58:00,SHORT,1,15091.25,15116.5,-50.5,17.09,-1.477,entry,5.0
2021-09-20 10:02:00,2021-09-20 15:55:00,SHORT,1,15086.5,14980.0,213.0,20.04,5.313,entry,353.0
2021-09-20 15:56:00,2021-09-20 15:59:00,LONG,1,14988.5,15004.5,32.0,17.62,0.908,entry,3.0
2021-09-21 09:33:00,2021-09-21 09:34:00,SHORT,1,15031.75,15053.25,-43.0,20.25,-1.062,entry,1.0
2021-09-21 09:38:00,2021-09-21 09:41:00,LONG,1,15084.75,15056.25,-57.0,28.94,-0.985,entry,3.0
2021-09-21 09:44:00,2021-09-21 09:58:00,LONG,1,15081.5,15073.25,-16.5,22.5,-0.367,entry,14.0
2021-09-21 10:01:00,2021-09-21 11:08:00,SHORT,1,15051.5,15045.75,11.5,25.18,0.228,entry,67.0
2021-09-21 11:13:00,2021-09-21 12:52:00,LONG,1,15065.25,15042.75,-45.0,19.67,-1.144,entry,99.0
2021-09-21 13:23:00,2021-09-21 14:49:00,SHORT,1,15033.5,15052.25,-37.5,23.41,-0.801,entry,86.0
2021-09-21 14:50:00,2021-09-21 15:46:00,LONG,1,15090.0,15049.25,-81.5,38.36,-1.062,entry,56.0
2021-09-21 15:56:00,2021-09-21 15:59:00,SHORT,1,15034.0,15018.5,31.0,20.76,0.747,entry,3.0
2021-09-22 09:43:00,2021-09-22 09:48:00,SHORT,1,15018.25,15036.0,-35.5,18.73,-0.948,entry,5.0
2021-09-22 09:55:00,2021-09-22 14:48:00,LONG,1,15057.5,15120.0,125.0,19.96,3.131,entry,293.0
2021-09-22 14:50:00,2021-09-22 15:07:00,SHORT,1,15100.5,15129.75,-58.5,29.88,-0.979,entry,17.0
2021-09-22 15:10:00,2021-09-22 15:59:00,LONG,1,15158.0,15161.75,7.5,28.17,0.133,entry,49.0
2021-09-23 09:34:00,2021-09-23 09:37:00,SHORT,1,15193.5,15214.75,-42.5,19.39,-1.096,entry,3.0
2021-09-23 09:39:00,2021-09-23 11:20:00,LONG,1,15240.25,15272.0,63.5,28.13,1.129,entry,101.0
2021-09-23 11:31:00,2021-09-23 11:40:00,LONG,1,15302.25,15281.25,-42.0,21.28,-0.987,entry,9.0
2021-09-23 11:54:00,2021-09-23 12:06:00,LONG,1,15301.75,15280.75,-42.0,20.04,-1.048,entry,12.0
2021-09-23 12:30:00,2021-09-23 15:59:00,LONG,1,15302.5,15299.5,-6.0,19.25,-0.156,entry,209.0
2021-09-24 09:37:00,2021-09-24 09:46:00,LONG,1,15240.75,15215.75,-50.0,28.36,-0.881,entry,9.0
2021-09-24 09:59:00,2021-09-24 10:12:00,LONG,1,15247.25,15222.5,-49.5,29.72,-0.833,entry,13.0
2021-09-24 10:23:00,2021-09-24 10:33:00,LONG,1,15255.0,15224.0,-62.0,30.17,-1.028,entry,10.0
2021-09-24 10:42:00,2021-09-24 10:45:00,LONG,1,15247.25,15217.75,-59.0,20.31,-1.453,entry,3.0
2021-09-24 10:53:00,2021-09-24 11:01:00,SHORT,1,15206.75,15231.75,-50.0,19.9,-1.256,entry,8.0
2021-09-24 11:52:00,2021-09-24 15:59:00,LONG,1,15251.75,15315.75,128.0,24.86,2.574,entry,247.0
2021-09-27 09:32:00,2021-09-27 10:06:00,SHORT,1,15174.25,15135.25,78.0,20.53,1.899,entry,34.0
2021-09-27 10:16:00,2021-09-27 11:41:00,LONG,1,15158.0,15149.75,-16.5,24.64,-0.335,entry,85.0
2021-09-27 11:45:00,2021-09-27 12:06:00,SHORT,1,15135.5,15157.25,-43.5,19.86,-1.095,entry,21.0
2021-09-27 12:47:00,2021-09-27 13:05:00,SHORT,1,15134.5,15167.5,-66.0,20.03,-1.647,entry,18.0
2021-09-27 13:08:00,2021-09-27 15:59:00,LONG,1,15173.75,15194.25,41.0,19.79,1.036,entry,171.0
2021-09-28 09:33:00,2021-09-28 14:45:00,SHORT,1,14986.5,14848.75,275.5,22.03,6.252,entry,312.0
2021-09-28 14:46:00,2021-09-28 14:53:00,LONG,1,14861.5,14838.25,-46.5,19.61,-1.186,entry,7.0
2021-09-28 15:08:00,2021-09-28 15:22:00,LONG,1,14873.0,14835.25,-75.5,30.6,-1.234,entry,14.0
2021-09-28 15:23:00,2021-09-28 15:59:00,SHORT,1,14821.5,14764.25,114.5,21.15,2.706,entry,36.0
2021-09-29 09:43:00,2021-09-29 09:48:00,SHORT,1,14799.25,14834.25,-70.0,25.93,-1.35,entry,5.0
2021-09-29 09:49:00,2021-09-29 10:30:00,LONG,1,14869.5,14849.25,-40.5,46.42,-0.436,entry,41.0
2021-09-29 10:32:00,2021-09-29 10:44:00,SHORT,1,14824.25,14855.5,-62.5,27.23,-1.148,entry,12.0
2021-09-29 10:48:00,2021-09-29 11:12:00,LONG,1,14874.75,14852.0,-45.5,24.61,-0.924,entry,24.0
2021-09-29 11:17:00,2021-09-29 14:10:00,SHORT,1,14831.25,14816.5,29.5,20.96,0.704,entry,173.0
2021-09-29 14:14:00,2021-09-29 15:23:00,LONG,1,14842.0,14813.25,-57.5,31.04,-0.926,entry,69.0
2021-09-29 15:40:00,2021-09-29 15:59:00,SHORT,1,14782.25,14742.25,80.0,30.86,1.296,entry,19.0
2021-09-30 09:35:00,2021-09-30 09:38:00,LONG,1,14866.75,14835.75,-62.0,23.45,-1.322,entry,3.0
2021-09-30 09:45:00,2021-09-30 09:47:00,SHORT,1,14820.5,14849.25,-57.5,21.53,-1.335,entry,2.0
2021-09-30 09:49:00,2021-09-30 09:59:00,LONG,1,14865.75,14841.75,-48.0,23.08,-1.04,entry,10.0
2021-09-30 10:06:00,2021-09-30 10:10:00,SHORT,1,14819.25,14845.0,-51.5,27.91,-0.923,entry,4.0
2021-09-30 10:13:00,2021-09-30 10:16:00,SHORT,1,14816.5,14862.0,-91.0,27.51,-1.654,entry,3.0
2021-09-30 10:24:00,2021-09-30 11:16:00,SHORT,1,14817.25,14830.5,-26.5,26.38,-0.502,entry,52.0
2021-09-30 11:33:00,2021-09-30 14:00:00,SHORT,1,14808.0,14784.75,46.5,21.88,1.063,entry,147.0
2021-09-30 14:08:00,2021-09-30 14:26:00,LONG,1,14807.75,14785.0,-45.5,23.11,-0.984,entry,18.0
2021-09-30 14:34:00,2021-09-30 14:55:00,LONG,1,14813.0,14786.5,-53.0,27.46,-0.965,entry,21.0
2021-09-30 15:03:00,2021-09-30 15:08:00,SHORT,1,14763.5,14791.25,-55.5,22.92,-1.211,entry,5.0
2021-09-30 15:10:00,2021-09-30 15:24:00,LONG,1,14807.0,14786.25,-41.5,20.62,-1.006,entry,14.0
2021-09-30 15:41:00,2021-09-30 15:59:00,SHORT,1,14756.75,14675.75,162.0,29.91,2.709,entry,18.0
2021-10-01 09:32:00,2021-10-01 10:58:00,SHORT,1,14688.5,14618.0,141.0,24.32,2.898,entry,86.0
2021-10-01 11:08:00,2021-10-01 11:13:00,SHORT,1,14595.25,14647.75,-105.0,22.44,-2.34,entry,5.0
2021-10-01 11:13:00,2021-10-01 15:59:00,LONG,1,14647.75,14770.5,245.5,30.35,4.044,reverse,286.0
2021-10-04 09:34:00,2021-10-04 15:03:00,SHORT,1,14672.75,14482.0,381.5,21.45,8.894,entry,329.0
2021-10-04 15:11:00,2021-10-04 15:59:00,SHORT,1,14454.25,14468.0,-27.5,21.47,-0.64,entry,48.0
2021-10-05 09:31:00,2021-10-05 09:34:00,LONG,1,14560.25,14529.0,-62.5,25.3,-1.235,entry,3.0
2021-10-05 09:35:00,2021-10-05 09:36:00,LONG,1,14568.5,14538.25,-60.5,27.32,-1.107,entry,1.0
2021-10-05 09:38:00,2021-10-05 09:40:00,SHORT,1,14513.75,14545.75,-64.0,23.29,-1.374,entry,2.0
2021-10-05 09:49:00,2021-10-05 15:59:00,LONG,1,14575.0,14658.5,167.0,34.33,2.432,entry,370.0
2021-10-06 09:31:00,2021-10-06 09:51:00,LONG,1,14552.25,14578.25,52.0,22.99,1.131,entry,20.0
2021-10-06 09:54:00,2021-10-06 10:12:00,SHORT,1,14557.0,14554.75,4.5,25.81,0.087,entry,18.0
2021-10-06 10:14:00,2021-10-06 11:23:00,LONG,1,14581.75,14588.25,13.0,27.13,0.24,entry,69.0
2021-10-06 11:39:00,2021-10-06 12:27:00,LONG,1,14620.5,14586.0,-69.0,24.65,-1.4,entry,48.0
2021-10-06 12:45:00,2021-10-06 12:51:00,LONG,1,14623.5,14597.75,-51.5,24.1,-1.069,entry,6.0
2021-10-06 13:07:00,2021-10-06 13:14:00,SHORT,1,14572.25,14602.0,-59.5,27.17,-1.095,entry,7.0
2021-10-06 13:22:00,2021-10-06 15:59:00,LONG,1,14631.5,14754.0,245.0,32.1,3.816,entry,157.0
2021-10-07 09:33:00,2021-10-07 09:43:00,LONG,1,14917.75,14906.0,-23.5,23.91,-0.491,entry,10.0
2021-10-07 09:56:00,2021-10-07 13:57:00,LONG,1,14945.5,14958.25,25.5,28.37,0.449,entry,241.0
2021-10-07 14:25:00,2021-10-07 15:59:00,SHORT,1,14934.5,14886.5,96.0,23.96,2.003,entry,94.0
2021-10-08 09:34:00,2021-10-08 09:40:00,SHORT,1,14868.75,14898.75,-60.0,38.7,-0.775,entry,6.0
2021-10-08 09:41:00,2021-10-08 09:44:00,LONG,1,14917.5,14889.25,-56.5,25.73,-1.098,entry,3.0
2021-10-08 09:46:00,2021-10-08 09:49:00,SHORT,1,14857.5,14890.25,-65.5,33.67,-0.973,entry,3.0
2021-10-08 09:50:00,2021-10-08 09:56:00,SHORT,1,14859.25,14888.0,-57.5,29.08,-0.989,entry,6.0
2021-10-08 09:59:00,2021-10-08 10:02:00,SHORT,1,14849.0,14887.5,-77.0,35.88,-1.073,entry,3.0
2021-10-08 10:39:00,2021-10-08 14:26:00,SHORT,1,14861.0,14858.25,5.5,24.14,0.114,entry,227.0
2021-10-08 15:36:00,2021-10-08 15:59:00,SHORT,1,14820.5,14811.0,19.0,35.19,0.27,entry,23.0
2021-10-11 09:33:00,2021-10-11 12:04:00,LONG,1,14782.75,14836.5,107.5,30.78,1.746,entry,151.0
2021-10-11 12:52:00,2021-10-11 15:59:00,SHORT,1,14813.25,14699.75,227.0,27.32,4.155,entry,187.0
2021-10-12 09:33:00,2021-10-12 09:38:00,LONG,1,14762.0,14738.5,-47.0,25.58,-0.919,entry,5.0
2021-10-12 09:43:00,2021-10-12 09:52:00,SHORT,1,14710.0,14721.75,-23.5,31.2,-0.377,entry,9.0
2021-10-12 09:56:00,2021-10-12 11:08:00,SHORT,1,14693.25,14698.25,-10.0,25.93,-0.193,entry,72.0
2021-10-12 11:15:00,2021-10-12 11:54:00,SHORT,1,14664.25,14694.0,-59.5,29.03,-1.025,entry,39.0
2021-10-12 12:00:00,2021-10-12 12:32:00,LONG,1,14720.0,14691.75,-56.5,29.07,-0.972,entry,32.0
2021-10-12 12:33:00,2021-10-12 14:14:00,SHORT,1,14666.5,14692.75,-52.5,26.17,-1.003,entry,101.0
2021-10-12 14:18:00,2021-10-12 14:36:00,LONG,1,14718.0,14680.0,-76.0,30.6,-1.242,entry,18.0
2021-10-12 15:02:00,2021-10-12 15:59:00,SHORT,1,14660.75,14650.0,21.5,26.55,0.405,entry,57.0
2021-10-13 09:35:00,2021-10-13 09:43:00,LONG,1,14772.25,14740.5,-63.5,26.01,-1.221,entry,8.0
2021-10-13 09:49:00,2021-10-13 10:44:00,SHORT,1,14721.5,14726.5,-10.0,29.28,-0.171,entry,55.0
2021-10-13 10:56:00,2021-10-13 11:47:00,SHORT,1,14698.75,14719.25,-41.0,23.73,-0.864,entry,51.0
2021-10-13 13:27:00,2021-10-13 15:59:00,LONG,1,14741.75,14766.25,49.0,23.98,1.022,entry,152.0
2021-10-14 09:40:00,2021-10-14 15:59:00,LONG,1,14931.5,15037.0,211.0,23.57,4.476,entry,379.0
2021-10-15 10:45:00,2021-10-15 11:44:00,LONG,1,15093.25,15073.25,-40.0,24.43,-0.819,entry,59.0
2021-10-15 14:01:00,2021-10-15 15:59:00,LONG,1,15105.25,15135.25,60.0,24.94,1.203,entry,118.0
2021-10-18 09:41:00,2021-10-18 15:59:00,LONG,1,15110.0,15286.25,352.5,33.63,5.241,entry,378.0
2021-10-19 09:39:00,2021-10-19 09:44:00,LONG,1,15342.0,15322.75,-38.5,21.79,-0.884,entry,5.0
2021-10-19 09:50:00,2021-10-19 09:56:00,LONG,1,15352.75,15329.25,-47.0,21.55,-1.09,entry,6.0
2021-10-19 10:15:00,2021-10-19 10:36:00,LONG,1,15355.0,15334.5,-41.0,21.45,-0.956,entry,21.0
2021-10-19 10:55:00,2021-10-19 15:59:00,LONG,1,15365.25,15400.0,69.5,27.9,1.246,entry,304.0
2021-10-20 10:00:00,2021-10-20 10:13:00,SHORT,1,15391.0,15413.5,-45.0,24.62,-0.914,entry,13.0
2021-10-20 10:29:00,2021-10-20 10:57:00,LONG,1,15437.0,15412.0,-50.0,23.36,-1.07,entry,28.0
2021-10-20 11:02:00,2021-10-20 11:47:00,SHORT,1,15395.25,15415.5,-40.5,21.43,-0.945,entry,45.0
2021-10-20 12:29:00,2021-10-20 15:59:00,SHORT,1,15390.5,15383.0,15.0,22.12,0.339,entry,210.0
2021-10-21 09:50:00,2021-10-21 11:34:00,LONG,1,15386.0,15397.5,23.0,23.43,0.491,entry,104.0
2021-10-21 12:00:00,2021-10-21 15:59:00,LONG,1,15419.5,15475.25,111.5,20.66,2.698,entry,239.0
2021-10-22 09:36:00,2021-10-22 09:46:00,LONG,1,15452.75,15421.25,-63.0,24.71,-1.275,entry,10.0
2021-10-22 09:47:00,2021-10-22 09:55:00,SHORT,1,15414.0,15426.0,-24.0,21.03,-0.571,entry,8.0
2021-10-22 10:27:00,2021-10-22 10:37:00,LONG,1,15448.25,15427.25,-42.0,22.87,-0.918,entry,10.0
2021-10-22 10:50:00,2021-10-22 14:32:00,SHORT,1,15403.5,15372.75,61.5,23.09,1.332,entry,222.0
2021-10-22 14:52:00,2021-10-22 15:59:00,SHORT,1,15347.25,15342.0,10.5,21.73,0.242,entry,67.0
2021-10-25 09:37:00,2021-10-25 09:55:00,SHORT,1,15385.5,15385.5,-0.0,24.11,-0.0,entry,18.0
2021-10-25 10:00:00,2021-10-25 10:25:00,LONG,1,15398.0,15382.25,-31.5,20.06,-0.785,entry,25.0
2021-10-25 10:27:00,2021-10-25 15:59:00,LONG,1,15412.25,15501.25,178.0,29.16,3.052,entry,332.0
2021-10-26 09:33:00,2021-10-26 09:56:00,LONG,1,15626.0,15625.75,-0.5,23.16,-0.011,entry,23.0
2021-10-26 10:05:00,2021-10-26 11:04:00,LONG,1,15652.0,15651.0,-2.0,20.77,-0.048,entry,59.0
2021-10-26 11:34:00,2021-10-26 15:59:00,SHORT,1,15605.0,15545.0,120.0,47.77,1.256,entry,265.0
2021-10-27 09:42:00,2021-10-27 10:03:00,LONG,1,15618.5,15603.75,-29.5,33.83,-0.436,entry,21.0
2021-10-27 10:05:00,2021-10-27 10:21:00,SHORT,1,15579.25,15606.75,-55.0,24.21,-1.136,entry,16.0
2021-10-27 10:25:00,2021-10-27 15:12:00,LONG,1,15621.5,15638.75,34.5,22.63,0.762,entry,287.0
2021-10-27 15:49:00,2021-10-27 15:59:00,SHORT,1,15613.5,15585.0,57.0,24.85,1.147,entry,10.0
2021-10-28 09:36:00,2021-10-28 09:44:00,SHORT,1,15643.0,15666.25,-46.5,22.69,-1.025,entry,8.0
2021-10-28 09:45:00,2021-10-28 09:52:00,LONG,1,15682.75,15657.25,-51.0,21.15,-1.205,entry,7.0
2021-10-28 10:08:00,2021-10-28 10:13:00,LONG,1,15695.75,15665.25,-61.0,29.48,-1.035,entry,5.0
2021-10-28 10:22:00,2021-10-28 12:57:00,LONG,1,15690.25,15692.25,4.0,21.99,0.091,entry,155.0
2021-10-28 13:27:00,2021-10-28 15:59:00,LONG,1,15721.5,15761.5,80.0,20.67,1.935,entry,152.0
2021-10-29 09:37:00,2021-10-29 10:16:00,LONG,1,15666.0,15668.75,5.5,21.72,0.127,entry,39.0
2021-10-29 10:20:00,2021-10-29 10:41:00,LONG,1,15692.75,15669.25,-47.0,22.37,-1.05,entry,21.0
2021-10-29 10:47:00,2021-10-29 15:59:00,LONG,1,15695.75,15840.25,289.0,22.88,6.315,entry,312.0
2021-11-01 09:37:00,2021-11-01 09:54:00,SHORT,1,15813.5,15829.75,-32.5,25.03,-0.649,entry,17.0
2021-11-01 09:57:00,2021-11-01 10:25:00,SHORT,1,15803.25,15816.25,-26.0,22.99,-0.566,entry,28.0
2021-11-01 11:21:00,2021-11-01 13:40:00,LONG,1,15842.25,15823.5,-37.5,26.57,-0.706,entry,139.0
2021-11-01 14:14:00,2021-11-01 14:46:00,SHORT,1,15801.0,15827.0,-52.0,24.45,-1.063,entry,32.0
2021-11-01 15:23:00,2021-11-01 15:59:00,LONG,1,15844.75,15893.75,98.0,20.04,2.445,entry,36.0
2021-11-02 09:36:00,2021-11-02 10:09:00,LONG,1,15905.75,15921.25,31.0,23.92,0.648,entry,33.0
2021-11-02 10:12:00,2021-11-02 10:20:00,SHORT,1,15905.25,15925.5,-40.5,20.49,-0.988,entry,8.0
2021-11-02 10:29:00,2021-11-02 12:01:00,LONG,1,15947.5,15932.5,-30.0,22.05,-0.68,entry,92.0
2021-11-02 12:53:00,2021-11-02 13:28:00,LONG,1,15955.5,15935.75,-39.5,19.94,-0.991,entry,35.0
2021-11-02 14:15:00,2021-11-02 14:47:00,SHORT,1,15911.0,15935.5,-49.0,25.04,-0.978,entry,32.0
2021-11-02 15:05:00,2021-11-02 15:59:00,LONG,1,15956.0,15962.0,12.0,20.67,0.29,entry,54.0
2021-11-03 10:04:00,2021-11-03 10:22:00,SHORT,1,15939.0,15965.75,-53.5,28.92,-0.925,entry,18.0
2021-11-03 10:37:00,2021-11-03 10:54:00,SHORT,1,15944.5,15963.25,-37.5,19.72,-0.951,entry,17.0
2021-11-03 11:36:00,2021-11-03 11:43:00,SHORT,1,15942.25,15962.75,-41.0,19.42,-1.056,entry,7.0
2021-11-03 11:57:00,2021-11-03 15:59:00,LONG,1,15981.25,16129.75,297.0,19.31,7.692,entry,242.0
2021-11-04 09:43:00,2021-11-04 11:25:00,LONG,1,16196.0,16256.75,121.5,20.15,3.015,entry,102.0
2021-11-04 11:56:00,2021-11-04 15:59:00,LONG,1,16285.5,16335.0,99.0,28.12,1.76,entry,243.0
2021-11-05 09:37:00,2021-11-05 09:42:00,LONG,1,16440.75,16412.25,-57.0,21.76,-1.31,entry,5.0
2021-11-05 09:48:00,2021-11-05 09:59:00,SHORT,1,16400.0,16416.75,-33.5,21.75,-0.77,entry,11.0
2021-11-05 10:04:00,2021-11-05 10:07:00,LONG,1,16435.75,16413.0,-45.5,21.69,-1.049,entry,3.0
2021-11-05 10:15:00,2021-11-05 10:28:00,LONG,1,16437.25,16414.75,-45.0,22.14,-1.016,entry,13.0
2021-11-05 11:48:00,2021-11-05 12:16:00,LONG,1,16443.75,16419.5,-48.5,23.11,-1.049,entry,28.0
2021-11-05 12:37:00,2021-11-05 15:59:00,SHORT,1,16397.0,16351.25,91.5,24.52,1.866,entry,202.0
2021-11-08 09:35:00,2021-11-08 09:39:00,LONG,1,16384.0,16358.25,-51.5,25.43,-1.012,entry,4.0
2021-11-08 09:42:00,2021-11-08 09:47:00,SHORT,1,16343.0,16362.0,-38.0,20.64,-0.921,entry,5.0
2021-11-08 09:52:00,2021-11-08 10:20:00,SHORT,1,16334.75,16354.0,-38.5,24.58,-0.783,entry,28.0
2021-11-08 10:38:00,2021-11-08 10:58:00,SHORT,1,16329.5,16345.5,-32.0,19.92,-0.803,entry,20.0
2021-11-08 11:14:00,2021-11-08 11:21:00,SHORT,1,16321.75,16357.0,-70.5,22.27,-1.583,entry,7.0
2021-11-08 11:35:00,2021-11-08 11:48:00,LONG,1,16363.75,16344.75,-38.0,19.2,-0.99,entry,13.0
2021-11-08 12:03:00,2021-11-08 12:45:00,SHORT,1,16323.0,16343.25,-40.5,21.26,-0.953,entry,42.0
2021-11-08 13:12:00,2021-11-08 14:29:00,LONG,1,16361.75,16341.0,-41.5,19.29,-1.076,entry,77.0
2021-11-08 14:46:00,2021-11-08 15:38:00,LONG,1,16364.5,16346.0,-37.0,19.42,-0.953,entry,52.0
2021-11-08 15:44:00,2021-11-08 15:59:00,SHORT,1,16324.5,16329.25,-9.5,21.37,-0.222,entry,15.0
2021-11-09 09:47:00,2021-11-09 10:42:00,SHORT,1,16349.5,16283.5,132.0,20.96,3.149,entry,55.0
2021-11-09 10:56:00,2021-11-09 11:44:00,SHORT,1,16242.5,16275.5,-66.0,33.65,-0.981,entry,48.0
2021-11-09 11:52:00,2021-11-09 15:59:00,SHORT,1,16238.0,16217.5,41.0,31.37,0.653,entry,247.0
2021-11-10 09:32:00,2021-11-10 09:35:00,SHORT,1,16048.0,16103.0,-110.0,33.84,-1.625,entry,3.0
2021-11-10 09:35:00,2021-11-10 11:29:00,LONG,1,16103.0,16148.75,91.5,26.09,1.753,reverse,114.0
2021-11-10 11:42:00,2021-11-10 11:52:00,SHORT,1,16125.0,16151.0,-52.0,26.73,-0.973,entry,10.0
2021-11-10 12:21:00,2021-11-10 15:59:00,SHORT,1,16128.0,15978.0,300.0,22.7,6.609,entry,218.0
2021-11-11 09:38:00,2021-11-11 09:51:00,SHORT,1,16064.75,16083.5,-37.5,22.66,-0.827,entry,13.0
2021-11-11 09:54:00,2021-11-11 10:01:00,LONG,1,16105.0,16078.75,-52.5,24.93,-1.053,entry,7.0
2021-11-11 10:08:00,2021-11-11 10:42:00,SHORT,1,16056.25,16081.5,-50.5,23.73,-1.064,entry,34.0
2021-11-11 11:39:00,2021-11-11 11:59:00,LONG,1,16094.5,16074.5,-40.0,20.56,-0.973,entry,20.0
2021-11-11 12:03:00,2021-11-11 14:09:00,SHORT,1,16054.0,16069.5,-31.0,20.35,-0.762,entry,126.0
2021-11-11 14:51:00,2021-11-11 15:59:00,SHORT,1,16046.0,16022.5,47.0,20.97,1.121,entry,68.0
2021-11-12 09:36:00,2021-11-12 09:55:00,SHORT,1,16026.0,16033.0,-14.0,30.47,-0.23,entry,19.0
2021-11-12 10:19:00,2021-11-12 15:59:00,LONG,1,16068.0,16189.75,243.5,31.8,3.829,entry,340.0
2021-11-15 09:50:00,2021-11-15 09:56:00,SHORT,1,16207.75,16227.75,-40.0,22.9,-0.873,entry,6.0
2021-11-15 10:02:00,2021-11-15 14:45:00,SHORT,1,16204.25,16169.5,69.5,20.79,1.672,entry,283.0
2021-11-15 15:22:00,2021-11-15 15:45:00,LONG,1,16191.5,16164.5,-54.0,24.61,-1.097,entry,23.0
2021-11-16 09:34:00,2021-11-16 09:51:00,LONG,1,16198.0,16210.5,25.0,20.58,0.607,entry,17.0
2021-11-16 10:01:00,2021-11-16 10:23:00,LONG,1,16242.5,16220.25,-44.5,26.32,-0.845,entry,22.0
2021-11-16 10:29:00,2021-11-16 10:39:00,SHORT,1,16198.25,16224.0,-51.5,23.49,-1.096,entry,10.0
2021-11-16 11:01:00,2021-11-16 15:59:00,LONG,1,16246.75,16305.0,116.5,24.81,2.348,entry,298.0
2021-11-17 09:51:00,2021-11-17 10:04:00,SHORT,1,16275.5,16302.0,-53.0,29.05,-0.912,entry,13.0
2021-11-17 10:11:00,2021-11-17 12:22:00,LONG,1,16320.75,16325.25,9.0,19.98,0.225,entry,131.0
2021-11-17 12:54:00,2021-11-17 13:25:00,SHORT,1,16303.5,16326.25,-45.5,22.85,-0.996,entry,31.0
2021-11-17 13:53:00,2021-11-17 14:20:00,LONG,1,16344.75,16325.25,-39.0,19.97,-0.977,entry,27.0
2021-11-17 15:06:00,2021-11-17 15:16:00,SHORT,1,16305.75,16326.0,-40.5,19.84,-1.021,entry,10.0
2021-11-18 09:46:00,2021-11-18 09:53:00,LONG,1,16401.5,16381.5,-40.0,23.63,-0.846,entry,7.0
2021-11-18 10:05:00,2021-11-18 10:09:00,LONG,1,16412.0,16378.75,-66.5,24.61,-1.351,entry,4.0
2021-11-18 10:10:00,2021-11-18 10:37:00,SHORT,1,16349.0,16370.0,-42.0,37.72,-0.557,entry,27.0
2021-11-18 10:43:00,2021-11-18 11:12:00,SHORT,1,16344.5,16381.25,-73.5,24.29,-1.513,entry,29.0
2021-11-18 11:18:00,2021-11-18 15:59:00,LONG,1,16390.0,16481.0,182.0,23.23,3.918,entry,281.0
2021-11-19 09:31:00,2021-11-19 09:35:00,SHORT,1,16519.5,16541.25,-43.5,19.09,-1.139,entry,4.0
2021-11-19 09:44:00,2021-11-19 10:26:00,LONG,1,16563.75,16563.25,-1.0,21.64,-0.023,entry,42.0
2021-11-19 10:29:00,2021-11-19 10:34:00,SHORT,1,16548.0,16572.25,-48.5,23.45,-1.034,entry,5.0
2021-11-19 10:42:00,2021-11-19 10:47:00,LONG,1,16594.0,16566.75,-54.5,22.71,-1.2,entry,5.0
2021-11-19 11:15:00,2021-11-19 13:17:00,LONG,1,16592.75,16582.0,-21.5,20.1,-0.535,entry,122.0
2021-11-19 13:28:00,2021-11-19 13:58:00,SHORT,1,16563.5,16581.75,-36.5,20.31,-0.898,entry,30.0
2021-11-19 15:17:00,2021-11-19 15:59:00,SHORT,1,16562.0,16572.75,-21.5,19.35,-0.556,entry,42.0
2021-11-22 09:39:00,2021-11-22 10:56:00,LONG,1,16696.25,16707.75,23.0,23.83,0.483,entry,77.0
2021-11-22 10:57:00,2021-11-22 15:59:00,SHORT,1,16695.0,16383.25,623.5,24.12,12.926,entry,302.0
2021-11-23 09:34:00,2021-11-23 09:36:00,SHORT,1,16288.25,16315.5,-54.5,27.55,-0.989,entry,2.0
2021-11-23 09:38:00,2021-11-23 10:06:00,LONG,1,16350.25,16312.25,-76.0,33.64,-1.13,entry,28.0
2021-11-23 10:06:00,2021-11-23 14:53:00,SHORT,1,16312.25,16240.75,143.0,43.39,1.648,reverse,287.0
2021-11-23 15:06:00,2021-11-23 15:59:00,LONG,1,16263.0,16305.75,85.5,23.87,1.791,entry,53.0
2021-11-24 09:39:00,2021-11-24 09:51:00,SHORT,1,16132.5,16158.75,-52.5,31.77,-0.826,entry,12.0
2021-11-24 09:58:00,2021-11-24 15:59:00,LONG,1,16179.0,16362.25,366.5,27.74,6.606,entry,361.0
2021-11-26 09:34:00,2021-11-26 09:37:00,LONG,1,16295.5,16247.25,-96.5,24.6,-1.962,entry,3.0
2021-11-26 09:37:00,2021-11-26 09:58:00,SHORT,1,16247.25,16240.75,13.0,27.86,0.233,reverse,21.0
2021-11-26 10:01:00,2021-11-26 13:14:00,SHORT,1,16207.25,16043.5,327.5,28.93,5.661,entry,193.0
2021-11-29 09:32:00,2021-11-29 09:38:00,SHORT,1,16226.0,16252.75,-53.5,29.14,-0.918,entry,6.0
2021-11-29 09:42:00,2021-11-29 09:45:00,LONG,1,16273.5,16222.75,-101.5,27.2,-1.866,entry,3.0
2021-11-29 09:45:00,2021-11-29 09:47:00,SHORT,1,16222.75,16245.0,-44.5,23.78,-0.936,reverse,2.0
2021-11-29 09:52:00,2021-11-29 10:28:00,LONG,1,16281.0,16264.25,-33.5,33.11,-0.506,entry,36.0
2021-11-29 10:31:00,2021-11-29 10:35:00,SHORT,1,16243.25,16275.75,-65.0,24.75,-1.313,entry,4.0
2021-11-29 10:37:00,2021-11-29 10:45:00,SHORT,1,16241.0,16274.0,-66.0,26.03,-1.268,entry,8.0
2021-11-29 11:08:00,2021-11-29 15:59:00,LONG,1,16290.25,16390.75,201.0,24.56,4.091,entry,291.0
2021-11-30 09:46:00,2021-11-30 10:22:00,LONG,1,16373.5,16383.75,20.5,24.43,0.419,entry,36.0
2021-11-30 10:27:00,2021-11-30 10:36:00,LONG,1,16408.5,16372.5,-72.0,23.33,-1.543,entry,9.0
2021-11-30 10:37:00,2021-11-30 15:59:00,SHORT,1,16348.0,16148.75,398.5,39.7,5.019,entry,322.0
2021-12-01 09:34:00,2021-12-01 09:38:00,SHORT,1,16286.5,16311.75,-50.5,28.35,-0.891,entry,4.0
2021-12-01 10:00:00,2021-12-01 10:21:00,LONG,1,16340.75,16313.0,-55.5,33.66,-0.824,entry,21.0
2021-12-01 10:40:00,2021-12-01 10:43:00,SHORT,1,16292.5,16332.25,-79.5,29.28,-1.357,entry,3.0
2021-12-01 10:47:00,2021-12-01 11:57:00,LONG,1,16352.75,16335.0,-35.5,30.48,-0.582,entry,70.0
2021-12-01 12:05:00,2021-12-01 12:24:00,LONG,1,16369.25,16345.5,-47.5,24.23,-0.98,entry,19.0
2021-12-01 12:50:00,2021-12-01 15:59:00,SHORT,1,16313.75,15874.75,878.0,30.93,14.193,entry,189.0
2021-12-02 09:32:00,2021-12-02 09:34:00,LONG,1,15867.25,15841.0,-52.5,31.38,-0.836,entry,2.0
2021-12-02 09:36:00,2021-12-02 10:09:00,LONG,1,15915.75,15933.5,35.5,60.46,0.294,entry,33.0
2021-12-02 10:10:00,2021-12-02 10:58:00,SHORT,1,15903.0,15899.5,7.0,32.64,0.107,entry,48.0
2021-12-02 11:01:00,2021-12-02 11:06:00,SHORT,1,15863.25,15910.25,-94.0,33.89,-1.387,entry,5.0
2021-12-02 11:07:00,2021-12-02 11:31:00,LONG,1,15925.5,15893.75,-63.5,28.55,-1.112,entry,24.0
2021-12-02 11:38:00,2021-12-02 11:43:00,LONG,1,15932.0,15887.5,-89.0,28.21,-1.577,entry,5.0
2021-12-02 11:58:00,2021-12-02 13:30:00,LONG,1,15942.75,15927.5,-30.5,38.32,-0.398,entry,92.0
2021-12-02 13:32:00,2021-12-02 15:59:00,LONG,1,15962.5,15990.5,56.0,33.35,0.839,entry,147.0
2021-12-03 09:32:00,2021-12-03 09:34:00,LONG,1,16079.75,16053.5,-52.5,27.4,-0.958,entry,2.0
2021-12-03 09:35:00,2021-12-03 15:57:00,SHORT,1,15994.25,15712.25,564.0,53.08,5.312,entry,382.0
2021-12-06 09:31:00,2021-12-06 09:43:00,SHORT,1,15686.75,15654.0,65.5,40.96,0.8,entry,12.0
2021-12-06 09:44:00,2021-12-06 09:54:00,LONG,1,15669.25,15645.75,-47.0,30.15,-0.779,entry,10.0
2021-12-06 09:58:00,2021-12-06 10:01:00,LONG,1,15688.75,15649.75,-78.0,38.61,-1.01,entry,3.0
2021-12-06 10:06:00,2021-12-06 10:07:00,SHORT,1,15612.0,15651.25,-78.5,36.69,-1.07,entry,1.0
2021-12-06 10:10:00,2021-12-06 10:47:00,LONG,1,15685.5,15675.75,-19.5,36.27,-0.269,entry,37.0
2021-12-06 10:56:00,2021-12-06 11:12:00,LONG,1,15715.5,15680.0,-71.0,34.53,-1.028,entry,16.0
2021-12-06 11:25:00,2021-12-06 15:59:00,LONG,1,15717.75,15842.75,250.0,33.08,3.779,entry,274.0
2021-12-07 09:45:00,2021-12-07 15:50:00,LONG,1,16182.25,16243.0,121.5,33.41,1.818,entry,365.0
2021-12-07 15:55:00,2021-12-07 15:59:00,LONG,1,16296.25,16321.5,50.5,35.83,0.705,entry,4.0
2021-12-08 09:31:00,2021-12-08 09:33:00,SHORT,1,16261.0,16287.5,-53.0,31.26,-0.848,entry,2.0
2021-12-08 09:48:00,2021-12-08 09:55:00,LONG,1,16333.25,16281.25,-104.0,38.95,-1.335,entry,7.0
2021-12-08 10:47:00,2021-12-08 11:14:00,SHORT,1,16255.75,16297.25,-83.0,42.37,-0.979,entry,27.0
2021-12-08 11:30:00,2021-12-08 12:21:00,LONG,1,16334.5,16296.25,-76.5,38.63,-0.99,entry,51.0
2021-12-08 12:42:00,2021-12-08 15:59:00,LONG,1,16331.5,16389.0,115.0,32.23,1.784,entry,197.0
2021-12-09 09:37:00,2021-12-09 09:49:00,LONG,1,16403.0,16376.75,-52.5,30.23,-0.868,entry,12.0
2021-12-09 09:55:00,2021-12-09 11:27:00,SHORT,1,16337.75,16333.0,9.5,43.03,0.11,entry,92.0
2021-12-09 11:45:00,2021-12-09 15:59:00,SHORT,1,16298.75,16149.75,298.0,33.0,4.516,entry,254.0
2021-12-10 09:43:00,2021-12-10 10:09:00,SHORT,1,16251.75,16267.0,-30.5,35.77,-0.426,entry,26.0
2021-12-10 10:17:00,2021-12-10 10:32:00,LONG,1,16299.25,16259.25,-80.0,39.19,-1.021,entry,15.0
2021-12-10 10:35:00,2021-12-10 11:44:00,SHORT,1,16211.25,16238.5,-54.5,52.05,-0.524,entry,69.0
2021-12-10 13:01:00,2021-12-10 14:53:00,LONG,1,16271.0,16240.25,-61.5,34.6,-0.889,entry,112.0
2021-12-10 15:22:00,2021-12-10 15:59:00,LONG,1,16276.5,16326.75,100.5,35.23,1.427,entry,37.0
2021-12-13 09:53:00,2021-12-13 09:56:00,SHORT,1,16263.5,16306.0,-85.0,38.78,-1.096,entry,3.0
2021-12-13 10:00:00,2021-12-13 10:12:00,SHORT,1,16269.0,16294.75,-51.5,29.48,-0.873,entry,12.0
2021-12-13 10:21:00,2021-12-13 15:59:00,SHORT,1,16243.0,16087.5,311.0,49.07,3.169,entry,338.0
2021-12-14 09:31:00,2021-12-14 09:51:00,LONG,1,15924.75,15934.0,18.5,32.95,0.281,entry,20.0
2021-12-14 10:02:00,2021-12-14 10:24:00,SHORT,1,15901.75,15922.5,-41.5,31.27,-0.664,entry,22.0
2021-12-14 10:40:00,2021-12-14 14:34:00,SHORT,1,15886.25,15843.0,86.5,32.15,1.345,entry,234.0
2021-12-14 15:03:00,2021-12-14 15:59:00,LONG,1,15888.5,15926.5,76.0,45.26,0.84,entry,56.0
2021-12-15 09:47:00,2021-12-15 10:21:00,SHORT,1,15857.75,15872.75,-30.0,35.19,-0.426,entry,34.0
2021-12-15 10:39:00,2021-12-15 10:49:00,LONG,1,15902.5,15866.0,-73.0,37.38,-0.976,entry,10.0
2021-12-15 11:09:00,2021-12-15 13:58:00,SHORT,1,15830.5,15834.0,-7.0,34.52,-0.101,entry,169.0
2021-12-15 14:00:00,2021-12-15 14:03:00,SHORT,1,15763.5,15892.5,-258.0,67.66,-1.907,entry,3.0
2021-12-15 14:03:00,2021-12-15 15:59:00,LONG,1,15892.5,16282.0,779.0,62.31,6.251,reverse,116.0
2021-12-16 09:37:00,2021-12-16 09:49:00,SHORT,1,16270.0,16278.5,-17.0,31.71,-0.268,entry,12.0
2021-12-16 09:50:00,2021-12-16 15:59:00,SHORT,1,16236.0,15862.25,747.5,36.84,10.146,entry,369.0
2021-12-17 09:33:00,2021-12-17 09:35:00,LONG,1,15786.5,15729.5,-114.0,51.29,-1.111,entry,2.0
2021-12-17 09:36:00,2021-12-17 09:46:00,SHORT,1,15685.75,15730.5,-89.5,49.55,-0.903,entry,10.0
2021-12-17 09:47:00,2021-12-17 10:06:00,LONG,1,15755.5,15728.5,-54.0,42.43,-0.636,entry,19.0
2021-12-17 10:13:00,2021-12-17 10:29:00,SHORT,1,15697.5,15736.5,-78.0,42.9,-0.909,entry,16.0
2021-12-17 10:33:00,2021-12-17 11:46:00,LONG,1,15780.0,15765.75,-28.5,49.72,-0.287,entry,73.0
2021-12-17 12:07:00,2021-12-17 12:12:00,SHORT,1,15747.0,15787.25,-80.5,40.3,-0.999,entry,5.0
2021-12-17 12:15:00,2021-12-17 12:25:00,LONG,1,15827.75,15783.0,-89.5,40.48,-1.105,entry,10.0
2021-12-17 12:31:00,2021-12-17 12:53:00,LONG,1,15854.5,15786.75,-135.5,65.74,-1.031,entry,22.0
2021-12-17 13:19:00,2021-12-17 15:32:00,LONG,1,15832.5,15801.5,-62.0,40.96,-0.757,entry,133.0
2021-12-17 15:49:00,2021-12-17 15:53:00,SHORT,1,15764.25,15812.0,-95.5,43.67,-1.093,entry,4.0
2021-12-20 09:39:00,2021-12-20 09:40:00,LONG,1,15630.25,15557.0,-146.5,45.67,-1.604,entry,1.0
2021-12-20 09:43:00,2021-12-20 09:49:00,LONG,1,15631.75,15565.5,-132.5,45.53,-1.455,entry,6.0
2021-12-20 09:55:00,2021-12-20 10:04:00,LONG,1,15639.5,15597.5,-84.0,48.61,-0.864,entry,9.0
2021-12-20 10:18:00,2021-12-20 10:24:00,LONG,1,15633.25,15594.25,-78.0,37.12,-1.051,entry,6.0
2021-12-20 10:30:00,2021-12-20 10:35:00,SHORT,1,15562.25,15596.25,-68.0,34.25,-0.993,entry,5.0
2021-12-20 10:53:00,2021-12-20 12:18:00,SHORT,1,15557.0,15589.25,-64.5,39.13,-0.824,entry,85.0
2021-12-20 12:32:00,2021-12-20 13:39:00,SHORT,1,15537.0,15575.0,-76.0,37.95,-1.001,entry,67.0
2021-12-20 14:09:00,2021-12-20 14:26:00,LONG,1,15604.75,15569.5,-70.5,34.5,-1.022,entry,17.0
2021-12-20 14:53:00,2021-12-20 15:59:00,LONG,1,15612.0,15624.75,25.5,40.5,0.315,entry,66.0
2021-12-21 09:43:00,2021-12-21 11:04:00,SHORT,1,15717.5,15687.75,59.5,41.28,0.721,entry,81.0
2021-12-21 11:08:00,2021-12-21 15:59:00,LONG,1,15721.75,15973.0,502.5,33.43,7.516,entry,291.0
2021-12-22 09:43:00,2021-12-22 10:03:00,LONG,1,15996.25,15982.25,-28.0,35.54,-0.394,entry,20.0
2021-12-22 10:17:00,2021-12-22 13:40:00,LONG,1,16020.25,16043.5,46.5,32.84,0.708,entry,203.0
2021-12-22 14:38:00,2021-12-22 15:59:00,LONG,1,16088.5,16168.5,160.0,35.6,2.247,entry,81.0
2021-12-23 10:01:00,2021-12-23 15:59:00,LONG,1,16246.25,16293.75,95.0,32.68,1.453,entry,358.0
2021-12-27 09:35:00,2021-12-27 09:47:00,LONG,1,16429.5,16409.75,-39.5,33.54,-0.589,entry,12.0
2021-12-27 10:02:00,2021-12-27 15:59:00,LONG,1,16452.5,16560.5,216.0,31.34,3.447,entry,357.0
2021-12-28 09:35:00,2021-12-28 09:41:00,SHORT,1,16542.25,16568.75,-53.0,31.2,-0.849,entry,6.0
2021-12-28 10:09:00,2021-12-28 10:28:00,SHORT,1,16519.75,16551.0,-62.5,41.71,-0.749,entry,19.0
2021-12-28 11:23:00,2021-12-28 11:54:00,SHORT,1,16518.0,16551.25,-66.5,32.33,-1.029,entry,31.0
2021-12-28 12:29:00,2021-12-28 15:46:00,SHORT,1,16508.75,16525.5,-33.5,36.9,-0.454,entry,197.0
2021-12-28 15:50:00,2021-12-28 15:59:00,SHORT,1,16486.75,16494.75,-16.0,37.76,-0.212,entry,9.0
2021-12-29 09:46:00,2021-12-29 09:51:00,SHORT,1,16485.0,16517.5,-65.0,33.39,-0.973,entry,5.0
2021-12-29 10:05:00,2021-12-29 11:03:00,SHORT,1,16477.75,16478.25,-1.0,34.73,-0.014,entry,58.0
2021-12-29 11:32:00,2021-12-29 13:55:00,SHORT,1,16440.25,16466.5,-52.5,32.24,-0.814,entry,143.0
2021-12-29 14:37:00,2021-12-29 15:59:00,LONG,1,16495.0,16488.5,-13.0,30.1,-0.216,entry,82.0
2021-12-30 09:42:00,2021-12-30 09:53:00,SHORT,1,16452.0,16487.25,-70.5,37.8,-0.932,entry,11.0
2021-12-30 10:05:00,2021-12-30 14:00:00,LONG,1,16525.5,16524.0,-3.0,36.92,-0.041,entry,235.0
2021-12-30 15:10:00,2021-12-30 15:59:00,SHORT,1,16493.75,16428.5,130.5,29.44,2.217,entry,49.0
2021-12-31 09:47:00,2021-12-31 10:18:00,SHORT,1,16395.75,16418.5,-45.5,39.55,-0.575,entry,31.0
2021-12-31 10:37:00,2021-12-31 11:28:00,SHORT,1,16378.5,16402.25,-47.5,30.94,-0.768,entry,51.0
2021-12-31 11:53:00,2021-12-31 15:59:00,SHORT,1,16372.0,16325.0,94.0,28.5,1.649,entry,246.0
2022-01-03 09:37:00,2022-01-03 09:45:00,LONG,1,16477.75,16426.0,-103.5,45.9,-1.127,entry,8.0
2022-01-03 09:47:00,2022-01-03 10:14:00,SHORT,1,16379.5,16386.75,-14.5,55.68,-0.13,entry,27.0
2022-01-03 10:25:00,2022-01-03 11:37:00,LONG,1,16411.75,16383.75,-56.0,30.52,-0.917,entry,72.0
2022-01-03 11:47:00,2022-01-03 11:57:00,LONG,1,16424.75,16392.75,-64.0,32.29,-0.991,entry,10.0
2022-01-03 12:24:00,2022-01-03 15:59:00,LONG,1,16420.0,16489.0,138.0,27.0,2.556,entry,215.0
2022-01-04 09:50:00,2022-01-04 15:33:00,SHORT,1,16455.25,16287.5,335.5,29.58,5.672,entry,343.0
2022-01-04 15:50:00,2022-01-04 15:56:00,LONG,1,16320.0,16286.25,-67.5,32.97,-1.024,entry,6.0
2022-01-05 09:32:00,2022-01-05 09:37:00,SHORT,1,16126.0,16153.25,-54.5,47.62,-0.572,entry,5.0
2022-01-05 09:41:00,2022-01-05 10:16:00,LONG,1,16185.0,16174.75,-20.5,27.38,-0.374,entry,35.0
2022-01-05 10:25:00,2022-01-05 10:31:00,LONG,1,16208.5,16168.25,-80.5,28.0,-1.437,entry,6.0
2022-01-05 10:34:00,2022-01-05 11:00:00,SHORT,1,16146.25,16183.75,-75.0,34.49,-1.087,entry,26.0
2022-01-05 11:10:00,2022-01-05 15:59:00,SHORT,1,16144.5,15763.75,761.5,29.89,12.737,entry,289.0
2022-01-06 09:32:00,2022-01-06 09:49:00,LONG,1,15749.75,15772.25,45.0,33.29,0.676,entry,17.0
2022-01-06 09:50:00,2022-01-06 09:51:00,SHORT,1,15748.75,15792.0,-86.5,40.93,-1.057,entry,1.0
2022-01-06 09:54:00,2022-01-06 10:17:00,SHORT,1,15740.0,15736.0,8.0,47.4,0.084,entry,23.0
2022-01-06 10:19:00,2022-01-06 10:24:00,SHORT,1,15685.5,15730.5,-90.0,47.17,-0.954,entry,5.0
2022-01-06 10:25:00,2022-01-06 13:25:00,LONG,1,15769.0,15776.25,14.5,38.25,0.19,entry,180.0
2022-01-06 13:46:00,2022-01-06 15:32:00,LONG,1,15818.5,15779.5,-78.0,38.42,-1.015,entry,106.0
2022-01-06 15:40:00,2022-01-06 15:59:00,SHORT,1,15742.25,15758.0,-31.5,42.23,-0.373,entry,19.0
2022-01-07 09:33:00,2022-01-07 09:39:00,SHORT,1,15713.0,15728.0,-30.0,30.78,-0.487,entry,6.0
2022-01-07 09:41:00,2022-01-07 10:04:00,LONG,1,15763.0,15745.0,-36.0,38.34,-0.469,entry,23.0
2022-01-07 10:05:00,2022-01-07 11:54:00,SHORT,1,15730.25,15671.5,117.5,29.79,1.972,entry,109.0
2022-01-07 12:04:00,2022-01-07 15:04:00,SHORT,1,15628.75,15653.25,-49.0,33.87,-0.723,entry,180.0
2022-01-07 15:24:00,2022-01-07 15:59:00,SHORT,1,15618.25,15585.0,66.5,30.41,1.093,entry,35.0
2022-01-10 09:32:00,2022-01-10 09:50:00,SHORT,1,15329.5,15331.75,-4.5,40.91,-0.055,entry,18.0
2022-01-10 09:54:00,2022-01-10 11:12:00,SHORT,1,15288.75,15266.5,44.5,36.14,0.616,entry,78.0
2022-01-10 11:18:00,2022-01-10 12:03:00,LONG,1,15283.25,15254.5,-57.5,30.32,-0.948,entry,45.0
2022-01-10 12:09:00,2022-01-10 12:47:00,SHORT,1,15225.75,15258.5,-65.5,33.33,-0.983,entry,38.0
2022-01-10 12:52:00,2022-01-10 15:59:00,LONG,1,15297.25,15604.0,613.5,41.13,7.458,entry,187.0
2022-01-11 09:36:00,2022-01-11 09:40:00,LONG,1,15588.5,15530.5,-116.0,41.97,-1.382,entry,4.0
2022-01-11 09:41:00,2022-01-11 09:46:00,SHORT,1,15495.0,15533.5,-77.0,51.19,-0.752,entry,5.0
2022-01-11 09:48:00,2022-01-11 09:51:00,SHORT,1,15499.75,15567.5,-135.5,32.27,-2.099,entry,3.0
2022-01-11 09:51:00,2022-01-11 09:54:00,LONG,1,15567.5,15520.5,-94.0,35.86,-1.311,reverse,3.0
2022-01-11 10:00:00,2022-01-11 10:34:00,LONG,1,15578.25,15558.0,-40.5,44.06,-0.46,entry,34.0
2022-01-11 10:41:00,2022-01-11 10:59:00,SHORT,1,15527.75,15563.75,-72.0,36.33,-0.991,entry,18.0
2022-01-11 11:03:00,2022-01-11 15:59:00,LONG,1,15621.25,15832.25,422.0,60.27,3.501,entry,296.0
2022-01-12 09:41:00,2022-01-12 09:52:00,SHORT,1,15905.0,15947.5,-85.0,48.85,-0.87,entry,11.0
2022-01-12 10:08:00,2022-01-12 10:31:00,LONG,1,15978.5,15935.25,-86.5,36.18,-1.195,entry,23.0
2022-01-12 10:38:00,2022-01-12 11:42:00,SHORT,1,15903.0,15919.75,-33.5,49.12,-0.341,entry,64.0
2022-01-12 12:05:00,2022-01-12 12:26:00,SHORT,1,15880.0,15915.0,-70.0,31.07,-1.126,entry,21.0
2022-01-12 12:50:00,2022-01-12 13:12:00,LONG,1,15944.25,15909.5,-69.5,33.75,-1.03,entry,22.0
2022-01-12 13:52:00,2022-01-12 14:22:00,SHORT,1,15878.75,15909.75,-62.0,32.03,-0.968,entry,30.0
2022-01-12 15:03:00,2022-01-12 15:45:00,SHORT,1,15874.0,15909.0,-70.0,33.99,-1.03,entry,42.0
2022-01-13 10:03:00,2022-01-13 15:59:00,SHORT,1,15913.25,15498.0,830.5,32.99,12.588,entry,356.0
2022-01-14 09:35:00,2022-01-14 10:03:00,LONG,1,15464.75,15490.25,51.0,32.9,0.775,entry,28.0
2022-01-14 10:05:00,2022-01-14 10:26:00,LONG,1,15539.5,15510.5,-58.0,35.89,-0.808,entry,21.0
2022-01-14 10:37:00,2022-01-14 11:00:00,SHORT,1,15468.5,15523.75,-110.5,45.06,-1.226,entry,23.0
2022-01-14 11:03:00,2022-01-14 11:32:00,SHORT,1,15476.5,15502.75,-52.5,32.21,-0.815,entry,29.0
2022-01-14 11:37:00,2022-01-14 12:22:00,LONG,1,15534.5,15495.25,-78.5,33.16,-1.184,entry,45.0
2022-01-14 12:47:00,2022-01-14 13:56:00,SHORT,1,15473.25,15504.75,-63.0,33.14,-0.951,entry,69.0
2022-01-14 14:02:00,2022-01-14 14:10:00,LONG,1,15531.75,15497.5,-68.5,34.28,-0.999,entry,8.0
2022-01-14 14:35:00,2022-01-14 14:59:00,LONG,1,15535.75,15497.5,-76.5,37.85,-1.011,entry,24.0
2022-01-14 15:03:00,2022-01-14 15:59:00,LONG,1,15543.25,15592.25,98.0,44.2,1.109,entry,56.0
2022-01-17 09:49:00,2022-01-17 10:12:00,SHORT,1,15551.75,15589.5,-75.5,34.76,-1.086,entry,23.0
2022-01-17 12:51:00,2022-01-17 12:59:00,SHORT,1,15543.75,15559.25,-31.0,33.75,-0.459,entry,8.0
2022-01-18 09:31:00,2022-01-18 09:41:00,SHORT,1,15298.25,15337.25,-78.0,32.06,-1.216,entry,10.0
2022-01-18 09:42:00,2022-01-18 09:48:00,LONG,1,15368.25,15306.25,-124.0,55.18,-1.124,entry,6.0
2022-01-18 10:05:00,2022-01-18 10:39:00,LONG,1,15352.5,15340.5,-24.0,34.98,-0.343,entry,34.0
2022-01-18 10:58:00,2022-01-18 11:49:00,SHORT,1,15310.0,15337.5,-55.0,36.33,-0.757,entry,51.0
2022-01-18 12:03:00,2022-01-18 14:49:00,SHORT,1,15306.0,15310.75,-9.5,29.5,-0.161,entry,166.0
2022-01-18 15:14:00,2022-01-18 15:59:00,SHORT,1,15277.5,15214.5,126.0,31.77,1.983,entry,45.0
2022-01-19 09:37:00,2022-01-19 09:42:00,LONG,1,15326.25,15284.75,-83.0,35.73,-1.162,entry,5.0
2022-01-19 09:46:00,2022-01-19 10:08:00,LONG,1,15344.75,15314.0,-61.5,42.88,-0.717,entry,22.0
2022-01-19 10:14:00,2022-01-19 10:18:00,LONG,1,15355.5,15322.0,-67.0,34.17,-0.98,entry,4.0
2022-01-19 10:29:00,2022-01-19 12:10:00,SHORT,1,15281.75,15246.75,70.0,38.32,0.913,entry,101.0
2022-01-19 12:20:00,2022-01-19 13:35:00,LONG,1,15278.25,15250.0,-56.5,30.73,-0.919,entry,75.0
2022-01-19 14:05:00,2022-01-19 15:59:00,SHORT,1,15206.5,15037.0,339.0,46.45,3.649,entry,114.0
2022-01-20 09:42:00,2022-01-20 10:18:00,LONG,1,15245.5,15225.0,-41.0,43.86,-0.467,entry,36.0
2022-01-20 10:27:00,2022-01-20 11:42:00,LONG,1,15272.0,15258.75,-26.5,30.86,-0.429,entry,75.0
2022-01-20 11:57:00,2022-01-20 12:08:00,LONG,1,15301.0,15266.0,-70.0,35.38,-0.989,entry,11.0
2022-01-20 12:36:00,2022-01-20 12:50:00,LONG,1,15297.5,15256.0,-83.0,30.72,-1.351,entry,14.0
2022-01-20 13:00:00,2022-01-20 15:59:00,SHORT,1,15234.25,14835.25,798.0,32.29,12.355,entry,179.0
2022-01-21 09:31:00,2022-01-21 09:38:00,LONG,1,14781.25,14771.5,-19.5,33.97,-0.287,entry,7.0
2022-01-21 09:40:00,2022-01-21 09:47:00,SHORT,1,14724.5,14756.5,-64.0,45.78,-0.699,entry,7.0
2022-01-21 09:50:00,2022-01-21 10:31:00,SHORT,1,14698.0,14698.0,-0.0,49.71,-0.0,entry,41.0
2022-01-21 10:33:00,2022-01-21 11:41:00,LONG,1,14722.5,14713.25,-18.5,46.61,-0.198,entry,68.0
2022-01-21 11:47:00,2022-01-21 12:02:00,SHORT,1,14683.25,14714.5,-62.5,32.18,-0.971,entry,15.0
2022-01-21 12:10:00,2022-01-21 15:59:00,SHORT,1,14679.25,14415.75,527.0,34.39,7.661,entry,229.0
2022-01-24 09:38:00,2022-01-24 09:42:00,LONG,1,14244.0,14172.5,-143.0,52.91,-1.351,entry,4.0
2022-01-24 09:43:00,2022-01-24 09:55:00,SHORT,1,14127.0,14174.5,-95.0,67.5,-0.704,entry,12.0
2022-01-24 09:58:00,2022-01-24 10:27:00,SHORT,1,14119.0,14124.75,-11.5,46.34,-0.124,entry,29.0
2022-01-24 10:29:00,2022-01-24 10:32:00,SHORT,1,14081.75,14129.5,-95.5,42.25,-1.13,entry,3.0
2022-01-24 10:37:00,2022-01-24 10:39:00,LONG,1,14158.75,14111.0,-95.5,34.91,-1.368,entry,2.0
2022-01-24 10:40:00,2022-01-24 10:44:00,SHORT,1,14080.5,14140.75,-120.5,43.07,-1.399,entry,4.0
2022-01-24 10:45:00,2022-01-24 10:54:00,SHORT,1,14086.75,14135.0,-96.5,36.07,-1.338,entry,9.0
2022-01-24 11:00:00,2022-01-24 13:07:00,SHORT,1,14049.75,14017.25,65.0,67.5,0.481,entry,127.0
2022-01-24 13:14:00,2022-01-24 13:24:00,LONG,1,14053.5,13997.25,-112.5,38.02,-1.48,entry,10.0
2022-01-24 13:27:00,2022-01-24 13:33:00,SHORT,1,13967.5,14028.75,-122.5,49.31,-1.242,entry,6.0
2022-01-24 13:34:00,2022-01-24 13:36:00,LONG,1,14057.25,14016.0,-82.5,40.67,-1.014,entry,2.0
2022-01-24 13:39:00,2022-01-24 14:37:00,LONG,1,14063.0,14012.75,-100.5,46.26,-1.086,entry,58.0
2022-01-24 14:38:00,2022-01-24 14:41:00,SHORT,1,13997.25,14034.75,-75.0,36.42,-1.03,entry,3.0
2022-01-24 14:45:00,2022-01-24 14:49:00,SHORT,1,13997.5,14085.75,-176.5,35.97,-2.453,entry,4.0
2022-01-24 14:49:00,2022-01-24 15:59:00,LONG,1,14085.75,14500.25,829.0,52.32,7.923,reverse,70.0
2022-01-25 09:32:00,2022-01-25 09:33:00,SHORT,1,14188.5,14251.25,-125.5,39.82,-1.576,entry,1.0
2022-01-25 09:36:00,2022-01-25 09:41:00,LONG,1,14280.0,14216.0,-128.0,46.39,-1.38,entry,5.0
2022-01-25 09:45:00,2022-01-25 10:27:00,SHORT,1,14146.0,14161.0,-30.0,88.42,-0.17,entry,42.0
2022-01-25 10:29:00,2022-01-25 10:36:00,LONG,1,14209.25,14139.75,-139.0,57.35,-1.212,entry,7.0
2022-01-25 10:44:00,2022-01-25 10:55:00,LONG,1,14203.25,14156.75,-93.0,49.79,-0.934,entry,11.0
2022-01-25 10:58:00,2022-01-25 11:23:00,SHORT,1,14118.0,14156.75,-77.5,39.93,-0.97,entry,25.0
2022-01-25 11:27:00,2022-01-25 12:26:00,SHORT,1,14104.0,14138.0,-68.0,48.13,-0.706,entry,59.0
2022-01-25 12:31:00,2022-01-25 13:25:00,SHORT,1,14082.5,14139.0,-113.0,51.99,-1.087,entry,54.0
2022-01-25 13:28:00,2022-01-25 15:52:00,LONG,1,14175.5,14155.25,-40.5,47.87,-0.423,entry,144.0
2022-01-26 09:33:00,2022-01-26 09:48:00,SHORT,1,14413.0,14415.5,-5.0,46.31,-0.054,entry,15.0
2022-01-26 09:53:00,2022-01-26 10:15:00,LONG,1,14458.5,14415.25,-86.5,43.86,-0.986,entry,22.0
2022-01-26 10:24:00,2022-01-26 11:11:00,SHORT,1,14394.5,14421.25,-53.5,40.21,-0.665,entry,47.0
2022-01-26 11:22:00,2022-01-26 14:14:00,LONG,1,14451.25,14420.75,-61.0,37.9,-0.805,entry,172.0
2022-01-26 14:26:00,2022-01-26 14:33:00,LONG,1,14498.25,14447.75,-101.0,47.77,-1.057,entry,7.0
2022-01-26 14:34:00,2022-01-26 14:38:00,SHORT,1,14401.25,14505.25,-208.0,49.99,-2.08,entry,4.0
2022-01-26 14:38:00,2022-01-26 14:41:00,LONG,1,14505.25,14432.5,-145.5,54.61,-1.332,reverse,3.0
2022-01-26 14:43:00,2022-01-26 15:59:00,SHORT,1,14405.0,14148.25,513.5,45.86,5.599,entry,76.0
2022-01-27 09:34:00,2022-01-27 09:40:00,SHORT,1,14276.5,14293.75,-34.5,40.78,-0.423,entry,6.0
2022-01-27 09:43:00,2022-01-27 09:56:00,LONG,1,14352.0,14322.5,-59.0,53.82,-0.548,entry,13.0
2022-01-27 10:04:00,2022-01-27 10:23:00,LONG,1,14370.75,14333.0,-75.5,46.69,-0.808,entry,19.0
2022-01-27 10:27:00,2022-01-27 11:00:00,SHORT,1,14293.5,14324.5,-62.0,41.5,-0.747,entry,33.0
2022-01-27 11:25:00,2022-01-27 11:33:00,SHORT,1,14258.0,14306.75,-97.5,47.43,-1.028,entry,8.0
2022-01-27 12:06:00,2022-01-27 15:59:00,SHORT,1,14264.0,13988.0,552.0,39.73,6.947,entry,233.0
2022-01-28 09:32:00,2022-01-28 10:10:00,SHORT,1,14011.25,13945.5,131.5,48.11,1.367,entry,38.0
2022-01-28 10:16:00,2022-01-28 10:33:00,LONG,1,13992.75,13939.5,-106.5,57.59,-0.925,entry,17.0
2022-01-28 10:37:00,2022-01-28 14:22:00,LONG,1,13995.75,14103.75,216.0,48.21,2.24,entry,225.0
2022-01-28 14:42:00,2022-01-28 15:59:00,LONG,1,14154.5,14433.5,558.0,47.32,5.895,entry,77.0
2022-01-31 09:34:00,2022-01-31 15:59:00,LONG,1,14520.5,14898.5,756.0,52.24,7.236,entry,385.0
2022-02-01 09:42:00,2022-02-01 10:22:00,SHORT,1,14819.25,14843.5,-48.5,64.17,-0.378,entry,40.0
2022-02-01 10:43:00,2022-02-01 10:55:00,SHORT,1,14777.5,14834.75,-114.5,48.66,-1.177,entry,12.0
2022-02-01 11:00:00,2022-02-01 12:33:00,LONG,1,14875.75,14845.75,-60.0,51.56,-0.582,entry,93.0
2022-02-01 12:56:00,2022-02-01 14:20:00,LONG,1,14897.75,14829.75,-136.0,50.96,-1.334,entry,84.0
2022-02-01 15:01:00,2022-02-01 15:59:00,LONG,1,14895.75,14991.5,191.5,43.9,2.181,entry,58.0
2022-02-02 09:38:00,2022-02-02 09:41:00,LONG,1,15174.75,15110.5,-128.5,43.73,-1.469,entry,3.0
2022-02-02 09:42:00,2022-02-02 10:00:00,SHORT,1,15086.25,15128.75,-85.0,44.26,-0.96,entry,18.0
2022-02-02 10:01:00,2022-02-02 10:14:00,LONG,1,15147.5,15098.75,-97.5,42.91,-1.136,entry,13.0
2022-02-02 10:24:00,2022-02-02 10:45:00,SHORT,1,15063.75,15098.5,-69.5,44.92,-0.774,entry,21.0
2022-02-02 10:53:00,2022-02-02 12:09:00,SHORT,1,15037.75,15062.25,-49.0,58.69,-0.417,entry,76.0
2022-02-02 12:30:00,2022-02-02 12:43:00,SHORT,1,15013.25,15061.75,-97.0,47.94,-1.012,entry,13.0
2022-02-02 12:57:00,2022-02-02 13:24:00,LONG,1,15103.25,15053.0,-100.5,41.41,-1.213,entry,27.0
2022-02-02 14:41:00,2022-02-02 15:59:00,LONG,1,15106.5,15113.75,14.5,43.5,0.167,entry,78.0
2022-02-03 09:38:00,2022-02-03 09:45:00,LONG,1,14781.0,14734.0,-94.0,47.3,-0.994,entry,7.0
2022-02-03 10:15:00,2022-02-03 10:46:00,LONG,1,14777.75,14753.5,-48.5,41.89,-0.579,entry,31.0
2022-02-03 11:14:00,2022-02-03 11:22:00,LONG,1,14800.25,14747.5,-105.5,47.08,-1.121,entry,8.0
2022-02-03 11:32:00,2022-02-03 15:59:00,SHORT,1,14709.25,14502.75,413.0,43.39,4.759,entry,267.0
2022-02-04 09:32:00,2022-02-04 09:40:00,SHORT,1,14474.25,14521.25,-94.0,44.98,-1.045,entry,8.0
2022-02-04 09:41:00,2022-02-04 09:52:00,LONG,1,14547.75,14508.0,-79.5,57.25,-0.694,entry,11.0
2022-02-04 09:57:00,2022-02-04 10:36:00,LONG,1,14566.25,14550.0,-32.5,46.17,-0.352,entry,39.0
2022-02-04 10:45:00,2022-02-04 11:27:00,SHORT,1,14511.25,14550.25,-78.0,47.32,-0.824,entry,42.0
2022-02-04 11:35:00,2022-02-04 15:59:00,LONG,1,14592.25,14680.25,176.0,47.15,1.866,entry,264.0
2022-02-07 09:41:00,2022-02-07 10:12:00,LONG,1,14770.5,14722.5,-96.0,54.18,-0.886,entry,31.0
2022-02-07 10:17:00,2022-02-07 10:27:00,SHORT,1,14696.75,14747.25,-101.0,47.8,-1.057,entry,10.0
2022-02-07 11:09:00,2022-02-07 14:29:00,SHORT,1,14672.0,14691.25,-38.5,63.8,-0.302,entry,200.0
2022-02-07 15:28:00,2022-02-07 15:59:00,SHORT,1,14640.75,14565.5,150.5,43.77,1.719,entry,31.0
2022-02-08 10:00:00,2022-02-08 10:17:00,SHORT,1,14494.5,14543.75,-98.5,47.76,-1.031,entry,17.0
2022-02-08 10:35:00,2022-02-08 10:39:00,SHORT,1,14483.0,14526.25,-86.5,43.24,-1.0,entry,4.0
2022-02-08 10:45:00,2022-02-08 15:59:00,LONG,1,14574.5,14733.5,318.0,47.98,3.314,entry,314.0
2022-02-09 09:57:00,2022-02-09 10:02:00,SHORT,1,14866.5,14912.0,-91.0,41.2,-1.104,entry,5.0
2022-02-09 10:19:00,2022-02-09 10:25:00,SHORT,1,14859.0,14901.0,-84.0,43.56,-0.964,entry,6.0
2022-02-09 10:59:00,2022-02-09 12:06:00,LONG,1,14947.75,14914.75,-66.0,42.64,-0.774,entry,67.0
2022-02-09 12:37:00,2022-02-09 15:59:00,LONG,1,14971.75,15043.25,143.0,53.97,1.325,entry,202.0
2022-02-10 09:39:00,2022-02-10 11:00:00,LONG,1,14826.75,14894.5,135.5,40.66,1.666,entry,81.0
2022-02-10 11:07:00,2022-02-10 11:14:00,LONG,1,14944.5,14904.0,-81.0,40.84,-0.992,entry,7.0
2022-02-10 11:33:00,2022-02-10 11:44:00,SHORT,1,14862.0,14906.75,-89.5,41.68,-1.074,entry,11.0
2022-02-10 11:56:00,2022-02-10 12:45:00,LONG,1,14949.5,14869.0,-161.0,45.96,-1.752,entry,49.0
2022-02-10 12:45:00,2022-02-10 15:59:00,SHORT,1,14869.0,14703.0,332.0,39.29,4.225,reverse,194.0
2022-02-11 09:35:00,2022-02-11 09:45:00,SHORT,1,14675.0,14727.5,-105.0,46.56,-1.128,entry,10.0
2022-02-11 09:46:00,2022-02-11 09:54:00,LONG,1,14764.75,14713.5,-102.5,58.28,-0.879,entry,8.0
2022-02-11 09:56:00,2022-02-11 10:07:00,SHORT,1,14663.0,14706.5,-87.0,49.4,-0.881,entry,11.0
2022-02-11 10:11:00,2022-02-11 10:39:00,SHORT,1,14648.0,14684.0,-72.0,49.75,-0.724,entry,28.0
2022-02-11 10:52:00,2022-02-11 15:59:00,SHORT,1,14635.0,14237.75,794.5,41.49,9.574,entry,307.0
2022-02-14 09:49:00,2022-02-14 10:01:00,LONG,1,14287.0,14234.75,-104.5,43.07,-1.213,entry,12.0
2022-02-14 10:03:00,2022-02-14 10:10:00,SHORT,1,14217.5,14270.5,-106.0,40.85,-1.297,entry,7.0
2022-02-14 10:48:00,2022-02-14 13:30:00,LONG,1,14308.25,14291.25,-34.0,51.16,-0.332,entry,162.0
2022-02-14 13:50:00,2022-02-14 15:23:00,SHORT,1,14218.5,14268.0,-99.0,71.47,-0.693,entry,93.0
2022-02-15 10:43:00,2022-02-15 12:15:00,LONG,1,14537.25,14494.75,-85.0,48.03,-0.885,entry,92.0
2022-02-15 12:46:00,2022-02-15 13:21:00,SHORT,1,14461.5,14517.5,-112.0,40.59,-1.38,entry,35.0
2022-02-15 13:50:00,2022-02-15 15:59:00,LONG,1,14541.0,14609.0,136.0,40.31,1.687,entry,129.0
2022-02-16 09:50:00,2022-02-16 10:34:00,SHORT,1,14394.5,14434.5,-80.0,64.76,-0.618,entry,44.0
2022-02-16 12:34:00,2022-02-16 13:22:00,SHORT,1,14392.5,14436.0,-87.0,46.08,-0.944,entry,48.0
2022-02-16 14:00:00,2022-02-16 14:02:00,LONG,1,14492.0,14421.25,-141.5,56.2,-1.259,entry,2.0
2022-02-16 14:07:00,2022-02-16 15:59:00,LONG,1,14485.75,14601.5,231.5,48.81,2.372,entry,112.0
2022-02-17 09:46:00,2022-02-17 11:27:00,SHORT,1,14424.5,14402.0,45.0,43.77,0.514,entry,101.0
2022-02-17 12:00:00,2022-02-17 15:59:00,SHORT,1,14354.5,14166.25,376.5,41.46,4.541,entry,239.0
2022-02-18 09:35:00,2022-02-18 09:50:00,SHORT,1,14129.75,14154.75,-50.0,49.45,-0.506,entry,15.0
2022-02-18 09:53:00,2022-02-18 10:01:00,LONG,1,14199.25,14155.0,-88.5,52.26,-0.847,entry,8.0
2022-02-18 10:21:00,2022-02-18 14:24:00,SHORT,1,14109.5,14058.75,101.5,41.66,1.218,entry,243.0
2022-02-18 14:30:00,2022-02-18 15:19:00,LONG,1,14086.75,14025.5,-122.5,40.31,-1.52,entry,49.0
2022-02-18 15:30:00,2022-02-18 15:59:00,SHORT,1,13996.0,14005.0,-18.0,55.71,-0.162,entry,29.0
2022-02-21 10:49:00,2022-02-21 12:59:00,SHORT,1,13802.75,13735.5,134.5,39.36,1.708,entry,130.0
2022-02-22 09:42:00,2022-02-22 10:41:00,LONG,1,13978.75,14002.25,47.0,67.86,0.346,entry,59.0
2022-02-22 10:55:00,2022-02-22 14:52:00,SHORT,1,13958.75,13913.5,90.5,43.54,1.039,entry,237.0
2022-02-22 14:56:00,2022-02-22 15:42:00,LONG,1,13944.0,13910.5,-67.0,38.01,-0.881,entry,46.0
2022-02-22 15:50:00,2022-02-22 15:59:00,SHORT,1,13849.0,13865.0,-32.0,63.87,-0.251,entry,9.0
2022-02-23 09:50:00,2022-02-23 12:21:00,SHORT,1,13919.25,13855.0,128.5,61.65,1.042,entry,151.0
2022-02-23 12:39:00,2022-02-23 15:59:00,SHORT,1,13806.0,13506.75,598.5,38.8,7.713,entry,200.0
2022-02-24 09:31:00,2022-02-24 15:59:00,LONG,1,13155.0,13965.75,1621.5,41.0,19.775,entry,388.0
2022-02-25 09:42:00,2022-02-25 09:48:00,SHORT,1,13895.25,13937.75,-85.0,53.68,-0.792,entry,6.0
2022-02-25 09:56:00,2022-02-25 10:08:00,SHORT,1,13887.25,13921.75,-69.0,49.7,-0.694,entry,12.0
2022-02-25 10:23:00,2022-02-25 15:59:00,LONG,1,13976.0,14182.5,413.0,55.63,3.712,entry,336.0
2022-02-28 09:43:00,2022-02-28 09:48:00,SHORT,1,14029.0,14090.0,-122.0,46.83,-1.302,entry,5.0
2022-02-28 09:58:00,2022-02-28 10:05:00,LONG,1,14140.25,14084.25,-112.0,59.74,-0.937,entry,7.0
2022-02-28 10:31:00,2022-02-28 12:12:00,LONG,1,14129.25,14149.75,41.0,46.29,0.443,entry,101.0
2022-02-28 12:39:00,2022-02-28 13:06:00,SHORT,1,14106.0,14159.25,-106.5,44.67,-1.192,entry,27.0
2022-02-28 13:18:00,2022-02-28 13:51:00,SHORT,1,14102.75,14157.75,-110.0,43.85,-1.254,entry,33.0
2022-02-28 14:02:00,2022-02-28 15:45:00,SHORT,1,14095.5,14135.25,-79.5,48.33,-0.822,entry,103.0
2022-02-28 15:50:00,2022-02-28 15:59:00,LONG,1,14170.25,14234.25,128.0,46.19,1.386,entry,9.0
2022-03-01 09:36:00,2022-03-01 09:43:00,LONG,1,14237.5,14201.75,-71.5,43.73,-0.818,entry,7.0
2022-03-01 10:20:00,2022-03-01 10:41:00,LONG,1,14243.5,14191.25,-104.5,43.11,-1.212,entry,21.0
2022-03-01 10:44:00,2022-03-01 11:14:00,SHORT,1,14156.0,14200.25,-88.5,52.4,-0.844,entry,30.0
2022-03-01 11:28:00,2022-03-01 15:59:00,SHORT,1,14150.5,14004.75,291.5,47.39,3.075,entry,271.0
2022-03-02 09:43:00,2022-03-02 09:56:00,LONG,1,14097.25,14067.0,-60.5,45.74,-0.661,entry,13.0
2022-03-02 10:08:00,2022-03-02 10:29:00,SHORT,1,14012.25,14088.5,-152.5,57.59,-1.324,entry,21.0
2022-03-02 10:29:00,2022-03-02 10:34:00,LONG,1,14088.5,14045.75,-85.5,42.58,-1.004,reverse,5.0
2022-03-02 10:36:00,2022-03-02 10:46:00,LONG,1,14102.75,14045.5,-114.5,52.54,-1.09,entry,10.0
2022-03-02 11:04:00,2022-03-02 15:59:00,LONG,1,14127.75,14237.25,219.0,72.4,1.512,entry,295.0
2022-03-03 09:48:00,2022-03-03 12:34:00,SHORT,1,14257.0,14174.5,165.0,47.65,1.732,entry,166.0
2022-03-03 12:36:00,2022-03-03 12:39:00,LONG,1,14210.0,14147.5,-125.0,47.81,-1.307,entry,3.0
2022-03-03 13:41:00,2022-03-03 14:14:00,SHORT,1,14117.25,14167.25,-100.0,43.04,-1.162,entry,33.0
2022-03-03 14:41:00,2022-03-03 15:59:00,SHORT,1,14112.0,14035.5,153.0,45.45,1.683,entry,78.0
2022-03-04 09:41:00,2022-03-04 09:59:00,SHORT,1,13909.25,13923.25,-28.0,49.44,-0.283,entry,18.0
2022-03-04 10:07:00,2022-03-04 12:11:00,SHORT,1,13857.25,13841.75,31.0,55.69,0.278,entry,124.0
2022-03-04 12:17:00,2022-03-04 12:40:00,LONG,1,13882.5,13838.25,-88.5,45.31,-0.977,entry,23.0
2022-03-04 12:57:00,2022-03-04 13:43:00,LONG,1,13881.75,13843.75,-76.0,42.33,-0.898,entry,46.0
2022-03-04 14:01:00,2022-03-04 14:25:00,SHORT,1,13804.0,13844.0,-80.0,41.41,-0.966,entry,24.0
2022-03-04 14:42:00,2022-03-04 15:55:00,SHORT,1,13795.5,13832.75,-74.5,46.48,-0.801,entry,73.0
2022-03-07 09:42:00,2022-03-07 15:59:00,SHORT,1,13769.0,13320.25,897.5,61.24,7.328,entry,377.0
2022-03-08 09:35:00,2022-03-08 09:36:00,LONG,1,13353.5,13273.25,-160.5,71.11,-1.128,entry,1.0
2022-03-08 09:40:00,2022-03-08 09:42:00,SHORT,1,13237.5,13298.75,-122.5,42.25,-1.45,entry,2.0
2022-03-08 09:43:00,2022-03-08 09:50:00,LONG,1,13365.0,13283.5,-163.0,79.83,-1.021,entry,7.0
2022-03-08 09:54:00,2022-03-08 10:19:00,SHORT,1,13252.75,13272.5,-39.5,43.32,-0.456,entry,25.0
2022-03-08 10:25:00,2022-03-08 10:54:00,SHORT,1,13206.75,13284.0,-154.5,50.05,-1.543,entry,29.0
2022-03-08 10:54:00,2022-03-08 11:12:00,LONG,1,13284.0,13243.25,-81.5,44.43,-0.917,reverse,18.0
2022-03-08 11:26:00,2022-03-08 11:55:00,SHORT,1,13186.5,13252.75,-132.5,58.73,-1.128,entry,29.0
2022-03-08 12:02:00,2022-03-08 14:00:00,LONG,1,13303.75,13340.25,73.0,67.13,0.544,entry,118.0
2022-03-08 14:23:00,2022-03-08 15:29:00,LONG,1,13386.25,13349.5,-73.5,43.12,-0.852,entry,66.0
2022-03-08 15:33:00,2022-03-08 15:59:00,SHORT,1,13299.0,13254.5,89.0,53.6,0.83,entry,26.0
2022-03-09 09:36:00,2022-03-09 09:38:00,SHORT,1,13525.5,13577.75,-104.5,47.51,-1.1,entry,2.0
2022-03-09 09:52:00,2022-03-09 09:59:00,SHORT,1,13520.5,13568.25,-95.5,47.22,-1.011,entry,7.0
2022-03-09 10:02:00,2022-03-09 10:16:00,LONG,1,13626.0,13573.0,-106.0,61.66,-0.86,entry,14.0
2022-03-09 10:18:00,2022-03-09 11:15:00,LONG,1,13632.75,13585.25,-95.0,57.34,-0.828,entry,57.0
2022-03-09 11:33:00,2022-03-09 15:59:00,LONG,1,13642.25,13741.75,199.0,42.93,2.318,entry,266.0
2022-03-10 09:57:00,2022-03-10 10:02:00,LONG,1,13580.5,13521.5,-118.0,55.36,-1.066,entry,5.0
2022-03-10 10:16:00,2022-03-10 10:29:00,LONG,1,13582.5,13518.0,-129.0,52.78,-1.222,entry,13.0
2022-03-10 10:33:00,2022-03-10 12:22:00,SHORT,1,13478.75,13496.5,-35.5,56.07,-0.317,entry,109.0
2022-03-10 12:36:00,2022-03-10 13:34:00,SHORT,1,13445.0,13490.0,-90.0,49.9,-0.902,entry,58.0
2022-03-10 13:58:00,2022-03-10 15:59:00,LONG,1,13537.5,13591.25,107.5,46.9,1.146,entry,121.0
2022-03-11 09:39:00,2022-03-11 09:50:00,SHORT,1,13626.5,13658.75,-64.5,51.82,-0.622,entry,11.0
2022-03-11 09:54:00,2022-03-11 15:59:00,SHORT,1,13601.75,13300.25,603.0,50.63,5.955,entry,365.0
2022-03-14 09:38:00,2022-03-14 09:40:00,SHORT,1,13207.25,13249.25,-84.0,43.23,-0.971,entry,2.0
2022-03-14 09:43:00,2022-03-14 09:56:00,LONG,1,13301.5,13260.0,-83.0,50.07,-0.829,entry,13.0
2022-03-14 10:07:00,2022-03-14 10:32:00,LONG,1,13319.75,13294.5,-50.5,44.65,-0.565,entry,25.0
2022-03-14 10:52:00,2022-03-14 11:12:00,LONG,1,13364.25,13303.0,-122.5,61.71,-0.993,entry,20.0
2022-03-14 11:22:00,2022-03-14 15:59:00,SHORT,1,13262.0,13048.5,427.0,46.51,4.59,entry,277.0
2022-03-15 09:41:00,2022-03-15 09:55:00,SHORT,1,13120.0,13159.25,-78.5,49.09,-0.8,entry,14.0
2022-03-15 10:00:00,2022-03-15 15:59:00,LONG,1,13198.0,13454.5,513.0,46.92,5.467,entry,359.0
2022-03-16 09:42:00,2022-03-16 12:39:00,LONG,1,13703.25,13767.0,127.5,45.73,1.394,entry,177.0
2022-03-16 12:48:00,2022-03-16 14:53:00,SHORT,1,13717.25,13713.0,8.5,56.3,0.075,entry,125.0
2022-03-16 14:55:00,2022-03-16 15:01:00,LONG,1,13782.0,13709.0,-146.0,73.68,-0.991,entry,6.0
2022-03-16 15:04:00,2022-03-16 15:59:00,LONG,1,13755.75,13955.0,398.5,45.68,4.362,entry,55.0
2022-03-17 09:55:00,2022-03-17 10:31:00,LONG,1,13939.5,13917.75,-43.5,57.23,-0.38,entry,36.0
2022-03-17 10:48:00,2022-03-17 11:23:00,SHORT,1,13868.5,13914.5,-92.0,52.8,-0.871,entry,35.0
2022-03-17 12:21:00,2022-03-17 15:59:00,LONG,1,13966.25,14119.5,306.5,50.95,3.008,entry,218.0
2022-03-18 09:45:00,2022-03-18 15:59:00,LONG,1,14090.0,14410.25,640.5,45.27,7.074,entry,374.0
2022-03-21 09:41:00,2022-03-21 09:46:00,LONG,1,14458.0,14410.0,-96.0,54.31,-0.884,entry,5.0
2022-03-21 09:51:00,2022-03-21 10:56:00,SHORT,1,14364.25,14336.5,55.5,42.28,0.656,entry,65.0
2022-03-21 11:16:00,2022-03-21 12:30:00,LONG,1,14390.75,14342.0,-97.5,61.28,-0.796,entry,74.0
2022-03-21 12:35:00,2022-03-21 14:27:00,SHORT,1,14295.0,14325.5,-61.0,58.93,-0.518,entry,112.0
2022-03-21 14:55:00,2022-03-21 15:32:00,SHORT,1,14277.5,14336.75,-118.5,47.08,-1.258,entry,37.0
2022-03-21 15:48:00,2022-03-21 15:51:00,SHORT,1,14272.25,14330.25,-116.0,48.88,-1.186,entry,3.0
2022-03-21 15:58:00,2022-03-21 15:59:00,LONG,1,14364.75,14372.75,16.0,43.3,0.185,entry,1.0
2022-03-22 09:37:00,2022-03-22 09:45:00,LONG,1,14468.0,14441.0,-54.0,42.55,-0.635,entry,8.0
2022-03-22 10:00:00,2022-03-22 15:59:00,LONG,1,14509.75,14655.0,290.5,63.48,2.288,entry,359.0
2022-03-23 10:13:00,2022-03-23 13:17:00,LONG,1,14549.25,14562.5,26.5,48.26,0.275,entry,184.0
2022-03-23 13:25:00,2022-03-23 15:59:00,SHORT,1,14515.25,14444.0,142.5,51.88,1.373,entry,154.0
2022-03-24 10:18:00,2022-03-24 10:34:00,SHORT,1,14453.75,14501.0,-94.5,54.59,-0.866,entry,16.0
2022-03-24 11:01:00,2022-03-24 15:59:00,LONG,1,14556.0,14766.5,421.0,51.48,4.089,entry,298.0
2022-03-25 10:02:00,2022-03-25 10:11:00,SHORT,1,14705.0,14742.75,-75.5,40.27,-0.937,entry,9.0
2022-03-25 10:35:00,2022-03-25 10:54:00,LONG,1,14787.25,14746.5,-81.5,45.53,-0.895,entry,19.0
2022-03-25 11:01:00,2022-03-25 13:50:00,SHORT,1,14705.75,14690.25,31.0,41.81,0.371,entry,169.0
2022-03-25 14:05:00,2022-03-25 15:08:00,LONG,1,14728.75,14692.5,-72.5,39.51,-0.918,entry,63.0
2022-03-25 15:29:00,2022-03-25 15:45:00,SHORT,1,14645.75,14691.75,-92.0,46.63,-0.987,entry,16.0
2022-03-25 15:54:00,2022-03-25 15:59:00,LONG,1,14731.25,14755.25,48.0,39.61,0.606,entry,5.0
2022-03-28 09:36:00,2022-03-28 10:02:00,LONG,1,14848.25,14844.5,-7.5,50.57,-0.074,entry,26.0
2022-03-28 10:20:00,2022-03-28 10:45:00,SHORT,1,14798.0,14841.25,-86.5,43.63,-0.991,entry,25.0
2022-03-28 10:54:00,2022-03-28 11:03:00,LONG,1,14874.25,14827.5,-93.5,38.18,-1.225,entry,9.0
2022-03-28 11:33:00,2022-03-28 13:21:00,SHORT,1,14783.75,14814.75,-62.0,51.92,-0.597,entry,108.0
2022-03-28 14:10:00,2022-03-28 15:59:00,LONG,1,14860.75,14987.25,253.0,46.68,2.71,entry,109.0
2022-03-29 09:49:00,2022-03-29 10:02:00,SHORT,1,15125.0,15167.5,-85.0,48.61,-0.874,entry,13.0
2022-03-29 10:04:00,2022-03-29 10:51:00,SHORT,1,15126.75,15125.5,2.5,37.46,0.033,entry,47.0
2022-03-29 11:49:00,2022-03-29 12:02:00,LONG,1,15170.75,15122.25,-97.0,46.77,-1.037,entry,13.0
2022-03-29 12:34:00,2022-03-29 12:45:00,SHORT,1,15087.5,15128.75,-82.5,37.85,-1.09,entry,11.0
2022-03-29 13:46:00,2022-03-29 15:59:00,LONG,1,15164.0,15241.5,155.0,39.58,1.958,entry,133.0
2022-03-30 10:14:00,2022-03-30 10:53:00,LONG,1,15220.25,15186.75,-67.0,41.69,-0.803,entry,39.0
2022-03-30 11:04:00,2022-03-30 12:02:00,SHORT,1,15142.5,15172.75,-60.5,43.91,-0.689,entry,58.0
2022-03-30 12:12:00,2022-03-30 12:35:00,SHORT,1,15132.0,15168.5,-73.0,36.44,-1.002,entry,23.0
2022-03-30 13:58:00,2022-03-30 15:59:00,SHORT,1,15125.25,15080.75,89.0,41.77,1.065,entry,121.0
2022-03-31 09:41:00,2022-03-31 09:58:00,SHORT,1,14999.5,15026.5,-54.0,36.82,-0.733,entry,17.0
2022-03-31 10:00:00,2022-03-31 10:13:00,SHORT,1,14982.75,15019.75,-74.0,36.38,-1.017,entry,13.0
2022-03-31 10:45:00,2022-03-31 11:28:00,LONG,1,15057.0,15027.75,-58.5,38.06,-0.769,entry,43.0
2022-03-31 11:41:00,2022-03-31 11:51:00,LONG,1,15067.5,15028.5,-78.0,36.83,-1.059,entry,10.0
2022-03-31 12:24:00,2022-03-31 13:50:00,SHORT,1,14993.25,15022.75,-59.0,36.57,-0.807,entry,86.0
2022-03-31 14:00:00,2022-03-31 14:57:00,SHORT,1,14983.75,15020.25,-73.0,37.75,-0.967,entry,57.0
2022-03-31 15:02:00,2022-03-31 15:18:00,LONG,1,15060.0,15014.5,-91.0,42.13,-1.08,entry,16.0
2022-03-31 15:27:00,2022-03-31 15:59:00,SHORT,1,14976.75,14870.0,213.5,41.02,2.602,entry,32.0
2022-04-01 09:51:00,2022-04-01 10:13:00,SHORT,1,14834.5,14868.5,-68.0,49.63,-0.685,entry,22.0
2022-04-01 10:20:00,2022-04-01 10:34:00,SHORT,1,14823.75,14861.5,-75.5,38.58,-0.978,entry,14.0
2022-04-01 11:30:00,2022-04-01 14:30:00,SHORT,1,14821.5,14829.25,-15.5,40.27,-0.192,entry,180.0
2022-04-01 15:19:00,2022-04-01 15:50:00,SHORT,1,14772.25,14819.25,-94.0,49.75,-0.945,entry,31.0
2022-04-01 15:55:00,2022-04-01 15:59:00,LONG,1,14858.25,14859.75,3.0,39.92,0.038,entry,4.0
2022-04-04 09:36:00,2022-04-04 15:59:00,LONG,1,14946.5,15164.75,436.5,35.61,6.129,entry,383.0
2022-04-05 09:52:00,2022-04-05 15:59:00,SHORT,1,15063.75,14831.5,464.5,37.4,6.21,entry,367.0
2022-04-06 09:43:00,2022-04-06 11:50:00,SHORT,1,14550.75,14518.25,65.0,42.49,0.765,entry,127.0
2022-04-06 12:10:00,2022-04-06 13:33:00,SHORT,1,14473.0,14505.25,-64.5,34.46,-0.936,entry,83.0
2022-04-06 13:41:00,2022-04-06 14:09:00,LONG,1,14544.75,14474.5,-140.5,48.28,-1.455,entry,28.0
2022-04-06 14:12:00,2022-04-06 14:32:00,SHORT,1,14455.0,14528.25,-146.5,48.79,-1.501,entry,20.0
2022-04-06 14:33:00,2022-04-06 14:42:00,LONG,1,14538.75,14494.25,-89.0,41.06,-1.084,entry,9.0
2022-04-06 14:45:00,2022-04-06 14:49:00,LONG,1,14546.25,14498.75,-95.0,47.05,-1.01,entry,4.0
2022-04-06 14:51:00,2022-04-06 15:26:00,LONG,1,14534.25,14501.5,-65.5,34.7,-0.944,entry,35.0
2022-04-06 15:47:00,2022-04-06 15:59:00,LONG,1,14567.5,14505.5,-124.0,59.32,-1.045,entry,12.0
2022-04-07 09:34:00,2022-04-07 09:44:00,LONG,1,14537.5,14505.5,-64.0,45.05,-0.71,entry,10.0
2022-04-07 09:48:00,2022-04-07 09:51:00,SHORT,1,14485.25,14519.75,-69.0,34.54,-0.999,entry,3.0
2022-04-07 09:57:00,2022-04-07 10:08:00,LONG,1,14555.5,14527.0,-57.0,35.53,-0.802,entry,11.0
2022-04-07 10:39:00,2022-04-07 13:28:00,SHORT,1,14490.0,14468.0,44.0,39.78,0.553,entry,169.0
2022-04-07 13:59:00,2022-04-07 15:59:00,LONG,1,14498.25,14542.75,89.0,35.3,1.261,entry,120.0
2022-04-08 09:40:00,2022-04-08 10:08:00,SHORT,1,14374.0,14384.5,-21.0,45.47,-0.231,entry,28.0
2022-04-08 10:16:00,2022-04-08 10:23:00,SHORT,1,14342.5,14378.25,-71.5,35.21,-1.015,entry,7.0
2022-04-08 10:31:00,2022-04-08 10:45:00,LONG,1,14423.0,14373.25,-99.5,44.13,-1.127,entry,14.0
2022-04-08 10:51:00,2022-04-08 11:36:00,LONG,1,14423.0,14391.5,-63.0,40.19,-0.784,entry,45.0
2022-04-08 11:46:00,2022-04-08 13:26:00,LONG,1,14436.75,14413.75,-46.0,35.19,-0.654,entry,100.0
2022-04-08 14:25:00,2022-04-08 15:59:00,SHORT,1,14365.0,14336.25,57.5,48.19,0.597,entry,94.0
2022-04-11 09:47:00,2022-04-11 09:55:00,LONG,1,14179.25,14144.25,-70.0,36.56,-0.957,entry,8.0
2022-04-11 10:19:00,2022-04-11 13:00:00,SHORT,1,14112.75,14111.0,3.5,35.19,0.05,entry,161.0
2022-04-11 14:15:00,2022-04-11 14:49:00,SHORT,1,14067.5,14102.0,-69.0,36.61,-0.942,entry,34.0
2022-04-11 15:15:00,2022-04-11 15:59:00,SHORT,1,14064.75,14000.5,128.5,36.48,1.761,entry,44.0
2022-04-12 09:36:00,2022-04-12 09:39:00,SHORT,1,14120.75,14157.75,-74.0,36.83,-1.005,entry,3.0
2022-04-12 09:46:00,2022-04-12 10:28:00,LONG,1,14191.5,14199.25,15.5,37.26,0.208,entry,42.0
2022-04-12 10:37:00,2022-04-12 11:29:00,SHORT,1,14154.75,14177.5,-45.5,44.91,-0.507,entry,52.0
2022-04-12 12:03:00,2022-04-12 15:59:00,SHORT,1,14140.5,13941.75,397.5,35.12,5.659,entry,236.0
2022-04-13 09:41:00,2022-04-13 10:01:00,LONG,1,14008.5,13999.75,-17.5,40.95,-0.214,entry,20.0
2022-04-13 10:05:00,2022-04-13 15:59:00,LONG,1,14055.25,14221.75,333.0,50.69,3.284,entry,354.0
2022-04-14 09:40:00,2022-04-14 15:59:00,SHORT,1,14165.75,13893.5,544.5,40.07,6.794,entry,379.0
2022-04-18 09:52:00,2022-04-18 10:01:00,SHORT,1,13852.0,13898.5,-93.0,41.05,-1.133,entry,9.0
2022-04-18 10:06:00,2022-04-18 11:15:00,LONG,1,13928.25,13912.5,-31.5,41.32,-0.381,entry,69.0
2022-04-18 11:24:00,2022-04-18 13:32:00,SHORT,1,13875.5,13901.25,-51.5,43.17,-0.596,entry,128.0
2022-04-18 13:34:00,2022-04-18 15:23:00,LONG,1,13924.25,13897.0,-54.5,34.89,-0.781,entry,109.0
2022-04-18 15:34:00,2022-04-18 15:59:00,SHORT,1,13862.0,13917.0,-110.0,40.96,-1.343,entry,25.0
2022-04-19 09:39:00,2022-04-19 09:42:00,SHORT,1,13848.5,13894.5,-92.0,35.38,-1.3,entry,3.0
2022-04-19 09:47:00,2022-04-19 15:59:00,LONG,1,13941.25,14212.25,542.0,52.91,5.122,entry,372.0
2022-04-20 09:35:00,2022-04-20 10:40:00,SHORT,1,14199.5,14130.5,138.0,36.79,1.875,entry,65.0
2022-04-20 11:04:00,2022-04-20 13:15:00,SHORT,1,14089.5,14095.0,-11.0,36.94,-0.149,entry,131.0
2022-04-20 14:13:00,2022-04-20 15:59:00,SHORT,1,14052.5,14003.5,98.0,39.6,1.237,entry,106.0
2022-04-21 09:32:00,2022-04-21 09:48:00,LONG,1,14241.25,14241.5,0.5,34.22,0.007,entry,16.0
2022-04-21 09:57:00,2022-04-21 15:59:00,SHORT,1,14211.25,13722.0,978.5,36.05,13.572,entry,362.0
2022-04-22 09:39:00,2022-04-22 09:50:00,SHORT,1,13672.75,13697.25,-49.0,53.77,-0.456,entry,11.0
2022-04-22 10:06:00,2022-04-22 10:11:00,LONG,1,13741.5,13694.75,-93.5,45.11,-1.036,entry,5.0
2022-04-22 10:15:00,2022-04-22 11:09:00,SHORT,1,13659.25,13668.0,-17.5,38.91,-0.225,entry,54.0
2022-04-22 11:15:00,2022-04-22 15:59:00,SHORT,1,13619.25,13356.75,525.0,45.97,5.71,entry,284.0
2022-04-25 09:36:00,2022-04-25 09:39:00,LONG,1,13346.75,13306.25,-81.0,46.56,-0.87,entry,3.0
2022-04-25 09:44:00,2022-04-25 09:49:00,SHORT,1,13265.75,13316.25,-101.0,42.24,-1.195,entry,5.0
2022-04-25 09:50:00,2022-04-25 09:54:00,LONG,1,13343.5,13299.0,-89.0,43.1,-1.032,entry,4.0
2022-04-25 09:59:00,2022-04-25 10:07:00,SHORT,1,13249.75,13321.75,-144.0,52.03,-1.384,entry,8.0
2022-04-25 10:24:00,2022-04-25 10:59:00,LONG,1,13364.25,13327.75,-73.0,63.53,-0.575,entry,35.0
2022-04-25 11:15:00,2022-04-25 11:20:00,SHORT,1,13275.5,13337.5,-124.0,56.53,-1.097,entry,5.0
2022-04-25 11:31:00,2022-04-25 11:35:00,SHORT,1,13294.5,13336.5,-84.0,36.6,-1.148,entry,4.0
2022-04-25 11:42:00,2022-04-25 12:10:00,SHORT,1,13293.75,13329.75,-72.0,36.33,-0.991,entry,28.0
2022-04-25 12:25:00,2022-04-25 13:00:00,LONG,1,13370.75,13327.5,-86.5,46.23,-0.935,entry,35.0
2022-04-25 13:11:00,2022-04-25 14:03:00,LONG,1,13372.5,13329.75,-85.5,44.18,-0.968,entry,52.0
2022-04-25 14:08:00,2022-04-25 15:59:00,LONG,1,13369.75,13530.75,322.0,36.96,4.356,entry,111.0
2022-04-26 09:35:00,2022-04-26 12:57:00,SHORT,1,13359.25,13226.25,266.0,40.8,3.259,entry,202.0
2022-04-26 13:02:00,2022-04-26 14:56:00,SHORT,1,13164.25,13198.0,-67.5,45.49,-0.742,entry,114.0
2022-04-26 15:05:00,2022-04-26 15:59:00,SHORT,1,13154.5,13009.0,291.0,38.95,3.735,entry,54.0
2022-04-27 09:35:00,2022-04-27 10:02:00,LONG,1,13121.25,13132.25,22.0,44.16,0.249,entry,27.0
2022-04-27 10:04:00,2022-04-27 10:46:00,SHORT,1,13106.0,13099.0,14.0,48.6,0.144,entry,42.0
2022-04-27 10:59:00,2022-04-27 11:00:00,SHORT,1,13047.0,13115.75,-137.5,41.45,-1.659,entry,1.0
2022-04-27 11:01:00,2022-04-27 11:05:00,LONG,1,13131.0,13080.5,-101.0,42.13,-1.199,entry,4.0
2022-04-27 11:31:00,2022-04-27 11:52:00,LONG,1,13138.75,13084.25,-109.0,49.09,-1.11,entry,21.0
2022-04-27 12:01:00,2022-04-27 12:05:00,SHORT,1,13054.0,13105.5,-103.0,38.55,-1.336,entry,4.0
2022-04-27 12:21:00,2022-04-27 13:19:00,LONG,1,13154.0,13107.0,-94.0,60.56,-0.776,entry,58.0
2022-04-27 13:28:00,2022-04-27 14:26:00,LONG,1,13164.25,13106.0,-116.5,56.3,-1.035,entry,58.0
2022-04-27 14:45:00,2022-04-27 14:50:00,LONG,1,13155.75,13111.25,-89.0,43.7,-1.018,entry,5.0
2022-04-27 14:55:00,2022-04-27 15:59:00,SHORT,1,13066.0,13001.75,128.5,45.95,1.398,entry,64.0
2022-04-28 09:32:00,2022-04-28 10:19:00,SHORT,1,13198.25,13170.0,56.5,42.74,0.661,entry,47.0
2022-04-28 10:26:00,2022-04-28 11:06:00,SHORT,1,13105.25,13140.75,-71.0,48.44,-0.733,entry,40.0
2022-04-28 11:07:00,2022-04-28 11:39:00,LONG,1,13171.75,13139.5,-64.5,40.46,-0.797,entry,32.0
2022-04-28 12:15:00,2022-04-28 15:59:00,LONG,1,13182.0,13463.0,562.0,42.53,6.607,entry,224.0
2022-04-29 09:33:00,2022-04-29 09:43:00,LONG,1,13329.5,13289.0,-81.0,47.98,-0.844,entry,10.0
2022-04-29 09:46:00,2022-04-29 09:48:00,SHORT,1,13266.0,13310.5,-89.0,39.94,-1.114,entry,2.0
2022-04-29 09:50:00,2022-04-29 10:15:00,LONG,1,13345.25,13334.25,-22.0,38.22,-0.288,entry,25.0
2022-04-29 10:16:00,2022-04-29 15:59:00,SHORT,1,13286.75,12855.25,863.0,47.68,9.05,entry,343.0
2022-05-02 09:35:00,2022-05-02 09:41:00,SHORT,1,12803.75,12835.25,-63.0,47.04,-0.67,entry,6.0
2022-05-02 09:42:00,2022-05-02 10:06:00,LONG,1,12891.75,12853.25,-77.0,67.07,-0.574,entry,24.0
2022-05-02 10:12:00,2022-05-02 10:21:00,SHORT,1,12819.5,12871.75,-104.5,50.14,-1.042,entry,9.0
2022-05-02 10:24:00,2022-05-02 11:03:00,LONG,1,12912.5,12876.5,-72.0,45.26,-0.795,entry,39.0
2022-05-02 11:17:00,2022-05-02 11:36:00,SHORT,1,12835.25,12899.25,-128.0,61.55,-1.04,entry,19.0
2022-05-02 11:39:00,2022-05-02 11:56:00,SHORT,1,12842.25,12892.0,-99.5,50.99,-0.976,entry,17.0
2022-05-02 12:03:00,2022-05-02 12:18:00,SHORT,1,12846.5,12913.0,-133.0,44.67,-1.489,entry,15.0
2022-05-02 12:20:00,2022-05-02 12:39:00,LONG,1,12945.75,12881.75,-128.0,55.04,-1.163,entry,19.0
2022-05-02 12:53:00,2022-05-02 15:10:00,SHORT,1,12848.75,12876.0,-54.5,42.46,-0.642,entry,137.0
2022-05-02 15:12:00,2022-05-02 15:59:00,LONG,1,12901.0,13070.25,338.5,40.46,4.184,entry,47.0
2022-05-03 09:45:00,2022-05-03 09:51:00,SHORT,1,12969.75,13042.25,-145.0,58.97,-1.229,entry,6.0
2022-05-03 09:56:00,2022-05-03 10:15:00,LONG,1,13075.5,13041.0,-69.0,50.02,-0.69,entry,19.0
2022-05-03 10:32:00,2022-05-03 10:39:00,LONG,1,13090.5,13042.5,-96.0,41.99,-1.143,entry,7.0
2022-05-03 10:43:00,2022-05-03 11:04:00,SHORT,1,13002.5,13067.0,-129.0,46.74,-1.38,entry,21.0
2022-05-03 11:07:00,2022-05-03 12:07:00,LONG,1,13109.0,13057.5,-103.0,63.06,-0.817,entry,60.0
2022-05-03 13:01:00,2022-05-03 14:12:00,LONG,1,13106.5,13071.5,-70.0,44.06,-0.794,entry,71.0
2022-05-03 14:40:00,2022-05-03 14:51:00,SHORT,1,13012.5,13076.0,-127.0,58.2,-1.091,entry,11.0
2022-05-03 14:59:00,2022-05-03 15:39:00,LONG,1,13116.25,13067.5,-97.5,46.11,-1.057,entry,40.0
2022-05-04 09:56:00,2022-05-04 12:19:00,SHORT,1,13038.25,12988.25,100.0,40.14,1.246,entry,143.0
2022-05-04 12:22:00,2022-05-04 14:20:00,LONG,1,13036.0,13027.25,-17.5,53.29,-0.164,entry,118.0
2022-05-04 14:23:00,2022-05-04 14:33:00,LONG,1,13078.0,12997.75,-160.5,46.23,-1.736,entry,10.0
2022-05-04 14:34:00,2022-05-04 14:35:00,SHORT,1,12963.5,13037.5,-148.0,70.61,-1.048,entry,1.0
2022-05-04 14:41:00,2022-05-04 15:59:00,LONG,1,13115.0,13533.0,836.0,80.86,5.17,entry,78.0
2022-05-05 09:44:00,2022-05-05 15:59:00,SHORT,1,13249.25,12858.75,781.0,47.65,8.195,entry,375.0
2022-05-06 09:33:00,2022-05-06 10:05:00,SHORT,1,12694.5,12639.25,110.5,50.89,1.086,entry,32.0
2022-05-06 10:06:00,2022-05-06 10:09:00,LONG,1,12662.75,12608.75,-108.0,44.89,-1.203,entry,3.0
2022-05-06 10:13:00,2022-05-06 10:36:00,LONG,1,12684.25,12653.5,-61.5,63.29,-0.486,entry,23.0
2022-05-06 10:40:00,2022-05-06 11:58:00,LONG,1,12720.75,12699.25,-43.0,57.32,-0.375,entry,78.0
2022-05-06 12:02:00,2022-05-06 12:13:00,LONG,1,12763.0,12721.75,-82.5,43.67,-0.945,entry,11.0
2022-05-06 12:22:00,2022-05-06 13:37:00,LONG,1,12790.25,12736.0,-108.5,67.39,-0.805,entry,75.0
2022-05-06 13:53:00,2022-05-06 15:48:00,SHORT,1,12683.0,12728.0,-90.0,53.07,-0.848,entry,115.0
2022-05-09 09:38:00,2022-05-09 09:45:00,LONG,1,12532.0,12471.0,-122.0,54.2,-1.126,entry,7.0
2022-05-09 09:46:00,2022-05-09 09:51:00,SHORT,1,12440.5,12486.0,-91.0,45.21,-1.006,entry,5.0
2022-05-09 09:57:00,2022-05-09 12:10:00,SHORT,1,12434.5,12384.0,101.0,43.59,1.159,entry,133.0
2022-05-09 12:38:00,2022-05-09 15:59:00,SHORT,1,12332.75,12196.75,272.0,46.19,2.944,entry,201.0
2022-05-10 09:35:00,2022-05-10 09:58:00,SHORT,1,12452.25,12454.0,-3.5,50.15,-0.035,entry,23.0
2022-05-10 10:02:00,2022-05-10 10:22:00,LONG,1,12486.25,12450.0,-72.5,52.34,-0.693,entry,20.0
2022-05-10 10:28:00,2022-05-10 13:29:00,SHORT,1,12404.0,12345.75,116.5,47.05,1.238,entry,181.0
2022-05-10 13:34:00,2022-05-10 15:38:00,LONG,1,12391.0,12348.25,-85.5,60.71,-0.704,entry,124.0
2022-05-11 09:34:00,2022-05-11 09:41:00,SHORT,1,12201.25,12269.25,-136.0,53.03,-1.282,entry,7.0
2022-05-11 09:41:00,2022-05-11 10:09:00,LONG,1,12269.25,12281.0,23.5,46.96,0.25,reverse,28.0
2022-05-11 10:19:00,2022-05-11 10:51:00,LONG,1,12360.75,12316.5,-88.5,50.9,-0.869,entry,32.0
2022-05-11 11:01:00,2022-05-11 11:29:00,SHORT,1,12272.75,12319.25,-93.0,51.66,-0.9,entry,28.0
2022-05-11 11:37:00,2022-05-11 11:50:00,LONG,1,12362.75,12304.75,-116.0,46.22,-1.255,entry,13.0
2022-05-11 12:00:00,2022-05-11 15:59:00,SHORT,1,12260.0,11974.75,570.5,57.28,4.98,entry,239.0
2022-05-12 09:33:00,2022-05-12 09:43:00,SHORT,1,11763.75,11805.5,-83.5,48.94,-0.853,entry,10.0
2022-05-12 09:46:00,2022-05-12 09:55:00,LONG,1,11842.25,11777.25,-130.0,60.48,-1.075,entry,9.0
2022-05-12 10:05:00,2022-05-12 11:50:00,LONG,1,11859.75,11913.25,107.0,61.67,0.867,entry,105.0
2022-05-12 11:52:00,2022-05-12 12:27:00,SHORT,1,11863.0,11914.75,-103.5,56.33,-0.919,entry,35.0
2022-05-12 12:32:00,2022-05-12 12:40:00,LONG,1,11960.25,11894.75,-131.0,48.77,-1.343,entry,8.0
2022-05-12 12:44:00,2022-05-12 12:59:00,LONG,1,11979.75,11909.5,-140.5,67.35,-1.043,entry,15.0
2022-05-12 13:16:00,2022-05-12 15:26:00,SHORT,1,11856.75,11887.25,-61.0,55.95,-0.545,entry,130.0
2022-05-12 15:29:00,2022-05-12 15:42:00,SHORT,1,11821.25,11885.0,-127.5,55.4,-1.151,entry,13.0
2022-05-12 15:56:00,2022-05-12 15:59:00,LONG,1,11928.25,11948.0,39.5,52.23,0.378,entry,3.0
2022-05-13 09:42:00,2022-05-13 13:56:00,LONG,1,12177.5,12296.25,237.5,49.62,2.393,entry,254.0
2022-05-13 14:02:00,2022-05-13 14:31:00,SHORT,1,12253.5,12309.0,-111.0,46.79,-1.186,entry,29.0
2022-05-13 14:54:00,2022-05-13 15:59:00,LONG,1,12349.75,12384.5,69.5,54.12,0.642,entry,65.0
2022-05-16 09:40:00,2022-05-16 09:44:00,LONG,1,12339.5,12286.0,-107.0,51.05,-1.048,entry,4.0
2022-05-16 09:45:00,2022-05-16 09:52:00,SHORT,1,12250.25,12282.5,-64.5,44.72,-0.721,entry,7.0
2022-05-16 10:01:00,2022-05-16 10:07:00,SHORT,1,12222.25,12291.25,-138.0,52.82,-1.306,entry,6.0
2022-05-16 10:11:00,2022-05-16 10:34:00,LONG,1,12332.5,12289.0,-87.0,57.07,-0.762,entry,23.0
2022-05-16 10:52:00,2022-05-16 11:44:00,SHORT,1,12243.5,12284.25,-81.5,45.0,-0.906,entry,52.0
2022-05-16 11:54:00,2022-05-16 12:17:00,LONG,1,12321.5,12274.25,-94.5,48.37,-0.977,entry,23.0
2022-05-16 13:00:00,2022-05-16 13:11:00,SHORT,1,12227.0,12288.25,-122.5,47.65,-1.285,entry,11.0
2022-05-16 13:28:00,2022-05-16 15:17:00,LONG,1,12325.0,12279.25,-91.5,50.19,-0.912,entry,109.0
2022-05-16 15:42:00,2022-05-16 15:59:00,SHORT,1,12240.25,12247.5,-14.5,48.58,-0.149,entry,17.0
2022-05-17 10:09:00,2022-05-17 11:29:00,SHORT,1,12430.75,12440.25,-19.0,50.98,-0.186,entry,80.0
2022-05-17 11:37:00,2022-05-17 12:06:00,LONG,1,12480.75,12435.5,-90.5,44.66,-1.013,entry,29.0
2022-05-17 12:35:00,2022-05-17 13:02:00,LONG,1,12485.0,12442.75,-84.5,44.07,-0.959,entry,27.0
2022-05-17 13:12:00,2022-05-17 14:13:00,LONG,1,12487.0,12441.0,-92.0,43.02,-1.069,entry,61.0
2022-05-17 14:21:00,2022-05-17 14:39:00,SHORT,1,12390.5,12454.5,-128.0,59.92,-1.068,entry,18.0
2022-05-17 14:46:00,2022-05-17 15:59:00,LONG,1,12492.5,12563.25,141.5,43.86,1.613,entry,73.0
2022-05-18 09:50:00,2022-05-18 10:05:00,SHORT,1,12307.75,12352.5,-89.5,45.18,-0.99,entry,15.0
2022-05-18 10:29:00,2022-05-18 15:59:00,SHORT,1,12297.0,11940.75,712.5,43.32,8.224,entry,330.0
2022-05-19 09:37:00,2022-05-19 09:42:00,LONG,1,11974.25,11922.75,-103.0,56.08,-0.918,entry,5.0
2022-05-19 09:45:00,2022-05-19 09:55:00,SHORT,1,11858.25,11893.75,-71.0,60.83,-0.584,entry,10.0
2022-05-19 10:01:00,2022-05-19 10:27:00,LONG,1,11952.75,11913.0,-79.5,60.27,-0.66,entry,26.0
2022-05-19 10:55:00,2022-05-19 11:05:00,LONG,1,11971.25,11914.0,-114.5,55.73,-1.027,entry,10.0
2022-05-19 11:10:00,2022-05-19 12:40:00,LONG,1,11981.75,11945.0,-73.5,63.18,-0.582,entry,90.0
2022-05-19 12:54:00,2022-05-19 13:55:00,SHORT,1,11898.0,11949.25,-102.5,46.67,-1.098,entry,61.0
2022-05-19 13:57:00,2022-05-19 14:03:00,LONG,1,11987.0,11935.5,-103.0,48.73,-1.057,entry,6.0
2022-05-19 14:37:00,2022-05-19 15:20:00,LONG,1,11989.0,11933.5,-111.0,50.11,-1.107,entry,43.0
2022-05-19 15:28:00,2022-05-19 15:59:00,SHORT,1,11893.25,11876.25,34.0,50.93,0.334,entry,31.0
2022-05-20 09:36:00,2022-05-20 09:42:00,SHORT,1,11955.75,12029.5,-147.5,48.92,-1.507,entry,6.0
2022-05-20 10:07:00,2022-05-20 15:36:00,SHORT,1,11923.25,11746.25,354.0,69.92,2.531,entry,329.0
2022-05-20 15:41:00,2022-05-20 15:59:00,LONG,1,11781.0,11835.5,109.0,52.35,1.041,entry,18.0
2022-05-23 09:43:00,2022-05-23 09:56:00,LONG,1,11926.75,11884.25,-85.0,54.37,-0.782,entry,13.0
2022-05-23 10:00:00,2022-05-23 10:17:00,SHORT,1,11821.75,11889.5,-135.5,71.35,-0.95,entry,17.0
2022-05-23 10:27:00,2022-05-23 10:29:00,SHORT,1,11814.5,11897.0,-165.0,55.58,-1.484,entry,2.0
2022-05-23 10:32:00,2022-05-23 10:51:00,LONG,1,11925.0,11871.75,-106.5,53.81,-0.99,entry,19.0
2022-05-23 11:03:00,2022-05-23 15:59:00,LONG,1,11940.0,12034.75,189.5,62.18,1.524,entry,296.0
2022-05-24 09:44:00,2022-05-24 11:45:00,SHORT,1,11746.0,11697.0,98.0,43.18,1.135,entry,121.0
2022-05-24 11:48:00,2022-05-24 12:36:00,LONG,1,11721.0,11679.0,-84.0,50.04,-0.839,entry,48.0
2022-05-24 13:40:00,2022-05-24 14:48:00,LONG,1,11740.75,11685.75,-110.0,58.38,-0.942,entry,68.0
2022-05-24 15:27:00,2022-05-24 15:59:00,LONG,1,11741.25,11781.75,81.0,49.31,0.821,entry,32.0
2022-05-25 09:36:00,2022-05-25 09:47:00,LONG,1,11827.0,11795.25,-63.5,53.59,-0.592,entry,11.0
2022-05-25 10:18:00,2022-05-25 11:35:00,LONG,1,11856.25,11817.75,-77.0,59.16,-0.651,entry,77.0
2022-05-25 14:02:00,2022-05-25 14:06:00,LONG,1,11902.0,11798.5,-207.0,66.11,-1.566,entry,4.0
2022-05-25 14:07:00,2022-05-25 14:10:00,SHORT,1,11793.0,11858.5,-131.0,43.05,-1.521,entry,3.0
2022-05-25 14:15:00,2022-05-25 15:59:00,LONG,1,11881.0,11949.5,137.0,44.43,1.542,entry,104.0
2022-05-26 09:34:00,2022-05-26 15:59:00,LONG,1,11981.75,12275.0,586.5,47.68,6.151,entry,385.0
2022-05-27 09:55:00,2022-05-27 11:02:00,LONG,1,12518.75,12512.5,-12.5,43.67,-0.143,entry,67.0
2022-05-27 11:16:00,2022-05-27 15:59:00,LONG,1,12565.75,12682.25,233.0,43.26,2.693,entry,283.0
2022-05-30 12:29:00,2022-05-30 12:59:00,LONG,1,12823.75,12810.0,-27.5,45.27,-0.304,entry,30.0
2022-05-31 09:33:00,2022-05-31 10:20:00,SHORT,1,12596.75,12571.0,51.5,53.43,0.482,entry,47.0
2022-05-31 10:31:00,2022-05-31 11:30:00,LONG,1,12614.75,12572.5,-84.5,54.0,-0.782,entry,59.0
2022-05-31 11:39:00,2022-05-31 14:53:00,LONG,1,12629.0,12639.0,20.0,49.79,0.201,entry,194.0
2022-05-31 15:15:00,2022-05-31 15:56:00,LONG,1,12690.75,12646.75,-88.0,49.04,-0.897,entry,41.0
2022-06-01 10:06:00,2022-06-01 14:23:00,SHORT,1,12736.25,12613.5,245.5,43.83,2.8,entry,257.0
2022-06-01 14:44:00,2022-06-01 14:57:00,LONG,1,12654.5,12599.25,-110.5,41.65,-1.327,entry,13.0
2022-06-01 15:55:00,2022-06-01 15:59:00,SHORT,1,12567.25,12550.0,34.5,46.55,0.371,entry,4.0
2022-06-02 09:44:00,2022-06-02 09:55:00,LONG,1,12543.0,12509.75,-66.5,50.11,-0.664,entry,11.0
2022-06-02 10:00:00,2022-06-02 10:21:00,LONG,1,12559.5,12532.0,-55.0,47.5,-0.579,entry,21.0
2022-06-02 10:44:00,2022-06-02 15:59:00,LONG,1,12577.25,12894.25,634.0,40.72,7.786,entry,315.0
2022-06-03 09:44:00,2022-06-03 09:53:00,SHORT,1,12623.0,12666.0,-86.0,46.82,-0.918,entry,9.0
2022-06-03 10:00:00,2022-06-03 10:05:00,LONG,1,12721.75,12666.0,-111.5,56.12,-0.993,entry,5.0
2022-06-03 10:30:00,2022-06-03 12:56:00,SHORT,1,12619.75,12608.5,22.5,47.36,0.238,entry,146.0
2022-06-03 13:18:00,2022-06-03 15:59:00,SHORT,1,12566.5,12554.0,25.0,42.4,0.295,entry,161.0
2022-06-06 09:36:00,2022-06-06 09:42:00,SHORT,1,12701.5,12757.0,-111.0,50.25,-1.104,entry,6.0
2022-06-06 09:48:00,2022-06-06 09:59:00,SHORT,1,12683.25,12749.25,-132.0,50.59,-1.305,entry,11.0
2022-06-06 10:00:00,2022-06-06 11:08:00,LONG,1,12778.25,12752.5,-51.5,49.55,-0.52,entry,68.0
2022-06-06 11:11:00,2022-06-06 15:59:00,SHORT,1,12709.0,12600.25,217.5,46.77,2.325,entry,288.0
2022-06-07 09:40:00,2022-06-07 10:08:00,LONG,1,12514.5,12505.0,-19.0,40.08,-0.237,entry,28.0
2022-06-07 10:22:00,2022-06-07 11:49:00,LONG,1,12560.25,12567.5,14.5,48.61,0.149,entry,87.0
2022-06-07 11:58:00,2022-06-07 12:21:00,LONG,1,12614.5,12575.5,-78.0,40.27,-0.969,entry,23.0
2022-06-07 12:40:00,2022-06-07 15:59:00,LONG,1,12626.5,12711.5,170.0,49.61,1.714,entry,199.0
2022-06-08 09:39:00,2022-06-08 10:14:00,LONG,1,12713.0,12701.25,-23.5,41.86,-0.281,entry,35.0
2022-06-08 10:24:00,2022-06-08 10:43:00,LONG,1,12760.5,12716.5,-88.0,45.09,-0.976,entry,19.0
2022-06-08 11:17:00,2022-06-08 11:59:00,LONG,1,12765.75,12726.0,-79.5,43.96,-0.904,entry,42.0
2022-06-08 12:26:00,2022-06-08 15:59:00,SHORT,1,12678.75,12619.0,119.5,47.26,1.264,entry,213.0
2022-06-09 09:42:00,2022-06-09 09:47:00,SHORT,1,12508.5,12559.5,-102.0,43.46,-1.174,entry,5.0
2022-06-09 09:50:00,2022-06-09 10:09:00,LONG,1,12594.5,12580.0,-29.0,42.13,-0.344,entry,19.0
2022-06-09 10:16:00,2022-06-09 10:50:00,LONG,1,12621.75,12595.0,-53.5,40.29,-0.664,entry,34.0
2022-06-09 11:06:00,2022-06-09 11:42:00,SHORT,1,12552.75,12599.0,-92.5,41.93,-1.103,entry,36.0
2022-06-09 11:50:00,2022-06-09 12:51:00,SHORT,1,12541.5,12585.75,-88.5,47.16,-0.938,entry,61.0
2022-06-09 13:30:00,2022-06-09 15:59:00,SHORT,1,12537.75,12271.25,533.0,45.14,5.904,entry,149.0
2022-06-10 09:33:00,2022-06-10 09:40:00,SHORT,1,11999.0,12022.75,-47.5,47.31,-0.502,entry,7.0
2022-06-10 09:53:00,2022-06-10 13:46:00,SHORT,1,11968.5,11920.0,97.0,48.41,1.002,entry,233.0
2022-06-10 13:50:00,2022-06-10 13:55:00,LONG,1,11944.0,11904.0,-80.0,37.92,-1.055,entry,5.0
2022-06-10 14:58:00,2022-06-10 15:03:00,LONG,1,11946.5,11903.25,-86.5,40.65,-1.064,entry,5.0
2022-06-10 15:25:00,2022-06-10 15:42:00,LONG,1,11952.75,11904.0,-97.5,46.12,-1.057,entry,17.0
2022-06-10 15:46:00,2022-06-10 15:59:00,SHORT,1,11866.5,11837.0,59.0,41.55,0.71,entry,13.0
2022-06-13 09:40:00,2022-06-13 09:45:00,SHORT,1,11510.75,11569.5,-117.5,41.99,-1.399,entry,5.0
2022-06-13 10:02:00,2022-06-13 10:05:00,SHORT,1,11495.0,11547.0,-104.0,43.99,-1.182,entry,3.0
2022-06-13 10:10:00,2022-06-13 11:43:00,SHORT,1,11489.25,11470.0,38.5,46.55,0.414,entry,93.0
2022-06-13 11:47:00,2022-06-13 12:11:00,SHORT,1,11426.25,11462.5,-72.5,39.06,-0.928,entry,24.0
2022-06-13 12:33:00,2022-06-13 12:56:00,LONG,1,11505.75,11457.75,-96.0,42.84,-1.12,entry,23.0
2022-06-13 13:04:00,2022-06-13 13:44:00,SHORT,1,11428.25,11470.25,-84.0,38.46,-1.092,entry,40.0
2022-06-13 14:10:00,2022-06-13 15:59:00,SHORT,1,11424.5,11326.25,196.5,39.02,2.518,entry,109.0
2022-06-14 09:40:00,2022-06-14 09:54:00,SHORT,1,11344.25,11373.0,-57.5,49.14,-0.585,entry,14.0
2022-06-14 09:59:00,2022-06-14 10:09:00,LONG,1,11406.25,11363.5,-85.5,43.75,-0.977,entry,10.0
2022-06-14 10:15:00,2022-06-14 10:47:00,SHORT,1,11319.5,11351.5,-64.0,49.3,-0.649,entry,32.0
2022-06-14 11:06:00,2022-06-14 11:26:00,SHORT,1,11308.5,11347.0,-77.0,41.12,-0.936,entry,20.0
2022-06-14 13:08:00,2022-06-14 13:42:00,LONG,1,11387.5,11348.75,-77.5,42.32,-0.916,entry,34.0
2022-06-14 14:50:00,2022-06-14 15:37:00,SHORT,1,11307.75,11353.25,-91.0,43.14,-1.055,entry,47.0
2022-06-14 15:41:00,2022-06-14 15:53:00,LONG,1,11386.25,11344.25,-84.0,42.86,-0.98,entry,12.0
2022-06-15 09:41:00,2022-06-15 09:54:00,LONG,1,11532.5,11499.75,-65.5,39.39,-0.831,entry,13.0
2022-06-15 10:07:00,2022-06-15 10:20:00,LONG,1,11567.5,11521.5,-92.0,51.46,-0.894,entry,13.0
2022-06-15 10:45:00,2022-06-15 11:07:00,SHORT,1,11478.75,11515.5,-73.5,40.16,-0.915,entry,22.0
2022-06-15 12:14:00,2022-06-15 12:53:00,LONG,1,11553.0,11508.0,-90.0,38.42,-1.171,entry,39.0
2022-06-15 13:55:00,2022-06-15 14:03:00,LONG,1,11562.75,11500.75,-124.0,43.2,-1.435,entry,8.0
2022-06-15 14:04:00,2022-06-15 14:16:00,SHORT,1,11477.0,11532.5,-111.0,43.97,-1.262,entry,12.0
2022-06-15 14:23:00,2022-06-15 14:38:00,SHORT,1,11469.25,11615.75,-293.0,46.43,-3.156,entry,15.0
2022-06-15 14:38:00,2022-06-15 15:59:00,LONG,1,11615.75,11631.75,32.0,105.6,0.152,reverse,81.0
2022-06-16 09:38:00,2022-06-16 09:45:00,SHORT,1,11272.0,11313.0,-82.0,38.9,-1.054,entry,7.0
2022-06-16 09:55:00,2022-06-16 11:27:00,SHORT,1,11260.75,11237.75,46.0,39.22,0.586,entry,92.0
2022-06-16 11:35:00,2022-06-16 13:07:00,SHORT,1,11191.0,11218.75,-55.5,41.66,-0.666,entry,92.0
2022-06-16 13:21:00,2022-06-16 13:28:00,SHORT,1,11177.25,11228.75,-103.0,39.75,-1.295,entry,7.0
2022-06-16 13:43:00,2022-06-16 15:59:00,SHORT,1,11172.5,11166.0,13.0,43.17,0.151,entry,136.0
2022-06-17 09:41:00,2022-06-17 10:01:00,LONG,1,11315.25,11278.0,-74.5,59.4,-0.627,entry,20.0
2022-06-17 10:16:00,2022-06-17 11:07:00,SHORT,1,11229.25,11257.25,-56.0,52.02,-0.538,entry,51.0
2022-06-17 11:19:00,2022-06-17 11:46:00,LONG,1,11285.25,11238.75,-93.0,51.29,-0.907,entry,27.0
2022-06-17 12:38:00,2022-06-17 15:13:00,LONG,1,11285.0,11270.5,-29.0,43.7,-0.332,entry,155.0
2022-06-17 15:21:00,2022-06-17 15:59:00,LONG,1,11321.5,11292.25,-58.5,48.17,-0.607,entry,38.0
2022-06-20 11:56:00,2022-06-20 12:59:00,LONG,1,11417.75,11420.75,6.0,44.27,0.068,entry,63.0
2022-06-21 09:35:00,2022-06-21 11:59:00,LONG,1,11559.5,11606.75,94.5,52.44,0.901,entry,144.0
2022-06-21 15:57:00,2022-06-21 15:59:00,SHORT,1,11568.25,11579.0,-21.5,43.25,-0.249,entry,2.0
2022-06-22 09:47:00,2022-06-22 11:50:00,LONG,1,11543.25,11619.75,153.0,41.82,1.829,entry,123.0
2022-06-22 12:06:00,2022-06-22 12:22:00,SHORT,1,11575.75,11623.0,-94.5,42.68,-1.107,entry,16.0
2022-06-22 13:17:00,2022-06-22 15:26:00,LONG,1,11661.0,11617.25,-87.5,42.16,-1.038,entry,129.0
2022-06-22 15:34:00,2022-06-22 15:59:00,SHORT,1,11585.5,11558.25,54.5,44.32,0.615,entry,25.0
2022-06-23 09:35:00,2022-06-23 09:49:00,SHORT,1,11590.25,11611.75,-43.0,49.14,-0.438,entry,14.0
2022-06-23 09:52:00,2022-06-23 09:57:00,SHORT,1,11547.0,11601.75,-109.5,58.21,-0.941,entry,5.0
2022-06-23 09:58:00,2022-06-23 10:11:00,LONG,1,11641.25,11611.5,-59.5,39.95,-0.745,entry,13.0
2022-06-23 10:20:00,2022-06-23 11:59:00,LONG,1,11662.0,11651.5,-21.0,47.78,-0.22,entry,99.0
2022-06-23 12:03:00,2022-06-23 12:21:00,SHORT,1,11615.0,11650.0,-70.0,36.22,-0.966,entry,18.0
2022-06-23 12:34:00,2022-06-23 14:27:00,SHORT,1,11611.25,11636.25,-50.0,36.66,-0.682,entry,113.0
2022-06-23 14:37:00,2022-06-23 15:59:00,LONG,1,11674.5,11733.25,117.5,38.29,1.534,entry,82.0
2022-06-24 09:41:00,2022-06-24 11:16:00,LONG,1,11945.75,11983.75,76.0,47.0,0.809,entry,95.0
2022-06-24 13:02:00,2022-06-24 15:59:00,LONG,1,12032.75,12147.75,230.0,37.51,3.066,entry,177.0
2022-06-27 09:33:00,2022-06-27 10:03:00,SHORT,1,12138.5,12105.75,65.5,39.09,0.838,entry,30.0
2022-06-27 10:10:00,2022-06-27 10:44:00,SHORT,1,12059.5,12093.25,-67.5,36.43,-0.926,entry,34.0
2022-06-27 10:50:00,2022-06-27 11:12:00,LONG,1,12122.25,12089.0,-66.5,37.27,-0.892,entry,22.0
2022-06-27 11:24:00,2022-06-27 12:02:00,LONG,1,12131.25,12093.5,-75.5,39.56,-0.954,entry,38.0
2022-06-27 12:25:00,2022-06-27 12:59:00,SHORT,1,12059.25,12093.75,-69.0,36.49,-0.945,entry,34.0
2022-06-27 13:07:00,2022-06-27 15:59:00,SHORT,1,12053.0,12044.75,16.5,39.63,0.208,entry,172.0
2022-06-28 09:32:00,2022-06-28 09:46:00,LONG,1,12142.5,12120.0,-45.0,44.81,-0.502,entry,14.0
2022-06-28 09:58:00,2022-06-28 15:59:00,SHORT,1,12093.75,11674.0,839.5,36.5,11.499,entry,361.0
2022-06-29 09:33:00,2022-06-29 09:37:00,SHORT,1,11589.5,11637.25,-95.5,46.69,-1.023,entry,4.0
2022-06-29 09:45:00,2022-06-29 09:47:00,SHORT,1,11575.5,11613.25,-75.5,38.44,-0.982,entry,2.0
2022-06-29 09:50:00,2022-06-29 10:16:00,LONG,1,11655.0,11645.75,-18.5,40.76,-0.227,entry,26.0
2022-06-29 10:25:00,2022-06-29 10:37:00,LONG,1,11714.5,11656.75,-115.5,59.66,-0.968,entry,12.0
2022-06-29 10:40:00,2022-06-29 11:05:00,LONG,1,11701.25,11667.5,-67.5,41.33,-0.817,entry,25.0
2022-06-29 11:35:00,2022-06-29 12:05:00,LONG,1,11708.25,11666.5,-83.5,38.88,-1.074,entry,30.0
2022-06-29 12:23:00,2022-06-29 13:09:00,SHORT,1,11628.0,11671.25,-86.5,42.14,-1.026,entry,46.0
2022-06-29 13:15:00,2022-06-29 13:37:00,SHORT,1,11628.5,11666.0,-75.0,37.1,-1.011,entry,22.0
2022-06-29 14:01:00,2022-06-29 14:41:00,LONG,1,11705.75,11667.5,-76.5,40.76,-0.938,entry,40.0
2022-06-29 15:27:00,2022-06-29 15:52:00,LONG,1,11706.75,11666.5,-80.5,38.85,-1.036,entry,25.0
2022-06-30 09:36:00,2022-06-30 10:33:00,SHORT,1,11489.5,11444.5,90.0,47.61,0.945,entry,57.0
2022-06-30 10:58:00,2022-06-30 15:05:00,LONG,1,11481.25,11523.75,85.0,42.37,1.003,entry,247.0
2022-06-30 15:12:00,2022-06-30 15:26:00,SHORT,1,11490.0,11526.25,-72.5,34.93,-1.038,entry,14.0
2022-06-30 15:31:00,2022-06-30 15:51:00,LONG,1,11561.75,11523.5,-76.5,37.56,-1.018,entry,20.0
2022-06-30 15:55:00,2022-06-30 15:59:00,SHORT,1,11487.0,11538.0,-102.0,39.12,-1.304,entry,4.0
2022-07-01 09:35:00,2022-07-01 09:40:00,SHORT,1,11434.5,11474.0,-79.0,52.48,-0.753,entry,5.0
2022-07-01 09:43:00,2022-07-01 09:44:00,LONG,1,11512.0,11476.25,-71.5,35.55,-1.006,entry,1.0
2022-07-01 09:45:00,2022-07-01 10:11:00,LONG,1,11517.25,11510.5,-13.5,38.7,-0.174,entry,26.0
2022-07-01 10:14:00,2022-07-01 11:08:00,SHORT,1,11476.5,11502.0,-51.0,45.23,-0.564,entry,54.0
2022-07-01 11:51:00,2022-07-01 12:24:00,SHORT,1,11458.25,11491.0,-65.5,35.7,-0.917,entry,33.0
2022-07-01 12:45:00,2022-07-01 13:31:00,SHORT,1,11452.5,11488.0,-71.0,37.37,-0.95,entry,46.0
2022-07-01 13:52:00,2022-07-01 14:08:00,LONG,1,11522.25,11487.5,-69.5,34.89,-0.996,entry,16.0
2022-07-01 14:19:00,2022-07-01 15:59:00,LONG,1,11526.75,11612.5,171.5,38.43,2.231,entry,100.0
2022-07-05 09:47:00,2022-07-05 09:56:00,LONG,1,11460.5,11414.75,-91.5,40.04,-1.143,entry,9.0
2022-07-05 10:11:00,2022-07-05 11:11:00,LONG,1,11481.0,11476.5,-9.0,48.3,-0.093,entry,60.0
2022-07-05 11:32:00,2022-07-05 15:59:00,LONG,1,11512.75,11813.25,601.0,33.19,9.055,entry,267.0
2022-07-06 09:37:00,2022-07-06 09:42:00,SHORT,1,11775.5,11824.75,-98.5,53.5,-0.921,entry,5.0
2022-07-06 09:45:00,2022-07-06 09:55:00,SHORT,1,11780.5,11811.5,-62.0,35.48,-0.874,entry,10.0
2022-07-06 09:58:00,2022-07-06 10:00:00,LONG,1,11848.25,11800.75,-95.0,41.8,-1.136,entry,2.0
2022-07-06 10:07:00,2022-07-06 10:13:00,LONG,1,11869.0,11794.25,-149.5,59.7,-1.252,entry,6.0
2022-07-06 10:43:00,2022-07-06 11:03:00,LONG,1,11849.75,11807.0,-85.5,37.18,-1.15,entry,20.0
2022-07-06 11:30:00,2022-07-06 12:13:00,SHORT,1,11772.0,11814.75,-85.5,43.15,-0.991,entry,43.0
2022-07-06 13:07:00,2022-07-06 14:12:00,LONG,1,11849.0,11816.0,-66.0,37.99,-0.869,entry,65.0
2022-07-06 14:28:00,2022-07-06 15:59:00,LONG,1,11860.75,11885.75,50.0,43.35,0.577,entry,91.0
2022-07-07 09:34:00,2022-07-07 15:59:00,LONG,1,11990.0,12136.0,292.0,38.37,3.805,entry,385.0
2022-07-08 09:39:00,2022-07-08 09:47:00,LONG,1,12067.5,12043.25,-48.5,34.09,-0.711,entry,8.0
2022-07-08 09:50:00,2022-07-08 10:03:00,SHORT,1,11994.25,12032.25,-76.0,48.98,-0.776,entry,13.0
2022-07-08 10:23:00,2022-07-08 12:27:00,LONG,1,12069.25,12098.0,57.5,34.9,0.824,entry,124.0
2022-07-08 12:38:00,2022-07-08 13:26:00,SHORT,1,12064.5,12100.25,-71.5,39.68,-0.901,entry,48.0
2022-07-08 13:47:00,2022-07-08 15:59:00,LONG,1,12135.25,12155.5,40.5,34.76,0.583,entry,132.0
2022-07-11 09:35:00,2022-07-11 10:31:00,SHORT,1,11979.75,11932.0,95.5,47.26,1.01,entry,56.0
2022-07-11 10:40:00,2022-07-11 10:56:00,LONG,1,11954.0,11914.5,-79.0,33.53,-1.178,entry,16.0
2022-07-11 11:12:00,2022-07-11 11:24:00,LONG,1,11956.0,11921.5,-69.0,32.54,-1.06,entry,12.0
2022-07-11 13:06:00,2022-07-11 14:50:00,LONG,1,11956.0,11922.5,-67.0,31.62,-1.059,entry,104.0
2022-07-11 15:03:00,2022-07-11 15:59:00,SHORT,1,11892.25,11891.0,2.5,40.74,0.031,entry,56.0
2022-07-12 09:37:00,2022-07-12 09:43:00,LONG,1,12004.0,11982.5,-43.0,34.62,-0.621,entry,6.0
2022-07-12 09:46:00,2022-07-12 11:09:00,SHORT,1,11939.75,11897.25,85.0,39.3,1.081,entry,83.0
2022-07-12 13:01:00,2022-07-12 13:05:00,LONG,1,11933.5,11891.75,-83.5,34.63,-1.206,entry,4.0
2022-07-12 14:31:00,2022-07-12 15:59:00,SHORT,1,11865.0,11778.25,173.5,32.25,2.69,entry,88.0
2022-07-13 09:32:00,2022-07-13 09:34:00,SHORT,1,11535.25,11578.75,-87.0,40.53,-1.073,entry,2.0
2022-07-13 09:39:00,2022-07-13 09:45:00,LONG,1,11655.25,11596.0,-118.5,70.85,-0.836,entry,6.0
2022-07-13 09:47:00,2022-07-13 10:08:00,LONG,1,11650.5,11627.75,-45.5,51.64,-0.441,entry,21.0
2022-07-13 10:13:00,2022-07-13 10:18:00,LONG,1,11674.5,11616.25,-116.5,44.17,-1.319,entry,5.0
2022-07-13 10:29:00,2022-07-13 15:59:00,LONG,1,11666.5,11755.5,178.0,35.21,2.527,entry,330.0
2022-07-14 09:31:00,2022-07-14 09:45:00,SHORT,1,11616.5,11611.75,9.5,37.7,0.126,entry,14.0
2022-07-14 10:00:00,2022-07-14 10:33:00,SHORT,1,11553.75,11575.0,-42.5,38.98,-0.545,entry,33.0
2022-07-14 11:00:00,2022-07-14 15:59:00,LONG,1,11610.0,11799.5,379.0,37.33,5.077,entry,299.0
2022-07-15 09:45:00,2022-07-15 10:00:00,SHORT,1,11896.75,11974.75,-156.0,51.04,-1.528,entry,15.0
2022-07-15 10:00:00,2022-07-15 10:03:00,LONG,1,11974.75,11927.0,-95.5,49.01,-0.974,reverse,3.0
2022-07-15 10:29:00,2022-07-15 10:44:00,LONG,1,11968.25,11930.25,-76.0,37.67,-1.009,entry,15.0
2022-07-15 11:07:00,2022-07-15 12:01:00,LONG,1,11968.0,11942.75,-50.5,33.86,-0.746,entry,54.0
2022-07-15 13:33:00,2022-07-15 15:59:00,LONG,1,11978.25,12009.0,61.5,32.45,0.947,entry,146.0
2022-07-18 09:33:00,2022-07-18 09:39:00,LONG,1,12155.75,12116.5,-78.5,30.71,-1.278,entry,6.0
2022-07-18 09:46:00,2022-07-18 10:07:00,LONG,1,12162.5,12138.25,-48.5,34.3,-0.707,entry,21.0
2022-07-18 10:47:00,2022-07-18 10:57:00,SHORT,1,12104.0,12138.0,-68.0,32.6,-1.043,entry,10.0
2022-07-18 11:44:00,2022-07-18 12:54:00,LONG,1,12169.25,12142.0,-54.5,32.77,-0.831,entry,70.0
2022-07-18 13:31:00,2022-07-18 15:59:00,SHORT,1,12102.0,11907.0,390.0,38.83,5.023,entry,148.0
2022-07-19 09:42:00,2022-07-19 09:55:00,SHORT,1,12007.25,12041.25,-68.0,35.64,-0.954,entry,13.0
2022-07-19 09:58:00,2022-07-19 10:05:00,LONG,1,12068.75,12031.25,-75.0,35.0,-1.072,entry,7.0
2022-07-19 10:26:00,2022-07-19 15:59:00,LONG,1,12077.75,12269.0,382.5,38.93,4.912,entry,333.0
2022-07-20 09:37:00,2022-07-20 09:54:00,LONG,1,12323.0,12309.5,-27.0,33.45,-0.404,entry,17.0
2022-07-20 10:14:00,2022-07-20 13:08:00,LONG,1,12341.75,12401.75,120.0,33.71,1.78,entry,174.0
2022-07-20 13:11:00,2022-07-20 13:28:00,SHORT,1,12365.0,12411.0,-92.0,43.33,-1.062,entry,17.0
2022-07-20 13:57:00,2022-07-20 14:04:00,SHORT,1,12372.25,12411.0,-77.5,35.22,-1.1,entry,7.0
2022-07-20 14:25:00,2022-07-20 15:59:00,LONG,1,12440.5,12466.0,51.0,32.95,0.774,entry,94.0
2022-07-21 09:34:00,2022-07-21 09:37:00,SHORT,1,12445.5,12472.75,-54.5,33.07,-0.824,entry,3.0
2022-07-21 09:41:00,2022-07-21 09:44:00,LONG,1,12502.5,12456.5,-92.0,36.75,-1.252,entry,3.0
2022-07-21 09:54:00,2022-07-21 10:04:00,LONG,1,12513.25,12456.5,-113.5,42.33,-1.341,entry,10.0
2022-07-21 10:12:00,2022-07-21 10:55:00,SHORT,1,12442.25,12457.25,-30.0,33.25,-0.451,entry,43.0
2022-07-21 11:02:00,2022-07-21 15:59:00,LONG,1,12490.5,12645.0,309.0,35.56,4.345,entry,297.0
2022-07-22 09:39:00,2022-07-22 09:53:00,LONG,1,12640.0,12609.5,-61.0,37.78,-0.807,entry,14.0
2022-07-22 09:59:00,2022-07-22 10:54:00,SHORT,1,12579.0,12602.25,-46.5,40.16,-0.579,entry,55.0
2022-07-22 11:03:00,2022-07-22 15:59:00,SHORT,1,12547.25,12424.25,246.0,50.99,2.412,entry,296.0
2022-07-25 09:35:00,2022-07-25 09:41:00,SHORT,1,12383.0,12404.25,-42.5,36.19,-0.587,entry,6.0
2022-07-25 10:06:00,2022-07-25 11:30:00,SHORT,1,12350.75,12368.0,-34.5,46.92,-0.368,entry,84.0
2022-07-25 12:47:00,2022-07-25 13:26:00,LONG,1,12400.75,12364.75,-72.0,34.86,-1.033,entry,39.0
2022-07-25 13:50:00,2022-07-25 15:59:00,SHORT,1,12333.25,12355.5,-44.5,32.96,-0.675,entry,129.0
2022-07-26 09:45:00,2022-07-26 09:51:00,SHORT,1,12207.75,12240.5,-65.5,35.67,-0.918,entry,6.0
2022-07-26 10:20:00,2022-07-26 15:59:00,SHORT,1,12192.5,12110.25,164.5,41.47,1.983,entry,339.0
2022-07-27 09:38:00,2022-07-27 15:59:00,LONG,1,12339.25,12615.5,552.5,30.15,9.164,entry,381.0
2022-07-28 09:38:00,2022-07-28 10:47:00,SHORT,1,12590.25,12525.75,129.0,33.64,1.917,entry,69.0
2022-07-28 10:56:00,2022-07-28 15:59:00,LONG,1,12560.25,12738.75,357.0,35.94,4.966,entry,303.0
2022-07-29 09:35:00,2022-07-29 09:39:00,SHORT,1,12753.5,12800.0,-93.0,35.24,-1.32,entry,4.0
2022-07-29 09:40:00,2022-07-29 11:02:00,LONG,1,12823.75,12854.5,61.5,39.34,0.782,entry,82.0
2022-07-29 11:22:00,2022-07-29 11:52:00,SHORT,1,12823.0,12853.25,-60.5,34.87,-0.867,entry,30.0
2022-07-29 12:48:00,2022-07-29 15:59:00,LONG,1,12886.5,12972.0,171.0,32.99,2.592,entry,191.0
2022-08-01 09:40:00,2022-08-01 12:13:00,LONG,1,12928.75,13012.75,168.0,36.34,2.311,entry,153.0
2022-08-01 13:03:00,2022-08-01 15:16:00,SHORT,1,12971.25,12996.5,-50.5,44.02,-0.574,entry,133.0
2022-08-01 15:21:00,2022-08-01 15:59:00,SHORT,1,12961.25,12963.0,-3.5,33.78,-0.052,entry,38.0
2022-08-02 09:40:00,2022-08-02 09:43:00,LONG,1,12927.5,12899.5,-56.0,31.38,-0.892,entry,3.0
2022-08-02 09:45:00,2022-08-02 09:52:00,LONG,1,12942.5,12906.25,-72.5,40.73,-0.89,entry,7.0
2022-08-02 10:08:00,2022-08-02 10:20:00,SHORT,1,12868.25,12905.75,-75.0,34.93,-1.074,entry,12.0
2022-08-02 10:43:00,2022-08-02 13:33:00,LONG,1,12926.5,12956.0,59.0,31.16,0.947,entry,170.0
2022-08-02 13:36:00,2022-08-02 14:08:00,SHORT,1,12925.0,12962.0,-74.0,32.67,-1.132,entry,32.0
2022-08-02 14:31:00,2022-08-02 14:58:00,LONG,1,12988.0,12946.5,-83.0,32.87,-1.263,entry,27.0
2022-08-02 15:18:00,2022-08-02 15:28:00,SHORT,1,12923.5,12958.5,-70.0,32.9,-1.064,entry,10.0
2022-08-02 15:57:00,2022-08-02 15:59:00,SHORT,1,12924.5,12922.5,4.0,31.12,0.064,entry,2.0
2022-08-03 09:36:00,2022-08-03 09:47:00,LONG,1,13066.5,13050.5,-32.0,33.43,-0.479,entry,11.0
2022-08-03 09:54:00,2022-08-03 10:31:00,LONG,1,13101.0,13096.75,-8.5,43.05,-0.099,entry,37.0
2022-08-03 10:49:00,2022-08-03 15:59:00,LONG,1,13130.0,13272.25,284.5,32.34,4.398,entry,310.0
2022-08-04 09:44:00,2022-08-04 09:52:00,LONG,1,13325.25,13289.0,-72.5,41.21,-0.88,entry,8.0
2022-08-04 10:02:00,2022-08-04 10:11:00,LONG,1,13328.5,13280.75,-95.5,34.14,-1.399,entry,9.0
2022-08-04 10:16:00,2022-08-04 11:48:00,SHORT,1,13253.75,13261.25,-15.0,41.0,-0.183,entry,92.0
2022-08-04 12:10:00,2022-08-04 12:47:00,LONG,1,13293.75,13253.0,-81.5,31.41,-1.297,entry,37.0
2022-08-04 13:25:00,2022-08-04 15:59:00,LONG,1,13299.0,13330.75,63.5,32.9,0.965,entry,154.0
2022-08-05 09:38:00,2022-08-05 09:41:00,LONG,1,13196.5,13164.5,-64.0,32.23,-0.993,entry,3.0
2022-08-05 10:02:00,2022-08-05 11:00:00,LONG,1,13223.75,13211.25,-25.0,50.03,-0.25,entry,58.0
2022-08-05 11:06:00,2022-08-05 12:49:00,SHORT,1,13181.0,13191.0,-20.0,38.44,-0.26,entry,103.0
2022-08-05 13:06:00,2022-08-05 13:56:00,LONG,1,13216.5,13181.5,-70.0,30.32,-1.154,entry,50.0
2022-08-05 14:29:00,2022-08-05 15:15:00,SHORT,1,13154.75,13189.5,-69.5,34.93,-0.995,entry,46.0
2022-08-05 15:46:00,2022-08-05 15:59:00,LONG,1,13222.25,13226.25,8.0,34.23,0.117,entry,13.0
2022-08-08 09:32:00,2022-08-08 10:27:00,LONG,1,13300.25,13346.25,92.0,33.67,1.366,entry,55.0
2022-08-08 10:48:00,2022-08-08 11:04:00,SHORT,1,13321.0,13355.25,-68.5,34.61,-0.99,entry,16.0
2022-08-08 11:14:00,2022-08-08 15:59:00,SHORT,1,13319.75,13181.75,276.0,32.44,4.254,entry,285.0
2022-08-09 09:53:00,2022-08-09 10:33:00,SHORT,1,13022.75,13032.25,-19.0,39.85,-0.238,entry,40.0
2022-08-09 11:01:00,2022-08-09 11:14:00,SHORT,1,12994.5,13037.0,-85.0,37.23,-1.142,entry,13.0
2022-08-09 12:03:00,2022-08-09 13:56:00,SHORT,1,12999.0,13025.25,-52.5,31.98,-0.821,entry,113.0
2022-08-09 15:23:00,2022-08-09 15:59:00,LONG,1,13053.25,13032.0,-42.5,33.21,-0.64,entry,36.0
2022-08-10 09:35:00,2022-08-10 09:43:00,SHORT,1,13286.25,13310.0,-47.5,32.07,-0.741,entry,8.0
2022-08-10 09:49:00,2022-08-10 09:53:00,LONG,1,13341.75,13309.0,-65.5,31.85,-1.028,entry,4.0
2022-08-10 10:16:00,2022-08-10 10:36:00,SHORT,1,13280.25,13302.75,-45.0,30.27,-0.743,entry,20.0
2022-08-10 10:51:00,2022-08-10 12:21:00,LONG,1,13338.5,13322.75,-31.5,33.9,-0.465,entry,90.0
2022-08-10 13:18:00,2022-08-10 15:59:00,LONG,1,13356.25,13393.5,74.5,29.59,1.259,entry,161.0
2022-08-11 10:00:00,2022-08-11 10:40:00,LONG,1,13519.5,13516.25,-6.5,30.53,-0.106,entry,40.0
2022-08-11 10:47:00,2022-08-11 15:59:00,SHORT,1,13477.5,13317.5,320.0,37.25,4.295,entry,312.0
2022-08-12 09:40:00,2022-08-12 09:48:00,LONG,1,13424.75,13386.75,-76.0,33.62,-1.13,entry,8.0
2022-08-12 10:10:00,2022-08-12 10:40:00,LONG,1,13442.5,13403.0,-79.0,40.49,-0.976,entry,30.0
2022-08-12 11:02:00,2022-08-12 15:59:00,LONG,1,13455.5,13579.5,248.0,41.83,2.964,entry,297.0
2022-08-15 09:54:00,2022-08-15 10:11:00,LONG,1,13615.5,13577.5,-76.0,41.02,-0.926,entry,17.0
2022-08-15 10:21:00,2022-08-15 10:31:00,SHORT,1,13549.25,13583.75,-69.0,33.08,-1.043,entry,10.0
2022-08-15 11:00:00,2022-08-15 11:20:00,SHORT,1,13548.25,13578.75,-61.0,29.93,-1.019,entry,20.0
2022-08-15 11:34:00,2022-08-15 15:59:00,LONG,1,13607.25,13685.25,156.0,29.72,2.625,entry,265.0
2022-08-16 09:49:00,2022-08-16 11:12:00,SHORT,1,13599.0,13592.25,13.5,29.5,0.229,entry,83.0
2022-08-16 11:19:00,2022-08-16 14:40:00,LONG,1,13623.25,13625.25,4.0,33.36,0.06,entry,201.0
2022-08-16 14:46:00,2022-08-16 15:23:00,SHORT,1,13597.0,13631.0,-68.0,32.52,-1.046,entry,37.0
2022-08-16 15:31:00,2022-08-16 15:59:00,LONG,1,13657.25,13653.75,-7.0,29.4,-0.119,entry,28.0
2022-08-17 09:35:00,2022-08-17 09:38:00,LONG,1,13565.0,13524.75,-80.5,33.09,-1.217,entry,3.0
2022-08-17 09:40:00,2022-08-17 09:54:00,SHORT,1,13501.5,13521.25,-39.5,30.68,-0.644,entry,14.0
2022-08-17 10:12:00,2022-08-17 12:36:00,SHORT,1,13488.75,13476.75,24.0,33.14,0.362,entry,144.0
2022-08-17 14:02:00,2022-08-17 15:13:00,LONG,1,13526.0,13494.75,-62.5,47.53,-0.658,entry,71.0
2022-08-17 15:25:00,2022-08-17 15:47:00,LONG,1,13528.5,13489.5,-78.0,31.4,-1.242,entry,22.0
2022-08-18 09:34:00,2022-08-18 09:39:00,SHORT,1,13445.25,13480.5,-70.5,30.92,-1.14,entry,5.0
2022-08-18 10:00:00,2022-08-18 10:06:00,SHORT,1,13428.75,13468.25,-79.0,38.55,-1.025,entry,6.0
2022-08-18 10:21:00,2022-08-18 10:30:00,LONG,1,13497.0,13465.0,-64.0,31.7,-1.009,entry,9.0
2022-08-18 10:40:00,2022-08-18 12:41:00,LONG,1,13515.0,13500.75,-28.5,46.64,-0.306,entry,121.0
2022-08-18 13:09:00,2022-08-18 15:55:00,LONG,1,13535.0,13516.0,-38.0,33.09,-0.574,entry,166.0
2022-08-19 09:38:00,2022-08-19 12:45:00,SHORT,1,13371.0,13304.75,132.5,28.95,2.289,entry,187.0
2022-08-19 13:21:00,2022-08-19 15:59:00,SHORT,1,13274.5,13263.25,22.5,27.75,0.405,entry,158.0
2022-08-22 09:34:00,2022-08-22 09:43:00,SHORT,1,13037.75,13067.75,-60.0,31.93,-0.939,entry,9.0
2022-08-22 09:49:00,2022-08-22 15:59:00,SHORT,1,13017.0,12916.25,201.5,34.66,2.907,entry,370.0
2022-08-23 09:43:00,2022-08-23 09:47:00,SHORT,1,12880.25,12917.25,-74.0,41.79,-0.885,entry,4.0
2022-08-23 09:50:00,2022-08-23 10:38:00,LONG,1,12971.75,12947.5,-48.5,51.05,-0.475,entry,48.0
2022-08-23 10:54:00,2022-08-23 11:37:00,SHORT,1,12915.75,12943.0,-54.5,34.87,-0.781,entry,43.0
2022-08-23 11:43:00,2022-08-23 12:58:00,SHORT,1,12913.0,12936.5,-47.0,28.15,-0.835,entry,75.0
2022-08-23 13:53:00,2022-08-23 14:16:00,SHORT,1,12905.75,12937.0,-62.5,28.99,-1.078,entry,23.0
2022-08-23 15:45:00,2022-08-23 15:59:00,SHORT,1,12903.75,12899.5,8.5,30.21,0.141,entry,14.0
2022-08-24 09:34:00,2022-08-24 09:38:00,SHORT,1,12856.75,12897.75,-82.0,31.45,-1.304,entry,4.0
2022-08-24 10:00:00,2022-08-24 10:04:00,LONG,1,12921.5,12885.75,-71.5,31.36,-1.14,entry,4.0
2022-08-24 10:19:00,2022-08-24 12:52:00,LONG,1,12941.0,12936.0,-10.0,45.86,-0.109,entry,153.0
2022-08-24 15:19:00,2022-08-24 15:56:00,LONG,1,12964.25,12932.75,-63.0,27.28,-1.155,entry,37.0
2022-08-25 09:56:00,2022-08-25 11:14:00,LONG,1,13015.25,13035.75,41.0,27.59,0.743,entry,78.0
2022-08-25 11:24:00,2022-08-25 11:42:00,SHORT,1,13003.25,13041.25,-76.0,37.61,-1.01,entry,18.0
2022-08-25 12:48:00,2022-08-25 13:01:00,SHORT,1,13000.75,13037.5,-73.5,37.4,-0.983,entry,13.0
2022-08-25 13:33:00,2022-08-25 15:59:00,LONG,1,13071.5,13159.0,175.0,33.52,2.61,entry,146.0
2022-08-26 09:50:00,2022-08-26 09:55:00,SHORT,1,13092.75,13137.75,-90.0,40.93,-1.099,entry,5.0
2022-08-26 10:01:00,2022-08-26 10:09:00,SHORT,1,13073.0,13177.5,-209.0,51.26,-2.038,entry,8.0
2022-08-26 10:09:00,2022-08-26 10:20:00,LONG,1,13177.5,13089.5,-176.0,82.42,-1.068,reverse,11.0
2022-08-26 10:22:00,2022-08-26 15:59:00,SHORT,1,13042.25,12619.0,846.5,61.8,6.848,entry,337.0
2022-08-29 09:33:00,2022-08-29 09:48:00,LONG,1,12551.0,12547.5,-7.0,28.52,-0.123,entry,15.0
2022-08-29 10:01:00,2022-08-29 10:11:00,SHORT,1,12529.25,12568.0,-77.5,28.84,-1.343,entry,10.0
2022-08-29 10:16:00,2022-08-29 10:33:00,LONG,1,12591.5,12530.5,-122.0,36.08,-1.691,entry,17.0
2022-08-29 10:33:00,2022-08-29 12:01:00,SHORT,1,12530.5,12535.0,-9.0,30.68,-0.147,reverse,88.0
2022-08-29 12:18:00,2022-08-29 12:30:00,LONG,1,12558.25,12525.75,-65.0,30.74,-1.057,entry,12.0
2022-08-29 12:48:00,2022-08-29 14:17:00,LONG,1,12563.5,12534.25,-58.5,35.79,-0.817,entry,89.0
2022-08-29 14:38:00,2022-08-29 14:56:00,LONG,1,12567.0,12533.5,-67.0,30.54,-1.097,entry,18.0
2022-08-29 15:01:00,2022-08-29 15:48:00,LONG,1,12571.25,12538.0,-66.5,34.04,-0.977,entry,47.0
2022-08-29 15:55:00,2022-08-29 15:59:00,SHORT,1,12509.5,12494.75,29.5,29.75,0.496,entry,4.0
2022-08-30 09:43:00,2022-08-30 15:10:00,SHORT,1,12523.5,12367.5,312.0,29.37,5.311,entry,327.0
2022-08-30 15:30:00,2022-08-30 15:59:00,SHORT,1,12335.0,12353.5,-37.0,27.69,-0.668,entry,29.0
2022-08-31 09:34:00,2022-08-31 09:40:00,SHORT,1,12411.25,12448.25,-74.0,28.63,-1.292,entry,6.0
2022-08-31 09:44:00,2022-08-31 09:59:00,LONG,1,12484.75,12455.75,-58.0,51.03,-0.568,entry,15.0
2022-08-31 10:08:00,2022-08-31 10:11:00,SHORT,1,12423.25,12462.5,-78.5,31.77,-1.236,entry,3.0
2022-08-31 10:15:00,2022-08-31 15:46:00,SHORT,1,12411.75,12373.25,77.0,41.3,0.932,entry,331.0
2022-08-31 15:54:00,2022-08-31 15:59:00,SHORT,1,12323.75,12281.5,84.5,48.7,0.868,entry,5.0
2022-09-01 09:40:00,2022-09-01 09:46:00,LONG,1,12215.0,12177.25,-75.5,42.59,-0.886,entry,6.0
2022-09-01 10:02:00,2022-09-01 10:28:00,SHORT,1,12122.25,12163.0,-81.5,52.5,-0.776,entry,26.0
2022-09-01 10:38:00,2022-09-01 13:24:00,SHORT,1,12104.75,12104.75,-0.0,50.61,-0.0,entry,166.0
2022-09-01 14:20:00,2022-09-01 15:59:00,LONG,1,12133.75,12285.25,303.0,32.97,4.595,entry,99.0
2022-09-02 09:32:00,2022-09-02 09:49:00,SHORT,1,12347.0,12335.5,23.0,28.02,0.41,entry,17.0
2022-09-02 10:00:00,2022-09-02 10:10:00,SHORT,1,12288.75,12332.5,-87.5,45.54,-0.961,entry,10.0
2022-09-02 10:12:00,2022-09-02 12:15:00,LONG,1,12366.5,12365.75,-1.5,39.16,-0.019,entry,123.0
2022-09-02 12:20:00,2022-09-02 15:59:00,SHORT,1,12348.75,12110.25,477.0,31.32,7.614,entry,219.0
2022-09-06 09:32:00,2022-09-06 10:40:00,SHORT,1,12110.0,12062.0,96.0,28.78,1.668,entry,68.0
2022-09-06 10:40:00,2022-09-06 12:16:00,LONG,1,12062.0,12052.5,-19.0,35.82,-0.265,reverse,96.0
2022-09-06 12:24:00,2022-09-06 12:43:00,SHORT,1,12027.75,12059.25,-63.0,30.06,-1.048,entry,19.0
2022-09-06 13:05:00,2022-09-06 14:11:00,SHORT,1,12022.25,12050.5,-56.5,34.48,-0.819,entry,66.0
2022-09-06 14:45:00,2022-09-06 15:12:00,SHORT,1,12015.25,12049.25,-68.0,31.96,-1.064,entry,27.0
2022-09-06 15:31:00,2022-09-06 15:59:00,SHORT,1,12009.5,12021.75,-24.5,36.03,-0.34,entry,28.0
2022-09-07 09:35:00,2022-09-07 09:52:00,LONG,1,12094.5,12082.75,-23.5,27.84,-0.422,entry,17.0
2022-09-07 10:11:00,2022-09-07 10:30:00,SHORT,1,12061.25,12092.75,-63.0,27.18,-1.159,entry,19.0
2022-09-07 11:08:00,2022-09-07 15:59:00,LONG,1,12120.25,12262.0,283.5,39.76,3.565,entry,291.0
2022-09-08 09:41:00,2022-09-08 10:03:00,LONG,1,12189.0,12187.0,-4.0,44.45,-0.045,entry,22.0
2022-09-08 10:07:00,2022-09-08 12:03:00,LONG,1,12221.75,12252.75,62.0,29.63,1.046,entry,116.0
2022-09-08 12:05:00,2022-09-08 13:11:00,SHORT,1,12217.75,12250.5,-65.5,41.23,-0.794,entry,66.0
2022-09-08 13:13:00,2022-09-08 13:56:00,LONG,1,12269.75,12234.5,-70.5,27.44,-1.284,entry,43.0
2022-09-08 14:06:00,2022-09-08 15:03:00,LONG,1,12277.0,12243.25,-67.5,30.91,-1.092,entry,57.0
2022-09-08 15:15:00,2022-09-08 15:42:00,LONG,1,12278.0,12249.25,-57.5,29.33,-0.98,entry,27.0
2022-09-08 15:50:00,2022-09-08 15:59:00,LONG,1,12280.5,12326.25,91.5,30.59,1.496,entry,9.0
2022-09-09 09:59:00,2022-09-09 12:24:00,LONG,1,12502.5,12515.75,26.5,38.52,0.344,entry,145.0
2022-09-09 12:36:00,2022-09-09 15:59:00,LONG,1,12547.5,12589.75,84.5,29.46,1.434,entry,203.0
2022-09-12 09:52:00,2022-09-12 10:58:00,LONG,1,12785.25,12785.5,0.5,31.84,0.008,entry,66.0
2022-09-12 11:03:00,2022-09-12 11:21:00,SHORT,1,12760.25,12792.0,-63.5,28.5,-1.114,entry,18.0
2022-09-12 11:29:00,2022-09-12 11:48:00,LONG,1,12816.5,12787.5,-58.0,29.13,-0.996,entry,19.0
2022-09-12 11:56:00,2022-09-12 12:41:00,SHORT,1,12737.0,12786.75,-99.5,50.76,-0.98,entry,45.0
2022-09-12 13:12:00,2022-09-12 14:22:00,LONG,1,12811.25,12778.75,-65.0,28.38,-1.145,entry,70.0
2022-09-12 15:08:00,2022-09-12 15:59:00,LONG,1,12814.75,12825.25,21.0,28.34,0.371,entry,51.0
2022-09-13 09:35:00,2022-09-13 09:51:00,SHORT,1,12426.0,12453.5,-55.0,46.16,-0.596,entry,16.0
2022-09-13 09:55:00,2022-09-13 15:59:00,SHORT,1,12412.25,12119.75,585.0,32.21,9.081,entry,364.0
2022-09-14 09:33:00,2022-09-14 09:43:00,SHORT,1,12119.0,12136.25,-34.5,30.98,-0.557,entry,10.0
2022-09-14 09:44:00,2022-09-14 10:21:00,LONG,1,12183.75,12151.25,-65.0,49.3,-0.659,entry,37.0
2022-09-14 10:26:00,2022-09-14 10:38:00,SHORT,1,12119.5,12182.75,-126.5,37.9,-1.669,entry,12.0
2022-09-14 10:41:00,2022-09-14 13:45:00,LONG,1,12184.25,12178.75,-11.0,30.35,-0.181,entry,184.0
2022-09-14 13:48:00,2022-09-14 15:50:00,SHORT,1,12145.0,12183.0,-76.0,40.63,-0.935,entry,122.0
2022-09-14 15:54:00,2022-09-14 15:59:00,LONG,1,12210.75,12217.5,13.5,37.36,0.181,entry,5.0
2022-09-15 09:40:00,2022-09-15 10:22:00,LONG,1,12160.5,12154.0,-13.0,30.43,-0.214,entry,42.0
2022-09-15 10:27:00,2022-09-15 13:00:00,SHORT,1,12129.25,12096.0,66.5,45.03,0.738,entry,153.0
2022-09-15 13:02:00,2022-09-15 13:46:00,LONG,1,12123.25,12095.75,-55.0,30.72,-0.895,entry,44.0
2022-09-15 14:01:00,2022-09-15 15:59:00,SHORT,1,12054.0,12004.25,99.5,42.07,1.182,entry,118.0
2022-09-16 09:57:00,2022-09-16 10:05:00,SHORT,1,11791.75,11837.0,-90.5,31.24,-1.448,entry,8.0
2022-09-16 10:12:00,2022-09-16 10:48:00,LONG,1,11853.25,11835.75,-35.0,30.21,-0.579,entry,36.0
2022-09-16 11:10:00,2022-09-16 11:16:00,SHORT,1,11809.0,11842.75,-67.5,31.06,-1.087,entry,6.0
2022-09-16 11:37:00,2022-09-16 11:51:00,SHORT,1,11809.0,11837.5,-57.0,29.26,-0.974,entry,14.0
2022-09-16 12:17:00,2022-09-16 12:49:00,SHORT,1,11804.5,11835.25,-61.5,32.34,-0.951,entry,32.0
2022-09-16 14:27:00,2022-09-16 15:59:00,LONG,1,11877.75,11927.25,99.0,45.1,1.097,entry,92.0
2022-09-19 09:41:00,2022-09-19 10:07:00,LONG,1,11892.0,11879.0,-26.0,29.52,-0.44,entry,26.0
2022-09-19 10:12:00,2022-09-19 10:20:00,LONG,1,11915.5,11883.0,-65.0,30.19,-1.076,entry,8.0
2022-09-19 10:26:00,2022-09-19 11:28:00,LONG,1,11918.75,11910.25,-17.0,29.29,-0.29,entry,62.0
2022-09-19 11:35:00,2022-09-19 12:35:00,SHORT,1,11882.25,11914.0,-63.5,29.16,-1.089,entry,60.0
2022-09-19 12:52:00,2022-09-19 13:37:00,LONG,1,11938.0,11905.5,-65.0,32.04,-1.014,entry,45.0
2022-09-19 13:47:00,2022-09-19 14:14:00,LONG,1,11938.0,11907.25,-61.5,29.23,-1.052,entry,27.0
2022-09-19 14:38:00,2022-09-19 15:59:00,LONG,1,11947.5,12027.0,159.0,37.41,2.125,entry,81.0
2022-09-20 09:43:00,2022-09-20 09:47:00,SHORT,1,11888.75,11921.0,-64.5,28.92,-1.115,entry,4.0
2022-09-20 10:51:00,2022-09-20 12:36:00,LONG,1,11957.5,11942.0,-31.0,36.83,-0.421,entry,105.0
2022-09-20 13:15:00,2022-09-20 15:01:00,SHORT,1,11908.75,11924.75,-32.0,34.51,-0.464,entry,106.0
2022-09-20 15:38:00,2022-09-20 15:56:00,LONG,1,11955.5,11917.75,-75.5,32.2,-1.172,entry,18.0
2022-09-21 09:48:00,2022-09-21 09:55:00,LONG,1,11990.0,11960.5,-59.0,30.51,-0.967,entry,7.0
2022-09-21 10:29:00,2022-09-21 10:35:00,LONG,1,11996.5,11962.5,-68.0,28.05,-1.212,entry,6.0
2022-09-21 12:31:00,2022-09-21 13:16:00,LONG,1,11995.0,11965.75,-58.5,28.46,-1.028,entry,45.0
2022-09-21 13:38:00,2022-09-21 14:00:00,LONG,1,11998.5,11874.75,-247.5,28.2,-4.388,entry,22.0
2022-09-21 14:00:00,2022-09-21 14:34:00,SHORT,1,11874.75,11962.5,-175.5,96.23,-0.912,reverse,34.0
2022-09-21 14:34:00,2022-09-21 14:40:00,LONG,1,11962.5,11929.25,-66.5,31.18,-1.066,reverse,6.0
2022-09-21 14:42:00,2022-09-21 15:10:00,LONG,1,12002.75,11933.0,-139.5,68.69,-1.015,entry,28.0
2022-09-21 15:11:00,2022-09-21 15:13:00,SHORT,1,11924.25,11962.25,-76.0,30.0,-1.267,entry,2.0
2022-09-21 15:14:00,2022-09-21 15:20:00,LONG,1,12010.25,11951.0,-118.5,55.82,-1.062,entry,6.0
2022-09-21 15:25:00,2022-09-21 15:59:00,SHORT,1,11919.75,11703.75,432.0,35.36,6.109,entry,34.0
2022-09-22 09:38:00,2022-09-22 10:13:00,SHORT,1,11626.5,11625.75,1.5,33.89,0.022,entry,35.0
2022-09-22 10:22:00,2022-09-22 10:32:00,SHORT,1,11585.5,11613.75,-56.5,28.84,-0.98,entry,10.0
2022-09-22 10:45:00,2022-09-22 12:24:00,SHORT,1,11576.25,11600.5,-48.5,32.89,-0.737,entry,99.0
2022-09-22 13:09:00,2022-09-22 13:50:00,SHORT,1,11551.5,11584.0,-65.0,33.62,-0.967,entry,41.0
2022-09-22 14:12:00,2022-09-22 14:53:00,SHORT,1,11551.5,11581.5,-60.0,31.71,-0.946,entry,41.0
2022-09-22 15:02:00,2022-09-22 15:55:00,LONG,1,11617.75,11579.0,-77.5,37.8,-1.025,entry,53.0
2022-09-23 09:38:00,2022-09-23 10:29:00,SHORT,1,11411.5,11405.5,12.0,32.31,0.186,entry,51.0
2022-09-23 10:35:00,2022-09-23 10:45:00,SHORT,1,11364.25,11394.75,-61.0,28.48,-1.071,entry,10.0
2022-09-23 11:01:00,2022-09-23 11:07:00,SHORT,1,11362.5,11407.5,-90.0,29.01,-1.551,entry,6.0
2022-09-23 11:44:00,2022-09-23 15:39:00,SHORT,1,11358.5,11349.5,18.0,32.59,0.276,entry,235.0
2022-09-23 15:44:00,2022-09-23 15:50:00,LONG,1,11378.25,11344.0,-68.5,28.75,-1.191,entry,6.0
2022-09-26 09:33:00,2022-09-26 10:45:00,LONG,1,11426.5,11465.0,77.0,38.32,1.005,entry,72.0
2022-09-26 11:05:00,2022-09-26 15:59:00,SHORT,1,11428.25,11318.25,220.0,38.26,2.875,entry,294.0
2022-09-27 09:33:00,2022-09-27 09:45:00,LONG,1,11521.0,11524.5,7.0,31.24,0.112,entry,12.0
2022-09-27 09:49:00,2022-09-27 10:44:00,SHORT,1,11488.25,11492.5,-8.5,35.81,-0.119,entry,55.0
2022-09-27 11:14:00,2022-09-27 15:59:00,SHORT,1,11450.5,11332.75,235.5,29.04,4.055,entry,285.0
2022-09-28 09:44:00,2022-09-28 09:54:00,LONG,1,11339.75,11308.5,-62.5,35.25,-0.886,entry,10.0
2022-09-28 10:00:00,2022-09-28 10:02:00,LONG,1,11363.25,11307.5,-111.5,48.47,-1.15,entry,2.0
2022-09-28 10:09:00,2022-09-28 10:17:00,SHORT,1,11272.5,11328.0,-111.0,40.81,-1.36,entry,8.0
2022-09-28 10:20:00,2022-09-28 15:59:00,LONG,1,11341.5,11553.75,424.5,28.82,7.364,entry,339.0
2022-09-29 09:35:00,2022-09-29 11:07:00,SHORT,1,11349.25,11243.25,212.0,30.8,3.442,entry,92.0
2022-09-29 11:13:00,2022-09-29 11:45:00,SHORT,1,11209.5,11243.5,-68.0,31.65,-1.074,entry,32.0
2022-09-29 11:55:00,2022-09-29 12:11:00,LONG,1,11270.5,11231.75,-77.5,32.15,-1.205,entry,16.0
2022-09-29 12:19:00,2022-09-29 15:36:00,SHORT,1,11206.5,11216.75,-20.5,32.41,-0.316,entry,197.0
2022-09-30 09:33:00,2022-09-30 09:36:00,LONG,1,11236.75,11178.5,-116.5,32.38,-1.799,entry,3.0
2022-09-30 09:37:00,2022-09-30 09:42:00,SHORT,1,11161.0,11219.75,-117.5,40.97,-1.434,entry,5.0
2022-09-30 09:43:00,2022-09-30 09:48:00,LONG,1,11225.0,11178.25,-93.5,31.24,-1.496,entry,5.0
2022-09-30 09:53:00,2022-09-30 10:16:00,LONG,1,11244.0,11206.75,-74.5,45.74,-0.814,entry,23.0
2022-09-30 10:24:00,2022-09-30 11:49:00,LONG,1,11248.0,11253.25,10.5,35.64,0.147,entry,85.0
2022-09-30 12:01:00,2022-09-30 12:38:00,SHORT,1,11213.75,11253.75,-80.0,41.54,-0.963,entry,37.0
2022-09-30 13:00:00,2022-09-30 15:59:00,SHORT,1,11221.25,11030.25,382.0,30.38,6.286,entry,179.0
2022-10-03 09:40:00,2022-10-03 09:43:00,SHORT,1,11045.5,11082.5,-74.0,38.74,-0.955,entry,3.0
2022-10-03 09:46:00,2022-10-03 09:57:00,LONG,1,11125.0,11090.0,-70.0,39.78,-0.88,entry,11.0
2022-10-03 10:00:00,2022-10-03 11:56:00,LONG,1,11135.25,11159.0,47.5,40.96,0.58,entry,116.0
2022-10-03 12:02:00,2022-10-03 15:59:00,LONG,1,11192.75,11290.75,196.0,31.35,3.126,entry,237.0
2022-10-04 09:49:00,2022-10-04 12:20:00,LONG,1,11589.75,11621.0,62.5,35.0,0.893,entry,151.0
2022-10-04 12:28:00,2022-10-04 12:42:00,LONG,1,11653.75,11622.5,-62.5,31.32,-0.998,entry,14.0
2022-10-04 13:02:00,2022-10-04 13:53:00,SHORT,1,11588.5,11614.5,-52.0,33.24,-0.782,entry,51.0
2022-10-04 14:51:00,2022-10-04 15:09:00,LONG,1,11645.0,11610.5,-69.0,32.63,-1.057,entry,18.0
2022-10-05 09:44:00,2022-10-05 09:48:00,SHORT,1,11469.75,11501.75,-64.0,31.89,-1.003,entry,4.0
2022-10-05 10:00:00,2022-10-05 11:36:00,SHORT,1,11457.0,11440.5,33.0,38.45,0.429,entry,96.0
2022-10-05 12:07:00,2022-10-05 15:59:00,LONG,1,11480.5,11636.5,312.0,39.56,3.944,entry,232.0
2022-10-06 09:33:00,2022-10-06 09:57:00,LONG,1,11654.0,11654.75,1.5,32.8,0.023,entry,24.0
2022-10-06 09:58:00,2022-10-06 10:49:00,SHORT,1,11635.5,11611.75,47.5,32.55,0.73,entry,51.0
2022-10-06 11:21:00,2022-10-06 11:56:00,LONG,1,11657.75,11607.25,-101.0,45.73,-1.104,entry,35.0
2022-10-06 11:59:00,2022-10-06 12:42:00,SHORT,1,11583.5,11614.75,-62.5,32.04,-0.975,entry,43.0
2022-10-06 14:16:00,2022-10-06 15:59:00,SHORT,1,11577.25,11542.25,70.0,34.91,1.003,entry,103.0
2022-10-07 09:44:00,2022-10-07 10:23:00,SHORT,1,11275.0,11274.25,1.5,44.61,0.017,entry,39.0
2022-10-07 10:32:00,2022-10-07 15:59:00,SHORT,1,11231.75,11099.5,264.5,37.08,3.567,entry,327.0
2022-10-10 09:33:00,2022-10-10 09:47:00,SHORT,1,11058.5,11065.0,-13.0,39.71,-0.164,entry,14.0
2022-10-10 09:53:00,2022-10-10 10:26:00,SHORT,1,11009.5,11036.25,-53.5,46.91,-0.57,entry,33.0
2022-10-10 10:36:00,2022-10-10 11:50:00,SHORT,1,10993.0,11013.75,-41.5,40.3,-0.515,entry,74.0
2022-10-10 12:08:00,2022-10-10 13:45:00,SHORT,1,10957.75,10981.5,-47.5,43.69,-0.544,entry,97.0
2022-10-10 13:48:00,2022-10-10 14:22:00,LONG,1,11028.0,10979.75,-96.5,46.42,-1.04,entry,34.0
2022-10-10 14:32:00,2022-10-10 15:57:00,LONG,1,11019.75,10985.25,-69.0,33.13,-1.041,entry,85.0
2022-10-11 09:35:00,2022-10-11 10:34:00,SHORT,1,10871.25,10854.5,33.5,36.46,0.459,entry,59.0
2022-10-11 10:40:00,2022-10-11 10:57:00,LONG,1,10893.25,10855.0,-76.5,40.25,-0.95,entry,17.0
2022-10-11 11:03:00,2022-10-11 14:45:00,LONG,1,10917.0,10905.75,-22.5,59.91,-0.188,entry,222.0
2022-10-11 14:48:00,2022-10-11 15:59:00,SHORT,1,10871.75,10844.0,55.5,39.81,0.697,entry,71.0
2022-10-12 09:36:00,2022-10-12 10:05:00,LONG,1,10887.25,10868.5,-37.5,41.59,-0.451,entry,29.0
2022-10-12 10:06:00,2022-10-12 10:27:00,SHORT,1,10842.25,10874.75,-65.0,38.94,-0.835,entry,21.0
2022-10-12 10:39:00,2022-10-12 11:03:00,SHORT,1,10836.5,10869.25,-65.5,33.65,-0.973,entry,24.0
2022-10-12 11:42:00,2022-10-12 12:10:00,LONG,1,10909.25,10870.25,-78.0,41.43,-0.941,entry,28.0
2022-10-12 14:00:00,2022-10-12 14:02:00,SHORT,1,10831.0,10881.25,-100.5,39.64,-1.268,entry,2.0
2022-10-12 14:14:00,2022-10-12 14:21:00,LONG,1,10903.5,10868.25,-70.5,32.68,-1.079,entry,7.0
2022-10-12 14:26:00,2022-10-12 14:51:00,LONG,1,10903.5,10871.5,-64.0,32.14,-0.996,entry,25.0
2022-10-12 15:03:00,2022-10-12 15:22:00,SHORT,1,10841.0,10876.75,-71.5,31.41,-1.138,entry,19.0
2022-10-13 09:42:00,2022-10-13 15:59:00,LONG,1,10551.5,11081.25,1059.5,32.58,16.258,entry,377.0
2022-10-14 09:33:00,2022-10-14 09:38:00,SHORT,1,11134.25,11162.0,-55.5,40.01,-0.694,entry,5.0
2022-10-14 09:39:00,2022-10-14 09:41:00,LONG,1,11191.0,11143.5,-95.0,34.79,-1.365,entry,2.0
2022-10-14 09:43:00,2022-10-14 15:59:00,SHORT,1,11112.75,10748.0,729.5,40.59,8.986,entry,376.0
2022-10-17 09:36:00,2022-10-17 09:56:00,LONG,1,11078.75,11065.25,-27.0,40.55,-0.333,entry,20.0
2022-10-17 10:13:00,2022-10-17 10:34:00,LONG,1,11110.25,11076.25,-68.0,35.06,-0.97,entry,21.0
2022-10-17 10:53:00,2022-10-17 11:28:00,SHORT,1,11044.0,11082.75,-77.5,37.11,-1.044,entry,35.0
2022-10-17 11:41:00,2022-10-17 12:45:00,LONG,1,11113.0,11079.0,-68.0,36.65,-0.928,entry,64.0
2022-10-17 13:24:00,2022-10-17 15:59:00,LONG,1,11119.25,11111.25,-16.0,35.59,-0.225,entry,155.0
2022-10-18 09:39:00,2022-10-18 13:50:00,SHORT,1,11360.0,11241.0,238.0,35.57,3.345,entry,251.0
2022-10-18 14:36:00,2022-10-18 15:59:00,SHORT,1,11194.0,11202.75,-17.5,45.31,-0.193,entry,83.0
2022-10-19 09:34:00,2022-10-19 09:40:00,LONG,1,11190.75,11150.75,-80.0,34.85,-1.148,entry,6.0
2022-10-19 09:49:00,2022-10-19 09:51:00,SHORT,1,11119.5,11169.5,-100.0,38.49,-1.299,entry,2.0
2022-10-19 10:14:00,2022-10-19 10:55:00,LONG,1,11207.75,11184.75,-46.0,46.83,-0.491,entry,41.0
2022-10-19 11:11:00,2022-10-19 11:25:00,LONG,1,11228.5,11185.75,-85.5,36.31,-1.178,entry,14.0
2022-10-19 12:15:00,2022-10-19 15:59:00,SHORT,1,11157.25,11154.5,5.5,35.16,0.078,entry,224.0
2022-10-20 09:45:00,2022-10-20 12:02:00,LONG,1,11180.25,11241.75,123.0,45.98,1.338,entry,137.0
2022-10-20 12:12:00,2022-10-20 15:59:00,SHORT,1,11209.75,11087.75,244.0,36.77,3.318,entry,227.0
2022-10-21 09:32:00,2022-10-21 09:34:00,LONG,1,11083.25,11030.0,-106.5,41.5,-1.283,entry,2.0
2022-10-21 09:44:00,2022-10-21 10:29:00,LONG,1,11082.25,11108.5,52.5,40.87,0.642,entry,45.0
2022-10-21 11:00:00,2022-10-21 11:21:00,SHORT,1,11076.25,11111.25,-70.0,37.17,-0.942,entry,21.0
2022-10-21 11:30:00,2022-10-21 15:59:00,LONG,1,11151.75,11354.0,404.5,42.13,4.8,entry,269.0
2022-10-24 09:37:00,2022-10-24 09:40:00,LONG,1,11381.5,11330.0,-103.0,41.71,-1.235,entry,3.0
2022-10-24 09:45:00,2022-10-24 09:49:00,LONG,1,11410.5,11347.0,-127.0,61.5,-1.033,entry,4.0
2022-10-24 09:55:00,2022-10-24 09:57:00,LONG,1,11391.25,11354.75,-73.0,34.21,-1.067,entry,2.0
2022-10-24 10:01:00,2022-10-24 10:51:00,SHORT,1,11312.0,11329.5,-35.0,44.49,-0.393,entry,50.0
2022-10-24 10:59:00,2022-10-24 15:59:00,LONG,1,11353.0,11479.5,253.0,39.36,3.214,entry,300.0
2022-10-25 09:46:00,2022-10-25 13:03:00,LONG,1,11596.5,11633.25,73.5,41.76,0.88,entry,197.0
2022-10-25 14:07:00,2022-10-25 15:59:00,LONG,1,11671.25,11712.5,82.5,33.69,1.224,entry,112.0
2022-10-26 09:39:00,2022-10-26 09:44:00,LONG,1,11507.25,11468.25,-78.0,34.37,-1.135,entry,5.0
2022-10-26 09:48:00,2022-10-26 09:58:00,LONG,1,11527.5,11480.75,-93.5,48.9,-0.956,entry,10.0
2022-10-26 10:00:00,2022-10-26 12:56:00,LONG,1,11542.5,11563.75,42.5,54.36,0.391,entry,176.0
2022-10-26 13:00:00,2022-10-26 15:59:00,SHORT,1,11547.5,11453.0,189.0,33.83,2.794,entry,179.0
2022-10-27 09:36:00,2022-10-27 10:12:00,SHORT,1,11401.5,11381.5,40.0,34.39,0.582,entry,36.0
2022-10-27 10:13:00,2022-10-27 10:41:00,LONG,1,11395.5,11363.25,-64.5,35.69,-0.904,entry,28.0
2022-10-27 10:58:00,2022-10-27 11:10:00,SHORT,1,11339.0,11373.0,-68.0,35.4,-0.96,entry,12.0
2022-10-27 11:15:00,2022-10-27 15:59:00,SHORT,1,11329.5,11240.0,179.0,41.41,2.162,entry,284.0
2022-10-28 09:33:00,2022-10-28 10:02:00,LONG,1,11299.5,11299.0,-1.0,46.13,-0.011,entry,29.0
2022-10-28 10:12:00,2022-10-28 10:15:00,SHORT,1,11263.25,11308.25,-90.0,46.03,-0.978,entry,3.0
2022-10-28 10:24:00,2022-10-28 15:59:00,LONG,1,11342.25,11584.5,484.5,32.96,7.35,entry,335.0
2022-10-31 09:32:00,2022-10-31 09:37:00,SHORT,1,11463.5,11492.75,-58.5,33.91,-0.862,entry,5.0
2022-10-31 09:46:00,2022-10-31 11:08:00,SHORT,1,11437.75,11450.0,-24.5,41.36,-0.296,entry,82.0
2022-10-31 11:42:00,2022-10-31 11:58:00,LONG,1,11476.25,11439.25,-74.0,37.86,-0.977,entry,16.0
2022-10-31 12:12:00,2022-10-31 12:37:00,LONG,1,11479.75,11446.25,-67.0,35.84,-0.935,entry,25.0
2022-10-31 13:19:00,2022-10-31 15:00:00,LONG,1,11480.5,11450.25,-60.5,33.11,-0.914,entry,101.0
2022-11-01 09:45:00,2022-11-01 15:59:00,SHORT,1,11538.75,11330.0,417.5,48.92,4.267,entry,374.0
2022-11-02 10:14:00,2022-11-02 13:50:00,SHORT,1,11266.75,11267.5,-1.5,33.79,-0.022,entry,216.0
2022-11-02 14:00:00,2022-11-02 14:36:00,LONG,1,11354.5,11273.5,-162.0,92.28,-0.878,entry,36.0
2022-11-02 14:37:00,2022-11-02 14:41:00,SHORT,1,11229.75,11341.5,-223.5,70.73,-1.58,entry,4.0
2022-11-02 14:41:00,2022-11-02 14:46:00,LONG,1,11341.5,11299.5,-84.0,41.77,-1.005,reverse,5.0
2022-11-02 14:50:00,2022-11-02 15:59:00,SHORT,1,11222.25,10938.5,567.5,78.26,3.626,entry,69.0
2022-11-03 09:45:00,2022-11-03 10:14:00,SHORT,1,10765.75,10802.0,-72.5,49.24,-0.736,entry,29.0
2022-11-03 10:25:00,2022-11-03 10:36:00,LONG,1,10826.75,10784.25,-85.0,42.23,-1.006,entry,11.0
2022-11-03 10:42:00,2022-11-03 11:14:00,LONG,1,10836.0,10803.5,-65.0,46.4,-0.7,entry,32.0
2022-11-03 11:31:00,2022-11-03 11:45:00,SHORT,1,10766.25,10806.0,-79.5,36.83,-1.079,entry,14.0
2022-11-03 11:55:00,2022-11-03 12:10:00,SHORT,1,10765.0,10801.75,-73.5,36.06,-1.019,entry,15.0
2022-11-03 12:44:00,2022-11-03 13:21:00,LONG,1,10837.5,10801.75,-71.5,36.84,-0.97,entry,37.0
2022-11-03 14:12:00,2022-11-03 14:25:00,SHORT,1,10766.25,10803.0,-73.5,36.45,-1.008,entry,13.0
2022-11-03 15:45:00,2022-11-03 15:59:00,SHORT,1,10767.0,10724.75,84.5,34.33,1.231,entry,14.0
2022-11-04 09:32:00,2022-11-04 09:58:00,SHORT,1,10879.5,10827.75,103.5,51.01,1.015,entry,26.0
2022-11-04 10:00:00,2022-11-04 10:07:00,LONG,1,10859.5,10821.75,-75.5,33.46,-1.128,entry,7.0
2022-11-04 10:12:00,2022-11-04 11:07:00,LONG,1,10876.75,10863.5,-26.5,47.34,-0.28,entry,55.0
2022-11-04 11:27:00,2022-11-04 14:56:00,SHORT,1,10831.5,10810.0,43.0,33.15,0.649,entry,209.0
2022-11-04 15:09:00,2022-11-04 15:59:00,LONG,1,10842.75,10892.75,100.0,42.09,1.188,entry,50.0
2022-11-07 09:33:00,2022-11-07 10:01:00,SHORT,1,10898.25,10904.0,-11.5,38.23,-0.15,entry,28.0
2022-11-07 10:15:00,2022-11-07 10:23:00,LONG,1,10939.75,10897.75,-84.0,38.92,-1.079,entry,8.0
2022-11-07 11:27:00,2022-11-07 11:40:00,LONG,1,10942.25,10895.25,-94.0,39.08,-1.203,entry,13.0
2022-11-07 11:57:00,2022-11-07 12:24:00,SHORT,1,10868.5,10903.75,-70.5,35.05,-1.006,entry,27.0
2022-11-07 14:00:00,2022-11-07 15:59:00,LONG,1,10943.25,11014.5,142.5,40.28,1.769,entry,119.0
2022-11-08 09:53:00,2022-11-08 13:26:00,LONG,1,11079.25,11120.5,82.5,38.7,1.066,entry,213.0
2022-11-08 13:30:00,2022-11-08 15:27:00,SHORT,1,11076.25,11094.0,-35.5,46.8,-0.379,entry,117.0
2022-11-08 15:30:00,2022-11-08 15:58:00,LONG,1,11126.75,11090.25,-73.0,34.91,-1.046,entry,28.0
2022-11-09 09:45:00,2022-11-09 09:48:00,LONG,1,11038.5,10996.25,-84.5,41.22,-1.025,entry,3.0
2022-11-09 10:07:00,2022-11-09 10:27:00,LONG,1,11032.75,10996.25,-73.0,37.08,-0.984,entry,20.0
2022-11-09 10:33:00,2022-11-09 11:15:00,SHORT,1,10965.25,11002.75,-75.0,37.99,-0.987,entry,42.0
2022-11-09 11:44:00,2022-11-09 11:56:00,LONG,1,11023.75,10988.75,-70.0,32.22,-1.086,entry,12.0
2022-11-09 12:15:00,2022-11-09 15:59:00,SHORT,1,10960.25,10831.0,258.5,31.19,4.143,entry,224.0
2022-11-10 09:38:00,2022-11-10 09:46:00,SHORT,1,11321.5,11337.75,-32.5,33.21,-0.489,entry,8.0
2022-11-10 09:49:00,2022-11-10 10:37:00,LONG,1,11376.5,11377.0,1.0,38.29,0.013,entry,48.0
2022-11-10 10:46:00,2022-11-10 15:59:00,LONG,1,11419.0,11628.75,419.5,32.49,6.456,entry,313.0
2022-11-11 09:45:00,2022-11-11 11:26:00,LONG,1,11645.75,11677.0,62.5,40.74,0.767,entry,101.0
2022-11-11 11:30:00,2022-11-11 11:41:00,SHORT,1,11644.5,11690.5,-92.0,39.64,-1.161,entry,11.0
2022-11-11 12:10:00,2022-11-11 15:59:00,LONG,1,11726.5,11847.75,242.5,42.13,2.878,entry,229.0
2022-11-14 09:45:00,2022-11-14 09:57:00,SHORT,1,11713.25,11744.5,-62.5,36.54,-0.855,entry,12.0
2022-11-14 10:07:00,2022-11-14 11:03:00,LONG,1,11788.5,11766.75,-43.5,40.98,-0.531,entry,56.0
2022-11-14 11:41:00,2022-11-14 15:34:00,LONG,1,11803.5,11797.75,-11.5,36.47,-0.158,entry,233.0
2022-11-14 15:54:00,2022-11-14 15:59:00,SHORT,1,11756.5,11742.25,28.5,45.48,0.313,entry,5.0
2022-11-15 09:48:00,2022-11-15 09:57:00,SHORT,1,11979.0,12022.25,-86.5,45.6,-0.948,entry,9.0
2022-11-15 10:05:00,2022-11-15 10:07:00,LONG,1,12054.25,12019.0,-70.5,34.47,-1.023,entry,2.0
2022-11-15 10:48:00,2022-11-15 11:30:00,SHORT,1,11979.75,12021.75,-84.0,41.55,-1.011,entry,42.0
2022-11-15 12:55:00,2022-11-15 15:59:00,SHORT,1,11975.75,11905.5,140.5,36.13,1.944,entry,184.0
2022-11-16 09:47:00,2022-11-16 11:28:00,SHORT,1,11769.75,11772.75,-6.0,36.98,-0.081,entry,101.0
2022-11-16 12:44:00,2022-11-16 13:32:00,LONG,1,11803.75,11767.5,-72.5,34.2,-1.06,entry,48.0
2022-11-16 13:57:00,2022-11-16 15:53:00,SHORT,1,11739.75,11767.75,-56.0,33.26,-0.842,entry,116.0
2022-11-17 09:45:00,2022-11-17 09:56:00,LONG,1,11623.0,11592.0,-62.0,37.34,-0.83,entry,11.0
2022-11-17 10:16:00,2022-11-17 10:58:00,LONG,1,11636.0,11609.5,-53.0,39.2,-0.676,entry,42.0
2022-11-17 11:34:00,2022-11-17 15:11:00,LONG,1,11648.75,11655.5,13.5,33.6,0.201,entry,217.0
2022-11-17 15:26:00,2022-11-17 15:40:00,SHORT,1,11631.5,11666.0,-69.0,32.15,-1.073,entry,14.0
2022-11-17 15:48:00,2022-11-17 15:59:00,LONG,1,11701.75,11712.25,21.0,38.31,0.274,entry,11.0
2022-11-18 09:31:00,2022-11-18 09:55:00,SHORT,1,11771.5,11780.75,-18.5,34.64,-0.267,entry,24.0
2022-11-18 10:00:00,2022-11-18 15:05:00,SHORT,1,11731.25,11697.25,68.0,38.81,0.876,entry,305.0
2022-11-18 15:39:00,2022-11-18 15:54:00,LONG,1,11721.5,11686.0,-71.0,32.43,-1.095,entry,15.0
2022-11-21 09:51:00,2022-11-21 09:58:00,LONG,1,11695.0,11663.5,-63.0,33.07,-0.953,entry,7.0
2022-11-21 10:06:00,2022-11-21 13:36:00,SHORT,1,11621.75,11623.0,-2.5,37.78,-0.033,entry,210.0
2022-11-21 15:43:00,2022-11-21 15:53:00,SHORT,1,11578.0,11609.5,-63.0,31.58,-0.997,entry,10.0
2022-11-22 09:39:00,2022-11-22 10:01:00,SHORT,1,11552.0,11568.5,-33.0,42.39,-0.389,entry,22.0
2022-11-22 10:12:00,2022-11-22 15:59:00,LONG,1,11604.25,11751.75,295.0,34.96,4.22,entry,347.0
2022-11-23 09:47:00,2022-11-23 11:48:00,LONG,1,11817.5,11829.5,24.0,34.27,0.35,entry,121.0
2022-11-23 11:54:00,2022-11-23 13:44:00,SHORT,1,11790.25,11820.5,-60.5,45.93,-0.659,entry,110.0
2022-11-23 14:00:00,2022-11-23 14:01:00,SHORT,1,11781.25,11831.0,-99.5,38.74,-1.284,entry,1.0
2022-11-23 14:02:00,2022-11-23 15:59:00,LONG,1,11857.25,11868.75,23.0,36.98,0.311,entry,117.0
2022-11-25 10:17:00,2022-11-25 10:42:00,LONG,1,11826.5,11799.75,-53.5,28.74,-0.931,entry,25.0
2022-11-28 09:36:00,2022-11-28 09:54:00,LONG,1,11766.25,11754.75,-23.0,27.26,-0.422,entry,18.0
2022-11-28 10:21:00,2022-11-28 15:59:00,SHORT,1,11717.5,11611.25,212.5,34.05,3.121,entry,338.0
2022-11-29 09:55:00,2022-11-29 10:06:00,SHORT,1,11569.5,11605.75,-72.5,27.46,-1.32,entry,11.0
2022-11-29 10:29:00,2022-11-29 10:53:00,LONG,1,11625.75,11598.0,-55.5,30.05,-0.924,entry,24.0
2022-11-29 11:02:00,2022-11-29 15:59:00,SHORT,1,11574.0,11523.5,101.0,25.76,1.96,entry,297.0
2022-11-30 09:34:00,2022-11-30 09:37:00,LONG,1,11566.0,11541.75,-48.5,26.92,-0.901,entry,3.0
2022-11-30 09:44:00,2022-11-30 09:52:00,LONG,1,11574.75,11548.0,-53.5,26.82,-0.997,entry,8.0
2022-11-30 10:08:00,2022-11-30 10:17:00,LONG,1,11575.0,11543.25,-63.5,24.95,-1.272,entry,9.0
2022-11-30 10:46:00,2022-11-30 11:09:00,SHORT,1,11523.25,11546.75,-47.0,27.38,-0.858,entry,23.0
2022-11-30 11:42:00,2022-11-30 12:08:00,LONG,1,11573.75,11548.75,-50.0,25.78,-0.97,entry,26.0
2022-11-30 12:19:00,2022-11-30 13:04:00,SHORT,1,11521.0,11547.25,-52.5,27.76,-0.945,entry,45.0
2022-11-30 13:30:00,2022-11-30 15:59:00,LONG,1,11623.75,12051.5,855.5,76.9,5.562,entry,149.0
2022-12-01 09:35:00,2022-12-01 09:40:00,LONG,1,12087.5,12065.5,-44.0,27.72,-0.794,entry,5.0
2022-12-01 09:44:00,2022-12-01 10:01:00,LONG,1,12099.25,12082.5,-33.5,29.88,-0.561,entry,17.0
2022-12-01 10:11:00,2022-12-01 10:52:00,SHORT,1,12044.5,12044.75,-0.5,42.15,-0.006,entry,41.0
2022-12-01 10:59:00,2022-12-01 11:06:00,LONG,1,12073.0,12041.25,-63.5,30.38,-1.045,entry,7.0
2022-12-01 11:17:00,2022-12-01 11:35:00,SHORT,1,12007.0,12050.0,-86.0,36.3,-1.185,entry,18.0
2022-12-01 12:01:00,2022-12-01 12:25:00,SHORT,1,12010.75,12040.0,-58.5,30.71,-0.952,entry,24.0
2022-12-01 13:06:00,2022-12-01 13:18:00,LONG,1,12068.25,12022.0,-92.5,28.97,-1.596,entry,12.0
2022-12-01 14:48:00,2022-12-01 15:59:00,LONG,1,12069.75,12060.0,-19.5,28.58,-0.341,entry,71.0
2022-12-02 09:49:00,2022-12-02 10:00:00,SHORT,1,11854.75,11894.75,-80.0,32.14,-1.244,entry,11.0
2022-12-02 10:12:00,2022-12-02 11:00:00,LONG,1,11923.0,11884.25,-77.5,40.36,-0.96,entry,48.0
2022-12-02 11:26:00,2022-12-02 13:05:00,LONG,1,11933.5,11908.25,-50.5,35.64,-0.708,entry,99.0
2022-12-02 13:46:00,2022-12-02 15:59:00,LONG,1,11940.5,12013.75,146.5,27.85,2.63,entry,133.0
2022-12-05 10:00:00,2022-12-05 10:41:00,SHORT,1,11898.75,11923.0,-48.5,42.97,-0.564,entry,41.0
2022-12-05 11:12:00,2022-12-05 11:16:00,LONG,1,11948.5,11918.25,-60.5,30.08,-1.006,entry,4.0
2022-12-05 11:25:00,2022-12-05 15:59:00,SHORT,1,11887.25,11802.75,169.0,30.46,2.774,entry,274.0
2022-12-06 09:43:00,2022-12-06 15:59:00,SHORT,1,11740.25,11562.5,355.5,31.83,5.584,entry,376.0
2022-12-07 09:34:00,2022-12-07 09:43:00,LONG,1,11554.5,11529.0,-51.0,26.93,-0.947,entry,9.0
2022-12-07 09:46:00,2022-12-07 10:05:00,SHORT,1,11506.25,11523.25,-34.0,41.05,-0.414,entry,19.0
2022-12-07 10:10:00,2022-12-07 10:13:00,SHORT,1,11474.5,11514.0,-79.0,40.17,-0.983,entry,3.0
2022-12-07 10:25:00,2022-12-07 10:29:00,SHORT,1,11483.75,11520.0,-72.5,26.9,-1.347,entry,4.0
2022-12-07 10:36:00,2022-12-07 10:47:00,SHORT,1,11480.5,11522.0,-83.0,29.1,-1.426,entry,11.0
2022-12-07 10:50:00,2022-12-07 11:20:00,LONG,1,11544.75,11498.25,-93.0,36.28,-1.282,entry,30.0
2022-12-07 11:21:00,2022-12-07 11:58:00,SHORT,1,11486.0,11518.0,-64.0,29.14,-1.098,entry,37.0
2022-12-07 12:07:00,2022-12-07 12:16:00,SHORT,1,11481.0,11511.5,-61.0,29.39,-1.038,entry,9.0
2022-12-07 12:28:00,2022-12-07 12:43:00,SHORT,1,11481.75,11516.5,-69.5,27.91,-1.245,entry,15.0
2022-12-07 13:12:00,2022-12-07 13:56:00,LONG,1,11539.25,11510.0,-58.5,29.27,-0.999,entry,44.0
2022-12-07 15:18:00,2022-12-07 15:52:00,SHORT,1,11482.25,11512.0,-59.5,28.64,-1.039,entry,34.0
2022-12-08 09:34:00,2022-12-08 09:49:00,SHORT,1,11517.75,11521.25,-7.0,27.75,-0.126,entry,15.0
2022-12-08 09:53:00,2022-12-08 11:19:00,LONG,1,11557.0,11593.5,73.0,32.39,1.127,entry,86.0
2022-12-08 11:28:00,2022-12-08 14:05:00,LONG,1,11620.5,11597.75,-45.5,26.02,-0.874,entry,157.0
2022-12-08 14:52:00,2022-12-08 15:59:00,LONG,1,11637.5,11645.25,15.5,27.75,0.279,entry,67.0
2022-12-09 09:31:00,2022-12-09 09:33:00,SHORT,1,11569.5,11598.75,-58.5,28.02,-1.044,entry,2.0
2022-12-09 09:37:00,2022-12-09 09:41:00,LONG,1,11623.5,11597.25,-52.5,26.18,-1.003,entry,4.0
2022-12-09 09:44:00,2022-12-09 09:50:00,LONG,1,11640.0,11601.5,-77.0,36.45,-1.056,entry,6.0
2022-12-09 10:03:00,2022-12-09 10:17:00,LONG,1,11652.5,11614.25,-76.5,40.35,-0.948,entry,14.0
2022-12-09 10:30:00,2022-12-09 13:11:00,LONG,1,11656.5,11640.75,-31.5,38.47,-0.409,entry,161.0
2022-12-09 15:37:00,2022-12-09 15:59:00,SHORT,1,11620.25,11571.0,98.5,30.3,1.625,entry,22.0
2022-12-12 09:38:00,2022-12-12 09:48:00,SHORT,1,11666.75,11691.0,-48.5,28.88,-0.84,entry,10.0
2022-12-12 09:50:00,2022-12-12 10:08:00,LONG,1,11715.5,11694.25,-42.5,25.69,-0.827,entry,18.0
2022-12-12 10:41:00,2022-12-12 11:03:00,SHORT,1,11663.75,11688.0,-48.5,27.35,-0.887,entry,22.0
2022-12-12 11:06:00,2022-12-12 11:31:00,LONG,1,11713.25,11688.0,-50.5,25.4,-0.994,entry,25.0
2022-12-12 13:00:00,2022-12-12 13:14:00,LONG,1,11730.75,11694.75,-72.0,36.94,-0.974,entry,14.0
2022-12-12 13:46:00,2022-12-12 15:59:00,LONG,1,11721.5,11834.0,225.0,25.32,4.443,entry,133.0
2022-12-13 09:32:00,2022-12-13 09:41:00,SHORT,1,12235.0,12237.75,-5.5,26.86,-0.102,entry,9.0
2022-12-13 09:44:00,2022-12-13 10:00:00,LONG,1,12264.5,12243.75,-41.5,27.99,-0.741,entry,16.0
2022-12-13 10:01:00,2022-12-13 15:59:00,SHORT,1,12223.25,11959.0,528.5,26.68,9.905,entry,358.0
2022-12-14 09:34:00,2022-12-14 09:48:00,LONG,1,11987.5,11970.0,-35.0,30.57,-0.572,entry,14.0
2022-12-14 09:57:00,2022-12-14 12:17:00,LONG,1,12004.75,12009.75,10.0,26.67,0.187,entry,140.0
2022-12-14 13:37:00,2022-12-14 14:00:00,LONG,1,12041.75,11965.75,-152.0,28.0,-2.714,entry,23.0
2022-12-14 14:00:00,2022-12-14 15:11:00,SHORT,1,11965.75,11962.5,6.5,49.35,0.066,reverse,71.0
2022-12-14 15:12:00,2022-12-14 15:17:00,LONG,1,11999.25,11909.5,-179.5,62.26,-1.442,entry,5.0
2022-12-14 15:17:00,2022-12-14 15:19:00,SHORT,1,11909.5,11940.5,-62.0,28.38,-1.092,reverse,2.0
2022-12-14 15:25:00,2022-12-14 15:59:00,SHORT,1,11885.25,11862.75,45.0,52.37,0.43,entry,34.0
2022-12-15 09:32:00,2022-12-15 09:41:00,SHORT,1,11659.5,11656.0,7.0,28.26,0.124,entry,9.0
2022-12-15 09:46:00,2022-12-15 15:59:00,SHORT,1,11618.75,11460.5,316.5,31.99,4.947,entry,373.0
2022-12-16 09:49:00,2022-12-16 10:00:00,LONG,1,11486.75,11426.5,-120.5,49.45,-1.218,entry,11.0
2022-12-16 10:06:00,2022-12-16 15:14:00,SHORT,1,11400.25,11349.75,101.0,40.21,1.256,entry,308.0
2022-12-16 15:30:00,2022-12-16 15:50:00,LONG,1,11390.0,11338.25,-103.5,41.46,-1.248,entry,20.0
2022-12-19 09:35:00,2022-12-19 09:38:00,SHORT,1,11289.25,11320.25,-62.0,29.76,-1.042,entry,3.0
2022-12-19 09:47:00,2022-12-19 10:20:00,SHORT,1,11279.5,11290.25,-21.5,32.11,-0.335,entry,33.0
2022-12-19 10:53:00,2022-12-19 15:59:00,SHORT,1,11251.75,11188.0,127.5,28.91,2.205,entry,306.0
2022-12-20 09:42:00,2022-12-20 09:55:00,SHORT,1,11091.0,11120.25,-58.5,35.28,-0.829,entry,13.0
2022-12-20 09:56:00,2022-12-20 11:11:00,LONG,1,11141.0,11160.25,38.5,27.66,0.696,entry,75.0
2022-12-20 11:15:00,2022-12-20 11:57:00,SHORT,1,11138.75,11164.75,-52.0,27.37,-0.95,entry,42.0
2022-12-20 12:00:00,2022-12-20 12:34:00,LONG,1,11187.5,11159.5,-56.0,28.39,-0.986,entry,34.0
2022-12-20 12:59:00,2022-12-20 15:01:00,LONG,1,11193.5,11168.75,-49.5,30.5,-0.812,entry,122.0
2022-12-20 15:36:00,2022-12-20 15:59:00,LONG,1,11198.75,11175.5,-46.5,28.61,-0.813,entry,23.0
2022-12-21 09:47:00,2022-12-21 09:57:00,LONG,1,11245.5,11226.75,-37.5,31.08,-0.603,entry,10.0
2022-12-21 10:02:00,2022-12-21 15:51:00,LONG,1,11260.25,11315.25,110.0,30.34,1.813,entry,349.0
2022-12-22 09:32:00,2022-12-22 15:06:00,SHORT,1,11148.0,10997.25,301.5,32.85,4.589,entry,334.0
2022-12-22 15:20:00,2022-12-22 15:59:00,LONG,1,11024.0,11054.75,61.5,29.73,1.034,entry,39.0
2022-12-23 09:35:00,2022-12-23 09:42:00,SHORT,1,10958.5,10996.5,-76.0,49.34,-0.77,entry,7.0
2022-12-23 09:47:00,2022-12-23 10:00:00,SHORT,1,10951.0,10976.5,-51.0,31.58,-0.807,entry,13.0
2022-12-23 10:03:00,2022-12-23 10:08:00,SHORT,1,10925.5,10971.5,-92.0,44.87,-1.025,entry,5.0
2022-12-23 10:11:00,2022-12-23 11:01:00,LONG,1,10995.5,10996.5,2.0,28.08,0.036,entry,50.0
2022-12-23 11:21:00,2022-12-23 15:59:00,LONG,1,11035.5,11080.0,89.0,38.12,1.167,entry,278.0
2022-12-27 09:36:00,2022-12-27 10:18:00,SHORT,1,10984.5,10973.25,22.5,35.14,0.32,entry,42.0
2022-12-27 10:21:00,2022-12-27 11:05:00,LONG,1,11000.5,10962.75,-75.5,44.83,-0.842,entry,44.0
2022-12-27 12:45:00,2022-12-27 15:39:00,SHORT,1,10938.5,10956.0,-35.0,28.47,-0.615,entry,174.0
2022-12-27 15:50:00,2022-12-27 15:59:00,SHORT,1,10921.75,10918.75,6.0,33.59,0.089,entry,9.0
2022-12-28 09:32:00,2022-12-28 09:52:00,LONG,1,10941.75,10945.5,7.5,39.33,0.095,entry,20.0
2022-12-28 10:01:00,2022-12-28 10:07:00,LONG,1,10979.75,10948.75,-62.0,30.21,-1.026,entry,6.0
2022-12-28 10:26:00,2022-12-28 13:06:00,SHORT,1,10919.75,10878.25,83.0,29.04,1.429,entry,160.0
2022-12-28 13:21:00,2022-12-28 15:59:00,SHORT,1,10849.75,10770.25,159.0,27.68,2.873,entry,158.0
2022-12-29 09:36:00,2022-12-29 15:59:00,LONG,1,10914.75,11032.0,234.5,27.1,4.326,entry,383.0
2022-12-30 09:47:00,2022-12-30 09:59:00,SHORT,1,10889.75,10914.75,-50.0,26.59,-0.94,entry,12.0
2022-12-30 10:18:00,2022-12-30 11:15:00,LONG,1,10933.25,10912.25,-42.0,28.11,-0.747,entry,57.0
2022-12-30 11:57:00,2022-12-30 13:18:00,LONG,1,10943.25,10919.0,-48.5,26.68,-0.909,entry,81.0
2022-12-30 13:22:00,2022-12-30 13:35:00,SHORT,1,10889.75,10920.75,-62.0,32.21,-0.962,entry,13.0
2022-12-30 14:04:00,2022-12-30 15:01:00,SHORT,1,10892.0,10917.5,-51.0,27.55,-0.926,entry,57.0
2022-12-30 15:12:00,2022-12-30 15:59:00,LONG,1,10955.0,11023.0,136.0,37.06,1.835,entry,47.0
2023-01-03 09:33:00,2023-01-03 09:36:00,LONG,1,11134.25,11102.25,-64.0,30.6,-1.046,entry,3.0
2023-01-03 09:39:00,2023-01-03 09:45:00,LONG,1,11150.0,11113.0,-74.0,38.18,-0.969,entry,6.0
2023-01-03 09:48:00,2023-01-03 14:49:00,SHORT,1,11061.0,10957.0,208.0,59.96,1.735,entry,301.0
2023-01-04 09:33:00,2023-01-04 09:35:00,SHORT,1,10965.75,11008.25,-85.0,32.36,-1.313,entry,2.0
2023-01-04 09:40:00,2023-01-04 09:43:00,LONG,1,11036.0,11002.0,-68.0,32.72,-1.039,entry,3.0
2023-01-04 09:44:00,2023-01-04 09:50:00,SHORT,1,10970.25,11002.25,-64.0,35.38,-0.904,entry,6.0
2023-01-04 10:00:00,2023-01-04 10:45:00,SHORT,1,10947.25,10962.5,-30.5,44.97,-0.339,entry,45.0
2023-01-04 11:27:00,2023-01-04 14:02:00,LONG,1,10984.75,10975.75,-18.0,29.45,-0.306,entry,155.0
2023-01-04 14:03:00,2023-01-04 14:05:00,SHORT,1,10957.0,11015.75,-117.5,27.69,-2.122,entry,2.0
2023-01-04 14:05:00,2023-01-04 14:08:00,LONG,1,11015.75,10981.5,-68.5,31.01,-1.105,reverse,3.0
2023-01-04 14:16:00,2023-01-04 14:22:00,LONG,1,11014.75,10974.25,-81.0,30.05,-1.348,entry,6.0
2023-01-04 14:25:00,2023-01-04 14:56:00,SHORT,1,10931.75,10989.5,-115.5,53.01,-1.089,entry,31.0
2023-01-04 15:01:00,2023-01-04 15:21:00,LONG,1,11012.75,10974.75,-76.0,31.97,-1.189,entry,20.0
2023-01-04 15:30:00,2023-01-04 15:55:00,SHORT,1,10953.0,10978.25,-50.5,27.99,-0.902,entry,25.0
2023-01-05 09:33:00,2023-01-05 09:55:00,SHORT,1,10862.25,10856.75,11.0,31.74,0.173,entry,22.0
2023-01-05 10:09:00,2023-01-05 10:17:00,LONG,1,10891.0,10865.0,-52.0,26.26,-0.99,entry,8.0
2023-01-05 10:36:00,2023-01-05 10:42:00,SHORT,1,10840.5,10867.75,-54.5,26.47,-1.03,entry,6.0
2023-01-05 11:01:00,2023-01-05 11:13:00,SHORT,1,10833.0,10868.5,-71.0,31.62,-1.123,entry,12.0
2023-01-05 11:23:00,2023-01-05 11:41:00,SHORT,1,10837.25,10862.75,-51.0,26.22,-0.972,entry,18.0
2023-01-05 12:59:00,2023-01-05 13:21:00,SHORT,1,10835.5,10864.75,-58.5,26.15,-1.119,entry,22.0
2023-01-05 13:23:00,2023-01-05 14:14:00,LONG,1,10890.5,10862.0,-57.0,29.86,-0.954,entry,51.0
2023-01-05 14:37:00,2023-01-05 15:06:00,LONG,1,10897.25,10863.25,-68.0,32.26,-1.054,entry,29.0
2023-01-05 15:24:00,2023-01-05 15:59:00,SHORT,1,10839.75,10820.0,39.5,26.03,0.759,entry,35.0
2023-01-06 09:33:00,2023-01-06 09:37:00,LONG,1,10920.75,10862.75,-116.0,35.14,-1.651,entry,4.0
2023-01-06 09:37:00,2023-01-06 09:55:00,SHORT,1,10862.75,10845.75,34.0,34.32,0.495,reverse,18.0
2023-01-06 09:57:00,2023-01-06 10:01:00,SHORT,1,10817.75,10849.25,-63.0,25.88,-1.217,entry,4.0
2023-01-06 10:02:00,2023-01-06 10:04:00,LONG,1,10883.75,10834.75,-98.0,39.15,-1.252,entry,2.0
2023-01-06 10:07:00,2023-01-06 15:59:00,LONG,1,10876.25,11114.5,476.5,30.41,7.835,entry,352.0
2023-01-09 09:45:00,2023-01-09 13:40:00,LONG,1,11255.25,11311.75,113.0,32.7,1.728,entry,235.0
2023-01-09 13:44:00,2023-01-09 15:59:00,SHORT,1,11288.75,11188.0,201.5,27.89,3.612,entry,135.0
2023-01-10 09:32:00,2023-01-10 09:41:00,LONG,1,11200.5,11196.0,-9.0,29.2,-0.154,entry,9.0
2023-01-10 09:46:00,2023-01-10 09:53:00,SHORT,1,11153.25,11218.0,-129.5,45.39,-1.427,entry,7.0
2023-01-10 09:55:00,2023-01-10 10:02:00,LONG,1,11227.25,11186.75,-81.0,32.07,-1.263,entry,7.0
2023-01-10 10:12:00,2023-01-10 10:29:00,LONG,1,11261.75,11208.0,-107.5,60.84,-0.883,entry,17.0
2023-01-10 10:31:00,2023-01-10 10:56:00,SHORT,1,11164.25,11214.25,-100.0,44.31,-1.129,entry,25.0
2023-01-10 12:00:00,2023-01-10 12:11:00,SHORT,1,11158.25,11197.25,-78.0,38.67,-1.009,entry,11.0
2023-01-10 12:39:00,2023-01-10 15:59:00,LONG,1,11232.5,11286.0,107.0,35.73,1.497,entry,200.0
2023-01-11 09:32:00,2023-01-11 09:35:00,SHORT,1,11297.0,11321.5,-49.0,26.85,-0.912,entry,3.0
2023-01-11 09:37:00,2023-01-11 09:53:00,LONG,1,11352.75,11331.25,-43.0,29.3,-0.734,entry,16.0
2023-01-11 10:22:00,2023-01-11 10:36:00,LONG,1,11374.0,11335.5,-77.0,34.43,-1.118,entry,14.0
2023-01-11 10:57:00,2023-01-11 11:10:00,SHORT,1,11317.0,11345.0,-56.0,26.54,-1.055,entry,13.0
2023-01-11 11:24:00,2023-01-11 15:59:00,LONG,1,11370.75,11476.5,211.5,26.47,3.995,entry,275.0
2023-01-12 09:32:00,2023-01-12 10:04:00,SHORT,1,11457.5,11407.5,100.0,34.85,1.435,entry,32.0
2023-01-12 10:11:00,2023-01-12 10:45:00,LONG,1,11448.75,11421.0,-55.5,50.26,-0.552,entry,34.0
2023-01-12 10:52:00,2023-01-12 11:00:00,LONG,1,11452.25,11407.25,-90.0,25.65,-1.754,entry,8.0
2023-01-12 11:01:00,2023-01-12 11:06:00,SHORT,1,11401.25,11433.25,-64.0,26.09,-1.227,entry,5.0
2023-01-12 11:21:00,2023-01-12 15:59:00,LONG,1,11458.25,11532.25,148.0,30.63,2.416,entry,278.0
2023-01-13 10:00:00,2023-01-13 11:15:00,LONG,1,11478.0,11474.75,-6.5,32.18,-0.101,entry,75.0
2023-01-13 12:13:00,2023-01-13 15:59:00,LONG,1,11507.25,11607.5,200.5,30.16,3.324,entry,226.0
2023-01-16 11:46:00,2023-01-16 12:59:00,SHORT,1,11569.0,11564.0,10.0,25.32,0.197,entry,73.0
2023-01-17 09:38:00,2023-01-17 09:45:00,SHORT,1,11567.25,11591.25,-48.0,30.38,-0.79,entry,7.0
2023-01-17 09:54:00,2023-01-17 10:40:00,LONG,1,11619.5,11608.0,-23.0,25.65,-0.448,entry,46.0
2023-01-17 10:42:00,2023-01-17 11:42:00,SHORT,1,11589.25,11618.0,-57.5,36.16,-0.795,entry,60.0
2023-01-17 13:38:00,2023-01-17 14:15:00,LONG,1,11640.0,11612.25,-55.5,24.25,-1.144,entry,37.0
2023-01-17 14:37:00,2023-01-17 15:45:00,LONG,1,11644.0,11616.5,-55.0,26.26,-1.047,entry,68.0
2023-01-18 09:37:00,2023-01-18 09:41:00,SHORT,1,11677.0,11701.75,-49.5,23.38,-1.058,entry,4.0
2023-01-18 09:51:00,2023-01-18 09:56:00,LONG,1,11721.0,11696.0,-50.0,23.24,-1.076,entry,5.0
2023-01-18 10:00:00,2023-01-18 10:18:00,LONG,1,11736.25,11695.5,-81.5,34.61,-1.177,entry,18.0
2023-01-18 10:33:00,2023-01-18 15:59:00,SHORT,1,11686.25,11479.5,413.5,23.86,8.663,entry,326.0
2023-01-19 09:44:00,2023-01-19 09:57:00,SHORT,1,11387.5,11404.75,-34.5,35.38,-0.488,entry,13.0
2023-01-19 10:12:00,2023-01-19 10:17:00,SHORT,1,11365.25,11407.0,-83.5,35.47,-1.177,entry,5.0
2023-01-19 10:24:00,2023-01-19 13:03:00,SHORT,1,11373.0,11380.25,-14.5,25.46,-0.285,entry,159.0
2023-01-19 13:36:00,2023-01-19 15:53:00,LONG,1,11393.75,11371.0,-45.5,23.61,-0.963,entry,137.0
2023-01-20 09:43:00,2023-01-20 15:59:00,LONG,1,11438.5,11676.25,475.5,29.14,8.158,entry,376.0
2023-01-23 09:40:00,2023-01-23 14:47:00,LONG,1,11738.75,11864.5,251.5,34.52,3.643,entry,307.0
2023-01-23 15:13:00,2023-01-23 15:59:00,LONG,1,11909.25,11931.5,44.5,32.57,0.683,entry,46.0
2023-01-24 09:43:00,2023-01-24 09:59:00,LONG,1,11895.0,11884.25,-21.5,25.31,-0.425,entry,16.0
2023-01-24 10:04:00,2023-01-24 10:11:00,SHORT,1,11864.5,11886.75,-44.5,25.85,-0.861,entry,7.0
2023-01-24 10:15:00,2023-01-24 10:19:00,LONG,1,11916.75,11882.25,-69.0,28.73,-1.201,entry,4.0
2023-01-24 10:54:00,2023-01-24 12:01:00,LONG,1,11922.0,11894.75,-54.5,32.74,-0.832,entry,67.0
2023-01-24 12:07:00,2023-01-24 12:41:00,LONG,1,11922.0,11898.75,-46.5,24.58,-0.946,entry,34.0
2023-01-24 13:40:00,2023-01-24 14:01:00,LONG,1,11929.25,11897.0,-64.5,29.72,-1.085,entry,21.0
2023-01-24 15:40:00,2023-01-24 15:54:00,SHORT,1,11868.75,11900.25,-63.0,32.31,-0.975,entry,14.0
2023-01-25 09:32:00,2023-01-25 09:34:00,SHORT,1,11661.5,11687.5,-52.0,25.27,-1.029,entry,2.0
2023-01-25 09:40:00,2023-01-25 09:43:00,LONG,1,11712.5,11691.0,-43.0,23.6,-0.911,entry,3.0
2023-01-25 09:53:00,2023-01-25 10:56:00,SHORT,1,11657.5,11659.75,-4.5,31.76,-0.071,entry,63.0
2023-01-25 11:12:00,2023-01-25 15:59:00,LONG,1,11695.5,11876.25,361.5,37.68,4.797,entry,287.0
2023-01-26 09:43:00,2023-01-26 10:16:00,SHORT,1,12017.5,12019.5,-4.0,29.68,-0.067,entry,33.0
2023-01-26 10:23:00,2023-01-26 10:28:00,LONG,1,12037.0,12010.75,-52.5,24.39,-1.076,entry,5.0
2023-01-26 10:38:00,2023-01-26 12:06:00,SHORT,1,11987.75,11990.0,-4.5,25.95,-0.087,entry,88.0
2023-01-26 12:12:00,2023-01-26 12:46:00,LONG,1,12014.25,11989.25,-50.0,24.65,-1.014,entry,34.0
2023-01-26 12:52:00,2023-01-26 13:06:00,LONG,1,12015.0,11987.0,-56.0,24.32,-1.151,entry,14.0
2023-01-26 13:37:00,2023-01-26 15:59:00,LONG,1,12015.25,12105.0,179.5,24.09,3.725,entry,142.0
2023-01-27 09:45:00,2023-01-27 10:46:00,LONG,1,12110.5,12134.25,47.5,27.25,0.872,entry,61.0
2023-01-27 10:55:00,2023-01-27 11:16:00,SHORT,1,12098.0,12142.25,-88.5,34.47,-1.284,entry,21.0
2023-01-27 11:21:00,2023-01-27 15:59:00,LONG,1,12158.75,12223.25,129.0,27.47,2.348,entry,278.0
2023-01-30 09:35:00,2023-01-30 09:38:00,SHORT,1,12067.25,12092.0,-49.5,24.0,-1.031,entry,3.0
2023-01-30 09:47:00,2023-01-30 09:54:00,LONG,1,12121.0,12082.0,-78.0,32.11,-1.215,entry,7.0
2023-01-30 09:58:00,2023-01-30 10:13:00,LONG,1,12121.0,12100.5,-41.0,25.29,-0.811,entry,15.0
2023-01-30 10:21:00,2023-01-30 11:30:00,SHORT,1,12072.75,12065.0,15.5,28.56,0.271,entry,69.0
2023-01-30 11:49:00,2023-01-30 12:02:00,SHORT,1,12033.0,12063.75,-61.5,28.75,-1.07,entry,13.0
2023-01-30 12:26:00,2023-01-30 15:59:00,SHORT,1,12026.5,11971.0,111.0,33.61,1.651,entry,213.0
2023-01-31 09:41:00,2023-01-31 09:44:00,LONG,1,12032.25,12005.0,-54.5,26.68,-1.021,entry,3.0
2023-01-31 09:48:00,2023-01-31 09:58:00,LONG,1,12040.5,12006.25,-68.5,29.53,-1.16,entry,10.0
2023-01-31 10:00:00,2023-01-31 10:06:00,SHORT,1,11981.75,12019.0,-74.5,33.21,-1.122,entry,6.0
2023-01-31 10:09:00,2023-01-31 10:11:00,SHORT,1,11985.75,12015.5,-59.5,26.94,-1.104,entry,2.0
2023-01-31 10:19:00,2023-01-31 15:59:00,LONG,1,12039.25,12153.5,228.5,25.25,4.525,entry,340.0
2023-02-01 09:35:00,2023-02-01 09:38:00,SHORT,1,12106.25,12128.25,-44.0,24.03,-0.916,entry,3.0
2023-02-01 10:50:00,2023-02-01 11:21:00,SHORT,1,12105.0,12126.75,-43.5,26.18,-0.831,entry,31.0
2023-02-01 12:15:00,2023-02-01 12:40:00,SHORT,1,12099.25,12125.0,-51.5,25.92,-0.993,entry,25.0
2023-02-01 13:33:00,2023-02-01 13:48:00,LONG,1,12150.5,12124.5,-52.0,25.57,-1.017,entry,15.0
2023-02-01 14:00:00,2023-02-01 14:01:00,SHORT,1,12100.0,12125.25,-50.5,25.17,-1.003,entry,1.0
2023-02-01 14:02:00,2023-02-01 14:05:00,SHORT,1,12089.75,12136.75,-94.0,35.03,-1.342,entry,3.0
2023-02-01 14:07:00,2023-02-01 14:31:00,LONG,1,12172.75,12100.75,-144.0,47.69,-1.51,entry,24.0
2023-02-01 14:31:00,2023-02-01 14:37:00,SHORT,1,12100.75,12176.0,-150.5,30.17,-2.494,reverse,6.0
2023-02-01 14:37:00,2023-02-01 15:59:00,LONG,1,12176.0,12420.75,489.5,46.69,5.242,reverse,82.0
2023-02-02 09:36:00,2023-02-02 09:39:00,SHORT,1,12673.75,12707.75,-68.0,27.52,-1.236,entry,3.0
2023-02-02 09:41:00,2023-02-02 09:45:00,LONG,1,12727.75,12699.5,-56.5,26.62,-1.061,entry,4.0
2023-02-02 09:47:00,2023-02-02 09:51:00,LONG,1,12735.75,12696.5,-78.5,32.34,-1.214,entry,4.0
2023-02-02 09:59:00,2023-02-02 10:17:00,SHORT,1,12673.0,12712.25,-78.5,30.95,-1.268,entry,18.0
2023-02-02 10:19:00,2023-02-02 14:34:00,LONG,1,12729.75,12778.0,96.5,32.25,1.496,entry,255.0
2023-02-02 14:42:00,2023-02-02 15:20:00,SHORT,1,12757.0,12783.75,-53.5,25.91,-1.032,entry,38.0
2023-02-02 15:33:00,2023-02-02 15:41:00,LONG,1,12803.5,12765.25,-76.5,25.55,-1.497,entry,8.0
2023-02-02 15:51:00,2023-02-02 15:59:00,LONG,1,12806.75,12855.25,97.0,28.34,1.712,entry,8.0
2023-02-03 09:32:00,2023-02-03 10:06:00,LONG,1,12634.5,12675.5,82.0,35.3,1.162,entry,34.0
2023-02-03 10:12:00,2023-02-03 12:58:00,LONG,1,12729.75,12733.25,7.0,51.38,0.068,entry,166.0
2023-02-03 12:58:00,2023-02-03 15:59:00,SHORT,1,12733.25,12624.5,217.5,27.23,3.993,reverse,181.0
2023-02-06 10:02:00,2023-02-06 10:15:00,LONG,1,12570.5,12519.75,-101.5,28.43,-1.785,entry,13.0
2023-02-06 10:15:00,2023-02-06 10:51:00,SHORT,1,12519.75,12550.5,-61.5,27.59,-1.115,reverse,36.0
2023-02-06 10:56:00,2023-02-06 11:57:00,LONG,1,12559.5,12536.25,-46.5,28.99,-0.802,entry,61.0
2023-02-06 13:41:00,2023-02-06 14:00:00,SHORT,1,12505.5,12546.5,-82.0,34.73,-1.18,entry,19.0
2023-02-06 14:16:00,2023-02-06 14:33:00,LONG,1,12567.75,12535.5,-64.5,27.75,-1.162,entry,17.0
2023-02-06 15:06:00,2023-02-06 15:59:00,SHORT,1,12508.5,12513.25,-9.5,31.18,-0.152,entry,53.0
2023-02-07 10:00:00,2023-02-07 10:19:00,SHORT,1,12486.25,12519.75,-67.0,28.66,-1.169,entry,19.0
2023-02-07 11:08:00,2023-02-07 13:27:00,LONG,1,12547.5,12585.75,76.5,34.45,1.11,entry,139.0
2023-02-07 13:29:00,2023-02-07 14:06:00,SHORT,1,12547.25,12580.0,-65.5,44.65,-0.734,entry,37.0
2023-02-07 14:07:00,2023-02-07 15:59:00,LONG,1,12615.25,12772.25,314.0,38.4,4.089,entry,112.0
2023-02-08 09:52:00,2023-02-08 10:15:00,SHORT,1,12686.75,12711.0,-48.5,32.33,-0.75,entry,23.0
2023-02-08 10:26:00,2023-02-08 15:59:00,SHORT,1,12671.25,12543.25,256.0,30.65,4.176,entry,333.0
2023-02-09 09:41:00,2023-02-09 09:48:00,SHORT,1,12650.25,12682.5,-64.5,36.89,-0.874,entry,7.0
2023-02-09 10:26:00,2023-02-09 15:59:00,SHORT,1,12649.5,12427.25,444.5,29.26,7.596,entry,333.0
2023-02-10 09:40:00,2023-02-10 09:45:00,SHORT,1,12322.0,12358.0,-72.0,42.32,-0.851,entry,5.0
2023-02-10 10:00:00,2023-02-10 10:10:00,SHORT,1,12312.75,12376.0,-126.5,40.79,-1.551,entry,10.0
2023-02-10 10:10:00,2023-02-10 10:42:00,LONG,1,12376.0,12348.25,-55.5,30.35,-0.914,reverse,32.0
2023-02-10 10:51:00,2023-02-10 11:23:00,SHORT,1,12326.5,12357.25,-61.5,33.03,-0.931,entry,32.0
2023-02-10 11:31:00,2023-02-10 13:16:00,SHORT,1,12312.25,12341.75,-59.0,42.35,-0.697,entry,105.0
2023-02-10 13:20:00,2023-02-10 13:30:00,LONG,1,12365.5,12330.5,-70.0,31.91,-1.097,entry,10.0
2023-02-10 13:59:00,2023-02-10 15:00:00,SHORT,1,12305.5,12334.0,-57.0,28.09,-1.015,entry,61.0
2023-02-10 15:24:00,2023-02-10 15:38:00,SHORT,1,12299.0,12333.0,-68.0,30.82,-1.103,entry,14.0
2023-02-13 09:43:00,2023-02-13 15:01:00,LONG,1,12425.0,12487.25,124.5,37.32,1.668,entry,318.0
2023-02-13 15:10:00,2023-02-13 15:59:00,LONG,1,12518.25,12544.75,53.0,29.87,0.887,entry,49.0
2023-02-14 09:31:00,2023-02-14 09:34:00,SHORT,1,12400.25,12446.25,-92.0,29.12,-1.579,entry,3.0
2023-02-14 09:36:00,2023-02-14 10:35:00,LONG,1,12471.5,12531.0,119.0,39.92,1.49,entry,59.0
2023-02-14 10:37:00,2023-02-14 11:01:00,SHORT,1,12508.75,12532.75,-48.0,40.45,-0.593,entry,24.0
2023-02-14 11:09:00,2023-02-14 11:19:00,SHORT,1,12503.5,12533.5,-60.0,27.57,-1.088,entry,10.0
2023-02-14 11:26:00,2023-02-14 12:33:00,SHORT,1,12491.5,12522.0,-61.0,38.52,-0.792,entry,67.0
2023-02-14 13:01:00,2023-02-14 15:59:00,LONG,1,12568.0,12630.75,125.5,52.46,1.196,entry,178.0
2023-02-15 09:49:00,2023-02-15 09:53:00,LONG,1,12627.5,12564.0,-127.0,35.74,-1.777,entry,4.0
2023-02-15 09:53:00,2023-02-15 10:17:00,SHORT,1,12564.0,12584.75,-41.5,28.54,-0.727,reverse,24.0
2023-02-15 11:06:00,2023-02-15 15:59:00,LONG,1,12615.0,12734.0,238.0,34.84,3.416,entry,293.0
2023-02-16 09:37:00,2023-02-16 09:39:00,SHORT,1,12502.0,12549.75,-95.5,29.89,-1.598,entry,2.0
2023-02-16 09:47:00,2023-02-16 10:01:00,LONG,1,12569.0,12542.25,-53.5,28.85,-0.927,entry,14.0
2023-02-16 10:07:00,2023-02-16 15:05:00,LONG,1,12579.25,12617.0,75.5,27.49,1.373,entry,298.0
2023-02-16 15:15:00,2023-02-16 15:59:00,SHORT,1,12586.25,12481.5,209.5,33.98,3.083,entry,44.0
2023-02-17 09:39:00,2023-02-17 10:03:00,SHORT,1,12361.75,12354.0,15.5,27.84,0.278,entry,24.0
2023-02-17 10:19:00,2023-02-17 10:26:00,LONG,1,12385.5,12352.5,-66.0,34.54,-0.955,entry,7.0
2023-02-17 10:35:00,2023-02-17 10:40:00,LONG,1,12384.25,12353.5,-61.5,29.8,-1.032,entry,5.0
2023-02-17 10:53:00,2023-02-17 12:11:00,SHORT,1,12324.0,12346.75,-45.5,30.14,-0.755,entry,78.0
2023-02-17 12:22:00,2023-02-17 14:06:00,SHORT,1,12305.0,12331.75,-53.5,34.01,-0.787,entry,104.0
2023-02-17 14:32:00,2023-02-17 15:59:00,LONG,1,12361.25,12392.0,61.5,30.96,0.993,entry,87.0
2023-02-21 09:40:00,2023-02-21 09:48:00,LONG,1,12272.5,12252.25,-40.5,25.19,-0.804,entry,8.0
2023-02-21 09:58:00,2023-02-21 15:59:00,SHORT,1,12219.5,12098.0,243.0,34.22,3.55,entry,361.0
2023-02-22 09:45:00,2023-02-22 09:53:00,LONG,1,12167.0,12143.0,-48.0,25.31,-0.948,entry,8.0
2023-02-22 10:00:00,2023-02-22 10:56:00,SHORT,1,12115.0,12106.0,18.0,28.14,0.32,entry,56.0
2023-02-22 12:25:00,2023-02-22 14:13:00,LONG,1,12127.0,12111.5,-31.0,28.06,-0.552,entry,108.0
2023-02-22 14:19:00,2023-02-22 14:31:00,LONG,1,12138.75,12111.75,-54.0,26.49,-1.019,entry,12.0
2023-02-22 14:32:00,2023-02-22 14:48:00,SHORT,1,12083.75,12112.5,-57.5,29.03,-0.99,entry,16.0
2023-02-22 14:55:00,2023-02-22 15:59:00,SHORT,1,12071.0,12103.0,-64.0,40.47,-0.791,entry,64.0
2023-02-23 10:06:00,2023-02-23 14:11:00,SHORT,1,12185.25,12137.5,95.5,42.27,1.13,entry,245.0
2023-02-23 14:15:00,2023-02-23 15:59:00,LONG,1,12164.75,12206.25,83.0,30.92,1.342,entry,104.0
2023-02-24 09:39:00,2023-02-24 09:40:00,LONG,1,12037.0,12011.0,-52.0,25.61,-1.015,entry,1.0
2023-02-24 09:44:00,2023-02-24 11:26:00,SHORT,1,11985.25,11968.5,33.5,24.32,0.689,entry,102.0
2023-02-24 11:46:00,2023-02-24 12:18:00,LONG,1,11992.0,11968.5,-47.0,25.01,-0.94,entry,32.0
2023-02-24 12:47:00,2023-02-24 13:47:00,SHORT,1,11942.25,11968.75,-53.0,27.24,-0.973,entry,60.0
2023-02-24 14:52:00,2023-02-24 15:34:00,LONG,1,11991.5,11964.25,-54.5,24.56,-1.11,entry,42.0
2023-02-24 15:56:00,2023-02-24 15:59:00,LONG,1,11994.5,11998.0,7.0,25.03,0.14,entry,3.0
2023-02-27 10:03:00,2023-02-27 10:35:00,LONG,1,12156.5,12140.0,-33.0,27.92,-0.591,entry,32.0
2023-02-27 10:36:00,2023-02-27 12:58:00,SHORT,1,12117.75,12120.5,-5.5,25.07,-0.11,entry,142.0
2023-02-27 14:45:00,2023-02-27 15:59:00,SHORT,1,12087.25,12084.0,6.5,30.47,0.107,entry,74.0
2023-02-28 09:43:00,2023-02-28 09:50:00,LONG,1,12092.25,12070.75,-43.0,24.78,-0.867,entry,7.0
2023-02-28 10:00:00,2023-02-28 10:10:00,LONG,1,12108.75,12084.5,-48.5,30.13,-0.805,entry,10.0
2023-02-28 10:51:00,2023-02-28 11:00:00,SHORT,1,12054.0,12083.5,-59.0,29.8,-0.99,entry,9.0
2023-02-28 11:17:00,2023-02-28 11:40:00,LONG,1,12109.75,12085.5,-48.5,25.42,-0.954,entry,23.0
2023-02-28 12:11:00,2023-02-28 15:13:00,LONG,1,12110.25,12107.5,-5.5,24.12,-0.114,entry,182.0
2023-02-28 15:35:00,2023-02-28 15:59:00,SHORT,1,12074.0,12064.5,19.0,32.92,0.289,entry,24.0
2023-03-01 09:47:00,2023-03-01 10:03:00,LONG,1,12059.5,12030.5,-58.0,25.33,-1.145,entry,16.0
2023-03-01 10:04:00,2023-03-01 10:38:00,SHORT,1,12018.5,12009.75,17.5,24.0,0.365,entry,34.0
2023-03-01 11:03:00,2023-03-01 11:47:00,SHORT,1,11986.5,12006.0,-39.0,23.92,-0.815,entry,44.0
2023-03-01 12:10:00,2023-03-01 13:01:00,LONG,1,12024.75,11999.0,-51.5,28.34,-0.909,entry,51.0
2023-03-01 13:30:00,2023-03-01 15:59:00,SHORT,1,11972.25,11965.25,14.0,26.02,0.269,entry,149.0
2023-03-02 09:51:00,2023-03-02 10:20:00,LONG,1,11905.5,11889.25,-32.5,33.92,-0.479,entry,29.0
2023-03-02 10:27:00,2023-03-02 11:27:00,LONG,1,11915.5,11898.0,-35.0,25.31,-0.692,entry,60.0
2023-03-02 12:31:00,2023-03-02 15:59:00,LONG,1,11932.25,12065.75,267.0,32.16,4.151,entry,208.0
2023-03-03 09:45:00,2023-03-03 10:05:00,LONG,1,12159.25,12150.5,-17.5,29.16,-0.3,entry,20.0
2023-03-03 10:13:00,2023-03-03 15:59:00,LONG,1,12179.75,12312.5,265.5,24.1,5.508,entry,346.0
2023-03-06 10:08:00,2023-03-06 12:44:00,LONG,1,12400.0,12416.0,32.0,27.12,0.59,entry,156.0
2023-03-06 12:47:00,2023-03-06 15:59:00,SHORT,1,12392.25,12323.75,137.0,28.81,2.377,entry,192.0
2023-03-07 09:38:00,2023-03-07 09:56:00,LONG,1,12360.0,12340.75,-38.5,23.79,-0.809,entry,18.0
2023-03-07 10:00:00,2023-03-07 10:33:00,SHORT,1,12282.0,12288.75,-13.5,55.58,-0.121,entry,33.0
2023-03-07 10:35:00,2023-03-07 10:41:00,LONG,1,12303.0,12274.0,-58.0,30.71,-0.944,entry,6.0
2023-03-07 10:44:00,2023-03-07 10:48:00,SHORT,1,12248.75,12277.75,-58.0,24.94,-1.163,entry,4.0
2023-03-07 10:52:00,2023-03-07 12:19:00,SHORT,1,12231.0,12262.0,-62.0,41.21,-0.752,entry,87.0
2023-03-07 12:20:00,2023-03-07 12:57:00,LONG,1,12294.0,12262.0,-64.0,34.38,-0.931,entry,37.0
2023-03-07 13:05:00,2023-03-07 15:59:00,SHORT,1,12238.0,12169.0,138.0,23.94,2.882,entry,174.0
2023-03-08 09:44:00,2023-03-08 09:57:00,SHORT,1,12157.75,12185.75,-56.0,27.31,-1.025,entry,13.0
2023-03-08 10:00:00,2023-03-08 10:09:00,SHORT,1,12137.25,12168.0,-61.5,38.35,-0.802,entry,9.0
2023-03-08 10:21:00,2023-03-08 10:22:00,SHORT,1,12141.75,12167.75,-52.0,23.08,-1.126,entry,1.0
2023-03-08 10:23:00,2023-03-08 11:34:00,LONG,1,12190.75,12179.0,-23.5,25.56,-0.46,entry,71.0
2023-03-08 11:41:00,2023-03-08 12:30:00,LONG,1,12211.25,12190.0,-42.5,29.15,-0.729,entry,49.0
2023-03-08 13:11:00,2023-03-08 14:21:00,SHORT,1,12167.5,12189.0,-43.0,22.88,-0.94,entry,70.0
2023-03-08 15:15:00,2023-03-08 15:35:00,SHORT,1,12160.75,12187.0,-52.5,25.15,-1.044,entry,20.0
2023-03-08 15:42:00,2023-03-08 15:59:00,LONG,1,12210.25,12231.25,42.0,24.55,0.855,entry,17.0
2023-03-09 09:35:00,2023-03-09 10:17:00,LONG,1,12281.5,12283.25,3.5,24.24,0.072,entry,42.0
2023-03-09 10:33:00,2023-03-09 10:56:00,LONG,1,12334.0,12300.25,-67.5,29.65,-1.138,entry,23.0
2023-03-09 11:29:00,2023-03-09 11:48:00,SHORT,1,12283.25,12310.0,-53.5,24.09,-1.111,entry,19.0
2023-03-09 12:01:00,2023-03-09 15:59:00,SHORT,1,12275.25,12006.25,538.0,30.49,8.822,entry,238.0
2023-03-10 09:34:00,2023-03-10 10:00:00,SHORT,1,11962.25,11948.75,27.0,31.25,0.432,entry,26.0
2023-03-10 10:01:00,2023-03-10 10:19:00,LONG,1,11963.0,11931.75,-62.5,34.55,-0.905,entry,18.0
2023-03-10 10:23:00,2023-03-10 10:31:00,SHORT,1,11903.25,11943.75,-81.0,33.19,-1.22,entry,8.0
2023-03-10 10:35:00,2023-03-10 10:42:00,LONG,1,11966.75,11931.75,-70.0,30.59,-1.144,entry,7.0
2023-03-10 10:55:00,2023-03-10 12:07:00,LONG,1,11984.0,11960.75,-46.5,46.69,-0.498,entry,72.0
2023-03-10 12:09:00,2023-03-10 12:32:00,SHORT,1,11932.0,11971.75,-79.5,31.47,-1.263,entry,23.0
2023-03-10 12:51:00,2023-03-10 15:59:00,SHORT,1,11933.75,11841.25,185.0,28.02,3.301,entry,188.0
2023-03-13 09:35:00,2023-03-13 09:47:00,SHORT,1,11867.75,11927.0,-118.5,30.45,-1.946,entry,12.0
2023-03-13 09:47:00,2023-03-13 15:54:00,LONG,1,11927.0,12072.5,291.0,52.64,2.764,reverse,367.0
2023-03-13 15:56:00,2023-03-13 15:59:00,SHORT,1,12056.0,12054.25,3.5,24.82,0.071,entry,3.0
2023-03-14 09:39:00,2023-03-14 09:54:00,LONG,1,12256.0,12246.0,-20.0,29.04,-0.344,entry,15.0
2023-03-14 10:05:00,2023-03-14 13:09:00,LONG,1,12277.75,12294.75,34.0,25.16,0.676,entry,184.0
2023-03-14 13:15:00,2023-03-14 15:50:00,SHORT,1,12264.5,12277.75,-26.5,32.76,-0.404,entry,155.0
2023-03-14 15:55:00,2023-03-14 15:59:00,LONG,1,12299.75,12328.5,57.5,26.71,1.076,entry,4.0
2023-03-15 09:42:00,2023-03-15 09:48:00,LONG,1,12261.5,12237.5,-48.0,25.84,-0.929,entry,6.0
2023-03-15 09:57:00,2023-03-15 10:04:00,SHORT,1,12202.75,12240.25,-75.0,32.15,-1.166,entry,7.0
2023-03-15 10:07:00,2023-03-15 10:12:00,LONG,1,12257.25,12226.0,-62.5,25.13,-1.244,entry,5.0
2023-03-15 10:18:00,2023-03-15 10:21:00,SHORT,1,12195.0,12231.0,-72.0,36.07,-0.998,entry,3.0
2023-03-15 10:24:00,2023-03-15 10:58:00,SHORT,1,12204.5,12224.75,-40.5,25.35,-0.799,entry,34.0
2023-03-15 11:07:00,2023-03-15 12:06:00,LONG,1,12248.25,12230.5,-35.5,29.42,-0.603,entry,59.0
2023-03-15 12:25:00,2023-03-15 12:31:00,SHORT,1,12204.75,12239.5,-69.5,25.53,-1.361,entry,6.0
2023-03-15 12:56:00,2023-03-15 13:06:00,SHORT,1,12195.25,12230.75,-71.0,34.17,-1.039,entry,10.0
2023-03-15 13:14:00,2023-03-15 15:59:00,LONG,1,12259.0,12392.0,266.0,30.31,4.388,entry,165.0
2023-03-16 09:40:00,2023-03-16 09:46:00,LONG,1,12370.0,12341.5,-57.0,29.26,-0.974,entry,6.0
2023-03-16 09:52:00,2023-03-16 10:18:00,LONG,1,12375.25,12370.5,-9.5,25.81,-0.184,entry,26.0
2023-03-16 10:27:00,2023-03-16 15:59:00,LONG,1,12404.25,12716.5,624.5,27.43,11.382,entry,332.0
2023-03-17 09:39:00,2023-03-17 09:42:00,LONG,1,12752.75,12710.75,-84.0,33.62,-1.249,entry,3.0
2023-03-17 10:00:00,2023-03-17 10:18:00,LONG,1,12772.25,12734.25,-76.0,46.03,-0.826,entry,18.0
2023-03-17 10:24:00,2023-03-17 12:31:00,SHORT,1,12701.0,12672.25,57.5,38.23,0.752,entry,127.0
2023-03-17 12:45:00,2023-03-17 13:12:00,SHORT,1,12634.25,12671.5,-74.5,36.43,-1.022,entry,27.0
2023-03-17 14:14:00,2023-03-17 15:23:00,SHORT,1,12639.5,12662.5,-46.0,29.25,-0.786,entry,69.0
2023-03-17 15:32:00,2023-03-17 15:59:00,SHORT,1,12631.5,12647.5,-32.0,30.23,-0.529,entry,27.0
2023-03-20 09:34:00,2023-03-20 09:41:00,SHORT,1,12579.75,12606.5,-53.5,31.22,-0.857,entry,7.0
2023-03-20 09:43:00,2023-03-20 09:51:00,SHORT,1,12567.0,12587.0,-40.0,26.37,-0.758,entry,8.0
2023-03-20 10:30:00,2023-03-20 12:08:00,LONG,1,12613.25,12605.0,-16.5,29.11,-0.283,entry,98.0
2023-03-20 12:12:00,2023-03-20 12:40:00,SHORT,1,12568.25,12612.25,-88.0,43.36,-1.015,entry,28.0
2023-03-20 12:51:00,2023-03-20 15:59:00,LONG,1,12637.25,12693.0,111.5,26.96,2.068,entry,188.0
2023-03-21 10:00:00,2023-03-21 10:05:00,LONG,1,12822.5,12788.5,-68.0,27.16,-1.252,entry,5.0
2023-03-21 10:15:00,2023-03-21 11:16:00,SHORT,1,12768.0,12775.5,-15.0,28.79,-0.261,entry,61.0
2023-03-21 11:39:00,2023-03-21 12:26:00,SHORT,1,12739.5,12767.25,-55.5,32.92,-0.843,entry,47.0
2023-03-21 13:10:00,2023-03-21 15:59:00,LONG,1,12793.0,12877.25,168.5,25.6,3.291,entry,169.0
2023-03-22 10:23:00,2023-03-22 11:13:00,LONG,1,12903.75,12892.5,-22.5,26.99,-0.417,entry,50.0
2023-03-22 11:24:00,2023-03-22 12:11:00,LONG,1,12921.75,12901.25,-41.0,27.66,-0.741,entry,47.0
2023-03-22 13:56:00,2023-03-22 14:35:00,LONG,1,12926.25,12915.0,-22.5,27.18,-0.414,entry,39.0
2023-03-22 14:38:00,2023-03-22 14:59:00,LONG,1,12967.25,12921.75,-91.0,45.14,-1.008,entry,21.0
2023-03-22 15:01:00,2023-03-22 15:17:00,SHORT,1,12906.25,12936.0,-59.5,29.63,-1.004,entry,16.0
2023-03-22 15:21:00,2023-03-22 15:26:00,LONG,1,12973.25,12926.25,-94.0,43.24,-1.087,entry,5.0
2023-03-22 15:33:00,2023-03-22 15:59:00,SHORT,1,12903.0,12699.0,408.0,27.55,7.404,entry,26.0
2023-03-23 10:00:00,2023-03-23 13:09:00,LONG,1,12908.25,12948.5,80.5,35.18,1.144,entry,189.0
2023-03-23 13:12:00,2023-03-23 13:22:00,SHORT,1,12921.5,12949.25,-55.5,26.78,-1.036,entry,10.0
2023-03-23 13:25:00,2023-03-23 13:41:00,SHORT,1,12915.75,12946.25,-61.0,31.36,-0.972,entry,16.0
2023-03-23 13:48:00,2023-03-23 15:50:00,SHORT,1,12918.0,12898.75,38.5,27.46,0.701,entry,122.0
2023-03-23 15:52:00,2023-03-23 15:59:00,SHORT,1,12867.75,12847.25,41.0,26.72,0.767,entry,7.0
2023-03-24 09:36:00,2023-03-24 09:52:00,SHORT,1,12783.75,12787.75,-8.0,26.97,-0.148,entry,16.0
2023-03-24 09:55:00,2023-03-24 10:08:00,LONG,1,12814.25,12791.0,-46.5,29.08,-0.8,entry,13.0
2023-03-24 10:13:00,2023-03-24 10:16:00,LONG,1,12825.5,12787.25,-76.5,31.97,-1.196,entry,3.0
2023-03-24 10:21:00,2023-03-24 10:26:00,SHORT,1,12764.0,12798.75,-69.5,29.66,-1.172,entry,5.0
2023-03-24 10:29:00,2023-03-24 10:40:00,LONG,1,12824.25,12790.5,-67.5,30.46,-1.108,entry,11.0
2023-03-24 11:08:00,2023-03-24 11:45:00,SHORT,1,12767.0,12799.25,-64.5,28.2,-1.143,entry,37.0
2023-03-24 11:46:00,2023-03-24 12:09:00,LONG,1,12823.25,12786.5,-73.5,36.91,-0.996,entry,23.0
2023-03-24 12:26:00,2023-03-24 12:37:00,SHORT,1,12762.25,12790.75,-57.0,27.25,-1.046,entry,11.0
2023-03-24 12:48:00,2023-03-24 13:19:00,LONG,1,12818.25,12786.75,-63.0,28.75,-1.096,entry,31.0
2023-03-24 13:26:00,2023-03-24 15:59:00,LONG,1,12824.5,12894.5,140.0,33.83,2.069,entry,153.0
2023-03-27 09:43:00,2023-03-27 09:57:00,LONG,1,12932.75,12919.25,-27.0,26.04,-0.519,entry,14.0
2023-03-27 10:30:00,2023-03-27 14:51:00,SHORT,1,12879.25,12853.5,51.5,42.81,0.602,entry,261.0
2023-03-27 15:36:00,2023-03-27 15:59:00,SHORT,1,12819.75,12799.75,40.0,32.32,0.619,entry,23.0
2023-03-28 09:36:00,2023-03-28 10:10:00,SHORT,1,12710.75,12715.0,-8.5,31.04,-0.137,entry,34.0
2023-03-28 10:31:00,2023-03-28 11:14:00,SHORT,1,12684.5,12697.5,-26.0,26.48,-0.491,entry,43.0
2023-03-28 12:18:00,2023-03-28 15:00:00,SHORT,1,12673.0,12691.5,-37.0,25.56,-0.724,entry,162.0
2023-03-28 15:50:00,2023-03-28 15:59:00,LONG,1,12716.0,12732.5,33.0,27.11,0.609,entry,9.0
2023-03-29 10:35:00,2023-03-29 11:28:00,SHORT,1,12880.25,12895.25,-30.0,26.35,-0.569,entry,53.0
2023-03-29 12:14:00,2023-03-29 12:47:00,LONG,1,12924.25,12900.0,-48.5,26.43,-0.917,entry,33.0
2023-03-29 13:23:00,2023-03-29 13:39:00,LONG,1,12926.75,12901.5,-50.5,25.25,-1.0,entry,16.0
2023-03-29 14:37:00,2023-03-29 15:59:00,LONG,1,12929.5,12969.0,79.0,25.74,1.534,entry,82.0
2023-03-30 10:00:00,2023-03-30 10:05:00,LONG,1,13085.25,13055.25,-60.0,25.14,-1.193,entry,5.0
2023-03-30 10:26:00,2023-03-30 11:32:00,LONG,1,13090.0,13068.5,-43.0,30.41,-0.707,entry,66.0
2023-03-30 12:37:00,2023-03-30 14:30:00,SHORT,1,13046.25,13066.25,-40.0,25.03,-0.799,entry,113.0
2023-03-30 15:37:00,2023-03-30 15:59:00,LONG,1,13090.25,13085.25,-10.0,25.63,-0.195,entry,22.0
2023-03-31 09:48:00,2023-03-31 15:59:00,LONG,1,13146.0,13301.5,311.0,25.87,6.012,entry,371.0
2023-04-03 09:36:00,2023-04-03 09:44:00,LONG,1,13245.5,13226.5,-38.0,24.24,-0.784,entry,8.0
2023-04-03 09:48:00,2023-04-03 09:54:00,LONG,1,13257.5,13230.25,-54.5,27.74,-0.983,entry,6.0
2023-04-03 10:22:00,2023-04-03 10:39:00,LONG,1,13265.25,13236.75,-57.0,30.26,-0.942,entry,17.0
2023-04-03 10:49:00,2023-04-03 14:38:00,SHORT,1,13208.0,13206.0,4.0,28.86,0.069,entry,229.0
2023-04-03 15:02:00,2023-04-03 15:59:00,LONG,1,13233.25,13268.5,70.5,27.35,1.289,entry,57.0
2023-04-04 09:41:00,2023-04-04 09:50:00,SHORT,1,13245.0,13265.75,-41.5,29.8,-0.696,entry,9.0
2023-04-04 10:00:00,2023-04-04 10:20:00,LONG,1,13314.0,13275.25,-77.5,42.98,-0.902,entry,20.0
2023-04-04 10:23:00,2023-04-04 10:30:00,SHORT,1,13250.5,13285.75,-70.5,32.65,-1.079,entry,7.0
2023-04-04 10:58:00,2023-04-04 15:59:00,SHORT,1,13255.25,13223.5,63.5,25.46,1.247,entry,301.0
2023-04-05 09:48:00,2023-04-05 10:00:00,SHORT,1,13124.25,13154.0,-59.5,32.28,-0.922,entry,12.0
2023-04-05 10:04:00,2023-04-05 14:07:00,SHORT,1,13114.5,13076.25,76.5,33.19,1.152,entry,243.0
2023-04-05 15:10:00,2023-04-05 15:42:00,SHORT,1,13051.25,13078.5,-54.5,22.97,-1.186,entry,32.0
2023-04-06 10:00:00,2023-04-06 15:59:00,LONG,1,13001.0,13171.25,340.5,26.07,6.53,entry,359.0
2023-04-10 09:38:00,2023-04-10 10:12:00,SHORT,1,12996.75,13003.75,-14.0,24.67,-0.284,entry,34.0
2023-04-10 10:37:00,2023-04-10 12:05:00,LONG,1,13024.25,13022.5,-3.5,22.92,-0.076,entry,88.0
2023-04-10 12:27:00,2023-04-10 15:59:00,LONG,1,13049.75,13164.5,229.5,25.21,4.551,entry,212.0
2023-04-11 09:41:00,2023-04-11 12:10:00,SHORT,1,13110.5,13093.75,33.5,24.59,0.681,entry,149.0
2023-04-11 12:36:00,2023-04-11 12:52:00,SHORT,1,13064.25,13093.5,-58.5,28.14,-1.039,entry,16.0
2023-04-11 13:45:00,2023-04-11 15:38:00,LONG,1,13116.0,13097.5,-37.0,23.58,-0.785,entry,113.0
2023-04-11 15:50:00,2023-04-11 15:59:00,SHORT,1,13071.75,13076.5,-9.5,25.71,-0.185,entry,9.0
2023-04-12 09:40:00,2023-04-12 10:07:00,SHORT,1,13119.5,13100.75,37.5,31.3,0.599,entry,27.0
2023-04-12 10:34:00,2023-04-12 11:57:00,SHORT,1,13073.25,13073.75,-1.0,27.08,-0.018,entry,83.0
2023-04-12 13:10:00,2023-04-12 13:43:00,LONG,1,13093.75,13071.5,-44.5,22.9,-0.971,entry,33.0
2023-04-12 14:27:00,2023-04-12 15:59:00,SHORT,1,13035.75,12958.5,154.5,36.12,2.139,entry,92.0
2023-04-13 09:38:00,2023-04-13 09:45:00,LONG,1,13077.0,13052.75,-48.5,27.07,-0.896,entry,7.0
2023-04-13 10:06:00,2023-04-13 15:59:00,LONG,1,13087.25,13209.75,245.0,27.27,4.492,entry,353.0
2023-04-14 09:37:00,2023-04-14 10:08:00,LONG,1,13180.25,13192.75,25.0,26.0,0.481,entry,31.0
2023-04-14 10:09:00,2023-04-14 14:23:00,SHORT,1,13177.75,13151.25,53.0,24.93,1.063,entry,254.0
2023-04-14 14:49:00,2023-04-14 15:13:00,LONG,1,13168.75,13145.0,-47.5,23.88,-0.995,entry,24.0
2023-04-14 15:15:00,2023-04-14 15:24:00,SHORT,1,13120.75,13149.25,-57.0,24.4,-1.168,entry,9.0
2023-04-14 15:39:00,2023-04-14 15:59:00,LONG,1,13169.0,13181.0,24.0,23.74,0.505,entry,20.0
2023-04-17 09:36:00,2023-04-17 09:42:00,LONG,1,13203.75,13175.5,-56.5,35.98,-0.785,entry,6.0
2023-04-17 09:47:00,2023-04-17 09:51:00,SHORT,1,13148.75,13171.0,-44.5,23.68,-0.94,entry,4.0
2023-04-17 10:08:00,2023-04-17 10:15:00,SHORT,1,13143.0,13167.0,-48.0,23.14,-1.037,entry,7.0
2023-04-17 10:21:00,2023-04-17 10:27:00,LONG,1,13190.0,13167.0,-46.0,23.94,-0.961,entry,6.0
2023-04-17 10:38:00,2023-04-17 14:41:00,SHORT,1,13124.75,13132.5,-15.5,39.62,-0.196,entry,243.0
2023-04-17 15:08:00,2023-04-17 15:59:00,LONG,1,13155.5,13189.5,68.0,22.74,1.495,entry,51.0
2023-04-18 09:58:00,2023-04-18 15:58:00,SHORT,1,13250.75,13199.0,103.5,23.5,2.202,entry,360.0
2023-04-19 09:35:00,2023-04-19 09:42:00,LONG,1,13124.5,13106.75,-35.5,22.18,-0.8,entry,7.0
2023-04-19 10:39:00,2023-04-19 15:59:00,LONG,1,13135.75,13182.75,94.0,25.12,1.871,entry,320.0
2023-04-20 09:41:00,2023-04-20 11:04:00,LONG,1,13103.5,13116.75,26.5,22.97,0.577,entry,83.0
2023-04-20 11:43:00,2023-04-20 14:18:00,LONG,1,13139.25,13129.75,-19.0,22.63,-0.42,entry,155.0
2023-04-20 14:27:00,2023-04-20 15:59:00,SHORT,1,13112.0,13077.0,70.0,22.24,1.574,entry,92.0
2023-04-21 09:50:00,2023-04-21 10:17:00,SHORT,1,13032.0,13049.0,-34.0,23.28,-0.73,entry,27.0
2023-04-21 10:19:00,2023-04-21 10:43:00,LONG,1,13053.75,13038.5,-30.5,22.17,-0.688,entry,24.0
2023-04-21 10:45:00,2023-04-21 10:59:00,SHORT,1,13013.0,13042.75,-59.5,25.06,-1.187,entry,14.0
2023-04-21 11:02:00,2023-04-21 15:59:00,LONG,1,13057.75,13088.25,61.0,21.29,1.432,entry,297.0
2023-04-24 09:35:00,2023-04-24 09:59:00,LONG,1,13099.0,13100.25,2.5,22.12,0.057,entry,24.0
2023-04-24 10:05:00,2023-04-24 10:23:00,SHORT,1,13075.0,13097.5,-45.0,25.41,-0.886,entry,18.0
2023-04-24 10:34:00,2023-04-24 13:55:00,SHORT,1,13068.75,13044.0,49.5,26.0,0.952,entry,201.0
2023-04-24 14:17:00,2023-04-24 14:31:00,LONG,1,13064.5,13041.75,-45.5,22.08,-1.03,entry,14.0
2023-04-25 09:46:00,2023-04-25 10:00:00,SHORT,1,12972.0,13000.75,-57.5,22.08,-1.302,entry,14.0
2023-04-25 10:10:00,2023-04-25 11:19:00,SHORT,1,12961.25,12969.25,-16.0,24.84,-0.322,entry,69.0
2023-04-25 11:30:00,2023-04-25 15:59:00,SHORT,1,12943.5,12808.5,270.0,23.05,5.856,entry,269.0
2023-04-26 09:42:00,2023-04-26 09:47:00,SHORT,1,12905.0,12926.25,-42.5,20.33,-1.046,entry,5.0
2023-04-26 09:52:00,2023-04-26 10:15:00,LONG,1,12952.5,12928.0,-49.0,26.56,-0.922,entry,23.0
2023-04-26 10:18:00,2023-04-26 10:32:00,SHORT,1,12912.25,12936.0,-47.5,22.66,-1.048,entry,14.0
2023-04-26 11:01:00,2023-04-26 13:08:00,LONG,1,12952.0,12948.5,-7.0,20.52,-0.171,entry,127.0
2023-04-26 13:48:00,2023-04-26 15:59:00,SHORT,1,12928.0,12882.5,91.0,23.93,1.901,entry,131.0
2023-04-27 10:13:00,2023-04-27 15:59:00,LONG,1,13064.5,13231.25,333.5,28.17,5.92,entry,346.0
2023-04-28 09:41:00,2023-04-28 09:47:00,SHORT,1,13187.0,13205.75,-37.5,25.23,-0.743,entry,6.0
2023-04-28 10:06:00,2023-04-28 10:38:00,LONG,1,13234.0,13233.0,-2.0,25.78,-0.039,entry,32.0
2023-04-28 10:48:00,2023-04-28 10:56:00,LONG,1,13262.5,13220.25,-84.5,26.28,-1.608,entry,8.0
2023-04-28 10:57:00,2023-04-28 11:31:00,SHORT,1,13210.25,13237.0,-53.5,26.31,-1.017,entry,34.0
2023-04-28 11:50:00,2023-04-28 15:59:00,LONG,1,13253.75,13323.75,140.0,22.7,3.083,entry,249.0
2023-05-01 09:52:00,2023-05-01 10:00:00,LONG,1,13327.25,13298.0,-58.5,22.48,-1.301,entry,8.0
2023-05-01 10:31:00,2023-05-01 10:47:00,SHORT,1,13278.5,13302.5,-48.0,23.3,-1.03,entry,16.0
2023-05-01 10:59:00,2023-05-01 11:13:00,LONG,1,13323.0,13301.25,-43.5,21.51,-1.011,entry,14.0
2023-05-01 11:15:00,2023-05-01 12:00:00,SHORT,1,13279.0,13297.75,-37.5,23.94,-0.783,entry,45.0
2023-05-01 12:29:00,2023-05-01 14:33:00,LONG,1,13319.25,13305.25,-28.0,21.68,-0.646,entry,124.0
2023-05-02 10:09:00,2023-05-02 13:36:00,SHORT,1,13264.5,13193.0,143.0,22.82,3.133,entry,207.0
2023-05-02 13:52:00,2023-05-02 14:01:00,LONG,1,13215.0,13190.25,-49.5,22.16,-1.117,entry,9.0
2023-05-02 14:24:00,2023-05-02 14:46:00,SHORT,1,13172.5,13192.5,-40.0,20.31,-0.985,entry,22.0
2023-05-02 15:10:00,2023-05-02 15:30:00,LONG,1,13214.5,13192.0,-45.0,21.73,-1.035,entry,20.0
2023-05-03 09:45:00,2023-05-03 10:08:00,LONG,1,13229.25,13214.0,-30.5,23.81,-0.641,entry,23.0
2023-05-03 11:01:00,2023-05-03 11:56:00,SHORT,1,13188.75,13213.5,-49.5,23.09,-1.072,entry,55.0
2023-05-03 13:28:00,2023-05-03 14:05:00,LONG,1,13231.75,13203.25,-57.0,23.66,-1.204,entry,37.0
2023-05-03 14:07:00,2023-05-03 14:10:00,LONG,1,13239.25,13209.5,-59.5,28.17,-1.056,entry,3.0
2023-05-03 14:14:00,2023-05-03 14:36:00,LONG,1,13232.0,13193.75,-76.5,20.69,-1.849,entry,22.0
2023-05-03 14:36:00,2023-05-03 14:37:00,SHORT,1,13193.75,13218.25,-49.0,22.23,-1.102,reverse,1.0
2023-05-03 14:38:00,2023-05-03 14:50:00,LONG,1,13248.0,13220.5,-55.0,31.64,-0.869,entry,12.0
2023-05-03 14:56:00,2023-05-03 15:07:00,LONG,1,13255.75,13202.75,-106.0,34.89,-1.519,entry,11.0
2023-05-03 15:08:00,2023-05-03 15:59:00,SHORT,1,13195.75,13100.0,191.5,25.92,3.694,entry,51.0
2023-05-04 09:44:00,2023-05-04 09:55:00,SHORT,1,13038.0,13060.75,-45.5,24.38,-0.933,entry,11.0
2023-05-04 10:17:00,2023-05-04 10:46:00,SHORT,1,13021.25,13058.0,-73.5,30.14,-1.219,entry,29.0
2023-05-04 11:07:00,2023-05-04 11:49:00,LONG,1,13073.25,13050.0,-46.5,28.66,-0.811,entry,42.0
2023-05-04 12:24:00,2023-05-04 14:30:00,LONG,1,13070.25,13054.25,-32.0,20.4,-0.784,entry,126.0
2023-05-04 15:06:00,2023-05-04 15:13:00,LONG,1,13082.25,13059.75,-45.0,20.53,-1.096,entry,7.0
2023-05-04 15:22:00,2023-05-04 15:29:00,SHORT,1,13041.25,13061.5,-40.5,20.37,-0.994,entry,7.0
2023-05-04 15:36:00,2023-05-04 15:44:00,LONG,1,13088.5,13055.25,-66.5,26.81,-1.24,entry,8.0
2023-05-05 09:49:00,2023-05-05 15:59:00,LONG,1,13177.25,13324.0,293.5,22.05,6.655,entry,370.0
2023-05-08 09:54:00,2023-05-08 10:01:00,SHORT,1,13261.75,13283.5,-43.5,23.23,-0.936,entry,7.0
2023-05-08 11:09:00,2023-05-08 14:07:00,LONG,1,13303.5,13296.0,-15.0,22.4,-0.335,entry,178.0
2023-05-08 14:16:00,2023-05-08 15:59:00,LONG,1,13323.75,13354.5,61.5,24.72,1.244,entry,103.0
2023-05-09 09:58:00,2023-05-09 10:09:00,LONG,1,13308.75,13291.25,-35.0,20.99,-0.834,entry,11.0
2023-05-09 11:12:00,2023-05-09 12:57:00,SHORT,1,13265.75,13285.5,-39.5,24.16,-0.818,entry,105.0
2023-05-09 14:54:00,2023-05-09 15:59:00,SHORT,1,13264.25,13266.25,-4.0,20.16,-0.099,entry,65.0
2023-05-10 09:40:00,2023-05-10 09:58:00,SHORT,1,13355.0,13375.25,-40.5,38.44,-0.527,entry,18.0
2023-05-10 10:00:00,2023-05-10 10:19:00,LONG,1,13392.0,13381.75,-20.5,21.37,-0.48,entry,19.0
2023-05-10 10:34:00,2023-05-10 10:39:00,LONG,1,13409.25,13386.75,-45.0,20.49,-1.098,entry,5.0
2023-05-10 10:41:00,2023-05-10 11:31:00,SHORT,1,13367.0,13374.0,-14.0,21.93,-0.319,entry,50.0
2023-05-10 12:01:00,2023-05-10 14:28:00,SHORT,1,13343.75,13359.25,-31.0,30.23,-0.513,entry,147.0
2023-05-10 14:42:00,2023-05-10 15:59:00,LONG,1,13384.75,13410.5,51.5,26.89,0.957,entry,77.0
2023-05-11 09:33:00,2023-05-11 09:41:00,SHORT,1,13386.75,13398.25,-23.0,20.04,-0.574,entry,8.0
2023-05-11 10:33:00,2023-05-11 10:47:00,SHORT,1,13375.25,13404.75,-59.0,19.23,-1.534,entry,14.0
2023-05-11 10:57:00,2023-05-11 13:46:00,LONG,1,13413.25,13408.5,-9.5,20.0,-0.237,entry,169.0
2023-05-11 14:14:00,2023-05-11 15:59:00,LONG,1,13433.0,13447.25,28.5,20.85,0.683,entry,105.0
2023-05-12 09:48:00,2023-05-12 15:43:00,SHORT,1,13452.25,13381.5,141.5,19.55,3.62,entry,355.0
2023-05-15 09:51:00,2023-05-15 10:36:00,SHORT,1,13385.75,13392.75,-14.0,21.92,-0.319,entry,45.0
2023-05-15 11:12:00,2023-05-15 15:59:00,LONG,1,13411.25,13472.0,121.5,20.76,2.927,entry,287.0
2023-05-16 09:43:00,2023-05-16 09:50:00,LONG,1,13498.5,13477.5,-42.0,28.89,-0.727,entry,7.0
2023-05-16 10:10:00,2023-05-16 10:18:00,SHORT,1,13463.25,13485.0,-43.5,18.35,-1.185,entry,8.0
2023-05-16 10:29:00,2023-05-16 15:49:00,LONG,1,13505.0,13510.75,11.5,24.65,0.233,entry,320.0
2023-05-16 15:50:00,2023-05-16 15:59:00,SHORT,1,13492.0,13482.25,19.5,19.55,0.499,entry,9.0
2023-05-17 09:49:00,2023-05-17 10:13:00,SHORT,1,13505.5,13509.0,-7.0,19.78,-0.177,entry,24.0
2023-05-17 10:40:00,2023-05-17 11:22:00,LONG,1,13529.0,13506.25,-45.5,18.68,-1.218,entry,42.0
2023-05-17 11:29:00,2023-05-17 15:59:00,LONG,1,13536.75,13644.75,216.0,19.19,5.628,entry,270.0
2023-05-18 09:38:00,2023-05-18 13:57:00,LONG,1,13699.0,13767.5,137.0,22.36,3.063,entry,259.0
2023-05-18 14:23:00,2023-05-18 15:59:00,LONG,1,13794.25,13889.75,191.0,21.27,4.49,entry,96.0
2023-05-19 09:41:00,2023-05-19 09:45:00,LONG,1,13920.25,13904.5,-31.5,19.26,-0.818,entry,4.0
2023-05-19 09:54:00,2023-05-19 10:17:00,SHORT,1,13878.5,13894.75,-32.5,21.83,-0.744,entry,23.0
2023-05-19 10:25:00,2023-05-19 10:36:00,LONG,1,13911.75,13885.25,-53.0,18.75,-1.414,entry,11.0
2023-05-19 10:47:00,2023-05-19 11:04:00,SHORT,1,13870.75,13890.5,-39.5,22.03,-0.896,entry,17.0
2023-05-19 11:12:00,2023-05-19 11:21:00,SHORT,1,13869.0,13894.5,-51.0,20.12,-1.267,entry,9.0
2023-05-19 11:27:00,2023-05-19 13:24:00,SHORT,1,13868.25,13874.25,-12.0,19.44,-0.309,entry,117.0
2023-05-19 13:42:00,2023-05-19 15:59:00,SHORT,1,13853.0,13858.25,-10.5,19.6,-0.268,entry,137.0
2023-05-22 09:34:00,2023-05-22 10:07:00,LONG,1,13887.75,13896.25,17.0,25.35,0.335,entry,33.0
2023-05-22 10:08:00,2023-05-22 10:10:00,SHORT,1,13871.25,13900.75,-59.0,30.64,-0.963,entry,2.0
2023-05-22 10:52:00,2023-05-22 10:59:00,SHORT,1,13882.75,13910.0,-54.5,19.09,-1.427,entry,7.0
2023-05-22 11:23:00,2023-05-22 11:38:00,LONG,1,13920.75,13897.75,-46.0,18.21,-1.263,entry,15.0
2023-05-22 11:46:00,2023-05-22 12:10:00,SHORT,1,13884.75,13904.5,-39.5,17.93,-1.101,entry,24.0
2023-05-22 12:32:00,2023-05-22 13:00:00,SHORT,1,13879.75,13903.5,-47.5,22.07,-1.076,entry,28.0
2023-05-22 13:15:00,2023-05-22 13:23:00,SHORT,1,13875.0,13901.75,-53.5,25.72,-1.04,entry,8.0
2023-05-22 13:42:00,2023-05-22 15:26:00,LONG,1,13919.0,13895.5,-47.0,18.18,-1.293,entry,104.0
2023-05-23 09:32:00,2023-05-23 09:38:00,LONG,1,13862.0,13841.25,-41.5,19.69,-1.054,entry,6.0
2023-05-23 10:50:00,2023-05-23 11:02:00,SHORT,1,13837.75,13859.75,-44.0,19.1,-1.152,entry,12.0
2023-05-23 12:27:00,2023-05-23 15:59:00,SHORT,1,13838.75,13725.5,226.5,17.6,6.435,entry,212.0
2023-05-24 09:34:00,2023-05-24 09:45:00,LONG,1,13660.25,13647.0,-26.5,21.69,-0.611,entry,11.0
2023-05-24 10:02:00,2023-05-24 11:26:00,SHORT,1,13630.25,13623.75,13.0,18.06,0.36,entry,84.0
2023-05-24 11:43:00,2023-05-24 12:08:00,SHORT,1,13594.75,13622.0,-54.5,22.07,-1.235,entry,25.0
2023-05-24 12:18:00,2023-05-24 13:21:00,SHORT,1,13586.5,13613.0,-53.0,28.76,-0.921,entry,63.0
2023-05-24 13:43:00,2023-05-24 14:26:00,LONG,1,13631.5,13612.75,-37.5,19.1,-0.982,entry,43.0
2023-05-24 15:14:00,2023-05-24 15:59:00,LONG,1,13631.75,13652.75,42.0,17.55,1.196,entry,45.0
2023-05-25 09:32:00,2023-05-25 10:00:00,SHORT,1,13901.0,13898.5,5.0,21.77,0.115,entry,28.0
2023-05-25 10:12:00,2023-05-25 10:29:00,SHORT,1,13867.0,13886.0,-38.0,22.04,-0.862,entry,17.0
2023-05-25 10:39:00,2023-05-25 15:59:00,LONG,1,13908.0,13978.25,140.5,21.81,3.22,entry,320.0
2023-05-26 09:36:00,2023-05-26 15:59:00,LONG,1,14053.75,14333.0,558.5,20.83,13.406,entry,383.0
2023-05-29 12:57:00,2023-05-29 12:59:00,LONG,1,14401.0,14404.75,7.5,20.56,0.182,entry,2.0
2023-05-30 09:38:00,2023-05-30 09:46:00,LONG,1,14526.75,14508.5,-36.5,20.17,-0.905,entry,8.0
2023-05-30 09:51:00,2023-05-30 11:04:00,SHORT,1,14489.0,14472.5,33.0,26.12,0.632,entry,73.0
2023-05-30 11:16:00,2023-05-30 11:38:00,SHORT,1,14442.0,14469.5,-55.0,26.58,-1.035,entry,22.0
2023-05-30 12:01:00,2023-05-30 15:59:00,SHORT,1,14444.25,14397.0,94.5,21.61,2.187,entry,238.0
2023-05-31 09:39:00,2023-05-31 10:00:00,LONG,1,14376.75,14371.25,-11.0,28.38,-0.194,entry,21.0
2023-05-31 10:10:00,2023-05-31 13:29:00,SHORT,1,14351.75,14320.0,63.5,19.98,1.589,entry,199.0
2023-05-31 13:39:00,2023-05-31 14:50:00,LONG,1,14347.75,14320.0,-55.5,27.72,-1.001,entry,71.0
2023-05-31 15:06:00,2023-05-31 15:32:00,SHORT,1,14303.25,14327.75,-49.0,20.39,-1.202,entry,26.0
2023-05-31 15:44:00,2023-05-31 15:52:00,LONG,1,14343.25,14321.5,-43.5,20.02,-1.086,entry,8.0
2023-05-31 15:56:00,2023-05-31 15:59:00,SHORT,1,14302.75,14301.75,2.0,20.78,0.048,entry,3.0
2023-06-01 09:35:00,2023-06-01 09:39:00,SHORT,1,14259.25,14287.75,-57.0,27.79,-1.025,entry,4.0
2023-06-01 09:40:00,2023-06-01 09:45:00,LONG,1,14302.75,14283.25,-39.0,20.65,-0.944,entry,5.0
2023-06-01 09:56:00,2023-06-01 10:21:00,LONG,1,14309.25,14284.0,-50.5,22.4,-1.127,entry,25.0
2023-06-01 10:23:00,2023-06-01 10:28:00,SHORT,1,14279.0,14297.75,-37.5,19.36,-0.969,entry,5.0
2023-06-01 10:39:00,2023-06-01 15:59:00,LONG,1,14318.75,14473.25,309.0,20.91,7.389,entry,320.0
2023-06-02 09:33:00,2023-06-02 09:45:00,LONG,1,14608.5,14587.75,-41.5,24.23,-0.856,entry,12.0
2023-06-02 09:46:00,2023-06-02 10:41:00,SHORT,1,14555.0,14547.0,16.0,41.89,0.191,entry,55.0
2023-06-02 10:45:00,2023-06-02 12:15:00,LONG,1,14565.25,14554.0,-22.5,20.03,-0.562,entry,90.0
2023-06-02 12:30:00,2023-06-02 14:07:00,LONG,1,14576.75,14558.5,-36.5,20.16,-0.905,entry,97.0
2023-06-02 14:32:00,2023-06-02 15:59:00,LONG,1,14585.75,14579.5,-12.5,23.85,-0.262,entry,87.0
2023-06-05 09:36:00,2023-06-05 09:50:00,LONG,1,14620.5,14606.75,-27.5,25.43,-0.541,entry,14.0
2023-06-05 09:52:00,2023-06-05 10:01:00,SHORT,1,14590.0,14620.25,-60.5,21.48,-1.408,entry,9.0
2023-06-05 10:05:00,2023-06-05 10:13:00,LONG,1,14632.5,14611.0,-43.0,22.89,-0.939,entry,8.0
2023-06-05 10:37:00,2023-06-05 10:39:00,LONG,1,14633.0,14609.25,-47.5,21.11,-1.125,entry,2.0
2023-06-05 10:44:00,2023-06-05 13:37:00,LONG,1,14635.25,14631.25,-8.0,22.92,-0.175,entry,173.0
2023-06-05 13:51:00,2023-06-05 15:59:00,SHORT,1,14617.75,14587.25,61.0,19.95,1.529,entry,128.0
2023-06-06 09:35:00,2023-06-06 09:40:00,SHORT,1,14512.0,14531.25,-38.5,20.87,-0.923,entry,5.0
2023-06-06 09:48:00,2023-06-06 09:51:00,LONG,1,14552.75,14530.25,-45.0,20.31,-1.108,entry,3.0
2023-06-06 10:09:00,2023-06-06 11:25:00,LONG,1,14556.75,14545.5,-22.5,19.47,-0.578,entry,76.0
2023-06-06 11:39:00,2023-06-06 12:40:00,LONG,1,14579.25,14565.75,-27.0,21.14,-0.638,entry,61.0
2023-06-06 12:56:00,2023-06-06 13:10:00,SHORT,1,14543.0,14566.75,-47.5,22.25,-1.067,entry,14.0
2023-06-06 13:55:00,2023-06-06 14:11:00,SHORT,1,14543.25,14568.0,-49.5,21.27,-1.164,entry,16.0
2023-06-06 14:51:00,2023-06-06 15:40:00,LONG,1,14585.25,14564.75,-41.0,20.91,-0.98,entry,49.0
2023-06-06 15:55:00,2023-06-06 15:59:00,LONG,1,14592.25,14583.75,-17.0,25.1,-0.339,entry,4.0
2023-06-07 09:32:00,2023-06-07 09:39:00,LONG,1,14656.0,14647.5,-17.0,24.93,-0.341,entry,7.0
2023-06-07 09:54:00,2023-06-07 15:59:00,SHORT,1,14625.0,14331.75,586.5,26.36,11.126,entry,365.0
2023-06-08 09:41:00,2023-06-08 09:46:00,LONG,1,14387.0,14355.0,-64.0,27.81,-1.151,entry,5.0
2023-06-08 10:04:00,2023-06-08 13:45:00,LONG,1,14389.0,14430.75,83.5,23.29,1.793,entry,221.0
2023-06-08 14:04:00,2023-06-08 15:59:00,LONG,1,14454.25,14499.75,91.0,22.33,2.038,entry,115.0
2023-06-09 09:39:00,2023-06-09 10:40:00,LONG,1,14601.5,14633.25,63.5,20.44,1.553,entry,61.0
2023-06-09 10:41:00,2023-06-09 11:07:00,SHORT,1,14614.5,14625.0,-21.0,20.4,-0.515,entry,26.0
2023-06-09 11:22:00,2023-06-09 13:41:00,SHORT,1,14596.25,14598.25,-4.0,28.14,-0.071,entry,139.0
2023-06-09 14:38:00,2023-06-09 15:59:00,SHORT,1,14575.25,14556.5,37.5,20.92,0.896,entry,81.0
2023-06-12 10:05:00,2023-06-12 10:23:00,SHORT,1,14770.5,14797.0,-53.0,27.25,-0.972,entry,18.0
2023-06-12 10:45:00,2023-06-12 11:00:00,LONG,1,14815.5,14793.25,-44.5,20.52,-1.084,entry,15.0
2023-06-12 11:20:00,2023-06-12 15:59:00,LONG,1,14817.75,14987.5,339.5,20.46,8.297,entry,279.0
2023-06-13 09:42:00,2023-06-13 09:43:00,LONG,1,15118.25,15097.75,-41.0,21.08,-0.972,entry,1.0
2023-06-13 09:45:00,2023-06-13 10:49:00,SHORT,1,15063.5,15044.0,39.0,31.94,0.61,entry,64.0
2023-06-13 11:08:00,2023-06-13 12:00:00,LONG,1,15066.5,15039.25,-54.5,23.65,-1.152,entry,52.0
2023-06-13 12:10:00,2023-06-13 14:10:00,LONG,1,15078.25,15055.5,-45.5,26.53,-0.858,entry,120.0
2023-06-13 14:28:00,2023-06-13 14:52:00,SHORT,1,15027.5,15060.0,-65.0,31.82,-1.021,entry,24.0
2023-06-13 15:17:00,2023-06-13 15:59:00,LONG,1,15083.5,15096.5,26.0,25.52,0.509,entry,42.0
2023-06-14 09:42:00,2023-06-14 13:11:00,LONG,1,15099.25,15144.5,90.5,22.64,1.999,entry,209.0
2023-06-14 13:31:00,2023-06-14 14:44:00,SHORT,1,15122.25,15141.0,-37.5,22.8,-0.822,entry,73.0
2023-06-14 14:44:00,2023-06-14 15:15:00,LONG,1,15141.0,15113.75,-54.5,26.01,-1.048,reverse,31.0
2023-06-14 15:20:00,2023-06-14 15:50:00,LONG,1,15141.75,15111.5,-60.5,20.44,-1.48,entry,30.0
2023-06-14 15:55:00,2023-06-14 15:59:00,LONG,1,15163.0,15203.25,80.5,39.03,1.031,entry,4.0
2023-06-15 09:33:00,2023-06-15 09:39:00,SHORT,1,15117.75,15151.5,-67.5,20.6,-1.638,entry,6.0
2023-06-15 09:40:00,2023-06-15 15:59:00,LONG,1,15162.5,15377.5,430.0,26.41,8.142,entry,379.0
2023-06-16 09:31:00,2023-06-16 10:11:00,SHORT,1,15423.75,15394.0,59.5,24.62,1.208,entry,40.0
2023-06-16 10:15:00,2023-06-16 10:22:00,SHORT,1,15359.75,15389.25,-59.0,24.65,-1.197,entry,7.0
2023-06-16 10:29:00,2023-06-16 10:41:00,LONG,1,15410.5,15377.0,-67.0,26.24,-1.277,entry,12.0
2023-06-16 10:45:00,2023-06-16 10:56:00,SHORT,1,15362.0,15384.5,-45.0,23.08,-0.975,entry,11.0
2023-06-16 11:11:00,2023-06-16 11:19:00,LONG,1,15406.5,15378.0,-57.0,22.97,-1.241,entry,8.0
2023-06-16 11:22:00,2023-06-16 12:10:00,SHORT,1,15361.25,15378.5,-34.5,22.87,-0.754,entry,48.0
2023-06-16 12:34:00,2023-06-16 13:10:00,LONG,1,15401.0,15372.0,-58.0,22.84,-1.27,entry,36.0
2023-06-16 14:03:00,2023-06-16 15:59:00,SHORT,1,15357.75,15274.75,166.0,21.55,3.851,entry,116.0
2023-06-20 09:32:00,2023-06-20 09:53:00,LONG,1,15260.25,15268.25,16.0,24.29,0.329,entry,21.0
2023-06-20 09:55:00,2023-06-20 12:21:00,SHORT,1,15243.75,15211.25,65.0,25.04,1.298,entry,146.0
2023-06-20 12:25:00,2023-06-20 15:59:00,LONG,1,15232.75,15253.5,41.5,26.7,0.777,entry,214.0
2023-06-21 09:45:00,2023-06-21 13:56:00,SHORT,1,15161.75,15092.25,139.0,33.13,2.098,entry,251.0
2023-06-21 14:15:00,2023-06-21 15:30:00,LONG,1,15111.5,15091.75,-39.5,21.26,-0.929,entry,75.0
2023-06-21 15:32:00,2023-06-21 15:59:00,SHORT,1,15073.5,15045.25,56.5,21.34,1.324,entry,27.0
2023-06-22 09:32:00,2023-06-22 10:43:00,LONG,1,15009.0,15069.0,120.0,22.4,2.678,entry,71.0
2023-06-22 10:51:00,2023-06-22 10:53:00,LONG,1,15092.5,15070.75,-43.5,21.09,-1.031,entry,2.0
2023-06-22 11:01:00,2023-06-22 13:04:00,LONG,1,15094.75,15087.5,-14.5,22.88,-0.317,entry,123.0
2023-06-22 13:22:00,2023-06-22 15:59:00,LONG,1,15118.5,15213.5,190.0,21.19,4.483,entry,157.0
2023-06-23 09:34:00,2023-06-23 09:37:00,LONG,1,15082.75,15061.25,-43.0,24.48,-0.878,entry,3.0
2023-06-23 09:42:00,2023-06-23 10:09:00,SHORT,1,15024.75,15049.0,-48.5,33.91,-0.715,entry,27.0
2023-06-23 10:10:00,2023-06-23 10:22:00,LONG,1,15055.25,15033.75,-43.0,23.12,-0.93,entry,12.0
2023-06-23 10:30:00,2023-06-23 10:53:00,LONG,1,15061.75,15032.5,-58.5,25.62,-1.142,entry,23.0
2023-06-23 11:27:00,2023-06-23 11:37:00,SHORT,1,15014.0,15041.25,-54.5,26.08,-1.045,entry,10.0
2023-06-23 11:43:00,2023-06-23 14:45:00,LONG,1,15061.75,15049.75,-24.0,22.27,-0.539,entry,182.0
2023-06-23 15:00:00,2023-06-23 15:10:00,SHORT,1,15042.25,15068.5,-52.5,23.17,-1.133,entry,10.0
2023-06-26 09:34:00,2023-06-26 10:31:00,LONG,1,15064.0,15101.25,74.5,23.4,1.592,entry,57.0
2023-06-26 10:36:00,2023-06-26 15:59:00,SHORT,1,15080.0,14857.25,445.5,23.38,9.529,entry,323.0
2023-06-27 09:35:00,2023-06-27 09:40:00,LONG,1,14960.0,14919.5,-81.0,34.3,-1.181,entry,5.0
2023-06-27 09:51:00,2023-06-27 10:07:00,LONG,1,14957.0,14926.5,-61.0,21.61,-1.412,entry,16.0
2023-06-27 10:10:00,2023-06-27 10:26:00,SHORT,1,14904.75,14935.5,-61.5,35.89,-0.857,entry,16.0
2023-06-27 11:04:00,2023-06-27 11:19:00,SHORT,1,14911.75,14937.5,-51.5,21.88,-1.177,entry,15.0
2023-06-27 11:21:00,2023-06-27 15:59:00,LONG,1,14954.0,15108.25,308.5,22.07,6.989,entry,278.0
2023-06-28 09:38:00,2023-06-28 09:44:00,LONG,1,15079.75,15064.25,-31.0,23.12,-0.67,entry,6.0
2023-06-28 09:46:00,2023-06-28 09:48:00,SHORT,1,15040.25,15072.5,-64.5,24.48,-1.317,entry,2.0
2023-06-28 09:57:00,2023-06-28 10:04:00,LONG,1,15102.25,15068.75,-67.0,35.49,-0.944,entry,7.0
2023-06-28 10:18:00,2023-06-28 12:36:00,LONG,1,15112.5,15119.75,14.5,42.77,0.17,entry,138.0
2023-06-28 12:43:00,2023-06-28 13:28:00,SHORT,1,15101.0,15122.0,-42.0,24.94,-0.842,entry,45.0
2023-06-28 13:50:00,2023-06-28 14:02:00,SHORT,1,15088.75,15120.5,-63.5,31.53,-1.007,entry,12.0
2023-06-28 14:23:00,2023-06-28 14:37:00,LONG,1,15142.5,15118.25,-48.5,22.29,-1.088,entry,14.0
2023-06-28 15:03:00,2023-06-28 15:19:00,SHORT,1,15096.75,15120.75,-48.0,23.69,-1.013,entry,16.0
2023-06-29 09:34:00,2023-06-29 09:42:00,LONG,1,15140.75,15118.75,-44.0,25.79,-0.853,entry,8.0
2023-06-29 09:44:00,2023-06-29 09:46:00,SHORT,1,15087.5,15117.25,-59.5,30.19,-0.985,entry,2.0
2023-06-29 09:55:00,2023-06-29 10:01:00,SHORT,1,15092.0,15120.5,-57.0,22.04,-1.293,entry,6.0
2023-06-29 10:07:00,2023-06-29 11:07:00,SHORT,1,15065.5,15096.0,-61.0,45.28,-0.674,entry,60.0
2023-06-29 11:13:00,2023-06-29 12:15:00,LONG,1,15110.5,15089.25,-42.5,23.56,-0.902,entry,62.0
2023-06-29 12:28:00,2023-06-29 12:57:00,LONG,1,15121.0,15095.5,-51.0,26.64,-0.957,entry,29.0
2023-06-29 13:05:00,2023-06-29 13:19:00,SHORT,1,15067.0,15095.0,-56.0,28.11,-0.996,entry,14.0
2023-06-29 13:45:00,2023-06-29 15:50:00,SHORT,1,15072.5,15096.5,-48.0,21.86,-1.098,entry,125.0
2023-06-30 09:43:00,2023-06-30 11:30:00,LONG,1,15292.25,15312.5,40.5,28.17,0.719,entry,107.0
2023-06-30 11:40:00,2023-06-30 12:04:00,SHORT,1,15296.25,15321.75,-51.0,25.61,-0.996,entry,24.0
2023-06-30 12:38:00,2023-06-30 15:59:00,LONG,1,15341.75,15331.0,-21.5,21.93,-0.49,entry,201.0
2023-07-03 10:31:00,2023-07-03 12:40:00,SHORT,1,15341.5,15345.0,-7.0,23.44,-0.149,entry,129.0
2023-07-05 09:40:00,2023-07-05 11:17:00,LONG,1,15360.25,15376.0,31.5,26.58,0.593,entry,97.0
2023-07-05 11:26:00,2023-07-05 11:46:00,SHORT,1,15360.25,15379.25,-38.0,20.15,-0.943,entry,20.0
2023-07-05 11:57:00,2023-07-05 13:08:00,SHORT,1,15359.25,15379.25,-40.0,19.43,-1.029,entry,71.0
2023-07-05 14:15:00,2023-07-05 14:41:00,SHORT,1,15349.75,15371.75,-44.0,24.03,-0.916,entry,26.0
2023-07-06 09:33:00,2023-07-06 09:40:00,SHORT,1,15174.5,15192.5,-36.0,21.94,-0.82,entry,7.0
2023-07-06 09:51:00,2023-07-06 10:29:00,SHORT,1,15157.5,15163.75,-12.5,23.79,-0.263,entry,38.0
2023-07-06 10:55:00,2023-07-06 11:35:00,SHORT,1,15134.25,15154.0,-39.5,23.95,-0.825,entry,40.0
2023-07-06 12:03:00,2023-07-06 15:59:00,LONG,1,15175.5,15235.75,120.5,20.75,2.903,entry,236.0
2023-07-07 09:46:00,2023-07-07 10:15:00,LONG,1,15249.5,15238.5,-22.0,28.73,-0.383,entry,29.0
2023-07-07 10:29:00,2023-07-07 10:53:00,SHORT,1,15215.75,15233.25,-35.0,24.27,-0.721,entry,24.0
2023-07-07 11:04:00,2023-07-07 15:23:00,LONG,1,15254.0,15272.0,36.0,20.9,0.861,entry,259.0
2023-07-07 15:28:00,2023-07-07 15:59:00,SHORT,1,15253.5,15183.25,140.5,19.49,3.604,entry,31.0
2023-07-10 09:43:00,2023-07-10 10:08:00,SHORT,1,15161.5,15163.75,-4.5,33.45,-0.067,entry,25.0
2023-07-10 10:20:00,2023-07-10 10:33:00,LONG,1,15180.75,15157.0,-47.5,22.49,-1.056,entry,13.0
2023-07-10 10:35:00,2023-07-10 10:39:00,SHORT,1,15139.25,15163.5,-48.5,22.31,-1.087,entry,4.0
2023-07-10 10:43:00,2023-07-10 10:50:00,SHORT,1,15138.0,15168.0,-60.0,22.77,-1.317,entry,7.0
2023-07-10 11:03:00,2023-07-10 11:30:00,SHORT,1,15127.75,15165.5,-75.5,31.38,-1.203,entry,27.0
2023-07-10 11:44:00,2023-07-10 12:50:00,SHORT,1,15136.5,15145.5,-18.0,21.13,-0.426,entry,66.0
2023-07-10 13:29:00,2023-07-10 14:01:00,LONG,1,15167.0,15139.25,-55.5,22.14,-1.254,entry,32.0
2023-07-10 14:16:00,2023-07-10 15:59:00,LONG,1,15168.75,15190.0,42.5,22.93,0.927,entry,103.0
2023-07-11 09:35:00,2023-07-11 09:40:00,LONG,1,15224.5,15196.0,-57.0,20.95,-1.361,entry,5.0
2023-07-11 09:41:00,2023-07-11 10:27:00,SHORT,1,15167.0,15172.5,-11.0,39.53,-0.139,entry,46.0
2023-07-11 10:35:00,2023-07-11 11:17:00,LONG,1,15191.0,15172.75,-36.5,23.39,-0.78,entry,42.0
2023-07-11 11:52:00,2023-07-11 13:46:00,LONG,1,15205.25,15184.5,-41.5,28.92,-0.718,entry,114.0
2023-07-11 14:00:00,2023-07-11 14:12:00,LONG,1,15208.0,15186.25,-43.5,21.12,-1.03,entry,12.0
2023-07-11 14:25:00,2023-07-11 14:44:00,SHORT,1,15167.75,15186.75,-38.0,19.07,-0.996,entry,19.0
2023-07-11 14:56:00,2023-07-11 15:59:00,LONG,1,15212.0,15258.5,93.0,25.41,1.83,entry,63.0
2023-07-12 09:48:00,2023-07-12 10:57:00,LONG,1,15459.0,15455.75,-6.5,28.34,-0.115,entry,69.0
2023-07-12 11:34:00,2023-07-12 13:21:00,SHORT,1,15440.25,15435.0,10.5,20.72,0.253,entry,107.0
2023-07-12 13:38:00,2023-07-12 15:22:00,LONG,1,15455.75,15435.5,-40.5,22.1,-0.916,entry,104.0
2023-07-12 15:34:00,2023-07-12 15:59:00,LONG,1,15456.75,15451.75,-10.0,19.33,-0.259,entry,25.0
2023-07-13 09:35:00,2023-07-13 10:03:00,LONG,1,15604.25,15596.5,-15.5,22.74,-0.341,entry,28.0
2023-07-13 10:25:00,2023-07-13 10:40:00,SHORT,1,15575.75,15592.5,-33.5,19.83,-0.844,entry,15.0
2023-07-13 11:01:00,2023-07-13 11:13:00,LONG,1,15615.25,15594.5,-41.5,21.58,-0.962,entry,12.0
2023-07-13 11:41:00,2023-07-13 15:59:00,LONG,1,15623.5,15706.0,165.0,27.86,2.961,entry,258.0
2023-07-14 09:38:00,2023-07-14 09:44:00,LONG,1,15789.75,15767.75,-44.0,30.25,-0.727,entry,6.0
2023-07-14 09:50:00,2023-07-14 10:37:00,LONG,1,15801.25,15787.25,-28.0,29.91,-0.468,entry,47.0
2023-07-14 10:46:00,2023-07-14 10:55:00,SHORT,1,15772.5,15797.5,-50.0,27.44,-0.911,entry,9.0
2023-07-14 11:22:00,2023-07-14 11:28:00,LONG,1,15817.75,15797.75,-40.0,20.13,-0.994,entry,6.0
2023-07-14 11:31:00,2023-07-14 12:01:00,LONG,1,15820.0,15799.5,-41.0,21.63,-0.948,entry,30.0
2023-07-14 12:19:00,2023-07-14 15:59:00,SHORT,1,15776.5,15703.0,147.0,23.08,3.185,entry,220.0
2023-07-17 09:45:00,2023-07-17 10:00:00,SHORT,1,15723.5,15746.0,-45.0,31.01,-0.726,entry,15.0
2023-07-17 10:21:00,2023-07-17 10:41:00,LONG,1,15765.25,15741.25,-48.0,20.67,-1.161,entry,20.0
2023-07-17 11:14:00,2023-07-17 15:59:00,LONG,1,15769.25,15844.25,150.0,21.52,3.486,entry,285.0
2023-07-18 09:37:00,2023-07-18 09:41:00,SHORT,1,15755.0,15780.0,-50.0,24.76,-1.01,entry,4.0
2023-07-18 09:51:00,2023-07-18 09:59:00,SHORT,1,15744.25,15779.0,-69.5,27.29,-1.273,entry,8.0
2023-07-18 10:45:00,2023-07-18 15:59:00,LONG,1,15794.0,15973.0,358.0,23.1,7.749,entry,314.0
2023-07-19 09:34:00,2023-07-19 09:37:00,SHORT,1,15986.25,16008.25,-44.0,23.15,-0.95,entry,3.0
2023-07-19 09:41:00,2023-07-19 09:46:00,LONG,1,16035.0,16009.25,-51.5,25.78,-0.999,entry,5.0
2023-07-19 09:52:00,2023-07-19 10:02:00,SHORT,1,15987.75,16012.25,-49.0,20.55,-1.192,entry,10.0
2023-07-19 10:15:00,2023-07-19 10:24:00,SHORT,1,15973.5,16004.5,-62.0,29.93,-1.036,entry,9.0
2023-07-19 10:41:00,2023-07-19 10:54:00,LONG,1,16025.5,16000.25,-50.5,23.57,-1.071,entry,13.0
2023-07-19 11:12:00,2023-07-19 12:16:00,LONG,1,16037.0,16012.0,-50.0,31.68,-0.789,entry,64.0
2023-07-19 12:22:00,2023-07-19 15:20:00,SHORT,1,15987.0,15994.0,-14.0,27.95,-0.25,entry,178.0
2023-07-19 15:30:00,2023-07-19 15:59:00,SHORT,1,15971.25,15957.0,28.5,22.25,0.64,entry,29.0
2023-07-20 09:32:00,2023-07-20 09:57:00,LONG,1,15879.5,15867.75,-23.5,23.54,-0.499,entry,25.0
2023-07-20 10:00:00,2023-07-20 15:59:00,SHORT,1,15843.25,15588.0,510.5,27.37,9.327,entry,359.0
2023-07-21 09:33:00,2023-07-21 09:37:00,LONG,1,15699.75,15684.0,-31.5,24.39,-0.646,entry,4.0
2023-07-21 09:38:00,2023-07-21 09:45:00,SHORT,1,15662.75,15699.25,-73.0,23.36,-1.563,entry,7.0
2023-07-21 09:48:00,2023-07-21 11:09:00,SHORT,1,15646.75,15626.0,41.5,32.59,0.637,entry,81.0
2023-07-21 11:43:00,2023-07-21 11:50:00,SHORT,1,15591.75,15623.5,-63.5,32.06,-0.99,entry,7.0
2023-07-21 11:53:00,2023-07-21 13:26:00,SHORT,1,15594.5,15616.75,-44.5,28.12,-0.791,entry,93.0
2023-07-21 13:33:00,2023-07-21 14:05:00,LONG,1,15637.0,15613.75,-46.5,21.72,-1.07,entry,32.0
2023-07-21 14:14:00,2023-07-21 15:59:00,SHORT,1,15586.75,15537.5,98.5,30.14,1.634,entry,105.0
2023-07-24 09:46:00,2023-07-24 10:16:00,SHORT,1,15559.0,15561.25,-4.5,39.43,-0.057,entry,30.0
2023-07-24 10:21:00,2023-07-24 10:39:00,LONG,1,15580.75,15552.75,-56.0,26.64,-1.051,entry,18.0
2023-07-24 11:14:00,2023-07-24 11:29:00,LONG,1,15581.25,15554.75,-53.0,23.81,-1.113,entry,15.0
2023-07-24 11:36:00,2023-07-24 11:52:00,SHORT,1,15526.5,15560.75,-68.5,31.78,-1.078,entry,16.0
2023-07-24 13:50:00,2023-07-24 14:42:00,LONG,1,15578.5,15546.25,-64.5,21.72,-1.485,entry,52.0
2023-07-24 15:28:00,2023-07-24 15:58:00,SHORT,1,15535.75,15558.5,-45.5,22.65,-1.005,entry,30.0
2023-07-25 09:45:00,2023-07-25 10:27:00,LONG,1,15646.75,15636.0,-21.5,28.17,-0.382,entry,42.0
2023-07-25 10:52:00,2023-07-25 11:10:00,SHORT,1,15607.25,15632.75,-51.0,25.44,-1.002,entry,18.0
2023-07-25 11:26:00,2023-07-25 15:59:00,LONG,1,15655.75,15668.75,26.0,23.46,0.554,entry,273.0
2023-07-26 09:32:00,2023-07-26 09:41:00,SHORT,1,15597.0,15601.25,-8.5,21.2,-0.2,entry,9.0
2023-07-26 09:53:00,2023-07-26 10:29:00,LONG,1,15621.75,15606.0,-31.5,24.28,-0.649,entry,36.0
2023-07-26 10:49:00,2023-07-26 11:52:00,SHORT,1,15582.25,15589.75,-15.0,23.55,-0.319,entry,63.0
2023-07-26 12:25:00,2023-07-26 14:01:00,SHORT,1,15563.5,15582.75,-38.5,22.69,-0.848,entry,96.0
2023-07-26 14:11:00,2023-07-26 14:18:00,LONG,1,15603.75,15580.5,-46.5,22.25,-1.045,entry,7.0
2023-07-26 14:26:00,2023-07-26 14:35:00,SHORT,1,15548.75,15595.75,-94.0,32.75,-1.435,entry,9.0
2023-07-26 14:37:00,2023-07-26 15:06:00,LONG,1,15606.75,15587.5,-38.5,25.22,-0.763,entry,29.0
2023-07-26 15:07:00,2023-07-26 15:35:00,SHORT,1,15569.5,15594.5,-50.0,23.62,-1.058,entry,28.0
2023-07-26 15:41:00,2023-07-26 15:52:00,LONG,1,15619.75,15577.5,-84.5,30.16,-1.401,entry,11.0
2023-07-27 09:37:00,2023-07-27 09:56:00,LONG,1,15871.5,15860.5,-22.0,21.29,-0.517,entry,19.0
2023-07-27 10:09:00,2023-07-27 11:30:00,SHORT,1,15843.75,15840.0,7.5,23.46,0.16,entry,81.0
2023-07-27 11:45:00,2023-07-27 12:10:00,SHORT,1,15809.25,15830.5,-42.5,22.0,-0.966,entry,25.0
2023-07-27 12:29:00,2023-07-27 12:53:00,LONG,1,15850.0,15825.5,-49.0,20.91,-1.172,entry,24.0
2023-07-27 13:05:00,2023-07-27 15:59:00,SHORT,1,15805.5,15566.0,479.0,24.42,9.809,entry,174.0
2023-07-28 09:39:00,2023-07-28 10:46:00,LONG,1,15763.75,15786.0,44.5,25.47,0.874,entry,67.0
2023-07-28 10:59:00,2023-07-28 13:33:00,LONG,1,15816.25,15820.25,8.0,25.06,0.16,entry,154.0
2023-07-28 13:42:00,2023-07-28 13:56:00,SHORT,1,15795.0,15828.5,-67.0,26.69,-1.255,entry,14.0
2023-07-28 14:03:00,2023-07-28 15:59:00,LONG,1,15842.75,15849.75,14.0,22.13,0.316,entry,116.0
2023-07-31 09:45:00,2023-07-31 09:48:00,LONG,1,15903.75,15869.75,-68.0,30.55,-1.113,entry,3.0
2023-07-31 09:54:00,2023-07-31 10:11:00,SHORT,1,15850.75,15858.75,-16.0,22.64,-0.353,entry,17.0
2023-07-31 11:06:00,2023-07-31 11:24:00,LONG,1,15878.25,15853.75,-49.0,22.63,-1.083,entry,18.0
2023-07-31 11:32:00,2023-07-31 11:47:00,SHORT,1,15826.75,15857.25,-61.0,28.96,-1.053,entry,15.0
2023-07-31 11:54:00,2023-07-31 12:20:00,SHORT,1,15829.75,15854.5,-49.5,24.84,-0.996,entry,26.0
2023-07-31 12:57:00,2023-07-31 13:39:00,SHORT,1,15829.0,15856.0,-54.0,24.36,-1.108,entry,42.0
2023-07-31 14:25:00,2023-07-31 14:55:00,SHORT,1,15826.0,15850.0,-48.0,24.23,-0.99,entry,30.0
2023-07-31 15:12:00,2023-07-31 15:59:00,SHORT,1,15826.25,15863.0,-73.5,22.7,-1.619,entry,47.0
2023-08-01 10:14:00,2023-08-01 10:29:00,SHORT,1,15755.5,15780.5,-50.0,31.9,-0.784,entry,15.0
2023-08-01 10:32:00,2023-08-01 12:27:00,LONG,1,15803.0,15790.0,-26.0,24.77,-0.525,entry,115.0
2023-08-01 12:53:00,2023-08-01 15:59:00,LONG,1,15816.25,15816.75,1.0,22.1,0.023,entry,186.0
2023-08-02 09:35:00,2023-08-02 09:43:00,SHORT,1,15615.25,15622.5,-14.5,22.34,-0.325,entry,8.0
2023-08-02 09:51:00,2023-08-02 15:59:00,SHORT,1,15594.25,15468.25,252.0,23.68,5.32,entry,368.0
2023-08-03 09:47:00,2023-08-03 10:09:00,LONG,1,15437.25,15407.75,-59.0,46.96,-0.628,entry,22.0
2023-08-03 10:21:00,2023-08-03 10:35:00,SHORT,1,15386.0,15409.25,-46.5,28.16,-0.826,entry,14.0
2023-08-03 11:05:00,2023-08-03 15:11:00,LONG,1,15433.0,15437.25,8.5,23.82,0.178,entry,246.0
2023-08-03 15:16:00,2023-08-03 15:24:00,SHORT,1,15417.25,15441.5,-48.5,23.79,-1.019,entry,8.0
2023-08-04 09:33:00,2023-08-04 09:41:00,LONG,1,15550.5,15529.25,-42.5,23.26,-0.913,entry,8.0
2023-08-04 09:42:00,2023-08-04 10:32:00,SHORT,1,15521.75,15501.75,40.0,26.32,0.76,entry,50.0
2023-08-04 10:37:00,2023-08-04 10:42:00,LONG,1,15512.25,15488.0,-48.5,24.39,-0.994,entry,5.0
2023-08-04 10:54:00,2023-08-04 13:58:00,LONG,1,15523.5,15519.25,-8.5,34.14,-0.124,entry,184.0
2023-08-04 14:01:00,2023-08-04 15:59:00,SHORT,1,15492.0,15358.0,268.0,27.14,4.937,entry,118.0
2023-08-07 09:41:00,2023-08-07 09:52:00,SHORT,1,15409.0,15420.75,-23.5,23.69,-0.496,entry,11.0
2023-08-07 09:58:00,2023-08-07 10:08:00,SHORT,1,15396.0,15415.0,-38.0,23.16,-0.82,entry,10.0
2023-08-07 10:36:00,2023-08-07 10:44:00,LONG,1,15436.5,15406.75,-59.5,24.3,-1.224,entry,8.0
2023-08-07 10:57:00,2023-08-07 11:55:00,SHORT,1,15390.0,15408.5,-37.0,22.52,-0.821,entry,58.0
2023-08-07 12:10:00,2023-08-07 12:23:00,LONG,1,15425.5,15399.5,-52.0,24.13,-1.077,entry,13.0
2023-08-07 12:27:00,2023-08-07 12:33:00,LONG,1,15426.25,15399.75,-53.0,24.37,-1.087,entry,6.0
2023-08-07 12:54:00,2023-08-07 15:59:00,LONG,1,15425.25,15486.5,122.5,23.0,2.663,entry,185.0
2023-08-08 09:44:00,2023-08-08 12:19:00,SHORT,1,15330.5,15277.75,105.5,25.87,2.039,entry,155.0
2023-08-08 13:17:00,2023-08-08 13:26:00,LONG,1,15303.75,15275.0,-57.5,26.54,-1.083,entry,9.0
2023-08-08 13:53:00,2023-08-08 15:59:00,LONG,1,15301.25,15350.25,98.0,23.22,2.11,entry,126.0
2023-08-09 09:38:00,2023-08-09 13:13:00,SHORT,1,15319.75,15238.25,163.0,25.65,3.178,entry,215.0
2023-08-09 13:39:00,2023-08-09 15:09:00,LONG,1,15261.25,15242.75,-37.0,23.01,-0.804,entry,90.0
2023-08-09 15:45:00,2023-08-09 15:59:00,SHORT,1,15216.75,15180.25,73.0,27.78,1.314,entry,14.0
2023-08-10 09:35:00,2023-08-10 09:43:00,LONG,1,15331.25,15319.0,-24.5,24.84,-0.493,entry,8.0
2023-08-10 09:45:00,2023-08-10 10:37:00,LONG,1,15351.25,15375.25,48.0,27.7,0.866,entry,52.0
2023-08-10 10:41:00,2023-08-10 15:59:00,SHORT,1,15356.25,15200.5,311.5,24.08,6.468,entry,318.0
2023-08-11 09:36:00,2023-08-11 09:40:00,LONG,1,15115.5,15081.0,-69.0,33.73,-1.023,entry,4.0
2023-08-11 10:01:00,2023-08-11 10:52:00,LONG,1,15103.25,15107.25,8.0,23.03,0.174,entry,51.0
2023-08-11 11:10:00,2023-08-11 12:05:00,SHORT,1,15079.0,15099.5,-41.0,29.91,-0.685,entry,55.0
2023-08-11 12:26:00,2023-08-11 13:26:00,SHORT,1,15071.5,15096.5,-50.0,24.73,-1.011,entry,60.0
2023-08-11 13:47:00,2023-08-11 14:02:00,SHORT,1,15069.25,15101.25,-64.0,23.49,-1.363,entry,15.0
2023-08-11 14:30:00,2023-08-11 15:09:00,LONG,1,15121.5,15091.5,-60.0,28.65,-1.047,entry,39.0
2023-08-11 15:25:00,2023-08-11 15:50:00,LONG,1,15122.5,15093.0,-59.0,27.02,-1.092,entry,25.0
2023-08-14 09:40:00,2023-08-14 15:59:00,LONG,1,15098.0,15272.5,349.0,34.55,5.051,entry,379.0
2023-08-15 09:39:00,2023-08-15 09:41:00,LONG,1,15257.75,15222.5,-70.5,25.14,-1.402,entry,2.0
2023-08-15 09:44:00,2023-08-15 11:11:00,SHORT,1,15208.0,15178.25,59.5,22.57,1.318,entry,87.0
2023-08-15 11:26:00,2023-08-15 11:29:00,SHORT,1,15148.25,15171.5,-46.5,22.98,-1.012,entry,3.0
2023-08-15 11:59:00,2023-08-15 12:09:00,LONG,1,15195.5,15172.5,-46.0,23.45,-0.981,entry,10.0
2023-08-15 13:42:00,2023-08-15 14:44:00,SHORT,1,15143.0,15172.0,-58.0,29.17,-0.994,entry,62.0
2023-08-15 15:08:00,2023-08-15 15:59:00,SHORT,1,15147.25,15105.25,84.0,22.77,1.845,entry,51.0
2023-08-16 09:38:00,2023-08-16 09:54:00,LONG,1,15097.75,15088.0,-19.5,23.86,-0.409,entry,16.0
2023-08-16 10:10:00,2023-08-16 10:48:00,LONG,1,15123.25,15096.25,-54.0,31.45,-0.859,entry,38.0
2023-08-16 10:59:00,2023-08-16 11:17:00,LONG,1,15127.0,15103.25,-47.5,24.83,-0.956,entry,18.0
2023-08-16 11:39:00,2023-08-16 14:28:00,SHORT,1,15079.25,15070.75,17.0,24.1,0.353,entry,169.0
2023-08-16 14:42:00,2023-08-16 15:59:00,SHORT,1,15046.0,14939.0,214.0,22.73,4.708,entry,77.0
2023-08-17 09:44:00,2023-08-17 12:11:00,SHORT,1,14944.5,14910.5,68.0,27.2,1.25,entry,147.0
2023-08-17 12:26:00,2023-08-17 13:21:00,LONG,1,14933.75,14909.0,-49.5,24.23,-1.022,entry,55.0
2023-08-17 13:34:00,2023-08-17 15:59:00,SHORT,1,14889.75,14772.25,235.0,22.77,5.16,entry,145.0
2023-08-18 09:48:00,2023-08-18 09:55:00,LONG,1,14678.0,14649.25,-57.5,22.93,-1.254,entry,7.0
2023-08-18 10:01:00,2023-08-18 10:13:00,SHORT,1,14627.5,14653.0,-51.0,28.75,-0.887,entry,12.0
2023-08-18 10:16:00,2023-08-18 10:20:00,SHORT,1,14627.75,14657.25,-59.0,24.57,-1.201,entry,4.0
2023-08-18 10:35:00,2023-08-18 11:40:00,LONG,1,14678.0,14656.5,-43.0,26.08,-0.824,entry,65.0
2023-08-18 11:48:00,2023-08-18 13:24:00,LONG,1,14690.75,14679.75,-22.0,25.44,-0.432,entry,96.0
2023-08-18 13:28:00,2023-08-18 15:59:00,LONG,1,14706.75,14750.25,87.0,25.48,1.708,entry,151.0
2023-08-21 09:34:00,2023-08-21 10:22:00,LONG,1,14846.25,14872.5,52.5,25.17,1.043,entry,48.0
2023-08-21 10:25:00,2023-08-21 12:20:00,SHORT,1,14841.0,14855.25,-28.5,33.96,-0.42,entry,115.0
2023-08-21 12:27:00,2023-08-21 15:59:00,LONG,1,14874.75,14987.0,224.5,23.06,4.869,entry,212.0
2023-08-22 09:36:00,2023-08-22 09:47:00,SHORT,1,15044.75,15053.5,-17.5,25.04,-0.349,entry,11.0
2023-08-22 09:53:00,2023-08-22 10:12:00,SHORT,1,15023.25,15042.75,-39.0,25.23,-0.773,entry,19.0
2023-08-22 10:26:00,2023-08-22 10:53:00,SHORT,1,15013.75,15029.75,-32.0,22.96,-0.697,entry,27.0
2023-08-22 11:01:00,2023-08-22 11:07:00,LONG,1,15054.75,15028.5,-52.5,26.66,-0.985,entry,6.0
2023-08-22 11:39:00,2023-08-22 15:10:00,SHORT,1,15005.5,15002.25,6.5,22.84,0.142,entry,211.0
2023-08-22 15:22:00,2023-08-22 15:59:00,SHORT,1,14977.0,14960.25,33.5,23.62,0.709,entry,37.0
2023-08-23 09:45:00,2023-08-23 15:59:00,LONG,1,15045.25,15198.0,305.5,23.39,6.531,entry,374.0
2023-08-24 09:32:00,2023-08-24 15:59:00,SHORT,1,15279.5,14859.25,840.5,24.74,16.988,entry,387.0
2023-08-25 09:53:00,2023-08-25 10:06:00,LONG,1,14954.0,14914.25,-79.5,26.14,-1.52,entry,13.0
2023-08-25 10:07:00,2023-08-25 10:11:00,SHORT,1,14901.0,14937.25,-72.5,34.38,-1.054,entry,4.0
2023-08-25 10:13:00,2023-08-25 10:20:00,LONG,1,14995.25,14939.5,-111.5,61.62,-0.905,entry,7.0
2023-08-25 10:24:00,2023-08-25 11:39:00,SHORT,1,14905.25,14885.25,40.0,39.95,0.501,entry,75.0
2023-08-25 11:43:00,2023-08-25 12:29:00,SHORT,1,14858.75,14880.75,-44.0,25.52,-0.862,entry,46.0
2023-08-25 13:24:00,2023-08-25 13:53:00,SHORT,1,14852.5,14877.5,-50.0,25.12,-0.995,entry,29.0
2023-08-25 14:12:00,2023-08-25 15:59:00,LONG,1,14902.25,14977.5,150.5,25.4,2.962,entry,107.0
2023-08-28 09:33:00,2023-08-28 09:37:00,LONG,1,15103.0,15085.5,-35.0,24.96,-0.701,entry,4.0
2023-08-28 09:41:00,2023-08-28 10:15:00,SHORT,1,15060.0,15072.25,-24.5,25.19,-0.486,entry,34.0
2023-08-28 10:24:00,2023-08-28 10:39:00,LONG,1,15090.0,15058.75,-62.5,26.06,-1.199,entry,15.0
2023-08-28 10:41:00,2023-08-28 12:50:00,SHORT,1,15037.0,15047.0,-20.0,29.03,-0.344,entry,129.0
2023-08-28 12:57:00,2023-08-28 13:47:00,LONG,1,15068.75,15047.5,-42.5,25.0,-0.85,entry,50.0
2023-08-28 13:55:00,2023-08-28 14:54:00,SHORT,1,15010.25,15052.5,-84.5,37.99,-1.112,entry,59.0
2023-08-28 15:44:00,2023-08-28 15:59:00,LONG,1,15073.25,15090.25,34.0,27.39,0.621,entry,15.0
2023-08-29 09:42:00,2023-08-29 15:59:00,LONG,1,15127.0,15413.5,573.0,30.17,9.496,entry,377.0
2023-08-30 09:36:00,2023-08-30 09:39:00,SHORT,1,15387.25,15424.0,-73.5,33.93,-1.083,entry,3.0
2023-08-30 09:52:00,2023-08-30 10:20:00,LONG,1,15445.25,15441.0,-8.5,27.46,-0.155,entry,28.0
2023-08-30 10:24:00,2023-08-30 10:34:00,SHORT,1,15413.75,15446.75,-66.0,29.14,-1.132,entry,10.0
2023-08-30 10:56:00,2023-08-30 11:03:00,LONG,1,15470.75,15437.25,-67.0,32.64,-1.026,entry,7.0
2023-08-30 11:07:00,2023-08-30 14:07:00,LONG,1,15469.25,15457.0,-24.5,29.64,-0.413,entry,180.0
2023-08-30 14:37:00,2023-08-30 15:59:00,LONG,1,15484.0,15502.0,36.0,24.94,0.722,entry,82.0
2023-08-31 09:57:00,2023-08-31 10:52:00,LONG,1,15561.0,15554.25,-13.5,28.2,-0.239,entry,55.0
2023-08-31 10:59:00,2023-08-31 11:22:00,LONG,1,15582.5,15556.0,-53.0,26.51,-1.0,entry,23.0
2023-08-31 12:21:00,2023-08-31 13:15:00,SHORT,1,15531.5,15553.25,-43.5,26.61,-0.817,entry,54.0
2023-08-31 14:06:00,2023-08-31 14:44:00,LONG,1,15579.25,15555.5,-47.5,25.58,-0.928,entry,38.0
2023-08-31 15:42:00,2023-08-31 15:55:00,LONG,1,15581.0,15549.0,-64.0,24.28,-1.318,entry,13.0
2023-09-01 09:35:00,2023-09-01 10:04:00,SHORT,1,15596.0,15563.25,65.5,26.82,1.221,entry,29.0
2023-09-01 10:12:00,2023-09-01 10:25:00,LONG,1,15583.25,15562.5,-41.5,23.36,-0.888,entry,13.0
2023-09-01 10:33:00,2023-09-01 15:55:00,SHORT,1,15537.25,15524.5,25.5,25.23,0.505,entry,322.0
2023-09-04 10:35:00,2023-09-04 12:59:00,SHORT,1,15537.0,15523.75,26.5,24.93,0.532,entry,144.0
2023-09-05 09:40:00,2023-09-05 09:44:00,LONG,1,15503.25,15462.0,-82.5,25.81,-1.598,entry,4.0
2023-09-05 09:58:00,2023-09-05 10:10:00,SHORT,1,15455.5,15478.5,-46.0,22.9,-1.004,entry,12.0
2023-09-05 10:23:00,2023-09-05 15:59:00,LONG,1,15497.75,15533.75,72.0,21.93,1.642,entry,336.0
2023-09-06 09:45:00,2023-09-06 09:47:00,LONG,1,15506.5,15479.75,-53.5,23.97,-1.116,entry,2.0
2023-09-06 09:52:00,2023-09-06 09:59:00,LONG,1,15507.75,15482.75,-50.0,23.47,-1.065,entry,7.0
2023-09-06 10:00:00,2023-09-06 15:59:00,SHORT,1,15453.0,15398.0,110.0,29.99,1.834,entry,359.0
2023-09-07 09:39:00,2023-09-07 09:53:00,LONG,1,15207.25,15185.5,-43.5,21.92,-0.992,entry,14.0
2023-09-07 09:54:00,2023-09-07 10:10:00,SHORT,1,15175.25,15219.25,-88.0,23.84,-1.846,entry,16.0
2023-09-07 10:10:00,2023-09-07 10:32:00,LONG,1,15219.25,15192.25,-54.0,24.16,-1.117,reverse,22.0
2023-09-07 10:37:00,2023-09-07 11:51:00,LONG,1,15223.75,15215.5,-16.5,23.81,-0.346,entry,74.0
2023-09-07 12:14:00,2023-09-07 15:59:00,LONG,1,15239.25,15276.75,75.0,21.5,1.744,entry,225.0
2023-09-08 09:32:00,2023-09-08 09:55:00,LONG,1,15327.0,15338.75,23.5,21.89,0.537,entry,23.0
2023-09-08 10:05:00,2023-09-08 10:40:00,LONG,1,15369.0,15345.0,-48.0,29.99,-0.8,entry,35.0
2023-09-08 10:48:00,2023-09-08 11:20:00,SHORT,1,15326.0,15342.75,-33.5,22.15,-0.756,entry,32.0
2023-09-08 11:33:00,2023-09-08 11:57:00,LONG,1,15369.0,15343.0,-52.0,25.86,-1.006,entry,24.0
2023-09-08 12:36:00,2023-09-08 14:03:00,SHORT,1,15321.75,15341.0,-38.5,21.9,-0.879,entry,87.0
2023-09-08 14:11:00,2023-09-08 15:59:00,SHORT,1,15295.25,15295.25,-0.0,43.83,-0.0,entry,108.0
2023-09-11 09:38:00,2023-09-11 10:51:00,SHORT,1,15595.75,15583.5,24.5,30.72,0.399,entry,73.0
2023-09-11 10:57:00,2023-09-11 11:24:00,SHORT,1,15556.5,15583.5,-54.0,24.69,-1.094,entry,27.0
2023-09-11 13:04:00,2023-09-11 15:59:00,LONG,1,15601.0,15674.0,146.0,21.25,3.435,entry,175.0
2023-09-12 09:40:00,2023-09-12 10:21:00,LONG,1,15634.5,15626.5,-16.0,24.47,-0.327,entry,41.0
2023-09-12 10:25:00,2023-09-12 13:21:00,SHORT,1,15599.5,15588.5,22.0,27.98,0.393,entry,176.0
2023-09-12 13:24:00,2023-09-12 13:41:00,LONG,1,15611.5,15579.5,-64.0,23.71,-1.35,entry,17.0
2023-09-12 13:44:00,2023-09-12 15:59:00,SHORT,1,15564.5,15497.75,133.5,23.67,2.82,entry,135.0
2023-09-13 09:41:00,2023-09-13 09:46:00,LONG,1,15557.0,15532.25,-49.5,21.49,-1.151,entry,5.0
2023-09-13 09:55:00,2023-09-13 09:56:00,SHORT,1,15512.25,15540.0,-55.5,24.03,-1.155,entry,1.0
2023-09-13 10:04:00,2023-09-13 10:26:00,SHORT,1,15497.75,15529.0,-62.5,37.54,-0.832,entry,22.0
2023-09-13 10:31:00,2023-09-13 14:54:00,LONG,1,15540.75,15537.25,-7.0,22.54,-0.155,entry,263.0
2023-09-13 14:55:00,2023-09-13 14:58:00,SHORT,1,15528.0,15558.0,-60.0,25.82,-1.162,entry,3.0
2023-09-13 15:04:00,2023-09-13 15:31:00,SHORT,1,15529.75,15555.25,-51.0,23.81,-1.071,entry,27.0
2023-09-14 09:50:00,2023-09-14 10:30:00,SHORT,1,15577.75,15585.75,-16.0,26.08,-0.307,entry,40.0
2023-09-14 10:34:00,2023-09-14 15:59:00,LONG,1,15604.25,15672.5,136.5,22.21,3.072,entry,325.0
2023-09-15 09:32:00,2023-09-15 15:59:00,SHORT,1,15585.75,15390.75,390.0,23.71,8.224,entry,387.0
2023-09-18 09:33:00,2023-09-18 09:42:00,LONG,1,15398.5,15384.75,-27.5,25.72,-0.535,entry,9.0
2023-09-18 09:50:00,2023-09-18 10:07:00,LONG,1,15421.75,15387.25,-69.0,26.12,-1.321,entry,17.0
2023-09-18 10:11:00,2023-09-18 10:29:00,LONG,1,15426.75,15404.5,-44.5,26.68,-0.834,entry,18.0
2023-09-18 10:37:00,2023-09-18 10:57:00,SHORT,1,15373.5,15401.5,-56.0,30.65,-0.913,entry,20.0
2023-09-18 11:30:00,2023-09-18 14:50:00,LONG,1,15429.5,15411.75,-35.5,27.87,-0.637,entry,200.0
2023-09-18 14:54:00,2023-09-18 15:59:00,SHORT,1,15386.75,15413.25,-53.0,28.61,-0.926,entry,65.0
2023-09-19 09:41:00,2023-09-19 09:43:00,LONG,1,15369.75,15346.75,-46.0,23.88,-0.963,entry,2.0
2023-09-19 09:50:00,2023-09-19 12:56:00,SHORT,1,15319.75,15301.0,37.5,26.29,0.713,entry,186.0
2023-09-19 13:08:00,2023-09-19 15:59:00,LONG,1,15319.5,15377.25,115.5,21.94,2.632,entry,171.0
2023-09-20 09:40:00,2023-09-20 10:00:00,LONG,1,15417.25,15404.0,-26.5,21.26,-0.623,entry,20.0
2023-09-20 10:13:00,2023-09-20 12:38:00,SHORT,1,15380.5,15381.75,-2.5,25.03,-0.05,entry,145.0
2023-09-20 13:38:00,2023-09-20 14:31:00,SHORT,1,15357.0,15373.5,-33.0,23.1,-0.714,entry,53.0
2023-09-20 14:40:00,2023-09-20 15:59:00,SHORT,1,15344.75,15152.25,385.0,21.72,8.862,entry,79.0
2023-09-21 09:46:00,2023-09-21 10:09:00,SHORT,1,14971.75,14975.25,-7.0,25.77,-0.136,entry,23.0
2023-09-21 10:19:00,2023-09-21 10:24:00,LONG,1,14995.5,14974.5,-42.0,21.41,-0.981,entry,5.0
2023-09-21 10:38:00,2023-09-21 10:48:00,LONG,1,15008.0,14973.25,-69.5,33.22,-1.046,entry,10.0
2023-09-21 11:13:00,2023-09-21 12:52:00,SHORT,1,14955.0,14970.0,-30.0,21.31,-0.704,entry,99.0
2023-09-21 13:00:00,2023-09-21 13:07:00,SHORT,1,14945.75,14968.5,-45.5,22.35,-1.018,entry,7.0
2023-09-21 13:15:00,2023-09-21 14:01:00,LONG,1,14992.5,14969.25,-46.5,24.26,-0.958,entry,46.0
2023-09-21 14:23:00,2023-09-21 15:59:00,SHORT,1,14948.0,14861.75,172.5,21.38,4.035,entry,96.0
2023-09-22 09:40:00,2023-09-22 09:45:00,SHORT,1,14890.75,14925.5,-69.5,23.82,-1.459,entry,5.0
2023-09-22 09:46:00,2023-09-22 10:14:00,LONG,1,14937.25,14925.0,-24.5,23.02,-0.532,entry,28.0
2023-09-22 10:23:00,2023-09-22 13:20:00,LONG,1,14951.0,14956.25,10.5,23.95,0.219,entry,177.0
2023-09-22 13:25:00,2023-09-22 15:09:00,SHORT,1,14944.75,14956.0,-22.5,23.13,-0.486,entry,104.0
2023-09-22 15:41:00,2023-09-22 15:59:00,SHORT,1,14922.25,14866.75,111.0,29.13,1.905,entry,18.0
2023-09-25 09:37:00,2023-09-25 10:07:00,LONG,1,14834.5,14847.75,26.5,25.09,0.528,entry,30.0
2023-09-25 10:16:00,2023-09-25 10:19:00,LONG,1,14872.75,14849.5,-46.5,23.4,-0.994,entry,3.0
2023-09-25 10:26:00,2023-09-25 10:33:00,SHORT,1,14819.75,14849.75,-60.0,28.91,-1.038,entry,7.0
2023-09-25 10:59:00,2023-09-25 11:08:00,SHORT,1,14818.0,14850.0,-64.0,28.58,-1.12,entry,9.0
2023-09-25 11:09:00,2023-09-25 14:56:00,LONG,1,14873.5,14872.75,-1.5,27.22,-0.028,entry,227.0
2023-09-25 15:03:00,2023-09-25 15:16:00,SHORT,1,14849.5,14892.5,-86.0,23.57,-1.825,entry,13.0
2023-09-25 15:19:00,2023-09-25 15:59:00,LONG,1,14894.0,14936.75,85.5,21.29,2.008,entry,40.0
2023-09-26 09:38:00,2023-09-26 09:43:00,LONG,1,14845.75,14823.25,-45.0,24.24,-0.928,entry,5.0
2023-09-26 09:49:00,2023-09-26 10:43:00,SHORT,1,14799.5,14785.75,27.5,23.38,0.588,entry,54.0
2023-09-26 10:51:00,2023-09-26 12:24:00,SHORT,1,14756.25,14772.0,-31.5,27.03,-0.583,entry,93.0
2023-09-26 13:07:00,2023-09-26 13:08:00,SHORT,1,14746.25,14775.0,-57.5,23.92,-1.202,entry,1.0
2023-09-26 13:28:00,2023-09-26 15:59:00,SHORT,1,14745.75,14708.75,74.0,24.23,1.527,entry,151.0
2023-09-27 09:44:00,2023-09-27 09:49:00,LONG,1,14791.5,14771.75,-39.5,22.97,-0.86,entry,5.0
2023-09-27 10:01:00,2023-09-27 10:27:00,SHORT,1,14748.25,14766.5,-36.5,24.15,-0.756,entry,26.0
2023-09-27 10:42:00,2023-09-27 14:31:00,SHORT,1,14733.0,14701.25,63.5,23.05,1.377,entry,229.0
2023-09-27 14:35:00,2023-09-27 15:42:00,LONG,1,14722.0,14709.5,-25.0,24.15,-0.518,entry,67.0
2023-09-27 15:50:00,2023-09-27 15:59:00,LONG,1,14735.25,14743.75,17.0,24.57,0.346,entry,9.0
2023-09-28 09:34:00,2023-09-28 09:36:00,LONG,1,14708.5,14686.5,-44.0,22.89,-0.961,entry,2.0
2023-09-28 09:51:00,2023-09-28 10:30:00,LONG,1,14707.0,14701.5,-11.0,21.91,-0.251,entry,39.0
2023-09-28 10:31:00,2023-09-28 10:39:00,SHORT,1,14685.5,14726.5,-82.0,30.55,-1.342,entry,8.0
2023-09-28 10:43:00,2023-09-28 15:59:00,LONG,1,14746.0,14858.5,225.0,30.54,3.684,entry,316.0
2023-09-29 09:48:00,2023-09-29 10:18:00,LONG,1,15028.0,15013.25,-29.5,28.4,-0.519,entry,30.0
2023-09-29 10:24:00,2023-09-29 10:32:00,SHORT,1,14975.5,15011.5,-72.0,38.73,-0.93,entry,8.0
2023-09-29 11:04:00,2023-09-29 11:23:00,SHORT,1,14984.75,15006.25,-43.0,23.44,-0.917,entry,19.0
2023-09-29 11:27:00,2023-09-29 15:59:00,SHORT,1,14977.5,14868.25,218.5,27.38,3.99,entry,272.0
2023-10-02 09:33:00,2023-10-02 09:52:00,LONG,1,14904.0,14910.0,12.0,28.95,0.207,entry,19.0
2023-10-02 10:00:00,2023-10-02 10:14:00,LONG,1,14960.5,14928.0,-65.0,39.9,-0.815,entry,14.0
2023-10-02 10:18:00,2023-10-02 10:22:00,LONG,1,14969.25,14929.75,-79.0,33.8,-1.169,entry,4.0
2023-10-02 10:24:00,2023-10-02 10:29:00,LONG,1,14958.75,14932.5,-52.5,22.41,-1.171,entry,5.0
2023-10-02 10:30:00,2023-10-02 10:34:00,SHORT,1,14914.75,14937.5,-45.5,22.33,-1.019,entry,4.0
2023-10-02 10:52:00,2023-10-02 10:57:00,LONG,1,14969.5,14925.75,-87.5,32.3,-1.355,entry,5.0
2023-10-02 11:02:00,2023-10-02 11:48:00,LONG,1,14961.25,14952.75,-17.0,23.59,-0.36,entry,46.0
2023-10-02 11:53:00,2023-10-02 14:11:00,SHORT,1,14920.0,14939.25,-38.5,34.02,-0.566,entry,138.0
2023-10-02 14:20:00,2023-10-02 15:32:00,SHORT,1,14915.0,14936.0,-42.0,24.03,-0.874,entry,72.0
2023-10-02 15:54:00,2023-10-02 15:59:00,LONG,1,14969.75,14988.0,36.5,36.48,0.5,entry,5.0
2023-10-03 09:49:00,2023-10-03 10:00:00,LONG,1,14931.0,14897.5,-67.0,26.89,-1.246,entry,11.0
2023-10-03 10:02:00,2023-10-03 15:59:00,SHORT,1,14870.25,14719.5,301.5,45.38,3.322,entry,357.0
2023-10-04 09:38:00,2023-10-04 09:51:00,LONG,1,14824.25,14791.25,-66.0,33.55,-0.984,entry,13.0
2023-10-04 10:02:00,2023-10-04 10:19:00,SHORT,1,14765.0,14789.5,-49.0,34.38,-0.713,entry,17.0
2023-10-04 10:23:00,2023-10-04 10:34:00,SHORT,1,14755.25,14806.75,-103.0,33.14,-1.554,entry,11.0
2023-10-04 10:35:00,2023-10-04 10:48:00,LONG,1,14814.75,14778.0,-73.5,29.41,-1.25,entry,13.0
2023-10-04 11:00:00,2023-10-04 11:03:00,SHORT,1,14764.75,14789.75,-50.0,24.29,-1.029,entry,3.0
2023-10-04 11:11:00,2023-10-04 13:55:00,LONG,1,14817.25,14817.75,1.0,28.08,0.018,entry,164.0
2023-10-04 14:18:00,2023-10-04 14:24:00,LONG,1,14844.5,14812.0,-65.0,26.28,-1.237,entry,6.0
2023-10-04 14:29:00,2023-10-04 15:59:00,LONG,1,14842.5,14919.75,154.5,23.92,3.229,entry,90.0
2023-10-05 09:39:00,2023-10-05 11:55:00,SHORT,1,14882.0,14792.5,179.0,23.79,3.762,entry,136.0
2023-10-05 11:58:00,2023-10-05 12:05:00,SHORT,1,14767.5,14794.5,-54.0,24.75,-1.091,entry,7.0
2023-10-05 12:27:00,2023-10-05 12:46:00,LONG,1,14817.5,14793.75,-47.5,24.61,-0.965,entry,19.0
2023-10-05 13:34:00,2023-10-05 15:59:00,LONG,1,14817.5,14866.0,97.0,23.07,2.102,entry,145.0
2023-10-06 09:32:00,2023-10-06 09:34:00,LONG,1,14797.0,14766.25,-61.5,22.79,-1.349,entry,2.0
2023-10-06 09:37:00,2023-10-06 09:45:00,SHORT,1,14743.75,14779.25,-71.0,28.29,-1.255,entry,8.0
2023-10-06 09:46:00,2023-10-06 09:49:00,LONG,1,14788.0,14741.25,-93.5,28.26,-1.654,entry,3.0
2023-10-06 09:56:00,2023-10-06 09:58:00,SHORT,1,14727.25,14758.0,-61.5,31.46,-0.977,entry,2.0
2023-10-06 10:03:00,2023-10-06 10:12:00,SHORT,1,14723.25,14754.25,-62.0,33.32,-0.93,entry,9.0
2023-10-06 10:13:00,2023-10-06 15:59:00,LONG,1,14780.0,15113.25,666.5,26.71,12.475,entry,346.0
2023-10-09 09:42:00,2023-10-09 10:03:00,LONG,1,15020.5,15008.0,-25.0,33.98,-0.368,entry,21.0
2023-10-09 10:10:00,2023-10-09 10:37:00,LONG,1,15038.25,15010.75,-55.0,27.49,-1.0,entry,27.0
2023-10-09 10:49:00,2023-10-09 11:23:00,SHORT,1,14981.25,15013.5,-64.5,34.04,-0.947,entry,34.0
2023-10-09 11:30:00,2023-10-09 15:59:00,LONG,1,15039.5,15190.75,302.5,28.07,5.388,entry,269.0
2023-10-10 09:59:00,2023-10-10 13:05:00,LONG,1,15240.5,15287.0,93.0,33.26,1.398,entry,186.0
2023-10-10 13:12:00,2023-10-10 13:37:00,SHORT,1,15271.25,15297.75,-53.0,27.49,-0.964,entry,25.0
2023-10-10 14:25:00,2023-10-10 14:48:00,SHORT,1,15268.0,15310.75,-85.5,27.87,-1.534,entry,23.0
2023-10-10 14:54:00,2023-10-10 15:16:00,SHORT,1,15268.0,15295.0,-54.0,27.22,-0.992,entry,22.0
2023-10-10 15:54:00,2023-10-10 15:59:00,SHORT,1,15267.0,15270.25,-6.5,27.1,-0.12,entry,5.0
2023-10-11 09:50:00,2023-10-11 10:39:00,SHORT,1,15333.25,15339.5,-12.5,25.65,-0.244,entry,49.0
2023-10-11 10:47:00,2023-10-11 10:51:00,SHORT,1,15309.0,15344.75,-71.5,28.67,-1.247,entry,4.0
2023-10-11 11:00:00,2023-10-11 11:17:00,LONG,1,15365.5,15340.0,-51.0,26.61,-0.958,entry,17.0
2023-10-11 11:27:00,2023-10-11 14:24:00,SHORT,1,15317.0,15328.25,-22.5,24.28,-0.463,entry,177.0
2023-10-11 15:39:00,2023-10-11 15:59:00,LONG,1,15352.5,15377.0,49.0,30.39,0.806,entry,20.0
2023-10-12 09:42:00,2023-10-12 09:53:00,SHORT,1,15369.0,15388.0,-38.0,23.7,-0.802,entry,11.0
2023-10-12 10:06:00,2023-10-12 10:44:00,LONG,1,15423.25,15403.0,-40.5,35.27,-0.574,entry,38.0
2023-10-12 10:48:00,2023-10-12 11:02:00,LONG,1,15433.5,15408.75,-49.5,24.62,-1.005,entry,14.0
2023-10-12 11:11:00,2023-10-12 11:30:00,LONG,1,15437.25,15414.25,-46.0,26.84,-0.857,entry,19.0
2023-10-12 11:56:00,2023-10-12 13:01:00,LONG,1,15438.75,15415.5,-46.5,23.61,-0.985,entry,65.0
2023-10-12 13:03:00,2023-10-12 15:59:00,SHORT,1,15384.0,15315.25,137.5,36.64,1.877,entry,176.0
2023-10-13 09:36:00,2023-10-13 09:39:00,SHORT,1,15305.5,15337.25,-63.5,32.15,-0.988,entry,3.0
2023-10-13 09:56:00,2023-10-13 10:00:00,LONG,1,15359.5,15304.0,-111.0,23.82,-2.33,entry,4.0
2023-10-13 10:00:00,2023-10-13 15:59:00,SHORT,1,15304.0,15121.5,365.0,30.77,5.93,reverse,359.0
2023-10-16 09:33:00,2023-10-16 09:43:00,LONG,1,15222.0,15216.75,-10.5,26.55,-0.198,entry,10.0
2023-10-16 09:49:00,2023-10-16 09:59:00,SHORT,1,15190.0,15227.5,-75.0,27.41,-1.368,entry,10.0
2023-10-16 10:10:00,2023-10-16 12:03:00,LONG,1,15244.5,15258.0,27.0,27.11,0.498,entry,113.0
2023-10-16 12:30:00,2023-10-16 13:20:00,LONG,1,15287.5,15241.75,-91.5,27.2,-1.682,entry,50.0
2023-10-16 13:23:00,2023-10-16 13:28:00,SHORT,1,15236.5,15265.75,-58.5,26.97,-1.085,entry,5.0
2023-10-16 13:40:00,2023-10-16 15:59:00,LONG,1,15290.5,15293.5,6.0,27.4,0.109,entry,139.0
2023-10-17 09:45:00,2023-10-17 10:06:00,SHORT,1,15083.0,15107.75,-49.5,36.9,-0.671,entry,21.0
2023-10-17 10:07:00,2023-10-17 14:54:00,LONG,1,15128.5,15188.75,120.5,27.44,2.196,entry,287.0
2023-10-17 15:20:00,2023-10-17 15:59:00,LONG,1,15225.5,15241.0,31.0,26.6,0.583,entry,39.0
2023-10-18 09:33:00,2023-10-18 09:37:00,LONG,1,15171.5,15153.75,-35.5,27.52,-0.645,entry,4.0
2023-10-18 10:06:00,2023-10-18 10:10:00,LONG,1,15178.5,15154.75,-47.5,24.72,-0.961,entry,4.0
2023-10-18 10:18:00,2023-10-18 10:29:00,LONG,1,15181.75,15157.5,-48.5,25.81,-0.94,entry,11.0
2023-10-18 10:33:00,2023-10-18 11:25:00,SHORT,1,15136.5,15150.25,-27.5,25.94,-0.53,entry,52.0
2023-10-18 11:45:00,2023-10-18 11:55:00,SHORT,1,15122.25,15148.25,-52.0,24.33,-1.069,entry,10.0
2023-10-18 12:01:00,2023-10-18 12:04:00,SHORT,1,15116.75,15167.5,-101.5,28.98,-1.751,entry,3.0
2023-10-18 12:21:00,2023-10-18 13:11:00,SHORT,1,15120.0,15148.0,-56.0,25.86,-1.083,entry,50.0
2023-10-18 13:16:00,2023-10-18 13:27:00,LONG,1,15164.25,15139.75,-49.0,24.05,-1.019,entry,11.0
2023-10-18 13:33:00,2023-10-18 15:59:00,SHORT,1,15112.25,15023.5,177.5,28.08,3.161,entry,146.0
2023-10-19 09:36:00,2023-10-19 09:53:00,SHORT,1,15056.5,15064.0,-15.0,31.86,-0.235,entry,17.0
2023-10-19 10:10:00,2023-10-19 10:17:00,LONG,1,15086.0,15062.0,-48.0,27.29,-0.879,entry,7.0
2023-10-19 10:28:00,2023-10-19 11:44:00,SHORT,1,15021.5,15044.75,-46.5,40.05,-0.581,entry,76.0
2023-10-19 12:01:00,2023-10-19 12:14:00,LONG,1,15084.75,15043.25,-83.0,43.01,-0.965,entry,13.0
2023-10-19 12:18:00,2023-10-19 12:27:00,LONG,1,15077.5,15039.0,-77.0,31.55,-1.22,entry,9.0
2023-10-19 12:31:00,2023-10-19 12:53:00,SHORT,1,15021.0,15054.0,-66.0,28.67,-1.151,entry,22.0
2023-10-19 13:00:00,2023-10-19 13:34:00,LONG,1,15063.75,15043.25,-41.0,26.21,-0.782,entry,34.0
2023-10-19 13:36:00,2023-10-19 15:59:00,SHORT,1,15015.5,14885.75,259.5,27.64,4.694,entry,143.0
2023-10-20 09:41:00,2023-10-20 09:51:00,LONG,1,14873.0,14845.5,-55.0,33.5,-0.821,entry,10.0
2023-10-20 10:08:00,2023-10-20 12:58:00,SHORT,1,14820.0,14772.5,95.0,27.95,1.699,entry,170.0
2023-10-20 13:09:00,2023-10-20 13:16:00,SHORT,1,14736.75,14772.0,-70.5,25.22,-1.398,entry,7.0
2023-10-20 13:19:00,2023-10-20 13:46:00,LONG,1,14796.75,14759.75,-74.0,34.56,-1.071,entry,27.0
2023-10-20 14:12:00,2023-10-20 15:59:00,SHORT,1,14735.0,14661.25,147.5,28.26,2.61,entry,107.0
2023-10-23 09:35:00,2023-10-23 09:48:00,SHORT,1,14565.5,14584.0,-37.0,31.44,-0.588,entry,13.0
2023-10-23 09:49:00,2023-10-23 15:53:00,LONG,1,14599.5,14709.0,219.0,32.88,3.33,entry,364.0
2023-10-24 09:40:00,2023-10-24 09:45:00,LONG,1,14828.75,14785.0,-87.5,30.04,-1.456,entry,5.0
2023-10-24 09:49:00,2023-10-24 09:56:00,SHORT,1,14773.5,14801.5,-56.0,25.72,-1.089,entry,7.0
2023-10-24 09:59:00,2023-10-24 10:03:00,LONG,1,14827.5,14789.75,-75.5,29.9,-1.263,entry,4.0
2023-10-24 10:08:00,2023-10-24 10:19:00,LONG,1,14829.5,14787.5,-84.0,30.0,-1.4,entry,11.0
2023-10-24 10:24:00,2023-10-24 11:21:00,LONG,1,14832.25,14801.25,-62.0,29.76,-1.042,entry,57.0
2023-10-24 11:35:00,2023-10-24 11:59:00,SHORT,1,14788.25,14821.5,-66.5,28.85,-1.153,entry,24.0
2023-10-24 12:16:00,2023-10-24 14:25:00,SHORT,1,14784.5,14798.5,-28.0,30.17,-0.464,entry,129.0
2023-10-24 14:32:00,2023-10-24 15:59:00,LONG,1,14828.5,14846.25,35.5,32.65,0.544,entry,87.0
2023-10-25 09:34:00,2023-10-25 10:39:00,SHORT,1,14672.25,14656.75,31.0,30.81,0.503,entry,65.0
2023-10-25 10:47:00,2023-10-25 10:51:00,LONG,1,14669.75,14639.0,-61.5,26.47,-1.162,entry,4.0
2023-10-25 11:03:00,2023-10-25 11:22:00,LONG,1,14668.0,14628.0,-80.0,24.57,-1.628,entry,19.0
2023-10-25 11:24:00,2023-10-25 15:59:00,SHORT,1,14620.25,14476.25,288.0,25.07,5.744,entry,275.0
2023-10-26 09:33:00,2023-10-26 09:34:00,LONG,1,14457.75,14426.75,-62.0,29.39,-1.055,entry,1.0
2023-10-26 09:38:00,2023-10-26 09:43:00,SHORT,1,14397.25,14420.0,-45.5,30.38,-0.749,entry,5.0
2023-10-26 09:47:00,2023-10-26 10:47:00,SHORT,1,14379.25,14356.25,46.0,36.45,0.631,entry,60.0
2023-10-26 11:03:00,2023-10-26 14:33:00,SHORT,1,14324.0,14285.5,77.0,26.3,1.464,entry,210.0
2023-10-26 14:59:00,2023-10-26 15:11:00,LONG,1,14318.0,14281.75,-72.5,37.08,-0.978,entry,12.0
2023-10-26 15:34:00,2023-10-26 15:59:00,SHORT,1,14247.75,14194.5,106.5,33.69,1.581,entry,25.0
2023-10-27 09:49:00,2023-10-27 09:51:00,SHORT,1,14296.5,14324.25,-55.5,28.48,-0.974,entry,2.0
2023-10-27 09:54:00,2023-10-27 09:57:00,SHORT,1,14292.25,14326.0,-67.5,30.13,-1.12,entry,3.0
2023-10-27 10:05:00,2023-10-27 10:09:00,LONG,1,14348.0,14309.25,-77.5,26.83,-1.444,entry,4.0
2023-10-27 10:13:00,2023-10-27 10:18:00,LONG,1,14357.25,14323.75,-67.0,34.43,-0.973,entry,5.0
2023-10-27 10:41:00,2023-10-27 10:52:00,SHORT,1,14288.75,14322.75,-68.0,35.83,-0.949,entry,11.0
2023-10-27 11:05:00,2023-10-27 12:26:00,LONG,1,14355.75,14330.0,-51.5,33.28,-0.774,entry,81.0
2023-10-27 12:50:00,2023-10-27 15:59:00,SHORT,1,14299.75,14266.0,67.5,37.26,0.906,entry,189.0
2023-10-30 09:34:00,2023-10-30 10:03:00,LONG,1,14396.25,14422.25,52.0,30.73,0.846,entry,29.0
2023-10-30 10:17:00,2023-10-30 11:06:00,SHORT,1,14378.25,14391.25,-26.0,42.99,-0.302,entry,49.0
2023-10-30 11:14:00,2023-10-30 11:52:00,SHORT,1,14360.25,14386.75,-53.0,28.69,-0.924,entry,38.0
2023-10-30 12:23:00,2023-10-30 13:26:00,SHORT,1,14349.0,14378.5,-59.0,32.93,-0.896,entry,63.0
2023-10-30 13:30:00,2023-10-30 15:59:00,LONG,1,14412.75,14418.75,12.0,37.18,0.161,entry,149.0
2023-10-31 09:35:00,2023-10-31 10:07:00,SHORT,1,14357.5,14363.0,-11.0,35.51,-0.155,entry,32.0
2023-10-31 10:10:00,2023-10-31 10:37:00,LONG,1,14384.25,14355.0,-58.5,31.57,-0.927,entry,27.0
2023-10-31 10:43:00,2023-10-31 11:30:00,LONG,1,14393.0,14376.25,-33.5,26.3,-0.637,entry,47.0
2023-10-31 11:34:00,2023-10-31 11:42:00,LONG,1,14407.0,14372.5,-69.0,27.76,-1.243,entry,8.0
2023-10-31 11:59:00,2023-10-31 12:14:00,LONG,1,14414.5,14376.25,-76.5,34.38,-1.113,entry,15.0
2023-10-31 12:31:00,2023-10-31 15:59:00,LONG,1,14410.25,14489.5,158.5,28.96,2.736,entry,208.0
2023-11-01 09:43:00,2023-11-01 09:58:00,LONG,1,14565.0,14545.5,-39.0,26.83,-0.727,entry,15.0
2023-11-01 10:20:00,2023-11-01 11:22:00,LONG,1,14591.5,14585.0,-13.0,36.86,-0.176,entry,62.0
2023-11-01 11:55:00,2023-11-01 12:18:00,LONG,1,14612.0,14585.25,-53.5,25.68,-1.041,entry,23.0
2023-11-01 13:12:00,2023-11-01 13:32:00,LONG,1,14614.25,14585.5,-57.5,26.5,-1.085,entry,20.0
2023-11-01 14:00:00,2023-11-01 14:14:00,LONG,1,14630.75,14585.5,-90.5,41.77,-1.083,entry,14.0
2023-11-01 14:28:00,2023-11-01 14:41:00,LONG,1,14621.25,14580.75,-81.0,31.14,-1.3,entry,13.0
2023-11-01 14:53:00,2023-11-01 15:59:00,LONG,1,14625.0,14742.75,235.5,31.11,3.785,entry,66.0
2023-11-02 10:07:00,2023-11-02 10:27:00,SHORT,1,14888.5,14914.25,-51.5,33.42,-0.771,entry,20.0
2023-11-02 10:40:00,2023-11-02 12:17:00,LONG,1,14945.5,14927.0,-37.0,30.05,-0.616,entry,97.0
2023-11-02 12:38:00,2023-11-02 15:59:00,LONG,1,14955.25,14999.5,88.5,26.03,1.7,entry,201.0
2023-11-03 09:44:00,2023-11-03 10:06:00,LONG,1,15094.5,15096.75,4.5,29.4,0.077,entry,22.0
2023-11-03 10:26:00,2023-11-03 10:38:00,SHORT,1,15062.75,15096.75,-68.0,34.85,-0.976,entry,12.0
2023-11-03 11:31:00,2023-11-03 15:59:00,LONG,1,15131.0,15174.5,87.0,34.59,1.257,entry,268.0
2023-11-06 10:03:00,2023-11-06 10:22:00,SHORT,1,15196.5,15224.25,-55.5,25.84,-1.074,entry,19.0
2023-11-06 10:41:00,2023-11-06 10:47:00,LONG,1,15243.5,15211.75,-63.5,25.67,-1.237,entry,6.0
2023-11-06 12:46:00,2023-11-06 14:52:00,SHORT,1,15191.75,15204.5,-25.5,25.31,-0.504,entry,126.0
2023-11-07 09:34:00,2023-11-07 09:42:00,SHORT,1,15237.25,15256.75,-39.0,26.61,-0.733,entry,8.0
2023-11-07 09:54:00,2023-11-07 15:59:00,LONG,1,15281.75,15375.25,187.0,26.02,3.594,entry,365.0
2023-11-08 10:02:00,2023-11-08 13:28:00,SHORT,1,15362.5,15356.75,11.5,32.31,0.178,entry,206.0
2023-11-08 14:23:00,2023-11-08 14:58:00,LONG,1,15382.0,15353.75,-56.5,24.96,-1.132,entry,35.0
2023-11-08 15:43:00,2023-11-08 15:59:00,LONG,1,15392.25,15383.75,-17.0,33.72,-0.252,entry,16.0
2023-11-09 09:57:00,2023-11-09 10:05:00,LONG,1,15412.75,15389.0,-47.5,25.06,-0.948,entry,8.0
2023-11-09 10:07:00,2023-11-09 10:17:00,SHORT,1,15355.5,15390.5,-70.0,34.92,-1.002,entry,10.0
2023-11-09 10:26:00,2023-11-09 10:51:00,SHORT,1,15363.0,15383.5,-41.0,23.22,-0.883,entry,25.0
2023-11-09 11:05:00,2023-11-09 12:28:00,LONG,1,15413.75,15394.0,-39.5,31.6,-0.625,entry,83.0
2023-11-09 13:02:00,2023-11-09 13:36:00,SHORT,1,15351.75,15392.0,-80.5,42.6,-0.945,entry,34.0
2023-11-09 13:42:00,2023-11-09 15:59:00,SHORT,1,15354.5,15258.75,191.5,30.54,3.135,entry,137.0
2023-11-10 09:40:00,2023-11-10 10:02:00,LONG,1,15352.75,15344.0,-17.5,24.92,-0.351,entry,22.0
2023-11-10 10:40:00,2023-11-10 10:47:00,SHORT,1,15323.25,15359.5,-72.5,26.1,-1.389,entry,7.0
2023-11-10 10:59:00,2023-11-10 15:59:00,LONG,1,15373.75,15597.25,447.0,23.86,9.368,entry,300.0
2023-11-13 09:37:00,2023-11-13 10:06:00,SHORT,1,15497.25,15503.0,-11.5,24.08,-0.239,entry,29.0
2023-11-13 10:31:00,2023-11-13 15:59:00,LONG,1,15527.25,15547.75,41.0,24.87,0.824,entry,328.0
2023-11-14 09:43:00,2023-11-14 11:51:00,LONG,1,15850.25,15845.0,-10.5,29.37,-0.179,entry,128.0
2023-11-14 13:05:00,2023-11-14 13:58:00,LONG,1,15882.25,15854.5,-55.5,26.44,-1.049,entry,53.0
2023-11-14 14:06:00,2023-11-14 14:30:00,SHORT,1,15827.5,15860.5,-66.0,29.31,-1.126,entry,24.0
2023-11-14 14:50:00,2023-11-14 15:59:00,LONG,1,15885.5,15878.75,-13.5,28.83,-0.234,entry,69.0
2023-11-15 09:52:00,2023-11-15 10:16:00,SHORT,1,15917.25,15936.0,-37.5,30.65,-0.612,entry,24.0
2023-11-15 10:50:00,2023-11-15 11:06:00,LONG,1,15970.75,15939.75,-62.0,32.19,-0.963,entry,16.0
2023-11-15 11:41:00,2023-11-15 14:31:00,SHORT,1,15915.25,15920.25,-10.0,27.05,-0.185,entry,170.0
2023-11-15 15:07:00,2023-11-15 15:59:00,SHORT,1,15893.5,15890.5,6.0,26.03,0.115,entry,52.0
2023-11-16 09:48:00,2023-11-16 10:17:00,LONG,1,15874.75,15858.25,-33.0,27.14,-0.608,entry,29.0
2023-11-16 10:35:00,2023-11-16 12:06:00,SHORT,1,15837.0,15853.25,-32.5,29.76,-0.546,entry,91.0
2023-11-16 12:23:00,2023-11-16 13:22:00,LONG,1,15874.25,15849.0,-50.5,23.78,-1.062,entry,59.0
2023-11-16 14:43:00,2023-11-16 15:59:00,LONG,1,15879.0,15897.25,36.5,23.94,0.762,entry,76.0
2023-11-17 11:05:00,2023-11-17 11:13:00,SHORT,1,15826.5,15856.75,-60.5,30.12,-1.004,entry,8.0
2023-11-17 11:59:00,2023-11-17 15:48:00,LONG,1,15879.75,15874.0,-11.5,23.28,-0.247,entry,229.0
2023-11-17 15:57:00,2023-11-17 15:59:00,LONG,1,15900.0,15897.5,-5.0,23.28,-0.107,entry,2.0
2023-11-20 09:34:00,2023-11-20 09:45:00,LONG,1,15960.75,15952.5,-16.5,23.94,-0.345,entry,11.0
2023-11-20 09:51:00,2023-11-20 10:21:00,LONG,1,15986.75,15965.25,-43.0,28.94,-0.743,entry,30.0
2023-11-20 10:23:00,2023-11-20 10:42:00,SHORT,1,15943.75,15970.5,-53.5,25.82,-1.036,entry,19.0
2023-11-20 10:57:00,2023-11-20 15:59:00,LONG,1,15993.75,16088.5,189.5,25.78,3.675,entry,302.0
2023-11-21 10:21:00,2023-11-21 12:13:00,SHORT,1,15960.75,15967.75,-14.0,34.4,-0.203,entry,112.0
2023-11-21 12:57:00,2023-11-21 13:03:00,LONG,1,15988.75,15966.0,-45.5,22.89,-0.994,entry,6.0
2023-11-21 15:01:00,2023-11-21 15:59:00,LONG,1,15990.5,15988.5,-4.0,23.45,-0.085,entry,58.0
2023-11-22 09:34:00,2023-11-22 09:46:00,LONG,1,16137.25,16132.0,-10.5,23.39,-0.225,entry,12.0
2023-11-22 09:51:00,2023-11-22 10:35:00,SHORT,1,16105.5,16092.5,26.0,28.36,0.458,entry,44.0
2023-11-22 10:52:00,2023-11-22 11:48:00,SHORT,1,16050.0,16078.5,-57.0,33.81,-0.843,entry,56.0
2023-11-22 13:30:00,2023-11-22 14:30:00,LONG,1,16102.75,16075.5,-54.5,23.66,-1.152,entry,60.0
2023-11-22 14:36:00,2023-11-22 15:59:00,SHORT,1,16054.75,16048.0,13.5,25.09,0.269,entry,83.0
2023-11-24 09:33:00,2023-11-24 09:37:00,LONG,1,16050.75,16030.5,-40.5,25.01,-0.81,entry,4.0
2023-11-24 10:16:00,2023-11-24 11:36:00,SHORT,1,15997.75,16015.5,-35.5,24.97,-0.711,entry,80.0
2023-11-27 09:32:00,2023-11-27 09:39:00,SHORT,1,15998.5,16002.5,-8.0,22.6,-0.177,entry,7.0
2023-11-27 10:08:00,2023-11-27 10:23:00,LONG,1,16033.0,16009.25,-47.5,28.68,-0.828,entry,15.0
2023-11-27 10:32:00,2023-11-27 11:05:00,LONG,1,16030.0,16011.5,-37.0,19.64,-0.942,entry,33.0
2023-11-27 11:36:00,2023-11-27 14:39:00,LONG,1,16039.0,16030.75,-16.5,21.35,-0.386,entry,183.0
2023-11-27 14:43:00,2023-11-27 15:20:00,SHORT,1,16007.75,16033.5,-51.5,25.48,-1.011,entry,37.0
2023-11-27 15:55:00,2023-11-27 15:59:00,SHORT,1,16008.0,16007.5,1.0,23.98,0.021,entry,4.0
2023-11-28 09:44:00,2023-11-28 09:48:00,SHORT,1,15968.25,15989.75,-43.0,19.14,-1.123,entry,4.0
2023-11-28 09:54:00,2023-11-28 10:03:00,SHORT,1,15960.25,15992.25,-64.0,23.55,-1.359,entry,9.0
2023-11-28 10:39:00,2023-11-28 13:02:00,LONG,1,16010.75,16003.25,-15.0,26.26,-0.286,entry,143.0
2023-11-28 13:03:00,2023-11-28 13:48:00,SHORT,1,15991.5,16012.0,-41.0,20.38,-1.006,entry,45.0
2023-11-28 14:32:00,2023-11-28 14:39:00,SHORT,1,15987.25,16010.5,-46.5,21.73,-1.07,entry,7.0
2023-11-28 15:49:00,2023-11-28 15:59:00,LONG,1,16029.0,16048.0,38.0,19.66,0.966,entry,10.0
2023-11-29 09:34:00,2023-11-29 10:02:00,LONG,1,16187.5,16186.5,-2.0,18.11,-0.055,entry,28.0
2023-11-29 10:04:00,2023-11-29 15:59:00,SHORT,1,16161.75,16026.0,271.5,25.85,5.251,entry,355.0
2023-11-30 09:38:00,2023-11-30 10:16:00,SHORT,1,15998.25,15985.75,25.0,30.78,0.406,entry,38.0
2023-11-30 10:26:00,2023-11-30 15:44:00,SHORT,1,15961.0,15927.25,67.5,18.34,1.84,entry,318.0
2023-11-30 15:51:00,2023-11-30 15:59:00,LONG,1,15951.0,15981.0,60.0,24.34,1.233,entry,8.0
2023-12-01 09:34:00,2023-12-01 09:39:00,SHORT,1,15892.75,15915.5,-45.5,19.33,-1.177,entry,5.0
2023-12-01 09:43:00,2023-12-01 09:50:00,LONG,1,15934.5,15912.0,-45.0,24.64,-0.913,entry,7.0
2023-12-01 10:01:00,2023-12-01 10:14:00,LONG,1,15941.25,15915.0,-52.5,24.5,-1.071,entry,13.0
2023-12-01 10:15:00,2023-12-01 10:46:00,SHORT,1,15902.25,15913.75,-23.0,19.11,-0.602,entry,31.0
2023-12-01 11:03:00,2023-12-01 15:59:00,LONG,1,15931.5,16025.0,187.0,18.5,5.055,entry,296.0
2023-12-04 09:44:00,2023-12-04 09:54:00,SHORT,1,15834.75,15852.75,-36.0,20.99,-0.858,entry,10.0
2023-12-04 10:15:00,2023-12-04 11:50:00,SHORT,1,15816.0,15803.5,25.0,32.64,0.383,entry,95.0
2023-12-04 11:57:00,2023-12-04 14:03:00,LONG,1,15820.5,15809.25,-22.5,22.81,-0.493,entry,126.0
2023-12-04 14:13:00,2023-12-04 15:59:00,LONG,1,15828.0,15871.25,86.5,18.31,2.362,entry,106.0
2023-12-05 09:36:00,2023-12-05 09:40:00,LONG,1,15826.25,15803.0,-46.5,23.86,-0.974,entry,4.0
2023-12-05 09:43:00,2023-12-05 11:17:00,LONG,1,15834.25,15887.0,105.5,24.93,2.116,entry,94.0
2023-12-05 11:20:00,2023-12-05 11:26:00,SHORT,1,15865.25,15893.5,-56.5,21.55,-1.311,entry,6.0
2023-12-05 11:52:00,2023-12-05 12:06:00,SHORT,1,15860.5,15885.25,-49.5,25.84,-0.958,entry,14.0
2023-12-05 12:41:00,2023-12-05 13:20:00,SHORT,1,15857.5,15886.0,-57.0,26.41,-1.079,entry,39.0
2023-12-05 14:06:00,2023-12-05 14:11:00,SHORT,1,15859.25,15881.25,-44.0,21.59,-1.019,entry,5.0
2023-12-05 14:19:00,2023-12-05 14:31:00,LONG,1,15901.25,15879.5,-43.5,20.34,-1.069,entry,12.0
2023-12-05 15:11:00,2023-12-05 15:59:00,LONG,1,15901.0,15912.0,22.0,19.83,0.555,entry,48.0
2023-12-06 09:33:00,2023-12-06 10:14:00,SHORT,1,15981.25,15958.5,45.5,20.11,1.131,entry,41.0
2023-12-06 10:21:00,2023-12-06 11:12:00,SHORT,1,15934.75,15943.75,-18.0,23.34,-0.386,entry,51.0
2023-12-06 11:22:00,2023-12-06 15:59:00,SHORT,1,15910.0,15815.0,190.0,31.78,2.99,entry,277.0
2023-12-07 09:34:00,2023-12-07 09:42:00,LONG,1,15963.5,15943.5,-40.0,25.73,-0.777,entry,8.0
2023-12-07 09:47:00,2023-12-07 10:11:00,SHORT,1,15919.75,15943.5,-47.5,26.64,-0.892,entry,24.0
2023-12-07 10:13:00,2023-12-07 11:16:00,LONG,1,15956.75,15951.5,-10.5,22.68,-0.231,entry,63.0
2023-12-07 11:30:00,2023-12-07 15:59:00,LONG,1,15978.25,16035.25,114.0,21.98,2.594,entry,269.0
2023-12-08 09:41:00,2023-12-08 09:53:00,LONG,1,15999.25,15986.75,-25.0,24.24,-0.516,entry,12.0
2023-12-08 10:00:00,2023-12-08 10:38:00,LONG,1,16031.0,16026.5,-9.0,41.39,-0.109,entry,38.0
2023-12-08 10:47:00,2023-12-08 11:17:00,LONG,1,16054.75,16031.25,-47.0,21.99,-1.069,entry,30.0
2023-12-08 11:38:00,2023-12-08 12:20:00,SHORT,1,16012.25,16040.25,-56.0,30.25,-0.926,entry,42.0
2023-12-08 12:42:00,2023-12-08 15:59:00,LONG,1,16061.0,16098.75,75.5,20.44,1.847,entry,197.0
2023-12-11 09:33:00,2023-12-11 09:35:00,LONG,1,16330.25,16304.5,-51.5,31.33,-0.822,entry,2.0
2023-12-11 09:38:00,2023-12-11 11:13:00,LONG,1,16348.25,16350.0,3.5,38.63,0.045,entry,95.0
2023-12-11 12:03:00,2023-12-11 15:59:00,LONG,1,16381.0,16447.75,133.5,25.12,2.657,entry,236.0
2023-12-12 09:51:00,2023-12-12 15:59:00,LONG,1,16444.75,16577.5,265.5,20.98,6.326,entry,368.0
2023-12-13 09:37:00,2023-12-13 09:43:00,LONG,1,16654.25,16628.5,-51.5,20.11,-1.28,entry,6.0
2023-12-13 09:47:00,2023-12-13 10:10:00,SHORT,1,16610.75,16628.25,-35.0,23.47,-0.745,entry,23.0
2023-12-13 11:23:00,2023-12-13 14:00:00,SHORT,1,16606.5,16647.5,-82.0,20.93,-1.959,entry,157.0
2023-12-13 14:00:00,2023-12-13 15:59:00,LONG,1,16647.5,16779.5,264.0,30.47,4.333,reverse,119.0
2023-12-14 09:46:00,2023-12-14 09:50:00,LONG,1,16863.5,16839.5,-48.0,20.6,-1.165,entry,4.0
2023-12-14 09:56:00,2023-12-14 09:58:00,LONG,1,16870.0,16845.0,-50.0,23.59,-1.06,entry,2.0
2023-12-14 10:01:00,2023-12-14 12:29:00,SHORT,1,16825.5,16807.75,35.5,20.9,0.849,entry,148.0
2023-12-14 12:52:00,2023-12-14 15:59:00,SHORT,1,16785.75,16755.5,60.5,21.58,1.402,entry,187.0
2023-12-15 09:42:00,2023-12-15 09:46:00,LONG,1,16836.75,16812.0,-49.5,27.28,-0.907,entry,4.0
2023-12-15 10:05:00,2023-12-15 12:37:00,LONG,1,16837.75,16835.75,-4.0,21.7,-0.092,entry,152.0
2023-12-15 12:47:00,2023-12-15 13:30:00,SHORT,1,16813.75,16840.5,-53.5,27.26,-0.981,entry,43.0
2023-12-15 13:38:00,2023-12-15 15:24:00,SHORT,1,16815.75,16829.5,-27.5,21.98,-0.626,entry,106.0
2023-12-15 15:51:00,2023-12-15 15:59:00,LONG,1,16857.0,16819.75,-74.5,28.46,-1.309,entry,8.0
2023-12-18 10:02:00,2023-12-18 10:50:00,LONG,1,16891.0,16870.25,-41.5,26.95,-0.77,entry,48.0
2023-12-18 11:16:00,2023-12-18 15:59:00,LONG,1,16894.0,16938.25,88.5,19.72,2.244,entry,283.0
2023-12-19 10:32:00,2023-12-19 10:39:00,LONG,1,16997.0,16978.5,-37.0,19.63,-0.942,entry,7.0
2023-12-19 10:55:00,2023-12-19 11:56:00,LONG,1,16998.5,16983.5,-30.0,19.37,-0.774,entry,61.0
2023-12-19 13:48:00,2023-12-19 15:08:00,LONG,1,17003.75,16985.5,-36.5,19.3,-0.946,entry,80.0
2023-12-19 15:52:00,2023-12-19 15:59:00,LONG,1,17007.5,17021.0,27.0,20.2,0.668,entry,7.0
2023-12-20 09:41:00,2023-12-20 12:32:00,LONG,1,17014.5,17027.5,26.0,22.17,0.586,entry,171.0
2023-12-20 12:43:00,2023-12-20 14:02:00,LONG,1,17052.5,17032.25,-40.5,20.5,-0.988,entry,79.0
2023-12-20 14:27:00,2023-12-20 15:59:00,SHORT,1,17014.5,16764.25,500.5,20.44,12.245,entry,92.0
2023-12-21 09:36:00,2023-12-21 09:38:00,SHORT,1,16908.75,16933.5,-49.5,24.55,-1.008,entry,2.0
2023-12-21 09:41:00,2023-12-21 09:44:00,SHORT,1,16909.5,16931.0,-43.0,19.74,-1.089,entry,3.0
2023-12-21 09:57:00,2023-12-21 10:20:00,SHORT,1,16899.75,16908.75,-18.0,23.78,-0.378,entry,23.0
2023-12-21 10:22:00,2023-12-21 10:26:00,LONG,1,16926.5,16898.5,-56.0,23.45,-1.194,entry,4.0
2023-12-21 10:27:00,2023-12-21 10:34:00,SHORT,1,16884.0,16906.25,-44.5,19.57,-1.137,entry,7.0
2023-12-21 10:50:00,2023-12-21 11:29:00,SHORT,1,16869.0,16898.0,-58.0,31.88,-0.91,entry,39.0
2023-12-21 11:36:00,2023-12-21 11:52:00,LONG,1,16917.75,16896.25,-43.0,21.29,-1.01,entry,16.0
2023-12-21 12:00:00,2023-12-21 14:01:00,SHORT,1,16858.5,16884.25,-51.5,37.85,-0.68,entry,121.0
2023-12-21 14:41:00,2023-12-21 14:56:00,LONG,1,16900.75,16877.5,-46.5,19.58,-1.187,entry,15.0
2023-12-21 15:17:00,2023-12-21 15:59:00,LONG,1,16901.75,16950.5,97.5,20.13,2.421,entry,42.0
2023-12-22 09:44:00,2023-12-22 10:01:00,LONG,1,17033.0,17007.5,-51.0,23.03,-1.107,entry,17.0
2023-12-22 10:58:00,2023-12-22 11:31:00,SHORT,1,16997.25,17012.75,-31.0,20.69,-0.749,entry,33.0
2023-12-22 11:40:00,2023-12-22 12:46:00,SHORT,1,16987.25,17008.75,-43.0,24.44,-0.88,entry,66.0
2023-12-22 14:04:00,2023-12-22 15:59:00,SHORT,1,16986.25,16980.25,12.0,21.48,0.279,entry,115.0
2023-12-26 09:43:00,2023-12-26 09:55:00,LONG,1,17050.75,17032.25,-37.0,20.75,-0.891,entry,12.0
2023-12-26 10:39:00,2023-12-26 10:50:00,LONG,1,17057.5,17035.75,-43.5,19.12,-1.138,entry,11.0
2023-12-26 13:24:00,2023-12-26 15:59:00,LONG,1,17061.75,17084.5,45.5,20.01,1.137,entry,155.0
2023-12-27 10:12:00,2023-12-27 11:35:00,SHORT,1,17084.75,17089.0,-8.5,22.86,-0.186,entry,83.0
2023-12-27 12:43:00,2023-12-27 13:05:00,SHORT,1,17068.0,17090.75,-45.5,20.51,-1.109,entry,22.0
2023-12-27 13:08:00,2023-12-27 14:00:00,LONG,1,17110.0,17081.25,-57.5,21.22,-1.355,entry,52.0
2023-12-27 14:02:00,2023-12-27 14:24:00,SHORT,1,17073.25,17091.25,-36.0,19.2,-0.938,entry,22.0
2023-12-27 14:42:00,2023-12-27 15:12:00,SHORT,1,17071.0,17091.0,-40.0,19.92,-1.004,entry,30.0
2023-12-28 10:05:00,2023-12-28 10:25:00,SHORT,1,17110.5,17126.5,-32.0,18.91,-0.846,entry,20.0
2023-12-28 11:26:00,2023-12-28 12:34:00,SHORT,1,17107.0,17128.0,-42.0,19.04,-1.103,entry,68.0
2023-12-28 13:03:00,2023-12-28 13:32:00,SHORT,1,17101.0,17123.25,-44.5,23.05,-0.965,entry,29.0
2023-12-28 15:11:00,2023-12-28 15:59:00,SHORT,1,17104.25,17090.75,27.0,17.91,0.754,entry,48.0
2023-12-29 10:35:00,2023-12-29 13:07:00,SHORT,1,17071.0,17018.0,106.0,20.84,2.543,entry,152.0
2023-12-29 13:29:00,2023-12-29 13:38:00,SHORT,1,16997.25,17015.25,-36.0,17.34,-1.038,entry,9.0
2023-12-29 13:49:00,2023-12-29 15:47:00,LONG,1,17034.75,17017.0,-35.5,20.0,-0.887,entry,118.0
2023-12-29 15:54:00,2023-12-29 15:59:00,SHORT,1,16998.0,17019.0,-42.0,19.62,-1.07,entry,5.0
2024-01-02 09:34:00,2024-01-02 11:29:00,SHORT,1,16831.75,16761.0,141.5,24.58,2.878,entry,115.0
2024-01-02 11:45:00,2024-01-02 12:30:00,LONG,1,16778.5,16754.0,-49.0,21.21,-1.155,entry,45.0
2024-01-02 12:40:00,2024-01-02 12:47:00,LONG,1,16784.25,16758.25,-52.0,24.28,-1.071,entry,7.0
2024-01-02 12:51:00,2024-01-02 15:59:00,SHORT,1,16739.5,16721.0,37.0,20.38,0.908,entry,188.0
2024-01-03 09:35:00,2024-01-03 09:56:00,LONG,1,16630.5,16606.5,-48.0,22.21,-1.08,entry,21.0
2024-01-03 10:03:00,2024-01-03 10:09:00,LONG,1,16640.0,16608.0,-64.0,21.93,-1.459,entry,6.0
2024-01-03 10:10:00,2024-01-03 11:00:00,SHORT,1,16595.25,16612.25,-34.0,23.5,-0.723,entry,50.0
2024-01-03 11:39:00,2024-01-03 12:58:00,SHORT,1,16572.25,16598.75,-53.0,27.37,-0.968,entry,79.0
2024-01-03 13:35:00,2024-01-03 14:25:00,SHORT,1,16572.0,16591.0,-38.0,22.46,-0.846,entry,50.0
2024-01-03 14:26:00,2024-01-03 14:59:00,LONG,1,16609.75,16590.5,-38.5,18.97,-1.015,entry,33.0
2024-01-03 15:06:00,2024-01-03 15:59:00,SHORT,1,16573.25,16540.75,65.0,19.17,1.696,entry,53.0
2024-01-04 09:32:00,2024-01-04 09:33:00,LONG,1,16488.5,16468.5,-40.0,19.57,-1.022,entry,1.0
2024-01-04 10:04:00,2024-01-04 12:02:00,LONG,1,16494.75,16513.25,37.0,19.89,0.93,entry,118.0
2024-01-04 12:45:00,2024-01-04 13:25:00,SHORT,1,16485.25,16513.25,-56.0,27.95,-1.002,entry,40.0
2024-01-04 14:09:00,2024-01-04 15:59:00,SHORT,1,16492.75,16443.75,98.0,19.42,2.523,entry,110.0
2024-01-05 09:34:00,2024-01-05 09:39:00,LONG,1,16485.5,16464.5,-42.0,24.04,-0.874,entry,5.0
2024-01-05 09:50:00,2024-01-05 09:57:00,LONG,1,16490.0,16471.75,-36.5,19.93,-0.915,entry,7.0
2024-01-05 10:00:00,2024-01-05 11:29:00,LONG,1,16498.0,16518.75,41.5,24.2,0.857,entry,89.0
2024-01-05 11:48:00,2024-01-05 11:54:00,SHORT,1,16499.0,16519.75,-41.5,19.85,-1.045,entry,6.0
2024-01-05 12:07:00,2024-01-05 14:10:00,SHORT,1,16494.0,16508.0,-28.0,24.08,-0.581,entry,123.0
2024-01-05 14:17:00,2024-01-05 15:59:00,SHORT,1,16483.75,16463.75,40.0,18.6,1.075,entry,102.0
2024-01-08 09:39:00,2024-01-08 15:59:00,LONG,1,16567.75,16801.25,467.0,27.01,8.645,entry,380.0
2024-01-09 10:08:00,2024-01-09 15:59:00,LONG,1,16712.25,16831.75,239.0,22.48,5.317,entry,351.0
2024-01-10 09:50:00,2024-01-10 10:12:00,SHORT,1,16831.75,16843.25,-23.0,26.44,-0.435,entry,22.0
2024-01-10 10:32:00,2024-01-10 15:59:00,LONG,1,16868.75,16941.5,145.5,24.72,2.942,entry,327.0
2024-01-11 09:35:00,2024-01-11 09:42:00,LONG,1,17030.5,16991.5,-78.0,27.82,-1.402,entry,7.0
2024-01-11 09:43:00,2024-01-11 13:05:00,SHORT,1,16985.5,16873.75,223.5,22.27,5.018,entry,202.0
2024-01-11 13:24:00,2024-01-11 15:59:00,LONG,1,16893.5,16965.5,144.0,21.23,3.391,entry,155.0
2024-01-12 09:41:00,2024-01-12 09:58:00,LONG,1,17020.75,17011.0,-19.5,20.6,-0.473,entry,17.0
2024-01-12 09:59:00,2024-01-12 11:10:00,SHORT,1,16986.0,16981.0,10.0,26.62,0.188,entry,71.0
2024-01-12 11:37:00,2024-01-12 13:11:00,SHORT,1,16940.5,16970.0,-59.0,38.42,-0.768,entry,94.0
2024-01-12 14:55:00,2024-01-12 15:46:00,SHORT,1,16949.5,16969.75,-40.5,20.49,-0.988,entry,51.0
2024-01-16 09:40:00,2024-01-16 09:57:00,SHORT,1,16897.0,16904.0,-14.0,26.62,-0.263,entry,17.0
2024-01-16 10:01:00,2024-01-16 10:04:00,LONG,1,16924.25,16898.25,-52.0,22.93,-1.134,entry,3.0
2024-01-16 10:09:00,2024-01-16 11:12:00,LONG,1,16924.25,16940.75,33.0,21.35,0.773,entry,63.0
2024-01-16 11:14:00,2024-01-16 11:54:00,LONG,1,16976.0,16956.75,-38.5,27.86,-0.691,entry,40.0
2024-01-16 12:04:00,2024-01-16 15:20:00,SHORT,1,16932.25,16943.0,-21.5,25.14,-0.428,entry,196.0
2024-01-16 15:58:00,2024-01-16 15:59:00,LONG,1,16965.0,16968.0,6.0,23.33,0.129,entry,1.0
2024-01-17 09:31:00,2024-01-17 10:14:00,SHORT,1,16795.0,16749.25,91.5,19.8,2.311,entry,43.0
2024-01-17 10:20:00,2024-01-17 10:25:00,SHORT,1,16726.5,16746.0,-39.0,19.4,-1.005,entry,5.0
2024-01-17 10:38:00,2024-01-17 13:20:00,LONG,1,16765.75,16772.0,12.5,20.0,0.313,entry,162.0
2024-01-17 13:38:00,2024-01-17 14:18:00,SHORT,1,16752.5,16774.25,-43.5,19.44,-1.119,entry,40.0
2024-01-17 14:22:00,2024-01-17 15:59:00,LONG,1,16791.75,16868.75,154.0,20.91,3.683,entry,97.0
2024-01-18 10:02:00,2024-01-18 10:17:00,SHORT,1,17000.5,17035.5,-70.0,27.95,-1.252,entry,15.0
2024-01-18 10:20:00,2024-01-18 10:22:00,SHORT,1,17001.25,17027.0,-51.5,21.74,-1.184,entry,2.0
2024-01-18 10:30:00,2024-01-18 10:32:00,LONG,1,17042.75,17011.0,-63.5,19.31,-1.644,entry,2.0
2024-01-18 10:35:00,2024-01-18 11:04:00,LONG,1,17044.25,17028.5,-31.5,20.43,-0.771,entry,29.0
2024-01-18 11:10:00,2024-01-18 12:03:00,LONG,1,17059.25,17040.5,-37.5,26.44,-0.709,entry,53.0
2024-01-18 12:04:00,2024-01-18 14:03:00,SHORT,1,17024.0,17030.75,-13.5,20.03,-0.337,entry,119.0
2024-01-18 14:11:00,2024-01-18 15:59:00,LONG,1,17049.75,17109.0,118.5,20.92,2.833,entry,108.0
2024-01-19 10:00:00,2024-01-19 10:07:00,LONG,1,17215.0,17182.0,-66.0,20.76,-1.59,entry,7.0
2024-01-19 10:08:00,2024-01-19 10:16:00,SHORT,1,17174.0,17206.5,-65.0,22.26,-1.46,entry,8.0
2024-01-19 10:29:00,2024-01-19 15:59:00,LONG,1,17216.0,17442.5,453.0,19.79,11.446,entry,330.0
2024-01-22 09:40:00,2024-01-22 09:53:00,SHORT,1,17534.0,17541.0,-14.0,21.75,-0.322,entry,13.0
2024-01-22 10:04:00,2024-01-22 10:13:00,SHORT,1,17504.5,17535.25,-61.5,32.31,-0.952,entry,9.0
2024-01-22 10:22:00,2024-01-22 11:57:00,SHORT,1,17510.5,17510.0,1.0,23.14,0.022,entry,95.0
2024-01-22 12:06:00,2024-01-22 15:59:00,SHORT,1,17479.5,17460.75,37.5,26.3,0.713,entry,233.0
2024-01-23 09:32:00,2024-01-23 09:36:00,SHORT,1,17430.25,17449.25,-38.0,27.89,-0.681,entry,4.0
2024-01-23 09:50:00,2024-01-23 10:18:00,LONG,1,17476.25,17456.25,-40.0,24.07,-0.831,entry,28.0
2024-01-23 10:23:00,2024-01-23 10:28:00,SHORT,1,17431.75,17463.0,-62.5,27.41,-1.14,entry,5.0
2024-01-23 11:30:00,2024-01-23 11:46:00,SHORT,1,17437.25,17457.25,-40.0,20.41,-0.98,entry,16.0
2024-01-23 12:54:00,2024-01-23 15:59:00,LONG,1,17480.0,17529.5,99.0,23.31,2.124,entry,185.0
2024-01-24 09:35:00,2024-01-24 09:47:00,SHORT,1,17648.25,17665.5,-34.5,20.73,-0.832,entry,12.0
2024-01-24 10:08:00,2024-01-24 13:39:00,LONG,1,17681.5,17711.25,59.5,20.57,1.446,entry,211.0
2024-01-24 14:10:00,2024-01-24 15:59:00,SHORT,1,17690.0,17624.75,130.5,25.68,2.541,entry,109.0
2024-01-25 09:56:00,2024-01-25 10:08:00,SHORT,1,17667.75,17687.5,-39.5,23.54,-0.839,entry,12.0
2024-01-25 10:15:00,2024-01-25 10:35:00,LONG,1,17710.75,17687.75,-46.0,23.11,-0.995,entry,20.0
2024-01-25 10:42:00,2024-01-25 10:53:00,LONG,1,17717.5,17690.75,-53.5,21.81,-1.227,entry,11.0
2024-01-25 11:14:00,2024-01-25 12:05:00,LONG,1,17718.0,17697.25,-41.5,20.84,-0.996,entry,51.0
2024-01-25 12:08:00,2024-01-25 15:59:00,SHORT,1,17682.5,17638.0,89.0,20.44,2.177,entry,231.0
2024-01-26 09:52:00,2024-01-26 09:59:00,SHORT,1,17524.5,17548.75,-48.5,25.03,-0.969,entry,7.0
2024-01-26 10:05:00,2024-01-26 10:14:00,SHORT,1,17516.25,17541.25,-50.0,28.15,-0.888,entry,9.0
2024-01-26 10:25:00,2024-01-26 12:32:00,LONG,1,17562.25,17569.75,15.0,20.98,0.357,entry,127.0
2024-01-26 12:36:00,2024-01-26 14:51:00,SHORT,1,17551.75,17570.75,-38.0,25.73,-0.739,entry,135.0
2024-01-26 15:28:00,2024-01-26 15:59:00,SHORT,1,17538.5,17529.25,18.5,25.04,0.369,entry,31.0
2024-01-29 09:36:00,2024-01-29 09:47:00,LONG,1,17570.5,17560.5,-20.0,22.79,-0.439,entry,11.0
2024-01-29 10:03:00,2024-01-29 10:12:00,SHORT,1,17536.5,17562.25,-51.5,23.05,-1.117,entry,9.0
2024-01-29 10:25:00,2024-01-29 10:30:00,SHORT,1,17531.25,17560.0,-57.5,24.18,-1.189,entry,5.0
2024-01-29 10:33:00,2024-01-29 11:16:00,SHORT,1,17532.75,17554.0,-42.5,21.63,-0.982,entry,43.0
2024-01-29 11:48:00,2024-01-29 15:59:00,LONG,1,17571.75,17708.0,272.5,20.45,6.663,entry,251.0
2024-01-30 10:00:00,2024-01-30 10:31:00,SHORT,1,17645.0,17658.75,-27.5,25.79,-0.533,entry,31.0
2024-01-30 10:45:00,2024-01-30 15:59:00,SHORT,1,17628.5,17583.75,89.5,28.2,1.587,entry,314.0
2024-01-31 09:35:00,2024-01-31 09:37:00,LONG,1,17423.25,17392.0,-62.5,23.6,-1.324,entry,2.0
2024-01-31 09:40:00,2024-01-31 09:55:00,SHORT,1,17372.75,17385.75,-26.0,24.53,-0.53,entry,15.0
2024-01-31 10:11:00,2024-01-31 11:46:00,SHORT,1,17355.5,17349.25,12.5,25.6,0.244,entry,95.0
2024-01-31 11:52:00,2024-01-31 12:01:00,SHORT,1,17325.0,17346.75,-43.5,21.42,-1.015,entry,9.0
2024-01-31 12:09:00,2024-01-31 12:36:00,LONG,1,17367.75,17341.75,-52.0,21.25,-1.224,entry,27.0
2024-01-31 12:58:00,2024-01-31 14:00:00,LONG,1,17370.5,17344.5,-52.0,23.25,-1.118,entry,62.0
2024-01-31 14:02:00,2024-01-31 14:03:00,SHORT,1,17330.5,17352.5,-44.0,20.61,-1.067,entry,1.0
2024-01-31 14:18:00,2024-01-31 14:32:00,SHORT,1,17328.25,17364.0,-71.5,22.64,-1.579,entry,14.0
2024-01-31 14:38:00,2024-01-31 15:01:00,LONG,1,17387.75,17340.25,-95.0,37.19,-1.277,entry,23.0
2024-01-31 15:01:00,2024-01-31 15:59:00,SHORT,1,17340.25,17238.75,203.0,21.09,4.813,reverse,58.0
2024-02-01 09:57:00,2024-02-01 10:04:00,SHORT,1,17295.5,17316.25,-41.5,21.16,-0.98,entry,7.0
2024-02-01 10:08:00,2024-02-01 10:21:00,LONG,1,17342.5,17314.0,-57.0,29.71,-0.959,entry,13.0
2024-02-01 10:26:00,2024-02-01 10:50:00,LONG,1,17351.0,17319.25,-63.5,31.48,-1.009,entry,24.0
2024-02-01 10:53:00,2024-02-01 11:39:00,SHORT,1,17298.75,17320.5,-43.5,26.98,-0.806,entry,46.0
2024-02-01 12:02:00,2024-02-01 15:59:00,LONG,1,17336.75,17440.25,207.0,21.32,4.854,entry,237.0
2024-02-02 09:35:00,2024-02-02 10:31:00,LONG,1,17524.75,17566.0,82.5,24.93,1.654,entry,56.0
2024-02-02 10:38:00,2024-02-02 15:59:00,LONG,1,17591.75,17729.75,276.0,22.9,6.027,entry,321.0
2024-02-05 09:49:00,2024-02-05 11:50:00,SHORT,1,17691.0,17646.25,89.5,23.07,1.94,entry,121.0
2024-02-05 12:05:00,2024-02-05 15:59:00,LONG,1,17668.5,17697.25,57.5,21.84,1.316,entry,234.0
2024-02-06 09:35:00,2024-02-06 14:57:00,SHORT,1,17714.75,17637.25,155.0,26.53,2.921,entry,322.0
2024-02-06 15:33:00,2024-02-06 15:54:00,SHORT,1,17607.25,17634.75,-55.0,28.2,-0.975,entry,21.0
2024-02-07 09:39:00,2024-02-07 09:48:00,SHORT,1,17728.25,17749.5,-42.5,25.07,-0.848,entry,9.0
2024-02-07 09:55:00,2024-02-07 09:59:00,SHORT,1,17724.25,17745.75,-43.0,22.67,-0.948,entry,4.0
2024-02-07 10:11:00,2024-02-07 12:33:00,LONG,1,17768.0,17798.0,60.0,22.06,1.36,entry,142.0
2024-02-07 13:01:00,2024-02-07 13:04:00,LONG,1,17835.75,17794.5,-82.5,31.39,-1.314,entry,3.0
2024-02-07 13:11:00,2024-02-07 15:59:00,LONG,1,17827.75,17841.25,27.0,23.07,0.585,entry,168.0
2024-02-08 10:18:00,2024-02-08 10:23:00,LONG,1,17860.25,17838.0,-44.5,23.23,-0.958,entry,5.0
2024-02-08 10:48:00,2024-02-08 12:46:00,LONG,1,17873.25,17856.25,-34.0,32.36,-0.525,entry,118.0
2024-02-08 13:01:00,2024-02-08 14:04:00,LONG,1,17883.5,17859.5,-48.0,25.02,-0.959,entry,63.0
2024-02-08 14:35:00,2024-02-08 14:56:00,SHORT,1,17837.25,17861.0,-47.5,22.75,-1.044,entry,21.0
2024-02-09 09:56:00,2024-02-09 15:59:00,LONG,1,17924.5,18039.0,229.0,25.3,4.526,entry,363.0
2024-02-12 10:41:00,2024-02-12 13:26:00,LONG,1,18054.75,18064.0,18.5,22.48,0.412,entry,165.0
2024-02-12 13:31:00,2024-02-12 15:59:00,SHORT,1,18044.5,17963.5,162.0,21.58,3.753,entry,148.0
2024-02-13 09:35:00,2024-02-13 09:51:00,LONG,1,17647.75,17638.75,-18.0,26.02,-0.346,entry,16.0
2024-02-13 09:54:00,2024-02-13 10:15:00,LONG,1,17678.25,17644.25,-68.0,37.59,-0.905,entry,21.0
2024-02-13 10:19:00,2024-02-13 12:07:00,LONG,1,17675.25,17701.25,52.0,27.54,0.944,entry,108.0
2024-02-13 12:35:00,2024-02-13 12:49:00,LONG,1,17725.0,17700.5,-49.0,21.91,-1.118,entry,14.0
2024-02-13 12:54:00,2024-02-13 15:56:00,SHORT,1,17675.75,17676.25,-1.0,27.53,-0.018,entry,182.0
2024-02-14 09:37:00,2024-02-14 09:45:00,SHORT,1,17770.5,17782.0,-23.0,22.0,-0.523,entry,8.0
2024-02-14 09:52:00,2024-02-14 09:59:00,SHORT,1,17755.25,17789.25,-68.0,23.44,-1.45,entry,7.0
2024-02-14 10:06:00,2024-02-14 10:43:00,LONG,1,17805.25,17793.0,-24.5,25.71,-0.477,entry,37.0
2024-02-14 10:55:00,2024-02-14 12:32:00,SHORT,1,17771.25,17772.25,-2.0,22.68,-0.044,entry,97.0
2024-02-14 13:13:00,2024-02-14 13:32:00,SHORT,1,17744.25,17774.25,-60.0,24.69,-1.215,entry,19.0
2024-02-14 13:35:00,2024-02-14 14:04:00,LONG,1,17792.75,17764.75,-56.0,24.11,-1.161,entry,29.0
2024-02-14 14:05:00,2024-02-14 14:25:00,SHORT,1,17741.75,17772.0,-60.5,28.32,-1.068,entry,20.0
2024-02-14 14:38:00,2024-02-14 15:59:00,LONG,1,17793.25,17869.25,152.0,23.9,3.18,entry,81.0
2024-02-15 09:36:00,2024-02-15 10:12:00,SHORT,1,17855.75,17850.75,10.0,24.14,0.207,entry,36.0
2024-02-15 10:28:00,2024-02-15 10:49:00,SHORT,1,17813.5,17846.5,-66.0,33.51,-0.985,entry,21.0
2024-02-15 11:04:00,2024-02-15 11:39:00,SHORT,1,17804.5,17839.0,-69.0,38.26,-0.902,entry,35.0
2024-02-15 12:19:00,2024-02-15 15:59:00,LONG,1,17859.75,17914.0,108.5,22.75,2.384,entry,220.0
2024-02-16 09:32:00,2024-02-16 09:34:00,SHORT,1,17888.5,17908.75,-40.5,21.63,-0.936,entry,2.0
2024-02-16 09:44:00,2024-02-16 10:40:00,SHORT,1,17879.0,17812.0,134.0,25.54,2.624,entry,56.0
2024-02-16 11:08:00,2024-02-16 13:04:00,LONG,1,17831.5,17825.5,-12.0,22.56,-0.266,entry,116.0
2024-02-16 13:42:00,2024-02-16 14:47:00,LONG,1,17852.5,17790.25,-124.5,24.46,-2.545,entry,65.0
2024-02-16 14:47:00,2024-02-16 15:59:00,SHORT,1,17790.25,17747.0,86.5,43.01,1.006,reverse,72.0
2024-02-20 09:31:00,2024-02-20 09:33:00,LONG,1,17711.5,17692.0,-39.0,27.11,-0.719,entry,2.0
2024-02-20 09:36:00,2024-02-20 10:57:00,SHORT,1,17648.75,17572.0,153.5,38.65,1.986,entry,81.0
2024-02-20 11:00:00,2024-02-20 11:07:00,LONG,1,17593.5,17570.25,-46.5,23.15,-1.004,entry,7.0
2024-02-20 11:31:00,2024-02-20 14:41:00,SHORT,1,17549.0,17550.0,-2.0,21.76,-0.046,entry,190.0
2024-02-20 14:49:00,2024-02-20 15:33:00,LONG,1,17570.5,17537.0,-67.0,26.74,-1.253,entry,44.0
2024-02-20 15:43:00,2024-02-20 15:59:00,LONG,1,17569.75,17612.5,85.5,23.45,1.823,entry,16.0
2024-02-21 09:43:00,2024-02-21 09:56:00,SHORT,1,17458.0,17482.75,-49.5,32.76,-0.755,entry,13.0
2024-02-21 10:04:00,2024-02-21 10:26:00,LONG,1,17522.75,17476.75,-92.0,40.42,-1.138,entry,22.0
2024-02-21 10:30:00,2024-02-21 11:01:00,SHORT,1,17459.25,17485.5,-52.5,27.52,-0.954,entry,31.0
2024-02-21 11:11:00,2024-02-21 11:32:00,LONG,1,17505.75,17485.5,-40.5,21.73,-0.932,entry,21.0
2024-02-21 11:53:00,2024-02-21 12:04:00,LONG,1,17507.5,17483.25,-48.5,21.67,-1.119,entry,11.0
2024-02-21 12:05:00,2024-02-21 13:16:00,SHORT,1,17463.25,17484.5,-42.5,23.0,-0.924,entry,71.0
2024-02-21 13:29:00,2024-02-21 15:35:00,SHORT,1,17456.25,17470.0,-27.5,21.51,-0.639,entry,126.0
2024-02-21 15:37:00,2024-02-21 15:59:00,LONG,1,17486.5,17537.0,101.0,24.96,2.023,entry,22.0
2024-02-22 09:40:00,2024-02-22 09:54:00,LONG,1,17906.0,17901.5,-9.0,22.45,-0.2,entry,14.0
2024-02-22 10:01:00,2024-02-22 10:03:00,LONG,1,17930.75,17904.5,-52.5,24.77,-1.06,entry,2.0
2024-02-22 10:06:00,2024-02-22 10:45:00,LONG,1,17929.5,17910.5,-38.0,22.68,-0.838,entry,39.0
2024-02-22 11:06:00,2024-02-22 15:59:00,LONG,1,17940.75,18044.75,208.0,23.02,4.517,entry,293.0
2024-02-23 09:56:00,2024-02-23 12:10:00,SHORT,1,18088.5,18055.25,66.5,35.81,0.929,entry,134.0
2024-02-23 12:25:00,2024-02-23 13:11:00,SHORT,1,18027.0,18049.75,-45.5,24.93,-0.913,entry,46.0
2024-02-23 14:02:00,2024-02-23 15:59:00,SHORT,1,18013.0,17986.5,53.0,35.71,0.742,entry,117.0
2024-02-26 09:44:00,2024-02-26 10:07:00,SHORT,1,17992.5,18006.5,-28.0,31.44,-0.445,entry,23.0
2024-02-26 10:26:00,2024-02-26 11:07:00,LONG,1,18036.5,18001.5,-70.0,28.35,-1.235,entry,41.0
2024-02-26 11:40:00,2024-02-26 13:01:00,LONG,1,18038.5,18015.5,-46.0,25.03,-0.919,entry,81.0
2024-02-26 13:32:00,2024-02-26 14:00:00,SHORT,1,17995.5,18018.25,-45.5,23.69,-0.96,entry,28.0
2024-02-26 15:51:00,2024-02-26 15:59:00,SHORT,1,17987.0,17977.5,19.0,30.59,0.311,entry,8.0
2024-02-27 09:39:00,2024-02-27 09:57:00,SHORT,1,17981.25,17988.0,-13.5,26.35,-0.256,entry,18.0
2024-02-27 10:01:00,2024-02-27 10:42:00,LONG,1,18010.0,17989.5,-41.0,25.72,-0.797,entry,41.0
2024-02-27 10:48:00,2024-02-27 11:09:00,LONG,1,18023.25,17988.0,-70.5,28.84,-1.222,entry,21.0
2024-02-27 11:42:00,2024-02-27 11:51:00,SHORT,1,17970.0,17997.75,-55.5,24.5,-1.133,entry,9.0
2024-02-27 12:22:00,2024-02-27 14:13:00,SHORT,1,17969.75,17984.25,-29.0,24.46,-0.593,entry,111.0
2024-02-27 14:17:00,2024-02-27 15:59:00,LONG,1,18006.75,18017.75,22.0,24.75,0.444,entry,102.0
2024-02-28 09:50:00,2024-02-28 10:08:00,SHORT,1,17887.5,17911.5,-48.0,34.34,-0.699,entry,18.0
2024-02-28 11:00:00,2024-02-28 12:32:00,LONG,1,17943.75,17920.0,-47.5,31.35,-0.758,entry,92.0
2024-02-28 12:39:00,2024-02-28 13:17:00,SHORT,1,17899.75,17924.25,-49.0,25.05,-0.978,entry,38.0
2024-02-28 13:32:00,2024-02-28 14:10:00,LONG,1,17946.75,17924.0,-45.5,22.82,-0.997,entry,38.0
2024-02-28 14:33:00,2024-02-28 15:02:00,SHORT,1,17903.0,17925.25,-44.5,21.82,-1.02,entry,29.0
2024-02-28 15:10:00,2024-02-28 15:29:00,SHORT,1,17899.5,17925.25,-51.5,23.43,-1.099,entry,19.0
2024-02-28 15:53:00,2024-02-28 15:59:00,SHORT,1,17897.75,17917.5,-39.5,24.42,-0.809,entry,6.0
2024-02-29 10:10:00,2024-02-29 12:52:00,SHORT,1,18011.5,18005.75,11.5,37.75,0.152,entry,162.0
2024-02-29 13:02:00,2024-02-29 15:59:00,LONG,1,18030.25,18067.0,73.5,24.65,1.491,entry,177.0
2024-03-01 10:00:00,2024-03-01 10:04:00,LONG,1,18147.25,18127.0,-40.5,21.45,-0.944,entry,4.0
2024-03-01 10:07:00,2024-03-01 15:59:00,LONG,1,18162.0,18335.0,346.0,31.97,5.411,entry,352.0
2024-03-04 10:37:00,2024-03-04 11:06:00,LONG,1,18328.0,18306.25,-43.5,23.32,-0.933,entry,29.0
2024-03-04 11:34:00,2024-03-04 11:42:00,SHORT,1,18284.75,18307.25,-45.0,22.84,-0.985,entry,8.0
2024-03-04 13:23:00,2024-03-04 14:18:00,SHORT,1,18283.0,18308.0,-50.0,24.06,-1.039,entry,55.0
2024-03-04 14:37:00,2024-03-04 15:34:00,LONG,1,18330.75,18301.25,-59.0,24.9,-1.185,entry,57.0
2024-03-04 15:36:00,2024-03-04 15:39:00,SHORT,1,18287.25,18312.5,-50.5,22.64,-1.116,entry,3.0
2024-03-04 15:45:00,2024-03-04 15:59:00,SHORT,1,18281.25,18258.5,45.5,28.31,0.803,entry,14.0
2024-03-05 09:33:00,2024-03-05 10:03:00,SHORT,1,18081.25,18078.75,5.0,25.06,0.1,entry,30.0
2024-03-05 10:07:00,2024-03-05 15:59:00,SHORT,1,18029.25,17931.75,195.0,37.91,2.572,entry,352.0
2024-03-06 09:36:00,2024-03-06 09:44:00,SHORT,1,18074.25,18101.5,-54.5,29.86,-0.913,entry,8.0
2024-03-06 09:50:00,2024-03-06 10:49:00,SHORT,1,18062.0,18057.5,9.0,33.39,0.135,entry,59.0
2024-03-06 10:51:00,2024-03-06 13:35:00,LONG,1,18073.75,18077.5,7.5,25.27,0.148,entry,164.0
2024-03-06 13:40:00,2024-03-06 13:47:00,LONG,1,18110.25,18067.75,-85.0,29.98,-1.418,entry,7.0
2024-03-06 13:48:00,2024-03-06 14:29:00,SHORT,1,18047.25,18079.25,-64.0,33.64,-0.951,entry,41.0
2024-03-06 14:32:00,2024-03-06 15:59:00,SHORT,1,18045.25,18044.25,2.0,31.57,0.032,entry,87.0
2024-03-07 09:36:00,2024-03-07 09:40:00,LONG,1,18216.25,18194.75,-43.0,26.83,-0.801,entry,4.0
2024-03-07 09:44:00,2024-03-07 09:51:00,SHORT,1,18163.0,18184.75,-43.5,29.15,-0.746,entry,7.0
2024-03-07 09:55:00,2024-03-07 10:08:00,LONG,1,18204.0,18182.0,-44.0,23.17,-0.95,entry,13.0
2024-03-07 10:11:00,2024-03-07 15:59:00,LONG,1,18207.5,18309.25,203.5,23.35,4.358,entry,348.0
2024-03-08 09:37:00,2024-03-08 09:40:00,SHORT,1,18291.25,18321.75,-61.0,28.52,-1.069,entry,3.0
2024-03-08 09:47:00,2024-03-08 10:45:00,LONG,1,18349.5,18352.0,5.0,29.48,0.085,entry,58.0
2024-03-08 10:58:00,2024-03-08 11:00:00,LONG,1,18394.75,18364.5,-60.5,27.74,-1.09,entry,2.0
2024-03-08 11:02:00,2024-03-08 15:59:00,SHORT,1,18334.0,18040.5,587.0,32.68,8.98,entry,297.0
2024-03-11 09:31:00,2024-03-11 09:36:00,SHORT,1,18185.5,18206.0,-41.0,28.6,-0.717,entry,5.0
2024-03-11 09:37:00,2024-03-11 09:48:00,LONG,1,18224.75,18206.75,-36.0,31.79,-0.566,entry,11.0
2024-03-11 09:54:00,2024-03-11 10:30:00,SHORT,1,18175.5,18203.5,-56.0,32.17,-0.87,entry,36.0
2024-03-11 10:32:00,2024-03-11 10:39:00,LONG,1,18221.5,18181.5,-80.0,35.1,-1.14,entry,7.0
2024-03-11 10:41:00,2024-03-11 11:11:00,LONG,1,18218.5,18190.0,-57.0,30.0,-0.95,entry,30.0
2024-03-11 11:30:00,2024-03-11 11:44:00,SHORT,1,18167.75,18197.0,-58.5,29.45,-0.993,entry,14.0
2024-03-11 11:50:00,2024-03-11 12:11:00,LONG,1,18230.25,18197.0,-66.5,33.26,-1.0,entry,21.0
2024-03-11 12:18:00,2024-03-11 13:12:00,LONG,1,18231.0,18196.0,-70.0,31.87,-1.098,entry,54.0
2024-03-11 13:22:00,2024-03-11 13:41:00,LONG,1,18228.75,18203.0,-51.5,26.29,-0.979,entry,19.0
2024-03-11 14:03:00,2024-03-11 15:26:00,LONG,1,18228.5,18204.25,-48.5,24.69,-0.982,entry,83.0
2024-03-11 15:45:00,2024-03-11 15:51:00,LONG,1,18233.5,18202.0,-63.0,25.84,-1.219,entry,6.0
2024-03-12 09:34:00,2024-03-12 09:55:00,SHORT,1,18264.75,18256.75,16.0,45.69,0.175,entry,21.0
2024-03-12 09:56:00,2024-03-12 12:45:00,LONG,1,18269.75,18338.75,138.0,26.64,2.59,entry,169.0
2024-03-12 13:18:00,2024-03-12 15:59:00,LONG,1,18375.75,18475.75,200.0,32.76,3.052,entry,161.0
2024-03-13 09:43:00,2024-03-13 10:33:00,SHORT,1,18370.0,18362.0,16.0,24.7,0.324,entry,50.0
2024-03-13 10:53:00,2024-03-13 11:09:00,SHORT,1,18333.25,18359.5,-52.5,26.52,-0.99,entry,16.0
2024-03-13 11:28:00,2024-03-13 12:43:00,SHORT,1,18327.0,18351.5,-49.0,29.64,-0.827,entry,75.0
2024-03-13 13:02:00,2024-03-13 15:27:00,LONG,1,18373.75,18334.5,-78.5,24.6,-1.595,entry,145.0
2024-03-13 15:28:00,2024-03-13 15:59:00,SHORT,1,18301.75,18330.5,-57.5,54.42,-0.528,entry,31.0
2024-03-14 09:37:00,2024-03-14 09:43:00,LONG,1,18393.25,18363.0,-60.5,31.17,-0.971,entry,6.0
2024-03-14 09:47:00,2024-03-14 10:13:00,SHORT,1,18315.75,18306.0,19.5,47.11,0.207,entry,26.0
2024-03-14 10:30:00,2024-03-14 10:40:00,LONG,1,18336.5,18299.5,-74.0,37.2,-0.994,entry,10.0
2024-03-14 11:02:00,2024-03-14 11:07:00,LONG,1,18329.0,18297.5,-63.0,27.9,-1.129,entry,5.0
2024-03-14 11:12:00,2024-03-14 11:19:00,LONG,1,18330.5,18300.5,-60.0,28.52,-1.052,entry,7.0
2024-03-14 11:21:00,2024-03-14 11:37:00,SHORT,1,18278.0,18304.25,-52.5,24.2,-1.085,entry,16.0
2024-03-14 12:05:00,2024-03-14 12:35:00,SHORT,1,18269.0,18298.25,-58.5,30.69,-0.953,entry,30.0
2024-03-14 12:47:00,2024-03-14 13:57:00,SHORT,1,18260.25,18293.5,-66.5,35.71,-0.931,entry,70.0
2024-03-14 14:02:00,2024-03-14 14:31:00,LONG,1,18316.0,18289.25,-53.5,26.85,-0.996,entry,29.0
2024-03-14 14:52:00,2024-03-14 15:59:00,SHORT,1,18265.25,18278.25,-26.0,25.27,-0.514,entry,67.0
2024-03-15 09:37:00,2024-03-15 09:55:00,SHORT,1,18117.75,18127.0,-18.5,27.02,-0.342,entry,18.0
2024-03-15 09:57:00,2024-03-15 10:15:00,SHORT,1,18094.25,18111.0,-33.5,26.66,-0.628,entry,18.0
2024-03-15 10:36:00,2024-03-15 11:01:00,LONG,1,18139.25,18109.0,-60.5,33.11,-0.914,entry,25.0
2024-03-15 11:26:00,2024-03-15 14:41:00,SHORT,1,18083.25,18094.5,-22.5,28.27,-0.398,entry,195.0
2024-03-15 15:21:00,2024-03-15 15:27:00,SHORT,1,18060.75,18097.25,-73.0,26.85,-1.359,entry,6.0
2024-03-15 15:43:00,2024-03-15 15:59:00,SHORT,1,18061.25,18058.5,5.5,26.05,0.106,entry,16.0
2024-03-18 09:41:00,2024-03-18 09:51:00,LONG,1,18342.75,18324.25,-37.0,24.77,-0.747,entry,10.0
2024-03-18 09:57:00,2024-03-18 10:07:00,SHORT,1,18298.5,18326.75,-56.5,24.34,-1.16,entry,10.0
2024-03-18 10:11:00,2024-03-18 11:12:00,LONG,1,18347.0,18317.75,-58.5,27.54,-1.062,entry,61.0
2024-03-18 11:16:00,2024-03-18 15:59:00,SHORT,1,18299.75,18229.5,140.5,33.65,2.088,entry,283.0
2024-03-19 09:37:00,2024-03-19 09:56:00,SHORT,1,18096.75,18097.75,-2.0,27.79,-0.036,entry,19.0
2024-03-19 10:20:00,2024-03-19 10:26:00,SHORT,1,18071.0,18099.75,-57.5,26.6,-1.081,entry,6.0
2024-03-19 10:42:00,2024-03-19 15:59:00,LONG,1,18123.0,18270.0,294.0,26.34,5.581,entry,317.0
2024-03-20 09:36:00,2024-03-20 10:24:00,SHORT,1,18289.75,18285.5,8.5,26.43,0.161,entry,48.0
2024-03-20 10:49:00,2024-03-20 11:04:00,SHORT,1,18251.25,18278.25,-54.0,27.59,-0.979,entry,15.0
2024-03-20 13:40:00,2024-03-20 14:00:00,SHORT,1,18250.5,18313.5,-126.0,25.88,-2.434,entry,20.0
2024-03-20 14:00:00,2024-03-20 15:59:00,LONG,1,18313.5,18484.5,342.0,36.99,4.623,reverse,119.0
2024-03-21 09:40:00,2024-03-21 09:42:00,LONG,1,18703.75,18678.25,-51.0,27.29,-0.934,entry,2.0
2024-03-21 09:48:00,2024-03-21 10:20:00,SHORT,1,18644.0,18667.25,-46.5,31.89,-0.729,entry,32.0
2024-03-21 10:30:00,2024-03-21 10:48:00,SHORT,1,18634.25,18664.5,-60.5,28.02,-1.08,entry,18.0
2024-03-21 11:06:00,2024-03-21 11:24:00,SHORT,1,18630.5,18658.75,-56.5,27.33,-1.034,entry,18.0
2024-03-21 11:40:00,2024-03-21 13:20:00,LONG,1,18681.5,18661.0,-41.0,25.0,-0.82,entry,100.0
2024-03-21 13:48:00,2024-03-21 15:59:00,SHORT,1,18635.75,18558.75,154.0,27.82,2.768,entry,131.0
2024-03-22 10:04:00,2024-03-22 10:14:00,LONG,1,18557.75,18527.75,-60.0,29.07,-1.032,entry,10.0
2024-03-22 10:51:00,2024-03-22 11:02:00,SHORT,1,18504.0,18532.0,-56.0,24.92,-1.124,entry,11.0
2024-03-22 11:30:00,2024-03-22 15:16:00,LONG,1,18556.0,18551.0,-10.0,25.64,-0.195,entry,226.0
2024-03-22 15:37:00,2024-03-22 15:59:00,LONG,1,18582.5,18572.0,-21.0,26.75,-0.393,entry,22.0
2024-03-25 09:40:00,2024-03-25 09:47:00,SHORT,1,18432.5,18456.75,-48.5,26.14,-0.928,entry,7.0
2024-03-25 09:51:00,2024-03-25 15:56:00,LONG,1,18480.25,18512.5,64.5,29.19,1.105,entry,365.0
2024-03-26 10:00:00,2024-03-26 10:11:00,LONG,1,18603.25,18579.5,-47.5,25.81,-0.92,entry,11.0
2024-03-26 10:29:00,2024-03-26 11:21:00,SHORT,1,18555.5,18573.0,-35.0,27.04,-0.647,entry,52.0
2024-03-26 12:45:00,2024-03-26 15:59:00,SHORT,1,18545.75,18450.5,190.5,24.54,3.882,entry,194.0
2024-03-27 09:35:00,2024-03-27 12:32:00,SHORT,1,18515.75,18444.25,143.0,22.89,3.124,entry,177.0
2024-03-27 13:07:00,2024-03-27 14:17:00,SHORT,1,18419.75,18444.0,-48.5,22.79,-1.064,entry,70.0
2024-03-27 14:55:00,2024-03-27 15:32:00,SHORT,1,18413.5,18441.5,-56.0,27.1,-1.033,entry,37.0
2024-03-27 15:38:00,2024-03-27 15:59:00,LONG,1,18468.5,18506.75,76.5,29.67,1.289,entry,21.0
2024-03-28 09:45:00,2024-03-28 10:09:00,LONG,1,18514.75,18501.75,-26.0,28.08,-0.463,entry,24.0
2024-03-28 12:22:00,2024-03-28 14:57:00,SHORT,1,18474.25,18502.5,-56.5,26.77,-1.055,entry,155.0
2024-04-01 09:33:00,2024-04-01 10:04:00,LONG,1,18532.25,18551.0,37.5,25.64,0.731,entry,31.0
2024-04-01 10:18:00,2024-04-01 15:55:00,SHORT,1,18538.5,18505.5,66.0,31.43,1.05,entry,337.0
2024-04-02 09:39:00,2024-04-02 10:02:00,SHORT,1,18248.25,18263.5,-30.5,26.24,-0.581,entry,23.0
2024-04-02 10:10:00,2024-04-02 10:43:00,SHORT,1,18228.25,18249.0,-41.5,26.16,-0.793,entry,33.0
2024-04-02 10:49:00,2024-04-02 11:10:00,SHORT,1,18222.75,18246.0,-46.5,23.45,-0.992,entry,21.0
2024-04-02 11:18:00,2024-04-02 11:50:00,LONG,1,18266.75,18243.25,-47.0,23.08,-1.018,entry,32.0
2024-04-02 12:42:00,2024-04-02 15:59:00,LONG,1,18270.0,18330.5,121.0,23.46,2.578,entry,197.0
2024-04-03 10:00:00,2024-04-03 15:12:00,LONG,1,18319.25,18380.5,122.5,48.79,1.255,entry,312.0
2024-04-03 15:14:00,2024-04-03 15:59:00,SHORT,1,18344.25,18370.5,-52.5,39.0,-0.673,entry,45.0
2024-04-04 09:51:00,2024-04-04 11:41:00,SHORT,1,18514.25,18517.25,-6.0,27.33,-0.11,entry,110.0
2024-04-04 12:04:00,2024-04-04 13:42:00,LONG,1,18545.5,18526.0,-39.0,27.16,-0.718,entry,98.0
2024-04-04 13:58:00,2024-04-04 15:59:00,SHORT,1,18494.25,18075.0,838.5,31.05,13.503,entry,121.0
2024-04-05 09:37:00,2024-04-05 09:41:00,SHORT,1,18109.75,18147.75,-76.0,30.74,-1.236,entry,4.0
2024-04-05 09:42:00,2024-04-05 14:01:00,LONG,1,18170.75,18261.0,180.5,32.57,2.771,entry,259.0
2024-04-05 14:07:00,2024-04-05 14:47:00,LONG,1,18311.75,18275.0,-73.5,37.75,-0.974,entry,40.0
2024-04-05 15:33:00,2024-04-05 15:59:00,LONG,1,18316.25,18293.25,-46.0,37.98,-0.606,entry,26.0
2024-04-08 09:35:00,2024-04-08 09:48:00,SHORT,1,18276.5,18298.75,-44.5,32.93,-0.676,entry,13.0
2024-04-08 10:24:00,2024-04-08 11:36:00,LONG,1,18321.75,18302.75,-38.0,28.28,-0.672,entry,72.0
2024-04-08 11:56:00,2024-04-08 12:57:00,SHORT,1,18285.5,18309.25,-47.5,28.06,-0.846,entry,61.0
2024-04-08 13:48:00,2024-04-08 13:58:00,SHORT,1,18282.0,18308.5,-53.0,25.7,-1.031,entry,10.0
2024-04-09 09:34:00,2024-04-09 09:37:00,SHORT,1,18352.75,18386.0,-66.5,30.35,-1.096,entry,3.0
2024-04-09 09:49:00,2024-04-09 12:12:00,SHORT,1,18348.5,18292.0,113.0,31.44,1.797,entry,143.0
2024-04-09 13:59:00,2024-04-09 14:22:00,SHORT,1,18255.0,18280.0,-50.0,23.9,-1.046,entry,23.0
2024-04-09 14:31:00,2024-04-09 15:23:00,SHORT,1,18253.75,18276.5,-45.5,24.22,-0.939,entry,52.0
2024-04-09 15:27:00,2024-04-09 15:59:00,LONG,1,18301.25,18362.25,122.0,26.02,2.344,entry,32.0
2024-04-10 09:32:00,2024-04-10 09:42:00,LONG,1,18167.25,18154.25,-26.0,27.09,-0.48,entry,10.0
2024-04-10 09:44:00,2024-04-10 09:45:00,LONG,1,18190.5,18133.0,-115.0,31.68,-1.815,entry,1.0
2024-04-10 09:45:00,2024-04-10 09:51:00,SHORT,1,18133.0,18176.25,-86.5,24.97,-1.732,reverse,6.0
2024-04-10 09:51:00,2024-04-10 10:02:00,LONG,1,18176.25,18159.25,-34.0,24.76,-0.687,reverse,11.0
2024-04-10 10:09:00,2024-04-10 10:15:00,LONG,1,18192.25,18151.5,-81.5,30.88,-1.319,entry,6.0
2024-04-10 10:19:00,2024-04-10 10:51:00,LONG,1,18195.25,18168.5,-53.5,31.71,-0.844,entry,32.0
2024-04-10 10:57:00,2024-04-10 11:28:00,SHORT,1,18140.0,18174.0,-68.0,30.34,-1.121,entry,31.0
2024-04-10 11:37:00,2024-04-10 12:35:00,SHORT,1,18143.75,18168.25,-49.0,24.08,-1.017,entry,58.0
2024-04-10 12:56:00,2024-04-10 13:03:00,LONG,1,18190.5,18152.0,-77.0,25.42,-1.515,entry,7.0
2024-04-10 13:05:00,2024-04-10 13:19:00,SHORT,1,18133.75,18169.75,-72.0,31.43,-1.145,entry,14.0
2024-04-10 13:21:00,2024-04-10 13:32:00,LONG,1,18195.25,18144.75,-101.0,31.25,-1.616,entry,11.0
2024-04-10 13:33:00,2024-04-10 13:56:00,SHORT,1,18140.0,18186.5,-93.0,25.98,-1.79,entry,23.0
2024-04-10 13:57:00,2024-04-10 14:07:00,LONG,1,18194.5,18154.0,-81.0,30.12,-1.345,entry,10.0
2024-04-10 14:33:00,2024-04-10 14:39:00,SHORT,1,18139.25,18171.0,-63.5,25.2,-1.26,entry,6.0
2024-04-10 14:56:00,2024-04-10 15:13:00,SHORT,1,18133.0,18168.75,-71.5,31.37,-1.14,entry,17.0
2024-04-10 15:15:00,2024-04-10 15:32:00,LONG,1,18189.75,18159.5,-60.5,26.24,-1.153,entry,17.0
2024-04-10 15:42:00,2024-04-10 15:59:00,LONG,1,18195.0,18191.5,-7.0,30.18,-0.116,entry,17.0
2024-04-11 10:07:00,2024-04-11 10:31:00,SHORT,1,18225.25,18238.0,-25.5,24.5,-0.52,entry,24.0
2024-04-11 10:45:00,2024-04-11 15:59:00,LONG,1,18260.0,18482.25,444.5,24.43,9.099,entry,314.0
2024-04-12 10:06:00,2024-04-12 11:34:00,SHORT,1,18287.25,18279.0,16.5,25.77,0.32,entry,88.0
2024-04-12 12:02:00,2024-04-12 15:59:00,SHORT,1,18245.5,18181.0,129.0,26.89,2.399,entry,237.0
2024-04-15 09:34:00,2024-04-15 09:39:00,SHORT,1,18270.0,18291.0,-42.0,28.87,-0.727,entry,5.0
2024-04-15 09:53:00,2024-04-15 10:04:00,LONG,1,18322.0,18297.0,-50.0,26.46,-0.945,entry,11.0
2024-04-15 10:07:00,2024-04-15 15:59:00,SHORT,1,18269.5,17876.25,786.5,28.54,13.777,entry,352.0
2024-04-16 09:46:00,2024-04-16 09:50:00,SHORT,1,17832.5,17869.5,-74.0,28.58,-1.295,entry,4.0
2024-04-16 09:57:00,2024-04-16 10:27:00,LONG,1,17896.75,17876.75,-40.0,34.25,-0.584,entry,30.0
2024-04-16 10:37:00,2024-04-16 10:48:00,SHORT,1,17839.75,17877.25,-75.0,35.2,-1.065,entry,11.0
2024-04-16 11:23:00,2024-04-16 12:00:00,LONG,1,17907.5,17876.75,-61.5,33.05,-0.93,entry,37.0
2024-04-16 12:14:00,2024-04-16 13:30:00,LONG,1,17908.75,17847.0,-123.5,29.15,-2.118,entry,76.0
2024-04-16 13:30:00,2024-04-16 13:35:00,SHORT,1,17847.0,17885.75,-77.5,37.62,-1.03,reverse,5.0
2024-04-16 13:52:00,2024-04-16 13:59:00,SHORT,1,17850.0,17889.0,-78.0,33.53,-1.163,entry,7.0
2024-04-16 14:06:00,2024-04-16 14:18:00,LONG,1,17913.0,17884.75,-56.5,29.44,-0.96,entry,12.0
2024-04-16 14:21:00,2024-04-16 14:26:00,SHORT,1,17854.75,17888.75,-68.0,32.48,-1.047,entry,5.0
2024-04-16 14:28:00,2024-04-16 14:34:00,SHORT,1,17853.75,17897.0,-86.5,33.06,-1.308,entry,6.0
2024-04-16 14:50:00,2024-04-16 15:57:00,LONG,1,17925.25,17891.5,-67.5,38.3,-0.881,entry,67.0
2024-04-17 09:49:00,2024-04-17 14:44:00,SHORT,1,17905.0,17789.0,232.0,29.91,3.878,entry,295.0
2024-04-17 14:52:00,2024-04-17 15:59:00,SHORT,1,17731.75,17654.25,155.0,41.5,1.867,entry,67.0
2024-04-18 09:35:00,2024-04-18 09:46:00,SHORT,1,17609.25,17610.5,-2.5,35.41,-0.035,entry,11.0
2024-04-18 10:09:00,2024-04-18 12:34:00,LONG,1,17642.0,17647.0,10.0,31.51,0.159,entry,145.0
2024-04-18 12:47:00,2024-04-18 15:59:00,SHORT,1,17625.5,17545.0,161.0,34.08,2.362,entry,192.0
2024-04-19 09:38:00,2024-04-19 09:41:00,SHORT,1,17439.25,17469.5,-60.5,30.29,-0.999,entry,3.0
2024-04-19 09:46:00,2024-04-19 09:49:00,LONG,1,17509.5,17464.5,-90.0,37.89,-1.188,entry,3.0
2024-04-19 09:51:00,2024-04-19 09:54:00,SHORT,1,17443.5,17473.5,-60.0,27.15,-1.105,entry,3.0
2024-04-19 10:08:00,2024-04-19 15:59:00,SHORT,1,17435.75,17181.75,508.0,30.8,8.246,entry,351.0
2024-04-22 09:48:00,2024-04-22 09:58:00,LONG,1,17323.0,17292.75,-60.5,34.95,-0.866,entry,10.0
2024-04-22 10:17:00,2024-04-22 11:55:00,SHORT,1,17262.5,17241.0,43.0,28.97,0.742,entry,98.0
2024-04-22 12:14:00,2024-04-22 12:31:00,LONG,1,17270.0,17241.5,-57.0,28.96,-0.984,entry,17.0
2024-04-22 12:59:00,2024-04-22 15:59:00,LONG,1,17273.75,17350.5,153.5,30.27,2.535,entry,180.0
2024-04-23 09:42:00,2024-04-23 15:59:00,LONG,1,17475.0,17607.0,264.0,31.86,4.143,entry,377.0
2024-04-24 09:41:00,2024-04-24 09:55:00,LONG,1,17779.5,17742.5,-74.0,32.47,-1.14,entry,14.0
2024-04-24 09:56:00,2024-04-24 10:06:00,SHORT,1,17716.25,17765.25,-98.0,39.71,-1.234,entry,10.0
2024-04-24 10:14:00,2024-04-24 13:41:00,SHORT,1,17720.0,17686.25,67.5,32.87,1.027,entry,207.0
2024-04-24 14:07:00,2024-04-24 15:25:00,SHORT,1,17656.5,17680.25,-47.5,28.75,-0.826,entry,78.0
2024-04-25 09:43:00,2024-04-25 09:56:00,LONG,1,17368.75,17343.0,-51.5,35.5,-0.725,entry,13.0
2024-04-25 10:06:00,2024-04-25 10:41:00,LONG,1,17379.75,17365.75,-28.0,33.91,-0.413,entry,35.0
2024-04-25 11:28:00,2024-04-25 11:33:00,LONG,1,17402.5,17365.25,-74.5,32.37,-1.151,entry,5.0
2024-04-25 11:58:00,2024-04-25 15:59:00,LONG,1,17412.25,17567.25,310.0,40.28,3.848,entry,241.0
2024-04-26 09:34:00,2024-04-26 15:59:00,LONG,1,17733.0,17839.25,212.5,34.17,3.11,entry,385.0
2024-04-29 09:39:00,2024-04-29 10:07:00,SHORT,1,17896.25,17887.75,17.0,28.89,0.294,entry,28.0
2024-04-29 11:34:00,2024-04-29 11:57:00,SHORT,1,17852.5,17884.5,-64.0,32.15,-0.995,entry,23.0
2024-04-29 13:26:00,2024-04-29 14:28:00,LONG,1,17917.5,17885.75,-63.5,31.59,-1.005,entry,62.0
2024-04-29 14:32:00,2024-04-29 14:59:00,SHORT,1,17859.5,17888.25,-57.5,28.77,-0.999,entry,27.0
2024-04-29 15:00:00,2024-04-29 15:50:00,SHORT,1,17852.5,17881.0,-57.0,34.34,-0.83,entry,50.0
2024-04-30 09:44:00,2024-04-30 10:11:00,LONG,1,17883.0,17855.25,-55.5,36.95,-0.751,entry,27.0
2024-04-30 10:29:00,2024-04-30 10:41:00,SHORT,1,17825.5,17854.75,-58.5,31.17,-0.938,entry,12.0
2024-04-30 11:01:00,2024-04-30 15:59:00,SHORT,1,17824.0,17563.5,521.0,29.23,8.913,entry,298.0
2024-05-01 10:00:00,2024-05-01 10:27:00,SHORT,1,17453.25,17477.25,-48.0,34.11,-0.704,entry,27.0
2024-05-01 11:15:00,2024-05-01 11:41:00,SHORT,1,17447.75,17478.25,-61.0,28.61,-1.066,entry,26.0
2024-05-01 11:51:00,2024-05-01 13:36:00,SHORT,1,17438.5,17465.75,-54.5,32.82,-0.83,entry,105.0
2024-05-01 14:00:00,2024-05-01 15:50:00,LONG,1,17509.75,17536.0,52.5,47.02,0.558,entry,110.0
2024-05-01 15:51:00,2024-05-01 15:59:00,SHORT,1,17509.5,17431.5,156.0,37.1,2.103,entry,8.0
2024-05-02 09:35:00,2024-05-02 10:25:00,SHORT,1,17530.5,17505.0,51.0,32.01,0.797,entry,50.0
2024-05-02 10:42:00,2024-05-02 10:49:00,SHORT,1,17461.5,17502.25,-81.5,37.45,-1.088,entry,7.0
2024-05-02 10:59:00,2024-05-02 12:36:00,LONG,1,17528.25,17503.25,-50.0,30.31,-0.825,entry,97.0
2024-05-02 12:52:00,2024-05-02 15:59:00,LONG,1,17539.0,17648.25,218.5,30.21,3.617,entry,187.0
2024-05-03 09:45:00,2024-05-03 10:01:00,LONG,1,17989.75,17956.25,-67.0,40.36,-0.83,entry,16.0
2024-05-03 10:08:00,2024-05-03 10:41:00,SHORT,1,17929.25,17956.75,-55.0,36.59,-0.752,entry,33.0
2024-05-03 10:47:00,2024-05-03 10:50:00,LONG,1,17986.25,17955.0,-62.5,31.32,-0.998,entry,3.0
2024-05-03 10:59:00,2024-05-03 11:30:00,SHORT,1,17925.25,17953.5,-56.5,29.26,-0.966,entry,31.0
2024-05-03 11:39:00,2024-05-03 15:59:00,LONG,1,17981.5,18001.5,40.0,29.78,0.672,entry,260.0
2024-05-06 09:37:00,2024-05-06 11:01:00,LONG,1,18095.25,18086.75,-17.0,30.09,-0.282,entry,84.0
2024-05-06 13:44:00,2024-05-06 15:59:00,LONG,1,18127.75,18197.25,139.0,33.06,2.102,entry,135.0
2024-05-07 10:56:00,2024-05-07 13:48:00,LONG,1,18244.25,18224.5,-39.5,35.03,-0.564,entry,172.0
2024-05-07 13:59:00,2024-05-07 15:59:00,SHORT,1,18193.75,18196.5,-5.5,32.57,-0.084,entry,120.0
2024-05-08 09:46:00,2024-05-08 11:47:00,LONG,1,18141.75,18169.75,56.0,31.0,0.903,entry,121.0
2024-05-09 09:41:00,2024-05-09 09:59:00,SHORT,1,18134.25,18157.5,-46.5,38.54,-0.603,entry,18.0
2024-05-09 10:35:00,2024-05-09 11:58:00,LONG,1,18184.0,18177.25,-13.5,28.83,-0.234,entry,83.0
2024-05-09 12:38:00,2024-05-09 15:59:00,LONG,1,18208.5,18215.75,14.5,29.0,0.25,entry,201.0
2024-05-10 09:34:00,2024-05-10 10:00:00,LONG,1,18313.75,18307.0,-13.5,29.04,-0.232,entry,26.0
2024-05-10 10:10:00,2024-05-10 14:09:00,SHORT,1,18281.5,18259.75,43.5,27.29,0.797,entry,239.0
2024-05-13 09:40:00,2024-05-13 10:03:00,SHORT,1,18276.5,18293.25,-33.5,29.96,-0.559,entry,23.0
2024-05-13 13:06:00,2024-05-13 13:21:00,SHORT,1,18263.25,18292.75,-59.0,27.76,-1.063,entry,15.0
2024-05-14 09:45:00,2024-05-14 09:59:00,LONG,1,18320.75,18290.0,-61.5,28.06,-1.096,entry,14.0
2024-05-14 10:23:00,2024-05-14 10:37:00,LONG,1,18330.25,18307.5,-45.5,31.83,-0.715,entry,14.0
2024-05-14 10:58:00,2024-05-14 11:42:00,LONG,1,18334.0,18314.75,-38.5,24.56,-0.784,entry,44.0
2024-05-14 14:05:00,2024-05-14 15:59:00,LONG,1,18341.25,18411.25,140.0,24.98,2.802,entry,114.0
2024-05-15 09:49:00,2024-05-15 10:00:00,SHORT,1,18475.25,18500.75,-51.0,31.82,-0.801,entry,11.0
2024-05-15 10:17:00,2024-05-15 15:59:00,LONG,1,18523.25,18692.75,339.0,24.09,7.037,entry,342.0
2024-05-16 10:26:00,2024-05-16 12:31:00,LONG,1,18721.25,18714.75,-13.0,24.81,-0.262,entry,125.0
2024-05-16 13:22:00,2024-05-16 15:59:00,SHORT,1,18686.75,18651.0,71.5,29.62,1.207,entry,157.0
2024-05-17 09:57:00,2024-05-17 10:02:00,SHORT,1,18622.0,18648.25,-52.5,26.22,-1.001,entry,5.0
2024-05-17 10:33:00,2024-05-17 11:03:00,LONG,1,18670.25,18643.75,-53.0,24.05,-1.102,entry,30.0
2024-05-17 11:49:00,2024-05-17 11:57:00,SHORT,1,18622.25,18649.0,-53.5,26.2,-1.021,entry,8.0
2024-05-17 12:45:00,2024-05-17 15:21:00,SHORT,1,18620.75,18632.0,-22.5,26.07,-0.432,entry,156.0
2024-05-20 09:34:00,2024-05-20 14:08:00,LONG,1,18688.25,18722.5,68.5,27.23,1.258,entry,274.0
2024-05-20 14:40:00,2024-05-20 15:59:00,LONG,1,18761.5,18766.25,9.5,22.53,0.211,entry,79.0
2024-05-21 10:27:00,2024-05-21 15:59:00,LONG,1,18727.75,18800.75,146.0,22.88,3.191,entry,332.0
2024-05-22 11:06:00,2024-05-22 11:50:00,LONG,1,18837.0,18812.0,-50.0,21.62,-1.156,entry,44.0
2024-05-22 12:51:00,2024-05-22 13:15:00,SHORT,1,18794.5,18820.25,-51.5,22.96,-1.122,entry,24.0
2024-05-22 13:36:00,2024-05-22 15:59:00,SHORT,1,18792.75,18793.75,-2.0,23.78,-0.042,entry,143.0
2024-05-23 09:41:00,2024-05-23 10:15:00,SHORT,1,18919.0,18906.25,25.5,27.93,0.456,entry,34.0
2024-05-23 10:20:00,2024-05-23 10:37:00,SHORT,1,18883.75,18906.5,-45.5,21.47,-1.06,entry,17.0
2024-05-23 10:47:00,2024-05-23 11:15:00,SHORT,1,18873.0,18891.75,-37.5,28.79,-0.651,entry,28.0
2024-05-23 11:37:00,2024-05-23 12:45:00,LONG,1,18915.0,18894.0,-42.0,24.38,-0.861,entry,68.0
2024-05-23 12:48:00,2024-05-23 15:59:00,SHORT,1,18872.0,18696.75,350.5,22.52,7.783,entry,191.0
2024-05-24 09:45:00,2024-05-24 09:48:00,LONG,1,18780.5,18756.25,-48.5,24.67,-0.983,entry,3.0
2024-05-24 10:00:00,2024-05-24 15:59:00,LONG,1,18792.5,18874.25,163.5,35.16,2.325,entry,359.0
2024-05-27 11:06:00,2024-05-27 12:59:00,LONG,1,18917.0,18950.75,67.5,22.41,1.506,entry,113.0
2024-05-28 09:36:00,2024-05-28 10:03:00,SHORT,1,18893.75,18884.5,18.5,22.43,0.412,entry,27.0
2024-05-28 10:31:00,2024-05-28 10:37:00,LONG,1,18906.0,18882.75,-46.5,21.24,-1.095,entry,6.0
2024-05-28 10:44:00,2024-05-28 13:50:00,LONG,1,18911.5,18903.0,-17.0,25.62,-0.332,entry,186.0
2024-05-28 14:28:00,2024-05-28 15:33:00,SHORT,1,18882.75,18897.0,-28.5,21.81,-0.653,entry,65.0
2024-05-29 09:50:00,2024-05-29 11:18:00,LONG,1,18833.25,18824.25,-18.0,34.31,-0.262,entry,88.0
2024-05-29 11:24:00,2024-05-29 12:10:00,LONG,1,18853.0,18827.0,-52.0,22.61,-1.15,entry,46.0
2024-05-29 12:27:00,2024-05-29 13:23:00,LONG,1,18853.5,18835.25,-36.5,21.09,-0.865,entry,56.0
2024-05-29 13:52:00,2024-05-29 14:33:00,LONG,1,18857.75,18827.75,-60.0,21.66,-1.385,entry,41.0
2024-05-29 15:25:00,2024-05-29 15:44:00,LONG,1,18858.0,18836.75,-42.5,21.35,-0.995,entry,19.0
2024-05-29 15:51:00,2024-05-29 15:59:00,SHORT,1,18801.5,18810.75,-18.5,35.22,-0.263,entry,8.0
2024-05-30 09:34:00,2024-05-30 09:39:00,SHORT,1,18718.0,18735.75,-35.5,27.59,-0.643,entry,5.0
2024-05-30 10:11:00,2024-05-30 10:27:00,SHORT,1,18705.25,18729.5,-48.5,29.33,-0.827,entry,16.0
2024-05-30 10:32:00,2024-05-30 12:20:00,SHORT,1,18701.0,18703.75,-5.5,27.77,-0.099,entry,108.0
2024-05-30 13:11:00,2024-05-30 13:51:00,LONG,1,18721.25,18698.5,-45.5,21.13,-1.077,entry,40.0
2024-05-30 14:15:00,2024-05-30 15:59:00,SHORT,1,18677.5,18604.0,147.0,23.36,3.147,entry,104.0
2024-05-31 09:40:00,2024-05-31 09:45:00,LONG,1,18624.75,18589.25,-71.0,24.36,-1.457,entry,5.0
2024-05-31 09:46:00,2024-05-31 15:12:00,SHORT,1,18574.25,18394.25,360.0,27.75,6.488,entry,326.0
2024-05-31 15:24:00,2024-05-31 15:59:00,LONG,1,18420.25,18598.5,356.5,26.64,6.69,entry,35.0
2024-06-03 09:42:00,2024-06-03 09:50:00,LONG,1,18743.0,18715.25,-55.5,24.53,-1.131,entry,8.0
2024-06-03 09:51:00,2024-06-03 10:15:00,SHORT,1,18688.5,18702.0,-27.0,33.75,-0.4,entry,24.0
2024-06-03 10:33:00,2024-06-03 15:54:00,SHORT,1,18677.75,18604.5,146.5,22.31,3.283,entry,321.0
2024-06-03 15:56:00,2024-06-03 15:59:00,LONG,1,18626.0,18652.75,53.5,25.11,1.065,entry,3.0
2024-06-04 09:34:00,2024-06-04 09:36:00,SHORT,1,18594.75,18624.5,-59.5,27.71,-1.074,entry,2.0
2024-06-04 09:56:00,2024-06-04 10:00:00,SHORT,1,18594.0,18632.25,-76.5,23.61,-1.62,entry,4.0
2024-06-04 10:01:00,2024-06-04 10:05:00,LONG,1,18659.0,18596.25,-125.5,39.65,-1.583,entry,4.0
2024-06-04 10:05:00,2024-06-04 10:28:00,SHORT,1,18596.25,18619.25,-46.0,25.44,-0.904,reverse,23.0
2024-06-04 10:32:00,2024-06-04 10:36:00,LONG,1,18641.0,18613.5,-55.0,27.36,-1.005,entry,4.0
2024-06-04 10:40:00,2024-06-04 10:56:00,LONG,1,18644.5,18609.5,-70.0,30.03,-1.166,entry,16.0
2024-06-04 11:33:00,2024-06-04 12:38:00,SHORT,1,18583.75,18611.25,-55.0,30.59,-0.899,entry,65.0
2024-06-04 12:44:00,2024-06-04 13:06:00,LONG,1,18639.0,18604.25,-69.5,28.94,-1.201,entry,22.0
2024-06-04 13:20:00,2024-06-04 15:59:00,LONG,1,18635.75,18701.75,132.0,24.05,2.745,entry,159.0
2024-06-05 09:52:00,2024-06-05 10:06:00,LONG,1,18856.5,18829.25,-54.5,22.85,-1.192,entry,14.0
2024-06-05 10:23:00,2024-06-05 15:59:00,LONG,1,18868.25,19077.5,418.5,30.17,6.936,entry,336.0
2024-06-06 09:46:00,2024-06-06 10:23:00,SHORT,1,19072.5,19083.5,-22.0,26.6,-0.414,entry,37.0
2024-06-06 10:37:00,2024-06-06 11:00:00,LONG,1,19104.0,19076.0,-56.0,28.09,-0.997,entry,23.0
2024-06-06 12:16:00,2024-06-06 13:02:00,SHORT,1,19041.75,19073.25,-63.0,34.37,-0.916,entry,46.0
2024-06-06 14:05:00,2024-06-06 14:52:00,SHORT,1,19044.75,19071.0,-52.5,28.11,-0.934,entry,47.0
2024-06-06 15:26:00,2024-06-06 15:50:00,SHORT,1,19043.0,19069.25,-52.5,25.9,-1.013,entry,24.0
2024-06-07 09:50:00,2024-06-07 11:06:00,LONG,1,19040.0,19039.0,-2.0,23.57,-0.042,entry,76.0
2024-06-07 11:30:00,2024-06-07 14:03:00,LONG,1,19081.0,19071.25,-19.5,35.06,-0.278,entry,153.0
2024-06-07 14:08:00,2024-06-07 14:44:00,SHORT,1,19035.0,19067.75,-65.5,37.34,-0.877,entry,36.0
2024-06-07 15:00:00,2024-06-07 15:59:00,SHORT,1,19039.0,19040.75,-3.5,27.88,-0.063,entry,59.0
2024-06-10 09:35:00,2024-06-10 09:44:00,LONG,1,19023.0,18998.75,-48.5,24.09,-1.007,entry,9.0
2024-06-10 10:22:00,2024-06-10 14:19:00,LONG,1,19028.75,19056.75,56.0,25.6,1.094,entry,237.0
2024-06-10 14:48:00,2024-06-10 15:59:00,LONG,1,19081.5,19112.5,62.0,22.45,1.381,entry,71.0
2024-06-11 09:47:00,2024-06-11 10:04:00,SHORT,1,19014.0,19053.75,-79.5,46.43,-0.856,entry,17.0
2024-06-11 10:24:00,2024-06-11 11:50:00,LONG,1,19080.5,19069.75,-21.5,29.76,-0.361,entry,86.0
2024-06-11 12:17:00,2024-06-11 15:59:00,LONG,1,19102.75,19242.0,278.5,26.13,5.329,entry,222.0
2024-06-12 09:33:00,2024-06-12 13:32:00,LONG,1,19428.25,19493.75,131.0,24.28,2.697,entry,239.0
2024-06-12 13:58:00,2024-06-12 14:00:00,LONG,1,19520.0,19485.5,-69.0,22.64,-1.524,entry,2.0
2024-06-12 14:07:00,2024-06-12 14:15:00,SHORT,1,19470.0,19500.0,-60.0,26.86,-1.117,entry,8.0
2024-06-12 14:28:00,2024-06-12 14:35:00,LONG,1,19529.25,19488.5,-81.5,32.13,-1.268,entry,7.0
2024-06-12 14:39:00,2024-06-12 14:45:00,LONG,1,19539.75,19494.5,-90.5,41.83,-1.082,entry,6.0
2024-06-12 14:53:00,2024-06-12 14:56:00,SHORT,1,19472.0,19517.5,-91.0,25.95,-1.753,entry,3.0
2024-06-12 15:00:00,2024-06-12 15:25:00,LONG,1,19524.0,19493.75,-60.5,25.85,-1.17,entry,25.0
2024-06-12 15:28:00,2024-06-12 15:51:00,SHORT,1,19464.0,19498.5,-69.0,37.38,-0.923,entry,23.0
2024-06-12 15:56:00,2024-06-12 15:59:00,LONG,1,19526.75,19492.25,-69.0,28.23,-1.222,entry,3.0
2024-06-13 10:10:00,2024-06-13 11:41:00,SHORT,1,19612.5,19601.5,22.0,27.23,0.404,entry,91.0
2024-06-13 12:00:00,2024-06-13 14:08:00,SHORT,1,19576.0,19584.0,-16.0,23.59,-0.339,entry,128.0
2024-06-13 15:04:00,2024-06-13 15:59:00,LONG,1,19611.0,19592.5,-37.0,26.35,-0.702,entry,55.0
2024-06-14 09:45:00,2024-06-14 10:12:00,LONG,1,19608.25,19596.0,-24.5,24.23,-0.506,entry,27.0
2024-06-14 10:21:00,2024-06-14 10:32:00,LONG,1,19641.5,19602.25,-78.5,36.79,-1.067,entry,11.0
2024-06-14 10:37:00,2024-06-14 10:46:00,SHORT,1,19583.0,19613.5,-61.0,24.32,-1.254,entry,9.0
2024-06-14 10:50:00,2024-06-14 11:08:00,LONG,1,19629.5,19607.25,-44.5,23.1,-0.963,entry,18.0
2024-06-14 11:45:00,2024-06-14 11:56:00,SHORT,1,19585.5,19608.0,-45.0,23.48,-0.958,entry,11.0
2024-06-14 12:11:00,2024-06-14 12:31:00,LONG,1,19635.5,19606.5,-58.0,27.38,-1.059,entry,20.0
2024-06-14 12:39:00,2024-06-14 15:59:00,LONG,1,19632.25,19687.5,110.5,22.93,2.409,entry,200.0
2024-06-17 09:47:00,2024-06-17 09:57:00,SHORT,1,19924.5,19942.5,-36.0,24.47,-0.736,entry,10.0
2024-06-17 10:10:00,2024-06-17 10:26:00,LONG,1,19975.25,19946.25,-58.0,30.19,-0.961,entry,16.0
2024-06-17 10:37:00,2024-06-17 15:59:00,LONG,1,19975.0,20196.5,443.0,23.81,9.302,entry,322.0
2024-06-18 09:52:00,2024-06-18 09:57:00,SHORT,1,20169.25,20196.5,-54.5,25.5,-1.069,entry,5.0
2024-06-18 10:44:00,2024-06-18 11:49:00,SHORT,1,20166.75,20180.25,-27.0,24.48,-0.552,entry,65.0
2024-06-18 12:57:00,2024-06-18 14:02:00,LONG,1,20204.5,20182.5,-44.0,24.08,-0.913,entry,65.0
2024-06-20 09:34:00,2024-06-20 09:38:00,SHORT,1,20202.25,20226.75,-49.0,24.14,-1.015,entry,4.0
2024-06-20 09:42:00,2024-06-20 09:52:00,LONG,1,20246.75,20233.25,-27.0,21.61,-0.625,entry,10.0
2024-06-20 10:07:00,2024-06-20 10:57:00,SHORT,1,20208.25,20203.5,9.5,23.68,0.201,entry,50.0
2024-06-20 11:07:00,2024-06-20 11:19:00,LONG,1,20227.25,20197.5,-59.5,25.48,-1.168,entry,12.0
2024-06-20 11:48:00,2024-06-20 15:59:00,SHORT,1,20175.75,20035.25,281.0,25.69,5.469,entry,251.0
2024-06-21 09:43:00,2024-06-21 10:12:00,SHORT,1,19974.5,19984.25,-19.5,27.15,-0.359,entry,29.0
2024-06-21 10:14:00,2024-06-21 10:22:00,LONG,1,19995.5,19972.75,-45.5,22.25,-1.022,entry,8.0
2024-06-21 10:33:00,2024-06-21 10:46:00,SHORT,1,19949.5,19977.75,-56.5,24.46,-1.155,entry,13.0
2024-06-21 10:49:00,2024-06-21 11:32:00,LONG,1,19997.75,19980.5,-34.5,24.7,-0.698,entry,43.0
2024-06-21 11:38:00,2024-06-21 12:51:00,LONG,1,20002.75,19994.25,-17.0,21.72,-0.391,entry,73.0
2024-06-21 12:53:00,2024-06-21 13:01:00,LONG,1,20020.25,19989.25,-62.0,24.11,-1.286,entry,8.0
2024-06-21 13:19:00,2024-06-21 14:27:00,SHORT,1,19973.25,19994.25,-42.0,23.06,-0.911,entry,68.0
2024-06-24 09:33:00,2024-06-24 09:36:00,LONG,1,19951.0,19932.5,-37.0,21.85,-0.847,entry,3.0
2024-06-24 09:41:00,2024-06-24 09:53:00,SHORT,1,19906.75,19917.0,-20.5,25.37,-0.404,entry,12.0
2024-06-24 09:54:00,2024-06-24 10:27:00,LONG,1,19939.25,19928.5,-21.5,23.62,-0.455,entry,33.0
2024-06-24 10:28:00,2024-06-24 10:35:00,SHORT,1,19907.0,19936.75,-59.5,29.53,-1.008,entry,7.0
2024-06-24 10:40:00,2024-06-24 11:14:00,SHORT,1,19896.75,19918.75,-44.0,36.16,-0.608,entry,34.0
2024-06-24 11:24:00,2024-06-24 11:38:00,SHORT,1,19893.0,19915.25,-44.5,22.97,-0.969,entry,14.0
2024-06-24 12:11:00,2024-06-24 15:59:00,SHORT,1,19885.5,19744.75,281.5,28.59,4.922,entry,228.0
2024-06-25 09:37:00,2024-06-25 09:41:00,SHORT,1,19796.0,19824.5,-57.0,23.79,-1.198,entry,4.0
2024-06-25 09:47:00,2024-06-25 12:47:00,LONG,1,19847.0,19878.5,63.0,26.12,1.206,entry,180.0
2024-06-25 13:02:00,2024-06-25 13:14:00,SHORT,1,19859.0,19887.5,-57.0,22.94,-1.242,entry,12.0
2024-06-25 13:40:00,2024-06-25 15:59:00,LONG,1,19904.75,19966.75,124.0,23.26,2.666,entry,139.0
2024-06-26 09:45:00,2024-06-26 10:28:00,LONG,1,19958.25,19956.25,-4.0,21.69,-0.092,entry,43.0
2024-06-26 10:45:00,2024-06-26 10:59:00,LONG,1,19997.75,19974.5,-46.5,25.13,-0.925,entry,14.0
2024-06-26 11:09:00,2024-06-26 11:20:00,SHORT,1,19945.75,19972.0,-52.5,28.27,-0.928,entry,11.0
2024-06-26 11:50:00,2024-06-26 12:44:00,LONG,1,19995.25,19968.75,-53.0,25.86,-1.025,entry,54.0
2024-06-26 12:48:00,2024-06-26 13:11:00,SHORT,1,19949.25,19980.25,-62.0,26.46,-1.172,entry,23.0
2024-06-26 13:19:00,2024-06-26 13:56:00,SHORT,1,19946.75,19975.0,-56.5,28.18,-1.003,entry,37.0
2024-06-26 14:59:00,2024-06-26 15:36:00,SHORT,1,19951.0,19972.0,-42.0,22.19,-0.947,entry,37.0
2024-06-26 15:54:00,2024-06-26 15:59:00,LONG,1,20002.5,20004.75,4.5,30.69,0.073,entry,5.0
2024-06-27 09:33:00,2024-06-27 09:49:00,LONG,1,20047.0,20059.5,25.0,26.01,0.481,entry,16.0
2024-06-27 09:51:00,2024-06-27 09:58:00,SHORT,1,20037.0,20055.0,-36.0,21.81,-0.825,entry,7.0
2024-06-27 10:11:00,2024-06-27 10:32:00,LONG,1,20080.25,20061.5,-37.5,24.04,-0.78,entry,21.0
2024-06-27 10:46:00,2024-06-27 12:30:00,SHORT,1,20036.5,20038.25,-3.5,26.56,-0.066,entry,104.0
2024-06-27 13:37:00,2024-06-27 13:59:00,LONG,1,20059.25,20034.25,-50.0,20.98,-1.192,entry,22.0
2024-06-27 14:00:00,2024-06-27 14:50:00,SHORT,1,20012.75,20037.5,-49.5,25.77,-0.961,entry,50.0
2024-06-27 15:15:00,2024-06-27 15:44:00,LONG,1,20058.75,20036.25,-45.0,22.64,-0.994,entry,29.0
2024-06-27 15:53:00,2024-06-27 15:59:00,SHORT,1,20013.25,20048.0,-69.5,23.02,-1.51,entry,6.0
2024-06-28 09:36:00,2024-06-28 10:52:00,LONG,1,20079.0,20170.0,182.0,24.15,3.769,entry,76.0
2024-06-28 10:54:00,2024-06-28 15:59:00,SHORT,1,20148.75,19932.5,432.5,21.45,10.083,entry,305.0
2024-07-01 09:34:00,2024-07-01 09:36:00,SHORT,1,19933.75,19954.5,-41.5,22.1,-0.939,entry,2.0
2024-07-01 09:40:00,2024-07-01 10:00:00,SHORT,1,19927.5,19913.75,27.5,25.54,0.538,entry,20.0
2024-07-01 10:10:00,2024-07-01 10:19:00,SHORT,1,19884.25,19914.5,-60.5,28.22,-1.072,entry,9.0
2024-07-01 10:22:00,2024-07-01 10:39:00,LONG,1,19936.25,19901.75,-69.0,35.8,-0.964,entry,17.0
2024-07-01 10:41:00,2024-07-01 10:42:00,SHORT,1,19877.5,19906.75,-58.5,27.39,-1.068,entry,1.0
2024-07-01 10:53:00,2024-07-01 10:58:00,SHORT,1,19876.0,19915.75,-79.5,28.47,-1.396,entry,5.0
2024-07-01 11:11:00,2024-07-01 15:59:00,LONG,1,19926.25,20048.75,245.0,22.5,5.443,entry,288.0
2024-07-02 09:37:00,2024-07-02 10:10:00,LONG,1,20037.25,20027.5,-19.5,25.37,-0.384,entry,33.0
2024-07-02 10:12:00,2024-07-02 10:14:00,SHORT,1,20023.5,20048.5,-50.0,24.02,-1.041,entry,2.0
2024-07-02 10:30:00,2024-07-02 15:59:00,LONG,1,20075.5,20256.5,362.0,27.95,6.477,entry,329.0
2024-07-03 09:52:00,2024-07-03 10:00:00,LONG,1,20276.25,20247.5,-57.5,24.01,-1.197,entry,8.0
2024-07-03 10:14:00,2024-07-03 10:25:00,LONG,1,20283.5,20257.5,-52.0,24.41,-1.065,entry,11.0
2024-07-03 10:42:00,2024-07-03 13:14:00,LONG,1,20289.5,20419.5,260.0,26.81,4.85,entry,152.0
2024-07-05 09:38:00,2024-07-05 09:43:00,LONG,1,20491.75,20467.75,-48.0,28.7,-0.836,entry,5.0
2024-07-05 09:45:00,2024-07-05 09:50:00,SHORT,1,20445.0,20473.0,-56.0,22.27,-1.257,entry,5.0
2024-07-05 09:55:00,2024-07-05 10:08:00,LONG,1,20502.5,20480.5,-44.0,35.57,-0.619,entry,13.0
2024-07-05 10:18:00,2024-07-05 15:59:00,LONG,1,20507.75,20621.75,228.0,24.93,4.572,entry,341.0
2024-07-08 09:50:00,2024-07-08 10:00:00,LONG,1,20646.25,20607.5,-77.5,24.07,-1.61,entry,10.0
2024-07-08 10:36:00,2024-07-08 11:03:00,SHORT,1,20596.25,20623.75,-55.0,26.9,-1.022,entry,27.0
2024-07-08 11:20:00,2024-07-08 12:09:00,LONG,1,20644.0,20621.5,-45.0,23.35,-0.964,entry,49.0
2024-07-08 13:30:00,2024-07-08 14:42:00,LONG,1,20653.75,20619.25,-69.0,25.17,-1.371,entry,72.0
2024-07-08 15:52:00,2024-07-08 15:59:00,LONG,1,20654.5,20666.5,24.0,23.42,0.512,entry,7.0
2024-07-09 09:34:00,2024-07-09 09:35:00,LONG,1,20762.5,20741.25,-42.5,22.75,-0.934,entry,1.0
2024-07-09 09:57:00,2024-07-09 10:01:00,LONG,1,20759.75,20736.25,-47.0,21.1,-1.114,entry,4.0
2024-07-09 10:24:00,2024-07-09 10:45:00,SHORT,1,20718.5,20735.5,-34.0,22.66,-0.75,entry,21.0
2024-07-09 10:57:00,2024-07-09 15:59:00,SHORT,1,20709.5,20679.5,60.0,21.96,1.366,entry,302.0
2024-07-10 09:49:00,2024-07-10 10:21:00,LONG,1,20774.25,20759.75,-29.0,26.75,-0.542,entry,32.0
2024-07-10 10:55:00,2024-07-10 11:29:00,SHORT,1,20731.25,20752.75,-43.0,26.99,-0.797,entry,34.0
2024-07-10 12:15:00,2024-07-10 15:59:00,LONG,1,20782.5,20894.5,224.0,28.65,3.909,entry,224.0
2024-07-11 09:42:00,2024-07-11 09:44:00,SHORT,1,20858.5,20891.25,-65.5,20.62,-1.588,entry,2.0
2024-07-11 09:52:00,2024-07-11 15:59:00,SHORT,1,20834.0,20429.75,808.5,41.55,9.729,entry,367.0
2024-07-12 09:48:00,2024-07-12 12:11:00,LONG,1,20483.5,20558.25,149.5,28.5,2.623,entry,143.0
2024-07-12 12:22:00,2024-07-12 15:37:00,LONG,1,20590.0,20595.5,11.0,23.65,0.233,entry,195.0
2024-07-12 15:43:00,2024-07-12 15:59:00,SHORT,1,20570.0,20540.5,59.0,35.22,0.838,entry,16.0
2024-07-15 09:40:00,2024-07-15 09:43:00,LONG,1,20652.25,20614.25,-76.0,28.85,-1.317,entry,3.0
2024-07-15 09:44:00,2024-07-15 09:48:00,SHORT,1,20598.25,20634.25,-72.0,27.77,-1.297,entry,4.0
2024-07-15 10:03:00,2024-07-15 11:46:00,LONG,1,20652.0,20666.75,29.5,29.41,0.501,entry,103.0
2024-07-15 12:10:00,2024-07-15 15:59:00,SHORT,1,20653.25,20593.25,120.0,24.82,2.417,entry,229.0
2024-07-16 09:39:00,2024-07-16 09:43:00,LONG,1,20680.25,20649.75,-61.0,28.44,-1.073,entry,4.0
2024-07-16 09:48:00,2024-07-16 11:06:00,SHORT,1,20620.5,20572.75,95.5,28.9,1.652,entry,78.0
2024-07-16 11:08:00,2024-07-16 11:15:00,LONG,1,20598.75,20569.5,-58.5,28.17,-1.038,entry,7.0
2024-07-16 11:30:00,2024-07-16 11:52:00,SHORT,1,20546.25,20571.25,-50.0,24.94,-1.003,entry,22.0
2024-07-16 12:09:00,2024-07-16 14:35:00,SHORT,1,20522.5,20552.0,-59.0,45.75,-0.645,entry,146.0
2024-07-16 14:42:00,2024-07-16 15:59:00,LONG,1,20576.5,20599.5,46.0,26.64,0.863,entry,77.0
2024-07-17 09:41:00,2024-07-17 15:59:00,SHORT,1,20221.0,19992.0,458.0,28.12,8.143,entry,378.0
2024-07-18 09:40:00,2024-07-18 10:04:00,SHORT,1,20080.0,20075.75,8.5,28.3,0.15,entry,24.0
2024-07-18 10:09:00,2024-07-18 10:19:00,LONG,1,20104.75,20074.25,-61.0,27.85,-1.095,entry,10.0
2024-07-18 10:29:00,2024-07-18 15:47:00,SHORT,1,20046.5,19924.75,243.5,30.36,4.01,entry,318.0
2024-07-18 15:49:00,2024-07-18 15:51:00,LONG,1,19959.5,19900.75,-117.5,42.22,-1.391,entry,2.0
2024-07-18 15:53:00,2024-07-18 15:59:00,SHORT,1,19877.75,19891.25,-27.0,39.39,-0.343,entry,6.0
2024-07-19 09:34:00,2024-07-19 09:45:00,LONG,1,19895.0,19886.0,-18.0,30.58,-0.294,entry,11.0
2024-07-19 09:47:00,2024-07-19 09:49:00,SHORT,1,19863.25,19895.5,-64.5,31.9,-1.011,entry,2.0
2024-07-19 09:56:00,2024-07-19 09:58:00,LONG,1,19928.75,19896.75,-64.0,30.27,-1.057,entry,2.0
2024-07-19 10:00:00,2024-07-19 10:07:00,SHORT,1,19858.0,19897.0,-78.0,39.64,-0.984,entry,7.0
2024-07-19 10:13:00,2024-07-19 10:16:00,SHORT,1,19856.0,19898.5,-85.0,37.93,-1.12,entry,3.0
2024-07-19 10:22:00,2024-07-19 11:04:00,SHORT,1,19863.0,19864.75,-3.5,28.69,-0.061,entry,42.0
2024-07-19 11:08:00,2024-07-19 15:59:00,SHORT,1,19832.5,19711.75,241.5,31.51,3.832,entry,291.0
2024-07-22 09:37:00,2024-07-22 10:00:00,LONG,1,19945.25,19955.0,19.5,31.41,0.31,entry,23.0
2024-07-22 10:06:00,2024-07-22 10:15:00,SHORT,1,19909.25,19966.75,-115.0,46.9,-1.226,entry,9.0
2024-07-22 10:18:00,2024-07-22 10:28:00,SHORT,1,19916.75,19962.25,-91.0,34.29,-1.327,entry,10.0
2024-07-22 10:35:00,2024-07-22 10:59:00,LONG,1,19982.25,19954.25,-56.0,32.39,-0.864,entry,24.0
2024-07-22 11:04:00,2024-07-22 11:09:00,LONG,1,19986.5,19894.75,-183.5,29.52,-3.108,entry,5.0
2024-07-22 11:09:00,2024-07-22 12:47:00,SHORT,1,19894.75,19926.75,-64.0,61.68,-0.519,reverse,98.0
2024-07-22 12:52:00,2024-07-22 15:59:00,LONG,1,19954.75,19998.25,87.0,28.79,1.511,entry,187.0
2024-07-23 09:39:00,2024-07-23 09:53:00,LONG,1,20001.25,19989.75,-23.0,33.5,-0.343,entry,14.0
2024-07-23 10:21:00,2024-07-23 10:38:00,LONG,1,20041.75,19977.5,-128.5,45.25,-1.42,entry,17.0
2024-07-23 10:45:00,2024-07-23 11:06:00,SHORT,1,19960.5,19993.0,-65.0,38.02,-0.855,entry,21.0
2024-07-23 11:11:00,2024-07-23 12:05:00,LONG,1,20022.5,20006.75,-31.5,29.85,-0.528,entry,54.0
2024-07-23 12:23:00,2024-07-23 15:22:00,SHORT,1,19963.0,19993.25,-60.5,44.41,-0.681,entry,179.0
2024-07-23 15:40:00,2024-07-23 15:59:00,SHORT,1,19961.75,19924.75,74.0,30.9,1.197,entry,19.0
2024-07-24 09:34:00,2024-07-24 15:59:00,SHORT,1,19582.25,19204.5,755.5,39.13,9.654,entry,385.0
2024-07-25 09:33:00,2024-07-25 09:40:00,SHORT,1,19149.75,19168.0,-36.5,34.38,-0.531,entry,7.0
2024-07-25 09:42:00,2024-07-25 09:44:00,LONG,1,19194.25,19145.5,-97.5,31.23,-1.561,entry,2.0
2024-07-25 09:46:00,2024-07-25 10:25:00,SHORT,1,19112.0,19063.0,98.0,48.25,1.016,entry,39.0
2024-07-25 10:36:00,2024-07-25 14:46:00,LONG,1,19106.25,19162.0,111.5,44.03,1.266,entry,250.0
2024-07-25 14:48:00,2024-07-25 15:01:00,SHORT,1,19136.5,19170.75,-68.5,34.96,-0.98,entry,13.0
2024-07-25 15:03:00,2024-07-25 15:21:00,SHORT,1,19134.5,19180.0,-91.0,35.75,-1.273,entry,18.0
2024-07-25 15:23:00,2024-07-25 15:36:00,LONG,1,19204.75,19170.75,-68.0,35.03,-0.971,entry,13.0
2024-07-25 15:41:00,2024-07-25 15:59:00,SHORT,1,19139.0,18991.0,296.0,31.55,4.691,entry,18.0
2024-07-26 09:42:00,2024-07-26 09:44:00,SHORT,1,19083.75,19135.75,-104.0,36.69,-1.417,entry,2.0
2024-07-26 09:47:00,2024-07-26 09:58:00,SHORT,1,19080.25,19118.0,-75.5,38.68,-0.976,entry,11.0
2024-07-26 10:00:00,2024-07-26 10:04:00,LONG,1,19164.0,19108.25,-111.5,52.36,-1.065,entry,4.0
2024-07-26 10:06:00,2024-07-26 10:11:00,SHORT,1,19081.25,19111.75,-61.0,32.3,-0.944,entry,5.0
2024-07-26 10:18:00,2024-07-26 10:20:00,SHORT,1,19069.0,19118.25,-98.5,39.9,-1.234,entry,2.0
2024-07-26 10:24:00,2024-07-26 10:30:00,LONG,1,19145.75,19098.5,-94.5,36.62,-1.29,entry,6.0
2024-07-26 10:31:00,2024-07-26 10:58:00,SHORT,1,19076.0,19119.75,-87.5,37.04,-1.181,entry,27.0
2024-07-26 11:01:00,2024-07-26 11:15:00,LONG,1,19139.0,19108.25,-61.5,33.09,-0.929,entry,14.0
2024-07-26 11:39:00,2024-07-26 14:41:00,LONG,1,19143.75,19141.5,-4.5,34.33,-0.066,entry,182.0
2024-07-26 15:00:00,2024-07-26 15:24:00,SHORT,1,19121.25,19160.5,-78.5,33.97,-1.156,entry,24.0
2024-07-26 15:34:00,2024-07-26 15:40:00,SHORT,1,19117.0,19165.25,-96.5,37.07,-1.301,entry,6.0
2024-07-26 15:44:00,2024-07-26 15:50:00,LONG,1,19186.5,19151.25,-70.5,32.57,-1.082,entry,6.0
2024-07-26 15:54:00,2024-07-26 15:59:00,SHORT,1,19120.5,19175.25,-109.5,33.6,-1.63,entry,5.0
2024-07-29 09:38:00,2024-07-29 10:09:00,LONG,1,19299.25,19308.25,18.0,32.97,0.273,entry,31.0
2024-07-29 10:12:00,2024-07-29 10:21:00,SHORT,1,19272.0,19304.75,-65.5,35.48,-0.923,entry,9.0
2024-07-29 10:32:00,2024-07-29 10:41:00,SHORT,1,19265.75,19304.25,-77.0,35.4,-1.088,entry,9.0
2024-07-29 10:49:00,2024-07-29 11:57:00,SHORT,1,19263.75,19261.75,4.0,35.63,0.056,entry,68.0
2024-07-29 12:05:00,2024-07-29 13:29:00,LONG,1,19300.75,19259.0,-83.5,39.77,-1.05,entry,84.0
2024-07-29 14:01:00,2024-07-29 15:59:00,SHORT,1,19237.0,19209.0,56.0,35.36,0.792,entry,118.0
2024-07-30 09:45:00,2024-07-30 15:59:00,SHORT,1,19237.0,18938.75,596.5,45.02,6.624,entry,374.0
2024-07-31 09:34:00,2024-07-31 09:36:00,SHORT,1,19311.25,19347.75,-73.0,36.66,-0.996,entry,2.0
2024-07-31 09:40:00,2024-07-31 09:43:00,LONG,1,19398.0,19352.0,-92.0,47.68,-0.965,entry,3.0
2024-07-31 09:55:00,2024-07-31 13:28:00,LONG,1,19397.25,19423.5,52.5,40.27,0.652,entry,213.0
2024-07-31 13:31:00,2024-07-31 13:50:00,SHORT,1,19380.75,19431.75,-102.0,43.79,-1.165,entry,19.0
2024-07-31 14:06:00,2024-07-31 15:27:00,LONG,1,19463.5,19441.5,-44.0,40.75,-0.54,entry,81.0
2024-07-31 15:32:00,2024-07-31 15:59:00,LONG,1,19475.75,19496.5,41.5,34.07,0.609,entry,27.0
2024-08-01 09:40:00,2024-08-01 10:05:00,LONG,1,19584.0,19578.75,-10.5,41.19,-0.127,entry,25.0
2024-08-01 10:10:00,2024-08-01 10:13:00,SHORT,1,19557.5,19605.0,-95.0,37.95,-1.252,entry,3.0
2024-08-01 10:16:00,2024-08-01 15:59:00,SHORT,1,19556.25,19027.25,1058.0,37.73,14.022,entry,343.0
2024-08-02 09:33:00,2024-08-02 09:36:00,SHORT,1,18563.5,18620.0,-113.0,52.92,-1.068,entry,3.0
2024-08-02 09:38:00,2024-08-02 09:46:00,LONG,1,18663.25,18641.25,-44.0,57.02,-0.386,entry,8.0
2024-08-02 09:48:00,2024-08-02 09:50:00,SHORT,1,18610.5,18658.75,-96.5,41.41,-1.165,entry,2.0
2024-08-02 09:51:00,2024-08-02 11:36:00,SHORT,1,18604.5,18550.25,108.5,45.94,1.181,entry,105.0
2024-08-02 11:37:00,2024-08-02 12:10:00,LONG,1,18567.25,18533.25,-68.0,40.52,-0.839,entry,33.0
2024-08-02 12:19:00,2024-08-02 12:50:00,LONG,1,18574.5,18536.5,-76.0,39.21,-0.969,entry,31.0
2024-08-02 12:56:00,2024-08-02 13:13:00,SHORT,1,18499.75,18552.25,-105.0,39.34,-1.335,entry,17.0
2024-08-02 13:27:00,2024-08-02 14:27:00,SHORT,1,18498.5,18536.5,-76.0,39.15,-0.971,entry,60.0
2024-08-02 14:31:00,2024-08-02 14:35:00,LONG,1,18572.75,18530.25,-85.0,40.33,-1.054,entry,4.0
2024-08-02 15:39:00,2024-08-02 15:48:00,SHORT,1,18487.25,18544.75,-115.0,45.09,-1.275,entry,9.0
2024-08-02 15:50:00,2024-08-02 15:55:00,SHORT,1,18492.75,18555.75,-126.0,38.9,-1.619,entry,5.0
2024-08-02 15:56:00,2024-08-02 15:59:00,LONG,1,18570.75,18561.0,-19.5,39.37,-0.248,entry,3.0
2024-08-05 09:31:00,2024-08-05 10:29:00,LONG,1,17629.25,17858.0,457.5,54.88,4.168,entry,58.0
2024-08-05 10:33:00,2024-08-05 14:14:00,LONG,1,17916.75,17989.0,144.5,45.73,1.58,entry,221.0
2024-08-05 14:30:00,2024-08-05 14:38:00,LONG,1,18049.5,17999.25,-100.5,47.91,-1.049,entry,8.0
2024-08-05 14:42:00,2024-08-05 15:37:00,SHORT,1,17952.25,18013.25,-122.0,49.45,-1.234,entry,55.0
2024-08-05 15:43:00,2024-08-05 15:58:00,SHORT,1,17938.5,18004.0,-131.0,56.54,-1.158,entry,15.0
2024-08-06 09:36:00,2024-08-06 09:48:00,SHORT,1,18063.25,18076.25,-26.0,55.75,-0.233,entry,12.0
2024-08-06 09:52:00,2024-08-06 15:47:00,LONG,1,18115.5,18265.5,300.0,48.25,3.109,entry,355.0
2024-08-06 15:54:00,2024-08-06 15:59:00,SHORT,1,18216.75,18172.0,89.5,57.23,0.782,entry,5.0
2024-08-07 10:18:00,2024-08-07 10:44:00,SHORT,1,18444.25,18503.0,-117.5,63.06,-0.932,entry,26.0
2024-08-07 10:51:00,2024-08-07 11:13:00,LONG,1,18540.5,18491.5,-98.0,45.84,-1.069,entry,22.0
2024-08-07 11:25:00,2024-08-07 15:59:00,SHORT,1,18450.75,17972.5,956.5,45.88,10.424,entry,274.0
2024-08-08 09:40:00,2024-08-08 09:54:00,SHORT,1,18145.75,18175.0,-58.5,48.63,-0.601,entry,14.0
2024-08-08 10:00:00,2024-08-08 15:59:00,LONG,1,18225.25,18519.25,588.0,60.53,4.857,entry,359.0
2024-08-09 10:00:00,2024-08-09 10:03:00,SHORT,1,18413.5,18472.0,-117.0,55.9,-1.046,entry,3.0
2024-08-09 10:11:00,2024-08-09 10:30:00,LONG,1,18521.25,18479.5,-83.5,49.91,-0.837,entry,19.0
2024-08-09 10:52:00,2024-08-09 11:56:00,LONG,1,18539.75,18481.0,-117.5,57.92,-1.014,entry,64.0
2024-08-09 13:09:00,2024-08-09 15:59:00,LONG,1,18550.75,18609.75,118.0,53.95,1.094,entry,170.0
2024-08-12 09:42:00,2024-08-12 10:06:00,SHORT,1,18590.0,18605.75,-31.5,48.16,-0.327,entry,24.0
2024-08-12 10:13:00,2024-08-12 11:23:00,LONG,1,18652.0,18639.75,-24.5,55.08,-0.222,entry,70.0
2024-08-12 11:24:00,2024-08-12 11:49:00,SHORT,1,18589.5,18653.25,-127.5,64.35,-0.991,entry,25.0
2024-08-12 11:56:00,2024-08-12 12:56:00,LONG,1,18697.0,18644.75,-104.5,48.32,-1.081,entry,60.0
2024-08-12 13:00:00,2024-08-12 13:18:00,SHORT,1,18599.75,18657.25,-115.0,56.73,-1.013,entry,18.0
2024-08-12 13:50:00,2024-08-12 15:59:00,SHORT,1,18607.25,18645.25,-76.0,47.84,-0.794,entry,129.0
2024-08-13 10:47:00,2024-08-13 15:59:00,LONG,1,18937.5,19101.25,327.5,53.86,3.04,entry,312.0
2024-08-14 09:42:00,2024-08-14 10:52:00,SHORT,1,19074.75,19041.5,66.5,48.15,0.691,entry,70.0
2024-08-14 11:03:00,2024-08-14 12:24:00,LONG,1,19083.0,19069.25,-27.5,44.58,-0.308,entry,81.0
2024-08-14 15:54:00,2024-08-14 15:59:00,LONG,1,19124.5,19107.25,-34.5,53.43,-0.323,entry,5.0
2024-08-15 09:52:00,2024-08-15 15:59:00,LONG,1,19420.75,19587.25,333.0,46.13,3.609,entry,367.0
2024-08-16 10:06:00,2024-08-16 10:48:00,LONG,1,19556.25,19513.0,-86.5,49.16,-0.88,entry,42.0
2024-08-16 11:54:00,2024-08-16 15:59:00,LONG,1,19577.0,19603.5,53.0,45.25,0.586,entry,245.0
2024-08-19 10:17:00,2024-08-19 10:26:00,SHORT,1,19548.75,19595.75,-94.0,44.1,-1.066,entry,9.0
2024-08-19 10:50:00,2024-08-19 15:59:00,LONG,1,19636.25,19860.0,447.5,42.64,5.247,entry,309.0
2024-08-20 09:54:00,2024-08-20 10:11:00,LONG,1,19908.5,19862.5,-92.0,45.67,-1.007,entry,17.0
2024-08-20 10:12:00,2024-08-20 11:57:00,SHORT,1,19829.0,19838.25,-18.5,45.58,-0.203,entry,105.0
2024-08-20 12:55:00,2024-08-20 14:05:00,SHORT,1,19785.75,19823.0,-74.5,43.17,-0.863,entry,70.0
2024-08-20 14:24:00,2024-08-20 15:29:00,LONG,1,19866.0,19824.25,-83.5,42.22,-0.989,entry,65.0
2024-08-21 10:00:00,2024-08-21 10:15:00,LONG,1,19896.25,19847.0,-98.5,45.02,-1.094,entry,15.0
2024-08-21 10:36:00,2024-08-21 10:50:00,LONG,1,19935.0,19866.75,-136.5,65.98,-1.034,entry,14.0
2024-08-21 10:52:00,2024-08-21 11:11:00,SHORT,1,19829.0,19882.75,-107.5,54.48,-0.987,entry,19.0
2024-08-21 11:49:00,2024-08-21 12:58:00,SHORT,1,19833.75,19873.75,-80.0,40.29,-0.993,entry,69.0
2024-08-21 14:00:00,2024-08-21 15:09:00,LONG,1,19935.75,19868.0,-135.5,69.14,-0.98,entry,69.0
2024-08-22 10:07:00,2024-08-22 15:59:00,SHORT,1,19939.0,19585.5,707.0,42.43,8.331,entry,352.0
2024-08-23 10:00:00,2024-08-23 10:40:00,LONG,1,19817.5,19809.75,-15.5,78.65,-0.099,entry,40.0
2024-08-23 10:46:00,2024-08-23 11:15:00,SHORT,1,19766.75,19780.5,-27.5,42.77,-0.321,entry,29.0
2024-08-23 11:40:00,2024-08-23 11:43:00,LONG,1,19815.75,19770.25,-91.0,40.27,-1.13,entry,3.0
2024-08-23 11:45:00,2024-08-23 13:42:00,SHORT,1,19718.0,19749.0,-62.0,56.93,-0.545,entry,117.0
2024-08-23 15:24:00,2024-08-23 15:45:00,LONG,1,19793.25,19744.25,-98.0,45.13,-1.086,entry,21.0
2024-08-23 15:54:00,2024-08-23 15:59:00,LONG,1,19804.0,19789.0,-30.0,54.32,-0.276,entry,5.0
2024-08-26 09:54:00,2024-08-26 12:44:00,SHORT,1,19717.5,19633.5,168.0,41.41,2.028,entry,170.0
2024-08-26 13:11:00,2024-08-26 15:02:00,SHORT,1,19592.75,19619.75,-54.0,39.54,-0.683,entry,111.0
2024-08-26 15:36:00,2024-08-26 15:59:00,SHORT,1,19578.25,19593.25,-30.0,38.81,-0.386,entry,23.0
2024-08-27 09:40:00,2024-08-27 09:48:00,SHORT,1,19455.25,19494.0,-77.5,46.16,-0.839,entry,8.0
2024-08-27 09:52:00,2024-08-27 11:53:00,LONG,1,19533.75,19582.25,97.0,42.35,1.145,entry,121.0
2024-08-27 12:12:00,2024-08-27 15:59:00,LONG,1,19624.5,19651.25,53.5,38.83,0.689,entry,227.0
2024-08-28 09:39:00,2024-08-28 10:25:00,SHORT,1,19586.25,19581.0,10.5,41.84,0.125,entry,46.0
2024-08-28 10:41:00,2024-08-28 15:01:00,SHORT,1,19536.25,19452.75,167.0,37.95,2.2,entry,260.0
2024-08-29 09:33:00,2024-08-29 09:41:00,LONG,1,19565.75,19551.5,-28.5,40.6,-0.351,entry,8.0
2024-08-29 09:49:00,2024-08-29 09:52:00,LONG,1,19615.75,19551.0,-129.5,51.75,-1.251,entry,3.0
2024-08-29 09:55:00,2024-08-29 10:09:00,LONG,1,19617.5,19583.5,-68.0,50.19,-0.677,entry,14.0
2024-08-29 10:18:00,2024-08-29 10:26:00,SHORT,1,19546.5,19592.5,-92.0,40.46,-1.137,entry,8.0
2024-08-29 10:31:00,2024-08-29 11:21:00,LONG,1,19623.5,19600.0,-47.0,38.07,-0.617,entry,50.0
2024-08-29 11:30:00,2024-08-29 13:11:00,LONG,1,19645.25,19605.75,-79.0,40.97,-0.964,entry,101.0
2024-08-29 14:10:00,2024-08-29 15:59:00,SHORT,1,19571.0,19393.5,355.0,42.6,4.167,entry,109.0
2024-08-30 09:53:00,2024-08-30 10:16:00,LONG,1,19594.75,19566.75,-56.0,41.18,-0.68,entry,23.0
2024-08-30 10:25:00,2024-08-30 10:35:00,SHORT,1,19522.5,19576.0,-107.0,45.47,-1.177,entry,10.0
2024-08-30 10:56:00,2024-08-30 14:41:00,SHORT,1,19525.25,19506.5,37.5,40.56,0.462,entry,225.0
2024-08-30 15:23:00,2024-08-30 15:59:00,LONG,1,19545.25,19610.25,130.0,42.04,1.546,entry,36.0
2024-09-02 10:44:00,2024-09-02 12:50:00,LONG,1,19659.25,19634.75,-49.0,36.63,-0.669,entry,126.0
2024-09-03 09:35:00,2024-09-03 09:49:00,SHORT,1,19394.25,19413.25,-38.0,41.65,-0.456,entry,14.0
2024-09-03 09:53:00,2024-09-03 15:59:00,SHORT,1,19363.5,19012.25,702.5,40.51,8.671,entry,366.0
2024-09-04 09:41:00,2024-09-04 10:00:00,LONG,1,18948.75,18853.75,-190.0,51.76,-1.836,entry,19.0
2024-09-04 10:00:00,2024-09-04 10:02:00,SHORT,1,18853.75,18943.25,-179.0,69.63,-1.285,reverse,2.0
2024-09-04 10:08:00,2024-09-04 10:17:00,LONG,1,18963.75,18919.25,-89.0,40.91,-1.088,entry,9.0
2024-09-04 10:24:00,2024-09-04 14:05:00,LONG,1,18968.25,18985.75,35.0,37.33,0.469,entry,221.0
2024-09-04 14:45:00,2024-09-04 15:50:00,SHORT,1,18955.5,18992.25,-73.5,38.41,-0.957,entry,65.0
2024-09-05 09:36:00,2024-09-05 10:45:00,LONG,1,18964.25,19036.25,144.0,46.03,1.564,entry,69.0
2024-09-05 10:50:00,2024-09-05 13:45:00,SHORT,1,19001.75,18985.0,33.5,38.75,0.432,entry,175.0
2024-09-05 14:50:00,2024-09-05 15:00:00,LONG,1,19033.0,18977.5,-111.0,48.79,-1.138,entry,10.0
2024-09-05 15:15:00,2024-09-05 15:33:00,SHORT,1,18926.75,18989.5,-125.5,57.15,-1.098,entry,18.0
2024-09-05 15:41:00,2024-09-05 15:59:00,SHORT,1,18943.0,18975.5,-65.0,39.41,-0.825,entry,18.0
2024-09-06 09:32:00,2024-09-06 09:46:00,SHORT,1,18892.25,18866.25,52.0,40.7,0.639,entry,14.0
2024-09-06 09:50:00,2024-09-06 15:59:00,SHORT,1,18818.75,18458.25,721.0,43.37,8.313,entry,369.0
2024-09-09 09:58:00,2024-09-09 10:18:00,LONG,1,18692.5,18656.25,-72.5,40.89,-0.886,entry,20.0
2024-09-09 10:27:00,2024-09-09 11:49:00,SHORT,1,18621.25,18612.5,17.5,37.72,0.232,entry,82.0
2024-09-09 12:03:00,2024-09-09 14:02:00,LONG,1,18652.5,18631.75,-41.5,42.81,-0.485,entry,119.0
2024-09-09 14:30:00,2024-09-09 15:27:00,SHORT,1,18591.5,18631.0,-79.0,39.74,-0.994,entry,57.0
2024-09-09 15:41:00,2024-09-09 15:53:00,LONG,1,18666.5,18627.25,-78.5,37.8,-1.038,entry,12.0
2024-09-09 15:57:00,2024-09-09 15:59:00,LONG,1,18677.25,18688.5,22.5,47.42,0.237,entry,2.0
2024-09-10 09:36:00,2024-09-10 09:44:00,SHORT,1,18742.5,18767.0,-49.0,39.26,-0.624,entry,8.0
2024-09-10 10:13:00,2024-09-10 10:29:00,SHORT,1,18710.75,18780.75,-140.0,55.77,-1.255,entry,16.0
2024-09-10 10:47:00,2024-09-10 11:15:00,SHORT,1,18715.5,18754.5,-78.0,40.22,-0.97,entry,28.0
2024-09-10 11:48:00,2024-09-10 13:10:00,SHORT,1,18713.0,18739.25,-52.5,38.08,-0.689,entry,82.0
2024-09-10 13:13:00,2024-09-10 15:59:00,LONG,1,18762.0,18855.5,187.0,37.23,2.511,entry,166.0
2024-09-11 09:35:00,2024-09-11 09:38:00,SHORT,1,18831.75,18871.0,-78.5,40.21,-0.976,entry,3.0
2024-09-11 09:46:00,2024-09-11 11:36:00,SHORT,1,18800.5,18717.5,166.0,52.8,1.572,entry,110.0
2024-09-11 11:38:00,2024-09-11 15:59:00,LONG,1,18750.5,19254.5,1008.0,38.21,13.192,entry,261.0
2024-09-12 09:49:00,2024-09-12 09:54:00,SHORT,1,19208.25,19261.25,-106.0,42.12,-1.258,entry,5.0
2024-09-12 10:12:00,2024-09-12 11:00:00,LONG,1,19295.5,19266.0,-59.0,47.25,-0.624,entry,48.0
2024-09-12 11:05:00,2024-09-12 11:34:00,LONG,1,19328.0,19282.5,-91.0,49.32,-0.922,entry,29.0
2024-09-12 12:49:00,2024-09-12 15:59:00,LONG,1,19327.75,19451.5,247.5,40.88,3.027,entry,190.0
2024-09-13 09:37:00,2024-09-13 10:00:00,LONG,1,19476.5,19458.5,-36.0,40.24,-0.447,entry,23.0
2024-09-13 10:07:00,2024-09-13 10:29:00,LONG,1,19504.25,19462.25,-84.0,40.39,-1.04,entry,22.0
2024-09-13 10:30:00,2024-09-13 10:39:00,SHORT,1,19430.75,19482.5,-103.5,42.33,-1.222,entry,9.0
2024-09-13 10:43:00,2024-09-13 12:16:00,LONG,1,19511.75,19487.5,-48.5,39.73,-0.61,entry,93.0
2024-09-13 12:57:00,2024-09-13 14:31:00,LONG,1,19533.25,19503.5,-59.5,40.39,-0.737,entry,94.0
2024-09-16 09:33:00,2024-09-16 09:43:00,SHORT,1,19586.75,19614.0,-54.5,47.42,-0.575,entry,10.0
2024-09-16 09:50:00,2024-09-16 10:25:00,LONG,1,19649.75,19635.5,-28.5,38.59,-0.369,entry,35.0
2024-09-16 10:30:00,2024-09-16 11:18:00,SHORT,1,19591.25,19619.75,-57.0,44.08,-0.646,entry,48.0
2024-09-16 11:45:00,2024-09-16 12:52:00,SHORT,1,19570.5,19609.0,-77.0,43.61,-0.883,entry,67.0
2024-09-16 13:39:00,2024-09-16 15:59:00,LONG,1,19651.0,19670.5,39.0,41.67,0.468,entry,140.0
2024-09-17 09:49:00,2024-09-17 10:03:00,SHORT,1,19748.75,19777.75,-58.0,40.62,-0.714,entry,14.0
2024-09-17 10:45:00,2024-09-17 10:58:00,LONG,1,19840.0,19781.0,-118.0,55.88,-1.056,entry,13.0
2024-09-17 11:41:00,2024-09-17 15:59:00,SHORT,1,19749.0,19682.5,133.0,36.18,1.838,entry,258.0
2024-09-18 10:11:00,2024-09-18 10:29:00,SHORT,1,19659.25,19700.5,-82.5,38.83,-1.062,entry,18.0
2024-09-18 11:20:00,2024-09-18 12:28:00,SHORT,1,19652.75,19672.0,-38.5,39.83,-0.483,entry,68.0
2024-09-18 13:00:00,2024-09-18 14:12:00,LONG,1,19709.25,19685.5,-47.5,36.5,-0.651,entry,72.0
2024-09-18 14:15:00,2024-09-18 15:00:00,LONG,1,19751.5,19694.75,-113.5,49.12,-1.155,entry,45.0
2024-09-18 15:01:00,2024-09-18 15:25:00,SHORT,1,19649.25,19730.25,-162.0,72.25,-1.121,entry,24.0
2024-09-18 15:27:00,2024-09-18 15:34:00,LONG,1,19765.75,19696.75,-138.0,51.7,-1.335,entry,7.0
2024-09-18 15:36:00,2024-09-18 15:59:00,SHORT,1,19663.5,19583.75,159.5,50.99,1.564,entry,23.0
2024-09-19 09:50:00,2024-09-19 10:03:00,SHORT,1,19988.25,20034.75,-93.0,46.63,-0.997,entry,13.0
2024-09-19 10:17:00,2024-09-19 11:00:00,LONG,1,20071.0,20053.75,-34.5,42.79,-0.403,entry,43.0
2024-09-19 11:04:00,2024-09-19 15:14:00,LONG,1,20104.0,20103.25,-1.5,42.41,-0.018,entry,250.0
2024-09-20 09:58:00,2024-09-20 11:56:00,SHORT,1,20007.0,19985.75,42.5,40.65,0.523,entry,118.0
2024-09-20 12:30:00,2024-09-20 14:01:00,LONG,1,20020.0,19984.0,-72.0,37.17,-0.968,entry,91.0
2024-09-20 14:10:00,2024-09-20 14:56:00,SHORT,1,19949.25,19990.5,-82.5,38.1,-1.083,entry,46.0
2024-09-20 15:20:00,2024-09-20 15:59:00,LONG,1,20027.0,20032.75,11.5,41.12,0.14,entry,39.0
2024-09-23 09:49:00,2024-09-23 10:14:00,LONG,1,20100.25,20060.25,-80.0,40.43,-0.989,entry,25.0
2024-09-23 10:23:00,2024-09-23 10:35:00,LONG,1,20109.25,20073.5,-71.5,37.51,-0.953,entry,12.0
2024-09-23 10:47:00,2024-09-23 11:02:00,LONG,1,20114.0,20079.25,-69.5,37.81,-0.919,entry,15.0
2024-09-23 11:51:00,2024-09-23 12:12:00,LONG,1,20119.0,20066.5,-105.0,38.4,-1.367,entry,21.0
2024-09-23 12:47:00,2024-09-23 14:08:00,SHORT,1,20042.5,20074.5,-64.0,36.86,-0.868,entry,81.0
2024-09-24 10:00:00,2024-09-24 10:52:00,SHORT,1,20038.75,20044.75,-12.0,67.8,-0.088,entry,52.0
2024-09-24 11:00:00,2024-09-24 15:59:00,LONG,1,20077.0,20170.25,186.5,35.02,2.663,entry,299.0
2024-09-25 09:56:00,2024-09-25 10:49:00,LONG,1,20220.5,20211.5,-18.0,39.87,-0.226,entry,53.0
2024-09-25 13:00:00,2024-09-25 15:59:00,SHORT,1,20157.75,20195.0,-74.5,52.83,-0.705,entry,179.0
2024-09-26 09:35:00,2024-09-26 14:14:00,SHORT,1,20427.25,20321.25,212.0,39.63,2.674,entry,279.0
2024-09-26 15:13:00,2024-09-26 15:59:00,LONG,1,20353.75,20341.5,-24.5,32.56,-0.376,entry,46.0
2024-09-27 10:17:00,2024-09-27 10:28:00,SHORT,1,20304.75,20336.5,-63.5,32.55,-0.975,entry,11.0
2024-09-27 10:30:00,2024-09-27 15:59:00,SHORT,1,20295.5,20223.0,145.0,37.13,1.953,entry,329.0
2024-09-30 09:36:00,2024-09-30 09:55:00,LONG,1,20253.5,20231.5,-44.0,38.93,-0.565,entry,19.0
2024-09-30 10:04:00,2024-09-30 11:04:00,SHORT,1,20190.5,20203.25,-25.5,37.0,-0.345,entry,60.0
2024-09-30 12:08:00,2024-09-30 13:01:00,LONG,1,20236.0,20204.5,-63.0,33.33,-0.945,entry,53.0
2024-09-30 13:15:00,2024-09-30 13:58:00,SHORT,1,20174.25,20208.75,-69.0,31.56,-1.093,entry,43.0
2024-09-30 14:14:00,2024-09-30 15:44:00,SHORT,1,20162.0,20183.0,-42.0,40.73,-0.516,entry,90.0
2024-09-30 15:50:00,2024-09-30 15:59:00,LONG,1,20238.25,20270.25,64.0,56.12,0.57,entry,9.0
2024-10-01 09:32:00,2024-10-01 12:10:00,SHORT,1,20200.0,19982.75,434.5,36.29,5.986,entry,158.0
2024-10-01 12:27:00,2024-10-01 13:55:00,SHORT,1,19935.0,19969.75,-69.5,40.77,-0.852,entry,88.0
2024-10-01 13:59:00,2024-10-01 15:54:00,LONG,1,19999.25,19967.5,-63.5,41.27,-0.769,entry,115.0
2024-10-02 09:38:00,2024-10-02 09:48:00,SHORT,1,19889.0,19915.0,-52.0,39.83,-0.653,entry,10.0
2024-10-02 10:02:00,2024-10-02 12:59:00,LONG,1,19955.0,19980.5,51.0,48.7,0.524,entry,177.0
2024-10-02 13:49:00,2024-10-02 15:59:00,LONG,1,20025.0,20010.0,-30.0,34.92,-0.43,entry,130.0
2024-10-03 09:33:00,2024-10-03 10:13:00,LONG,1,19961.0,20008.75,95.5,31.64,1.509,entry,40.0
2024-10-03 10:16:00,2024-10-03 10:20:00,LONG,1,20055.0,20016.0,-78.0,35.6,-1.095,entry,4.0
2024-10-03 10:22:00,2024-10-03 10:33:00,SHORT,1,19949.5,20014.0,-129.0,69.54,-0.927,entry,11.0
2024-10-03 10:37:00,2024-10-03 10:47:00,SHORT,1,19976.75,20004.0,-54.5,33.05,-0.825,entry,10.0
2024-10-03 10:58:00,2024-10-03 11:23:00,SHORT,1,19959.5,20004.25,-89.5,43.7,-1.024,entry,25.0
2024-10-03 11:40:00,2024-10-03 12:40:00,LONG,1,20036.0,20000.0,-72.0,37.36,-0.964,entry,60.0
2024-10-03 12:43:00,2024-10-03 15:58:00,SHORT,1,19970.5,19995.75,-50.5,32.74,-0.771,entry,195.0
2024-10-04 09:53:00,2024-10-04 10:59:00,SHORT,1,20175.5,20126.75,97.5,34.64,1.407,entry,66.0
2024-10-04 11:01:00,2024-10-04 11:13:00,LONG,1,20149.25,20110.25,-78.0,33.29,-1.172,entry,12.0
2024-10-04 11:22:00,2024-10-04 11:55:00,SHORT,1,20072.0,20116.0,-88.0,44.89,-0.98,entry,33.0
2024-10-04 11:59:00,2024-10-04 12:08:00,LONG,1,20141.5,20107.25,-68.5,32.02,-1.07,entry,9.0
2024-10-04 12:38:00,2024-10-04 13:37:00,LONG,1,20153.25,20098.5,-109.5,42.99,-1.273,entry,59.0
2024-10-04 13:43:00,2024-10-04 13:59:00,LONG,1,20159.25,20115.5,-87.5,43.23,-1.012,entry,16.0
2024-10-04 14:34:00,2024-10-04 15:59:00,LONG,1,20148.5,20227.25,157.5,31.13,2.53,entry,85.0
2024-10-07 09:53:00,2024-10-07 10:04:00,SHORT,1,20100.0,20136.5,-73.0,34.09,-1.071,entry,11.0
2024-10-07 10:16:00,2024-10-07 10:46:00,LONG,1,20162.25,20137.5,-49.5,31.06,-0.797,entry,30.0
2024-10-07 10:57:00,2024-10-07 11:02:00,LONG,1,20173.75,20138.25,-71.0,31.94,-1.111,entry,5.0
2024-10-07 14:04:00,2024-10-07 15:59:00,SHORT,1,20107.5,19999.0,217.0,35.09,3.092,entry,115.0
2024-10-08 09:53:00,2024-10-08 13:08:00,LONG,1,20133.0,20180.25,94.5,37.74,1.252,entry,195.0
2024-10-08 13:57:00,2024-10-08 15:59:00,LONG,1,20226.0,20300.0,148.0,33.77,2.191,entry,122.0
2024-10-09 10:11:00,2024-10-09 15:59:00,LONG,1,20301.75,20458.25,313.0,32.43,4.826,entry,348.0
2024-10-10 09:47:00,2024-10-10 09:55:00,SHORT,1,20331.5,20367.75,-72.5,35.79,-1.013,entry,8.0
2024-10-10 10:05:00,2024-10-10 11:01:00,LONG,1,20397.0,20374.5,-45.0,37.43,-0.601,entry,56.0
2024-10-10 11:08:00,2024-10-10 13:51:00,LONG,1,20412.0,20403.25,-17.5,36.46,-0.24,entry,163.0
2024-10-10 13:57:00,2024-10-10 14:16:00,LONG,1,20445.75,20410.75,-70.0,32.93,-1.063,entry,19.0
2024-10-11 10:06:00,2024-10-11 12:48:00,LONG,1,20389.0,20410.0,42.0,43.55,0.482,entry,162.0
2024-10-11 13:00:00,2024-10-11 15:59:00,LONG,1,20442.0,20449.75,15.5,30.35,0.255,entry,179.0
2024-10-14 09:46:00,2024-10-14 10:16:00,LONG,1,20615.0,20613.0,-4.0,31.78,-0.063,entry,30.0
2024-10-14 10:51:00,2024-10-14 12:04:00,SHORT,1,20590.0,20599.25,-18.5,29.69,-0.312,entry,73.0
2024-10-14 14:39:00,2024-10-14 15:59:00,LONG,1,20629.5,20621.75,-15.5,29.2,-0.265,entry,80.0
2024-10-15 10:12:00,2024-10-15 15:59:00,SHORT,1,20595.0,20343.5,503.0,33.69,7.465,entry,347.0
2024-10-16 09:39:00,2024-10-16 10:07:00,SHORT,1,20270.5,20269.0,3.0,37.59,0.04,entry,28.0
2024-10-16 10:12:00,2024-10-16 10:39:00,LONG,1,20298.0,20279.5,-37.0,30.53,-0.606,entry,27.0
2024-10-16 11:15:00,2024-10-16 11:51:00,LONG,1,20311.25,20277.0,-68.5,30.46,-1.124,entry,36.0
2024-10-16 12:31:00,2024-10-16 15:59:00,LONG,1,20316.0,20346.25,60.5,31.39,0.964,entry,208.0
2024-10-17 09:33:00,2024-10-17 09:47:00,SHORT,1,20508.5,20474.0,69.0,33.53,1.029,entry,14.0
2024-10-17 09:59:00,2024-10-17 10:21:00,SHORT,1,20434.25,20448.25,-28.0,36.75,-0.381,entry,22.0
2024-10-17 10:37:00,2024-10-17 11:14:00,SHORT,1,20414.5,20441.75,-54.5,31.2,-0.873,entry,37.0
2024-10-17 11:38:00,2024-10-17 14:04:00,LONG,1,20474.75,20445.5,-58.5,36.01,-0.812,entry,146.0
2024-10-17 14:08:00,2024-10-17 15:59:00,SHORT,1,20412.5,20364.0,97.0,38.92,1.246,entry,111.0
2024-10-18 09:41:00,2024-10-18 09:49:00,LONG,1,20482.0,20453.0,-58.0,30.1,-0.964,entry,8.0
2024-10-18 10:07:00,2024-10-18 10:36:00,LONG,1,20506.25,20475.5,-61.5,37.16,-0.827,entry,29.0
2024-10-18 11:28:00,2024-10-18 11:45:00,LONG,1,20512.75,20481.0,-63.5,32.72,-0.97,entry,17.0
2024-10-18 12:14:00,2024-10-18 12:35:00,SHORT,1,20447.25,20482.0,-69.5,33.98,-1.023,entry,21.0
2024-10-18 12:55:00,2024-10-18 14:01:00,LONG,1,20511.5,20475.25,-72.5,30.81,-1.177,entry,66.0
2024-10-21 09:36:00,2024-10-21 10:36:00,LONG,1,20481.0,20482.0,2.0,31.36,0.032,entry,60.0
2024-10-21 10:39:00,2024-10-21 11:55:00,SHORT,1,20448.75,20447.25,3.0,43.26,0.035,entry,76.0
2024-10-21 13:00:00,2024-10-21 15:04:00,LONG,1,20476.25,20450.5,-51.5,28.78,-0.895,entry,124.0
2024-10-21 15:12:00,2024-10-21 15:59:00,LONG,1,20479.75,20520.5,81.5,27.34,1.491,entry,47.0
2024-10-22 09:38:00,2024-10-22 10:47:00,LONG,1,20429.75,20456.0,52.5,30.0,0.875,entry,69.0
2024-10-22 10:54:00,2024-10-22 12:01:00,LONG,1,20494.25,20464.25,-60.0,33.21,-0.903,entry,67.0
2024-10-22 12:25:00,2024-10-22 12:50:00,SHORT,1,20437.0,20476.5,-79.0,29.08,-1.358,entry,25.0
2024-10-22 12:55:00,2024-10-22 15:59:00,LONG,1,20491.75,20539.75,96.0,26.94,1.782,entry,184.0
2024-10-23 10:02:00,2024-10-23 10:29:00,SHORT,1,20403.75,20418.0,-28.5,27.33,-0.521,entry,27.0
2024-10-23 10:34:00,2024-10-23 10:53:00,LONG,1,20440.75,20408.75,-64.0,30.78,-1.04,entry,19.0
2024-10-23 11:10:00,2024-10-23 15:59:00,SHORT,1,20383.5,20218.25,330.5,28.37,5.825,entry,289.0
2024-10-24 09:48:00,2024-10-24 09:54:00,SHORT,1,20304.5,20333.5,-58.0,30.35,-0.956,entry,6.0
2024-10-24 10:02:00,2024-10-24 10:08:00,LONG,1,20371.5,20331.5,-80.0,36.78,-1.088,entry,6.0
2024-10-24 10:36:00,2024-10-24 10:48:00,LONG,1,20367.0,20340.75,-52.5,28.1,-0.934,entry,12.0
2024-10-24 11:47:00,2024-10-24 12:30:00,SHORT,1,20291.0,20330.25,-78.5,47.02,-0.835,entry,43.0
2024-10-24 12:49:00,2024-10-24 15:59:00,LONG,1,20364.5,20380.0,31.0,34.37,0.451,entry,190.0
2024-10-25 09:35:00,2024-10-25 11:37:00,LONG,1,20559.0,20631.5,145.0,27.29,2.656,entry,122.0
2024-10-25 11:55:00,2024-10-25 12:05:00,SHORT,1,20604.25,20633.75,-59.0,28.83,-1.023,entry,10.0
2024-10-25 12:29:00,2024-10-25 13:03:00,LONG,1,20660.25,20632.0,-56.5,27.2,-1.038,entry,34.0
2024-10-25 13:17:00,2024-10-25 15:59:00,SHORT,1,20599.25,20495.0,208.5,34.23,3.045,entry,162.0
2024-10-28 09:50:00,2024-10-28 10:04:00,SHORT,1,20542.5,20573.0,-61.0,36.68,-0.832,entry,14.0
2024-10-28 10:30:00,2024-10-28 10:34:00,LONG,1,20610.5,20571.5,-78.0,34.84,-1.119,entry,4.0
2024-10-28 10:41:00,2024-10-28 10:58:00,LONG,1,20606.25,20575.5,-61.5,29.06,-1.058,entry,17.0
2024-10-28 11:01:00,2024-10-28 15:59:00,SHORT,1,20549.0,20500.5,97.0,29.81,1.627,entry,298.0
2024-10-29 09:32:00,2024-10-29 09:42:00,SHORT,1,20455.25,20476.75,-43.0,29.32,-0.733,entry,10.0
2024-10-29 09:45:00,2024-10-29 09:49:00,LONG,1,20510.0,20467.75,-84.5,40.2,-1.051,entry,4.0
2024-10-29 09:56:00,2024-10-29 15:59:00,LONG,1,20509.5,20695.0,371.0,34.06,5.447,entry,363.0
2024-10-30 09:34:00,2024-10-30 09:53:00,SHORT,1,20618.75,20604.5,28.5,27.48,0.519,entry,19.0
2024-10-30 10:00:00,2024-10-30 10:52:00,LONG,1,20640.5,20632.5,-16.0,33.66,-0.238,entry,52.0
2024-10-30 11:26:00,2024-10-30 13:08:00,LONG,1,20667.5,20638.0,-59.0,32.25,-0.915,entry,102.0
2024-10-30 13:33:00,2024-10-30 15:59:00,SHORT,1,20608.0,20534.5,147.0,33.54,2.192,entry,146.0
2024-10-31 09:31:00,2024-10-31 09:37:00,SHORT,1,20301.0,20302.0,-2.0,28.08,-0.036,entry,6.0
2024-10-31 09:44:00,2024-10-31 15:48:00,SHORT,1,20259.5,20119.75,279.5,32.52,4.298,entry,364.0
2024-10-31 15:52:00,2024-10-31 15:59:00,SHORT,1,20083.75,20011.25,145.0,32.04,2.263,entry,7.0
2024-11-01 09:40:00,2024-11-01 10:46:00,LONG,1,20133.0,20166.75,67.5,36.99,0.912,entry,66.0
2024-11-01 10:57:00,2024-11-01 12:43:00,LONG,1,20222.0,20198.0,-48.0,43.37,-0.553,entry,106.0
2024-11-01 13:23:00,2024-11-01 13:32:00,LONG,1,20245.25,20202.75,-85.0,42.01,-1.012,entry,9.0
2024-11-01 13:36:00,2024-11-01 15:14:00,SHORT,1,20173.5,20201.5,-56.0,30.4,-0.921,entry,98.0
2024-11-01 15:29:00,2024-11-01 15:59:00,SHORT,1,20157.0,20147.0,20.0,39.86,0.251,entry,30.0
2024-11-04 09:33:00,2024-11-04 09:41:00,SHORT,1,20075.0,20072.75,4.5,30.25,0.074,entry,8.0
2024-11-04 09:43:00,2024-11-04 11:38:00,LONG,1,20100.75,20133.0,64.5,30.91,1.043,entry,115.0
2024-11-04 11:43:00,2024-11-04 12:35:00,SHORT,1,20096.75,20127.0,-60.5,41.48,-0.729,entry,52.0
2024-11-04 13:07:00,2024-11-04 13:12:00,SHORT,1,20087.5,20134.25,-93.5,36.58,-1.278,entry,5.0
2024-11-04 13:23:00,2024-11-04 15:04:00,LONG,1,20154.5,20127.5,-54.0,30.04,-0.899,entry,101.0
2024-11-04 15:33:00,2024-11-04 15:59:00,SHORT,1,20098.25,20085.25,26.0,29.75,0.437,entry,26.0
2024-11-05 09:37:00,2024-11-05 10:55:00,LONG,1,20227.75,20247.25,39.0,31.45,0.62,entry,78.0
2024-11-05 11:07:00,2024-11-05 14:55:00,LONG,1,20285.5,20287.0,3.0,27.97,0.054,entry,228.0
2024-11-05 15:09:00,2024-11-05 15:59:00,LONG,1,20322.5,20341.25,37.5,30.43,0.616,entry,50.0
2024-11-06 09:33:00,2024-11-06 09:45:00,LONG,1,20740.75,20744.0,6.5,40.29,0.081,entry,12.0
2024-11-06 09:46:00,2024-11-06 10:01:00,SHORT,1,20704.5,20735.5,-62.0,38.76,-0.8,entry,15.0
2024-11-06 10:05:00,2024-11-06 10:10:00,SHORT,1,20686.25,20734.75,-97.0,29.59,-1.639,entry,5.0
2024-11-06 10:13:00,2024-11-06 10:50:00,LONG,1,20743.5,20735.5,-16.0,28.14,-0.284,entry,37.0
2024-11-06 11:02:00,2024-11-06 11:10:00,SHORT,1,20701.0,20745.0,-88.0,34.43,-1.278,entry,8.0
2024-11-06 11:14:00,2024-11-06 11:21:00,LONG,1,20767.5,20731.75,-71.5,32.32,-1.106,entry,7.0
2024-11-06 11:26:00,2024-11-06 15:59:00,LONG,1,20771.5,20893.75,244.5,35.37,3.456,entry,273.0
2024-11-07 09:39:00,2024-11-07 15:59:00,LONG,1,21070.0,21221.75,303.5,30.66,4.949,entry,380.0
2024-11-08 10:06:00,2024-11-08 10:31:00,SHORT,1,21176.5,21206.75,-60.5,30.95,-0.977,entry,25.0
2024-11-08 11:55:00,2024-11-08 12:14:00,LONG,1,21232.5,21200.75,-63.5,31.77,-0.999,entry,19.0
2024-11-08 13:15:00,2024-11-08 15:59:00,LONG,1,21235.75,21234.0,-3.5,31.7,-0.055,entry,164.0
2024-11-11 09:39:00,2024-11-11 10:31:00,SHORT,1,21242.0,21211.75,60.5,29.73,1.017,entry,52.0
2024-11-11 12:15:00,2024-11-11 13:51:00,SHORT,1,21182.0,21193.5,-23.0,29.8,-0.386,entry,96.0
2024-11-11 14:29:00,2024-11-11 15:13:00,SHORT,1,21161.25,21193.5,-64.5,30.9,-1.044,entry,44.0
2024-11-12 10:06:00,2024-11-12 10:10:00,SHORT,1,21187.5,21223.0,-71.0,30.72,-1.155,entry,4.0
2024-11-12 10:59:00,2024-11-12 13:55:00,SHORT,1,21184.5,21187.75,-6.5,31.14,-0.104,entry,176.0
2024-11-12 14:37:00,2024-11-12 15:17:00,LONG,1,21206.0,21178.0,-56.0,28.32,-0.989,entry,40.0
2024-11-13 09:49:00,2024-11-13 10:33:00,SHORT,1,21130.25,21132.75,-5.0,31.11,-0.08,entry,44.0
2024-11-13 10:40:00,2024-11-13 10:55:00,SHORT,1,21088.0,21125.5,-75.0,38.15,-0.983,entry,15.0
2024-11-13 11:05:00,2024-11-13 11:11:00,SHORT,1,21095.0,21124.25,-58.5,28.81,-1.015,entry,6.0
2024-11-13 11:28:00,2024-11-13 11:40:00,LONG,1,21163.5,21122.0,-83.0,38.75,-1.071,entry,12.0
2024-11-13 11:49:00,2024-11-13 15:03:00,LONG,1,21160.0,21158.25,-3.5,33.28,-0.053,entry,194.0
2024-11-13 15:15:00,2024-11-13 15:51:00,LONG,1,21192.25,21158.75,-67.0,28.19,-1.189,entry,36.0
2024-11-13 15:54:00,2024-11-13 15:59:00,SHORT,1,21138.0,21158.75,-41.5,28.14,-0.737,entry,5.0
2024-11-14 09:41:00,2024-11-14 10:36:00,SHORT,1,21098.5,21106.25,-15.5,50.03,-0.155,entry,55.0
2024-11-14 10:53:00,2024-11-14 10:56:00,LONG,1,21135.5,21099.5,-72.0,31.3,-1.15,entry,3.0
2024-11-14 11:45:00,2024-11-14 11:54:00,LONG,1,21132.75,21102.75,-60.0,27.53,-1.09,entry,9.0
2024-11-14 12:15:00,2024-11-14 13:06:00,SHORT,1,21073.0,21097.0,-48.0,31.62,-0.759,entry,51.0
2024-11-14 13:52:00,2024-11-14 15:59:00,SHORT,1,21061.25,21008.5,105.5,33.51,1.574,entry,127.0
2024-11-15 09:35:00,2024-11-15 09:49:00,SHORT,1,20715.5,20741.75,-52.5,32.46,-0.809,entry,14.0
2024-11-15 09:58:00,2024-11-15 15:59:00,SHORT,1,20686.5,20491.75,389.5,35.05,5.556,entry,361.0
2024-11-18 10:02:00,2024-11-18 12:46:00,LONG,1,20565.75,20623.0,114.5,32.87,1.742,entry,164.0
2024-11-18 12:57:00,2024-11-18 13:44:00,LONG,1,20654.25,20610.5,-87.5,29.68,-1.474,entry,47.0
2024-11-18 13:59:00,2024-11-18 14:13:00,LONG,1,20660.0,20624.25,-71.5,32.91,-1.086,entry,14.0
2024-11-18 14:23:00,2024-11-18 14:45:00,SHORT,1,20595.25,20629.0,-67.5,31.72,-1.064,entry,22.0
2024-11-19 09:40:00,2024-11-19 09:47:00,LONG,1,20570.5,20547.25,-46.5,29.76,-0.781,entry,7.0
2024-11-19 10:29:00,2024-11-19 15:59:00,LONG,1,20602.5,20765.25,325.5,49.18,3.309,entry,330.0
2024-11-20 09:36:00,2024-11-20 10:46:00,SHORT,1,20697.75,20610.75,174.0,29.07,2.993,entry,70.0
2024-11-20 10:58:00,2024-11-20 11:11:00,LONG,1,20635.75,20587.5,-96.5,32.99,-1.462,entry,13.0
2024-11-20 11:26:00,2024-11-20 11:39:00,SHORT,1,20574.5,20601.5,-54.0,28.77,-0.938,entry,13.0
2024-11-20 11:44:00,2024-11-20 12:20:00,LONG,1,20640.0,20596.75,-86.5,38.67,-1.119,entry,36.0
2024-11-20 12:35:00,2024-11-20 12:54:00,LONG,1,20641.75,20609.75,-64.0,30.22,-1.059,entry,19.0
2024-11-20 13:41:00,2024-11-20 14:43:00,SHORT,1,20582.0,20618.0,-72.0,30.69,-1.173,entry,62.0
2024-11-20 15:25:00,2024-11-20 15:59:00,LONG,1,20642.0,20752.25,220.5,32.17,3.427,entry,34.0
2024-11-21 09:34:00,2024-11-21 09:48:00,SHORT,1,20795.75,20754.25,83.0,53.08,0.782,entry,14.0
2024-11-21 09:49:00,2024-11-21 09:52:00,LONG,1,20766.5,20720.75,-91.5,30.74,-1.488,entry,3.0
2024-11-21 09:56:00,2024-11-21 10:15:00,SHORT,1,20686.75,20706.25,-39.0,48.54,-0.402,entry,19.0
2024-11-21 10:22:00,2024-11-21 10:54:00,SHORT,1,20654.25,20668.25,-28.0,45.86,-0.305,entry,32.0
2024-11-21 10:56:00,2024-11-21 15:59:00,LONG,1,20699.5,20823.75,248.5,32.52,3.821,entry,303.0
2024-11-22 09:45:00,2024-11-22 09:50:00,LONG,1,20852.25,20807.0,-90.5,35.47,-1.276,entry,5.0
2024-11-22 09:59:00,2024-11-22 10:04:00,LONG,1,20855.0,20807.25,-95.5,33.59,-1.421,entry,5.0
2024-11-22 10:09:00,2024-11-22 10:39:00,SHORT,1,20785.25,20815.5,-60.5,35.38,-0.855,entry,30.0
2024-11-22 10:43:00,2024-11-22 11:13:00,LONG,1,20831.75,20793.5,-76.5,31.26,-1.224,entry,30.0
2024-11-22 11:19:00,2024-11-22 11:39:00,SHORT,1,20767.25,20804.0,-73.5,37.52,-0.979,entry,20.0
2024-11-22 11:43:00,2024-11-22 11:51:00,SHORT,1,20763.5,20816.25,-105.5,36.9,-1.429,entry,8.0
2024-11-22 12:12:00,2024-11-22 12:39:00,LONG,1,20834.0,20802.75,-62.5,33.14,-0.943,entry,27.0
2024-11-22 12:48:00,2024-11-22 14:15:00,LONG,1,20834.25,20808.25,-52.0,31.11,-0.836,entry,87.0
2024-11-22 14:37:00,2024-11-22 15:11:00,LONG,1,20841.5,20807.75,-67.5,29.84,-1.131,entry,34.0
2024-11-22 15:51:00,2024-11-22 15:59:00,LONG,1,20843.75,20847.25,7.0,30.4,0.115,entry,8.0
2024-11-25 09:38:00,2024-11-25 09:49:00,LONG,1,21032.5,21011.25,-42.5,37.87,-0.561,entry,11.0
2024-11-25 09:51:00,2024-11-25 11:31:00,SHORT,1,20974.5,20953.5,42.0,44.95,0.467,entry,100.0
2024-11-25 11:36:00,2024-11-25 15:59:00,SHORT,1,20907.5,20878.0,59.0,40.46,0.729,entry,263.0
2024-11-26 09:49:00,2024-11-26 09:53:00,LONG,1,21016.0,20983.75,-64.5,35.51,-0.908,entry,4.0
2024-11-26 10:17:00,2024-11-26 10:41:00,SHORT,1,20933.0,20981.75,-97.5,43.45,-1.122,entry,24.0
2024-11-26 11:18:00,2024-11-26 12:42:00,SHORT,1,20937.5,20964.75,-54.5,31.01,-0.879,entry,84.0
2024-11-26 14:18:00,2024-11-26 15:42:00,SHORT,1,20928.75,20959.0,-60.5,34.77,-0.87,entry,84.0
2024-11-26 15:47:00,2024-11-26 15:59:00,LONG,1,20988.75,20989.75,2.0,29.87,0.033,entry,12.0
2024-11-27 09:54:00,2024-11-27 13:14:00,SHORT,1,20842.0,20783.0,118.0,38.27,1.541,entry,200.0
2024-11-27 13:53:00,2024-11-27 15:41:00,LONG,1,20811.0,20782.25,-57.5,33.44,-0.86,entry,108.0
2024-11-27 15:58:00,2024-11-27 15:59:00,LONG,1,20814.25,20816.25,4.0,30.46,0.066,entry,1.0
2024-11-29 09:37:00,2024-11-29 13:14:00,LONG,1,20860.25,20991.25,262.0,31.29,4.187,entry,217.0
2024-12-02 09:33:00,2024-12-02 10:57:00,LONG,1,21113.5,21146.0,65.0,33.08,0.983,entry,84.0
2024-12-02 11:06:00,2024-12-02 14:26:00,LONG,1,21177.0,21177.0,0.0,27.81,0.0,entry,200.0
2024-12-02 14:51:00,2024-12-02 15:59:00,LONG,1,21209.25,21217.0,15.5,28.86,0.269,entry,68.0
2024-12-03 09:39:00,2024-12-03 10:20:00,LONG,1,21193.5,21188.0,-11.0,26.74,-0.206,entry,41.0
2024-12-03 11:01:00,2024-12-03 11:44:00,LONG,1,21220.0,21199.0,-42.0,28.46,-0.738,entry,43.0
2024-12-03 12:53:00,2024-12-03 15:59:00,LONG,1,21231.25,21279.0,95.5,28.61,1.669,entry,186.0
2024-12-04 10:10:00,2024-12-04 13:36:00,LONG,1,21449.5,21449.0,-1.0,30.46,-0.016,entry,206.0
2024-12-04 13:54:00,2024-12-04 15:59:00,LONG,1,21484.5,21537.5,106.0,31.41,1.687,entry,125.0
2024-12-05 09:56:00,2024-12-05 10:03:00,SHORT,1,21500.75,21527.75,-54.0,28.32,-0.953,entry,7.0
2024-12-05 10:51:00,2024-12-05 11:18:00,SHORT,1,21494.75,21526.25,-63.0,27.12,-1.162,entry,27.0
2024-12-05 12:12:00,2024-12-05 13:19:00,LONG,1,21555.0,21524.75,-60.5,33.1,-0.914,entry,67.0
2024-12-05 13:23:00,2024-12-05 15:59:00,SHORT,1,21489.5,21475.5,28.0,37.16,0.377,entry,156.0
2024-12-06 09:44:00,2024-12-06 11:13:00,LONG,1,21551.25,21578.75,55.0,28.1,0.979,entry,89.0
2024-12-06 11:29:00,2024-12-06 15:59:00,LONG,1,21620.5,21658.5,76.0,25.14,1.511,entry,270.0
2024-12-09 09:48:00,2024-12-09 09:58:00,LONG,1,21639.5,21616.25,-46.5,24.85,-0.936,entry,10.0
2024-12-09 10:25:00,2024-12-09 13:47:00,SHORT,1,21589.0,21546.0,86.0,29.13,1.476,entry,202.0
2024-12-09 14:02:00,2024-12-09 15:59:00,SHORT,1,21510.25,21485.5,49.5,31.64,0.782,entry,117.0
2024-12-10 09:42:00,2024-12-10 09:51:00,LONG,1,21556.0,21545.25,-21.5,27.38,-0.393,entry,9.0
2024-12-10 09:57:00,2024-12-10 09:59:00,SHORT,1,21515.5,21546.75,-62.5,27.37,-1.142,entry,2.0
2024-12-10 10:02:00,2024-12-10 10:30:00,LONG,1,21570.0,21546.0,-48.0,26.73,-0.898,entry,28.0
2024-12-10 10:52:00,2024-12-10 15:59:00,SHORT,1,21525.75,21408.0,235.5,30.32,3.883,entry,307.0
2024-12-11 09:35:00,2024-12-11 15:59:00,LONG,1,21619.25,21791.75,345.0,25.17,6.853,entry,384.0
2024-12-12 10:10:00,2024-12-12 10:18:00,SHORT,1,21642.5,21669.0,-53.0,30.04,-0.882,entry,8.0
2024-12-12 10:23:00,2024-12-12 11:45:00,LONG,1,21698.25,21687.0,-22.5,29.45,-0.382,entry,82.0
2024-12-12 12:08:00,2024-12-12 14:00:00,LONG,1,21715.25,21690.5,-49.5,27.89,-0.887,entry,112.0
2024-12-12 14:22:00,2024-12-12 15:59:00,SHORT,1,21667.75,21643.25,49.0,27.51,0.891,entry,97.0
2024-12-13 09:37:00,2024-12-13 10:06:00,LONG,1,21841.5,21840.0,-3.0,28.09,-0.053,entry,29.0
2024-12-13 10:19:00,2024-12-13 13:54:00,SHORT,1,21828.0,21773.75,108.5,26.94,2.014,entry,215.0
2024-12-13 14:22:00,2024-12-13 15:59:00,LONG,1,21796.0,21797.5,3.0,26.9,0.056,entry,97.0
2024-12-16 09:40:00,2024-12-16 09:42:00,LONG,1,21948.25,21911.25,-74.0,29.91,-1.237,entry,2.0
2024-12-16 09:53:00,2024-12-16 10:21:00,LONG,1,21958.5,21932.5,-52.0,34.18,-0.761,entry,28.0
2024-12-16 10:24:00,2024-12-16 15:59:00,LONG,1,21975.75,22111.5,271.5,30.92,4.39,entry,335.0
2024-12-17 09:43:00,2024-12-17 09:53:00,LONG,1,22334.5,22318.0,-33.0,26.48,-0.623,entry,10.0
2024-12-17 09:56:00,2024-12-17 09:59:00,LONG,1,22347.25,22307.0,-80.5,26.7,-1.507,entry,3.0
2024-12-17 10:00:00,2024-12-17 10:48:00,SHORT,1,22290.25,22300.25,-20.0,29.77,-0.336,entry,48.0
2024-12-17 11:08:00,2024-12-17 12:01:00,LONG,1,22330.25,22307.25,-46.0,29.74,-0.773,entry,53.0
2024-12-17 12:09:00,2024-12-17 13:47:00,LONG,1,22339.5,22311.0,-57.0,27.41,-1.04,entry,98.0
2024-12-17 14:20:00,2024-12-17 15:45:00,SHORT,1,22285.5,22310.5,-50.0,29.44,-0.849,entry,85.0
2024-12-18 09:31:00,2024-12-18 09:39:00,SHORT,1,22244.75,22251.5,-13.5,28.02,-0.241,entry,8.0
2024-12-18 09:54:00,2024-12-18 11:15:00,LONG,1,22289.25,22279.0,-20.5,34.14,-0.3,entry,81.0
2024-12-18 11:20:00,2024-12-18 11:27:00,SHORT,1,22260.25,22287.5,-54.5,27.18,-1.003,entry,7.0
2024-12-18 11:33:00,2024-12-18 12:31:00,LONG,1,22313.75,22291.0,-45.5,26.6,-0.855,entry,58.0
2024-12-18 14:00:00,2024-12-18 15:59:00,SHORT,1,22230.0,21496.75,1466.5,61.25,11.971,entry,119.0
2024-12-19 09:36:00,2024-12-19 09:42:00,SHORT,1,21614.25,21660.5,-92.5,51.73,-0.894,entry,6.0
2024-12-19 09:44:00,2024-12-19 09:47:00,SHORT,1,21586.0,21640.5,-109.0,52.47,-1.039,entry,3.0
2024-12-19 09:49:00,2024-12-19 10:13:00,SHORT,1,21603.25,21638.0,-69.5,30.23,-1.15,entry,24.0
2024-12-19 10:22:00,2024-12-19 11:23:00,SHORT,1,21541.75,21593.25,-103.0,67.58,-0.762,entry,61.0
2024-12-19 11:25:00,2024-12-19 11:35:00,LONG,1,21605.25,21571.0,-68.5,32.54,-1.053,entry,10.0
2024-12-19 11:36:00,2024-12-19 11:45:00,LONG,1,21604.75,21571.25,-67.0,30.71,-1.091,entry,9.0
2024-12-19 12:05:00,2024-12-19 13:57:00,SHORT,1,21536.75,21564.0,-54.5,37.82,-0.721,entry,112.0
2024-12-19 13:58:00,2024-12-19 14:06:00,LONG,1,21584.75,21541.75,-86.0,31.05,-1.385,entry,8.0
2024-12-19 14:10:00,2024-12-19 15:59:00,SHORT,1,21509.75,21376.75,266.0,44.13,3.014,entry,109.0
2024-12-20 09:38:00,2024-12-20 09:48:00,LONG,1,21252.75,21194.75,-116.0,39.58,-1.465,entry,10.0
2024-12-20 09:48:00,2024-12-20 09:53:00,SHORT,1,21194.75,21248.5,-107.5,42.6,-1.262,reverse,5.0
2024-12-20 10:01:00,2024-12-20 15:34:00,LONG,1,21275.25,21569.5,588.5,41.04,7.169,entry,333.0
2024-12-20 15:36:00,2024-12-20 15:51:00,LONG,1,21609.25,21568.75,-81.0,39.46,-1.026,entry,15.0
2024-12-20 15:57:00,2024-12-20 15:59:00,SHORT,1,21530.5,21567.5,-74.0,40.5,-0.913,entry,2.0
2024-12-23 09:46:00,2024-12-23 09:56:00,SHORT,1,21591.75,21624.25,-65.0,49.12,-0.662,entry,10.0
2024-12-23 10:02:00,2024-12-23 10:56:00,SHORT,1,21583.75,21587.0,-6.5,38.9,-0.084,entry,54.0
2024-12-23 10:58:00,2024-12-23 11:02:00,SHORT,1,21543.5,21590.25,-93.5,38.59,-1.211,entry,4.0
2024-12-23 11:16:00,2024-12-23 15:59:00,LONG,1,21619.75,21755.5,271.5,36.16,3.754,entry,283.0
2024-12-24 09:40:00,2024-12-24 13:14:00,LONG,1,21864.5,22046.5,364.0,36.16,5.033,entry,214.0
2024-12-26 09:50:00,2024-12-26 09:59:00,SHORT,1,21941.5,21957.75,-32.5,36.04,-0.451,entry,9.0
2024-12-26 10:26:00,2024-12-26 12:51:00,LONG,1,21988.75,21984.0,-9.5,32.43,-0.146,entry,145.0
2024-12-26 13:02:00,2024-12-26 15:59:00,LONG,1,22021.75,22007.25,-29.0,33.06,-0.439,entry,177.0
2024-12-27 09:34:00,2024-12-27 11:29:00,SHORT,1,21775.25,21644.5,261.5,46.4,2.818,entry,115.0
2024-12-27 11:42:00,2024-12-27 13:34:00,SHORT,1,21603.0,21611.25,-16.5,31.74,-0.26,entry,112.0
2024-12-27 13:50:00,2024-12-27 15:43:00,LONG,1,21644.5,21619.0,-51.0,33.95,-0.751,entry,113.0
2024-12-27 15:50:00,2024-12-27 15:59:00,LONG,1,21678.75,21703.0,48.5,57.57,0.421,entry,9.0
2024-12-30 09:42:00,2024-12-30 09:50:00,SHORT,1,21331.25,21360.75,-59.0,36.66,-0.805,entry,8.0
2024-12-30 09:57:00,2024-12-30 10:12:00,SHORT,1,21297.25,21335.75,-77.0,51.66,-0.745,entry,15.0
2024-12-30 10:17:00,2024-12-30 10:39:00,SHORT,1,21295.0,21363.0,-136.0,37.78,-1.8,entry,22.0
2024-12-30 10:39:00,2024-12-30 10:48:00,LONG,1,21363.0,21326.5,-73.0,37.79,-0.966,reverse,9.0
2024-12-30 10:59:00,2024-12-30 15:59:00,LONG,1,21373.0,21411.75,77.5,43.38,0.893,entry,300.0
2024-12-31 09:37:00,2024-12-31 09:46:00,SHORT,1,21408.75,21437.75,-58.0,43.02,-0.674,entry,9.0
2024-12-31 10:07:00,2024-12-31 10:19:00,SHORT,1,21368.75,21420.0,-102.5,56.41,-0.909,entry,12.0
2024-12-31 10:26:00,2024-12-31 10:29:00,LONG,1,21449.25,21416.0,-66.5,34.17,-0.973,entry,3.0
2024-12-31 10:44:00,2024-12-31 15:59:00,SHORT,1,21378.75,21220.25,317.0,35.83,4.424,entry,315.0
2025-01-02 09:33:00,2025-01-02 09:47:00,SHORT,1,21285.75,21255.0,61.5,47.11,0.653,entry,14.0
2025-01-02 09:49:00,2025-01-02 10:21:00,LONG,1,21303.5,21304.25,1.5,50.37,0.015,entry,32.0
2025-01-02 10:23:00,2025-01-02 10:51:00,SHORT,1,21269.25,21311.25,-84.0,45.58,-0.921,entry,28.0
2025-01-02 11:02:00,2025-01-02 11:26:00,SHORT,1,21241.0,21297.5,-113.0,58.54,-0.965,entry,24.0
2025-01-02 11:48:00,2025-01-02 12:08:00,LONG,1,21340.25,21293.0,-94.5,48.01,-0.984,entry,20.0
2025-01-02 12:13:00,2025-01-02 12:18:00,LONG,1,21339.5,21293.25,-92.5,44.86,-1.031,entry,5.0
2025-01-02 12:23:00,2025-01-02 15:59:00,SHORT,1,21253.5,21169.0,169.0,41.02,2.06,entry,216.0
2025-01-03 09:39:00,2025-01-03 09:48:00,LONG,1,21413.5,21364.0,-99.0,69.74,-0.71,entry,9.0
2025-01-03 09:51:00,2025-01-03 09:56:00,SHORT,1,21317.75,21378.0,-120.5,50.53,-1.192,entry,5.0
2025-01-03 10:04:00,2025-01-03 10:12:00,LONG,1,21423.75,21366.75,-114.0,55.16,-1.033,entry,8.0
2025-01-03 10:16:00,2025-01-03 10:35:00,SHORT,1,21335.0,21366.25,-62.5,37.77,-0.827,entry,19.0
2025-01-03 11:03:00,2025-01-03 11:07:00,LONG,1,21401.75,21358.75,-86.0,40.99,-1.049,entry,4.0
2025-01-03 11:21:00,2025-01-03 15:59:00,LONG,1,21397.25,21508.25,222.0,35.91,3.091,entry,278.0
2025-01-06 09:41:00,2025-01-06 12:15:00,LONG,1,21811.25,21832.25,42.0,43.16,0.487,entry,154.0
2025-01-06 12:40:00,2025-01-06 15:59:00,SHORT,1,21799.75,21750.5,98.5,37.08,1.328,entry,199.0
2025-01-07 09:35:00,2025-01-07 09:43:00,SHORT,1,21733.75,21749.5,-31.5,40.17,-0.392,entry,8.0
2025-01-07 09:52:00,2025-01-07 09:56:00,LONG,1,21790.25,21735.0,-110.5,35.36,-1.562,entry,4.0
2025-01-07 09:58:00,2025-01-07 15:59:00,SHORT,1,21711.25,21359.0,704.5,41.82,8.423,entry,361.0
2025-01-08 09:39:00,2025-01-08 09:43:00,SHORT,1,21300.75,21342.5,-83.5,42.03,-0.993,entry,4.0
2025-01-08 09:51:00,2025-01-08 09:52:00,LONG,1,21378.0,21320.75,-114.5,36.31,-1.577,entry,1.0
2025-01-08 09:53:00,2025-01-08 09:56:00,SHORT,1,21295.5,21343.0,-95.0,44.23,-1.074,entry,3.0
2025-01-08 10:02:00,2025-01-08 10:10:00,LONG,1,21393.25,21307.75,-171.0,52.15,-1.639,entry,8.0
2025-01-08 10:10:00,2025-01-08 10:35:00,SHORT,1,21307.75,21333.0,-50.5,37.39,-0.675,reverse,25.0
2025-01-08 10:37:00,2025-01-08 10:39:00,LONG,1,21364.0,21325.5,-77.0,38.66,-0.996,entry,2.0
2025-01-08 10:52:00,2025-01-08 11:02:00,LONG,1,21361.5,21322.0,-79.0,36.27,-1.089,entry,10.0
2025-01-08 11:23:00,2025-01-08 12:07:00,LONG,1,21364.5,21327.0,-75.0,37.76,-0.993,entry,44.0
2025-01-08 12:14:00,2025-01-08 13:02:00,SHORT,1,21290.25,21319.0,-57.5,43.81,-0.656,entry,48.0
2025-01-08 13:18:00,2025-01-08 13:52:00,LONG,1,21355.75,21316.25,-79.0,39.23,-1.007,entry,34.0
2025-01-08 14:08:00,2025-01-08 14:42:00,LONG,1,21380.5,21321.5,-118.0,59.54,-0.991,entry,34.0
2025-01-08 15:55:00,2025-01-08 15:59:00,LONG,1,21366.5,21360.25,-12.5,38.55,-0.162,entry,4.0
2025-01-10 09:37:00,2025-01-10 09:45:00,SHORT,1,21098.25,21135.25,-74.0,50.48,-0.733,entry,8.0
2025-01-10 09:46:00,2025-01-10 10:29:00,SHORT,1,21061.75,21029.75,64.0,62.73,0.51,entry,43.0
2025-01-10 10:37:00,2025-01-10 10:52:00,LONG,1,21063.5,21025.25,-76.5,42.15,-0.907,entry,15.0
2025-01-10 10:59:00,2025-01-10 12:41:00,SHORT,1,20989.0,21003.0,-28.0,40.29,-0.347,entry,102.0
2025-01-10 12:57:00,2025-01-10 15:16:00,LONG,1,21033.5,21013.5,-40.0,35.86,-0.558,entry,139.0
2025-01-10 15:32:00,2025-01-10 15:38:00,SHORT,1,20987.0,21035.0,-96.0,36.16,-1.328,entry,6.0
2025-01-13 09:36:00,2025-01-13 09:43:00,SHORT,1,20720.25,20773.5,-106.5,37.02,-1.438,entry,7.0
2025-01-13 09:53:00,2025-01-13 10:15:00,LONG,1,20792.0,20762.0,-60.0,41.3,-0.726,entry,22.0
2025-01-13 10:26:00,2025-01-13 10:35:00,SHORT,1,20723.0,20769.75,-93.5,48.5,-0.964,entry,9.0
2025-01-13 10:38:00,2025-01-13 11:05:00,LONG,1,20816.0,20770.0,-92.0,46.21,-0.996,entry,27.0
2025-01-13 11:57:00,2025-01-13 12:09:00,SHORT,1,20744.75,20785.5,-81.5,37.17,-1.096,entry,12.0
2025-01-13 12:15:00,2025-01-13 15:59:00,LONG,1,20818.0,20948.25,260.5,37.82,3.444,entry,224.0
2025-01-14 09:36:00,2025-01-14 09:47:00,LONG,1,21092.25,21056.5,-71.5,36.43,-0.981,entry,11.0
2025-01-14 09:53:00,2025-01-14 10:08:00,SHORT,1,21009.0,21061.5,-105.0,62.36,-0.842,entry,15.0
2025-01-14 10:11:00,2025-01-14 10:22:00,LONG,1,21091.5,21035.75,-111.5,40.9,-1.363,entry,11.0
2025-01-14 10:29:00,2025-01-14 13:40:00,SHORT,1,21016.5,20966.75,99.5,37.47,1.328,entry,191.0
2025-01-14 13:50:00,2025-01-14 14:51:00,LONG,1,20996.0,20943.25,-105.5,37.64,-1.402,entry,61.0
2025-01-14 14:54:00,2025-01-14 15:59:00,SHORT,1,20919.75,20923.0,-6.5,42.01,-0.077,entry,65.0
2025-01-15 09:37:00,2025-01-15 09:39:00,SHORT,1,21205.5,21252.25,-93.5,42.3,-1.105,entry,2.0
2025-01-15 09:40:00,2025-01-15 10:58:00,LONG,1,21283.25,21329.25,92.0,37.1,1.24,entry,78.0
2025-01-15 11:31:00,2025-01-15 12:29:00,SHORT,1,21296.0,21326.25,-60.5,38.18,-0.792,entry,58.0
2025-01-15 12:48:00,2025-01-15 12:59:00,LONG,1,21363.25,21322.0,-82.5,38.11,-1.083,entry,11.0
2025-01-15 13:18:00,2025-01-15 15:59:00,LONG,1,21364.0,21395.75,63.5,37.44,0.848,entry,161.0
2025-01-16 09:46:00,2025-01-16 10:24:00,SHORT,1,21397.25,21413.5,-32.5,39.52,-0.411,entry,38.0
2025-01-16 10:36:00,2025-01-16 10:57:00,SHORT,1,21358.25,21407.25,-98.0,45.61,-1.074,entry,21.0
2025-01-16 11:02:00,2025-01-16 11:17:00,LONG,1,21445.5,21406.0,-79.0,44.42,-0.889,entry,15.0
2025-01-16 11:39:00,2025-01-16 12:01:00,SHORT,1,21365.75,21401.5,-71.5,39.89,-0.896,entry,22.0
2025-01-16 13:28:00,2025-01-16 15:05:00,SHORT,1,21356.75,21386.75,-60.0,42.92,-0.699,entry,97.0
2025-01-16 15:19:00,2025-01-16 15:59:00,SHORT,1,21343.25,21248.0,190.5,39.61,2.405,entry,40.0
2025-01-17 09:38:00,2025-01-17 10:05:00,SHORT,1,21532.25,21564.25,-64.0,46.54,-0.688,entry,27.0
2025-01-17 10:22:00,2025-01-17 10:33:00,SHORT,1,21499.75,21550.25,-101.0,48.33,-1.045,entry,11.0
2025-01-17 10:58:00,2025-01-17 15:58:00,LONG,1,21586.0,21580.75,-10.5,39.1,-0.134,entry,300.0
2025-01-20 10:20:00,2025-01-20 11:31:00,SHORT,1,21691.75,21716.5,-49.5,48.51,-0.51,entry,71.0
2025-01-20 12:24:00,2025-01-20 12:59:00,SHORT,1,21669.5,21683.0,-27.0,44.1,-0.306,entry,35.0
2025-01-21 09:37:00,2025-01-21 09:48:00,SHORT,1,21647.0,21666.25,-38.5,42.52,-0.453,entry,11.0
2025-01-21 09:53:00,2025-01-21 10:28:00,SHORT,1,21610.75,21630.25,-39.0,41.77,-0.467,entry,35.0
2025-01-21 11:52:00,2025-01-21 15:59:00,LONG,1,21669.5,21714.5,90.0,43.75,1.029,entry,247.0
2025-01-22 09:32:00,2025-01-22 09:38:00,LONG,1,21974.5,21940.5,-68.0,35.48,-0.958,entry,6.0
2025-01-22 09:49:00,2025-01-22 11:00:00,LONG,1,21986.75,21991.5,9.5,36.66,0.13,entry,71.0
2025-01-22 11:19:00,2025-01-22 13:25:00,LONG,1,22031.25,22017.25,-28.0,35.89,-0.39,entry,126.0
2025-01-22 15:52:00,2025-01-22 15:59:00,SHORT,1,21983.75,21997.75,-28.0,35.19,-0.398,entry,7.0
2025-01-23 10:38:00,2025-01-23 12:31:00,LONG,1,21935.25,21914.25,-42.0,38.42,-0.547,entry,113.0
2025-01-23 13:14:00,2025-01-23 15:59:00,LONG,1,21954.5,22041.75,174.5,36.07,2.419,entry,165.0
2025-01-24 09:48:00,2025-01-24 10:02:00,LONG,1,22065.25,22038.25,-54.0,35.6,-0.759,entry,14.0
2025-01-24 10:20:00,2025-01-24 11:36:00,SHORT,1,21995.5,22018.75,-46.5,38.32,-0.607,entry,76.0
2025-01-24 11:59:00,2025-01-24 15:59:00,SHORT,1,21982.75,21908.5,148.5,35.48,2.093,entry,240.0
2025-01-27 09:31:00,2025-01-27 10:16:00,LONG,1,21252.75,21262.0,18.5,63.33,0.146,entry,45.0
2025-01-27 10:19:00,2025-01-27 10:22:00,SHORT,1,21235.5,21269.25,-67.5,33.11,-1.019,entry,3.0
2025-01-27 10:24:00,2025-01-27 11:03:00,LONG,1,21314.0,21298.5,-31.0,44.77,-0.346,entry,39.0
2025-01-27 11:06:00,2025-01-27 15:56:00,SHORT,1,21262.25,21245.0,34.5,36.61,0.471,entry,290.0
2025-01-28 09:35:00,2025-01-28 09:51:00,SHORT,1,21222.5,21236.25,-27.5,47.46,-0.29,entry,16.0
2025-01-28 09:54:00,2025-01-28 15:59:00,LONG,1,21264.5,21575.5,622.0,36.74,8.465,entry,365.0
2025-01-29 09:43:00,2025-01-29 09:52:00,SHORT,1,21507.75,21541.0,-66.5,42.5,-0.782,entry,9.0
2025-01-29 10:26:00,2025-01-29 12:03:00,SHORT,1,21497.5,21522.5,-50.0,38.07,-0.657,entry,97.0
2025-01-29 13:01:00,2025-01-29 13:31:00,SHORT,1,21430.0,21509.5,-159.0,85.13,-0.934,entry,30.0
2025-01-29 13:38:00,2025-01-29 14:39:00,SHORT,1,21464.5,21492.25,-55.5,37.16,-0.747,entry,61.0
2025-01-29 14:40:00,2025-01-29 15:16:00,LONG,1,21538.75,21491.0,-95.5,48.68,-0.981,entry,36.0
2025-01-29 15:22:00,2025-01-29 15:52:00,LONG,1,21552.75,21481.75,-142.0,57.97,-1.225,entry,30.0
2025-01-29 15:56:00,2025-01-29 15:59:00,LONG,1,21541.0,21530.25,-21.5,41.45,-0.259,entry,3.0
2025-01-30 09:35:00,2025-01-30 09:38:00,SHORT,1,21602.25,21644.0,-83.5,36.92,-1.131,entry,3.0
2025-01-30 09:47:00,2025-01-30 09:58:00,LONG,1,21692.25,21665.0,-54.5,48.35,-0.564,entry,11.0
2025-01-30 10:02:00,2025-01-30 11:51:00,SHORT,1,21598.75,21588.5,20.5,68.14,0.15,entry,109.0
2025-01-30 11:56:00,2025-01-30 12:05:00,LONG,1,21617.75,21581.0,-73.5,36.73,-1.0,entry,9.0
2025-01-30 12:19:00,2025-01-30 13:33:00,SHORT,1,21539.75,21577.0,-74.5,41.01,-0.908,entry,74.0
2025-01-30 14:12:00,2025-01-30 15:40:00,LONG,1,21618.5,21563.0,-111.0,42.3,-1.312,entry,88.0
2025-01-30 15:44:00,2025-01-30 15:49:00,SHORT,1,21542.75,21596.0,-106.5,44.38,-1.2,entry,5.0
2025-01-30 15:54:00,2025-01-30 15:59:00,LONG,1,21624.5,21623.0,-3.0,37.94,-0.04,entry,5.0
2025-01-31 09:53:00,2025-01-31 12:06:00,LONG,1,21845.5,21882.5,74.0,36.52,1.013,entry,133.0
2025-01-31 12:24:00,2025-01-31 13:19:00,LONG,1,21922.75,21850.0,-145.5,36.02,-2.019,entry,55.0
2025-01-31 13:19:00,2025-01-31 15:59:00,SHORT,1,21850.0,21580.75,538.5,40.13,6.71,reverse,160.0
2025-02-03 09:38:00,2025-02-03 09:45:00,LONG,1,21283.0,21234.0,-98.0,51.18,-0.957,entry,7.0
2025-02-03 09:52:00,2025-02-03 10:22:00,SHORT,1,21198.5,21215.5,-34.0,42.01,-0.405,entry,30.0
2025-02-03 10:24:00,2025-02-03 15:59:00,LONG,1,21313.25,21406.25,186.0,99.8,0.932,entry,335.0
2025-02-04 09:38:00,2025-02-04 12:20:00,LONG,1,21505.75,21593.0,174.5,55.37,1.576,entry,162.0
2025-02-04 12:31:00,2025-02-04 12:43:00,SHORT,1,21552.25,21599.25,-94.0,45.86,-1.025,entry,12.0
2025-02-04 13:27:00,2025-02-04 15:59:00,LONG,1,21636.0,21668.25,64.5,38.18,0.845,entry,152.0
2025-02-05 10:03:00,2025-02-05 10:14:00,SHORT,1,21519.75,21559.25,-79.0,39.78,-0.993,entry,11.0
2025-02-05 10:39:00,2025-02-05 15:59:00,LONG,1,21592.5,21761.25,337.5,40.15,4.203,entry,320.0
2025-02-06 09:45:00,2025-02-06 10:01:00,LONG,1,21807.75,21776.0,-63.5,42.2,-0.752,entry,16.0
2025-02-06 10:09:00,2025-02-06 10:26:00,LONG,1,21818.5,21791.25,-54.5,37.81,-0.721,entry,17.0
2025-02-06 10:38:00,2025-02-06 10:39:00,LONG,1,21832.25,21762.5,-139.5,38.67,-1.804,entry,1.0
2025-02-06 10:47:00,2025-02-06 11:09:00,SHORT,1,21743.0,21789.25,-92.5,48.67,-0.95,entry,22.0
2025-02-06 12:55:00,2025-02-06 14:28:00,LONG,1,21827.0,21792.5,-69.0,38.45,-0.897,entry,93.0
2025-02-06 14:31:00,2025-02-06 15:25:00,SHORT,1,21754.0,21791.5,-75.0,39.9,-0.94,entry,54.0
2025-02-06 15:47:00,2025-02-06 15:59:00,LONG,1,21826.0,21870.75,89.5,37.76,1.185,entry,12.0
2025-02-07 10:00:00,2025-02-07 15:59:00,SHORT,1,21839.0,21588.25,501.5,85.9,2.919,entry,359.0
2025-02-10 10:01:00,2025-02-10 12:10:00,LONG,1,21813.5,21827.0,27.0,35.77,0.377,entry,129.0
2025-02-10 13:15:00,2025-02-10 15:50:00,LONG,1,21869.75,21840.5,-58.5,36.73,-0.796,entry,155.0
2025-02-11 09:35:00,2025-02-11 11:52:00,LONG,1,21788.25,21807.5,38.5,38.52,0.5,entry,137.0
2025-02-11 12:02:00,2025-02-11 13:31:00,SHORT,1,21772.5,21794.0,-43.0,35.08,-0.613,entry,89.0
2025-02-11 13:38:00,2025-02-11 14:14:00,LONG,1,21829.75,21794.25,-71.0,35.35,-1.004,entry,36.0
2025-02-11 14:44:00,2025-02-11 15:35:00,LONG,1,21832.5,21797.0,-71.0,35.83,-0.991,entry,51.0
2025-02-12 09:38:00,2025-02-12 10:03:00,LONG,1,21609.5,21623.25,27.5,34.23,0.402,entry,25.0
2025-02-12 10:11:00,2025-02-12 10:16:00,SHORT,1,21593.25,21642.25,-98.0,34.63,-1.415,entry,5.0
2025-02-12 10:18:00,2025-02-12 11:22:00,LONG,1,21663.5,21656.5,-14.0,36.91,-0.19,entry,64.0
2025-02-12 11:37:00,2025-02-12 15:59:00,LONG,1,21704.0,21802.0,196.0,41.11,2.384,entry,262.0
2025-02-13 09:33:00,2025-02-13 09:37:00,LONG,1,21946.75,21897.0,-99.5,39.63,-1.255,entry,4.0
2025-02-13 09:38:00,2025-02-13 09:46:00,SHORT,1,21838.5,21896.25,-115.5,65.9,-0.876,entry,8.0
2025-02-13 09:58:00,2025-02-13 12:00:00,LONG,1,21923.25,21946.5,46.5,33.99,0.684,entry,122.0
2025-02-13 12:07:00,2025-02-13 12:30:00,LONG,1,21994.5,21956.0,-77.0,37.99,-1.013,entry,23.0
2025-02-13 12:46:00,2025-02-13 13:00:00,LONG,1,21995.5,21957.5,-76.0,37.65,-1.009,entry,14.0
2025-02-13 13:19:00,2025-02-13 13:36:00,SHORT,1,21907.5,21958.5,-102.0,49.97,-1.021,entry,17.0
2025-02-13 13:58:00,2025-02-13 15:59:00,LONG,1,21993.0,22109.75,233.5,36.41,3.206,entry,121.0
2025-02-14 10:10:00,2025-02-14 10:33:00,LONG,1,22153.5,22123.75,-59.5,34.75,-0.856,entry,23.0
2025-02-14 10:56:00,2025-02-14 11:19:00,LONG,1,22162.75,22126.0,-73.5,36.59,-1.004,entry,23.0
2025-02-14 13:02:00,2025-02-14 15:59:00,LONG,1,22163.25,22194.25,62.0,33.66,0.921,entry,177.0
2025-02-18 09:45:00,2025-02-18 11:02:00,SHORT,1,22202.5,22193.0,19.0,38.41,0.247,entry,77.0
2025-02-18 13:30:00,2025-02-18 14:51:00,SHORT,1,22151.5,22185.5,-68.0,38.81,-0.876,entry,81.0
2025-02-18 15:56:00,2025-02-18 15:59:00,LONG,1,22212.0,22238.75,53.5,30.41,0.88,entry,3.0
2025-02-19 10:02:00,2025-02-19 10:31:00,SHORT,1,22150.75,22177.0,-52.5,35.11,-0.748,entry,29.0
2025-02-19 10:47:00,2025-02-19 10:55:00,LONG,1,22205.75,22170.0,-71.5,36.14,-0.989,entry,8.0
2025-02-19 11:11:00,2025-02-19 15:59:00,LONG,1,22218.75,22247.0,56.5,46.4,0.609,entry,288.0
2025-02-20 09:46:00,2025-02-20 10:20:00,SHORT,1,22160.0,22094.25,131.5,29.04,2.264,entry,34.0
2025-02-20 10:46:00,2025-02-20 12:06:00,SHORT,1,22038.75,22073.75,-70.0,45.85,-0.763,entry,80.0
2025-02-20 12:59:00,2025-02-20 13:58:00,SHORT,1,22039.75,22072.25,-65.0,29.26,-1.111,entry,59.0
2025-02-20 14:12:00,2025-02-20 14:38:00,LONG,1,22097.0,22062.5,-69.0,29.43,-1.172,entry,26.0
2025-02-20 14:47:00,2025-02-20 15:59:00,LONG,1,22102.0,22144.75,85.5,33.07,1.293,entry,72.0
2025-02-21 09:37:00,2025-02-21 09:47:00,SHORT,1,22124.5,22145.5,-42.0,29.24,-0.718,entry,10.0
2025-02-21 09:50:00,2025-02-21 15:59:00,SHORT,1,22102.5,21682.5,840.0,34.72,12.097,entry,369.0
2025-02-24 09:37:00,2025-02-24 11:25:00,SHORT,1,21712.25,21572.5,279.5,33.47,4.176,entry,108.0
2025-02-24 11:27:00,2025-02-24 11:37:00,LONG,1,21602.75,21569.0,-67.5,32.76,-1.03,entry,10.0
2025-02-24 11:42:00,2025-02-24 11:58:00,LONG,1,21612.5,21571.75,-81.5,40.91,-0.996,entry,16.0
2025-02-24 12:03:00,2025-02-24 14:18:00,LONG,1,21606.25,21584.0,-44.5,32.62,-0.682,entry,135.0
2025-02-24 14:52:00,2025-02-24 15:59:00,SHORT,1,21556.0,21421.0,270.0,30.32,4.452,entry,67.0
2025-02-25 09:43:00,2025-02-25 11:56:00,SHORT,1,21321.75,21158.75,326.0,33.18,4.913,entry,133.0
2025-02-25 11:57:00,2025-02-25 12:04:00,LONG,1,21192.0,21151.75,-80.5,34.13,-1.179,entry,7.0
2025-02-25 12:21:00,2025-02-25 12:25:00,SHORT,1,21120.0,21161.75,-83.5,37.93,-1.101,entry,4.0
2025-02-25 12:29:00,2025-02-25 14:12:00,LONG,1,21192.25,21165.75,-53.0,34.46,-0.769,entry,103.0
2025-02-25 14:15:00,2025-02-25 14:37:00,SHORT,1,21134.75,21173.25,-77.0,34.74,-1.108,entry,22.0
2025-02-25 14:39:00,2025-02-25 15:39:00,LONG,1,21202.25,21170.5,-63.5,33.66,-0.943,entry,60.0
2025-02-25 15:53:00,2025-02-25 15:59:00,SHORT,1,21129.0,21149.75,-41.5,43.96,-0.472,entry,6.0
2025-02-26 09:37:00,2025-02-26 09:42:00,LONG,1,21252.25,21212.5,-79.5,35.25,-1.128,entry,5.0
2025-02-26 09:49:00,2025-02-26 12:40:00,LONG,1,21276.75,21312.25,71.0,44.99,0.789,entry,171.0
2025-02-26 12:51:00,2025-02-26 15:59:00,SHORT,1,21286.25,21191.25,190.0,35.97,2.641,entry,188.0
2025-02-27 09:39:00,2025-02-27 10:22:00,SHORT,1,21308.5,21145.5,326.0,38.88,4.192,entry,43.0
2025-02-27 10:23:00,2025-02-27 10:24:00,LONG,1,21155.75,21116.75,-78.0,37.83,-1.031,entry,1.0
2025-02-27 10:32:00,2025-02-27 10:47:00,SHORT,1,21081.25,21115.5,-68.5,36.1,-0.949,entry,15.0
2025-02-27 10:52:00,2025-02-27 11:14:00,SHORT,1,21058.0,21120.0,-124.0,54.94,-1.129,entry,22.0
2025-02-27 11:18:00,2025-02-27 11:26:00,LONG,1,21148.75,21093.25,-111.0,42.75,-1.298,entry,8.0
2025-02-27 11:28:00,2025-02-27 13:13:00,SHORT,1,21069.75,21099.25,-59.0,36.78,-0.802,entry,105.0
2025-02-27 13:59:00,2025-02-27 15:59:00,SHORT,1,21052.25,20608.25,888.0,34.9,12.723,entry,120.0
2025-02-28 09:31:00,2025-02-28 09:35:00,SHORT,1,20502.75,20536.0,-66.5,38.9,-0.855,entry,4.0
2025-02-28 09:36:00,2025-02-28 09:56:00,LONG,1,20582.75,20550.0,-65.5,61.69,-0.531,entry,20.0
2025-02-28 10:00:00,2025-02-28 11:28:00,LONG,1,20622.75,20640.5,35.5,58.1,0.306,entry,88.0
2025-02-28 11:34:00,2025-02-28 12:42:00,LONG,1,20686.25,20638.0,-96.5,42.8,-1.127,entry,68.0
2025-02-28 12:44:00,2025-02-28 13:37:00,SHORT,1,20615.25,20646.0,-61.5,39.7,-0.775,entry,53.0
2025-02-28 13:55:00,2025-02-28 14:31:00,SHORT,1,20598.5,20632.75,-68.5,36.61,-0.936,entry,36.0
2025-02-28 14:38:00,2025-02-28 15:59:00,LONG,1,20674.0,20919.75,491.5,43.22,5.686,entry,81.0
2025-03-03 09:32:00,2025-03-03 09:35:00,LONG,1,21095.25,21060.5,-69.5,40.37,-0.861,entry,3.0
2025-03-03 09:38:00,2025-03-03 10:27:00,SHORT,1,20999.75,20938.25,123.0,59.01,1.042,entry,49.0
2025-03-03 10:30:00,2025-03-03 10:37:00,LONG,1,20971.0,20888.25,-165.5,47.22,-1.752,entry,7.0
2025-03-03 10:37:00,2025-03-03 10:39:00,SHORT,1,20888.25,20932.5,-88.5,36.5,-1.212,reverse,2.0
2025-03-03 10:43:00,2025-03-03 10:46:00,LONG,1,20963.25,20921.25,-84.0,38.18,-1.1,entry,3.0
2025-03-03 10:57:00,2025-03-03 11:13:00,SHORT,1,20869.0,20924.5,-111.0,55.76,-0.995,entry,16.0
2025-03-03 11:21:00,2025-03-03 11:27:00,LONG,1,20962.0,20918.0,-88.0,40.36,-1.09,entry,6.0
2025-03-03 11:29:00,2025-03-03 11:50:00,SHORT,1,20886.0,20928.25,-84.5,36.34,-1.163,entry,21.0
2025-03-03 12:42:00,2025-03-03 12:45:00,LONG,1,20956.75,20918.0,-77.5,37.89,-1.023,entry,3.0
2025-03-03 12:54:00,2025-03-03 15:59:00,SHORT,1,20868.0,20473.0,790.0,50.43,7.833,entry,185.0
2025-03-04 09:32:00,2025-03-04 09:34:00,SHORT,1,20271.5,20308.5,-74.0,39.48,-0.937,entry,2.0
2025-03-04 09:36:00,2025-03-04 09:42:00,LONG,1,20384.0,20278.75,-210.5,64.68,-1.627,entry,6.0
2025-03-04 09:42:00,2025-03-04 09:46:00,SHORT,1,20278.75,20361.0,-164.5,57.92,-1.42,reverse,4.0
2025-03-04 09:48:00,2025-03-04 09:49:00,LONG,1,20379.25,20326.5,-105.5,43.22,-1.22,entry,1.0
2025-03-04 09:53:00,2025-03-04 10:45:00,SHORT,1,20285.0,20250.75,68.5,47.47,0.722,entry,52.0
2025-03-04 10:46:00,2025-03-04 11:42:00,SHORT,1,20200.0,20241.25,-82.5,44.09,-0.936,entry,56.0
2025-03-04 11:49:00,2025-03-04 15:51:00,LONG,1,20286.75,20350.0,126.5,59.89,1.056,entry,242.0
2025-03-04 15:55:00,2025-03-04 15:59:00,LONG,1,20407.25,20397.5,-19.5,53.76,-0.181,entry,4.0
2025-03-05 09:36:00,2025-03-05 09:40:00,SHORT,1,20363.25,20423.25,-120.0,43.2,-1.389,entry,4.0
2025-03-05 09:42:00,2025-03-05 09:47:00,LONG,1,20439.5,20376.5,-126.0,44.37,-1.42,entry,5.0
2025-03-05 09:49:00,2025-03-05 09:52:00,SHORT,1,20349.75,20395.25,-91.0,46.44,-0.98,entry,3.0
2025-03-05 09:54:00,2025-03-05 10:00:00,SHORT,1,20334.0,20456.75,-245.5,57.57,-2.132,entry,6.0
2025-03-05 10:00:00,2025-03-05 10:18:00,LONG,1,20456.75,20383.25,-147.0,75.03,-0.98,reverse,18.0
2025-03-05 10:21:00,2025-03-05 10:35:00,SHORT,1,20316.75,20395.75,-158.0,80.03,-0.987,entry,14.0
2025-03-05 11:05:00,2025-03-05 11:58:00,SHORT,1,20342.25,20361.0,-37.5,46.17,-0.406,entry,53.0
2025-03-05 12:17:00,2025-03-05 15:59:00,LONG,1,20405.25,20658.0,505.5,46.51,5.435,entry,222.0
2025-03-06 09:50:00,2025-03-06 09:56:00,LONG,1,20322.75,20278.0,-89.5,44.9,-0.997,entry,6.0
2025-03-06 10:03:00,2025-03-06 11:27:00,LONG,1,20354.5,20372.75,36.5,66.93,0.273,entry,84.0
2025-03-06 11:30:00,2025-03-06 11:37:00,LONG,1,20430.75,20370.5,-120.5,52.9,-1.139,entry,7.0
2025-03-06 11:43:00,2025-03-06 15:59:00,SHORT,1,20332.5,20091.75,481.5,45.66,5.272,entry,256.0
2025-03-07 09:40:00,2025-03-07 10:00:00,LONG,1,20136.5,20099.25,-74.5,56.32,-0.661,entry,20.0
2025-03-07 10:17:00,2025-03-07 12:44:00,SHORT,1,20069.75,20001.5,136.5,67.68,1.008,entry,147.0
2025-03-07 12:45:00,2025-03-07 12:58:00,LONG,1,20035.25,19932.5,-205.5,52.08,-1.973,entry,13.0
2025-03-07 12:58:00,2025-03-07 13:02:00,SHORT,1,19932.5,20002.5,-140.0,53.02,-1.32,reverse,4.0
2025-03-07 13:04:00,2025-03-07 15:59:00,LONG,1,20067.5,20224.0,313.0,81.79,1.914,entry,175.0
2025-03-10 09:33:00,2025-03-10 09:35:00,SHORT,1,19802.25,19849.5,-94.5,52.79,-0.895,entry,2.0
2025-03-10 09:51:00,2025-03-10 15:59:00,SHORT,1,19803.0,19463.5,679.0,44.84,7.571,entry,368.0
2025-03-11 09:36:00,2025-03-11 10:02:00,LONG,1,19485.0,19458.75,-52.5,54.22,-0.484,entry,26.0
2025-03-11 10:02:00,2025-03-11 10:09:00,SHORT,1,19458.75,19525.0,-132.5,50.92,-1.301,reverse,7.0
2025-03-11 10:14:00,2025-03-11 11:07:00,SHORT,1,19440.75,19445.25,-9.0,52.32,-0.086,entry,53.0
2025-03-11 11:12:00,2025-03-11 11:23:00,LONG,1,19490.0,19418.25,-143.5,55.82,-1.285,entry,11.0
2025-03-11 11:32:00,2025-03-11 11:58:00,LONG,1,19488.5,19439.0,-99.0,51.29,-0.965,entry,26.0
2025-03-11 12:07:00,2025-03-11 14:01:00,SHORT,1,19376.75,19408.75,-64.0,65.05,-0.492,entry,114.0
2025-03-11 14:10:00,2025-03-11 15:55:00,LONG,1,19474.0,19440.5,-67.0,68.97,-0.486,entry,105.0
2025-03-12 09:48:00,2025-03-12 10:06:00,SHORT,1,19649.25,19695.25,-92.0,72.88,-0.631,entry,18.0
2025-03-12 10:15:00,2025-03-12 11:46:00,SHORT,1,19623.75,19601.25,45.0,62.07,0.363,entry,91.0
2025-03-12 12:09:00,2025-03-12 13:07:00,LONG,1,19650.75,19607.75,-86.0,50.9,-0.845,entry,58.0
2025-03-12 13:14:00,2025-03-12 13:53:00,LONG,1,19672.5,19618.5,-108.0,57.39,-0.941,entry,39.0
2025-03-12 13:56:00,2025-03-12 14:19:00,SHORT,1,19559.25,19618.75,-119.0,60.53,-0.983,entry,23.0
2025-03-12 14:43:00,2025-03-12 15:16:00,LONG,1,19674.25,19615.0,-118.5,56.18,-1.055,entry,33.0
2025-03-12 15:41:00,2025-03-12 15:54:00,SHORT,1,19572.25,19621.25,-98.0,48.19,-1.017,entry,13.0
2025-03-13 09:44:00,2025-03-13 10:12:00,SHORT,1,19471.25,19457.25,28.0,60.26,0.232,entry,28.0
2025-03-13 10:19:00,2025-03-13 10:36:00,LONG,1,19521.75,19439.75,-164.0,63.03,-1.301,entry,17.0
2025-03-13 10:42:00,2025-03-13 10:51:00,SHORT,1,19419.25,19465.75,-93.0,49.13,-0.946,entry,9.0
2025-03-13 11:07:00,2025-03-13 14:48:00,SHORT,1,19410.0,19374.5,71.0,53.83,0.66,entry,221.0
2025-03-13 14:53:00,2025-03-13 15:01:00,SHORT,1,19317.0,19383.0,-132.0,56.17,-1.175,entry,8.0
2025-03-13 15:07:00,2025-03-13 15:59:00,SHORT,1,19316.25,19251.5,129.5,56.27,1.151,entry,52.0
2025-03-14 09:35:00,2025-03-14 09:57:00,LONG,1,19565.0,19554.5,-21.0,47.83,-0.22,entry,22.0
2025-03-14 10:00:00,2025-03-14 10:06:00,SHORT,1,19490.5,19562.25,-143.5,64.2,-1.118,entry,6.0
2025-03-14 10:09:00,2025-03-14 10:38:00,SHORT,1,19498.75,19528.0,-58.5,48.42,-0.604,entry,29.0
2025-03-14 10:58:00,2025-03-14 15:59:00,LONG,1,19587.0,19705.25,236.5,54.18,2.183,entry,301.0
2025-03-17 09:36:00,2025-03-17 09:48:00,LONG,1,19804.5,19773.75,-61.5,62.55,-0.492,entry,12.0
2025-03-17 10:03:00,2025-03-17 10:11:00,SHORT,1,19728.0,19787.5,-119.0,50.39,-1.181,entry,8.0
2025-03-17 10:29:00,2025-03-17 13:22:00,SHORT,1,19716.0,19736.0,-40.0,59.03,-0.339,entry,173.0
2025-03-17 13:35:00,2025-03-17 15:59:00,LONG,1,19781.25,19831.75,101.0,48.25,1.047,entry,144.0
2025-03-18 09:36:00,2025-03-18 10:41:00,SHORT,1,19801.25,19729.5,143.5,48.7,1.473,entry,65.0
2025-03-18 10:45:00,2025-03-18 12:11:00,SHORT,1,19676.5,19709.25,-65.5,48.84,-0.671,entry,86.0
2025-03-18 14:49:00,2025-03-18 15:12:00,LONG,1,19751.75,19706.5,-90.5,46.58,-0.971,entry,23.0
2025-03-19 09:42:00,2025-03-19 09:46:00,SHORT,1,19719.75,19783.25,-127.0,55.52,-1.144,entry,4.0
2025-03-19 09:54:00,2025-03-19 10:46:00,LONG,1,19832.25,19813.5,-37.5,57.57,-0.326,entry,52.0
2025-03-19 11:11:00,2025-03-19 13:08:00,LONG,1,19868.75,19845.0,-47.5,48.21,-0.493,entry,117.0
2025-03-19 13:31:00,2025-03-19 13:41:00,SHORT,1,19796.0,19843.25,-94.5,47.43,-0.996,entry,10.0
2025-03-19 13:48:00,2025-03-19 14:00:00,SHORT,1,19793.0,19887.0,-188.0,49.39,-1.903,entry,12.0
2025-03-19 14:12:00,2025-03-19 15:59:00,LONG,1,19899.5,19953.5,108.0,56.61,0.954,entry,107.0
2025-03-20 09:33:00,2025-03-20 11:35:00,LONG,1,19864.5,19977.0,225.0,55.67,2.021,entry,122.0
2025-03-20 11:46:00,2025-03-20 11:59:00,LONG,1,20038.5,19985.75,-105.5,50.21,-1.051,entry,13.0
2025-03-20 12:24:00,2025-03-20 15:59:00,SHORT,1,19936.5,19881.25,110.5,52.14,1.06,entry,215.0
2025-03-21 09:50:00,2025-03-21 10:09:00,LONG,1,19720.75,19683.25,-75.0,52.19,-0.719,entry,19.0
2025-03-21 10:22:00,2025-03-21 11:29:00,LONG,1,19745.5,19716.0,-59.0,55.4,-0.533,entry,67.0
2025-03-21 12:10:00,2025-03-21 15:59:00,LONG,1,19763.25,19953.0,379.5,45.99,4.126,entry,229.0
2025-03-24 09:49:00,2025-03-24 10:09:00,LONG,1,20315.0,20281.0,-68.0,50.39,-0.675,entry,20.0
2025-03-24 10:19:00,2025-03-24 13:13:00,LONG,1,20333.75,20320.0,-27.5,45.54,-0.302,entry,174.0
2025-03-24 15:02:00,2025-03-24 15:59:00,LONG,1,20373.75,20365.75,-16.0,45.45,-0.176,entry,57.0
2025-03-25 10:29:00,2025-03-25 12:18:00,LONG,1,20453.25,20432.25,-42.0,48.1,-0.437,entry,109.0
2025-03-25 15:48:00,2025-03-25 15:59:00,LONG,1,20480.75,20487.75,14.0,44.95,0.156,entry,11.0
2025-03-26 09:51:00,2025-03-26 15:59:00,SHORT,1,20387.25,20112.5,549.5,47.69,5.761,entry,368.0
2025-03-27 09:36:00,2025-03-27 09:45:00,SHORT,1,19966.5,19989.5,-46.0,42.45,-0.542,entry,9.0
2025-03-27 09:54:00,2025-03-27 11:40:00,LONG,1,20066.25,20073.5,14.5,69.99,0.104,entry,106.0
2025-03-27 12:16:00,2025-03-27 12:37:00,LONG,1,20122.75,20073.75,-98.0,47.9,-1.023,entry,21.0
2025-03-27 12:50:00,2025-03-27 14:14:00,SHORT,1,20035.0,20080.0,-90.0,42.49,-1.059,entry,84.0
2025-03-27 15:22:00,2025-03-27 15:38:00,LONG,1,20127.5,20067.75,-119.5,56.81,-1.052,entry,16.0
2025-03-27 15:51:00,2025-03-27 15:59:00,SHORT,1,20015.0,19994.5,41.0,55.8,0.367,entry,8.0
2025-03-28 09:42:00,2025-03-28 09:44:00,LONG,1,19934.5,19882.25,-104.5,45.72,-1.143,entry,2.0
2025-03-28 10:03:00,2025-03-28 15:59:00,SHORT,1,19838.75,19461.5,754.5,42.32,8.915,entry,356.0
2025-03-31 09:32:00,2025-03-31 09:53:00,SHORT,1,19088.75,19070.25,37.0,50.99,0.363,entry,21.0
2025-03-31 10:00:00,2025-03-31 10:22:00,LONG,1,19117.0,19082.0,-70.0,50.11,-0.698,entry,22.0
2025-03-31 10:33:00,2025-03-31 15:59:00,LONG,1,19134.25,19450.0,631.5,48.8,6.471,entry,326.0
2025-04-01 09:47:00,2025-04-01 09:56:00,LONG,1,19435.5,19385.75,-99.5,53.56,-0.929,entry,9.0
2025-04-01 10:08:00,2025-04-01 10:37:00,SHORT,1,19330.25,19368.5,-76.5,59.88,-0.639,entry,29.0
2025-04-01 10:40:00,2025-04-01 14:01:00,LONG,1,19413.0,19469.25,112.5,44.72,1.258,entry,201.0
2025-04-01 14:07:00,2025-04-01 15:06:00,SHORT,1,19432.0,19471.5,-79.0,45.67,-0.865,entry,59.0
2025-04-01 15:32:00,2025-04-01 15:59:00,LONG,1,19515.5,19603.5,176.0,44.59,1.973,entry,27.0
2025-04-02 09:33:00,2025-04-02 14:23:00,LONG,1,19395.0,19652.0,514.0,42.73,6.014,entry,290.0
2025-04-02 14:39:00,2025-04-02 14:56:00,LONG,1,19700.0,19651.5,-97.0,46.29,-1.048,entry,17.0
2025-04-02 14:59:00,2025-04-02 15:02:00,SHORT,1,19607.25,19661.5,-108.5,47.38,-1.145,entry,3.0
2025-04-02 15:31:00,2025-04-02 15:59:00,LONG,1,19711.0,19746.5,71.0,55.95,0.635,entry,28.0
2025-04-03 09:33:00,2025-04-03 09:40:00,LONG,1,19043.5,18998.5,-90.0,46.66,-0.964,entry,7.0
2025-04-03 09:43:00,2025-04-03 09:50:00,SHORT,1,18965.0,19009.75,-89.5,46.25,-0.967,entry,7.0
2025-04-03 10:03:00,2025-04-03 11:40:00,SHORT,1,18926.25,18904.0,44.5,72.27,0.308,entry,97.0
2025-04-03 11:50:00,2025-04-03 11:56:00,SHORT,1,18851.75,18900.0,-96.5,48.05,-1.004,entry,6.0
2025-04-03 12:13:00,2025-04-03 12:34:00,LONG,1,18945.0,18901.75,-86.5,45.32,-0.954,entry,21.0
2025-04-03 12:42:00,2025-04-03 12:46:00,LONG,1,18955.25,18903.0,-104.5,51.58,-1.013,entry,4.0
2025-04-03 13:20:00,2025-04-03 15:59:00,SHORT,1,18854.25,18685.75,337.0,48.38,3.483,entry,159.0
2025-04-04 09:36:00,2025-04-04 09:46:00,SHORT,1,18081.5,18109.5,-56.0,78.04,-0.359,entry,10.0
2025-04-04 09:53:00,2025-04-04 09:54:00,LONG,1,18169.75,18102.25,-135.0,55.77,-1.21,entry,1.0
2025-04-04 09:57:00,2025-04-04 10:05:00,LONG,1,18197.0,18116.75,-160.5,80.88,-0.992,entry,8.0
2025-04-04 10:08:00,2025-04-04 11:03:00,SHORT,1,18072.75,18016.5,112.5,50.4,1.116,entry,55.0
2025-04-04 11:07:00,2025-04-04 11:10:00,SHORT,1,17933.5,18018.25,-169.5,67.47,-1.256,entry,3.0
2025-04-04 11:11:00,2025-04-04 11:26:00,LONG,1,18056.0,17957.25,-197.5,55.22,-1.788,entry,15.0
2025-04-04 11:26:00,2025-04-04 11:49:00,SHORT,1,17957.25,18002.75,-91.0,53.61,-0.849,reverse,23.0
2025-04-04 11:53:00,2025-04-04 15:59:00,SHORT,1,17934.0,17534.75,798.5,66.94,5.965,entry,246.0
2025-04-07 09:36:00,2025-04-07 09:46:00,SHORT,1,16817.25,16825.5,-16.5,79.66,-0.104,entry,10.0
2025-04-07 09:47:00,2025-04-07 10:29:00,LONG,1,16896.25,17359.25,926.0,68.9,6.719,entry,42.0
2025-04-07 10:31:00,2025-04-07 10:35:00,LONG,1,17502.5,17314.25,-376.5,141.85,-1.327,entry,4.0
2025-04-07 10:35:00,2025-04-07 10:43:00,SHORT,1,17314.25,17366.75,-105.0,53.29,-0.985,reverse,8.0
2025-04-07 10:44:00,2025-04-07 11:14:00,LONG,1,17442.0,17285.25,-313.5,81.87,-1.915,entry,30.0
2025-04-07 11:14:00,2025-04-07 11:20:00,SHORT,1,17285.25,17426.0,-281.5,114.29,-1.232,reverse,6.0
2025-04-07 11:21:00,2025-04-07 11:37:00,SHORT,1,17303.5,17395.75,-184.5,91.32,-1.01,entry,16.0
2025-04-07 11:40:00,2025-04-07 11:59:00,LONG,1,17451.5,17389.25,-124.5,63.42,-0.981,entry,19.0
2025-04-07 12:05:00,2025-04-07 12:26:00,SHORT,1,17317.25,17428.0,-221.5,74.19,-1.493,entry,21.0
2025-04-07 12:31:00,2025-04-07 12:41:00,LONG,1,17458.25,17375.75,-165.0,70.04,-1.178,entry,10.0
2025-04-07 12:43:00,2025-04-07 13:00:00,SHORT,1,17326.75,17461.5,-269.5,61.98,-2.174,entry,17.0
2025-04-07 13:00:00,2025-04-07 13:02:00,LONG,1,17461.5,17334.75,-253.5,74.66,-1.698,reverse,2.0
2025-04-07 13:03:00,2025-04-07 13:12:00,SHORT,1,17332.75,17387.0,-108.5,54.22,-1.001,entry,9.0
2025-04-07 13:14:00,2025-04-07 15:50:00,LONG,1,17481.75,17433.5,-96.5,95.6,-0.505,entry,156.0
2025-04-07 15:54:00,2025-04-07 15:59:00,LONG,1,17512.0,17560.75,97.5,76.72,0.635,entry,5.0
2025-04-08 09:37:00,2025-04-08 09:42:00,SHORT,1,18079.25,18133.75,-109.0,61.88,-0.881,entry,5.0
2025-04-08 09:46:00,2025-04-08 09:48:00,LONG,1,18205.0,18122.25,-165.5,68.81,-1.203,entry,2.0
2025-04-08 09:53:00,2025-04-08 10:48:00,LONG,1,18208.25,18225.0,33.5,66.33,0.253,entry,55.0
2025-04-08 10:56:00,2025-04-08 15:59:00,SHORT,1,18163.75,17239.5,1848.5,62.28,14.839,entry,303.0
2025-04-09 09:38:00,2025-04-09 09:45:00,LONG,1,17373.0,17349.0,-48.0,81.75,-0.294,entry,7.0
2025-04-09 09:51:00,2025-04-09 10:07:00,LONG,1,17463.0,17393.25,-139.5,99.06,-0.704,entry,16.0
2025-04-09 10:31:00,2025-04-09 10:44:00,LONG,1,17482.5,17413.0,-139.0,70.2,-0.99,entry,13.0
2025-04-09 10:50:00,2025-04-09 11:15:00,SHORT,1,17342.75,17422.5,-159.5,77.42,-1.03,entry,25.0
2025-04-09 11:35:00,2025-04-09 11:48:00,SHORT,1,17327.25,17417.5,-180.5,72.39,-1.247,entry,13.0
2025-04-09 11:55:00,2025-04-09 12:10:00,SHORT,1,17324.5,17393.25,-137.5,69.99,-0.982,entry,15.0
2025-04-09 12:13:00,2025-04-09 15:59:00,LONG,1,17459.25,19269.5,3620.5,67.87,26.673,entry,226.0
2025-04-10 09:42:00,2025-04-10 09:46:00,SHORT,1,18706.5,18785.5,-158.0,83.26,-0.949,entry,4.0
2025-04-10 09:58:00,2025-04-10 10:25:00,SHORT,1,18675.0,18718.75,-87.5,98.61,-0.444,entry,27.0
2025-04-10 10:52:00,2025-04-10 13:54:00,SHORT,1,18637.5,18451.75,371.5,79.31,2.342,entry,182.0
2025-04-10 14:02:00,2025-04-10 14:09:00,LONG,1,18529.75,18392.5,-274.5,90.48,-1.517,entry,7.0
2025-04-10 14:13:00,2025-04-10 14:20:00,SHORT,1,18350.5,18459.75,-218.5,90.26,-1.21,entry,7.0
2025-04-10 14:22:00,2025-04-10 15:28:00,LONG,1,18543.75,18438.25,-211.0,104.27,-1.012,entry,66.0
2025-04-10 15:39:00,2025-04-10 15:52:00,SHORT,1,18375.5,18462.5,-174.0,80.17,-1.085,entry,13.0
2025-04-10 15:56:00,2025-04-10 15:59:00,LONG,1,18539.75,18483.0,-113.5,88.42,-0.642,entry,3.0
2025-04-11 09:43:00,2025-04-11 10:01:00,LONG,1,18530.25,18496.5,-67.5,84.72,-0.398,entry,18.0
2025-04-11 10:19:00,2025-04-11 10:44:00,SHORT,1,18414.5,18495.75,-162.5,98.42,-0.826,entry,25.0
2025-04-11 11:03:00,2025-04-11 11:36:00,SHORT,1,18383.75,18469.5,-171.5,86.87,-0.987,entry,33.0
2025-04-11 11:39:00,2025-04-11 15:59:00,LONG,1,18540.25,18809.5,538.5,82.54,3.262,entry,260.0
2025-04-14 09:40:00,2025-04-14 10:02:00,SHORT,1,19060.0,19100.75,-81.5,104.18,-0.391,entry,22.0
2025-04-14 11:24:00,2025-04-14 14:20:00,SHORT,1,19024.0,18984.75,78.5,81.69,0.48,entry,176.0
2025-04-14 15:07:00,2025-04-14 15:50:00,LONG,1,19069.75,18969.0,-201.5,82.79,-1.217,entry,43.0
2025-04-15 10:19:00,2025-04-15 10:43:00,SHORT,1,18973.25,19069.0,-191.5,87.05,-1.1,entry,24.0
2025-04-15 12:57:00,2025-04-15 15:59:00,SHORT,1,18950.0,18959.5,-19.0,88.8,-0.107,entry,182.0
2025-04-16 09:59:00,2025-04-16 10:24:00,SHORT,1,18524.0,18611.25,-174.5,89.12,-0.979,entry,25.0
2025-04-16 11:24:00,2025-04-16 11:50:00,LONG,1,18704.5,18618.5,-172.0,94.16,-0.913,entry,26.0
2025-04-16 13:11:00,2025-04-16 15:59:00,SHORT,1,18533.0,18386.75,292.5,75.86,1.928,entry,168.0
2025-04-17 10:27:00,2025-04-17 11:08:00,SHORT,1,18340.25,18398.25,-116.0,86.27,-0.672,entry,41.0
2025-04-17 12:33:00,2025-04-17 12:43:00,LONG,1,18466.5,18389.25,-154.5,77.04,-1.003,entry,10.0
2025-04-17 12:58:00,2025-04-17 13:20:00,LONG,1,18473.0,18387.75,-170.5,80.07,-1.065,entry,22.0
2025-04-17 13:53:00,2025-04-17 15:11:00,LONG,1,18474.5,18402.75,-143.5,77.49,-0.926,entry,78.0
2025-04-21 09:57:00,2025-04-21 15:50:00,SHORT,1,18027.0,17870.25,313.5,73.77,2.125,entry,353.0
2025-04-21 15:58:00,2025-04-21 15:59:00,LONG,1,17943.0,17922.25,-41.5,73.78,-0.281,entry,1.0
2025-04-22 09:45:00,2025-04-22 13:16:00,LONG,1,18243.25,18331.75,177.0,88.82,0.996,entry,211.0
2025-04-22 13:30:00,2025-04-22 14:21:00,SHORT,1,18249.75,18328.5,-157.5,79.8,-0.987,entry,51.0
2025-04-22 14:55:00,2025-04-22 15:17:00,LONG,1,18399.0,18321.5,-155.0,75.62,-1.025,entry,22.0
2025-04-22 15:39:00,2025-04-22 15:44:00,SHORT,1,18244.5,18324.5,-160.0,78.57,-1.018,entry,5.0
2025-04-22 15:58:00,2025-04-22 15:59:00,LONG,1,18399.75,18380.0,-39.5,75.33,-0.262,entry,1.0
2025-04-23 09:37:00,2025-04-23 09:39:00,LONG,1,19081.75,18992.75,-178.0,97.59,-0.912,entry,2.0
2025-04-23 09:49:00,2025-04-23 09:55:00,LONG,1,19088.5,19004.5,-168.0,76.18,-1.103,entry,6.0
2025-04-23 10:12:00,2025-04-23 10:16:00,LONG,1,19103.5,19009.75,-187.5,72.84,-1.287,entry,4.0
2025-04-23 10:28:00,2025-04-23 11:00:00,LONG,1,19105.25,19052.0,-106.5,72.32,-0.736,entry,32.0
2025-04-23 11:23:00,2025-04-23 15:59:00,SHORT,1,18957.5,18788.25,338.5,91.39,1.852,entry,276.0
2025-04-24 09:46:00,2025-04-24 15:59:00,LONG,1,18976.0,19319.75,687.5,72.48,4.743,entry,373.0
2025-04-25 10:10:00,2025-04-25 10:21:00,LONG,1,19387.75,19304.75,-166.0,77.02,-1.078,entry,11.0
2025-04-25 12:22:00,2025-04-25 15:59:00,LONG,1,19404.5,19530.0,251.0,75.83,1.655,entry,217.0
2025-04-28 09:46:00,2025-04-28 09:53:00,LONG,1,19622.25,19549.75,-145.0,78.56,-0.923,entry,7.0
2025-04-28 09:58:00,2025-04-28 10:24:00,SHORT,1,19468.25,19535.75,-135.0,77.21,-0.874,entry,26.0
2025-04-28 11:06:00,2025-04-28 14:27:00,SHORT,1,19444.75,19417.0,55.5,70.73,0.392,entry,201.0
2025-04-28 15:20:00,2025-04-28 15:59:00,LONG,1,19489.75,19524.5,69.5,71.44,0.486,entry,39.0
2025-04-29 09:47:00,2025-04-29 10:21:00,LONG,1,19515.5,19500.25,-30.5,65.21,-0.234,entry,34.0
2025-04-29 10:38:00,2025-04-29 11:22:00,LONG,1,19574.0,19517.0,-114.0,66.14,-0.862,entry,44.0
2025-04-29 12:08:00,2025-04-29 12:47:00,LONG,1,19598.25,19533.0,-130.5,68.24,-0.956,entry,39.0
2025-04-29 13:42:00,2025-04-29 15:59:00,LONG,1,19602.25,19644.75,85.0,67.66,0.628,entry,137.0
2025-04-30 09:41:00,2025-04-30 10:08:00,SHORT,1,19166.25,19200.5,-68.5,72.94,-0.47,entry,27.0
2025-04-30 10:19:00,2025-04-30 15:59:00,LONG,1,19269.75,19642.5,745.5,68.12,5.472,entry,340.0
2025-05-01 09:59:00,2025-05-01 10:05:00,SHORT,1,19877.0,19942.75,-131.5,65.51,-1.004,entry,6.0
2025-05-01 10:28:00,2025-05-01 11:55:00,LONG,1,20003.0,19966.25,-73.5,63.97,-0.575,entry,87.0
2025-05-01 12:16:00,2025-05-01 12:37:00,SHORT,1,19915.25,19991.25,-152.0,75.25,-1.01,entry,21.0
2025-05-01 15:55:00,2025-05-01 15:59:00,SHORT,1,19917.5,19877.75,79.5,72.05,0.552,entry,4.0
2025-05-02 10:16:00,2025-05-02 15:47:00,LONG,1,20169.75,20172.5,5.5,76.12,0.036,entry,331.0
2025-05-05 10:01:00,2025-05-05 10:06:00,LONG,1,20106.0,20033.5,-145.0,69.14,-1.049,entry,5.0
2025-05-05 11:04:00,2025-05-05 15:46:00,LONG,1,20115.5,20090.75,-49.5,60.08,-0.412,entry,282.0
2025-05-06 09:53:00,2025-05-06 10:08:00,SHORT,1,19755.0,19814.5,-119.0,64.15,-0.928,entry,15.0
2025-05-06 10:20:00,2025-05-06 12:50:00,LONG,1,19878.25,19878.75,1.0,64.36,0.008,entry,150.0
2025-05-06 14:41:00,2025-05-06 15:59:00,LONG,1,19940.75,19875.75,-130.0,59.37,-1.095,entry,78.0
2025-05-07 10:28:00,2025-05-07 10:49:00,LONG,1,19972.0,19919.0,-106.0,56.69,-0.935,entry,21.0
2025-05-07 10:54:00,2025-05-07 12:47:00,SHORT,1,19848.75,19873.25,-49.0,70.01,-0.35,entry,113.0
2025-05-07 13:55:00,2025-05-07 14:42:00,SHORT,1,19815.25,19855.0,-79.5,58.7,-0.677,entry,47.0
2025-05-07 14:48:00,2025-05-07 14:56:00,SHORT,1,19765.75,19860.75,-190.0,85.32,-1.113,entry,8.0
2025-05-07 15:26:00,2025-05-07 15:41:00,SHORT,1,19783.75,19910.5,-253.5,66.04,-1.919,entry,15.0
2025-05-07 15:41:00,2025-05-07 15:50:00,LONG,1,19910.5,19845.5,-130.0,63.05,-1.031,reverse,9.0
2025-05-07 15:52:00,2025-05-07 15:59:00,LONG,1,19933.25,19949.25,32.0,76.67,0.209,entry,7.0
2025-05-08 10:11:00,2025-05-08 10:32:00,SHORT,1,20043.75,20104.5,-121.5,64.7,-0.939,entry,21.0
2025-05-08 10:54:00,2025-05-08 11:14:00,SHORT,1,20024.25,20085.25,-122.0,65.06,-0.938,entry,20.0
2025-05-08 11:23:00,2025-05-08 15:50:00,LONG,1,20140.5,20190.0,99.0,59.07,0.838,entry,267.0
2025-05-09 10:23:00,2025-05-09 13:57:00,SHORT,1,20188.25,20153.75,69.0,53.44,0.646,entry,214.0
2025-05-12 09:38:00,2025-05-12 09:52:00,SHORT,1,20777.75,20818.5,-81.5,52.09,-0.782,entry,14.0
2025-05-12 10:28:00,2025-05-12 10:44:00,SHORT,1,20739.0,20794.25,-110.5,66.63,-0.829,entry,16.0
2025-05-12 12:43:00,2025-05-12 15:59:00,LONG,1,20846.25,20949.75,207.0,53.67,1.928,entry,196.0
2025-05-13 09:52:00,2025-05-13 15:59:00,LONG,1,21102.5,21270.75,336.5,55.74,3.019,entry,367.0
2025-05-14 09:47:00,2025-05-14 10:06:00,SHORT,1,21304.5,21340.5,-72.0,54.47,-0.661,entry,19.0
2025-05-14 12:05:00,2025-05-14 13:12:00,LONG,1,21396.5,21342.0,-109.0,55.38,-0.984,entry,67.0
2025-05-14 13:22:00,2025-05-14 13:42:00,SHORT,1,21292.75,21347.5,-109.5,53.71,-1.019,entry,20.0
2025-05-15 11:03:00,2025-05-15 14:20:00,LONG,1,21354.75,21380.0,50.5,52.75,0.479,entry,197.0
2025-05-15 14:31:00,2025-05-15 15:09:00,LONG,1,21435.25,21380.25,-110.0,52.57,-1.046,entry,38.0
2025-05-15 15:25:00,2025-05-15 15:48:00,SHORT,1,21330.0,21385.0,-110.0,54.99,-1.0,entry,23.0
2025-05-16 10:36:00,2025-05-16 11:30:00,SHORT,1,21374.5,21415.75,-82.5,48.82,-0.845,entry,54.0
2025-05-16 13:30:00,2025-05-16 15:59:00,LONG,1,21465.25,21505.75,81.0,48.91,0.828,entry,149.0
2025-05-19 09:39:00,2025-05-19 15:59:00,LONG,1,21305.5,21523.25,435.5,46.47,4.685,entry,380.0
2025-05-20 09:47:00,2025-05-20 09:52:00,SHORT,1,21365.5,21413.75,-96.5,47.8,-1.009,entry,5.0
2025-05-20 12:38:00,2025-05-20 13:49:00,LONG,1,21459.75,21419.0,-81.5,47.17,-0.864,entry,71.0
2025-05-20 14:27:00,2025-05-20 15:35:00,SHORT,1,21368.0,21409.25,-82.5,50.43,-0.818,entry,68.0
2025-05-21 09:49:00,2025-05-21 13:15:00,LONG,1,21382.25,21438.5,112.5,44.87,1.254,entry,206.0
2025-05-21 13:17:00,2025-05-21 15:59:00,SHORT,1,21390.0,21149.0,482.0,53.14,4.535,entry,162.0
2025-05-22 09:34:00,2025-05-22 09:35:00,SHORT,1,21124.25,21175.0,-101.5,45.51,-1.115,entry,1.0
2025-05-22 09:52:00,2025-05-22 10:24:00,LONG,1,21238.5,21225.5,-26.0,65.85,-0.197,entry,32.0
2025-05-22 10:55:00,2025-05-22 10:59:00,SHORT,1,21179.5,21231.75,-104.5,49.3,-1.06,entry,4.0
2025-05-22 12:02:00,2025-05-22 12:47:00,LONG,1,21277.25,21231.25,-92.0,45.19,-1.018,entry,45.0
2025-05-22 13:44:00,2025-05-22 15:45:00,LONG,1,21288.75,21241.25,-95.0,50.06,-0.949,entry,121.0
2025-05-22 15:55:00,2025-05-22 15:59:00,SHORT,1,21192.25,21183.5,17.5,57.82,0.151,entry,4.0
2025-05-23 09:33:00,2025-05-23 09:43:00,LONG,1,20902.0,20881.25,-41.5,43.11,-0.481,entry,10.0
2025-05-23 10:05:00,2025-05-23 10:58:00,LONG,1,20934.75,20911.75,-46.0,45.32,-0.508,entry,53.0
2025-05-23 11:22:00,2025-05-23 15:55:00,LONG,1,20962.0,20965.0,6.0,44.92,0.067,entry,273.0
2025-05-26 10:35:00,2025-05-26 11:34:00,SHORT,1,21235.75,21264.0,-56.5,42.57,-0.664,entry,59.0
2025-05-27 09:56:00,2025-05-27 15:59:00,LONG,1,21289.0,21466.5,355.0,42.62,4.165,entry,363.0
2025-05-28 09:49:00,2025-05-28 12:36:00,SHORT,1,21482.5,21480.0,5.0,41.18,0.061,entry,167.0
2025-05-28 14:53:00,2025-05-28 15:02:00,SHORT,1,21431.5,21476.75,-90.5,43.29,-1.045,entry,9.0
2025-05-28 15:36:00,2025-05-28 15:59:00,SHORT,1,21432.5,21372.5,120.0,41.8,1.435,entry,23.0
2025-05-29 09:38:00,2025-05-29 10:53:00,SHORT,1,21566.5,21502.0,129.0,41.63,1.549,entry,75.0
2025-05-29 11:32:00,2025-05-29 13:02:00,SHORT,1,21446.75,21469.75,-46.0,50.04,-0.46,entry,90.0
2025-05-29 13:20:00,2025-05-29 15:59:00,SHORT,1,21428.0,21411.5,33.0,40.59,0.406,entry,159.0
2025-05-30 09:50:00,2025-05-30 10:01:00,SHORT,1,21267.0,21313.75,-93.5,56.25,-0.831,entry,11.0
2025-05-30 10:12:00,2025-05-30 11:11:00,LONG,1,21374.0,21336.0,-76.0,62.56,-0.607,entry,59.0
2025-05-30 12:16:00,2025-05-30 14:18:00,SHORT,1,21293.75,21263.25,61.0,40.51,0.753,entry,122.0
2025-05-30 14:57:00,2025-05-30 15:59:00,LONG,1,21303.0,21369.5,133.0,39.38,1.689,entry,62.0
2025-06-02 09:32:00,2025-06-02 09:46:00,LONG,1,21388.0,21387.25,-1.5,49.06,-0.015,entry,14.0
2025-06-02 09:51:00,2025-06-02 10:23:00,SHORT,1,21339.5,21360.5,-42.0,53.71,-0.391,entry,32.0
2025-06-02 10:34:00,2025-06-02 11:34:00,LONG,1,21405.25,21358.0,-94.5,56.33,-0.839,entry,60.0
2025-06-02 11:46:00,2025-06-02 15:59:00,LONG,1,21407.5,21534.25,253.5,47.68,2.658,entry,253.0
2025-06-03 09:57:00,2025-06-03 10:08:00,LONG,1,21603.25,21573.75,-59.0,41.13,-0.717,entry,11.0
2025-06-03 10:16:00,2025-06-03 14:10:00,LONG,1,21616.25,21643.75,55.0,38.39,0.716,entry,234.0
2025-06-03 14:27:00,2025-06-03 15:59:00,LONG,1,21695.75,21704.5,17.5,44.27,0.198,entry,92.0
2025-06-04 10:03:00,2025-06-04 10:27:00,SHORT,1,21702.75,21744.0,-82.5,49.82,-0.828,entry,24.0
2025-06-04 11:02:00,2025-06-04 12:04:00,LONG,1,21771.0,21739.0,-64.0,37.88,-0.845,entry,62.0
2025-06-04 13:27:00,2025-06-04 15:59:00,LONG,1,21779.75,21757.25,-45.0,38.85,-0.579,entry,152.0
2025-06-05 09:39:00,2025-06-05 10:21:00,SHORT,1,21748.5,21753.5,-10.0,46.48,-0.108,entry,42.0
2025-06-05 10:26:00,2025-06-05 10:32:00,LONG,1,21796.5,21745.75,-101.5,41.29,-1.229,entry,6.0
2025-06-05 10:38:00,2025-06-05 12:40:00,LONG,1,21794.75,21811.25,33.0,37.28,0.443,entry,122.0
2025-06-05 12:45:00,2025-06-05 15:59:00,SHORT,1,21773.0,21586.75,372.5,42.18,4.416,entry,194.0
2025-06-06 09:42:00,2025-06-06 09:56:00,LONG,1,21840.75,21815.0,-51.5,37.27,-0.691,entry,14.0
2025-06-06 10:31:00,2025-06-06 10:37:00,SHORT,1,21780.75,21818.25,-75.0,38.25,-0.98,entry,6.0
2025-06-06 11:07:00,2025-06-06 11:17:00,LONG,1,21858.75,21808.75,-100.0,37.99,-1.316,entry,10.0
2025-06-06 11:18:00,2025-06-06 11:48:00,SHORT,1,21778.0,21814.0,-72.0,42.98,-0.838,entry,30.0
2025-06-06 12:42:00,2025-06-06 13:38:00,SHORT,1,21775.25,21805.5,-60.5,36.84,-0.821,entry,56.0
2025-06-06 14:02:00,2025-06-06 15:20:00,LONG,1,21846.75,21808.5,-76.5,40.75,-0.939,entry,78.0
2025-06-09 10:10:00,2025-06-09 11:23:00,LONG,1,21829.75,21824.25,-11.0,36.52,-0.151,entry,73.0
2025-06-09 12:50:00,2025-06-09 15:42:00,LONG,1,21866.75,21838.75,-56.0,38.3,-0.731,entry,172.0
2025-06-10 11:32:00,2025-06-10 11:47:00,SHORT,1,21797.75,21852.0,-108.5,62.19,-0.872,entry,15.0
2025-06-10 12:01:00,2025-06-10 14:00:00,LONG,1,21893.25,21849.5,-87.5,41.83,-1.046,entry,119.0
2025-06-10 14:50:00,2025-06-10 15:59:00,LONG,1,21899.0,21964.5,131.0,34.32,1.909,entry,69.0
2025-06-11 09:46:00,2025-06-11 09:51:00,SHORT,1,21924.0,21978.0,-108.0,55.25,-0.977,entry,5.0
2025-06-11 10:13:00,2025-06-11 11:09:00,LONG,1,22014.25,21999.25,-30.0,35.72,-0.42,entry,56.0
2025-06-11 11:17:00,2025-06-11 11:42:00,LONG,1,22042.0,22004.5,-75.0,36.96,-1.014,entry,25.0
2025-06-11 12:06:00,2025-06-11 13:03:00,SHORT,1,21966.5,21996.75,-60.5,39.1,-0.774,entry,57.0
2025-06-11 13:43:00,2025-06-11 15:59:00,SHORT,1,21961.75,21887.75,148.0,35.17,2.104,entry,136.0
2025-06-12 10:12:00,2025-06-12 11:24:00,LONG,1,21903.0,21902.0,-2.0,35.53,-0.028,entry,72.0
2025-06-12 12:01:00,2025-06-12 14:27:00,LONG,1,21941.5,21912.5,-58.0,36.88,-0.786,entry,146.0
2025-06-13 09:31:00,2025-06-13 09:36:00,LONG,1,21761.75,21742.0,-39.5,38.12,-0.518,entry,5.0
2025-06-13 09:39:00,2025-06-13 09:45:00,LONG,1,21782.25,21744.0,-76.5,34.01,-1.125,entry,6.0
2025-06-13 10:10:00,2025-06-13 10:40:00,SHORT,1,21689.25,21721.25,-64.0,57.6,-0.556,entry,30.0
2025-06-13 10:55:00,2025-06-13 14:04:00,LONG,1,21760.5,21759.25,-2.5,42.34,-0.03,entry,189.0
2025-06-13 14:15:00,2025-06-13 15:59:00,SHORT,1,21724.25,21652.25,144.0,34.27,2.101,entry,104.0
2025-06-16 09:50:00,2025-06-16 12:44:00,LONG,1,22110.75,22150.75,80.0,33.34,1.2,entry,174.0
2025-06-16 13:25:00,2025-06-16 14:35:00,LONG,1,22190.0,22155.0,-70.0,34.22,-1.023,entry,70.0
2025-06-17 09:43:00,2025-06-17 09:51:00,SHORT,1,22044.0,22070.75,-53.5,33.44,-0.8,entry,8.0
2025-06-17 10:11:00,2025-06-17 10:35:00,LONG,1,22114.25,22085.25,-58.0,37.29,-0.778,entry,24.0
2025-06-17 11:11:00,2025-06-17 11:29:00,LONG,1,22123.25,22090.0,-66.5,35.59,-0.934,entry,18.0
2025-06-17 12:06:00,2025-06-17 12:44:00,LONG,1,22126.25,22084.25,-84.0,33.03,-1.272,entry,38.0
2025-06-17 12:52:00,2025-06-17 15:59:00,SHORT,1,22057.5,21956.5,202.0,37.59,2.687,entry,187.0
2025-06-18 09:49:00,2025-06-18 12:00:00,LONG,1,22002.5,22031.0,57.0,37.42,0.762,entry,131.0
2025-06-18 13:21:00,2025-06-18 13:52:00,SHORT,1,22002.5,22031.0,-57.0,32.33,-0.882,entry,31.0
2025-06-18 14:04:00,2025-06-18 14:32:00,SHORT,1,21977.25,22039.0,-123.5,51.84,-1.191,entry,28.0
2025-06-18 14:42:00,2025-06-18 14:45:00,LONG,1,22060.0,22026.75,-66.5,33.08,-1.005,entry,3.0
2025-06-18 14:52:00,2025-06-18 15:59:00,SHORT,1,21995.0,21949.0,92.0,31.88,1.443,entry,67.0
2025-06-19 09:47:00,2025-06-19 10:10:00,SHORT,1,21683.5,21710.5,-54.0,46.52,-0.58,entry,23.0
2025-06-20 09:39:00,2025-06-20 09:45:00,LONG,1,22120.5,22095.75,-49.5,31.64,-0.782,entry,6.0
2025-06-20 09:50:00,2025-06-20 15:59:00,SHORT,1,22051.25,21842.75,417.0,40.26,5.179,entry,369.0
2025-06-23 09:37:00,2025-06-23 11:41:00,LONG,1,21853.5,21924.25,141.5,36.89,1.918,entry,124.0
2025-06-23 12:22:00,2025-06-23 13:09:00,SHORT,1,21897.75,21911.5,-27.5,37.02,-0.371,entry,47.0
2025-06-23 13:11:00,2025-06-23 15:59:00,LONG,1,21945.25,22072.75,255.0,38.95,3.274,entry,168.0
2025-06-24 10:42:00,2025-06-24 15:59:00,LONG,1,22338.0,22405.5,135.0,33.77,1.999,entry,317.0
2025-06-25 10:14:00,2025-06-25 10:44:00,SHORT,1,22474.5,22514.0,-79.0,41.43,-0.953,entry,30.0
2025-06-25 11:03:00,2025-06-25 15:59:00,SHORT,1,22469.25,22463.25,12.0,37.45,0.16,entry,296.0
2025-06-26 09:37:00,2025-06-26 09:56:00,SHORT,1,22503.75,22520.0,-32.5,34.69,-0.469,entry,19.0
2025-06-26 10:00:00,2025-06-26 15:59:00,LONG,1,22561.0,22673.25,224.5,39.37,2.851,entry,359.0
2025-06-27 09:56:00,2025-06-27 10:51:00,LONG,1,22765.75,22766.0,0.5,38.08,0.007,entry,55.0
2025-06-27 11:31:00,2025-06-27 12:46:00,LONG,1,22801.25,22775.5,-51.5,31.81,-0.81,entry,75.0
2025-06-27 13:45:00,2025-06-27 15:56:00,SHORT,1,22730.75,22747.75,-34.0,45.86,-0.371,entry,131.0
2025-06-30 09:49:00,2025-06-30 10:01:00,SHORT,1,22800.0,22833.5,-67.0,31.74,-1.055,entry,12.0
2025-06-30 12:04:00,2025-06-30 13:05:00,LONG,1,22861.5,22831.0,-61.0,32.29,-0.945,entry,61.0
2025-06-30 14:38:00,2025-06-30 14:55:00,SHORT,1,22800.5,22832.75,-64.5,30.27,-1.065,entry,17.0
2025-06-30 15:04:00,2025-06-30 15:59:00,LONG,1,22860.75,22885.5,49.5,30.55,0.81,entry,55.0
2025-07-01 10:15:00,2025-07-01 10:21:00,LONG,1,22844.25,22798.75,-91.0,33.15,-1.373,entry,6.0
2025-07-01 10:26:00,2025-07-01 12:52:00,SHORT,1,22774.0,22727.5,93.0,35.74,1.301,entry,146.0
2025-07-01 13:52:00,2025-07-01 14:56:00,LONG,1,22751.5,22715.5,-72.0,30.58,-1.177,entry,64.0
2025-07-01 15:00:00,2025-07-01 15:26:00,SHORT,1,22675.5,22723.0,-95.0,46.4,-1.024,entry,26.0
2025-07-02 09:45:00,2025-07-02 15:59:00,LONG,1,22721.25,22844.5,246.5,37.41,3.294,entry,374.0
2025-07-03 09:51:00,2025-07-03 13:12:00,LONG,1,22992.75,23033.75,82.0,29.22,1.403,entry,201.0
2025-07-07 09:33:00,2025-07-07 09:37:00,SHORT,1,22922.75,22946.25,-47.0,31.32,-0.75,entry,4.0
2025-07-07 10:02:00,2025-07-07 10:23:00,SHORT,1,22913.5,22942.0,-57.0,30.92,-0.922,entry,21.0
2025-07-07 10:52:00,2025-07-07 11:57:00,SHORT,1,22909.75,22933.5,-47.5,28.63,-0.829,entry,65.0
2025-07-07 12:20:00,2025-07-07 12:36:00,SHORT,1,22879.75,22921.25,-83.0,48.41,-0.857,entry,16.0
2025-07-07 12:43:00,2025-07-07 15:59:00,SHORT,1,22882.0,22883.25,-2.5,38.25,-0.033,entry,196.0
2025-07-08 09:59:00,2025-07-08 10:31:00,SHORT,1,22881.5,22896.5,-30.0,29.51,-0.508,entry,32.0
2025-07-08 10:36:00,2025-07-08 10:49:00,LONG,1,22925.0,22899.75,-50.5,27.36,-0.923,entry,13.0
2025-07-08 10:52:00,2025-07-08 11:01:00,SHORT,1,22854.25,22904.5,-100.5,46.82,-1.073,entry,9.0
2025-07-08 11:22:00,2025-07-08 11:50:00,SHORT,1,22870.0,22898.75,-57.5,27.66,-1.039,entry,28.0
2025-07-08 12:21:00,2025-07-08 12:35:00,LONG,1,22927.25,22898.0,-58.5,30.68,-0.953,entry,14.0
2025-07-08 13:54:00,2025-07-08 14:30:00,LONG,1,22929.75,22904.0,-51.5,27.07,-0.951,entry,36.0
2025-07-08 15:10:00,2025-07-08 15:59:00,SHORT,1,22876.25,22891.75,-31.0,27.83,-0.557,entry,49.0
2025-07-09 09:39:00,2025-07-09 10:27:00,LONG,1,23048.0,23054.0,12.0,27.35,0.219,entry,48.0
2025-07-09 10:30:00,2025-07-09 14:07:00,SHORT,1,23026.25,23014.25,24.0,37.83,0.317,entry,217.0
2025-07-09 14:56:00,2025-07-09 15:59:00,LONG,1,23034.75,23051.0,32.5,28.83,0.564,entry,63.0
2025-07-10 09:48:00,2025-07-10 10:40:00,SHORT,1,23003.5,22976.0,55.0,37.64,0.731,entry,52.0
2025-07-10 11:13:00,2025-07-10 11:24:00,SHORT,1,22943.5,22979.75,-72.5,30.06,-1.206,entry,11.0
2025-07-10 11:30:00,2025-07-10 12:11:00,LONG,1,23003.0,22976.5,-53.0,29.18,-0.908,entry,41.0
2025-07-10 12:25:00,2025-07-10 15:59:00,LONG,1,23005.75,23015.0,18.5,27.08,0.342,entry,214.0
2025-07-11 09:37:00,2025-07-11 09:48:00,SHORT,1,22894.75,22926.75,-64.0,34.68,-0.923,entry,11.0
2025-07-11 09:50:00,2025-07-11 11:08:00,LONG,1,22942.0,22951.0,18.0,30.27,0.297,entry,78.0
2025-07-11 11:14:00,2025-07-11 11:20:00,SHORT,1,22915.75,22951.25,-71.0,35.52,-1.0,entry,6.0
2025-07-11 11:39:00,2025-07-11 15:03:00,LONG,1,22979.75,22966.75,-26.0,29.07,-0.447,entry,204.0
2025-07-11 15:05:00,2025-07-11 15:09:00,SHORT,1,22942.25,22970.0,-55.5,26.97,-1.029,entry,4.0
2025-07-14 09:40:00,2025-07-14 09:49:00,SHORT,1,22916.25,22919.25,-6.0,27.88,-0.108,entry,9.0
2025-07-14 10:14:00,2025-07-14 15:59:00,LONG,1,22945.0,23034.25,178.5,26.86,3.323,entry,345.0
2025-07-15 09:34:00,2025-07-15 09:45:00,SHORT,1,23161.5,23179.75,-36.5,29.91,-0.61,entry,11.0
2025-07-15 09:58:00,2025-07-15 10:09:00,SHORT,1,23140.25,23162.5,-44.5,27.51,-0.809,entry,11.0
2025-07-15 10:14:00,2025-07-15 10:25:00,LONG,1,23189.25,23165.5,-47.5,25.57,-0.929,entry,11.0
2025-07-15 10:43:00,2025-07-15 11:23:00,SHORT,1,23132.0,23158.5,-53.0,33.94,-0.781,entry,40.0
2025-07-15 12:37:00,2025-07-15 13:53:00,SHORT,1,23128.75,23150.75,-44.0,26.53,-0.829,entry,76.0
2025-07-15 14:06:00,2025-07-15 14:36:00,LONG,1,23174.75,23149.25,-51.0,25.58,-0.997,entry,30.0
2025-07-15 14:55:00,2025-07-15 15:59:00,SHORT,1,23124.75,23052.25,145.0,25.36,2.859,entry,64.0
2025-07-16 09:34:00,2025-07-16 10:29:00,SHORT,1,23027.0,23005.5,43.0,25.59,0.84,entry,55.0
2025-07-16 10:53:00,2025-07-16 10:54:00,LONG,1,23031.0,22977.5,-107.0,24.93,-2.146,entry,1.0
2025-07-16 10:54:00,2025-07-16 10:56:00,SHORT,1,22977.5,23010.5,-66.0,27.75,-1.189,reverse,2.0
2025-07-16 10:58:00,2025-07-16 11:00:00,SHORT,1,22966.75,23004.0,-74.5,37.4,-0.996,entry,2.0
2025-07-16 11:11:00,2025-07-16 11:16:00,LONG,1,23029.0,22979.75,-98.5,24.42,-2.017,entry,5.0
2025-07-16 11:16:00,2025-07-16 11:55:00,SHORT,1,22979.75,23006.25,-53.0,25.03,-1.059,reverse,39.0
2025-07-16 11:55:00,2025-07-16 12:10:00,LONG,1,23006.25,22968.5,-75.5,29.09,-1.298,reverse,15.0
2025-07-16 12:41:00,2025-07-16 12:46:00,LONG,1,23004.25,22968.5,-71.5,25.71,-1.39,entry,5.0
2025-07-16 12:50:00,2025-07-16 15:59:00,LONG,1,23012.5,23074.5,124.0,33.71,1.839,entry,189.0
2025-07-17 09:42:00,2025-07-17 10:23:00,LONG,1,23123.5,23124.75,2.5,28.76,0.043,entry,41.0
2025-07-17 10:29:00,2025-07-17 15:59:00,LONG,1,23154.5,23257.75,206.5,25.81,4.001,entry,330.0
2025-07-18 09:38:00,2025-07-18 09:47:00,SHORT,1,23261.0,23292.75,-63.5,24.49,-1.296,entry,9.0
2025-07-18 09:57:00,2025-07-18 11:47:00,SHORT,1,23255.5,23241.75,27.5,24.2,0.568,entry,110.0
2025-07-18 12:15:00,2025-07-18 15:19:00,SHORT,1,23214.5,23224.75,-20.5,24.24,-0.423,entry,184.0
2025-07-21 09:36:00,2025-07-21 12:00:00,LONG,1,23320.75,23375.0,108.5,27.04,2.006,entry,144.0
2025-07-21 12:51:00,2025-07-21 15:05:00,LONG,1,23400.25,23383.25,-34.0,23.85,-0.713,entry,134.0
2025-07-21 15:43:00,2025-07-21 15:59:00,SHORT,1,23357.75,23344.75,26.0,24.39,0.533,entry,16.0
2025-07-22 09:43:00,2025-07-22 10:34:00,SHORT,1,23262.0,23202.25,119.5,34.88,1.713,entry,51.0
2025-07-22 10:42:00,2025-07-22 10:48:00,LONG,1,23224.75,23200.5,-48.5,23.4,-1.036,entry,6.0
2025-07-22 10:57:00,2025-07-22 11:16:00,LONG,1,23226.0,23198.25,-55.5,23.6,-1.176,entry,19.0
2025-07-22 11:34:00,2025-07-22 12:00:00,LONG,1,23232.25,23200.25,-64.0,28.05,-1.141,entry,26.0
2025-07-22 12:27:00,2025-07-22 13:04:00,SHORT,1,23176.25,23204.75,-57.0,29.22,-0.975,entry,37.0
2025-07-22 13:25:00,2025-07-22 14:17:00,LONG,1,23231.0,23182.0,-98.0,27.37,-1.79,entry,52.0
2025-07-22 14:17:00,2025-07-22 14:20:00,SHORT,1,23182.0,23209.25,-54.5,23.69,-1.15,reverse,3.0
2025-07-22 14:34:00,2025-07-22 15:59:00,LONG,1,23232.5,23221.25,-22.5,26.61,-0.423,entry,85.0
2025-07-23 09:31:00,2025-07-23 09:34:00,SHORT,1,23197.25,23220.25,-46.0,24.35,-0.945,entry,3.0
2025-07-23 09:45:00,2025-07-23 10:29:00,SHORT,1,23166.75,23193.0,-52.5,45.25,-0.58,entry,44.0
2025-07-23 10:34:00,2025-07-23 10:51:00,SHORT,1,23151.25,23191.75,-81.0,38.57,-1.05,entry,17.0
2025-07-23 11:00:00,2025-07-23 11:05:00,LONG,1,23211.5,23185.5,-52.0,23.14,-1.124,entry,5.0
2025-07-23 11:48:00,2025-07-23 12:22:00,LONG,1,23214.25,23201.5,-25.5,23.31,-0.547,entry,34.0
2025-07-23 12:56:00,2025-07-23 15:59:00,LONG,1,23232.5,23324.5,184.0,25.5,3.608,entry,183.0
2025-07-24 09:40:00,2025-07-24 09:43:00,SHORT,1,23335.25,23361.0,-51.5,26.64,-0.966,entry,3.0
2025-07-24 09:47:00,2025-07-24 09:54:00,LONG,1,23397.5,23348.0,-99.0,34.57,-1.432,entry,7.0
2025-07-24 10:09:00,2025-07-24 10:37:00,SHORT,1,23329.75,23358.0,-56.5,32.42,-0.871,entry,28.0
2025-07-24 10:57:00,2025-07-24 12:05:00,LONG,1,23380.0,23358.0,-44.0,28.12,-0.782,entry,68.0
2025-07-24 13:06:00,2025-07-24 15:59:00,LONG,1,23384.5,23376.75,-15.5,23.76,-0.326,entry,173.0
2025-07-25 09:38:00,2025-07-25 09:43:00,SHORT,1,23332.5,23362.5,-60.0,24.34,-1.233,entry,5.0
2025-07-25 09:49:00,2025-07-25 15:55:00,LONG,1,23383.75,23414.0,60.5,24.5,1.235,entry,366.0
2025-07-28 09:45:00,2025-07-28 10:21:00,LONG,1,23512.75,23482.25,-61.0,24.45,-1.247,entry,36.0
2025-07-28 11:18:00,2025-07-28 11:51:00,SHORT,1,23472.5,23496.25,-47.5,27.37,-0.868,entry,33.0
2025-07-28 13:17:00,2025-07-28 15:55:00,SHORT,1,23470.0,23488.0,-36.0,22.59,-0.797,entry,158.0
2025-07-29 09:36:00,2025-07-29 09:43:00,LONG,1,23643.25,23620.5,-45.5,21.02,-1.082,entry,7.0
2025-07-29 09:49:00,2025-07-29 15:59:00,SHORT,1,23589.75,23457.0,265.5,32.67,4.063,entry,370.0
2025-07-30 09:35:00,2025-07-30 09:49:00,LONG,1,23498.0,23489.75,-16.5,21.67,-0.381,entry,14.0
2025-07-30 10:22:00,2025-07-30 11:11:00,LONG,1,23511.0,23484.5,-53.0,23.23,-1.141,entry,49.0
2025-07-30 11:55:00,2025-07-30 14:50:00,LONG,1,23518.5,23489.75,-57.5,21.32,-1.348,entry,175.0
2025-07-30 14:50:00,2025-07-30 15:59:00,SHORT,1,23489.75,23484.0,11.5,25.46,0.226,reverse,69.0
2025-07-31 09:31:00,2025-07-31 09:52:00,SHORT,1,23665.5,23677.0,-23.0,32.03,-0.359,entry,21.0
2025-07-31 09:53:00,2025-07-31 10:11:00,LONG,1,23686.5,23657.5,-58.0,24.03,-1.207,entry,18.0
2025-07-31 10:22:00,2025-07-31 12:28:00,SHORT,1,23646.0,23614.0,64.0,21.45,1.492,entry,126.0
2025-07-31 12:38:00,2025-07-31 15:59:00,SHORT,1,23588.5,23354.25,468.5,23.95,9.779,entry,201.0
2025-08-01 09:32:00,2025-08-01 10:16:00,SHORT,1,23034.75,22943.75,182.0,23.5,3.873,entry,44.0
2025-08-01 10:20:00,2025-08-01 10:22:00,LONG,1,22958.0,22928.25,-59.5,25.93,-1.147,entry,2.0
2025-08-01 10:23:00,2025-08-01 10:50:00,LONG,1,22962.25,22943.25,-38.0,29.68,-0.64,entry,27.0
2025-08-01 11:00:00,2025-08-01 11:11:00,SHORT,1,22919.75,22953.0,-66.5,25.73,-1.292,entry,11.0
2025-08-01 11:21:00,2025-08-01 11:39:00,SHORT,1,22917.25,22953.5,-72.5,26.8,-1.352,entry,18.0
2025-08-01 11:40:00,2025-08-01 12:47:00,LONG,1,22971.75,22953.25,-37.0,29.52,-0.627,entry,67.0
2025-08-01 12:53:00,2025-08-01 14:43:00,SHORT,1,22925.75,22933.75,-16.0,27.65,-0.289,entry,110.0
2025-08-01 14:50:00,2025-08-01 15:50:00,SHORT,1,22889.75,22924.75,-70.0,40.4,-0.866,entry,60.0
2025-08-01 15:51:00,2025-08-01 15:59:00,SHORT,1,22898.0,22880.5,35.0,26.48,0.661,entry,8.0
2025-08-04 09:35:00,2025-08-04 10:52:00,LONG,1,23148.25,23203.0,109.5,33.11,1.654,entry,77.0
2025-08-04 11:52:00,2025-08-04 15:59:00,LONG,1,23231.25,23296.75,131.0,25.42,2.577,entry,247.0
2025-08-05 09:38:00,2025-08-05 10:01:00,LONG,1,23361.25,23336.5,-49.5,36.71,-0.674,entry,23.0
2025-08-05 10:05:00,2025-08-05 10:07:00,SHORT,1,23319.25,23348.5,-58.5,27.96,-1.046,entry,2.0
2025-08-05 10:12:00,2025-08-05 13:47:00,SHORT,1,23313.0,23235.25,155.5,32.57,2.387,entry,215.0
2025-08-05 14:15:00,2025-08-05 15:59:00,SHORT,1,23202.75,23133.5,138.5,31.24,2.217,entry,104.0
2025-08-06 09:34:00,2025-08-06 09:36:00,LONG,1,23219.5,23164.5,-110.0,27.19,-2.022,entry,2.0
2025-08-06 09:36:00,2025-08-06 09:44:00,SHORT,1,23164.5,23202.75,-76.5,28.56,-1.339,reverse,8.0
2025-08-06 09:47:00,2025-08-06 09:51:00,LONG,1,23221.5,23176.75,-89.5,34.63,-1.292,entry,4.0
2025-08-06 09:53:00,2025-08-06 10:17:00,LONG,1,23225.5,23211.75,-27.5,33.66,-0.408,entry,24.0
2025-08-06 10:23:00,2025-08-06 10:35:00,SHORT,1,23168.0,23218.25,-100.5,43.85,-1.146,entry,12.0
2025-08-06 10:36:00,2025-08-06 15:59:00,LONG,1,23245.75,23424.75,358.0,36.44,4.912,entry,323.0
2025-08-07 09:45:00,2025-08-07 09:50:00,SHORT,1,23580.75,23618.25,-75.0,30.32,-1.237,entry,5.0
2025-08-07 09:56:00,2025-08-07 10:09:00,LONG,1,23649.75,23606.25,-87.0,38.19,-1.139,entry,13.0
2025-08-07 10:21:00,2025-08-07 15:59:00,SHORT,1,23589.25,23501.0,176.5,27.1,3.256,entry,338.0
2025-08-08 09:41:00,2025-08-08 11:35:00,LONG,1,23600.25,23631.25,62.0,34.93,0.888,entry,114.0
2025-08-08 11:55:00,2025-08-08 15:59:00,LONG,1,23674.0,23714.5,81.0,32.52,1.245,entry,244.0
2025-08-11 09:43:00,2025-08-11 09:53:00,LONG,1,23736.0,23709.5,-53.0,28.88,-0.918,entry,10.0
2025-08-11 09:59:00,2025-08-11 10:47:00,LONG,1,23744.75,23730.25,-29.0,29.65,-0.489,entry,48.0
2025-08-11 11:57:00,2025-08-11 12:44:00,LONG,1,23762.5,23741.75,-41.5,29.72,-0.698,entry,47.0
2025-08-11 13:38:00,2025-08-11 15:59:00,SHORT,1,23704.75,23638.5,132.5,36.54,1.813,entry,141.0
2025-08-12 09:33:00,2025-08-12 09:44:00,LONG,1,23761.25,23737.0,-48.5,27.59,-0.879,entry,11.0
2025-08-12 09:48:00,2025-08-12 10:14:00,SHORT,1,23705.5,23721.5,-32.0,51.68,-0.31,entry,26.0
2025-08-12 10:17:00,2025-08-12 15:59:00,LONG,1,23745.0,23934.5,379.0,29.26,6.477,entry,342.0
2025-08-13 09:55:00,2025-08-13 15:59:00,SHORT,1,24016.0,23943.0,146.0,30.79,2.371,entry,364.0
2025-08-14 09:34:00,2025-08-14 10:12:00,LONG,1,23902.75,23908.5,11.5,32.99,0.174,entry,38.0
2025-08-14 10:18:00,2025-08-14 11:13:00,LONG,1,23946.25,23930.25,-32.0,34.13,-0.469,entry,55.0
2025-08-14 11:25:00,2025-08-14 11:50:00,SHORT,1,23880.75,23927.25,-93.0,51.17,-0.909,entry,25.0
2025-08-14 12:10:00,2025-08-14 12:50:00,SHORT,1,23893.0,23930.25,-74.5,31.68,-1.176,entry,40.0
2025-08-14 13:00:00,2025-08-14 14:10:00,LONG,1,23953.0,23924.5,-57.0,31.59,-0.902,entry,70.0
2025-08-14 15:47:00,2025-08-14 15:59:00,LONG,1,23952.25,23922.0,-60.5,26.68,-1.134,entry,12.0
2025-08-15 09:41:00,2025-08-15 10:01:00,SHORT,1,23837.25,23835.0,4.5,28.51,0.079,entry,20.0
2025-08-15 10:09:00,2025-08-15 10:33:00,LONG,1,23866.0,23838.0,-56.0,32.61,-0.859,entry,24.0
2025-08-15 10:47:00,2025-08-15 12:57:00,SHORT,1,23806.5,23818.0,-23.0,32.31,-0.356,entry,130.0
2025-08-15 13:19:00,2025-08-15 13:31:00,SHORT,1,23790.25,23824.5,-68.5,26.67,-1.284,entry,12.0
2025-08-15 15:03:00,2025-08-15 15:36:00,SHORT,1,23784.5,23819.25,-69.5,31.9,-1.089,entry,33.0
2025-08-18 09:51:00,2025-08-18 10:03:00,SHORT,1,23752.0,23780.75,-57.5,37.49,-0.767,entry,12.0
2025-08-18 10:24:00,2025-08-18 10:29:00,LONG,1,23817.0,23776.0,-82.0,36.36,-1.128,entry,5.0
2025-08-18 10:44:00,2025-08-18 10:53:00,SHORT,1,23752.0,23778.5,-53.0,28.97,-0.915,entry,9.0
2025-08-18 11:25:00,2025-08-18 12:21:00,SHORT,1,23749.75,23775.0,-50.5,25.34,-0.996,entry,56.0
2025-08-18 12:37:00,2025-08-18 13:27:00,SHORT,1,23740.25,23768.0,-55.5,30.07,-0.923,entry,50.0
2025-08-18 13:31:00,2025-08-18 13:39:00,LONG,1,23796.25,23760.0,-72.5,28.85,-1.257,entry,8.0
2025-08-18 14:54:00,2025-08-18 15:59:00,LONG,1,23795.5,23797.0,3.0,27.69,0.054,entry,65.0
2025-08-19 09:32:00,2025-08-19 09:38:00,SHORT,1,23692.5,23700.75,-16.5,35.53,-0.232,entry,6.0
2025-08-19 09:45:00,2025-08-19 09:53:00,SHORT,1,23663.0,23691.0,-56.0,36.49,-0.767,entry,8.0
2025-08-19 10:04:00,2025-08-19 10:16:00,LONG,1,23721.75,23685.75,-72.0,32.56,-1.106,entry,12.0
2025-08-19 10:27:00,2025-08-19 15:59:00,SHORT,1,23650.5,23470.25,360.5,41.56,4.337,entry,332.0
2025-08-20 09:40:00,2025-08-20 11:19:00,SHORT,1,23348.0,23173.5,349.0,32.76,5.326,entry,99.0
2025-08-20 11:22:00,2025-08-20 11:52:00,LONG,1,23199.0,23173.75,-50.5,25.61,-0.986,entry,30.0
2025-08-20 12:02:00,2025-08-20 14:22:00,LONG,1,23206.25,23195.75,-21.0,25.3,-0.415,entry,140.0
2025-08-20 14:33:00,2025-08-20 15:59:00,LONG,1,23232.0,23324.75,185.5,29.58,3.135,entry,86.0
2025-08-21 09:33:00,2025-08-21 09:40:00,LONG,1,23271.75,23244.25,-55.0,41.21,-0.667,entry,7.0
2025-08-21 09:45:00,2025-08-21 09:48:00,SHORT,1,23209.0,23241.5,-65.0,35.95,-0.904,entry,3.0
2025-08-21 09:49:00,2025-08-21 09:51:00,LONG,1,23267.0,23228.25,-77.5,27.17,-1.426,entry,2.0
2025-08-21 09:56:00,2025-08-21 10:02:00,SHORT,1,23203.5,23257.75,-108.5,34.79,-1.559,entry,6.0
2025-08-21 10:04:00,2025-08-21 10:41:00,LONG,1,23263.0,23254.25,-17.5,28.2,-0.31,entry,37.0
2025-08-21 10:46:00,2025-08-21 10:49:00,LONG,1,23288.25,23257.5,-61.5,29.95,-1.027,entry,3.0
2025-08-21 10:54:00,2025-08-21 11:10:00,LONG,1,23298.25,23253.75,-89.0,39.12,-1.137,entry,16.0
2025-08-21 11:12:00,2025-08-21 11:23:00,SHORT,1,23223.75,23282.75,-118.0,37.03,-1.593,entry,11.0
2025-08-21 11:33:00,2025-08-21 11:47:00,LONG,1,23289.0,23256.0,-66.0,29.83,-1.106,entry,14.0
2025-08-21 11:52:00,2025-08-21 14:58:00,SHORT,1,23221.5,23233.25,-23.5,38.32,-0.307,entry,186.0
2025-08-22 09:37:00,2025-08-22 09:57:00,LONG,1,23280.75,23260.0,-41.5,41.84,-0.496,entry,20.0
2025-08-22 09:58:00,2025-08-22 10:00:00,SHORT,1,23252.5,23458.5,-412.0,29.28,-7.036,entry,2.0
2025-08-22 10:00:00,2025-08-22 12:57:00,LONG,1,23458.5,23510.5,104.0,161.96,0.321,reverse,177.0
2025-08-22 13:00:00,2025-08-22 15:59:00,LONG,1,23542.25,23565.0,45.5,29.94,0.76,entry,179.0
2025-08-25 09:33:00,2025-08-25 09:35:00,SHORT,1,23448.5,23488.5,-80.0,32.12,-1.245,entry,2.0
2025-08-25 09:45:00,2025-08-25 09:49:00,SHORT,1,23450.75,23492.25,-83.0,31.52,-1.317,entry,4.0
2025-08-25 09:57:00,2025-08-25 15:27:00,LONG,1,23510.25,23550.0,79.5,27.86,1.427,entry,330.0
2025-08-25 15:57:00,2025-08-25 15:59:00,SHORT,1,23509.5,23495.5,28.0,40.69,0.344,entry,2.0
2025-08-26 09:46:00,2025-08-26 09:53:00,SHORT,1,23458.0,23495.25,-74.5,32.15,-1.159,entry,7.0
2025-08-26 10:10:00,2025-08-26 11:32:00,LONG,1,23518.75,23504.75,-28.0,32.69,-0.428,entry,82.0
2025-08-26 12:06:00,2025-08-26 13:42:00,LONG,1,23534.75,23510.75,-48.0,28.4,-0.845,entry,96.0
2025-08-26 13:54:00,2025-08-26 14:03:00,SHORT,1,23483.25,23515.0,-63.5,28.53,-1.113,entry,9.0
2025-08-26 14:30:00,2025-08-26 15:59:00,LONG,1,23544.25,23587.0,85.5,31.81,1.344,entry,89.0
2025-08-27 09:45:00,2025-08-27 09:54:00,SHORT,1,23501.5,23539.5,-76.0,38.14,-0.996,entry,9.0
2025-08-27 10:09:00,2025-08-27 12:24:00,LONG,1,23559.0,23566.25,14.5,26.49,0.274,entry,135.0
2025-08-27 12:50:00,2025-08-27 15:12:00,LONG,1,23598.75,23564.25,-69.0,28.5,-1.211,entry,142.0
2025-08-27 15:35:00,2025-08-27 15:59:00,LONG,1,23611.25,23620.25,18.0,27.67,0.325,entry,24.0
2025-08-28 09:31:00,2025-08-28 09:35:00,LONG,1,23721.5,23693.5,-56.0,27.18,-1.03,entry,4.0
2025-08-28 09:45:00,2025-08-28 10:08:00,SHORT,1,23673.25,23675.5,-4.5,32.87,-0.068,entry,23.0
2025-08-28 10:19:00,2025-08-28 10:33:00,SHORT,1,23636.75,23671.75,-70.0,26.46,-1.323,entry,14.0
2025-08-28 10:42:00,2025-08-28 11:29:00,LONG,1,23693.25,23672.0,-42.5,31.41,-0.677,entry,47.0
2025-08-28 11:31:00,2025-08-28 15:59:00,LONG,1,23701.75,23766.75,130.0,26.6,2.444,entry,268.0
2025-08-29 09:39:00,2025-08-29 15:47:00,SHORT,1,23596.25,23493.75,205.0,40.55,2.528,entry,368.0
2025-08-29 15:50:00,2025-08-29 15:59:00,SHORT,1,23447.25,23473.5,-52.5,38.56,-0.681,entry,9.0
2025-09-02 09:33:00,2025-09-02 10:43:00,LONG,1,23087.75,23181.75,188.0,26.36,3.567,entry,70.0
2025-09-02 10:48:00,2025-09-02 13:24:00,SHORT,1,23147.5,23145.25,4.5,34.9,0.064,entry,156.0
2025-09-02 13:30:00,2025-09-02 15:59:00,LONG,1,23171.0,23276.75,211.5,28.23,3.745,entry,149.0
2025-09-03 10:03:00,2025-09-03 10:12:00,LONG,1,23433.0,23400.5,-65.0,33.13,-0.981,entry,9.0
2025-09-03 10:18:00,2025-09-03 11:27:00,LONG,1,23444.75,23437.25,-15.0,37.91,-0.198,entry,69.0
2025-09-03 11:31:00,2025-09-03 12:19:00,SHORT,1,23410.0,23441.75,-63.5,29.55,-1.074,entry,48.0
2025-09-03 12:40:00,2025-09-03 13:10:00,SHORT,1,23397.5,23439.5,-84.0,38.63,-1.087,entry,30.0
2025-09-03 13:37:00,2025-09-03 15:50:00,SHORT,1,23405.0,23420.0,-30.0,29.35,-0.511,entry,133.0
2025-09-04 09:33:00,2025-09-04 09:37:00,LONG,1,23521.5,23501.25,-40.5,31.45,-0.644,entry,4.0
2025-09-04 09:41:00,2025-09-04 09:45:00,SHORT,1,23470.25,23499.0,-57.5,30.68,-0.937,entry,4.0
2025-09-04 09:48:00,2025-09-04 10:24:00,SHORT,1,23461.25,23477.5,-32.5,35.82,-0.454,entry,36.0
2025-09-04 10:32:00,2025-09-04 15:59:00,LONG,1,23504.5,23666.5,324.0,29.37,5.516,entry,327.0
2025-09-05 09:37:00,2025-09-05 09:41:00,SHORT,1,23827.75,23859.0,-62.5,29.45,-1.061,entry,4.0
2025-09-05 09:51:00,2025-09-05 09:52:00,LONG,1,23891.75,23846.5,-90.5,34.72,-1.303,entry,1.0
2025-09-05 09:57:00,2025-09-05 15:16:00,SHORT,1,23827.25,23687.25,280.0,28.73,4.874,entry,319.0
2025-09-05 15:53:00,2025-09-05 15:59:00,SHORT,1,23650.0,23691.0,-82.0,27.25,-1.505,entry,6.0
2025-09-08 09:36:00,2025-09-08 09:38:00,LONG,1,23834.75,23807.5,-54.5,30.95,-0.881,entry,2.0
2025-09-08 09:41:00,2025-09-08 10:17:00,LONG,1,23840.75,23828.5,-24.5,30.2,-0.406,entry,36.0
2025-09-08 10:29:00,2025-09-08 11:46:00,LONG,1,23862.75,23839.75,-46.0,30.05,-0.765,entry,77.0
2025-09-08 11:57:00,2025-09-08 12:06:00,LONG,1,23873.5,23844.25,-58.5,27.34,-1.07,entry,9.0
2025-09-08 12:32:00,2025-09-08 15:59:00,SHORT,1,23810.0,23803.75,12.5,35.48,0.176,entry,207.0
2025-09-09 10:00:00,2025-09-09 10:09:00,SHORT,1,23786.0,23831.75,-91.5,42.91,-1.066,entry,9.0
2025-09-09 10:31:00,2025-09-09 11:54:00,SHORT,1,23795.0,23805.5,-21.0,27.19,-0.386,entry,83.0
2025-09-09 12:15:00,2025-09-09 12:22:00,LONG,1,23827.25,23797.25,-60.0,30.45,-0.985,entry,7.0
2025-09-09 12:57:00,2025-09-09 15:59:00,LONG,1,23828.0,23867.75,79.5,29.26,1.359,entry,182.0
2025-09-10 09:42:00,2025-09-10 09:49:00,SHORT,1,23921.75,23944.5,-45.5,26.35,-0.863,entry,7.0
2025-09-10 09:51:00,2025-09-10 10:00:00,SHORT,1,23914.0,23947.25,-66.5,27.92,-1.191,entry,9.0
2025-09-10 10:03:00,2025-09-10 11:16:00,LONG,1,23966.75,23949.75,-34.0,26.5,-0.641,entry,73.0
2025-09-10 11:32:00,2025-09-10 11:41:00,SHORT,1,23924.5,23954.0,-59.0,27.98,-1.054,entry,9.0
2025-09-10 12:08:00,2025-09-10 15:59:00,SHORT,1,23925.25,23874.25,102.0,26.56,1.921,entry,231.0
2025-09-11 09:36:00,2025-09-11 09:48:00,SHORT,1,23951.25,23962.75,-23.0,27.64,-0.416,entry,12.0
2025-09-11 09:57:00,2025-09-11 10:13:00,LONG,1,23983.25,23963.5,-39.5,25.9,-0.762,entry,16.0
2025-09-11 10:34:00,2025-09-11 15:59:00,LONG,1,23998.25,24011.5,26.5,33.92,0.391,entry,325.0
2025-09-12 10:21:00,2025-09-12 15:59:00,LONG,1,24069.0,24110.25,82.5,33.08,1.247,entry,338.0
2025-09-15 09:50:00,2025-09-15 14:43:00,LONG,1,24481.0,24490.75,19.5,32.34,0.301,entry,293.0
2025-09-15 15:01:00,2025-09-15 15:59:00,LONG,1,24518.25,24553.25,70.0,24.64,1.42,entry,58.0
2025-09-16 09:50:00,2025-09-16 10:22:00,SHORT,1,24539.0,24555.5,-33.0,29.0,-0.569,entry,32.0
2025-09-16 11:01:00,2025-09-16 13:15:00,SHORT,1,24522.25,24539.25,-34.0,28.32,-0.6,entry,134.0
2025-09-17 09:37:00,2025-09-17 09:49:00,SHORT,1,24487.5,24497.25,-19.5,24.85,-0.392,entry,12.0
2025-09-17 10:01:00,2025-09-17 13:41:00,SHORT,1,24458.75,24447.25,23.0,35.62,0.323,entry,220.0
2025-09-17 14:00:00,2025-09-17 14:09:00,LONG,1,24470.5,24441.0,-59.0,25.75,-1.146,entry,9.0
2025-09-17 14:10:00,2025-09-17 14:28:00,SHORT,1,24410.75,24436.75,-52.0,37.11,-0.701,entry,18.0
2025-09-17 14:31:00,2025-09-17 15:01:00,SHORT,1,24404.75,24450.75,-92.0,31.56,-1.458,entry,30.0
2025-09-17 15:01:00,2025-09-17 15:59:00,LONG,1,24450.75,24475.25,49.0,33.79,0.725,reverse,58.0
2025-09-18 09:40:00,2025-09-18 09:50:00,SHORT,1,24642.5,24690.25,-95.5,40.01,-1.193,entry,10.0
2025-09-18 09:50:00,2025-09-18 09:54:00,LONG,1,24690.25,24660.75,-59.0,27.64,-1.067,reverse,4.0
2025-09-18 09:59:00,2025-09-18 12:09:00,LONG,1,24697.0,24729.5,65.0,32.07,1.013,entry,130.0
2025-09-18 12:13:00,2025-09-18 13:36:00,LONG,1,24755.25,24735.75,-39.0,24.62,-0.792,entry,83.0
2025-09-18 15:33:00,2025-09-18 15:59:00,SHORT,1,24711.0,24698.25,25.5,27.75,0.459,entry,26.0
2025-09-19 09:49:00,2025-09-19 10:17:00,LONG,1,24793.25,24768.5,-49.5,30.46,-0.813,entry,28.0
2025-09-19 10:45:00,2025-09-19 11:00:00,SHORT,1,24750.5,24774.5,-48.0,25.56,-0.939,entry,15.0
2025-09-19 11:04:00,2025-09-19 11:54:00,SHORT,1,24745.5,24764.75,-38.5,27.46,-0.701,entry,50.0
2025-09-19 12:03:00,2025-09-19 15:59:00,LONG,1,24790.75,24860.5,139.5,26.57,2.625,entry,236.0
2025-09-22 09:54:00,2025-09-22 15:59:00,LONG,1,24877.0,24998.75,243.5,31.62,3.851,entry,365.0
2025-09-23 09:41:00,2025-09-23 10:41:00,SHORT,1,24949.5,24973.75,-48.5,34.35,-0.706,entry,60.0
2025-09-23 11:42:00,2025-09-23 11:47:00,SHORT,1,24931.75,24957.25,-51.0,25.3,-1.008,entry,5.0
2025-09-23 12:08:00,2025-09-23 15:59:00,SHORT,1,24926.5,24831.5,190.0,29.47,3.224,entry,231.0
2025-09-24 09:33:00,2025-09-24 10:04:00,SHORT,1,24831.5,24837.5,-12.0,30.15,-0.199,entry,31.0
2025-09-24 10:33:00,2025-09-24 15:59:00,SHORT,1,24794.5,24739.5,110.0,33.57,1.639,entry,326.0
2025-09-25 09:34:00,2025-09-25 09:48:00,SHORT,1,24518.75,24490.5,56.5,24.8,1.139,entry,14.0
2025-09-25 09:52:00,2025-09-25 10:01:00,SHORT,1,24455.0,24488.75,-67.5,32.92,-1.025,entry,9.0
2025-09-25 10:04:00,2025-09-25 13:21:00,LONG,1,24518.0,24579.0,122.0,35.48,1.719,entry,197.0
2025-09-25 13:41:00,2025-09-25 14:25:00,SHORT,1,24557.25,24582.5,-50.5,25.0,-1.01,entry,44.0
2025-09-25 14:38:00,2025-09-25 15:59:00,LONG,1,24600.0,24632.25,64.5,25.67,1.256,entry,81.0
2025-09-26 09:32:00,2025-09-26 09:45:00,LONG,1,24688.75,24662.25,-53.0,51.43,-0.515,entry,13.0
2025-09-26 09:47:00,2025-09-26 10:04:00,LONG,1,24695.5,24674.25,-42.5,26.05,-0.816,entry,17.0
2025-09-26 10:06:00,2025-09-26 10:42:00,SHORT,1,24639.0,24638.5,1.0,39.23,0.013,entry,36.0
2025-09-26 10:45:00,2025-09-26 11:27:00,SHORT,1,24601.0,24625.5,-49.0,32.11,-0.763,entry,42.0
2025-09-26 11:38:00,2025-09-26 12:19:00,SHORT,1,24593.25,24623.0,-59.5,26.61,-1.118,entry,41.0
2025-09-26 12:21:00,2025-09-26 15:59:00,LONG,1,24654.0,24725.5,143.0,36.51,1.958,entry,218.0
2025-09-29 09:43:00,2025-09-29 10:56:00,LONG,1,24901.5,24925.0,47.0,24.6,0.955,entry,73.0
2025-09-29 11:12:00,2025-09-29 15:59:00,SHORT,1,24896.5,24837.25,118.5,30.32,1.954,entry,287.0
2025-09-30 09:33:00,2025-09-30 09:43:00,SHORT,1,24771.25,24777.5,-12.5,29.3,-0.213,entry,10.0
2025-09-30 09:54:00,2025-09-30 09:58:00,SHORT,1,24734.0,24777.0,-86.0,42.23,-1.018,entry,4.0
2025-09-30 10:02:00,2025-09-30 10:06:00,LONG,1,24799.25,24762.75,-73.0,24.47,-1.491,entry,4.0
2025-09-30 10:11:00,2025-09-30 10:16:00,SHORT,1,24747.5,24782.0,-69.0,27.49,-1.255,entry,5.0
2025-09-30 10:31:00,2025-09-30 10:38:00,LONG,1,24802.0,24764.75,-74.5,26.21,-1.421,entry,7.0
2025-09-30 10:45:00,2025-09-30 11:25:00,LONG,1,24803.75,24787.25,-33.0,27.21,-0.606,entry,40.0
2025-09-30 12:20:00,2025-09-30 12:48:00,LONG,1,24819.5,24794.25,-50.5,27.06,-0.933,entry,28.0
2025-09-30 13:10:00,2025-09-30 13:51:00,SHORT,1,24769.25,24791.75,-45.0,24.48,-0.919,entry,41.0
2025-09-30 14:02:00,2025-09-30 14:10:00,SHORT,1,24764.25,24801.25,-74.0,25.09,-1.475,entry,8.0
2025-09-30 14:15:00,2025-09-30 15:59:00,LONG,1,24818.25,24898.25,160.0,28.69,2.789,entry,104.0
2025-10-01 09:31:00,2025-10-01 09:47:00,LONG,1,24804.25,24797.0,-14.5,36.59,-0.198,entry,16.0
2025-10-01 09:48:00,2025-10-01 09:56:00,SHORT,1,24773.5,24808.0,-69.0,32.02,-1.077,entry,8.0
2025-10-01 10:04:00,2025-10-01 15:59:00,LONG,1,24822.25,25011.75,379.0,30.0,6.317,entry,355.0
2025-10-02 09:37:00,2025-10-02 10:05:00,SHORT,1,25093.5,25078.75,29.5,37.91,0.389,entry,28.0
2025-10-02 10:11:00,2025-10-02 10:18:00,SHORT,1,25045.0,25075.0,-60.0,29.33,-1.023,entry,7.0
2025-10-02 10:46:00,2025-10-02 11:54:00,SHORT,1,25026.5,25062.75,-72.5,46.0,-0.788,entry,68.0
2025-10-02 13:23:00,2025-10-02 15:59:00,LONG,1,25084.5,25109.5,50.0,25.58,0.977,entry,156.0
2025-10-03 09:56:00,2025-10-03 10:37:00,SHORT,1,25107.5,25110.5,-6.0,34.31,-0.087,entry,41.0
2025-10-03 11:21:00,2025-10-03 11:42:00,LONG,1,25137.25,25111.25,-52.0,26.47,-0.982,entry,21.0
2025-10-03 11:56:00,2025-10-03 12:50:00,LONG,1,25146.5,25109.0,-75.0,32.89,-1.14,entry,54.0
2025-10-03 13:01:00,2025-10-03 15:59:00,SHORT,1,25087.25,24996.75,181.0,29.15,3.105,entry,178.0
2025-10-06 09:43:00,2025-10-06 10:00:00,SHORT,1,25126.5,25173.5,-94.0,46.92,-1.002,entry,17.0
2025-10-06 10:10:00,2025-10-06 10:15:00,SHORT,1,25138.25,25164.75,-53.0,24.88,-1.065,entry,5.0
2025-10-06 10:31:00,2025-10-06 11:04:00,SHORT,1,25131.5,25162.25,-61.5,30.19,-1.018,entry,33.0
2025-10-06 11:45:00,2025-10-06 15:59:00,LONG,1,25182.75,25184.25,3.0,25.34,0.059,entry,254.0
2025-10-07 10:27:00,2025-10-07 15:59:00,SHORT,1,25211.0,25045.25,331.5,27.75,5.972,entry,332.0
2025-10-08 09:39:00,2025-10-08 10:55:00,LONG,1,25148.0,25174.75,53.5,30.11,0.888,entry,76.0
2025-10-08 11:00:00,2025-10-08 15:59:00,LONG,1,25200.0,25330.0,260.0,24.63,5.278,entry,299.0
2025-10-09 09:41:00,2025-10-09 09:49:00,SHORT,1,25273.25,25301.75,-57.0,33.47,-0.852,entry,8.0
2025-10-09 09:54:00,2025-10-09 09:57:00,SHORT,1,25266.25,25290.75,-49.0,26.35,-0.93,entry,3.0
2025-10-09 10:26:00,2025-10-09 11:00:00,SHORT,1,25257.75,25264.75,-14.0,25.29,-0.277,entry,34.0
2025-10-09 11:23:00,2025-10-09 11:51:00,SHORT,1,25236.25,25258.25,-44.0,27.16,-0.81,entry,28.0
2025-10-09 12:41:00,2025-10-09 15:03:00,SHORT,1,25220.5,25245.75,-50.5,37.13,-0.68,entry,142.0
2025-10-09 15:25:00,2025-10-09 15:59:00,LONG,1,25268.5,25294.5,52.0,25.93,1.003,entry,34.0
2025-10-10 09:37:00,2025-10-10 09:50:00,LONG,1,25371.0,25340.75,-60.5,37.8,-0.8,entry,13.0
2025-10-10 10:15:00,2025-10-10 10:25:00,SHORT,1,25321.5,25347.25,-51.5,24.57,-1.048,entry,10.0
2025-10-10 10:57:00,2025-10-10 15:59:00,SHORT,1,25264.25,24402.25,1724.0,75.48,11.42,entry,302.0
2025-10-13 09:33:00,2025-10-13 09:42:00,SHORT,1,24786.0,24781.25,9.5,30.78,0.154,entry,9.0
2025-10-13 09:43:00,2025-10-13 10:22:00,LONG,1,24811.5,24809.25,-4.5,33.02,-0.068,entry,39.0
2025-10-13 10:35:00,2025-10-13 10:46:00,LONG,1,24867.0,24814.75,-104.5,39.31,-1.329,entry,11.0
2025-10-13 10:50:00,2025-10-13 11:11:00,SHORT,1,24796.0,24820.5,-49.0,32.86,-0.745,entry,21.0
2025-10-13 11:16:00,2025-10-13 15:59:00,LONG,1,24851.5,24920.5,138.0,31.43,2.195,entry,283.0
2025-10-14 09:33:00,2025-10-14 09:53:00,SHORT,1,24570.0,24543.75,52.5,33.51,0.783,entry,20.0
2025-10-14 09:55:00,2025-10-14 15:44:00,LONG,1,24564.75,24717.5,305.5,48.16,3.172,entry,349.0
2025-10-14 15:58:00,2025-10-14 15:59:00,LONG,1,24767.5,24757.25,-20.5,31.88,-0.322,entry,1.0
2025-10-15 09:47:00,2025-10-15 09:51:00,SHORT,1,24926.25,24966.25,-80.0,34.52,-1.159,entry,4.0
2025-10-15 09:55:00,2025-10-15 11:33:00,LONG,1,25009.0,25030.5,43.0,51.66,0.416,entry,98.0
2025-10-15 11:35:00,2025-10-15 14:41:00,SHORT,1,24993.25,24944.25,98.0,38.14,1.285,entry,186.0
2025-10-15 15:35:00,2025-10-15 15:59:00,SHORT,1,24909.0,24924.5,-31.0,33.4,-0.464,entry,24.0
2025-10-16 09:45:00,2025-10-16 09:47:00,LONG,1,25122.75,25066.5,-112.5,46.48,-1.21,entry,2.0
2025-10-16 10:11:00,2025-10-16 10:16:00,SHORT,1,25031.5,25079.0,-95.0,38.63,-1.229,entry,5.0
2025-10-16 10:22:00,2025-10-16 10:26:00,LONG,1,25103.5,25050.5,-106.0,34.76,-1.525,entry,4.0
2025-10-16 10:31:00,2025-10-16 11:05:00,LONG,1,25106.0,25083.75,-44.5,35.76,-0.622,entry,34.0
2025-10-16 11:08:00,2025-10-16 11:24:00,LONG,1,25124.25,25085.25,-78.0,34.97,-1.115,entry,16.0
2025-10-16 11:26:00,2025-10-16 15:59:00,SHORT,1,25051.5,24830.75,441.5,38.82,5.686,entry,273.0
2025-10-17 09:34:00,2025-10-17 09:39:00,LONG,1,24779.0,24735.75,-86.5,37.42,-1.156,entry,5.0
2025-10-17 09:41:00,2025-10-17 09:48:00,SHORT,1,24710.5,24783.25,-145.5,40.2,-1.81,entry,7.0
2025-10-17 09:48:00,2025-10-17 10:38:00,LONG,1,24783.25,24819.5,72.5,44.4,0.816,reverse,50.0
2025-10-17 10:50:00,2025-10-17 10:52:00,LONG,1,24857.25,24817.5,-79.5,36.57,-1.087,entry,2.0
2025-10-17 10:56:00,2025-10-17 11:02:00,SHORT,1,24770.5,24823.25,-105.5,49.74,-1.06,entry,6.0
2025-10-17 11:12:00,2025-10-17 11:48:00,SHORT,1,24774.75,24825.0,-100.5,43.14,-1.165,entry,36.0
2025-10-17 11:52:00,2025-10-17 15:59:00,LONG,1,24841.25,24989.0,295.5,38.41,3.847,entry,247.0
2025-10-20 09:36:00,2025-10-20 09:44:00,LONG,1,25218.75,25189.0,-59.5,37.99,-0.783,entry,8.0
2025-10-20 10:07:00,2025-10-20 15:59:00,LONG,1,25249.0,25300.25,102.5,42.21,1.214,entry,352.0
2025-10-21 09:48:00,2025-10-21 10:17:00,SHORT,1,25226.0,25257.75,-63.5,38.6,-0.823,entry,29.0
2025-10-21 10:28:00,2025-10-21 10:37:00,SHORT,1,25208.5,25259.0,-101.0,44.16,-1.144,entry,9.0
2025-10-21 10:55:00,2025-10-21 13:01:00,LONG,1,25289.75,25269.0,-41.5,38.43,-0.54,entry,126.0
2025-10-21 13:55:00,2025-10-21 15:59:00,LONG,1,25312.0,25291.25,-41.5,37.06,-0.56,entry,124.0
2025-10-22 09:41:00,2025-10-22 10:13:00,LONG,1,25245.25,25223.75,-43.0,34.67,-0.62,entry,32.0
2025-10-22 10:23:00,2025-10-22 11:01:00,SHORT,1,25194.25,25186.5,15.5,39.64,0.196,entry,38.0
2025-10-22 11:11:00,2025-10-22 15:59:00,SHORT,1,25146.25,25040.5,211.5,34.34,3.08,entry,288.0
2025-10-23 09:40:00,2025-10-23 10:19:00,LONG,1,25079.25,25095.5,32.5,38.93,0.417,entry,39.0
2025-10-23 10:24:00,2025-10-23 11:44:00,LONG,1,25155.25,25128.5,-53.5,46.35,-0.577,entry,80.0
2025-10-23 11:51:00,2025-10-23 15:59:00,LONG,1,25175.75,25253.0,154.5,39.73,1.944,entry,248.0
2025-10-24 09:35:00,2025-10-24 09:48:00,LONG,1,25503.25,25487.25,-32.0,37.77,-0.424,entry,13.0
2025-10-24 10:07:00,2025-10-24 10:26:00,LONG,1,25534.5,25497.25,-74.5,38.23,-0.974,entry,19.0
2025-10-24 10:55:00,2025-10-24 11:14:00,SHORT,1,25464.5,25502.0,-75.0,36.06,-1.04,entry,19.0
2025-10-24 11:23:00,2025-10-24 15:56:00,LONG,1,25536.5,25517.0,-39.0,38.84,-0.502,entry,273.0
2025-10-27 10:03:00,2025-10-27 10:17:00,LONG,1,25871.0,25840.5,-61.0,35.15,-0.868,entry,14.0
2025-10-27 10:35:00,2025-10-27 15:59:00,LONG,1,25879.5,25961.0,163.0,36.4,2.239,entry,324.0
2025-10-28 10:41:00,2025-10-28 11:09:00,SHORT,1,26021.5,26053.0,-63.0,36.13,-0.872,entry,28.0
2025-10-28 12:27:00,2025-10-28 15:59:00,LONG,1,26092.25,26160.0,135.5,38.46,1.762,entry,212.0
2025-10-29 09:59:00,2025-10-29 10:07:00,LONG,1,26318.75,26278.5,-80.5,37.93,-1.061,entry,8.0
2025-10-29 11:10:00,2025-10-29 13:52:00,SHORT,1,26243.0,26265.0,-44.0,38.52,-0.571,entry,162.0
2025-10-29 14:03:00,2025-10-29 14:32:00,SHORT,1,26229.0,26262.0,-66.0,35.07,-0.941,entry,29.0
2025-10-29 14:35:00,2025-10-29 15:48:00,SHORT,1,26152.75,26232.0,-158.5,107.47,-0.737,entry,73.0
2025-10-29 15:50:00,2025-10-29 15:59:00,LONG,1,26274.0,26281.25,14.5,42.58,0.17,entry,9.0
2025-10-30 09:34:00,2025-10-30 09:46:00,SHORT,1,26043.75,26030.75,26.0,35.51,0.366,entry,12.0
2025-10-30 09:48:00,2025-10-30 10:17:00,LONG,1,26056.0,26047.0,-18.0,45.96,-0.196,entry,29.0
2025-10-30 10:23:00,2025-10-30 10:31:00,SHORT,1,26022.0,26060.0,-76.0,36.67,-1.036,entry,8.0
2025-10-30 10:43:00,2025-10-30 10:45:00,LONG,1,26093.0,26055.5,-75.0,36.68,-1.022,entry,2.0
2025-10-30 10:51:00,2025-10-30 11:09:00,SHORT,1,26014.75,26058.0,-86.5,41.52,-1.042,entry,18.0
2025-10-30 11:37:00,2025-10-30 12:07:00,SHORT,1,26008.5,26055.5,-94.0,43.57,-1.079,entry,30.0
2025-10-30 12:12:00,2025-10-30 12:35:00,LONG,1,26084.25,26047.0,-74.5,38.76,-0.961,entry,23.0
2025-10-30 13:11:00,2025-10-30 13:24:00,SHORT,1,26012.25,26050.5,-76.5,35.88,-1.066,entry,13.0
2025-10-30 14:14:00,2025-10-30 15:59:00,SHORT,1,26006.75,25872.0,269.5,40.57,3.322,entry,105.0
2025-10-31 09:42:00,2025-10-31 10:31:00,SHORT,1,26121.75,26124.5,-5.5,37.73,-0.073,entry,49.0
2025-10-31 10:41:00,2025-10-31 11:36:00,LONG,1,26159.25,26128.5,-61.5,40.44,-0.76,entry,55.0
2025-10-31 11:40:00,2025-10-31 11:45:00,SHORT,1,26090.25,26137.5,-94.5,38.98,-1.212,entry,5.0
2025-10-31 11:47:00,2025-10-31 15:20:00,SHORT,1,26091.75,26053.0,77.5,35.6,1.088,entry,213.0
2025-10-31 15:28:00,2025-10-31 15:54:00,LONG,1,26087.0,26031.5,-111.0,35.2,-1.577,entry,26.0
2025-10-31 15:57:00,2025-10-31 15:59:00,SHORT,1,26014.0,25992.75,42.5,39.38,0.54,entry,2.0
2025-11-03 09:37:00,2025-11-03 11:56:00,SHORT,1,26189.75,26112.75,154.0,45.26,1.701,entry,139.0
2025-11-03 12:46:00,2025-11-03 14:02:00,LONG,1,26148.5,26114.0,-69.0,34.96,-0.987,entry,76.0
2025-11-03 14:42:00,2025-11-03 14:54:00,SHORT,1,26072.75,26116.75,-88.0,44.04,-0.999,entry,12.0
2025-11-03 15:35:00,2025-11-03 15:59:00,SHORT,1,26079.5,26110.25,-61.5,36.06,-0.853,entry,24.0
2025-11-04 09:33:00,2025-11-04 09:36:00,SHORT,1,25673.25,25716.25,-86.0,45.93,-0.936,entry,3.0
2025-11-04 09:41:00,2025-11-04 10:55:00,LONG,1,25762.75,25792.0,58.5,54.57,0.536,entry,74.0
2025-11-04 11:11:00,2025-11-04 15:59:00,SHORT,1,25767.0,25578.0,378.0,34.93,5.411,entry,288.0
2025-11-05 09:34:00,2025-11-05 09:37:00,SHORT,1,25501.5,25532.0,-61.0,39.4,-0.774,entry,3.0
2025-11-05 09:47:00,2025-11-05 15:59:00,LONG,1,25600.25,25741.0,281.5,59.44,2.368,entry,372.0
2025-11-06 09:41:00,2025-11-06 09:45:00,SHORT,1,25597.75,25642.75,-90.0,42.13,-1.068,entry,4.0
2025-11-06 09:51:00,2025-11-06 14:05:00,SHORT,1,25569.5,25392.75,353.5,61.38,2.879,entry,254.0
2025-11-06 14:28:00,2025-11-06 14:42:00,LONG,1,25428.25,25382.0,-92.5,38.19,-1.211,entry,14.0
2025-11-06 15:29:00,2025-11-06 15:59:00,SHORT,1,25354.25,25258.25,192.0,36.37,2.64,entry,30.0
2025-11-07 09:36:00,2025-11-07 09:52:00,SHORT,1,25000.25,24998.5,3.5,52.09,0.034,entry,16.0
2025-11-07 09:57:00,2025-11-07 10:00:00,LONG,1,25030.0,24972.25,-115.5,37.98,-1.521,entry,3.0
2025-11-07 10:03:00,2025-11-07 10:10:00,SHORT,1,24950.0,24995.5,-91.0,41.37,-1.1,entry,7.0
2025-11-07 10:15:00,2025-11-07 10:23:00,LONG,1,25034.5,24958.75,-151.5,51.07,-1.483,entry,8.0
2025-11-07 10:33:00,2025-11-07 13:24:00,SHORT,1,24928.75,24901.75,54.0,56.71,0.476,entry,171.0
2025-11-07 13:31:00,2025-11-07 13:49:00,LONG,1,24932.5,24887.75,-89.5,39.48,-1.134,entry,18.0
2025-11-07 13:58:00,2025-11-07 15:59:00,LONG,1,24937.0,25164.25,454.5,42.79,5.311,entry,121.0
2025-11-10 09:44:00,2025-11-10 09:50:00,LONG,1,25630.0,25597.0,-66.0,39.38,-0.838,entry,6.0
2025-11-10 09:57:00,2025-11-10 10:44:00,LONG,1,25642.75,25616.75,-52.0,41.4,-0.628,entry,47.0
2025-11-10 10:50:00,2025-11-10 12:06:00,SHORT,1,25577.75,25569.5,16.5,41.2,0.2,entry,76.0
2025-11-10 12:13:00,2025-11-10 12:31:00,SHORT,1,25529.5,25568.5,-78.0,39.26,-0.993,entry,18.0
2025-11-10 12:42:00,2025-11-10 15:59:00,LONG,1,25613.75,25713.0,198.5,45.92,2.161,entry,197.0
2025-11-11 10:06:00,2025-11-11 11:21:00,SHORT,1,25548.25,25567.75,-39.0,56.27,-0.347,entry,75.0
2025-11-11 11:28:00,2025-11-11 12:05:00,SHORT,1,25516.75,25559.0,-84.5,47.68,-0.886,entry,37.0
2025-11-11 12:52:00,2025-11-11 15:59:00,LONG,1,25612.0,25647.0,70.0,53.23,0.658,entry,187.0
2025-11-12 09:42:00,2025-11-12 10:09:00,SHORT,1,25649.5,25652.75,-6.5,44.67,-0.073,entry,27.0
2025-11-12 10:13:00,2025-11-12 11:32:00,SHORT,1,25599.75,25602.75,-6.0,40.43,-0.074,entry,79.0
2025-11-12 11:41:00,2025-11-12 12:37:00,SHORT,1,25561.5,25595.5,-68.0,39.84,-0.853,entry,56.0
2025-11-12 13:40:00,2025-11-12 14:14:00,LONG,1,25635.5,25591.25,-88.5,44.85,-0.987,entry,34.0
2025-11-12 15:33:00,2025-11-12 15:59:00,LONG,1,25633.25,25625.25,-16.0,42.8,-0.187,entry,26.0
2025-11-13 09:35:00,2025-11-13 09:52:00,SHORT,1,25402.0,25384.5,35.0,47.1,0.372,entry,17.0
2025-11-13 10:04:00,2025-11-13 10:06:00,SHORT,1,25335.5,25377.0,-83.0,38.94,-1.066,entry,2.0
2025-11-13 10:08:00,2025-11-13 10:27:00,LONG,1,25425.75,25384.5,-82.5,50.01,-0.825,entry,19.0
2025-11-13 10:34:00,2025-11-13 15:59:00,SHORT,1,25317.75,25100.0,435.5,72.51,3.003,entry,325.0
2025-11-14 09:32:00,2025-11-14 09:35:00,SHORT,1,24647.25,24713.75,-133.0,48.33,-1.376,entry,3.0
2025-11-14 09:36:00,2025-11-14 15:59:00,LONG,1,24775.25,25105.25,660.0,82.94,3.979,entry,383.0
2025-11-17 09:32:00,2025-11-17 10:03:00,LONG,1,25068.5,25143.0,149.0,64.29,1.159,entry,31.0
2025-11-17 10:08:00,2025-11-17 10:28:00,SHORT,1,25083.75,25139.25,-111.0,57.98,-0.957,entry,20.0
2025-11-17 10:32:00,2025-11-17 10:44:00,SHORT,1,25086.75,25135.5,-97.5,44.5,-1.095,entry,12.0
2025-11-17 10:51:00,2025-11-17 11:32:00,SHORT,1,25082.75,25103.5,-41.5,43.08,-0.482,entry,41.0
2025-11-17 11:40:00,2025-11-17 12:39:00,LONG,1,25146.0,25111.25,-69.5,45.91,-0.757,entry,59.0
2025-11-17 12:45:00,2025-11-17 15:59:00,SHORT,1,25049.5,24888.25,322.5,60.88,2.648,entry,194.0
2025-11-18 09:32:00,2025-11-18 09:34:00,LONG,1,24793.5,24743.0,-101.0,66.83,-0.756,entry,2.0
2025-11-18 09:41:00,2025-11-18 11:20:00,SHORT,1,24703.25,24580.5,245.5,42.78,2.869,entry,99.0
2025-11-18 11:25:00,2025-11-18 12:24:00,LONG,1,24615.25,24581.0,-68.5,48.9,-0.7,entry,59.0
2025-11-18 12:28:00,2025-11-18 12:38:00,SHORT,1,24535.75,24615.5,-159.5,46.95,-1.699,entry,10.0
2025-11-18 12:39:00,2025-11-18 15:49:00,LONG,1,24638.5,24625.25,-26.5,57.03,-0.232,entry,190.0
2025-11-18 15:50:00,2025-11-18 15:56:00,LONG,1,24673.75,24625.5,-96.5,43.24,-1.116,entry,6.0
2025-11-19 09:35:00,2025-11-19 10:52:00,LONG,1,24671.25,24825.75,309.0,56.3,2.744,entry,77.0
2025-11-19 10:55:00,2025-11-19 15:16:00,SHORT,1,24787.5,24746.75,81.5,45.94,0.887,entry,261.0
2025-11-19 15:18:00,2025-11-19 15:47:00,LONG,1,24774.75,24729.0,-91.5,46.41,-0.986,entry,29.0
2025-11-20 09:47:00,2025-11-20 10:06:00,LONG,1,25261.0,25216.25,-89.5,62.99,-0.71,entry,19.0
2025-11-20 10:16:00,2025-11-20 10:18:00,SHORT,1,25167.75,25224.5,-113.5,51.37,-1.105,entry,2.0
2025-11-20 10:30:00,2025-11-20 10:49:00,LONG,1,25266.0,25230.75,-70.5,44.37,-0.794,entry,19.0
2025-11-20 10:55:00,2025-11-20 15:59:00,SHORT,1,25178.25,24138.25,2080.0,51.57,20.168,entry,304.0
2025-11-21 09:45:00,2025-11-21 09:48:00,SHORT,1,24146.25,24220.25,-148.0,70.83,-1.045,entry,3.0
2025-11-21 09:54:00,2025-11-21 09:56:00,LONG,1,24280.5,24185.25,-190.5,72.9,-1.306,entry,2.0
2025-11-21 10:00:00,2025-11-21 10:06:00,SHORT,1,24157.75,24211.0,-106.5,49.64,-1.073,entry,6.0
2025-11-21 10:10:00,2025-11-21 11:24:00,SHORT,1,24124.5,24125.0,-1.0,67.71,-0.007,entry,74.0
2025-11-21 11:29:00,2025-11-21 15:59:00,LONG,1,24175.75,24313.75,276.0,59.75,2.31,entry,270.0
2025-11-24 09:32:00,2025-11-24 09:40:00,LONG,1,24637.0,24630.0,-14.0,62.35,-0.112,entry,8.0
2025-11-24 10:00:00,2025-11-24 15:59:00,LONG,1,24703.5,24935.25,463.5,59.95,3.866,entry,359.0
2025-11-25 09:42:00,2025-11-25 09:55:00,SHORT,1,24773.5,24763.75,19.5,59.99,0.163,entry,13.0
2025-11-25 09:59:00,2025-11-25 10:02:00,LONG,1,24817.0,24705.5,-223.0,64.24,-1.736,entry,3.0
2025-11-25 10:03:00,2025-11-25 10:07:00,SHORT,1,24680.0,24754.0,-148.0,72.12,-1.026,entry,4.0
2025-11-25 10:30:00,2025-11-25 15:59:00,LONG,1,24820.0,25080.0,520.0,70.52,3.687,entry,329.0
2025-11-26 09:59:00,2025-11-26 10:32:00,SHORT,1,25167.5,25207.75,-80.5,62.42,-0.645,entry,33.0
2025-11-26 10:59:00,2025-11-26 15:59:00,LONG,1,25268.0,25296.5,57.0,56.53,0.504,entry,300.0
2025-11-28 11:09:00,2025-11-28 11:26:00,LONG,1,25434.75,25380.75,-108.0,48.52,-1.113,entry,17.0
2025-11-28 12:55:00,2025-11-28 13:14:00,LONG,1,25448.5,25484.5,72.0,47.03,0.766,entry,19.0
2025-12-01 09:43:00,2025-12-01 09:45:00,SHORT,1,25218.0,25278.75,-121.5,53.9,-1.127,entry,2.0
2025-12-01 09:50:00,2025-12-01 10:30:00,LONG,1,25322.25,25314.0,-16.5,45.09,-0.183,entry,40.0
2025-12-01 10:51:00,2025-12-01 14:32:00,LONG,1,25374.0,25372.75,-2.5,54.98,-0.023,entry,221.0
2025-12-02 09:36:00,2025-12-02 10:28:00,LONG,1,25585.75,25577.0,-17.5,67.1,-0.13,entry,52.0
2025-12-02 10:33:00,2025-12-02 10:40:00,SHORT,1,25543.25,25591.25,-96.0,44.68,-1.074,entry,7.0
2025-12-02 10:47:00,2025-12-02 11:09:00,LONG,1,25635.75,25592.75,-86.0,48.12,-0.894,entry,22.0
2025-12-02 11:13:00,2025-12-02 12:17:00,SHORT,1,25534.5,25575.0,-81.0,61.11,-0.663,entry,64.0
2025-12-02 12:30:00,2025-12-02 12:53:00,LONG,1,25611.25,25563.0,-96.5,45.73,-1.055,entry,23.0
2025-12-02 12:58:00,2025-12-02 13:06:00,SHORT,1,25518.5,25567.5,-98.0,48.19,-1.017,entry,8.0
2025-12-02 14:50:00,2025-12-02 15:59:00,LONG,1,25613.5,25600.5,-26.0,46.3,-0.281,entry,69.0
2025-12-03 10:02:00,2025-12-03 11:57:00,LONG,1,25553.0,25535.75,-34.5,61.47,-0.281,entry,115.0
2025-12-03 12:04:00,2025-12-03 15:59:00,LONG,1,25591.5,25657.5,132.0,51.02,1.293,entry,235.0
2025-12-04 09:34:00,2025-12-04 09:36:00,SHORT,1,25566.5,25631.25,-129.5,70.87,-0.914,entry,2.0
2025-12-04 09:51:00,2025-12-04 10:30:00,SHORT,1,25573.75,25597.5,-47.5,41.67,-0.57,entry,39.0
2025-12-04 11:03:00,2025-12-04 11:23:00,SHORT,1,25550.25,25588.5,-76.5,42.39,-0.902,entry,20.0
2025-12-04 11:51:00,2025-12-04 12:32:00,LONG,1,25630.25,25589.0,-82.5,44.4,-0.929,entry,41.0
2025-12-04 14:19:00,2025-12-04 14:36:00,SHORT,1,25545.0,25599.25,-108.5,48.35,-1.122,entry,17.0
2025-12-05 09:41:00,2025-12-05 09:46:00,SHORT,1,25695.75,25740.5,-89.5,45.53,-0.983,entry,5.0
2025-12-05 09:53:00,2025-12-05 10:51:00,LONG,1,25787.75,25782.5,-10.5,47.57,-0.11,entry,58.0
2025-12-05 10:56:00,2025-12-05 11:58:00,SHORT,1,25725.25,25759.75,-69.0,61.38,-0.562,entry,62.0
2025-12-05 12:01:00,2025-12-05 13:30:00,SHORT,1,25716.5,25752.5,-72.0,42.1,-0.855,entry,89.0
2025-12-05 14:47:00,2025-12-05 15:59:00,SHORT,1,25705.0,25725.75,-41.5,41.66,-0.498,entry,72.0
2025-12-08 09:48:00,2025-12-08 15:59:00,SHORT,1,25742.25,25668.75,147.0,67.16,1.094,entry,371.0
2025-12-09 09:39:00,2025-12-09 09:53:00,LONG,1,25639.75,25604.25,-71.0,38.62,-0.919,entry,14.0
2025-12-09 10:02:00,2025-12-09 15:59:00,LONG,1,25667.25,25703.0,71.5,55.28,0.647,entry,357.0
2025-12-10 09:35:00,2025-12-10 09:37:00,SHORT,1,25583.25,25623.5,-80.5,42.32,-0.951,entry,2.0
2025-12-10 09:47:00,2025-12-10 09:52:00,LONG,1,25665.75,25627.5,-76.5,39.74,-0.962,entry,5.0
2025-12-10 10:36:00,2025-12-10 10:49:00,SHORT,1,25584.25,25625.75,-83.0,42.62,-0.974,entry,13.0
2025-12-10 10:54:00,2025-12-10 11:14:00,SHORT,1,25572.5,25610.5,-76.0,47.55,-0.799,entry,20.0
2025-12-10 11:54:00,2025-12-10 13:25:00,LONG,1,25653.0,25619.75,-66.5,38.82,-0.857,entry,91.0
2025-12-10 14:00:00,2025-12-10 15:59:00,LONG,1,25692.5,25800.0,215.0,71.73,1.499,entry,119.0
2025-12-11 09:45:00,2025-12-11 10:08:00,SHORT,1,25556.0,25531.5,49.0,37.22,0.658,entry,23.0
2025-12-11 10:12:00,2025-12-11 10:43:00,LONG,1,25560.25,25533.5,-53.5,41.86,-0.639,entry,31.0
2025-12-11 10:48:00,2025-12-11 10:58:00,SHORT,1,25497.5,25533.5,-72.0,37.84,-0.951,entry,10.0
2025-12-11 11:17:00,2025-12-11 11:40:00,SHORT,1,25486.5,25541.5,-110.0,44.62,-1.233,entry,23.0
2025-12-11 11:42:00,2025-12-11 11:52:00,LONG,1,25574.25,25524.75,-99.0,46.24,-1.071,entry,10.0
2025-12-11 11:54:00,2025-12-11 12:04:00,SHORT,1,25491.0,25529.5,-77.0,37.86,-1.017,entry,10.0
2025-12-11 12:13:00,2025-12-11 15:59:00,LONG,1,25573.5,25714.75,282.5,45.83,3.082,entry,226.0
2025-12-12 09:37:00,2025-12-12 09:43:00,LONG,1,25607.5,25556.5,-102.0,41.26,-1.236,entry,6.0
2025-12-12 09:47:00,2025-12-12 09:53:00,SHORT,1,25531.0,25559.75,-57.5,37.33,-0.77,entry,6.0
2025-12-12 10:00:00,2025-12-12 13:12:00,SHORT,1,25520.5,25346.75,347.5,37.4,4.646,entry,192.0
2025-12-12 13:46:00,2025-12-12 15:59:00,SHORT,1,25296.0,25209.5,173.0,42.04,2.058,entry,133.0
2025-12-15 09:34:00,2025-12-15 09:36:00,SHORT,1,25573.75,25622.5,-97.5,50.88,-0.958,entry,2.0
2025-12-15 09:39:00,2025-12-15 11:16:00,SHORT,1,25551.5,25462.25,178.5,60.61,1.473,entry,97.0
2025-12-15 11:24:00,2025-12-15 11:33:00,LONG,1,25496.25,25441.25,-110.0,41.6,-1.322,entry,9.0
2025-12-15 11:36:00,2025-12-15 15:59:00,SHORT,1,25400.25,25335.0,130.5,55.16,1.183,entry,263.0
2025-12-16 09:36:00,2025-12-16 09:40:00,LONG,1,25332.0,25280.5,-103.0,44.8,-1.149,entry,4.0
2025-12-16 09:41:00,2025-12-16 09:47:00,SHORT,1,25254.0,25319.75,-131.5,38.51,-1.708,entry,6.0
2025-12-16 09:48:00,2025-12-16 10:10:00,LONG,1,25327.0,25312.75,-28.5,40.49,-0.352,entry,22.0
2025-12-16 10:17:00,2025-12-16 10:53:00,SHORT,1,25278.25,25295.5,-34.5,40.0,-0.431,entry,36.0
2025-12-16 11:15:00,2025-12-16 11:48:00,SHORT,1,25251.0,25287.0,-72.0,42.57,-0.846,entry,33.0
2025-12-16 11:58:00,2025-12-16 12:25:00,LONG,1,25333.0,25279.25,-107.5,46.68,-1.151,entry,27.0
2025-12-16 12:43:00,2025-12-16 13:38:00,SHORT,1,25241.0,25281.5,-81.0,48.5,-0.835,entry,55.0
2025-12-16 13:44:00,2025-12-16 14:03:00,LONG,1,25318.0,25261.75,-112.5,39.17,-1.436,entry,19.0
2025-12-16 14:14:00,2025-12-16 14:29:00,SHORT,1,25239.0,25280.75,-83.5,41.22,-1.013,entry,15.0
2025-12-16 14:45:00,2025-12-16 15:59:00,LONG,1,25322.0,25372.25,100.5,42.01,1.196,entry,74.0
2025-12-17 09:36:00,2025-12-17 09:57:00,SHORT,1,25347.0,25335.5,23.0,53.19,0.216,entry,21.0
2025-12-17 10:18:00,2025-12-17 10:23:00,SHORT,1,25286.0,25333.5,-95.0,41.04,-1.157,entry,5.0
2025-12-17 10:26:00,2025-12-17 15:59:00,SHORT,1,25283.0,24892.25,781.5,42.11,9.28,entry,333.0
2025-12-18 09:35:00,2025-12-18 09:54:00,SHORT,1,25242.25,25259.0,-33.5,48.84,-0.343,entry,19.0
2025-12-18 09:58:00,2025-12-18 10:09:00,LONG,1,25283.75,25236.25,-95.0,42.99,-1.105,entry,11.0
2025-12-18 10:12:00,2025-12-18 10:22:00,SHORT,1,25194.25,25238.75,-89.0,50.61,-0.879,entry,10.0
2025-12-18 10:24:00,2025-12-18 12:07:00,LONG,1,25281.25,25297.5,32.5,42.11,0.386,entry,103.0
2025-12-18 12:09:00,2025-12-18 12:39:00,SHORT,1,25252.25,25296.5,-88.5,48.79,-0.907,entry,30.0
2025-12-18 12:41:00,2025-12-18 14:03:00,LONG,1,25329.75,25279.75,-100.0,40.22,-1.243,entry,82.0
2025-12-18 14:33:00,2025-12-18 15:15:00,SHORT,1,25245.25,25298.0,-105.5,53.62,-0.984,entry,42.0
2025-12-18 15:45:00,2025-12-18 15:55:00,LONG,1,25336.0,25285.25,-101.5,41.39,-1.226,entry,10.0
2025-12-19 09:43:00,2025-12-19 10:25:00,LONG,1,25510.25,25499.25,-22.0,73.2,-0.15,entry,42.0
2025-12-19 10:35:00,2025-12-19 10:47:00,LONG,1,25544.25,25481.0,-126.5,42.07,-1.504,entry,12.0
2025-12-19 11:11:00,2025-12-19 11:48:00,LONG,1,25549.5,25500.0,-99.0,46.74,-1.059,entry,37.0
2025-12-19 12:14:00,2025-12-19 15:59:00,LONG,1,25550.5,25580.75,60.5,41.02,0.737,entry,225.0
2025-12-22 09:34:00,2025-12-22 09:47:00,SHORT,1,25706.5,25720.0,-27.0,43.44,-0.311,entry,13.0
2025-12-22 10:14:00,2025-12-22 11:14:00,SHORT,1,25677.25,25706.25,-58.0,42.89,-0.676,entry,60.0
2025-12-23 10:01:00,2025-12-23 10:36:00,SHORT,1,25663.5,25694.5,-62.0,47.68,-0.65,entry,35.0
2025-12-23 10:58:00,2025-12-23 15:59:00,LONG,1,25738.0,25811.25,146.5,43.46,1.686,entry,301.0
2025-12-24 11:23:00,2025-12-24 13:14:00,LONG,1,25855.5,25864.75,18.5,37.67,0.246,entry,111.0
2025-12-26 10:01:00,2025-12-26 10:23:00,SHORT,1,25850.75,25884.0,-66.5,46.82,-0.71,entry,22.0
2025-12-29 09:35:00,2025-12-29 09:45:00,LONG,1,25734.25,25748.25,28.0,34.36,0.407,entry,10.0
2025-12-29 09:51:00,2025-12-29 10:24:00,SHORT,1,25717.0,25738.5,-43.0,34.63,-0.621,entry,33.0
2025-12-29 10:35:00,2025-12-29 10:47:00,LONG,1,25770.25,25730.5,-79.5,35.53,-1.119,entry,12.0
2025-12-29 10:50:00,2025-12-29 13:35:00,SHORT,1,25693.25,25723.5,-60.5,41.81,-0.724,entry,165.0
2025-12-29 14:48:00,2025-12-29 15:59:00,LONG,1,25753.0,25741.0,-24.0,37.67,-0.319,entry,71.0
2025-12-30 09:50:00,2025-12-30 10:09:00,LONG,1,25743.0,25720.75,-44.5,34.67,-0.642,entry,19.0
2025-12-30 10:43:00,2025-12-30 10:50:00,SHORT,1,25683.25,25717.75,-69.0,32.53,-1.061,entry,7.0
2025-12-30 10:58:00,2025-12-30 11:50:00,LONG,1,25749.5,25727.5,-44.0,32.75,-0.672,entry,52.0
2025-12-30 15:11:00,2025-12-30 15:59:00,SHORT,1,25689.25,25678.0,22.5,36.95,0.304,entry,48.0
2025-12-31 09:36:00,2025-12-31 11:58:00,SHORT,1,25634.75,25606.5,56.5,32.45,0.871,entry,142.0
2025-12-31 14:32:00,2025-12-31 15:59:00,SHORT,1,25564.75,25455.25,219.0,35.09,3.121,entry,87.0
2026-01-02 09:32:00,2026-01-02 09:36:00,SHORT,1,25670.5,25697.5,-54.0,32.63,-0.827,entry,4.0
2026-01-02 09:39:00,2026-01-02 09:44:00,SHORT,1,25652.5,25690.75,-76.5,35.31,-1.083,entry,5.0
2026-01-02 09:47:00,2026-01-02 10:07:00,LONG,1,25757.75,25707.75,-100.0,67.5,-0.741,entry,20.0
2026-01-02 10:10:00,2026-01-02 15:59:00,SHORT,1,25684.0,25385.5,597.0,32.83,9.093,entry,349.0
2026-01-05 09:32:00,2026-01-05 09:44:00,SHORT,1,25598.5,25602.0,-7.0,37.67,-0.093,entry,12.0
2026-01-05 10:04:00,2026-01-05 12:22:00,LONG,1,25634.5,25634.75,0.5,32.88,0.008,entry,138.0
2026-01-05 13:08:00,2026-01-05 15:59:00,SHORT,1,25599.25,25586.75,25.0,35.94,0.348,entry,171.0
2026-01-06 09:41:00,2026-01-06 09:44:00,SHORT,1,25618.0,25664.5,-93.0,32.45,-1.433,entry,3.0
2026-01-06 09:45:00,2026-01-06 10:53:00,LONG,1,25687.5,25696.25,17.5,36.31,0.241,entry,68.0
2026-01-06 11:01:00,2026-01-06 12:06:00,SHORT,1,25676.75,25706.5,-59.5,33.31,-0.893,entry,65.0
2026-01-06 12:22:00,2026-01-06 15:59:00,LONG,1,25735.5,25813.5,156.0,33.81,2.307,entry,217.0
2026-01-07 09:39:00,2026-01-07 10:00:00,LONG,1,25835.25,25831.25,-8.0,32.51,-0.123,entry,21.0
2026-01-07 10:06:00,2026-01-07 10:17:00,LONG,1,25864.75,25824.5,-80.5,32.26,-1.248,entry,11.0
2026-01-07 10:28:00,2026-01-07 10:38:00,LONG,1,25871.0,25832.75,-76.5,33.69,-1.135,entry,10.0
2026-01-07 10:47:00,2026-01-07 14:16:00,LONG,1,25885.0,25896.5,23.0,41.06,0.28,entry,209.0
2026-01-07 15:23:00,2026-01-07 15:59:00,SHORT,1,25867.75,25835.0,65.5,32.28,1.014,entry,36.0
2026-01-08 09:34:00,2026-01-08 10:08:00,SHORT,1,25706.0,25671.25,69.5,39.76,0.874,entry,34.0
2026-01-08 10:28:00,2026-01-08 10:34:00,LONG,1,25704.25,25665.5,-77.5,37.58,-1.031,entry,6.0
2026-01-08 10:37:00,2026-01-08 10:40:00,SHORT,1,25629.75,25673.25,-87.0,37.15,-1.171,entry,3.0
2026-01-08 10:53:00,2026-01-08 10:58:00,SHORT,1,25631.25,25675.5,-88.5,35.12,-1.26,entry,5.0
2026-01-08 11:15:00,2026-01-08 11:21:00,SHORT,1,25629.5,25665.0,-71.0,34.84,-1.019,entry,6.0
2026-01-08 11:27:00,2026-01-08 11:45:00,SHORT,1,25628.0,25664.5,-73.0,35.14,-1.039,entry,18.0
2026-01-08 12:50:00,2026-01-08 13:05:00,LONG,1,25691.5,25659.25,-64.5,31.78,-1.015,entry,15.0
2026-01-08 13:13:00,2026-01-08 13:19:00,SHORT,1,25623.25,25663.0,-79.5,36.94,-1.076,entry,6.0
2026-01-08 13:58:00,2026-01-08 15:15:00,SHORT,1,25627.25,25657.75,-61.0,32.21,-0.947,entry,77.0
2026-01-08 15:34:00,2026-01-08 15:59:00,LONG,1,25692.75,25682.5,-20.5,36.24,-0.283,entry,25.0
2026-01-09 09:36:00,2026-01-09 09:48:00,LONG,1,25722.0,25688.0,-68.0,36.62,-0.928,entry,12.0
2026-01-09 09:48:00,2026-01-09 09:50:00,SHORT,1,25688.0,25725.75,-75.5,32.41,-1.165,reverse,2.0
2026-01-09 10:06:00,2026-01-09 10:12:00,SHORT,1,25672.0,25724.25,-104.5,47.17,-1.108,entry,6.0
2026-01-09 10:14:00,2026-01-09 15:59:00,LONG,1,25747.5,25933.25,371.5,36.25,5.124,entry,345.0
2026-01-12 09:31:00,2026-01-12 10:45:00,LONG,1,25826.25,25873.25,94.0,33.31,1.411,entry,74.0
2026-01-12 10:54:00,2026-01-12 15:59:00,LONG,1,25908.0,25952.25,88.5,31.51,1.404,entry,305.0
2026-01-13 09:39:00,2026-01-13 09:43:00,LONG,1,26008.5,25982.75,-51.5,37.64,-0.684,entry,4.0
2026-01-13 09:51:00,2026-01-13 09:53:00,SHORT,1,25944.5,25988.25,-87.5,36.99,-1.183,entry,2.0
2026-01-13 10:02:00,2026-01-13 11:16:00,SHORT,1,25906.0,25916.5,-21.0,68.94,-0.152,entry,74.0
2026-01-13 11:35:00,2026-01-13 12:44:00,LONG,1,25949.0,25927.0,-44.0,33.51,-0.657,entry,69.0
2026-01-13 12:53:00,2026-01-13 15:59:00,SHORT,1,25895.25,25903.75,-17.0,35.11,-0.242,entry,186.0
2026-01-14 09:31:00,2026-01-14 09:33:00,SHORT,1,25684.75,25745.5,-121.5,30.8,-1.972,entry,2.0
2026-01-14 09:33:00,2026-01-14 09:36:00,LONG,1,25745.5,25700.25,-90.5,33.25,-1.361,reverse,3.0
2026-01-14 09:41:00,2026-01-14 10:13:00,SHORT,1,25662.5,25655.0,15.0,54.78,0.137,entry,32.0
2026-01-14 10:18:00,2026-01-14 10:27:00,LONG,1,25687.75,25651.75,-72.0,37.01,-0.973,entry,9.0
2026-01-14 10:29:00,2026-01-14 15:06:00,SHORT,1,25613.0,25575.5,75.0,38.2,0.982,entry,277.0
2026-01-14 15:31:00,2026-01-14 15:59:00,LONG,1,25589.0,25636.5,95.0,31.41,1.512,entry,28.0
2026-01-15 09:38:00,2026-01-15 09:43:00,SHORT,1,25856.25,25902.25,-92.0,43.21,-1.065,entry,5.0
2026-01-15 09:50:00,2026-01-15 09:54:00,SHORT,1,25864.75,25906.75,-84.0,34.03,-1.234,entry,4.0
2026-01-15 10:07:00,2026-01-15 10:23:00,SHORT,1,25848.0,25894.5,-93.0,43.39,-1.072,entry,16.0
2026-01-15 10:28:00,2026-01-15 10:33:00,SHORT,1,25854.5,25889.5,-70.0,33.56,-1.043,entry,5.0
2026-01-15 10:44:00,2026-01-15 10:59:00,SHORT,1,25851.75,25884.25,-65.0,36.8,-0.883,entry,15.0
2026-01-15 11:04:00,2026-01-15 12:29:00,LONG,1,25913.25,25880.5,-65.5,32.36,-1.012,entry,85.0
2026-01-15 12:59:00,2026-01-15 13:07:00,SHORT,1,25853.5,25887.5,-68.0,34.0,-1.0,entry,8.0
2026-01-15 14:03:00,2026-01-15 15:59:00,SHORT,1,25843.25,25719.25,248.0,43.82,2.83,entry,116.0
2026-01-16 09:44:00,2026-01-16 11:30:00,SHORT,1,25820.5,25730.5,180.0,39.11,2.301,entry,106.0
2026-01-16 11:56:00,2026-01-16 13:24:00,SHORT,1,25694.5,25724.75,-60.5,35.87,-0.843,entry,88.0
2026-01-16 14:17:00,2026-01-16 14:52:00,SHORT,1,25692.0,25725.0,-66.0,31.86,-1.036,entry,35.0
2026-01-19 09:56:00,2026-01-19 12:59:00,LONG,1,25304.75,25398.25,187.0,38.73,2.414,entry,183.0
2026-01-20 09:33:00,2026-01-20 09:36:00,LONG,1,25316.0,25291.0,-50.0,38.77,-0.645,entry,3.0
2026-01-20 09:40:00,2026-01-20 09:42:00,SHORT,1,25251.25,25306.5,-110.5,41.75,-1.323,entry,2.0
2026-01-20 09:44:00,2026-01-20 09:46:00,LONG,1,25334.0,25294.5,-79.0,40.01,-0.987,entry,2.0
2026-01-20 09:50:00,2026-01-20 10:00:00,LONG,1,25335.5,25303.25,-64.5,40.23,-0.802,entry,10.0
2026-01-20 10:08:00,2026-01-20 10:21:00,SHORT,1,25270.75,25330.5,-119.5,32.71,-1.826,entry,13.0
2026-01-20 10:22:00,2026-01-20 12:24:00,LONG,1,25347.5,25335.25,-24.5,47.07,-0.26,entry,122.0
2026-01-20 12:35:00,2026-01-20 15:59:00,SHORT,1,25302.75,25142.25,321.0,35.54,4.516,entry,204.0
2026-01-21 09:40:00,2026-01-21 09:43:00,SHORT,1,25135.0,25193.75,-117.5,42.14,-1.394,entry,3.0
2026-01-21 09:45:00,2026-01-21 11:39:00,LONG,1,25214.75,25335.25,241.0,37.78,3.19,entry,114.0
2026-01-21 11:44:00,2026-01-21 14:01:00,SHORT,1,25294.0,25291.25,5.5,47.36,0.058,entry,137.0
2026-01-21 14:05:00,2026-01-21 14:27:00,SHORT,1,25241.25,25364.25,-246.0,48.3,-2.547,entry,22.0
2026-01-21 14:27:00,2026-01-21 15:59:00,LONG,1,25364.25,25471.5,214.5,75.29,1.424,reverse,92.0
2026-01-22 09:36:00,2026-01-22 09:37:00,SHORT,1,25640.5,25676.5,-72.0,36.66,-0.982,entry,1.0
2026-01-22 09:46:00,2026-01-22 10:34:00,SHORT,1,25611.0,25623.0,-24.0,54.85,-0.219,entry,48.0
2026-01-22 10:44:00,2026-01-22 10:56:00,LONG,1,25645.5,25609.5,-72.0,35.39,-1.017,entry,12.0
2026-01-22 11:12:00,2026-01-22 14:58:00,LONG,1,25649.25,25644.0,-10.5,36.08,-0.145,entry,226.0
2026-01-22 15:29:00,2026-01-22 15:51:00,SHORT,1,25609.0,25644.0,-70.0,35.41,-0.988,entry,22.0
2026-01-23 09:37:00,2026-01-23 09:41:00,SHORT,1,25570.0,25616.25,-92.5,39.84,-1.161,entry,4.0
2026-01-23 09:57:00,2026-01-23 12:43:00,LONG,1,25644.5,25730.25,171.5,34.22,2.506,entry,166.0
2026-01-23 12:52:00,2026-01-23 13:08:00,SHORT,1,25692.75,25744.5,-103.5,37.92,-1.365,entry,16.0
2026-01-23 14:08:00,2026-01-23 14:41:00,LONG,1,25764.75,25724.5,-80.5,34.13,-1.179,entry,33.0
2026-01-26 09:35:00,2026-01-26 15:51:00,LONG,1,25785.25,25863.5,156.5,36.66,2.134,entry,376.0
2026-01-27 09:36:00,2026-01-27 09:41:00,SHORT,1,25933.75,25966.75,-66.0,40.57,-0.813,entry,5.0
2026-01-27 09:52:00,2026-01-27 15:59:00,LONG,1,26006.0,26076.0,140.0,38.14,1.835,entry,367.0
2026-01-28 09:45:00,2026-01-28 09:47:00,LONG,1,26291.75,26240.0,-103.5,34.88,-1.484,entry,2.0
2026-01-28 10:12:00,2026-01-28 14:48:00,SHORT,1,26219.75,26194.0,51.5,37.02,0.696,entry,276.0
2026-01-28 15:34:00,2026-01-28 15:59:00,SHORT,1,26153.0,26149.25,7.5,36.81,0.102,entry,25.0
2026-01-29 09:34:00,2026-01-29 12:13:00,SHORT,1,26097.25,25796.5,601.5,31.39,9.582,entry,159.0
2026-01-29 12:20:00,2026-01-29 12:52:00,LONG,1,25818.25,25768.75,-99.0,34.27,-1.445,entry,32.0
2026-01-29 13:05:00,2026-01-29 15:59:00,LONG,1,25833.5,25991.5,316.0,46.11,3.426,entry,174.0
2026-01-30 09:31:00,2026-01-30 09:33:00,SHORT,1,25832.75,25878.5,-91.5,37.15,-1.231,entry,2.0
2026-01-30 09:39:00,2026-01-30 09:44:00,LONG,1,25918.75,25871.75,-94.0,46.55,-1.01,entry,5.0
2026-01-30 09:58:00,2026-01-30 10:06:00,SHORT,1,25843.75,25896.5,-105.5,35.91,-1.469,entry,8.0
2026-01-30 10:11:00,2026-01-30 10:22:00,LONG,1,25913.5,25876.75,-73.5,39.97,-0.919,entry,11.0
2026-01-30 10:26:00,2026-01-30 10:35:00,SHORT,1,25825.5,25882.5,-114.0,50.15,-1.137,entry,9.0
2026-01-30 10:46:00,2026-01-30 10:53:00,LONG,1,25922.75,25855.5,-134.5,54.42,-1.236,entry,7.0
2026-01-30 11:05:00,2026-01-30 15:59:00,SHORT,1,25825.0,25675.5,299.0,43.15,3.464,entry,294.0
2026-02-02 09:35:00,2026-02-02 15:59:00,LONG,1,25671.25,25856.5,370.5,47.0,3.941,entry,384.0
2026-02-03 09:33:00,2026-02-03 15:59:00,SHORT,1,25860.0,25445.5,829.0,45.99,9.013,entry,386.0
2026-02-04 09:31:00,2026-02-04 09:35:00,SHORT,1,25265.5,25344.25,-157.5,40.45,-1.947,entry,4.0
2026-02-04 09:35:00,2026-02-04 09:40:00,LONG,1,25344.25,25304.0,-80.5,51.14,-0.787,reverse,5.0
2026-02-04 09:42:00,2026-02-04 09:45:00,LONG,1,25374.25,25304.25,-140.0,62.46,-1.121,entry,3.0
2026-02-04 09:48:00,2026-02-04 09:50:00,LONG,1,25360.5,25292.25,-136.5,44.71,-1.526,entry,2.0
2026-02-04 09:52:00,2026-02-04 10:23:00,SHORT,1,25277.25,25261.75,31.0,37.68,0.411,entry,31.0
2026-02-04 10:30:00,2026-02-04 14:48:00,SHORT,1,25217.5,25100.5,234.0,39.71,2.946,entry,258.0
2026-02-04 15:12:00,2026-02-04 15:27:00,SHORT,1,25034.75,25078.0,-86.5,39.37,-1.099,entry,15.0
2026-02-04 15:53:00,2026-02-04 15:59:00,SHORT,1,25030.75,24994.5,72.5,42.57,0.852,entry,6.0
2026-02-05 09:34:00,2026-02-05 09:56:00,LONG,1,24813.0,24807.25,-11.5,87.73,-0.066,entry,22.0
2026-02-05 09:58:00,2026-02-05 11:22:00,SHORT,1,24781.25,24729.75,103.0,45.54,1.131,entry,84.0
2026-02-05 11:27:00,2026-02-05 13:22:00,LONG,1,24749.0,24729.0,-40.0,46.42,-0.431,entry,115.0
2026-02-05 13:47:00,2026-02-05 14:03:00,SHORT,1,24690.25,24730.5,-80.5,41.17,-0.978,entry,16.0
2026-02-05 14:10:00,2026-02-05 14:31:00,LONG,1,24770.75,24723.75,-94.0,40.36,-1.164,entry,21.0
2026-02-05 14:32:00,2026-02-05 15:02:00,SHORT,1,24690.0,24732.75,-85.5,42.82,-0.998,entry,30.0
2026-02-05 15:07:00,2026-02-05 15:15:00,LONG,1,24781.75,24709.25,-145.0,50.3,-1.441,entry,8.0
2026-02-05 15:20:00,2026-02-05 15:59:00,SHORT,1,24683.0,24638.25,89.5,48.75,0.918,entry,39.0
2026-02-06 09:32:00,2026-02-06 09:56:00,LONG,1,24832.75,24859.75,54.0,71.83,0.376,entry,24.0
2026-02-06 10:01:00,2026-02-06 10:19:00,SHORT,1,24818.5,24850.5,-64.0,51.04,-0.627,entry,18.0
2026-02-06 10:22:00,2026-02-06 10:23:00,LONG,1,24895.75,24819.0,-153.5,44.89,-1.71,entry,1.0
2026-02-06 10:26:00,2026-02-06 10:52:00,LONG,1,24904.0,24847.0,-114.0,52.89,-1.078,entry,26.0
2026-02-06 11:01:00,2026-02-06 15:59:00,LONG,1,24915.25,25146.75,463.0,52.6,4.401,entry,298.0
2026-02-09 09:37:00,2026-02-09 15:59:00,LONG,1,25087.75,25337.75,500.0,61.6,4.059,entry,382.0
2026-02-10 09:37:00,2026-02-10 09:52:00,SHORT,1,25305.5,25330.75,-50.5,58.43,-0.432,entry,15.0
2026-02-10 09:55:00,2026-02-10 10:56:00,LONG,1,25388.0,25353.25,-69.5,56.52,-0.615,entry,61.0
2026-02-10 11:42:00,2026-02-10 12:14:00,SHORT,1,25326.5,25364.75,-76.5,41.88,-0.913,entry,32.0
2026-02-10 13:20:00,2026-02-10 15:59:00,SHORT,1,25310.0,25219.75,180.5,54.49,1.656,entry,159.0
2026-02-11 09:34:00,2026-02-11 09:45:00,SHORT,1,25385.25,25425.75,-81.0,43.98,-0.921,entry,11.0
2026-02-11 09:56:00,2026-02-11 10:54:00,SHORT,1,25350.5,25260.5,180.0,42.97,2.095,entry,58.0
2026-02-11 11:03:00,2026-02-11 11:13:00,SHORT,1,25204.5,25253.5,-98.0,47.91,-1.023,entry,10.0
2026-02-11 11:27:00,2026-02-11 11:40:00,SHORT,1,25208.5,25255.5,-94.0,42.11,-1.116,entry,13.0
2026-02-11 11:49:00,2026-02-11 12:24:00,SHORT,1,25203.75,25254.0,-100.5,43.82,-1.147,entry,35.0
2026-02-11 12:25:00,2026-02-11 13:06:00,LONG,1,25284.5,25243.0,-83.0,41.48,-1.001,entry,41.0
2026-02-11 13:15:00,2026-02-11 13:17:00,SHORT,1,25204.25,25246.75,-85.0,42.17,-1.008,entry,2.0
2026-02-11 13:49:00,2026-02-11 15:59:00,LONG,1,25298.5,25278.5,-40.0,51.18,-0.391,entry,130.0
2026-02-12 09:44:00,2026-02-12 15:59:00,SHORT,1,25308.25,24763.5,1089.5,45.28,12.032,entry,375.0
2026-02-13 09:32:00,2026-02-13 09:33:00,LONG,1,24787.25,24737.0,-100.5,43.0,-1.169,entry,1.0
2026-02-13 09:37:00,2026-02-13 09:44:00,SHORT,1,24679.25,24716.0,-73.5,56.1,-0.655,entry,7.0
2026-02-13 09:45:00,2026-02-13 09:50:00,LONG,1,24802.0,24720.5,-163.0,96.55,-0.844,entry,5.0
2026-02-13 09:55:00,2026-02-13 09:56:00,LONG,1,24790.5,24692.75,-195.5,62.61,-1.561,entry,1.0
2026-02-13 09:57:00,2026-02-13 10:00:00,SHORT,1,24683.5,24754.5,-142.0,43.69,-1.625,entry,3.0
2026-02-13 10:08:00,2026-02-13 10:16:00,LONG,1,24796.75,24720.0,-153.5,67.78,-1.132,entry,8.0
2026-02-13 10:20:00,2026-02-13 10:22:00,LONG,1,24801.25,24734.25,-134.0,63.59,-1.054,entry,2.0
2026-02-13 10:25:00,2026-02-13 10:46:00,LONG,1,24794.25,24739.25,-110.0,55.26,-0.995,entry,21.0
2026-02-13 10:51:00,2026-02-13 11:23:00,LONG,1,24805.25,24764.75,-81.0,46.15,-0.878,entry,32.0
2026-02-13 11:26:00,2026-02-13 15:14:00,LONG,1,24823.0,24824.0,2.0,53.68,0.019,entry,228.0
2026-02-13 15:27:00,2026-02-13 15:59:00,SHORT,1,24773.5,24802.0,-57.0,56.41,-0.505,entry,32.0
2026-02-16 09:46:00,2026-02-16 09:50:00,SHORT,1,24697.75,24738.0,-80.5,43.41,-0.927,entry,4.0
2026-02-16 10:00:00,2026-02-16 10:18:00,LONG,1,24788.0,24748.0,-80.0,43.02,-0.93,entry,18.0
2026-02-16 10:31:00,2026-02-16 11:08:00,SHORT,1,24700.75,24734.75,-68.0,46.64,-0.729,entry,37.0
2026-02-16 11:37:00,2026-02-16 11:50:00,SHORT,1,24686.25,24729.25,-86.0,44.89,-0.958,entry,13.0
2026-02-17 09:31:00,2026-02-17 09:43:00,LONG,1,24700.25,24711.25,22.0,43.57,0.252,entry,12.0
2026-02-17 09:45:00,2026-02-17 10:18:00,SHORT,1,24666.5,24616.5,100.0,58.93,0.848,entry,33.0
2026-02-17 10:22:00,2026-02-17 10:51:00,SHORT,1,24551.5,24591.5,-80.0,62.98,-0.635,entry,29.0
2026-02-17 11:01:00,2026-02-17 12:52:00,LONG,1,24652.0,24623.0,-58.0,66.62,-0.435,entry,111.0
2026-02-17 12:59:00,2026-02-17 15:59:00,LONG,1,24697.5,24777.0,159.0,60.8,1.308,entry,180.0
2026-02-18 09:42:00,2026-02-18 09:49:00,LONG,1,24841.5,24802.25,-78.5,46.48,-0.844,entry,7.0
2026-02-18 09:54:00,2026-02-18 13:52:00,LONG,1,24886.5,24994.75,216.5,71.6,1.512,entry,238.0
2026-02-18 14:36:00,2026-02-18 15:54:00,SHORT,1,24937.75,24988.5,-101.5,58.37,-0.869,entry,78.0
2026-02-19 09:41:00,2026-02-19 09:44:00,SHORT,1,24781.25,24846.0,-129.5,43.85,-1.477,entry,3.0
2026-02-19 09:45:00,2026-02-19 09:46:00,SHORT,1,24778.5,24823.0,-89.0,44.14,-1.008,entry,1.0
2026-02-19 09:52:00,2026-02-19 10:29:00,LONG,1,24871.75,24858.5,-26.5,47.26,-0.28,entry,37.0
2026-02-19 10:32:00,2026-02-19 10:51:00,LONG,1,24922.0,24868.25,-107.5,58.82,-0.914,entry,19.0
2026-02-19 10:56:00,2026-02-19 11:06:00,LONG,1,24916.75,24868.25,-97.0,46.22,-1.049,entry,10.0
2026-02-19 11:15:00,2026-02-19 11:29:00,LONG,1,24925.75,24872.75,-106.0,52.19,-1.015,entry,14.0
2026-02-19 11:46:00,2026-02-19 12:20:00,SHORT,1,24834.5,24883.25,-97.5,43.97,-1.109,entry,34.0
2026-02-19 12:45:00,2026-02-19 15:58:00,SHORT,1,24832.0,24852.5,-41.0,40.56,-0.505,entry,193.0
2026-02-20 09:32:00,2026-02-20 10:06:00,LONG,1,24780.5,24869.0,177.0,45.62,1.94,entry,34.0
2026-02-20 10:08:00,2026-02-20 10:16:00,LONG,1,24976.75,24864.75,-224.0,89.57,-1.25,entry,8.0
2026-02-20 10:17:00,2026-02-20 12:15:00,LONG,1,24963.75,24944.25,-39.0,66.27,-0.294,entry,118.0
2026-02-20 12:18:00,2026-02-20 12:45:00,SHORT,1,24938.75,24994.75,-112.0,39.34,-1.424,entry,27.0
2026-02-20 12:52:00,2026-02-20 13:18:00,LONG,1,25032.25,24968.75,-127.0,59.18,-1.073,entry,26.0
2026-02-20 13:31:00,2026-02-20 15:59:00,LONG,1,25018.0,25074.75,113.5,42.45,1.337,entry,148.0
2026-02-23 09:40:00,2026-02-23 15:59:00,SHORT,1,24929.0,24768.0,322.0,68.29,2.357,entry,379.0
2026-02-24 09:33:00,2026-02-24 09:38:00,SHORT,1,24722.25,24797.0,-149.5,56.4,-1.325,entry,5.0
2026-02-24 09:38:00,2026-02-24 10:00:00,LONG,1,24797.0,24831.75,69.5,39.88,0.871,reverse,22.0
2026-02-24 10:09:00,2026-02-24 15:59:00,LONG,1,24900.0,25030.0,260.0,54.45,2.388,entry,350.0
2026-02-25 09:43:00,2026-02-25 10:52:00,LONG,1,25273.25,25285.25,24.0,44.22,0.271,entry,69.0
2026-02-25 12:11:00,2026-02-25 15:59:00,LONG,1,25335.25,25384.5,98.5,39.74,1.239,entry,228.0
2026-02-26 09:36:00,2026-02-26 14:08:00,SHORT,1,25234.0,25051.25,365.5,54.2,3.372,entry,272.0
2026-02-26 14:55:00,2026-02-26 15:09:00,LONG,1,25092.25,25049.5,-85.5,40.05,-1.067,entry,14.0
2026-02-27 09:32:00,2026-02-27 09:37:00,LONG,1,24880.75,24843.25,-75.0,41.94,-0.894,entry,5.0
2026-02-27 09:39:00,2026-02-27 09:41:00,LONG,1,24900.75,24854.25,-93.0,40.32,-1.153,entry,2.0
2026-02-27 09:43:00,2026-02-27 09:45:00,SHORT,1,24798.5,24857.5,-118.0,56.01,-1.053,entry,2.0
2026-02-27 09:46:00,2026-02-27 09:55:00,LONG,1,24899.0,24865.5,-67.0,43.59,-0.769,entry,9.0
2026-02-27 10:01:00,2026-02-27 12:20:00,LONG,1,24914.25,24934.25,40.0,44.43,0.45,entry,139.0
2026-02-27 12:34:00,2026-02-27 12:42:00,LONG,1,24982.75,24928.5,-108.5,44.96,-1.207,entry,8.0
2026-02-27 13:21:00,2026-02-27 14:03:00,SHORT,1,24881.75,24940.0,-116.5,55.5,-1.05,entry,42.0
2026-02-27 14:42:00,2026-02-27 15:10:00,SHORT,1,24890.5,24939.0,-97.0,42.63,-1.138,entry,28.0
2026-02-27 15:17:00,2026-02-27 15:38:00,LONG,1,24978.0,24925.0,-106.0,45.76,-1.158,entry,21.0
2026-02-27 15:54:00,2026-02-27 15:59:00,LONG,1,24982.5,24998.25,31.5,47.19,0.334,entry,5.0
2026-03-02 09:31:00,2026-03-02 10:00:00,LONG,1,24745.5,24805.5,120.0,57.9,1.036,entry,29.0
2026-03-02 10:01:00,2026-03-02 11:27:00,LONG,1,24877.25,24856.25,-42.0,62.46,-0.336,entry,86.0
2026-03-02 11:35:00,2026-03-02 15:59:00,LONG,1,24913.25,25023.25,220.0,42.29,2.601,entry,264.0
2026-03-03 09:34:00,2026-03-03 09:36:00,SHORT,1,24528.5,24593.75,-130.5,51.83,-1.259,entry,2.0
2026-03-03 09:37:00,2026-03-03 09:41:00,LONG,1,24641.75,24560.0,-163.5,61.49,-1.329,entry,4.0
2026-03-03 09:44:00,2026-03-03 09:46:00,SHORT,1,24533.0,24593.0,-120.0,48.79,-1.23,entry,2.0
2026-03-03 09:48:00,2026-03-03 11:04:00,SHORT,1,24523.25,24519.25,8.0,55.42,0.072,entry,76.0
2026-03-03 11:05:00,2026-03-03 15:59:00,LONG,1,24546.75,24757.25,421.0,50.25,4.189,entry,294.0
2026-03-04 09:40:00,2026-03-04 09:48:00,SHORT,1,24864.0,24906.25,-84.5,48.17,-0.877,entry,8.0
2026-03-04 10:00:00,2026-03-04 10:03:00,LONG,1,24966.25,24901.0,-130.5,62.91,-1.037,entry,3.0
2026-03-04 10:06:00,2026-03-04 15:59:00,LONG,1,24955.75,25120.0,328.5,46.64,3.522,entry,353.0
2026-03-05 09:34:00,2026-03-05 09:40:00,LONG,1,25093.75,25063.75,-60.0,45.13,-0.665,entry,6.0
2026-03-05 09:48:00,2026-03-05 10:19:00,LONG,1,25117.0,25107.75,-18.5,45.23,-0.205,entry,31.0
2026-03-05 10:22:00,2026-03-05 10:50:00,SHORT,1,25065.75,25080.5,-29.5,45.58,-0.324,entry,28.0
2026-03-05 11:04:00,2026-03-05 12:03:00,SHORT,1,25029.5,25078.5,-98.0,48.87,-1.003,entry,59.0
2026-03-05 12:04:00,2026-03-05 12:09:00,LONG,1,25110.75,25045.0,-131.5,51.22,-1.284,entry,5.0
2026-03-05 12:10:00,2026-03-05 15:25:00,SHORT,1,25008.0,24985.0,46.0,52.1,0.441,entry,195.0
2026-03-05 15:54:00,2026-03-05 15:59:00,LONG,1,25028.25,25047.75,39.0,50.96,0.383,entry,5.0
2026-03-06 09:36:00,2026-03-06 09:38:00,SHORT,1,24623.5,24688.0,-129.0,55.03,-1.172,entry,2.0
2026-03-06 10:00:00,2026-03-06 10:09:00,LONG,1,24737.75,24675.5,-124.5,54.15,-1.15,entry,9.0
2026-03-06 10:12:00,2026-03-06 12:36:00,LONG,1,24749.75,24777.5,55.5,55.84,0.497,entry,144.0
2026-03-06 13:01:00,2026-03-06 14:47:00,LONG,1,24825.0,24778.75,-92.5,43.05,-1.074,entry,106.0
2026-03-06 15:01:00,2026-03-06 15:10:00,LONG,1,24837.75,24752.5,-170.5,45.15,-1.888,entry,9.0
2026-03-06 15:11:00,2026-03-06 15:59:00,SHORT,1,24742.25,24667.75,149.0,50.56,1.474,entry,48.0
2026-03-09 09:36:00,2026-03-09 10:03:00,SHORT,1,24430.75,24439.5,-17.5,50.17,-0.174,entry,27.0
2026-03-09 10:04:00,2026-03-09 10:05:00,LONG,1,24468.75,24382.5,-172.5,55.76,-1.547,entry,1.0
2026-03-09 10:08:00,2026-03-09 10:20:00,SHORT,1,24363.5,24404.5,-82.0,47.3,-0.867,entry,12.0
2026-03-09 10:21:00,2026-03-09 10:22:00,SHORT,1,24355.5,24451.25,-191.5,47.5,-2.016,entry,1.0
2026-03-09 10:22:00,2026-03-09 10:27:00,LONG,1,24451.25,24389.0,-124.5,47.79,-1.303,reverse,5.0
2026-03-09 10:36:00,2026-03-09 15:59:00,LONG,1,24479.0,24992.25,1026.5,71.06,7.222,entry,323.0
2026-03-10 09:42:00,2026-03-10 09:44:00,SHORT,1,24980.25,25029.25,-98.0,45.07,-1.087,entry,2.0
2026-03-10 09:56:00,2026-03-10 10:22:00,SHORT,1,24971.75,24996.0,-48.5,48.56,-0.499,entry,26.0
2026-03-10 10:30:00,2026-03-10 14:14:00,LONG,1,25035.25,25038.5,6.5,47.38,0.069,entry,224.0
2026-03-10 14:14:00,2026-03-10 14:26:00,SHORT,1,25038.5,25084.75,-92.5,47.69,-0.97,reverse,12.0
2026-03-10 14:40:00,2026-03-10 15:59:00,SHORT,1,25035.25,24986.5,97.5,46.51,1.048,entry,79.0
2026-03-11 09:50:00,2026-03-11 09:58:00,SHORT,1,25028.75,25100.0,-142.5,48.56,-1.467,entry,8.0
2026-03-11 10:00:00,2026-03-11 10:08:00,LONG,1,25173.5,25090.5,-166.0,93.48,-0.888,entry,8.0
2026-03-11 10:23:00,2026-03-11 10:58:00,SHORT,1,25024.75,25070.5,-91.5,64.8,-0.706,entry,35.0
2026-03-11 11:11:00,2026-03-11 13:07:00,SHORT,1,25021.25,25023.75,-5.0,46.65,-0.054,entry,116.0
2026-03-11 13:18:00,2026-03-11 15:59:00,SHORT,1,24975.25,24984.0,-17.5,44.35,-0.197,entry,161.0
2026-03-12 09:45:00,2026-03-12 10:12:00,SHORT,1,24729.5,24738.75,-18.5,57.93,-0.16,entry,27.0
2026-03-12 10:18:00,2026-03-12 10:46:00,SHORT,1,24684.0,24703.0,-38.0,50.55,-0.376,entry,28.0
2026-03-12 10:48:00,2026-03-12 11:39:00,SHORT,1,24641.0,24693.0,-104.0,59.12,-0.88,entry,51.0
2026-03-12 12:08:00,2026-03-12 12:15:00,SHORT,1,24608.0,24681.5,-147.0,65.75,-1.118,entry,7.0
2026-03-12 12:21:00,2026-03-12 12:25:00,LONG,1,24721.25,24671.25,-100.0,48.77,-1.025,entry,4.0
2026-03-12 12:46:00,2026-03-12 12:50:00,SHORT,1,24625.75,24676.75,-102.0,47.28,-1.079,entry,4.0
2026-03-12 13:06:00,2026-03-12 13:09:00,LONG,1,24723.25,24671.75,-103.0,50.62,-1.017,entry,3.0
2026-03-12 13:45:00,2026-03-12 15:59:00,SHORT,1,24624.25,24555.25,138.0,48.03,1.437,entry,134.0
2026-03-13 09:42:00,2026-03-13 10:02:00,LONG,1,24726.5,24697.75,-57.5,60.32,-0.477,entry,20.0
2026-03-13 10:10:00,2026-03-13 10:31:00,SHORT,1,24670.5,24725.5,-110.0,46.87,-1.174,entry,21.0
2026-03-13 10:35:00,2026-03-13 15:59:00,SHORT,1,24643.25,24398.0,490.5,61.35,3.998,entry,324.0
2026-03-16 09:47:00,2026-03-16 09:52:00,LONG,1,24946.75,24900.75,-92.0,46.72,-0.985,entry,5.0
2026-03-16 10:08:00,2026-03-16 10:30:00,LONG,1,24961.25,24905.25,-112.0,49.02,-1.142,entry,22.0
2026-03-16 10:38:00,2026-03-16 11:00:00,SHORT,1,24854.25,24912.75,-117.0,66.52,-0.879,entry,22.0
2026-03-16 12:21:00,2026-03-16 13:00:00,SHORT,1,24854.0,24933.25,-158.5,56.8,-1.395,entry,39.0
2026-03-16 15:09:00,2026-03-16 15:19:00,LONG,1,25001.75,24911.5,-180.5,91.02,-0.992,entry,10.0
2026-03-16 15:45:00,2026-03-16 15:59:00,SHORT,1,24865.5,24884.5,-38.0,46.45,-0.409,entry,14.0
2026-03-17 09:32:00,2026-03-17 10:02:00,LONG,1,25058.75,25062.25,7.0,47.81,0.073,entry,30.0
2026-03-17 10:17:00,2026-03-17 10:20:00,SHORT,1,24999.75,25061.75,-124.0,58.8,-1.054,entry,3.0
2026-03-17 11:21:00,2026-03-17 13:03:00,SHORT,1,25012.5,25036.75,-48.5,45.12,-0.537,entry,102.0
2026-03-17 15:06:00,2026-03-17 15:59:00,SHORT,1,24984.75,25010.25,-51.0,46.53,-0.548,entry,53.0
2026-03-18 09:46:00,2026-03-18 09:51:00,LONG,1,24997.0,24939.25,-115.5,45.79,-1.261,entry,5.0
2026-03-18 10:13:00,2026-03-18 11:06:00,SHORT,1,24900.0,24924.0,-48.0,50.76,-0.473,entry,53.0
2026-03-18 11:21:00,2026-03-18 11:33:00,SHORT,1,24863.25,24915.75,-105.0,45.42,-1.156,entry,12.0
2026-03-18 12:34:00,2026-03-18 14:00:00,SHORT,1,24853.25,24904.5,-102.5,51.38,-0.998,entry,86.0
2026-03-18 14:15:00,2026-03-18 15:59:00,SHORT,1,24829.5,24651.5,356.0,62.58,2.844,entry,104.0
2026-03-19 09:41:00,2026-03-19 10:22:00,LONG,1,24446.75,24434.0,-25.5,75.24,-0.169,entry,41.0
2026-03-19 10:32:00,2026-03-19 11:24:00,LONG,1,24491.0,24459.25,-63.5,47.28,-0.672,entry,52.0
2026-03-19 11:34:00,2026-03-19 11:58:00,SHORT,1,24416.75,24468.25,-103.0,47.55,-1.083,entry,24.0
2026-03-19 12:02:00,2026-03-19 12:15:00,LONG,1,24511.0,24453.0,-116.0,50.74,-1.143,entry,13.0
2026-03-19 13:05:00,2026-03-19 13:26:00,SHORT,1,24416.0,24458.25,-84.5,45.58,-0.927,entry,21.0
2026-03-19 13:40:00,2026-03-19 13:52:00,SHORT,1,24413.5,24479.5,-132.0,44.16,-1.494,entry,12.0
2026-03-19 14:12:00,2026-03-19 14:30:00,LONG,1,24499.0,24454.75,-88.5,41.69,-1.061,entry,18.0
2026-03-19 14:58:00,2026-03-19 15:59:00,LONG,1,24523.0,24574.75,103.5,64.34,0.804,entry,61.0
2026-03-20 09:50:00,2026-03-20 11:23:00,SHORT,1,24362.25,24327.0,70.5,55.53,0.635,entry,93.0
2026-03-20 11:24:00,2026-03-20 11:58:00,SHORT,1,24273.75,24318.75,-90.0,46.9,-0.959,entry,34.0
2026-03-20 12:31:00,2026-03-20 15:59:00,SHORT,1,24264.0,24113.5,301.0,53.17,2.831,entry,208.0
2026-03-23 09:38:00,2026-03-23 09:44:00,LONG,1,24528.5,24497.0,-63.0,44.97,-0.701,entry,6.0
2026-03-23 09:46:00,2026-03-23 11:35:00,LONG,1,24544.5,24586.25,83.5,42.67,0.978,entry,109.0
2026-03-23 11:38:00,2026-03-23 14:34:00,SHORT,1,24544.0,24509.75,68.5,45.44,0.754,entry,176.0
2026-03-23 15:51:00,2026-03-23 15:59:00,SHORT,1,24456.75,24398.75,116.0,47.68,1.217,entry,8.0
2026-03-24 09:39:00,2026-03-24 10:00:00,SHORT,1,24209.25,24242.5,-66.5,59.55,-0.558,entry,21.0
2026-03-24 10:07:00,2026-03-24 10:12:00,LONG,1,24266.0,24220.0,-92.0,45.34,-1.015,entry,5.0
2026-03-24 10:46:00,2026-03-24 10:49:00,LONG,1,24265.25,24220.25,-90.0,44.48,-1.012,entry,3.0
2026-03-24 10:51:00,2026-03-24 12:37:00,LONG,1,24291.0,24262.5,-57.0,68.66,-0.415,entry,106.0
2026-03-24 12:45:00,2026-03-24 13:03:00,LONG,1,24310.25,24239.25,-142.0,46.2,-1.537,entry,18.0
2026-03-24 13:05:00,2026-03-24 14:00:00,SHORT,1,24191.25,24257.75,-133.0,72.72,-0.914,entry,55.0
2026-03-24 14:35:00,2026-03-24 15:32:00,LONG,1,24297.5,24257.0,-81.0,43.75,-0.926,entry,57.0
2026-03-24 15:52:00,2026-03-24 15:59:00,SHORT,1,24207.0,24219.25,-24.5,50.56,-0.242,entry,7.0
2026-03-25 09:36:00,2026-03-25 09:43:00,LONG,1,24514.5,24474.0,-81.0,50.06,-0.809,entry,7.0
2026-03-25 09:49:00,2026-03-25 10:12:00,SHORT,1,24418.25,24438.25,-40.0,52.89,-0.378,entry,23.0
2026-03-25 10:20:00,2026-03-25 11:07:00,LONG,1,24478.5,24436.0,-85.0,47.44,-0.896,entry,47.0
2026-03-25 11:12:00,2026-03-25 11:30:00,SHORT,1,24393.0,24435.0,-84.0,55.06,-0.763,entry,18.0
2026-03-25 11:38:00,2026-03-25 12:24:00,SHORT,1,24378.25,24418.25,-80.0,50.6,-0.791,entry,46.0
2026-03-25 13:43:00,2026-03-25 13:52:00,LONG,1,24474.25,24420.0,-108.5,54.75,-0.991,entry,9.0
2026-03-25 14:55:00,2026-03-25 15:59:00,SHORT,1,24326.0,24371.75,-91.5,93.25,-0.491,entry,64.0
2026-03-26 09:44:00,2026-03-26 10:37:00,LONG,1,24156.5,24165.75,18.5,48.0,0.193,entry,53.0
2026-03-26 10:44:00,2026-03-26 15:59:00,SHORT,1,24123.25,23786.75,673.0,44.97,7.482,entry,315.0
2026-03-27 09:34:00,2026-03-27 09:38:00,SHORT,1,23564.0,23597.75,-67.5,49.1,-0.687,entry,4.0
2026-03-27 09:51:00,2026-03-27 10:17:00,SHORT,1,23547.75,23557.25,-19.0,52.23,-0.182,entry,26.0
2026-03-27 10:22:00,2026-03-27 11:05:00,SHORT,1,23498.5,23537.75,-78.5,55.77,-0.704,entry,43.0
2026-03-27 11:15:00,2026-03-27 11:23:00,SHORT,1,23486.0,23557.75,-143.5,47.17,-1.521,entry,8.0
2026-03-27 11:30:00,2026-03-27 11:41:00,LONG,1,23576.25,23526.75,-99.0,44.73,-1.107,entry,11.0
2026-03-27 12:11:00,2026-03-27 15:59:00,SHORT,1,23493.25,23308.75,369.0,43.33,4.258,entry,228.0
2026-03-30 09:35:00,2026-03-30 10:58:00,SHORT,1,23443.75,23372.75,142.0,47.72,1.488,entry,83.0
2026-03-30 11:03:00,2026-03-30 11:07:00,LONG,1,23409.5,23355.0,-109.0,46.21,-1.179,entry,4.0
2026-03-30 11:14:00,2026-03-30 11:33:00,SHORT,1,23317.0,23376.0,-118.0,46.55,-1.267,entry,19.0
2026-03-30 11:36:00,2026-03-30 12:00:00,LONG,1,23405.25,23362.25,-86.0,44.63,-0.963,entry,24.0
2026-03-30 12:07:00,2026-03-30 15:59:00,SHORT,1,23314.75,23135.5,358.5,48.82,3.672,entry,232.0
2026-03-31 09:46:00,2026-03-31 10:43:00,LONG,1,23478.75,23486.25,15.0,46.26,0.162,entry,57.0
2026-03-31 10:49:00,2026-03-31 11:06:00,SHORT,1,23449.0,23505.75,-113.5,51.16,-1.109,entry,17.0
2026-03-31 11:14:00,2026-03-31 11:30:00,LONG,1,23544.25,23479.5,-129.5,55.51,-1.166,entry,16.0
2026-03-31 11:59:00,2026-03-31 12:01:00,SHORT,1,23446.5,23493.75,-94.5,44.3,-1.067,entry,2.0
2026-03-31 12:17:00,2026-03-31 15:59:00,LONG,1,23538.25,23909.75,743.0,46.43,8.001,entry,222.0
2026-04-01 09:33:00,2026-04-01 09:42:00,LONG,1,24143.75,24104.25,-79.0,50.33,-0.785,entry,9.0
2026-04-01 09:43:00,2026-04-01 09:53:00,SHORT,1,24070.0,24121.25,-102.5,58.03,-0.883,entry,10.0
2026-04-01 10:15:00,2026-04-01 14:15:00,LONG,1,24181.25,24218.75,75.0,55.53,0.675,entry,240.0
2026-04-01 14:21:00,2026-04-01 15:20:00,SHORT,1,24168.75,24214.25,-91.0,51.74,-0.879,entry,59.0
2026-04-02 09:35:00,2026-04-02 09:46:00,SHORT,1,23734.75,23773.25,-77.0,49.88,-0.772,entry,11.0
2026-04-02 09:53:00,2026-04-02 15:59:00,LONG,1,23832.0,24220.75,777.5,71.39,5.446,entry,366.0
2026-04-06 09:36:00,2026-04-06 09:41:00,SHORT,1,24255.0,24312.75,-115.5,66.64,-0.867,entry,5.0
2026-04-06 09:45:00,2026-04-06 10:03:00,LONG,1,24361.75,24332.25,-59.0,47.76,-0.618,entry,18.0
2026-04-06 10:04:00,2026-04-06 10:13:00,SHORT,1,24292.0,24340.0,-96.0,50.61,-0.948,entry,9.0
2026-04-06 10:47:00,2026-04-06 12:35:00,SHORT,1,24290.5,24327.75,-74.5,48.76,-0.764,entry,108.0
2026-04-06 13:02:00,2026-04-06 13:36:00,SHORT,1,24262.25,24320.75,-117.0,63.05,-0.928,entry,34.0
2026-04-06 13:53:00,2026-04-06 14:17:00,SHORT,1,24270.0,24320.25,-100.5,47.85,-1.05,entry,24.0
2026-04-07 09:47:00,2026-04-07 10:33:00,SHORT,1,24159.75,24137.5,44.5,63.1,0.353,entry,46.0
2026-04-07 10:42:00,2026-04-07 11:55:00,SHORT,1,24073.25,24104.0,-61.5,54.78,-0.561,entry,73.0
2026-04-07 12:02:00,2026-04-07 14:52:00,LONG,1,24189.75,24134.5,-110.5,95.58,-0.578,entry,170.0
2026-04-07 14:55:00,2026-04-07 15:15:00,SHORT,1,24079.25,24142.25,-126.0,55.18,-1.142,entry,20.0
2026-04-07 15:18:00,2026-04-07 15:59:00,LONG,1,24211.0,24369.5,317.0,77.3,2.051,entry,41.0
2026-04-08 09:31:00,2026-04-08 09:46:00,SHORT,1,25140.5,25148.0,-15.0,46.77,-0.16,entry,15.0
2026-04-08 09:51:00,2026-04-08 11:46:00,SHORT,1,25085.25,25072.0,26.5,57.21,0.232,entry,115.0
2026-04-08 12:40:00,2026-04-08 13:37:00,LONG,1,25125.75,25077.75,-96.0,51.84,-0.926,entry,57.0
2026-04-08 14:08:00,2026-04-08 14:18:00,LONG,1,25126.5,25077.5,-98.0,45.89,-1.068,entry,10.0
2026-04-08 14:40:00,2026-04-08 15:59:00,SHORT,1,25032.0,25080.0,-96.0,47.91,-1.002,entry,79.0
2026-04-09 10:15:00,2026-04-09 10:53:00,SHORT,1,24996.0,25037.75,-83.5,51.8,-0.806,entry,38.0
2026-04-09 11:15:00,2026-04-09 15:59:00,LONG,1,25092.25,25249.0,313.5,61.83,2.535,entry,284.0
2026-04-10 10:10:00,2026-04-10 10:14:00,SHORT,1,25272.0,25322.75,-101.5,50.13,-1.012,entry,4.0
2026-04-10 11:15:00,2026-04-10 11:32:00,LONG,1,25379.25,25332.0,-94.5,49.05,-0.963,entry,17.0
2026-04-10 11:53:00,2026-04-10 15:59:00,SHORT,1,25283.0,25284.25,-2.5,48.03,-0.026,entry,246.0
2026-04-13 09:49:00,2026-04-13 15:59:00,LONG,1,25271.0,25538.25,534.5,61.82,4.323,entry,370.0
2026-04-14 10:15:00,2026-04-14 15:59:00,LONG,1,25778.5,26000.75,444.5,45.86,4.846,entry,344.0
2026-04-15 10:03:00,2026-04-15 12:54:00,LONG,1,26085.5,26127.5,84.0,50.88,0.825,entry,171.0
2026-04-15 13:06:00,2026-04-15 15:59:00,LONG,1,26175.25,26364.25,378.0,46.76,4.042,entry,173.0
2026-04-16 09:51:00,2026-04-16 10:10:00,SHORT,1,26333.0,26358.0,-50.0,47.46,-0.527,entry,19.0
2026-04-16 10:45:00,2026-04-16 14:07:00,LONG,1,26411.5,26420.75,18.5,55.54,0.167,entry,202.0
2026-04-16 14:23:00,2026-04-16 14:39:00,SHORT,1,26380.5,26428.25,-95.5,48.2,-0.991,entry,16.0
2026-04-16 15:42:00,2026-04-16 15:59:00,LONG,1,26475.25,26484.75,19.0,46.42,0.205,entry,17.0
2026-04-17 09:33:00,2026-04-17 09:35:00,SHORT,1,26639.5,26684.75,-90.5,43.94,-1.03,entry,2.0
2026-04-17 09:51:00,2026-04-17 13:24:00,LONG,1,26733.0,26756.75,47.5,44.4,0.535,entry,213.0
2026-04-20 10:18:00,2026-04-20 10:24:00,SHORT,1,26721.75,26765.25,-87.0,44.17,-0.985,entry,6.0
2026-04-20 10:40:00,2026-04-20 13:17:00,SHORT,1,26712.25,26702.75,19.0,45.88,0.207,entry,157.0
2026-04-21 09:55:00,2026-04-21 10:46:00,LONG,1,26807.5,26806.25,-2.5,42.0,-0.03,entry,51.0
2026-04-21 10:58:00,2026-04-21 15:05:00,SHORT,1,26754.0,26746.5,15.0,51.29,0.146,entry,247.0
2026-04-21 15:31:00,2026-04-21 15:37:00,LONG,1,26784.0,26736.75,-94.5,44.49,-1.062,entry,6.0
2026-04-21 15:41:00,2026-04-21 15:59:00,SHORT,1,26669.75,26642.25,55.0,69.47,0.396,entry,18.0
2026-04-22 10:01:00,2026-04-22 15:59:00,LONG,1,26896.25,27080.0,367.5,46.02,3.992,entry,358.0
2026-04-23 09:40:00,2026-04-23 09:56:00,LONG,1,27057.5,27035.0,-45.0,47.08,-0.478,entry,16.0
2026-04-23 10:00:00,2026-04-23 10:30:00,SHORT,1,26983.0,27030.5,-95.0,52.12,-0.911,entry,30.0
2026-04-23 10:53:00,2026-04-23 12:04:00,LONG,1,27073.0,27046.75,-52.5,45.21,-0.581,entry,71.0
2026-04-23 12:25:00,2026-04-23 13:01:00,LONG,1,27102.5,27028.5,-148.0,43.85,-1.688,entry,36.0
2026-04-23 13:04:00,2026-04-23 15:59:00,SHORT,1,27014.5,26926.25,176.5,46.27,1.907,entry,175.0
2026-04-24 09:54:00,2026-04-24 10:08:00,SHORT,1,27173.25,27209.25,-72.0,42.06,-0.856,entry,14.0
2026-04-24 10:12:00,2026-04-24 10:26:00,LONG,1,27262.25,27204.25,-116.0,56.1,-1.034,entry,14.0
2026-04-24 10:46:00,2026-04-24 15:59:00,LONG,1,27271.75,27434.0,324.5,59.52,2.726,entry,313.0
2026-04-27 09:50:00,2026-04-27 09:54:00,SHORT,1,27324.75,27378.75,-108.0,50.05,-1.079,entry,4.0
2026-04-27 10:32:00,2026-04-27 10:35:00,SHORT,1,27325.5,27389.5,-128.0,44.83,-1.428,entry,3.0
2026-04-27 11:21:00,2026-04-27 11:41:00,SHORT,1,27319.75,27370.0,-100.5,47.26,-1.063,entry,20.0
2026-04-27 13:12:00,2026-04-27 15:59:00,LONG,1,27410.75,27445.0,68.5,42.89,0.799,entry,167.0
2026-04-28 09:35:00,2026-04-28 09:55:00,LONG,1,27169.0,27164.5,-9.0,48.65,-0.093,entry,20.0
2026-04-28 10:06:00,2026-04-28 10:23:00,LONG,1,27221.75,27173.75,-96.0,44.21,-1.086,entry,17.0
2026-04-28 10:35:00,2026-04-28 13:35:00,SHORT,1,27113.0,27112.75,0.5,65.24,0.004,entry,180.0
2026-04-28 14:17:00,2026-04-28 15:59:00,LONG,1,27153.0,27169.25,32.5,43.67,0.372,entry,102.0
2026-04-29 09:50:00,2026-04-29 11:53:00,LONG,1,27217.0,27226.0,18.0,46.83,0.192,entry,123.0
2026-04-29 12:30:00,2026-04-29 13:33:00,SHORT,1,27180.75,27229.0,-96.5,54.52,-0.885,entry,63.0
2026-04-29 14:08:00,2026-04-29 14:18:00,SHORT,1,27181.25,27231.0,-99.5,46.13,-1.079,entry,10.0
2026-04-29 14:31:00,2026-04-29 14:36:00,SHORT,1,27184.0,27247.75,-127.5,42.04,-1.516,entry,5.0
2026-04-29 14:55:00,2026-04-29 15:59:00,LONG,1,27272.75,27337.25,129.0,46.71,1.381,entry,64.0
2026-04-30 09:31:00,2026-04-30 09:45:00,SHORT,1,27387.75,27359.75,56.0,45.47,0.616,entry,14.0
2026-04-30 09:46:00,2026-04-30 10:46:00,SHORT,1,27307.25,27289.25,36.0,44.9,0.401,entry,60.0
2026-04-30 10:51:00,2026-04-30 15:59:00,LONG,1,27319.5,27577.5,516.0,41.94,6.152,entry,308.0
2026-05-01 09:34:00,2026-05-01 10:35:00,LONG,1,27736.25,27804.5,136.5,46.82,1.458,entry,61.0
2026-05-01 10:37:00,2026-05-01 10:43:00,SHORT,1,27757.75,27827.75,-140.0,47.85,-1.463,entry,6.0
2026-05-01 11:19:00,2026-05-01 12:33:00,LONG,1,27851.5,27817.75,-67.5,44.21,-0.763,entry,74.0
2026-05-01 13:16:00,2026-05-01 14:41:00,LONG,1,27866.75,27827.5,-78.5,42.34,-0.927,entry,85.0
2026-05-01 15:17:00,2026-05-01 15:55:00,LONG,1,27872.75,27831.0,-83.5,42.08,-0.992,entry,38.0
2026-05-04 09:59:00,2026-05-04 10:09:00,LONG,1,27896.0,27855.5,-81.0,41.3,-0.981,entry,10.0
2026-05-04 10:12:00,2026-05-04 11:08:00,LONG,1,27904.25,27877.75,-53.0,43.19,-0.614,entry,56.0
2026-05-04 11:17:00,2026-05-04 13:57:00,SHORT,1,27838.5,27800.5,76.0,40.22,0.945,entry,160.0
2026-05-04 14:25:00,2026-05-04 15:59:00,SHORT,1,27751.0,27780.25,-58.5,44.74,-0.654,entry,94.0
2026-05-05 09:37:00,2026-05-05 10:14:00,LONG,1,28056.5,28054.75,-3.5,39.71,-0.044,entry,37.0
2026-05-05 10:24:00,2026-05-05 15:59:00,LONG,1,28108.75,28135.75,54.0,44.06,0.613,entry,335.0
2026-05-06 09:32:00,2026-05-06 09:50:00,LONG,1,28420.0,28428.5,17.0,48.51,0.175,entry,18.0
2026-05-06 09:52:00,2026-05-06 10:02:00,LONG,1,28475.25,28438.0,-74.5,44.33,-0.84,entry,10.0
2026-05-06 10:06:00,2026-05-06 10:08:00,SHORT,1,28392.25,28449.0,-113.5,46.38,-1.224,entry,2.0
2026-05-06 10:10:00,2026-05-06 10:17:00,LONG,1,28483.0,28435.5,-95.0,43.19,-1.1,entry,7.0
2026-05-06 10:34:00,2026-05-06 15:59:00,LONG,1,28485.5,28710.25,449.5,43.45,5.172,entry,325.0
2026-05-07 09:56:00,2026-05-07 11:52:00,LONG,1,28796.5,28823.5,54.0,45.42,0.594,entry,116.0
2026-05-07 11:58:00,2026-05-07 15:59:00,SHORT,1,28787.75,28684.25,207.0,43.39,2.385,entry,241.0
2026-05-08 09:33:00,2026-05-08 15:59:00,LONG,1,28955.0,29339.75,769.5,43.18,8.91,entry,386.0
2026-05-11 09:32:00,2026-05-11 09:35:00,LONG,1,29423.5,29372.75,-101.5,63.06,-0.805,entry,3.0
2026-05-11 09:54:00,2026-05-11 10:05:00,SHORT,1,29330.75,29371.5,-81.5,42.84,-0.951,entry,11.0
2026-05-11 10:16:00,2026-05-11 10:26:00,LONG,1,29413.0,29354.0,-118.0,45.0,-1.311,entry,10.0
2026-05-11 10:27:00,2026-05-11 10:41:00,SHORT,1,29325.0,29369.25,-88.5,44.75,-0.989,entry,14.0
2026-05-11 10:53:00,2026-05-11 13:12:00,LONG,1,29401.0,29386.0,-30.0,42.52,-0.353,entry,139.0
2026-05-11 13:26:00,2026-05-11 14:59:00,LONG,1,29438.25,29387.75,-101.0,50.82,-0.994,entry,93.0
2026-05-12 09:39:00,2026-05-12 09:47:00,LONG,1,29227.0,29213.0,-28.0,47.16,-0.297,entry,8.0
2026-05-12 09:56:00,2026-05-12 10:14:00,SHORT,1,29164.0,29190.75,-53.5,48.09,-0.556,entry,18.0
2026-05-12 10:27:00,2026-05-12 15:10:00,SHORT,1,29134.75,29004.75,260.0,48.19,2.698,entry,283.0
2026-05-12 15:15:00,2026-05-12 15:59:00,LONG,1,29056.75,29174.25,235.0,52.96,2.219,entry,44.0
2026-05-13 09:37:00,2026-05-13 09:41:00,SHORT,1,29192.0,29254.0,-124.0,47.5,-1.305,entry,4.0
2026-05-13 09:45:00,2026-05-13 09:53:00,SHORT,1,29168.5,29193.25,-49.5,59.48,-0.416,entry,8.0
2026-05-13 10:08:00,2026-05-13 10:20:00,SHORT,1,29127.75,29183.5,-111.5,59.0,-0.945,entry,12.0
2026-05-13 10:23:00,2026-05-13 15:59:00,LONG,1,29229.25,29476.0,493.5,44.81,5.507,entry,336.0
2026-05-14 09:34:00,2026-05-14 09:58:00,LONG,1,29550.0,29584.0,68.0,46.86,0.726,entry,24.0
2026-05-14 09:59:00,2026-05-14 10:00:00,SHORT,1,29541.75,29592.25,-101.0,49.55,-1.019,entry,1.0
2026-05-14 10:19:00,2026-05-14 13:14:00,LONG,1,29635.5,29660.0,49.0,45.92,0.534,entry,175.0
2026-05-14 13:18:00,2026-05-14 13:31:00,SHORT,1,29613.0,29666.75,-107.5,50.21,-1.07,entry,13.0
2026-05-14 13:45:00,2026-05-14 14:03:00,LONG,1,29712.5,29655.0,-115.0,50.36,-1.142,entry,18.0
2026-05-14 14:56:00,2026-05-14 15:59:00,LONG,1,29714.75,29686.75,-56.0,48.34,-0.579,entry,63.0
2026-05-15 09:37:00,2026-05-15 09:40:00,SHORT,1,29166.75,29240.0,-146.5,68.86,-1.064,entry,3.0
2026-05-15 09:42:00,2026-05-15 09:49:00,SHORT,1,29175.25,29219.75,-89.0,46.4,-0.959,entry,7.0
2026-05-15 09:54:00,2026-05-15 09:57:00,LONG,1,29262.25,29206.25,-112.0,60.29,-0.929,entry,3.0
2026-05-15 09:59:00,2026-05-15 10:02:00,SHORT,1,29143.25,29205.75,-125.0,60.73,-1.029,entry,3.0
2026-05-15 10:10:00,2026-05-15 11:50:00,LONG,1,29247.25,29255.25,16.0,47.61,0.168,entry,100.0
2026-05-15 12:02:00,2026-05-15 12:12:00,LONG,1,29307.0,29262.25,-89.5,45.22,-0.99,entry,10.0
2026-05-15 12:22:00,2026-05-15 15:23:00,LONG,1,29310.0,29298.75,-22.5,47.21,-0.238,entry,181.0
2026-05-15 15:53:00,2026-05-15 15:59:00,SHORT,1,29248.75,29231.25,35.0,50.08,0.349,entry,6.0
2026-05-18 09:36:00,2026-05-18 09:54:00,SHORT,1,29258.25,29272.5,-28.5,52.11,-0.273,entry,18.0
2026-05-18 10:00:00,2026-05-18 10:08:00,SHORT,1,29191.5,29243.0,-103.0,58.49,-0.88,entry,8.0
2026-05-18 10:15:00,2026-05-18 10:17:00,LONG,1,29288.0,29224.5,-127.0,49.83,-1.274,entry,2.0
2026-05-18 10:26:00,2026-05-18 15:45:00,SHORT,1,29193.0,29061.25,263.5,44.1,2.988,entry,319.0
2026-05-18 15:53:00,2026-05-18 15:59:00,LONG,1,29098.0,29098.75,1.5,44.0,0.017,entry,6.0
2026-05-19 09:32:00,2026-05-19 09:41:00,LONG,1,28972.5,28949.5,-46.0,49.06,-0.469,entry,9.0
2026-05-19 09:44:00,2026-05-19 09:48:00,SHORT,1,28909.75,28964.0,-108.5,58.49,-0.927,entry,4.0
2026-05-19 10:01:00,2026-05-19 11:15:00,SHORT,1,28913.25,28842.5,141.5,44.74,1.581,entry,74.0
2026-05-19 11:19:00,2026-05-19 11:37:00,SHORT,1,28788.0,28839.0,-102.0,52.59,-0.97,entry,18.0
2026-05-19 11:55:00,2026-05-19 12:00:00,SHORT,1,28791.5,28839.75,-96.5,45.14,-1.069,entry,5.0
2026-05-19 12:25:00,2026-05-19 15:54:00,LONG,1,28905.25,28881.5,-47.5,68.21,-0.348,entry,209.0
2026-05-20 09:35:00,2026-05-20 09:40:00,SHORT,1,29066.75,29117.0,-100.5,47.5,-1.058,entry,5.0
2026-05-20 09:44:00,2026-05-20 09:51:00,LONG,1,29142.5,29100.5,-84.0,46.78,-0.898,entry,7.0
2026-05-20 09:55:00,2026-05-20 10:15:00,SHORT,1,29055.5,29126.25,-141.5,53.82,-1.315,entry,20.0
2026-05-20 10:16:00,2026-05-20 15:59:00,LONG,1,29210.25,29396.25,372.0,108.31,1.717,entry,343.0
2026-05-21 09:34:00,2026-05-21 09:39:00,LONG,1,29264.5,29212.5,-104.0,49.38,-1.053,entry,5.0
2026-05-21 09:54:00,2026-05-21 10:15:00,LONG,1,29294.5,29220.0,-149.0,64.41,-1.157,entry,21.0
2026-05-21 10:19:00,2026-05-21 10:37:00,SHORT,1,29189.5,29245.75,-112.5,61.16,-0.92,entry,18.0
2026-05-21 10:48:00,2026-05-21 10:58:00,SHORT,1,29186.0,29244.5,-117.0,47.82,-1.223,entry,10.0
2026-05-21 11:06:00,2026-05-21 11:13:00,SHORT,1,29176.25,29237.75,-123.0,54.86,-1.121,entry,7.0
2026-05-21 11:46:00,2026-05-21 12:22:00,LONG,1,29283.0,29222.5,-121.0,53.97,-1.121,entry,36.0
2026-05-21 13:01:00,2026-05-21 15:59:00,LONG,1,29281.75,29446.25,329.0,46.61,3.529,entry,178.0
2026-05-22 09:37:00,2026-05-22 09:42:00,LONG,1,29684.75,29627.5,-114.5,56.49,-1.013,entry,5.0
2026-05-22 10:00:00,2026-05-22 10:36:00,SHORT,1,29586.25,29606.75,-41.0,48.26,-0.425,entry,36.0
2026-05-22 10:58:00,2026-05-22 14:36:00,LONG,1,29651.75,29641.75,-20.0,47.2,-0.212,entry,218.0
2026-05-22 15:06:00,2026-05-22 15:59:00,SHORT,1,29594.5,29552.5,84.0,48.17,0.872,entry,53.0
2026-05-25 10:42:00,2026-05-25 11:10:00,SHORT,1,29912.25,29958.25,-92.0,48.05,-0.957,entry,28.0
2026-05-26 09:42:00,2026-05-26 11:30:00,LONG,1,29923.5,29987.5,128.0,44.59,1.435,entry,108.0
2026-05-26 11:49:00,2026-05-26 12:26:00,SHORT,1,29947.0,29984.25,-74.5,45.02,-0.827,entry,37.0
2026-05-26 14:11:00,2026-05-26 15:59:00,LONG,1,30029.0,30079.75,101.5,44.65,1.137,entry,108.0
2026-05-27 09:37:00,2026-05-27 09:52:00,SHORT,1,30078.0,30066.5,23.0,57.82,0.199,entry,15.0
2026-05-27 09:55:00,2026-05-27 10:01:00,SHORT,1,29994.5,30076.75,-164.5,68.03,-1.209,entry,6.0
2026-05-27 10:08:00,2026-05-27 12:15:00,SHORT,1,30008.0,30007.0,2.0,50.99,0.02,entry,127.0
2026-05-27 12:46:00,2026-05-27 12:56:00,LONG,1,30043.75,29977.5,-132.5,45.8,-1.446,entry,10.0
2026-05-27 13:06:00,2026-05-27 14:07:00,SHORT,1,29945.5,29997.0,-103.0,52.45,-0.982,entry,61.0
2026-05-27 14:25:00,2026-05-27 15:59:00,LONG,1,30037.25,30047.25,20.0,43.71,0.229,entry,94.0
2026-05-28 09:33:00,2026-05-28 10:00:00,SHORT,1,30014.75,30011.5,6.5,57.31,0.057,entry,27.0
2026-05-28 10:09:00,2026-05-28 15:59:00,LONG,1,30046.5,30306.25,519.5,49.62,5.235,entry,350.0
2026-05-29 09:41:00,2026-05-29 10:15:00,LONG,1,30453.25,30438.25,-30.0,45.38,-0.331,entry,34.0
2026-05-29 10:17:00,2026-05-29 11:12:00,SHORT,1,30403.0,30424.0,-42.0,52.14,-0.403,entry,55.0
2026-05-29 11:48:00,2026-05-29 12:06:00,SHORT,1,30365.0,30411.0,-92.0,42.72,-1.077,entry,18.0
2026-05-29 13:23:00,2026-05-29 15:32:00,SHORT,1,30364.0,30397.0,-66.0,43.1,-0.766,entry,129.0
2026-06-01 09:32:00,2026-06-01 09:52:00,LONG,1,30398.75,30397.0,-3.5,48.01,-0.036,entry,20.0
2026-06-01 09:55:00,2026-06-01 10:16:00,SHORT,1,30358.75,30391.5,-65.5,45.57,-0.719,entry,21.0
2026-06-01 10:32:00,2026-06-01 15:59:00,LONG,1,30422.25,30571.25,298.0,41.1,3.626,entry,327.0
2026-06-02 09:35:00,2026-06-02 09:43:00,SHORT,1,30456.0,30485.0,-58.0,45.75,-0.634,entry,8.0
2026-06-02 09:48:00,2026-06-02 10:27:00,LONG,1,30537.0,30545.75,17.5,46.12,0.19,entry,39.0
2026-06-02 10:32:00,2026-06-02 14:39:00,LONG,1,30593.5,30609.75,32.5,43.85,0.371,entry,247.0
2026-06-02 15:01:00,2026-06-02 15:59:00,LONG,1,30653.5,30707.25,107.5,41.7,1.289,entry,58.0
2026-06-03 09:34:00,2026-06-03 10:10:00,SHORT,1,30714.25,30645.75,137.0,55.51,1.234,entry,36.0
2026-06-03 10:14:00,2026-06-03 10:50:00,LONG,1,30687.25,30658.5,-57.5,40.92,-0.703,entry,36.0
2026-06-03 11:03:00,2026-06-03 11:22:00,LONG,1,30704.25,30632.5,-143.5,41.88,-1.713,entry,19.0
2026-06-03 11:25:00,2026-06-03 11:29:00,SHORT,1,30618.25,30668.75,-101.0,44.94,-1.124,entry,4.0
2026-06-03 11:38:00,2026-06-03 13:54:00,SHORT,1,30619.25,30637.25,-36.0,43.15,-0.417,entry,136.0
2026-06-03 14:26:00,2026-06-03 15:01:00,LONG,1,30677.5,30631.0,-93.0,43.56,-1.067,entry,35.0
2026-06-03 15:37:00,2026-06-03 15:59:00,LONG,1,30677.0,30635.75,-82.5,41.8,-0.987,entry,22.0
2026-06-04 09:33:00,2026-06-04 09:40:00,LONG,1,30339.25,30294.25,-90.0,66.74,-0.674,entry,7.0
2026-06-04 09:42:00,2026-06-04 09:51:00,SHORT,1,30254.75,30291.0,-72.5,44.86,-0.808,entry,9.0
2026-06-04 10:00:00,2026-06-04 10:11:00,SHORT,1,30234.0,30268.0,-68.0,41.75,-0.814,entry,11.0
2026-06-04 10:23:00,2026-06-04 15:59:00,LONG,1,30309.25,30485.5,352.5,47.35,3.722,entry,336.0
2026-06-05 09:31:00,2026-06-05 09:34:00,LONG,1,30097.25,30044.25,-106.0,51.87,-1.022,entry,3.0
2026-06-05 09:38:00,2026-06-05 10:17:00,SHORT,1,29985.5,29908.5,154.0,54.41,1.415,entry,39.0
2026-06-05 10:25:00,2026-06-05 10:34:00,SHORT,1,29831.5,29900.5,-138.0,73.5,-0.939,entry,9.0
2026-06-05 10:42:00,2026-06-05 15:59:00,SHORT,1,29857.5,29015.75,1683.5,41.57,20.25,entry,317.0
2026-06-08 09:33:00,2026-06-08 09:42:00,SHORT,1,29441.75,29522.25,-161.0,77.46,-1.039,entry,9.0
2026-06-08 09:46:00,2026-06-08 09:48:00,LONG,1,29541.25,29453.5,-175.5,52.05,-1.686,entry,2.0
2026-06-08 09:53:00,2026-06-08 09:55:00,LONG,1,29537.75,29451.5,-172.5,49.79,-1.732,entry,2.0
2026-06-08 09:57:00,2026-06-08 10:23:00,SHORT,1,29379.25,29463.75,-169.0,105.15,-0.804,entry,26.0
2026-06-08 10:26:00,2026-06-08 13:00:00,LONG,1,29509.5,29551.5,84.0,53.79,0.781,entry,154.0
2026-06-08 13:03:00,2026-06-08 13:28:00,SHORT,1,29500.0,29577.25,-154.5,55.65,-1.388,entry,25.0
2026-06-08 13:29:00,2026-06-08 13:35:00,LONG,1,29602.0,29540.5,-123.0,48.39,-1.271,entry,6.0
2026-06-08 14:06:00,2026-06-08 14:39:00,LONG,1,29606.5,29551.25,-110.5,51.83,-1.066,entry,33.0
2026-06-08 15:08:00,2026-06-08 15:59:00,SHORT,1,29502.0,29453.0,98.0,53.46,0.917,entry,51.0
2026-06-09 09:43:00,2026-06-09 09:54:00,LONG,1,29750.75,29732.25,-37.0,51.85,-0.357,entry,11.0
2026-06-09 09:59:00,2026-06-09 14:30:00,SHORT,1,29672.75,29023.75,1298.0,62.69,10.353,entry,271.0
2026-06-09 14:44:00,2026-06-09 14:56:00,SHORT,1,28921.75,29034.5,-225.5,90.4,-1.247,entry,12.0
2026-06-09 14:58:00,2026-06-09 15:10:00,LONG,1,29077.25,29007.0,-140.5,65.32,-1.075,entry,12.0
2026-06-09 15:15:00,2026-06-09 15:51:00,SHORT,1,28905.75,29009.0,-206.5,107.09,-0.964,entry,36.0
2026-06-09 15:55:00,2026-06-09 15:59:00,LONG,1,29060.25,29115.25,110.0,52.96,1.039,entry,4.0
2026-06-10 09:34:00,2026-06-10 09:35:00,SHORT,1,28780.25,28888.25,-216.0,89.99,-1.2,entry,1.0
2026-06-10 09:37:00,2026-06-10 09:41:00,LONG,1,28963.0,28871.5,-183.0,84.42,-1.084,entry,4.0
2026-06-10 09:42:00,2026-06-10 10:48:00,LONG,1,28964.0,29038.75,149.5,61.52,1.215,entry,66.0
2026-06-10 10:55:00,2026-06-10 15:59:00,SHORT,1,28938.75,28526.0,825.5,117.22,3.521,entry,304.0
2026-06-11 09:45:00,2026-06-11 10:14:00,LONG,1,28817.75,28843.5,51.5,92.44,0.279,entry,29.0
2026-06-11 10:16:00,2026-06-11 10:22:00,SHORT,1,28781.5,28866.25,-169.5,64.26,-1.319,entry,6.0
2026-06-11 10:23:00,2026-06-11 10:27:00,LONG,1,28909.25,28838.25,-142.0,66.68,-1.065,entry,4.0
2026-06-11 10:36:00,2026-06-11 10:37:00,LONG,1,28938.75,28844.0,-189.5,93.86,-1.009,entry,1.0
2026-06-11 10:50:00,2026-06-11 11:15:00,SHORT,1,28780.25,28832.5,-104.5,63.81,-0.819,entry,25.0
2026-06-11 11:38:00,2026-06-11 11:45:00,LONG,1,28877.75,28804.25,-147.0,66.06,-1.113,entry,7.0
2026-06-11 12:00:00,2026-06-11 12:52:00,LONG,1,28890.0,28808.0,-164.0,76.18,-1.076,entry,52.0
2026-06-11 13:03:00,2026-06-11 13:28:00,SHORT,1,28719.75,28912.5,-385.5,106.51,-1.81,entry,25.0
2026-06-11 13:28:00,2026-06-11 15:59:00,LONG,1,28912.5,29456.75,1088.5,90.52,6.013,reverse,151.0
2026-06-12 09:33:00,2026-06-12 09:35:00,SHORT,1,29319.0,29414.5,-191.0,80.14,-1.192,entry,2.0
2026-06-12 09:42:00,2026-06-12 09:52:00,SHORT,1,29269.25,29355.75,-173.0,113.65,-0.761,entry,10.0
2026-06-12 10:00:00,2026-06-12 10:43:00,LONG,1,29437.0,29418.5,-37.0,82.81,-0.223,entry,43.0
2026-06-12 10:47:00,2026-06-12 10:52:00,SHORT,1,29371.75,29531.75,-320.0,62.23,-2.571,entry,5.0
2026-06-12 10:52:00,2026-06-12 11:49:00,LONG,1,29531.75,29488.5,-86.5,98.01,-0.441,reverse,57.0
2026-06-12 11:52:00,2026-06-12 11:58:00,LONG,1,29585.25,29469.25,-232.0,80.41,-1.443,entry,6.0
2026-06-12 11:59:00,2026-06-12 12:08:00,SHORT,1,29439.75,29525.5,-171.5,65.46,-1.31,entry,9.0
2026-06-12 12:13:00,2026-06-12 15:59:00,LONG,1,29618.5,29648.25,59.5,113.17,0.263,entry,226.0
2026-06-15 09:46:00,2026-06-15 09:59:00,LONG,1,30750.5,30703.75,-93.5,61.82,-0.756,entry,13.0
2026-06-15 10:58:00,2026-06-15 15:59:00,LONG,1,30788.75,30872.75,168.0,67.18,1.25,entry,301.0
2026-06-16 09:50:00,2026-06-16 09:59:00,LONG,1,30880.75,30806.5,-148.5,61.62,-1.205,entry,9.0
2026-06-16 10:19:00,2026-06-16 15:59:00,SHORT,1,30740.25,30310.0,860.5,81.02,5.31,entry,340.0
2026-06-17 09:43:00,2026-06-17 09:49:00,LONG,1,30521.0,30452.25,-137.5,63.08,-1.09,entry,6.0
2026-06-17 09:57:00,2026-06-17 10:12:00,SHORT,1,30373.5,30433.75,-120.5,86.94,-0.693,entry,15.0
2026-06-17 10:23:00,2026-06-17 10:33:00,LONG,1,30521.75,30442.0,-159.5,83.49,-0.955,entry,10.0
2026-06-17 10:47:00,2026-06-17 11:17:00,SHORT,1,30337.75,30432.5,-189.5,101.75,-0.931,entry,30.0
2026-06-17 13:15:00,2026-06-17 13:51:00,SHORT,1,30354.75,30429.0,-148.5,73.57,-1.009,entry,36.0
2026-06-17 14:00:00,2026-06-17 14:40:00,SHORT,1,30309.5,30395.25,-171.5,116.63,-0.735,entry,40.0
2026-06-17 14:43:00,2026-06-17 14:55:00,LONG,1,30490.5,30366.0,-249.0,101.56,-1.226,entry,12.0
2026-06-17 14:56:00,2026-06-17 15:59:00,SHORT,1,30322.0,29994.75,654.5,70.01,4.674,entry,63.0
2026-06-18 09:34:00,2026-06-18 09:49:00,SHORT,1,30486.0,30497.0,-22.0,73.58,-0.15,entry,15.0
2026-06-18 09:57:00,2026-06-18 10:00:00,SHORT,1,30417.75,30485.75,-136.0,65.86,-1.032,entry,3.0
2026-06-18 10:06:00,2026-06-18 10:30:00,LONG,1,30559.75,30481.25,-157.0,74.36,-1.056,entry,24.0
2026-06-18 10:37:00,2026-06-18 11:38:00,LONG,1,30589.75,30505.0,-169.5,78.5,-1.08,entry,61.0
2026-06-18 11:53:00,2026-06-18 15:59:00,LONG,1,30615.0,30692.75,155.5,73.38,1.06,entry,246.0
2026-06-22 09:33:00,2026-06-22 09:35:00,SHORT,1,30773.75,30846.75,-146.0,62.08,-1.176,entry,2.0
2026-06-22 09:38:00,2026-06-22 09:41:00,LONG,1,30916.25,30842.5,-147.5,74.52,-0.99,entry,3.0
2026-06-22 09:57:00,2026-06-22 10:17:00,LONG,1,30914.25,30855.25,-118.0,64.73,-0.912,entry,20.0
2026-06-22 10:24:00,2026-06-22 15:59:00,SHORT,1,30804.25,30654.25,300.0,64.83,2.314,entry,335.0
2026-06-23 09:34:00,2026-06-23 09:36:00,LONG,1,29768.25,29676.75,-183.0,58.94,-1.552,entry,2.0
2026-06-23 09:39:00,2026-06-23 10:45:00,LONG,1,29780.75,29868.0,174.5,62.82,1.389,entry,66.0
2026-06-23 11:05:00,2026-06-23 12:03:00,SHORT,1,29788.0,29850.75,-125.5,80.99,-0.775,entry,58.0
2026-06-23 12:12:00,2026-06-23 12:20:00,LONG,1,29908.0,29836.75,-142.5,62.65,-1.137,entry,8.0
2026-06-23 13:53:00,2026-06-23 15:59:00,SHORT,1,29781.75,29650.5,262.5,65.89,1.992,entry,126.0
2026-06-24 09:32:00,2026-06-24 09:39:00,LONG,1,29791.25,29726.25,-130.0,93.82,-0.693,entry,7.0
2026-06-24 09:40:00,2026-06-24 09:50:00,SHORT,1,29671.75,29721.25,-99.0,65.36,-0.757,entry,10.0
2026-06-24 09:51:00,2026-06-24 09:56:00,LONG,1,29768.0,29691.25,-153.5,67.34,-1.14,entry,5.0
2026-06-24 10:03:00,2026-06-24 10:10:00,SHORT,1,29639.75,29699.5,-119.5,61.8,-0.967,entry,7.0
2026-06-24 10:15:00,2026-06-24 10:27:00,SHORT,1,29624.5,29713.5,-178.0,71.79,-1.24,entry,12.0
2026-06-24 10:30:00,2026-06-24 11:25:00,LONG,1,29754.5,29713.5,-82.0,69.15,-0.593,entry,55.0
2026-06-24 11:29:00,2026-06-24 11:42:00,LONG,1,29801.0,29722.25,-157.5,74.15,-1.062,entry,13.0
2026-06-24 11:52:00,2026-06-24 12:30:00,LONG,1,29803.25,29731.25,-144.0,72.51,-0.993,entry,38.0
2026-06-24 12:37:00,2026-06-24 15:59:00,SHORT,1,29671.5,29514.0,315.0,62.69,2.513,entry,202.0
2026-06-25 09:38:00,2026-06-25 10:21:00,SHORT,1,30009.0,29673.75,670.5,71.93,4.661,entry,43.0
2026-06-25 10:22:00,2026-06-25 10:33:00,SHORT,1,29592.75,29689.5,-193.5,79.53,-1.217,entry,11.0
2026-06-25 10:43:00,2026-06-25 10:49:00,SHORT,1,29599.5,29672.0,-145.0,65.84,-1.101,entry,6.0
2026-06-25 10:51:00,2026-06-25 10:57:00,LONG,1,29728.75,29621.75,-214.0,65.0,-1.646,entry,6.0
2026-06-25 11:11:00,2026-06-25 11:32:00,SHORT,1,29595.5,29682.75,-174.5,69.84,-1.249,entry,21.0
2026-06-25 11:45:00,2026-06-25 12:02:00,LONG,1,29735.5,29657.25,-156.5,78.46,-0.997,entry,17.0
2026-06-25 12:06:00,2026-06-25 12:41:00,LONG,1,29763.25,29664.5,-197.5,104.13,-0.948,entry,35.0
2026-06-25 12:45:00,2026-06-25 12:48:00,SHORT,1,29592.0,29685.0,-186.0,78.72,-1.181,entry,3.0
2026-06-25 13:10:00,2026-06-25 15:05:00,LONG,1,29745.25,29680.0,-130.5,73.91,-0.883,entry,115.0
2026-06-25 15:38:00,2026-06-25 15:54:00,SHORT,1,29628.5,29692.75,-128.5,61.96,-1.037,entry,16.0
2026-06-26 09:33:00,2026-06-26 09:35:00,SHORT,1,29199.75,29319.25,-239.0,105.39,-1.134,entry,2.0
2026-06-26 09:56:00,2026-06-26 11:14:00,LONG,1,29414.0,29444.5,61.0,118.37,0.258,entry,78.0
2026-06-26 11:22:00,2026-06-26 14:18:00,LONG,1,29514.0,29501.25,-25.5,67.2,-0.19,entry,176.0
2026-06-26 14:47:00,2026-06-26 15:42:00,SHORT,1,29443.0,29521.5,-157.0,70.37,-1.115,entry,55.0
2026-06-26 15:50:00,2026-06-26 15:59:00,SHORT,1,29437.75,29316.0,243.5,69.29,1.757,entry,9.0
2026-06-29 09:32:00,2026-06-29 09:37:00,LONG,1,29719.75,29676.75,-86.0,72.0,-0.597,entry,5.0
2026-06-29 09:42:00,2026-06-29 09:55:00,LONG,1,29756.0,29674.0,-164.0,68.54,-1.196,entry,13.0
2026-06-29 09:56:00,2026-06-29 10:30:00,SHORT,1,29646.25,29575.25,142.0,78.07,0.909,entry,34.0
2026-06-29 10:48:00,2026-06-29 10:50:00,SHORT,1,29505.5,29621.0,-231.0,67.06,-1.722,entry,2.0
2026-06-29 10:53:00,2026-06-29 15:59:00,LONG,1,29656.0,30046.25,780.5,81.86,4.767,entry,306.0
2026-06-30 09:35:00,2026-06-30 15:59:00,LONG,1,30247.0,30513.5,533.0,111.94,2.381,entry,384.0
2026-07-01 09:33:00,2026-07-01 09:41:00,SHORT,1,30120.25,30161.5,-82.5,77.97,-0.529,entry,8.0
2026-07-01 09:51:00,2026-07-01 10:35:00,LONG,1,30243.0,30214.25,-57.5,74.97,-0.383,entry,44.0
2026-07-01 10:58:00,2026-07-01 11:01:00,SHORT,1,30147.25,30221.0,-147.5,66.32,-1.112,entry,3.0
2026-07-01 11:15:00,2026-07-01 12:15:00,LONG,1,30284.75,30227.25,-115.0,68.88,-0.835,entry,60.0
2026-07-01 14:11:00,2026-07-01 15:30:00,SHORT,1,30155.25,30225.5,-140.5,70.59,-0.995,entry,79.0
2026-07-01 15:40:00,2026-07-01 15:59:00,SHORT,1,30146.5,30080.75,131.5,69.97,0.94,entry,19.0
2026-07-02 09:48:00,2026-07-02 10:10:00,LONG,1,30177.0,30151.25,-51.5,68.83,-0.374,entry,22.0
2026-07-02 10:12:00,2026-07-02 10:16:00,LONG,1,30223.0,30162.25,-121.5,63.81,-0.952,entry,4.0
2026-07-02 10:24:00,2026-07-02 15:59:00,SHORT,1,30079.75,29538.25,1083.0,77.23,7.012,entry,335.0
2026-07-06 09:37:00,2026-07-06 09:39:00,SHORT,1,29801.75,29896.75,-190.0,64.62,-1.47,entry,2.0
2026-07-06 09:45:00,2026-07-06 11:16:00,LONG,1,29953.75,29950.75,-6.0,77.86,-0.039,entry,91.0
2026-07-06 11:26:00,2026-07-06 13:01:00,LONG,1,30035.75,29985.5,-100.5,70.74,-0.71,entry,95.0
2026-07-06 13:36:00,2026-07-06 14:16:00,SHORT,1,29921.75,29982.25,-121.0,64.65,-0.936,entry,40.0
2026-07-06 15:23:00,2026-07-06 15:52:00,LONG,1,30045.5,29970.5,-150.0,64.71,-1.159,entry,29.0
2026-07-07 09:34:00,2026-07-07 09:40:00,SHORT,1,29532.5,29586.5,-108.0,66.89,-0.807,entry,6.0
2026-07-07 09:52:00,2026-07-07 12:00:00,SHORT,1,29492.5,29398.75,187.5,70.36,1.332,entry,128.0
2026-07-07 12:13:00,2026-07-07 14:50:00,LONG,1,29467.0,29436.5,-61.0,67.46,-0.452,entry,157.0
2026-07-07 15:00:00,2026-07-07 15:59:00,SHORT,1,29373.25,29394.5,-42.5,63.87,-0.333,entry,59.0
2026-07-08 09:40:00,2026-07-08 09:49:00,LONG,1,29374.25,29304.25,-140.0,80.59,-0.869,entry,9.0
2026-07-08 10:12:00,2026-07-08 10:21:00,SHORT,1,29250.5,29366.5,-232.0,69.35,-1.673,entry,9.0
2026-07-08 10:42:00,2026-07-08 12:19:00,SHORT,1,29245.0,29241.25,7.5,66.42,0.056,entry,97.0
2026-07-08 12:30:00,2026-07-08 15:59:00,LONG,1,29310.75,29457.5,293.5,70.22,2.09,entry,209.0
2026-07-09 09:34:00,2026-07-09 10:10:00,LONG,1,29778.75,29822.0,86.5,61.34,0.705,entry,36.0
2026-07-09 10:15:00,2026-07-09 10:42:00,SHORT,1,29712.75,29798.25,-171.0,117.85,-0.725,entry,27.0
2026-07-09 11:06:00,2026-07-09 15:59:00,LONG,1,29855.5,29948.75,186.5,64.19,1.453,entry,293.0
2026-07-10 09:40:00,2026-07-10 09:45:00,SHORT,1,29806.0,29874.25,-136.5,75.29,-0.907,entry,5.0
2026-07-10 09:49:00,2026-07-10 10:19:00,LONG,1,29940.75,29905.75,-70.0,61.15,-0.572,entry,30.0
2026-07-10 10:32:00,2026-07-10 10:49:00,SHORT,1,29761.0,29902.0,-282.0,142.29,-0.991,entry,17.0
2026-07-10 10:55:00,2026-07-10 11:15:00,SHORT,1,29828.5,29911.5,-166.0,63.93,-1.298,entry,20.0
2026-07-10 11:23:00,2026-07-10 11:41:00,LONG,1,29947.5,29887.25,-120.5,60.71,-0.992,entry,18.0
2026-07-10 12:00:00,2026-07-10 15:59:00,LONG,1,29971.25,30037.5,132.5,76.94,0.861,entry,239.0
2026-07-13 09:40:00,2026-07-13 09:59:00,SHORT,1,29580.25,29630.0,-99.5,82.86,-0.6,entry,19.0
2026-07-13 10:24:00,2026-07-13 10:45:00,LONG,1,29665.25,29616.75,-97.0,59.21,-0.819,entry,21.0
2026-07-13 10:49:00,2026-07-13 11:47:00,LONG,1,29691.5,29635.75,-111.5,71.61,-0.779,entry,58.0
2026-07-13 12:21:00,2026-07-13 15:59:00,SHORT,1,29570.5,29467.0,207.0,63.39,1.633,entry,218.0
2026-07-14 10:04:00,2026-07-14 10:32:00,SHORT,1,29692.0,29733.25,-82.5,59.84,-0.689,entry,28.0
2026-07-14 10:35:00,2026-07-14 10:46:00,LONG,1,29779.75,29701.75,-156.0,62.5,-1.248,entry,11.0
2026-07-14 11:00:00,2026-07-14 12:00:00,LONG,1,29785.75,29755.0,-61.5,63.08,-0.488,entry,60.0
2026-07-14 12:42:00,2026-07-14 15:59:00,LONG,1,29816.25,29786.0,-60.5,60.48,-0.5,entry,197.0
2026-07-15 09:40:00,2026-07-15 10:01:00,SHORT,1,29849.5,29852.5,-6.0,65.48,-0.046,entry,21.0
2026-07-15 10:20:00,2026-07-15 13:46:00,SHORT,1,29759.25,29657.75,203.0,86.13,1.178,entry,206.0
2026-07-15 14:06:00,2026-07-15 14:44:00,LONG,1,29722.75,29662.75,-120.0,63.94,-0.938,entry,38.0
2026-07-15 14:58:00,2026-07-15 15:06:00,SHORT,1,29602.75,29661.5,-117.5,59.06,-0.995,entry,8.0
2026-07-15 15:22:00,2026-07-15 15:30:00,SHORT,1,29598.75,29660.25,-123.0,61.83,-0.995,entry,8.0
2026-07-16 09:35:00,2026-07-16 10:00:00,SHORT,1,29417.25,29380.0,74.5,58.88,0.633,entry,25.0
2026-07-16 10:06:00,2026-07-16 10:50:00,LONG,1,29440.75,29397.75,-86.0,66.13,-0.65,entry,44.0
2026-07-16 11:13:00,2026-07-16 11:25:00,SHORT,1,29346.5,29426.25,-159.5,59.74,-1.335,entry,12.0
2026-07-16 12:04:00,2026-07-16 15:59:00,SHORT,1,29339.5,29217.0,245.0,64.23,1.907,entry,235.0
2026-07-17 09:33:00,2026-07-17 09:51:00,SHORT,1,28577.5,28523.5,108.0,58.53,0.923,entry,18.0
2026-07-17 09:53:00,2026-07-17 11:03:00,LONG,1,28589.5,28699.25,219.5,63.76,1.721,entry,70.0
2026-07-17 11:30:00,2026-07-17 15:11:00,LONG,1,28772.0,28794.75,45.5,70.27,0.324,entry,221.0
2026-07-17 15:24:00,2026-07-17 15:29:00,SHORT,1,28734.75,28795.5,-121.5,59.47,-1.021,entry,5.0
2026-07-20 09:52:00,2026-07-20 11:30:00,SHORT,1,29057.0,29023.75,66.5,65.61,0.507,entry,98.0
2026-07-20 12:05:00,2026-07-20 12:41:00,LONG,1,29091.5,29014.0,-155.0,72.86,-1.064,entry,36.0
2026-07-20 12:56:00,2026-07-20 15:59:00,SHORT,1,28959.0,28785.25,347.5,65.32,2.66,entry,183.0
2026-07-21 10:08:00,2026-07-21 10:18:00,SHORT,1,29094.25,29152.5,-116.5,59.05,-0.986,entry,10.0
2026-07-21 10:27:00,2026-07-21 15:59:00,LONG,1,29207.25,29310.75,207.0,60.84,1.701,entry,332.0
2026-07-22 09:53:00,2026-07-22 10:41:00,LONG,1,29225.25,29189.0,-72.5,66.58,-0.544,entry,48.0
2026-07-22 11:00:00,2026-07-22 13:58:00,LONG,1,29264.25,29245.5,-37.5,60.36,-0.311,entry,178.0
2026-07-22 15:55:00,2026-07-22 15:59:00,SHORT,1,29181.25,29160.5,41.5,61.77,0.336,entry,4.0
2026-07-23 09:36:00,2026-07-23 09:49:00,LONG,1,28788.5,28760.0,-57.0,61.9,-0.46,entry,13.0
2026-07-23 09:59:00,2026-07-23 10:05:00,SHORT,1,28707.75,28791.75,-168.0,68.16,-1.232,entry,6.0
2026-07-23 10:08:00,2026-07-23 10:22:00,SHORT,1,28712.75,28763.25,-101.0,58.4,-0.865,entry,14.0
2026-07-23 10:32:00,2026-07-23 10:37:00,SHORT,1,28683.25,28758.0,-149.5,73.99,-1.01,entry,5.0
2026-07-23 10:41:00,2026-07-23 12:22:00,SHORT,1,28687.75,28670.5,34.5,63.64,0.271,entry,101.0
2026-07-23 12:38:00,2026-07-23 12:45:00,LONG,1,28731.75,28649.0,-165.5,69.45,-1.191,entry,7.0
2026-07-23 13:05:00,2026-07-23 13:20:00,SHORT,1,28602.0,28661.25,-118.5,59.36,-0.998,entry,15.0
2026-07-23 13:35:00,2026-07-23 15:59:00,SHORT,1,28598.0,28615.0,-34.0,61.84,-0.275,entry,144.0
2026-07-24 09:34:00,2026-07-24 09:36:00,LONG,1,28603.25,28524.75,-157.0,61.25,-1.282,entry,2.0
2026-07-24 09:46:00,2026-07-24 10:57:00,SHORT,1,28460.75,28415.5,90.5,62.94,0.719,entry,71.0
2026-07-24 11:00:00,2026-07-24 11:06:00,LONG,1,28467.25,28387.5,-159.5,63.51,-1.256,entry,6.0
2026-07-24 11:14:00,2026-07-24 13:07:00,LONG,1,28493.25,28450.25,-86.0,86.83,-0.495,entry,113.0
2026-07-24 13:27:00,2026-07-24 14:06:00,LONG,1,28515.5,28446.5,-138.0,64.02,-1.078,entry,39.0
2026-07-24 14:20:00,2026-07-24 15:59:00,SHORT,1,28387.25,28283.25,208.0,65.94,1.577,entry,99.0
2026-07-27 09:42:00,2026-07-27 14:55:00,SHORT,1,28458.25,28179.75,557.0,91.9,3.031,entry,313.0
2026-07-27 15:29:00,2026-07-27 15:42:00,LONG,1,28243.0,28178.5,-129.0,65.33,-0.987,entry,13.0
2026-07-28 09:37:00,2026-07-28 10:06:00,SHORT,1,27834.75,27780.5,108.5,68.39,0.793,entry,29.0
2026-07-28 10:08:00,2026-07-28 10:36:00,SHORT,1,27695.25,27744.5,-98.5,79.51,-0.619,entry,28.0
2026-07-28 10:47:00,2026-07-28 15:59:00,LONG,1,27807.0,27918.5,223.0,65.19,1.71,entry,312.0
2026-07-29 09:33:00,2026-07-29 09:37:00,LONG,1,27960.25,27907.0,-106.5,65.09,-0.818,entry,4.0
2026-07-29 09:47:00,2026-07-29 13:04:00,SHORT,1,27840.25,27661.0,358.5,63.85,2.807,entry,197.0
2026-07-29 13:13:00,2026-07-29 13:30:00,LONG,1,27712.5,27636.0,-153.0,67.03,-1.141,entry,17.0
2026-07-29 13:50:00,2026-07-29 15:22:00,LONG,1,27706.75,27717.0,20.5,57.42,0.179,entry,92.0
2026-07-29 15:33:00,2026-07-29 15:59:00,SHORT,1,27600.75,27335.0,531.5,116.58,2.28,entry,26.0
2026-07-30 09:43:00,2026-07-30 10:54:00,LONG,1,27965.25,28068.5,206.5,84.68,1.219,entry,71.0
2026-07-30 11:09:00,2026-07-30 11:11:00,LONG,1,28134.0,28045.25,-177.5,59.19,-1.499,entry,2.0
2026-07-30 11:29:00,2026-07-30 11:34:00,SHORT,1,28010.5,28072.0,-123.0,61.42,-1.001,entry,5.0
2026-07-30 12:04:00,2026-07-30 12:41:00,LONG,1,28150.25,28079.75,-141.0,76.55,-0.921,entry,37.0
2026-07-30 13:00:00,2026-07-30 15:59:00,LONG,1,28159.25,28229.0,139.5,77.51,0.9,entry,179.0
2026-07-31 09:33:00,2026-07-31 09:38:00,LONG,1,28687.25,28605.5,-163.5,61.5,-1.329,entry,5.0
2026-07-31 09:39:00,2026-07-31 12:22:00,SHORT,1,28561.0,28310.25,501.5,78.25,3.204,entry,163.0
2026-07-31 12:31:00,2026-07-31 15:59:00,LONG,1,28376.0,28402.75,53.5,65.32,0.41,entry,208.0
2026-08-03 09:35:00,2026-08-03 15:59:00,LONG,1,28449.25,28901.25,904.0,72.9,6.2,entry,384.0
2026-08-04 09:34:00,2026-08-04 15:59:00,LONG,1,29382.75,29877.75,990.0,64.81,7.637,entry,385.0
2026-08-05 09:43:00,2026-08-05 09:52:00,LONG,1,30052.25,29997.25,-110.0,69.66,-0.79,entry,9.0
2026-08-05 10:23:00,2026-08-05 15:59:00,SHORT,1,29923.0,29606.75,632.5,69.39,4.557,entry,336.0
2026-08-06 09:36:00,2026-08-06 11:44:00,LONG,1,29416.0,29534.0,236.0,87.61,1.347,entry,128.0
2026-08-06 11:48:00,2026-08-06 11:54:00,LONG,1,29610.25,29526.5,-167.5,74.14,-1.13,entry,6.0
2026-08-06 12:22:00,2026-08-06 12:58:00,SHORT,1,29467.75,29540.75,-146.0,66.16,-1.103,entry,36.0
2026-08-07 09:57:00,2026-08-07 10:19:00,SHORT,1,29666.5,29718.0,-103.0,81.6,-0.631,entry,22.0
2026-08-07 10:28:00,2026-08-07 10:35:00,LONG,1,29772.0,29706.0,-132.0,63.7,-1.036,entry,7.0
2026-08-07 11:22:00,2026-08-07 12:25:00,LONG,1,29780.5,29721.5,-118.0,67.77,-0.871,entry,63.0
2026-08-07 15:10:00,2026-08-07 15:59:00,LONG,1,29807.75,29833.25,51.0,74.57,0.342,entry,49.0
2026-08-10 10:06:00,2026-08-10 10:53:00,LONG,1,29858.0,29808.0,-100.0,69.98,-0.714,entry,47.0
2026-08-10 11:34:00,2026-08-10 11:45:00,SHORT,1,29750.75,29811.75,-122.0,61.23,-0.996,entry,11.0
2026-08-10 12:43:00,2026-08-10 13:15:00,SHORT,1,29735.5,29807.75,-144.5,74.63,-0.968,entry,32.0
2026-08-10 15:52:00,2026-08-10 15:59:00,SHORT,1,29738.0,29744.0,-12.0,61.46,-0.098,entry,7.0
2026-08-11 09:35:00,2026-08-11 09:41:00,SHORT,1,29698.25,29744.25,-92.0,61.37,-0.75,entry,6.0
2026-08-11 09:46:00,2026-08-11 09:59:00,SHORT,1,29664.75,29732.75,-136.0,64.71,-1.051,entry,13.0
2026-08-11 10:06:00,2026-08-11 11:07:00,LONG,1,29779.75,29737.25,-85.0,61.7,-0.689,entry,61.0
2026-08-11 11:34:00,2026-08-11 15:59:00,SHORT,1,29674.25,29636.0,76.5,61.17,0.625,entry,265.0
2026-08-12 11:03:00,2026-08-12 12:41:00,SHORT,1,29843.75,29891.5,-95.5,60.31,-0.792,entry,98.0
2026-08-12 15:55:00,2026-08-12 15:59:00,SHORT,1,29829.5,29853.0,-47.0,61.49,-0.382,entry,4.0
2026-08-13 09:35:00,2026-08-13 11:34:00,LONG,1,29980.0,30145.75,331.5,68.77,2.41,entry,119.0
2026-08-13 13:00:00,2026-08-13 15:59:00,LONG,1,30208.5,30194.75,-27.5,59.18,-0.232,entry,179.0
2026-08-14 10:19:00,2026-08-14 15:59:00,SHORT,1,30172.5,30144.5,56.0,58.72,0.477,entry,340.0
2026-08-17 11:04:00,2026-08-17 11:43:00,LONG,1,30269.0,30216.25,-105.5,57.85,-0.912,entry,39.0
2026-08-17 13:05:00,2026-08-17 15:59:00,SHORT,1,30165.75,30091.5,148.5,52.4,1.417,entry,174.0
2026-08-18 09:40:00,2026-08-18 09:44:00,LONG,1,29764.75,29687.5,-154.5,63.96,-1.208,entry,4.0
2026-08-18 09:52:00,2026-08-18 10:26:00,SHORT,1,29642.75,29678.5,-71.5,53.7,-0.666,entry,34.0
2026-08-18 10:44:00,2026-08-18 11:54:00,SHORT,1,29614.0,29634.0,-40.0,49.79,-0.402,entry,70.0
2026-08-18 13:56:00,2026-08-18 15:59:00,SHORT,1,29579.75,29585.75,-12.0,51.87,-0.116,entry,123.0
2026-08-19 09:36:00,2026-08-19 10:36:00,SHORT,1,29626.5,29521.25,210.5,57.61,1.827,entry,60.0
2026-08-19 10:53:00,2026-08-19 13:08:00,LONG,1,29592.0,29546.0,-92.0,67.41,-0.682,entry,135.0
2026-08-19 14:17:00,2026-08-19 14:30:00,SHORT,1,29493.0,29563.0,-140.0,55.62,-1.258,entry,13.0
2026-08-19 15:50:00,2026-08-19 15:59:00,SHORT,1,29494.5,29522.0,-55.0,53.38,-0.515,entry,9.0
2026-08-20 09:51:00,2026-08-20 10:09:00,SHORT,1,29360.25,29391.5,-62.5,49.39,-0.633,entry,18.0
2026-08-20 10:16:00,2026-08-20 10:22:00,SHORT,1,29328.5,29389.0,-121.0,57.61,-1.05,entry,6.0
2026-08-20 10:46:00,2026-08-20 10:49:00,LONG,1,29432.25,29376.25,-112.0,49.31,-1.136,entry,3.0
2026-08-20 11:01:00,2026-08-20 11:05:00,LONG,1,29440.5,29373.0,-135.0,56.97,-1.185,entry,4.0
2026-08-20 11:21:00,2026-08-20 12:44:00,SHORT,1,29328.5,29377.25,-97.5,53.84,-0.905,entry,83.0
2026-08-20 13:16:00,2026-08-20 15:59:00,SHORT,1,29313.5,29306.5,14.0,53.92,0.13,entry,163.0
2026-08-21 09:43:00,2026-08-21 10:46:00,SHORT,1,29314.5,29313.0,3.0,54.94,0.027,entry,63.0
2026-08-21 11:07:00,2026-08-21 15:59:00,LONG,1,29363.25,29395.75,65.0,49.02,0.663,entry,292.0
2026-08-24 09:38:00,2026-08-24 10:30:00,SHORT,1,29075.5,29040.25,70.5,54.09,0.652,entry,52.0
2026-08-24 10:36:00,2026-08-24 11:05:00,LONG,1,29093.0,29044.75,-96.5,54.28,-0.889,entry,29.0
2026-08-24 11:28:00,2026-08-24 15:53:00,LONG,1,29102.0,29102.5,1.0,53.43,0.009,entry,265.0
2026-08-25 09:48:00,2026-08-25 09:54:00,LONG,1,29404.75,29343.25,-123.0,58.77,-1.046,entry,6.0
2026-08-25 09:57:00,2026-08-25 11:33:00,SHORT,1,29301.5,29291.0,21.0,46.46,0.226,entry,96.0
2026-08-25 11:48:00,2026-08-25 12:02:00,SHORT,1,29226.75,29280.5,-107.5,54.87,-0.98,entry,14.0
2026-08-25 13:08:00,2026-08-25 14:46:00,SHORT,1,29230.0,29272.0,-84.0,49.37,-0.851,entry,98.0
2026-08-25 15:18:00,2026-08-25 15:53:00,SHORT,1,29224.5,29278.0,-107.0,46.36,-1.154,entry,35.0
2026-08-26 09:45:00,2026-08-26 10:10:00,LONG,1,29311.0,29266.5,-89.0,56.85,-0.783,entry,25.0
2026-08-26 10:21:00,2026-08-26 10:50:00,SHORT,1,29216.5,29254.0,-75.0,51.68,-0.726,entry,29.0
2026-08-26 12:00:00,2026-08-26 13:15:00,SHORT,1,29199.5,29249.75,-100.5,52.59,-0.955,entry,75.0
2026-08-26 14:33:00,2026-08-26 15:59:00,LONG,1,29300.25,29296.75,-7.0,51.49,-0.068,entry,86.0
2026-08-27 09:31:00,2026-08-27 09:40:00,SHORT,1,29486.75,29510.0,-46.5,49.53,-0.469,entry,9.0
2026-08-27 09:44:00,2026-08-27 09:47:00,LONG,1,29575.0,29494.75,-160.5,69.2,-1.16,entry,3.0
2026-08-27 09:56:00,2026-08-27 10:01:00,SHORT,1,29465.0,29518.75,-107.5,50.47,-1.065,entry,5.0
2026-08-27 10:10:00,2026-08-27 11:43:00,LONG,1,29563.25,29540.75,-45.0,50.87,-0.442,entry,93.0
2026-08-27 11:54:00,2026-08-27 14:23:00,LONG,1,29609.0,29565.5,-87.0,64.18,-0.678,entry,149.0
2026-08-27 15:31:00,2026-08-27 15:59:00,LONG,1,29616.0,29691.75,151.5,48.4,1.565,entry,28.0
2026-08-28 09:38:00,2026-08-28 09:52:00,LONG,1,29649.0,29631.75,-34.5,46.17,-0.374,entry,14.0
2026-08-28 10:00:00,2026-08-28 10:03:00,LONG,1,29687.25,29609.25,-156.0,48.04,-1.623,entry,3.0
2026-08-28 10:05:00,2026-08-28 10:20:00,SHORT,1,29591.5,29617.5,-52.0,46.22,-0.562,entry,15.0
2026-08-28 10:22:00,2026-08-28 10:27:00,LONG,1,29669.75,29614.25,-111.0,52.17,-1.064,entry,5.0
2026-08-28 10:33:00,2026-08-28 11:46:00,LONG,1,29667.5,29662.75,-9.5,46.49,-0.102,entry,73.0
2026-08-28 11:50:00,2026-08-28 15:59:00,SHORT,1,29623.5,29496.5,254.0,46.38,2.738,entry,249.0
