entry_time_et,exit_time_et,side,qty,entry_price,exit_price,pnl_usd,stop_dist_pt,r_multiple,exit_reason,duration_min
2018-01-02 09:40:00,2018-01-02 15:55:00,LONG,1,6460.0,6520.75,121.5,28.64,2.121,entry,375.0
2018-01-03 09:40:00,2018-01-03 15:55:00,LONG,1,6546.0,6583.75,75.5,13.24,2.851,entry,375.0
2018-01-04 09:40:00,2018-01-04 09:50:00,SHORT,1,6592.5,6603.75,-22.5,10.11,-1.113,entry,10.0
2018-01-05 09:50:00,2018-01-05 15:55:00,LONG,1,6625.5,6660.75,70.5,3.52,10.002,entry,365.0
2018-01-08 09:45:00,2018-01-08 10:05:00,LONG,1,6671.75,6661.0,-21.5,5.53,-1.942,entry,20.0
2018-01-09 09:40:00,2018-01-09 10:15:00,SHORT,1,6678.0,6688.5,-21.0,13.87,-0.757,entry,35.0
2018-01-10 09:45:00,2018-01-10 11:00:00,SHORT,1,6656.5,6661.75,-10.5,4.43,-1.184,entry,75.0
2018-01-11 09:40:00,2018-01-11 09:45:00,LONG,1,6688.0,6681.25,-13.5,4.45,-1.517,entry,5.0
2018-01-12 09:40:00,2018-01-12 09:50:00,LONG,1,6726.5,6719.0,-15.0,4.02,-1.865,entry,10.0
2018-01-15 09:40:00,2018-01-15 10:55:00,SHORT,1,6776.5,6783.25,-13.5,6.85,-0.985,entry,75.0
2018-01-16 09:40:00,2018-01-16 10:35:00,LONG,1,6837.0,6819.25,-35.5,24.08,-0.737,entry,55.0
2018-01-17 09:40:00,2018-01-17 10:05:00,SHORT,1,6763.25,6775.0,-23.5,9.07,-1.296,entry,25.0
2018-01-18 09:55:00,2018-01-18 10:00:00,LONG,1,6819.0,6804.0,-30.0,3.33,-4.5,entry,5.0
2018-01-19 09:40:00,2018-01-19 09:50:00,LONG,1,6850.25,6836.25,-28.0,13.37,-1.047,entry,10.0
2018-01-22 09:40:00,2018-01-22 15:55:00,LONG,1,6847.75,6917.75,140.0,7.06,9.917,entry,375.0
2018-01-23 09:40:00,2018-01-23 15:55:00,LONG,1,6951.25,6973.75,45.0,11.4,1.973,entry,375.0
2018-01-24 09:40:00,2018-01-24 09:45:00,LONG,1,6982.5,6973.0,-19.0,3.82,-2.489,entry,5.0
2018-01-25 09:50:00,2018-01-25 11:20:00,SHORT,1,6946.0,6947.75,-3.5,13.82,-0.127,entry,90.0
2018-01-26 09:50:00,2018-01-26 15:55:00,LONG,1,6964.0,7027.25,126.5,5.18,12.2,entry,365.0
2018-01-29 10:00:00,2018-01-29 11:40:00,SHORT,1,7006.5,7011.0,-9.0,7.69,-0.585,entry,100.0
2018-01-30 09:40:00,2018-01-30 10:30:00,SHORT,1,6942.0,6941.0,2.0,9.46,0.106,entry,50.0
2018-01-31 09:40:00,2018-01-31 10:40:00,LONG,1,6990.5,6972.5,-36.0,21.66,-0.831,entry,60.0
2018-02-01 09:40:00,2018-02-01 09:50:00,SHORT,1,6930.75,6942.75,-24.0,10.41,-1.152,entry,10.0
2018-02-02 09:40:00,2018-02-02 15:55:00,SHORT,1,6875.25,6765.0,220.5,14.29,7.715,entry,375.0
2018-02-05 09:40:00,2018-02-05 09:45:00,SHORT,1,6707.5,6724.75,-34.5,14.81,-1.164,entry,5.0
2018-02-06 09:40:00,2018-02-06 10:30:00,LONG,1,6510.0,6455.25,-109.5,83.56,-0.655,entry,50.0
2018-02-07 09:40:00,2018-02-07 12:35:00,LONG,1,6644.0,6653.75,19.5,15.1,0.646,entry,175.0
2018-02-08 09:40:00,2018-02-08 09:50:00,SHORT,1,6560.0,6574.75,-29.5,11.09,-1.329,entry,10.0
2018-02-09 09:40:00,2018-02-09 10:10:00,LONG,1,6394.25,6361.0,-66.5,39.67,-0.838,entry,30.0
2018-02-12 09:40:00,2018-02-12 10:10:00,LONG,1,6513.75,6471.0,-85.5,44.52,-0.96,entry,30.0
2018-02-13 09:40:00,2018-02-13 10:00:00,SHORT,1,6496.5,6511.25,-29.5,8.62,-1.71,entry,20.0
2018-02-14 09:40:00,2018-02-14 15:55:00,LONG,1,6550.25,6680.75,261.0,14.7,8.878,entry,375.0
2018-02-15 09:45:00,2018-02-15 10:35:00,LONG,1,6739.0,6725.0,-28.0,16.26,-0.861,entry,50.0
2018-02-16 09:40:00,2018-02-16 09:50:00,SHORT,1,6799.0,6820.0,-42.0,17.8,-1.18,entry,10.0
2018-02-19 09:40:00,2018-02-19 12:55:00,SHORT,1,6788.75,6779.75,18.0,15.61,0.576,entry,195.0
2018-02-20 09:40:00,2018-02-20 14:50:00,LONG,1,6775.25,6794.0,37.5,13.16,1.424,entry,310.0
2018-02-21 09:40:00,2018-02-21 15:00:00,LONG,1,6818.5,6826.0,15.0,12.8,0.586,entry,320.0
2018-02-22 09:40:00,2018-02-22 12:45:00,LONG,1,6810.5,6788.5,-44.0,51.66,-0.426,entry,185.0
2018-02-23 09:45:00,2018-02-23 09:50:00,SHORT,1,6806.5,6816.75,-20.5,6.12,-1.676,entry,5.0
2018-02-26 09:40:00,2018-02-26 15:55:00,LONG,1,6957.0,6992.25,70.5,29.48,1.196,entry,375.0
2018-02-27 09:50:00,2018-02-27 10:05:00,SHORT,1,6971.75,6992.5,-41.5,18.91,-1.097,entry,15.0
2018-02-28 09:40:00,2018-02-28 10:50:00,LONG,1,6933.25,6929.25,-8.0,7.87,-0.508,entry,70.0
2018-03-01 09:40:00,2018-03-01 10:25:00,SHORT,1,6819.5,6866.25,-93.5,42.89,-1.09,entry,45.0
2018-03-02 09:40:00,2018-03-02 10:30:00,SHORT,1,6649.25,6705.0,-111.5,60.24,-0.926,entry,50.0
2018-03-05 09:40:00,2018-03-05 10:35:00,SHORT,1,6777.25,6793.25,-32.0,13.54,-1.182,entry,55.0
2018-03-06 09:45:00,2018-03-06 10:45:00,LONG,1,6915.75,6912.5,-6.5,7.91,-0.411,entry,60.0
2018-03-07 09:40:00,2018-03-07 11:55:00,LONG,1,6887.0,6869.0,-36.0,35.14,-0.512,entry,135.0
2018-03-08 09:40:00,2018-03-08 10:00:00,LONG,1,6961.75,6948.0,-27.5,12.59,-1.092,entry,20.0
2018-03-09 09:40:00,2018-03-09 15:55:00,LONG,1,7035.75,7127.5,183.5,10.44,8.788,entry,375.0
2018-03-12 09:40:00,2018-03-12 10:50:00,LONG,1,7165.75,7155.75,-20.0,7.88,-1.269,entry,70.0
2018-03-13 09:40:00,2018-03-13 10:30:00,LONG,1,7208.25,7179.25,-58.0,21.72,-1.335,entry,50.0
2018-03-14 09:45:00,2018-03-14 10:00:00,SHORT,1,7077.5,7103.75,-52.5,11.66,-2.252,entry,15.0
2018-03-15 09:45:00,2018-03-15 10:00:00,SHORT,1,7040.25,7067.5,-54.5,18.23,-1.495,entry,15.0
2018-03-16 09:40:00,2018-03-16 10:05:00,LONG,1,7083.75,7067.25,-33.0,15.12,-1.092,entry,25.0
2018-03-19 09:40:00,2018-03-19 15:55:00,SHORT,1,6948.25,6885.75,125.0,25.12,2.488,entry,375.0
2018-03-20 09:40:00,2018-03-20 09:55:00,LONG,1,6911.25,6897.0,-28.5,12.43,-1.147,entry,15.0
2018-03-21 09:40:00,2018-03-21 09:50:00,SHORT,1,6888.25,6896.5,-16.5,6.96,-1.186,entry,10.0
2018-03-22 09:40:00,2018-03-22 10:10:00,SHORT,1,6796.75,6819.75,-46.0,19.29,-1.192,entry,30.0
2018-03-23 09:40:00,2018-03-23 11:25:00,LONG,1,6667.75,6671.75,8.0,6.97,0.574,entry,105.0
2018-03-26 09:40:00,2018-03-26 10:25:00,LONG,1,6664.5,6635.25,-58.5,29.07,-1.006,entry,45.0
2018-03-27 09:40:00,2018-03-27 11:40:00,SHORT,1,6787.25,6792.5,-10.5,24.99,-0.21,entry,120.0
2018-03-28 09:40:00,2018-03-28 09:55:00,SHORT,1,6474.0,6526.0,-104.0,47.7,-1.09,entry,15.0
2018-03-29 09:40:00,2018-03-29 10:20:00,SHORT,1,6485.5,6492.75,-14.5,18.24,-0.397,entry,40.0
2018-04-02 09:40:00,2018-04-02 15:55:00,SHORT,1,6535.25,6399.5,271.5,16.68,8.137,entry,375.0
2018-04-03 09:45:00,2018-04-03 09:50:00,LONG,1,6445.75,6430.5,-30.5,8.62,-1.769,entry,5.0
2018-04-04 09:40:00,2018-04-04 10:30:00,LONG,1,6389.0,6372.5,-33.0,17.97,-0.918,entry,50.0
2018-04-05 09:40:00,2018-04-05 09:55:00,SHORT,1,6614.5,6620.75,-12.5,8.49,-0.736,entry,15.0
2018-04-06 09:40:00,2018-04-06 10:40:00,LONG,1,6575.5,6540.0,-71.0,36.37,-0.976,entry,60.0
2018-04-09 09:45:00,2018-04-09 15:10:00,LONG,1,6517.25,6544.5,54.5,16.53,1.648,entry,325.0
2018-04-10 09:40:00,2018-04-10 10:10:00,SHORT,1,6554.0,6577.75,-47.5,20.66,-1.15,entry,30.0
2018-04-11 09:40:00,2018-04-11 14:05:00,LONG,1,6603.75,6612.5,17.5,14.16,0.618,entry,265.0
2018-04-12 09:40:00,2018-04-12 13:25:00,LONG,1,6660.5,6644.0,-33.0,32.84,-0.502,entry,225.0
2018-04-13 09:40:00,2018-04-13 09:55:00,LONG,1,6702.5,6679.25,-46.5,21.1,-1.102,entry,15.0
2018-04-16 09:40:00,2018-04-16 10:05:00,SHORT,1,6665.0,6671.25,-12.5,8.74,-0.715,entry,25.0
2018-04-17 09:40:00,2018-04-17 15:55:00,LONG,1,6765.5,6826.25,121.5,23.55,2.58,entry,375.0
2018-04-18 09:40:00,2018-04-18 10:40:00,SHORT,1,6820.0,6834.5,-29.0,16.85,-0.86,entry,60.0
2018-04-19 09:40:00,2018-04-19 10:15:00,SHORT,1,6793.5,6819.5,-52.0,31.06,-0.837,entry,35.0
2018-04-20 09:40:00,2018-04-20 15:55:00,SHORT,1,6733.0,6673.0,120.0,26.33,2.279,entry,375.0
2018-04-23 09:45:00,2018-04-23 10:20:00,SHORT,1,6676.5,6693.0,-33.0,12.05,-1.37,entry,35.0
2018-04-24 09:50:00,2018-04-24 15:55:00,SHORT,1,6654.25,6512.75,283.0,30.24,4.679,entry,365.0
2018-04-25 09:40:00,2018-04-25 10:30:00,SHORT,1,6460.5,6487.5,-54.0,41.03,-0.658,entry,50.0
2018-04-26 09:40:00,2018-04-26 09:45:00,LONG,1,6606.25,6591.25,-30.0,10.73,-1.397,entry,5.0
2018-04-27 09:40:00,2018-04-27 15:55:00,SHORT,1,6716.75,6661.75,110.0,23.44,2.346,entry,375.0
2018-04-30 09:50:00,2018-04-30 10:20:00,LONG,1,6703.0,6690.0,-26.0,12.28,-1.058,entry,30.0
2018-05-01 09:40:00,2018-05-01 09:50:00,SHORT,1,6581.5,6604.0,-45.0,20.15,-1.117,entry,10.0
2018-05-02 09:40:00,2018-05-02 10:00:00,SHORT,1,6683.75,6694.75,-22.0,12.69,-0.867,entry,20.0
2018-05-03 09:40:00,2018-05-03 09:50:00,SHORT,1,6595.5,6624.5,-58.0,22.72,-1.276,entry,10.0
2018-05-04 09:40:00,2018-05-04 15:55:00,LONG,1,6652.0,6772.75,241.5,10.61,11.385,entry,375.0
2018-05-07 09:40:00,2018-05-07 13:05:00,LONG,1,6835.5,6819.75,-31.5,21.39,-0.736,entry,205.0
2018-05-08 09:40:00,2018-05-08 10:30:00,SHORT,1,6798.75,6814.75,-32.0,15.2,-1.053,entry,50.0
2018-05-09 09:40:00,2018-05-09 09:50:00,LONG,1,6838.5,6830.75,-15.5,7.03,-1.102,entry,10.0
2018-05-10 09:40:00,2018-05-10 15:55:00,LONG,1,6925.0,6967.5,85.0,12.38,3.433,entry,375.0
2018-05-11 09:40:00,2018-05-11 09:55:00,SHORT,1,6947.75,6960.0,-24.5,12.6,-0.972,entry,15.0
2018-05-14 09:40:00,2018-05-14 11:40:00,LONG,1,6998.25,6989.75,-17.0,16.29,-0.522,entry,120.0
2018-05-15 09:40:00,2018-05-15 10:35:00,SHORT,1,6885.0,6904.5,-39.0,35.55,-0.549,entry,55.0
2018-05-16 09:45:00,2018-05-16 15:55:00,LONG,1,6912.25,6937.5,50.5,15.72,1.607,entry,370.0
2018-05-17 10:00:00,2018-05-17 12:40:00,LONG,1,6926.75,6923.75,-6.0,10.22,-0.294,entry,160.0
2018-05-18 09:40:00,2018-05-18 10:20:00,SHORT,1,6888.25,6891.75,-7.0,8.46,-0.414,entry,40.0
2018-05-21 09:40:00,2018-05-21 10:20:00,LONG,1,6955.0,6933.25,-43.5,22.79,-0.954,entry,40.0
2018-05-22 09:40:00,2018-05-22 09:50:00,LONG,1,6943.25,6937.0,-12.5,6.49,-0.963,entry,10.0
2018-05-23 09:40:00,2018-05-23 10:50:00,LONG,1,6871.0,6863.25,-15.5,11.13,-0.696,entry,70.0
2018-05-24 09:45:00,2018-05-24 11:55:00,SHORT,1,6929.75,6935.75,-12.0,21.61,-0.278,entry,130.0
2018-05-25 09:40:00,2018-05-25 09:45:00,SHORT,1,6948.25,6966.5,-36.5,15.83,-1.153,entry,5.0
2018-05-28 09:40:00,2018-05-28 10:20:00,SHORT,1,6978.25,6986.75,-17.0,8.84,-0.962,entry,40.0
2018-05-29 09:40:00,2018-05-29 11:00:00,LONG,1,6940.75,6942.5,3.5,6.24,0.281,entry,80.0
2018-05-30 09:45:00,2018-05-30 09:50:00,LONG,1,6962.5,6950.5,-24.0,5.83,-2.057,entry,5.0
2018-05-31 09:50:00,2018-05-31 10:05:00,LONG,1,6995.75,6987.5,-16.5,8.69,-0.95,entry,15.0
2018-06-01 09:40:00,2018-06-01 15:55:00,LONG,1,7027.75,7086.25,117.0,20.64,2.834,entry,375.0
2018-06-04 09:40:00,2018-06-04 10:05:00,LONG,1,7123.75,7107.5,-32.5,15.44,-1.053,entry,25.0
2018-06-05 09:40:00,2018-06-05 11:05:00,LONG,1,7165.0,7153.25,-23.5,6.68,-1.759,entry,85.0
2018-06-06 09:40:00,2018-06-06 11:10:00,SHORT,1,7179.5,7173.25,12.5,5.5,1.137,entry,90.0
2018-06-07 09:40:00,2018-06-07 15:55:00,SHORT,1,7203.0,7152.75,100.5,9.29,5.409,entry,375.0
2018-06-08 09:40:00,2018-06-08 10:25:00,LONG,1,7145.25,7142.25,-6.0,5.01,-0.599,entry,45.0
2018-06-11 09:40:00,2018-06-11 10:25:00,LONG,1,7192.0,7175.25,-33.5,17.64,-0.95,entry,45.0
2018-06-12 09:40:00,2018-06-12 09:55:00,LONG,1,7212.75,7201.25,-23.0,11.14,-1.033,entry,15.0
2018-06-13 09:40:00,2018-06-13 14:00:00,LONG,1,7250.25,7253.5,6.5,4.87,0.667,entry,260.0
2018-06-14 09:40:00,2018-06-14 15:55:00,LONG,1,7280.25,7310.25,60.0,29.08,1.032,entry,375.0
2018-06-15 09:40:00,2018-06-15 11:20:00,SHORT,1,7254.5,7276.5,-44.0,28.47,-0.773,entry,100.0
2018-06-18 09:50:00,2018-06-18 15:55:00,LONG,1,7240.75,7274.0,66.5,7.94,4.19,entry,365.0
2018-06-19 09:40:00,2018-06-19 09:50:00,LONG,1,7210.25,7198.25,-24.0,12.69,-0.946,entry,10.0
2018-06-20 09:40:00,2018-06-20 15:55:00,LONG,1,7298.5,7306.0,15.0,23.55,0.318,entry,375.0
2018-06-21 09:40:00,2018-06-21 15:55:00,SHORT,1,7306.25,7239.75,133.0,12.65,5.258,entry,375.0
2018-06-22 09:40:00,2018-06-22 11:40:00,SHORT,1,7227.75,7233.75,-12.0,21.18,-0.283,entry,120.0
2018-06-25 09:40:00,2018-06-25 15:55:00,SHORT,1,7131.75,7058.0,147.5,32.64,2.259,entry,375.0
2018-06-26 09:40:00,2018-06-26 10:25:00,LONG,1,7104.25,7083.75,-41.0,27.93,-0.734,entry,45.0
2018-06-27 09:40:00,2018-06-27 11:25:00,LONG,1,7116.75,7099.0,-35.5,32.68,-0.543,entry,105.0
2018-06-28 09:45:00,2018-06-28 09:50:00,SHORT,1,6976.0,7011.25,-70.5,22.16,-1.591,entry,5.0
2018-06-29 09:40:00,2018-06-29 11:50:00,LONG,1,7110.25,7092.0,-36.5,21.89,-0.834,entry,130.0
2018-07-02 09:40:00,2018-07-02 09:45:00,SHORT,1,7013.25,7029.25,-32.0,7.86,-2.034,entry,5.0
2018-07-03 09:40:00,2018-07-03 13:10:00,SHORT,1,7104.0,7023.0,162.0,25.49,3.178,entry,210.0
2018-07-04 09:45:00,2018-07-04 12:20:00,SHORT,1,7033.25,7038.0,-9.5,5.4,-0.88,entry,155.0
2018-07-05 09:40:00,2018-07-05 10:10:00,LONG,1,7096.75,7067.5,-58.5,30.23,-0.968,entry,30.0
2018-07-06 09:40:00,2018-07-06 15:55:00,LONG,1,7151.0,7228.5,155.0,21.57,3.594,entry,375.0
2018-07-09 09:40:00,2018-07-09 09:50:00,LONG,1,7277.25,7258.0,-38.5,13.02,-1.478,entry,10.0
2018-07-10 09:40:00,2018-07-10 10:30:00,SHORT,1,7302.75,7306.0,-6.5,7.64,-0.425,entry,50.0
2018-07-11 09:40:00,2018-07-11 11:30:00,LONG,1,7259.0,7254.25,-9.5,16.6,-0.286,entry,110.0
2018-07-12 09:40:00,2018-07-12 15:55:00,LONG,1,7304.25,7384.75,161.0,15.96,5.044,entry,375.0
2018-07-13 09:40:00,2018-07-13 10:05:00,SHORT,1,7386.25,7391.25,-10.0,7.54,-0.663,entry,25.0
2018-07-16 09:45:00,2018-07-16 10:00:00,SHORT,1,7395.5,7402.75,-14.5,4.54,-1.598,entry,15.0
2018-07-17 09:40:00,2018-07-17 15:55:00,LONG,1,7330.5,7421.5,182.0,15.38,5.916,entry,375.0
2018-07-18 09:40:00,2018-07-18 11:15:00,SHORT,1,7406.5,7408.5,-4.0,11.74,-0.17,entry,95.0
2018-07-19 09:45:00,2018-07-19 11:05:00,SHORT,1,7383.75,7385.25,-3.0,7.01,-0.214,entry,80.0
2018-07-20 09:40:00,2018-07-20 12:05:00,LONG,1,7386.5,7385.0,-3.0,5.36,-0.28,entry,145.0
2018-07-23 09:40:00,2018-07-23 10:00:00,SHORT,1,7329.5,7343.25,-27.5,8.67,-1.587,entry,20.0
2018-07-24 09:40:00,2018-07-24 11:00:00,LONG,1,7478.0,7449.75,-56.5,23.87,-1.183,entry,80.0
2018-07-25 09:40:00,2018-07-25 10:05:00,LONG,1,7433.25,7420.75,-25.0,13.04,-0.958,entry,25.0
2018-07-26 09:40:00,2018-07-26 09:45:00,LONG,1,7425.75,7412.5,-26.5,9.28,-1.427,entry,5.0
2018-07-27 09:40:00,2018-07-27 15:55:00,SHORT,1,7427.0,7305.0,244.0,14.39,8.48,entry,375.0
2018-07-30 09:40:00,2018-07-30 15:55:00,SHORT,1,7227.0,7202.5,49.0,48.5,0.505,entry,375.0
2018-07-31 09:40:00,2018-07-31 09:55:00,LONG,1,7246.75,7224.75,-44.0,17.43,-1.262,entry,15.0
2018-08-01 09:40:00,2018-08-01 11:30:00,LONG,1,7279.5,7269.25,-20.5,11.39,-0.9,entry,110.0
2018-08-02 09:40:00,2018-08-02 15:55:00,LONG,1,7252.5,7380.0,255.0,9.22,13.825,entry,375.0
2018-08-03 09:40:00,2018-08-03 10:00:00,SHORT,1,7379.5,7393.5,-28.0,9.39,-1.491,entry,20.0
2018-08-06 09:40:00,2018-08-06 09:50:00,SHORT,1,7393.75,7408.75,-30.0,10.06,-1.49,entry,10.0
2018-08-07 09:45:00,2018-08-07 09:50:00,SHORT,1,7454.75,7467.5,-25.5,12.52,-1.018,entry,5.0
2018-08-08 09:40:00,2018-08-08 09:45:00,SHORT,1,7457.5,7470.25,-25.5,6.17,-2.066,entry,5.0
2018-08-09 09:40:00,2018-08-09 11:45:00,LONG,1,7480.75,7483.5,5.5,5.62,0.489,entry,125.0
2018-08-10 09:40:00,2018-08-10 09:45:00,LONG,1,7445.25,7437.25,-16.0,7.76,-1.031,entry,5.0
2018-08-13 09:40:00,2018-08-13 11:25:00,LONG,1,7444.5,7433.0,-23.0,26.98,-0.426,entry,105.0
2018-08-14 09:40:00,2018-08-14 10:30:00,SHORT,1,7430.5,7431.25,-1.5,10.08,-0.074,entry,50.0
2018-08-15 09:40:00,2018-08-15 15:30:00,SHORT,1,7406.75,7371.75,70.0,6.69,5.231,entry,350.0
2018-08-16 09:40:00,2018-08-16 10:05:00,SHORT,1,7403.75,7411.25,-15.0,4.42,-1.696,entry,25.0
2018-08-17 09:45:00,2018-08-17 11:30:00,SHORT,1,7366.0,7358.25,15.5,6.49,1.193,entry,105.0
2018-08-20 09:40:00,2018-08-20 12:25:00,SHORT,1,7381.75,7378.5,6.5,18.87,0.172,entry,165.0
2018-08-21 09:40:00,2018-08-21 14:45:00,LONG,1,7411.5,7416.0,9.0,11.71,0.384,entry,305.0
2018-08-22 09:40:00,2018-08-22 15:55:00,LONG,1,7403.5,7435.5,64.0,15.19,2.106,entry,375.0
2018-08-23 09:40:00,2018-08-23 11:05:00,LONG,1,7453.0,7447.25,-11.5,18.9,-0.304,entry,85.0
2018-08-24 09:40:00,2018-08-24 15:55:00,LONG,1,7456.25,7493.0,73.5,9.91,3.708,entry,375.0
2018-08-27 09:45:00,2018-08-27 15:55:00,LONG,1,7532.75,7567.75,70.0,5.94,5.894,entry,370.0
2018-08-28 10:20:00,2018-08-28 11:20:00,SHORT,1,7576.75,7584.25,-15.0,7.68,-0.977,entry,60.0
2018-08-29 09:40:00,2018-08-29 15:55:00,LONG,1,7610.25,7667.25,114.0,14.26,3.996,entry,375.0
2018-08-30 09:40:00,2018-08-30 10:05:00,SHORT,1,7651.25,7656.0,-9.5,4.14,-1.148,entry,25.0
2018-08-31 09:40:00,2018-08-31 11:25:00,LONG,1,7661.25,7658.5,-5.5,11.66,-0.236,entry,105.0
2018-09-03 09:55:00,2018-09-03 12:55:00,LONG,1,7675.0,7681.25,12.5,4.27,1.464,entry,180.0
2018-09-04 09:40:00,2018-09-04 10:45:00,SHORT,1,7591.25,7642.25,-102.0,50.94,-1.001,entry,65.0
2018-09-05 09:40:00,2018-09-05 12:30:00,SHORT,1,7601.25,7559.75,83.0,10.46,3.968,entry,170.0
2018-09-06 09:40:00,2018-09-06 09:45:00,SHORT,1,7503.25,7525.25,-44.0,19.78,-1.112,entry,5.0
2018-09-07 09:45:00,2018-09-07 12:05:00,LONG,1,7440.75,7432.5,-16.5,11.29,-0.731,entry,140.0
2018-09-10 09:40:00,2018-09-10 11:10:00,SHORT,1,7448.0,7447.0,2.0,11.64,0.086,entry,90.0
2018-09-11 09:45:00,2018-09-11 15:55:00,LONG,1,7454.25,7511.75,115.0,12.56,4.58,entry,370.0
2018-09-12 09:40:00,2018-09-12 11:15:00,SHORT,1,7500.75,7478.5,44.5,6.4,3.476,entry,95.0
2018-09-13 09:40:00,2018-09-13 15:55:00,LONG,1,7572.5,7563.75,-17.5,49.44,-0.177,entry,375.0
2018-09-14 09:45:00,2018-09-14 10:30:00,SHORT,1,7598.75,7611.0,-24.5,6.18,-1.983,entry,45.0
2018-09-17 09:40:00,2018-09-17 15:55:00,SHORT,1,7530.5,7465.25,130.5,19.87,3.283,entry,375.0
2018-09-18 09:40:00,2018-09-18 15:55:00,LONG,1,7513.75,7527.0,26.5,34.12,0.388,entry,375.0
2018-09-19 09:40:00,2018-09-19 11:05:00,SHORT,1,7507.5,7508.0,-1.0,15.09,-0.033,entry,85.0
2018-09-20 09:40:00,2018-09-20 15:55:00,LONG,1,7581.5,7601.0,39.0,26.78,0.728,entry,375.0
2018-09-21 09:40:00,2018-09-21 09:50:00,LONG,1,7626.0,7613.5,-25.0,4.73,-2.644,entry,10.0
2018-09-24 09:40:00,2018-09-24 15:55:00,LONG,1,7513.0,7579.25,132.5,6.06,10.934,entry,375.0
2018-09-25 09:40:00,2018-09-25 10:40:00,SHORT,1,7571.75,7577.0,-10.5,7.4,-0.71,entry,60.0
2018-09-26 10:00:00,2018-09-26 10:10:00,LONG,1,7619.0,7604.0,-30.0,7.52,-1.995,entry,10.0
2018-09-27 09:40:00,2018-09-27 15:55:00,LONG,1,7649.0,7659.5,21.0,33.26,0.316,entry,375.0
2018-09-28 09:40:00,2018-09-28 10:00:00,SHORT,1,7639.25,7644.25,-10.0,6.03,-0.829,entry,20.0
2018-10-01 09:40:00,2018-10-01 11:55:00,LONG,1,7718.0,7708.25,-19.5,11.95,-0.816,entry,135.0
2018-10-02 09:45:00,2018-10-02 14:40:00,LONG,1,7668.75,7668.5,-0.5,14.38,-0.017,entry,295.0
2018-10-03 09:40:00,2018-10-03 10:50:00,LONG,1,7684.5,7678.25,-12.5,7.94,-0.787,entry,70.0
2018-10-04 09:40:00,2018-10-04 15:55:00,SHORT,1,7583.5,7514.0,139.0,31.28,2.222,entry,375.0
2018-10-05 09:40:00,2018-10-05 09:45:00,LONG,1,7523.5,7504.0,-39.0,18.3,-1.065,entry,5.0
2018-10-08 09:45:00,2018-10-08 09:50:00,SHORT,1,7397.25,7419.0,-43.5,6.71,-3.241,entry,5.0
2018-10-09 09:40:00,2018-10-09 12:40:00,LONG,1,7403.25,7392.75,-21.0,25.03,-0.42,entry,180.0
2018-10-10 09:40:00,2018-10-10 15:55:00,SHORT,1,7307.5,7071.5,472.0,49.41,4.776,entry,375.0
2018-10-11 09:40:00,2018-10-11 10:45:00,LONG,1,7016.0,7031.0,30.0,9.65,1.555,entry,65.0
2018-10-12 09:40:00,2018-10-12 09:45:00,SHORT,1,7121.25,7138.0,-33.5,7.73,-2.166,entry,5.0
2018-10-15 09:40:00,2018-10-15 11:05:00,SHORT,1,7120.25,7132.0,-23.5,13.2,-0.89,entry,85.0
2018-10-16 09:40:00,2018-10-16 15:55:00,LONG,1,7176.5,7291.0,229.0,44.13,2.595,entry,375.0
2018-10-17 09:40:00,2018-10-17 11:40:00,SHORT,1,7289.75,7287.75,4.0,30.26,0.066,entry,120.0
2018-10-18 09:40:00,2018-10-18 15:55:00,SHORT,1,7244.5,7131.75,225.5,24.11,4.676,entry,375.0
2018-10-19 09:40:00,2018-10-19 11:20:00,LONG,1,7220.75,7190.75,-60.0,42.62,-0.704,entry,100.0
2018-10-22 09:45:00,2018-10-22 09:50:00,LONG,1,7151.75,7123.25,-57.0,14.71,-1.938,entry,5.0
2018-10-23 09:40:00,2018-10-23 11:25:00,SHORT,1,7022.25,7023.5,-2.5,29.91,-0.042,entry,105.0
2018-10-24 09:40:00,2018-10-24 15:55:00,SHORT,1,7104.0,6798.25,611.5,7.96,38.431,entry,375.0
2018-10-25 09:40:00,2018-10-25 15:55:00,LONG,1,6914.75,7030.5,231.5,15.8,7.324,entry,375.0
2018-10-26 09:40:00,2018-10-26 10:00:00,LONG,1,6871.25,6820.25,-102.0,51.85,-0.984,entry,20.0
2018-10-29 10:00:00,2018-10-29 10:35:00,LONG,1,6977.5,6930.0,-95.0,35.09,-1.354,entry,35.0
2018-10-30 09:40:00,2018-10-30 09:50:00,SHORT,1,6724.75,6778.25,-107.0,10.75,-4.978,entry,10.0
2018-10-31 09:40:00,2018-10-31 12:00:00,LONG,1,6966.5,6940.0,-53.0,73.88,-0.359,entry,140.0
2018-11-01 09:45:00,2018-11-01 09:50:00,SHORT,1,6954.75,6987.25,-65.0,32.82,-0.99,entry,5.0
2018-11-02 09:40:00,2018-11-02 09:50:00,LONG,1,7089.5,7063.0,-53.0,21.37,-1.24,entry,10.0
2018-11-05 09:40:00,2018-11-05 14:10:00,SHORT,1,6903.5,6916.75,-26.5,53.31,-0.249,entry,270.0
2018-11-06 09:40:00,2018-11-06 11:00:00,LONG,1,7011.25,6967.25,-88.0,55.85,-0.788,entry,80.0
2018-11-07 09:40:00,2018-11-07 15:55:00,LONG,1,7087.5,7210.25,245.5,23.76,5.165,entry,375.0
2018-11-08 09:40:00,2018-11-08 09:50:00,SHORT,1,7163.75,7188.5,-49.5,21.29,-1.162,entry,10.0
2018-11-09 09:40:00,2018-11-09 15:40:00,SHORT,1,7078.0,7064.5,27.0,34.72,0.389,entry,360.0
2018-11-12 09:40:00,2018-11-12 15:55:00,SHORT,1,6940.25,6838.25,204.0,71.59,1.425,entry,375.0
2018-11-13 09:45:00,2018-11-13 09:55:00,LONG,1,6891.0,6861.5,-59.0,14.16,-2.084,entry,10.0
2018-11-14 09:40:00,2018-11-14 10:10:00,LONG,1,6917.5,6859.5,-116.0,57.01,-1.017,entry,30.0
2018-11-15 09:40:00,2018-11-15 09:50:00,LONG,1,6807.5,6777.5,-60.0,21.27,-1.41,entry,10.0
2018-11-16 09:40:00,2018-11-16 09:45:00,SHORT,1,6823.75,6857.5,-67.5,19.14,-1.763,entry,5.0
2018-11-19 09:40:00,2018-11-19 15:55:00,SHORT,1,6819.5,6652.75,333.5,46.58,3.58,entry,375.0
2018-11-20 09:40:00,2018-11-20 10:35:00,SHORT,1,6549.75,6568.25,-37.0,20.0,-0.925,entry,55.0
2018-11-21 09:40:00,2018-11-21 10:10:00,LONG,1,6609.25,6594.25,-30.0,17.48,-0.858,entry,30.0
2018-11-22 09:40:00,2018-11-22 12:55:00,SHORT,1,6550.0,6521.0,58.0,10.29,2.818,entry,195.0
2018-11-23 09:40:00,2018-11-23 11:50:00,LONG,1,6576.5,6554.5,-44.0,31.16,-0.706,entry,130.0
2018-11-26 09:40:00,2018-11-26 11:35:00,LONG,1,6626.25,6622.75,-7.0,15.08,-0.232,entry,115.0
2018-11-27 09:40:00,2018-11-27 09:50:00,SHORT,1,6637.5,6657.0,-39.0,9.28,-2.102,entry,10.0
2018-11-28 10:00:00,2018-11-28 10:10:00,LONG,1,6752.75,6738.25,-29.0,11.01,-1.317,entry,10.0
2018-11-29 09:45:00,2018-11-29 09:50:00,SHORT,1,6880.25,6897.5,-34.5,11.16,-1.546,entry,5.0
2018-11-30 09:40:00,2018-11-30 09:45:00,SHORT,1,6887.5,6896.5,-18.0,7.97,-1.129,entry,5.0
2018-12-03 09:40:00,2018-12-03 10:20:00,SHORT,1,7074.25,7091.75,-35.0,22.01,-0.795,entry,40.0
2018-12-04 09:50:00,2018-12-04 09:55:00,SHORT,1,7015.75,7027.5,-23.5,8.73,-1.346,entry,5.0
2018-12-06 09:40:00,2018-12-06 09:45:00,LONG,1,6718.25,6693.75,-49.0,25.19,-0.973,entry,5.0
2018-12-07 09:40:00,2018-12-07 10:05:00,LONG,1,6835.75,6808.0,-55.5,21.37,-1.298,entry,25.0
2018-12-10 09:40:00,2018-12-10 09:50:00,LONG,1,6667.75,6597.0,-141.5,57.13,-1.238,entry,10.0
2018-12-11 09:40:00,2018-12-11 10:45:00,LONG,1,6787.5,6753.5,-68.0,42.39,-0.802,entry,65.0
2018-12-12 09:40:00,2018-12-12 14:25:00,LONG,1,6802.0,6799.5,-5.0,25.72,-0.097,entry,285.0
2018-12-13 09:50:00,2018-12-13 10:00:00,SHORT,1,6783.5,6817.25,-67.5,17.91,-1.885,entry,10.0
2018-12-14 09:40:00,2018-12-14 09:50:00,SHORT,1,6697.5,6711.25,-27.5,12.82,-1.073,entry,10.0
2018-12-17 09:40:00,2018-12-17 10:10:00,SHORT,1,6543.5,6589.25,-91.5,59.45,-0.77,entry,30.0
2018-12-18 09:40:00,2018-12-18 10:00:00,LONG,1,6538.75,6520.5,-36.5,20.22,-0.902,entry,20.0
2018-12-19 09:40:00,2018-12-19 13:05:00,LONG,1,6539.25,6550.25,22.0,20.91,0.526,entry,205.0
2018-12-20 09:45:00,2018-12-20 09:55:00,SHORT,1,6334.5,6374.75,-80.5,13.29,-3.029,entry,10.0
2018-12-21 09:40:00,2018-12-21 10:10:00,SHORT,1,6286.5,6295.25,-17.5,13.98,-0.626,entry,30.0
2018-12-24 09:40:00,2018-12-24 10:35:00,SHORT,1,5996.75,6051.5,-109.5,58.52,-0.936,entry,55.0
2018-12-26 09:40:00,2018-12-26 10:50:00,LONG,1,6019.25,5939.0,-160.5,88.91,-0.903,entry,70.0
2018-12-27 09:40:00,2018-12-27 15:10:00,SHORT,1,6192.25,6175.25,34.0,15.89,1.07,entry,330.0
2018-12-28 10:00:00,2018-12-28 11:35:00,SHORT,1,6302.75,6321.75,-38.0,19.85,-0.957,entry,95.0
2018-12-31 09:50:00,2018-12-31 12:30:00,SHORT,1,6338.25,6332.25,12.0,15.55,0.386,entry,160.0
2019-01-02 09:45:00,2019-01-02 15:55:00,LONG,1,6257.5,6373.25,231.5,19.59,5.909,entry,370.0
2019-01-03 09:40:00,2019-01-03 10:00:00,LONG,1,6277.0,6228.75,-96.5,35.8,-1.348,entry,20.0
2019-01-04 09:40:00,2019-01-04 15:55:00,LONG,1,6288.75,6435.5,293.5,51.91,2.827,entry,375.0
2019-01-07 09:50:00,2019-01-07 09:55:00,SHORT,1,6425.5,6443.75,-36.5,16.76,-1.089,entry,5.0
2019-01-08 09:40:00,2019-01-08 09:55:00,LONG,1,6578.5,6541.75,-73.5,33.42,-1.1,entry,15.0
2019-01-09 09:50:00,2019-01-09 10:10:00,LONG,1,6610.0,6588.5,-43.0,22.04,-0.976,entry,20.0
2019-01-10 09:40:00,2019-01-10 10:20:00,SHORT,1,6547.25,6574.75,-55.0,16.63,-1.653,entry,40.0
2019-01-11 09:40:00,2019-01-11 10:05:00,SHORT,1,6579.75,6604.0,-48.5,25.7,-0.943,entry,25.0
2019-01-14 09:45:00,2019-01-14 10:10:00,SHORT,1,6536.5,6546.0,-19.0,8.67,-1.095,entry,25.0
2019-01-15 09:40:00,2019-01-15 15:55:00,LONG,1,6632.75,6681.75,98.0,43.32,1.131,entry,375.0
2019-01-16 09:40:00,2019-01-16 10:35:00,LONG,1,6713.0,6689.5,-47.0,24.07,-0.976,entry,55.0
2019-01-17 09:40:00,2019-01-17 15:55:00,LONG,1,6667.75,6730.25,125.0,17.76,3.519,entry,375.0
2019-01-18 10:15:00,2019-01-18 14:30:00,LONG,1,6764.75,6777.25,25.0,11.91,1.049,entry,255.0
2019-01-21 09:40:00,2019-01-21 12:55:00,SHORT,1,6744.5,6761.5,-34.0,21.13,-0.805,entry,195.0
2019-01-22 09:45:00,2019-01-22 15:55:00,SHORT,1,6724.75,6665.75,118.0,14.72,4.009,entry,370.0
2019-01-23 09:40:00,2019-01-23 10:25:00,LONG,1,6701.5,6685.25,-32.5,22.18,-0.733,entry,45.0
2019-01-24 09:45:00,2019-01-24 10:00:00,LONG,1,6699.25,6683.75,-31.0,14.39,-1.077,entry,15.0
2019-01-25 09:40:00,2019-01-25 15:55:00,LONG,1,6746.0,6793.25,94.5,10.15,4.656,entry,375.0
2019-01-28 09:40:00,2019-01-28 14:45:00,SHORT,1,6679.25,6695.0,-31.5,48.79,-0.323,entry,305.0
2019-01-29 09:40:00,2019-01-29 09:45:00,SHORT,1,6681.25,6693.75,-25.0,8.26,-1.513,entry,5.0
2019-01-30 09:40:00,2019-01-30 10:00:00,LONG,1,6720.5,6698.5,-44.0,20.91,-1.052,entry,20.0
2019-01-31 09:50:00,2019-01-31 15:10:00,LONG,1,6875.5,6884.5,18.0,15.63,0.576,entry,320.0
2019-02-01 09:40:00,2019-02-01 09:45:00,LONG,1,6905.75,6886.25,-39.0,16.72,-1.166,entry,5.0
2019-02-04 09:45:00,2019-02-04 15:55:00,LONG,1,6904.25,6963.0,117.5,21.12,2.782,entry,370.0
2019-02-05 09:40:00,2019-02-05 12:50:00,LONG,1,7011.5,6992.25,-38.5,42.44,-0.454,entry,190.0
2019-02-06 09:45:00,2019-02-06 10:00:00,LONG,1,7032.0,7005.75,-52.5,14.1,-1.862,entry,15.0
2019-02-07 09:40:00,2019-02-07 10:20:00,SHORT,1,6917.25,6946.0,-57.5,32.87,-0.875,entry,40.0
2019-02-08 09:50:00,2019-02-08 10:05:00,SHORT,1,6851.75,6862.75,-22.0,12.28,-0.896,entry,15.0
2019-02-11 09:45:00,2019-02-11 10:05:00,SHORT,1,6930.25,6937.5,-14.5,8.28,-0.875,entry,20.0
2019-02-12 09:40:00,2019-02-12 15:55:00,LONG,1,6981.5,7018.75,74.5,19.7,1.891,entry,375.0
2019-02-13 09:40:00,2019-02-13 10:05:00,LONG,1,7058.0,7043.5,-29.0,7.78,-1.863,entry,25.0
2019-02-14 09:40:00,2019-02-14 10:00:00,SHORT,1,6990.5,7013.0,-45.0,23.36,-0.963,entry,20.0
2019-02-15 09:40:00,2019-02-15 11:10:00,LONG,1,7053.0,7042.75,-20.5,17.03,-0.602,entry,90.0
2019-02-18 09:50:00,2019-02-18 12:55:00,LONG,1,7071.75,7080.75,18.0,5.74,1.567,entry,185.0
2019-02-19 09:45:00,2019-02-19 15:55:00,LONG,1,7064.0,7072.25,16.5,5.36,1.538,entry,370.0
2019-02-20 09:40:00,2019-02-20 12:05:00,LONG,1,7084.75,7077.25,-15.0,9.88,-0.759,entry,145.0
2019-02-21 09:40:00,2019-02-21 11:50:00,SHORT,1,7035.5,7046.0,-21.0,35.06,-0.3,entry,130.0
2019-02-22 09:40:00,2019-02-22 14:35:00,LONG,1,7061.75,7069.0,14.5,7.94,0.913,entry,295.0
2019-02-25 09:40:00,2019-02-25 12:15:00,LONG,1,7163.25,7146.5,-33.5,28.14,-0.595,entry,155.0
2019-02-26 09:40:00,2019-02-26 10:55:00,LONG,1,7115.75,7106.25,-19.0,17.32,-0.549,entry,75.0
2019-02-27 09:40:00,2019-02-27 09:50:00,LONG,1,7112.75,7099.25,-27.0,7.43,-1.817,entry,10.0
2019-02-28 09:40:00,2019-02-28 10:00:00,LONG,1,7114.75,7100.75,-28.0,14.05,-0.997,entry,20.0
2019-03-01 09:40:00,2019-03-01 10:10:00,LONG,1,7153.25,7140.25,-26.0,7.62,-1.707,entry,30.0
2019-03-04 09:40:00,2019-03-04 10:05:00,LONG,1,7210.75,7195.75,-30.0,13.67,-1.097,entry,25.0
2019-03-05 09:45:00,2019-03-05 10:00:00,SHORT,1,7132.0,7151.5,-39.0,16.79,-1.162,entry,15.0
2019-03-06 09:40:00,2019-03-06 09:45:00,LONG,1,7161.0,7150.0,-22.0,4.31,-2.555,entry,5.0
2019-03-07 09:40:00,2019-03-07 11:30:00,SHORT,1,7068.75,7066.75,4.0,26.19,0.076,entry,110.0
2019-03-08 09:40:00,2019-03-08 10:25:00,SHORT,1,6980.75,7000.25,-39.0,19.3,-1.01,entry,45.0
2019-03-11 09:40:00,2019-03-11 15:55:00,LONG,1,7108.75,7192.5,167.5,35.21,2.379,entry,375.0
2019-03-12 09:40:00,2019-03-12 09:50:00,SHORT,1,7198.5,7214.5,-32.0,9.61,-1.664,entry,10.0
2019-03-13 09:40:00,2019-03-13 15:55:00,LONG,1,7270.75,7286.25,31.0,23.75,0.653,entry,375.0
2019-03-14 09:40:00,2019-03-14 11:40:00,SHORT,1,7272.75,7288.25,-31.0,19.79,-0.783,entry,120.0
2019-03-15 09:40:00,2019-03-15 15:55:00,LONG,1,7315.75,7336.25,41.0,17.36,1.181,entry,375.0
2019-03-18 09:40:00,2019-03-18 11:15:00,LONG,1,7350.5,7355.0,9.0,4.71,0.955,entry,95.0
2019-03-19 09:50:00,2019-03-19 10:25:00,LONG,1,7389.25,7380.0,-18.5,7.21,-1.283,entry,35.0
2019-03-20 09:55:00,2019-03-20 10:00:00,SHORT,1,7366.25,7374.5,-16.5,6.87,-1.201,entry,5.0
2019-03-21 09:40:00,2019-03-21 15:55:00,LONG,1,7424.5,7526.75,204.5,17.26,5.924,entry,375.0
2019-03-22 09:40:00,2019-03-22 15:55:00,SHORT,1,7498.75,7358.25,281.0,11.72,11.985,entry,375.0
2019-03-25 09:45:00,2019-03-25 10:45:00,SHORT,1,7306.75,7330.5,-47.5,25.72,-0.924,entry,60.0
2019-03-26 09:40:00,2019-03-26 11:45:00,LONG,1,7421.5,7401.5,-40.0,33.01,-0.606,entry,125.0
2019-03-27 09:40:00,2019-03-27 09:50:00,SHORT,1,7376.75,7385.0,-16.5,6.62,-1.247,entry,10.0
2019-03-28 09:40:00,2019-03-28 11:00:00,LONG,1,7344.0,7329.25,-29.5,17.13,-0.861,entry,80.0
2019-03-29 09:40:00,2019-03-29 09:45:00,LONG,1,7386.75,7376.0,-21.5,6.87,-1.564,entry,5.0
2019-04-01 09:40:00,2019-04-01 10:00:00,SHORT,1,7465.75,7470.25,-9.0,5.37,-0.838,entry,20.0
2019-04-02 10:00:00,2019-04-02 10:05:00,SHORT,1,7490.25,7500.25,-20.0,7.46,-1.341,entry,5.0
2019-04-03 09:40:00,2019-04-03 10:00:00,LONG,1,7566.5,7558.5,-16.0,7.25,-1.104,entry,20.0
2019-04-04 09:40:00,2019-04-04 10:15:00,LONG,1,7587.5,7571.5,-32.0,11.9,-1.344,entry,35.0
2019-04-05 09:40:00,2019-04-05 15:55:00,LONG,1,7589.75,7604.0,28.5,8.46,1.684,entry,375.0
2019-04-08 09:40:00,2019-04-08 10:30:00,SHORT,1,7564.5,7592.25,-55.5,24.75,-1.121,entry,50.0
2019-04-09 09:45:00,2019-04-09 09:50:00,SHORT,1,7597.5,7606.5,-18.0,8.74,-1.03,entry,5.0
2019-04-10 09:40:00,2019-04-10 14:20:00,LONG,1,7613.5,7606.5,-14.0,12.41,-0.564,entry,280.0
2019-04-11 09:40:00,2019-04-11 11:20:00,SHORT,1,7630.75,7634.5,-7.5,9.97,-0.376,entry,100.0
2019-04-12 09:50:00,2019-04-12 10:10:00,LONG,1,7647.0,7640.75,-12.5,5.68,-1.101,entry,20.0
2019-04-15 09:40:00,2019-04-15 09:45:00,LONG,1,7654.0,7647.5,-13.0,3.98,-1.635,entry,5.0
2019-04-16 09:40:00,2019-04-16 10:40:00,LONG,1,7679.0,7676.0,-6.0,8.16,-0.367,entry,60.0
2019-04-17 09:40:00,2019-04-17 09:55:00,LONG,1,7717.75,7699.0,-37.5,9.62,-1.95,entry,15.0
2019-04-18 09:40:00,2019-04-18 09:55:00,LONG,1,7700.75,7684.5,-32.5,9.81,-1.656,entry,15.0
2019-04-22 09:40:00,2019-04-22 09:45:00,SHORT,1,7687.0,7691.0,-8.0,3.58,-1.118,entry,5.0
2019-04-23 09:40:00,2019-04-23 15:55:00,LONG,1,7773.25,7828.75,111.0,28.67,1.936,entry,375.0
2019-04-24 09:40:00,2019-04-24 10:10:00,SHORT,1,7824.0,7831.75,-15.5,7.99,-0.969,entry,30.0
2019-04-25 09:40:00,2019-04-25 09:50:00,SHORT,1,7842.25,7856.75,-29.0,14.53,-0.998,entry,10.0
2019-04-26 09:40:00,2019-04-26 10:30:00,SHORT,1,7784.5,7797.75,-26.5,19.28,-0.687,entry,50.0
2019-04-29 09:50:00,2019-04-29 10:10:00,SHORT,1,7835.0,7843.0,-16.0,7.21,-1.11,entry,20.0
2019-04-30 09:40:00,2019-04-30 09:50:00,LONG,1,7801.5,7794.5,-14.0,5.68,-1.232,entry,10.0
2019-05-01 09:40:00,2019-05-01 10:05:00,SHORT,1,7839.5,7847.5,-16.0,7.5,-1.066,entry,25.0
2019-05-02 09:40:00,2019-05-02 10:50:00,LONG,1,7775.25,7773.75,-3.0,6.99,-0.215,entry,70.0
2019-05-03 09:40:00,2019-05-03 15:55:00,LONG,1,7789.25,7857.0,135.5,10.0,6.772,entry,375.0
2019-05-06 09:40:00,2019-05-06 15:55:00,LONG,1,7744.0,7808.5,129.0,35.61,1.812,entry,375.0
2019-05-07 09:40:00,2019-05-07 15:55:00,SHORT,1,7735.25,7654.25,162.0,11.42,7.095,entry,375.0
2019-05-08 09:45:00,2019-05-08 09:50:00,LONG,1,7648.25,7635.75,-25.0,8.33,-1.5,entry,5.0
2019-05-09 09:40:00,2019-05-09 12:25:00,SHORT,1,7530.0,7553.5,-47.0,45.32,-0.519,entry,165.0
2019-05-10 09:50:00,2019-05-10 12:50:00,SHORT,1,7558.25,7530.0,56.5,21.45,1.317,entry,180.0
2019-05-13 09:40:00,2019-05-13 15:55:00,SHORT,1,7430.5,7334.5,192.0,32.93,2.915,entry,375.0
2019-05-14 09:40:00,2019-05-14 09:45:00,LONG,1,7391.75,7353.5,-76.5,26.0,-1.471,entry,5.0
2019-05-15 09:40:00,2019-05-15 09:50:00,SHORT,1,7390.0,7403.25,-26.5,12.9,-1.027,entry,10.0
2019-05-16 09:40:00,2019-05-16 15:55:00,LONG,1,7558.25,7592.5,68.5,34.92,0.981,entry,375.0
2019-05-17 09:45:00,2019-05-17 09:50:00,LONG,1,7564.5,7538.0,-53.0,12.35,-2.145,entry,5.0
2019-05-20 09:40:00,2019-05-20 12:10:00,SHORT,1,7376.0,7430.75,-109.5,73.67,-0.743,entry,150.0
2019-05-21 09:40:00,2019-05-21 10:05:00,LONG,1,7452.75,7436.0,-33.5,12.85,-1.303,entry,25.0
2019-05-22 09:50:00,2019-05-22 10:35:00,LONG,1,7450.5,7440.0,-21.0,13.93,-0.754,entry,45.0
2019-05-23 09:40:00,2019-05-23 10:50:00,SHORT,1,7320.25,7343.25,-46.0,31.86,-0.722,entry,70.0
2019-05-24 09:40:00,2019-05-24 10:25:00,LONG,1,7375.75,7341.5,-68.5,26.53,-1.291,entry,45.0
2019-05-28 09:40:00,2019-05-28 10:15:00,LONG,1,7361.75,7331.5,-60.5,31.73,-0.953,entry,35.0
2019-05-29 09:40:00,2019-05-29 10:10:00,SHORT,1,7233.75,7244.0,-20.5,6.01,-1.705,entry,30.0
2019-05-30 09:40:00,2019-05-30 10:50:00,LONG,1,7257.75,7243.75,-28.0,16.87,-0.83,entry,70.0
2019-05-31 09:40:00,2019-05-31 10:30:00,SHORT,1,7145.0,7167.0,-44.0,26.76,-0.822,entry,50.0
2019-06-03 09:40:00,2019-06-03 09:45:00,LONG,1,7104.25,7073.25,-62.0,6.0,-5.164,entry,5.0
2019-06-04 09:40:00,2019-06-04 15:55:00,LONG,1,7039.5,7171.5,264.0,10.54,12.528,entry,375.0
2019-06-05 09:40:00,2019-06-05 11:25:00,SHORT,1,7205.75,7205.75,-0.0,10.78,-0.0,entry,105.0
2019-06-06 09:40:00,2019-06-06 10:40:00,SHORT,1,7227.5,7232.5,-10.0,6.98,-0.716,entry,60.0
2019-06-07 09:40:00,2019-06-07 15:55:00,LONG,1,7352.5,7421.25,137.5,39.6,1.736,entry,375.0
2019-06-10 09:40:00,2019-06-10 14:10:00,LONG,1,7510.75,7512.5,3.5,42.37,0.041,entry,270.0
2019-06-11 09:50:00,2019-06-11 10:10:00,LONG,1,7574.75,7559.25,-31.0,10.65,-1.456,entry,20.0
2019-06-12 09:55:00,2019-06-12 10:05:00,LONG,1,7501.5,7488.25,-26.5,6.72,-1.972,entry,10.0
2019-06-13 09:40:00,2019-06-13 11:05:00,LONG,1,7525.0,7498.0,-54.0,38.02,-0.71,entry,85.0
2019-06-14 09:40:00,2019-06-14 10:40:00,SHORT,1,7485.5,7502.25,-33.5,19.2,-0.873,entry,60.0
2019-06-17 09:40:00,2019-06-17 15:55:00,LONG,1,7548.0,7556.0,16.0,17.94,0.446,entry,375.0
2019-06-18 09:40:00,2019-06-18 13:00:00,LONG,1,7690.75,7667.5,-46.5,63.92,-0.364,entry,200.0
2019-06-19 09:40:00,2019-06-19 14:00:00,SHORT,1,7646.75,7697.75,-102.0,24.47,-2.084,entry,260.0
2019-06-20 09:45:00,2019-06-20 10:15:00,LONG,1,7788.5,7772.5,-32.0,9.75,-1.641,entry,30.0
2019-06-21 09:45:00,2019-06-21 09:50:00,SHORT,1,7742.75,7751.25,-17.0,5.42,-1.57,entry,5.0
2019-06-24 09:40:00,2019-06-24 10:10:00,SHORT,1,7765.25,7771.75,-13.0,7.83,-0.83,entry,30.0
2019-06-25 09:40:00,2019-06-25 15:55:00,SHORT,1,7728.75,7621.75,214.0,11.53,9.278,entry,375.0
2019-06-26 09:40:00,2019-06-26 11:10:00,LONG,1,7705.25,7672.5,-65.5,36.21,-0.904,entry,90.0
2019-06-27 09:40:00,2019-06-27 11:15:00,LONG,1,7689.25,7679.75,-19.0,8.18,-1.161,entry,95.0
2019-06-28 09:40:00,2019-06-28 11:30:00,SHORT,1,7688.0,7686.75,2.5,5.9,0.212,entry,110.0
2019-07-01 09:40:00,2019-07-01 10:20:00,LONG,1,7835.5,7809.0,-53.0,16.08,-1.648,entry,40.0
2019-07-02 09:40:00,2019-07-02 10:15:00,LONG,1,7791.25,7784.25,-14.0,7.68,-0.911,entry,35.0
2019-07-03 09:50:00,2019-07-03 09:55:00,SHORT,1,7841.5,7847.0,-11.0,4.81,-1.144,entry,5.0
2019-07-04 09:40:00,2019-07-04 12:55:00,LONG,1,7899.25,7902.0,5.5,9.35,0.294,entry,195.0
2019-07-05 09:40:00,2019-07-05 12:15:00,SHORT,1,7828.25,7836.5,-16.5,29.06,-0.284,entry,155.0
2019-07-08 09:40:00,2019-07-08 11:10:00,SHORT,1,7790.25,7807.75,-35.0,27.28,-0.642,entry,90.0
2019-07-09 09:40:00,2019-07-09 15:55:00,LONG,1,7794.25,7850.25,112.0,21.34,2.624,entry,375.0
2019-07-10 09:40:00,2019-07-10 11:05:00,LONG,1,7921.25,7893.75,-55.0,46.6,-0.59,entry,85.0
2019-07-11 10:05:00,2019-07-11 11:10:00,SHORT,1,7938.75,7944.0,-10.5,5.79,-0.907,entry,65.0
2019-07-12 09:45:00,2019-07-12 10:15:00,LONG,1,7944.75,7933.5,-22.5,9.73,-1.156,entry,30.0
2019-07-15 10:10:00,2019-07-15 10:15:00,SHORT,1,7964.0,7971.25,-14.5,5.04,-1.438,entry,5.0
2019-07-16 09:40:00,2019-07-16 15:55:00,SHORT,1,7981.0,7948.5,65.0,6.77,4.804,entry,375.0
2019-07-17 09:40:00,2019-07-17 10:05:00,LONG,1,7959.0,7946.0,-26.0,7.81,-1.664,entry,25.0
2019-07-18 09:40:00,2019-07-18 10:50:00,LONG,1,7892.0,7877.75,-28.5,21.71,-0.656,entry,70.0
2019-07-19 09:40:00,2019-07-19 15:55:00,SHORT,1,7950.75,7853.25,195.0,8.11,12.023,entry,375.0
2019-07-22 09:40:00,2019-07-22 15:55:00,LONG,1,7897.25,7921.25,48.0,28.97,0.828,entry,375.0
2019-07-23 09:50:00,2019-07-23 11:20:00,SHORT,1,7938.25,7941.5,-6.5,6.18,-0.526,entry,90.0
2019-07-24 09:40:00,2019-07-24 15:55:00,LONG,1,7964.25,8025.75,123.0,13.95,4.407,entry,375.0
2019-07-25 09:40:00,2019-07-25 15:55:00,SHORT,1,7965.5,7946.75,37.5,37.95,0.494,entry,375.0
2019-07-26 09:40:00,2019-07-26 10:25:00,LONG,1,8025.75,8011.5,-28.5,14.6,-0.976,entry,45.0
2019-07-29 09:40:00,2019-07-29 12:55:00,SHORT,1,7988.25,7993.5,-10.5,23.69,-0.222,entry,195.0
2019-07-30 10:00:00,2019-07-30 10:10:00,LONG,1,7973.0,7964.0,-18.0,9.14,-0.984,entry,10.0
2019-07-31 09:40:00,2019-07-31 10:05:00,SHORT,1,7979.75,7988.75,-18.0,6.69,-1.344,entry,25.0
2019-08-01 09:40:00,2019-08-01 13:25:00,LONG,1,7920.25,7933.0,25.5,41.91,0.304,entry,225.0
2019-08-02 09:40:00,2019-08-02 15:35:00,SHORT,1,7743.75,7712.75,62.0,20.67,1.5,entry,355.0
2019-08-05 09:40:00,2019-08-05 15:55:00,SHORT,1,7494.0,7423.0,142.0,86.64,0.819,entry,375.0
2019-08-06 09:40:00,2019-08-06 15:55:00,LONG,1,7516.0,7527.0,22.0,112.34,0.098,entry,375.0
2019-08-07 09:40:00,2019-08-07 10:15:00,SHORT,1,7426.75,7475.25,-97.0,53.34,-0.909,entry,35.0
2019-08-08 09:40:00,2019-08-08 15:55:00,LONG,1,7596.0,7732.25,272.5,9.68,14.075,entry,375.0
2019-08-09 09:45:00,2019-08-09 13:15:00,SHORT,1,7678.5,7662.0,33.0,11.74,1.406,entry,210.0
2019-08-12 09:40:00,2019-08-12 11:45:00,SHORT,1,7591.25,7623.0,-63.5,41.47,-0.766,entry,125.0
2019-08-13 09:40:00,2019-08-13 15:55:00,LONG,1,7628.75,7738.0,218.5,61.26,1.783,entry,375.0
2019-08-14 09:40:00,2019-08-14 15:55:00,SHORT,1,7611.0,7501.75,218.5,60.11,1.817,entry,375.0
2019-08-15 09:40:00,2019-08-15 09:45:00,SHORT,1,7492.25,7507.25,-30.0,7.36,-2.039,entry,5.0
2019-08-16 09:50:00,2019-08-16 15:55:00,LONG,1,7573.75,7612.5,77.5,9.13,4.244,entry,365.0
2019-08-19 09:40:00,2019-08-19 15:55:00,LONG,1,7737.5,7728.0,-19.0,45.18,-0.21,entry,375.0
2019-08-20 09:40:00,2019-08-20 10:55:00,SHORT,1,7701.0,7726.5,-51.0,21.57,-1.182,entry,75.0
2019-08-21 09:40:00,2019-08-21 13:50:00,LONG,1,7760.5,7736.25,-48.5,35.97,-0.674,entry,250.0
2019-08-22 09:40:00,2019-08-22 10:05:00,LONG,1,7769.0,7743.5,-51.0,20.87,-1.222,entry,25.0
2019-08-23 09:40:00,2019-08-23 10:30:00,SHORT,1,7667.0,7695.5,-57.0,33.74,-0.845,entry,50.0
2019-08-26 09:40:00,2019-08-26 10:15:00,LONG,1,7537.5,7519.0,-37.0,17.6,-1.051,entry,35.0
2019-08-27 09:40:00,2019-08-27 10:55:00,LONG,1,7626.75,7605.5,-42.5,28.82,-0.737,entry,75.0
2019-08-28 09:40:00,2019-08-28 10:05:00,SHORT,1,7532.5,7567.75,-70.5,25.39,-1.388,entry,25.0
2019-08-29 09:40:00,2019-08-29 15:55:00,LONG,1,7708.5,7707.75,-1.5,53.33,-0.014,entry,375.0
2019-08-30 10:10:00,2019-08-30 15:55:00,SHORT,1,7712.75,7691.25,43.0,21.19,1.015,entry,345.0
2019-09-02 09:40:00,2019-09-02 10:00:00,SHORT,1,7644.75,7655.0,-20.5,7.47,-1.372,entry,20.0
2019-09-03 09:40:00,2019-09-03 10:00:00,LONG,1,7660.25,7612.25,-96.0,24.16,-1.987,entry,20.0
2019-09-04 10:05:00,2019-09-04 11:00:00,SHORT,1,7676.25,7684.25,-16.0,9.73,-0.822,entry,55.0
2019-09-05 09:40:00,2019-09-05 15:55:00,LONG,1,7829.75,7865.5,71.5,29.48,1.213,entry,375.0
2019-09-06 09:40:00,2019-09-06 10:40:00,SHORT,1,7845.75,7869.5,-47.5,23.49,-1.011,entry,60.0
2019-09-09 09:50:00,2019-09-09 10:50:00,SHORT,1,7863.5,7870.25,-13.5,8.79,-0.768,entry,60.0
2019-09-10 09:40:00,2019-09-10 11:50:00,SHORT,1,7758.0,7790.0,-64.0,45.34,-0.706,entry,130.0
2019-09-11 09:40:00,2019-09-11 15:55:00,LONG,1,7834.0,7889.75,111.5,12.01,4.644,entry,375.0
2019-09-12 09:40:00,2019-09-12 10:00:00,SHORT,1,7927.25,7942.25,-30.0,7.59,-1.975,entry,20.0
2019-09-13 09:40:00,2019-09-13 10:45:00,SHORT,1,7925.5,7938.0,-25.0,16.91,-0.739,entry,65.0
2019-09-16 09:40:00,2019-09-16 11:55:00,LONG,1,7880.5,7856.5,-48.0,29.85,-0.804,entry,135.0
2019-09-17 09:40:00,2019-09-17 10:05:00,LONG,1,7885.25,7871.75,-27.0,11.9,-1.135,entry,25.0
2019-09-18 09:40:00,2019-09-18 15:25:00,SHORT,1,7888.0,7877.25,21.5,12.86,0.836,entry,345.0
2019-09-19 09:40:00,2019-09-19 12:25:00,LONG,1,7957.75,7926.0,-63.5,48.09,-0.66,entry,165.0
2019-09-20 09:55:00,2019-09-20 15:55:00,SHORT,1,7926.5,7839.0,175.0,8.38,10.447,entry,360.0
2019-09-23 09:40:00,2019-09-23 09:50:00,SHORT,1,7837.75,7845.25,-15.0,6.23,-1.203,entry,10.0
2019-09-24 09:40:00,2019-09-24 10:05:00,LONG,1,7884.5,7873.0,-23.0,7.07,-1.627,entry,25.0
2019-09-25 09:40:00,2019-09-25 10:30:00,SHORT,1,7716.5,7721.75,-10.5,9.91,-0.53,entry,50.0
2019-09-26 09:40:00,2019-09-26 14:00:00,SHORT,1,7784.25,7786.0,-3.5,23.57,-0.074,entry,260.0
2019-09-27 09:45:00,2019-09-27 10:45:00,SHORT,1,7782.75,7782.25,1.0,8.3,0.06,entry,60.0
2019-09-30 09:40:00,2019-09-30 09:45:00,SHORT,1,7722.25,7730.75,-17.0,7.39,-1.15,entry,5.0
2019-10-01 09:40:00,2019-10-01 10:00:00,LONG,1,7833.5,7799.5,-68.0,26.19,-1.298,entry,20.0
2019-10-02 09:40:00,2019-10-02 15:55:00,SHORT,1,7614.5,7566.0,97.0,41.65,1.164,entry,375.0
2019-10-03 09:45:00,2019-10-03 10:00:00,LONG,1,7577.25,7500.0,-154.5,10.46,-7.382,entry,15.0
2019-10-04 09:40:00,2019-10-04 15:55:00,LONG,1,7692.25,7765.25,146.0,25.69,2.842,entry,375.0
2019-10-07 10:05:00,2019-10-07 14:30:00,LONG,1,7755.0,7757.0,4.0,16.62,0.12,entry,265.0
2019-10-08 09:40:00,2019-10-08 12:45:00,SHORT,1,7667.5,7684.0,-33.0,44.24,-0.373,entry,185.0
2019-10-09 09:40:00,2019-10-09 09:50:00,LONG,1,7685.25,7669.0,-32.5,15.45,-1.052,entry,10.0
2019-10-10 09:40:00,2019-10-10 15:55:00,LONG,1,7707.25,7754.25,94.0,35.66,1.318,entry,375.0
2019-10-11 09:40:00,2019-10-11 15:50:00,LONG,1,7865.75,7866.75,2.0,38.24,0.026,entry,370.0
2019-10-14 09:40:00,2019-10-14 09:45:00,SHORT,1,7842.0,7858.0,-32.0,6.96,-2.298,entry,5.0
2019-10-15 09:40:00,2019-10-15 15:55:00,LONG,1,7897.75,7953.0,110.5,12.24,4.515,entry,375.0
2019-10-16 09:40:00,2019-10-16 10:25:00,SHORT,1,7929.75,7935.75,-12.0,8.66,-0.693,entry,45.0
2019-10-17 09:40:00,2019-10-17 10:25:00,LONG,1,7979.25,7966.25,-26.0,10.28,-1.265,entry,45.0
2019-10-18 09:45:00,2019-10-18 10:00:00,LONG,1,7953.5,7938.25,-30.5,9.09,-1.678,entry,15.0
2019-10-21 09:40:00,2019-10-21 09:45:00,LONG,1,7924.0,7909.0,-30.0,14.65,-1.024,entry,5.0
2019-10-22 09:40:00,2019-10-22 09:45:00,LONG,1,7984.25,7966.25,-36.0,18.05,-0.997,entry,5.0
2019-10-23 09:40:00,2019-10-23 10:35:00,LONG,1,7881.75,7857.0,-49.5,29.45,-0.841,entry,55.0
2019-10-24 09:40:00,2019-10-24 09:50:00,LONG,1,7954.5,7936.5,-36.0,15.9,-1.132,entry,10.0
2019-10-25 09:40:00,2019-10-25 15:55:00,LONG,1,7952.75,8035.75,166.0,14.43,5.751,entry,375.0
2019-10-28 09:40:00,2019-10-28 15:55:00,LONG,1,8087.0,8116.5,59.0,15.6,1.891,entry,375.0
2019-10-29 09:40:00,2019-10-29 09:50:00,SHORT,1,8092.5,8101.0,-17.0,8.3,-1.024,entry,10.0
2019-10-30 09:40:00,2019-10-30 10:15:00,SHORT,1,8045.0,8053.25,-16.5,11.0,-0.75,entry,35.0
2019-10-31 09:40:00,2019-10-31 15:55:00,SHORT,1,8092.75,8091.0,3.5,14.73,0.119,entry,375.0
2019-11-01 09:40:00,2019-11-01 12:05:00,LONG,1,8128.25,8125.5,-5.5,10.97,-0.251,entry,145.0
2019-11-04 09:40:00,2019-11-04 10:00:00,LONG,1,8223.0,8210.25,-25.5,13.16,-0.969,entry,20.0
2019-11-05 09:40:00,2019-11-05 11:15:00,SHORT,1,8215.0,8222.25,-14.5,16.01,-0.453,entry,95.0
2019-11-06 09:40:00,2019-11-06 13:40:00,SHORT,1,8195.75,8195.25,1.0,12.56,0.04,entry,240.0
2019-11-07 09:40:00,2019-11-07 14:40:00,LONG,1,8254.5,8237.75,-33.5,16.2,-1.034,entry,300.0
2019-11-08 09:40:00,2019-11-08 09:55:00,LONG,1,8231.25,8206.0,-50.5,13.28,-1.902,entry,15.0
2019-11-11 09:40:00,2019-11-11 09:45:00,SHORT,1,8208.75,8225.0,-32.5,16.04,-1.013,entry,5.0
2019-11-12 09:40:00,2019-11-12 14:10:00,LONG,1,8265.75,8263.75,-4.0,8.85,-0.226,entry,270.0
2019-11-13 09:40:00,2019-11-13 09:45:00,LONG,1,8252.0,8244.75,-14.5,5.4,-1.342,entry,5.0
2019-11-14 09:40:00,2019-11-14 10:00:00,SHORT,1,8243.25,8263.75,-41.0,11.55,-1.774,entry,20.0
2019-11-15 09:55:00,2019-11-15 10:10:00,SHORT,1,8290.0,8301.5,-23.0,7.41,-1.551,entry,15.0
2019-11-18 09:40:00,2019-11-18 10:50:00,SHORT,1,8280.75,8311.75,-62.0,37.88,-0.818,entry,70.0
2019-11-19 09:40:00,2019-11-19 11:35:00,SHORT,1,8349.5,8350.75,-2.5,5.11,-0.244,entry,115.0
2019-11-20 09:40:00,2019-11-20 12:00:00,LONG,1,8320.25,8320.25,0.0,6.97,0.0,entry,140.0
2019-11-21 09:40:00,2019-11-21 09:50:00,SHORT,1,8263.5,8274.0,-21.0,10.46,-1.004,entry,10.0
2019-11-22 09:40:00,2019-11-22 15:25:00,SHORT,1,8282.75,8276.75,12.0,10.6,0.566,entry,345.0
2019-11-25 09:40:00,2019-11-25 15:55:00,LONG,1,8343.0,8376.75,67.5,24.34,1.387,entry,375.0
2019-11-26 09:40:00,2019-11-26 09:50:00,SHORT,1,8374.25,8386.0,-23.5,7.88,-1.491,entry,10.0
2019-11-27 10:00:00,2019-11-27 15:55:00,LONG,1,8417.5,8449.25,63.5,3.87,8.205,entry,355.0
2019-11-28 09:40:00,2019-11-28 12:55:00,LONG,1,8440.5,8444.5,8.0,10.31,0.388,entry,195.0
2019-11-29 09:50:00,2019-11-29 10:30:00,LONG,1,8431.5,8426.0,-11.0,3.38,-1.626,entry,40.0
2019-12-02 09:40:00,2019-12-02 15:55:00,SHORT,1,8367.5,8316.0,103.0,50.51,1.02,entry,375.0
2019-12-03 09:40:00,2019-12-03 13:25:00,SHORT,1,8201.5,8230.5,-58.0,60.11,-0.482,entry,225.0
2019-12-04 09:40:00,2019-12-04 15:55:00,LONG,1,8300.75,8298.0,-5.5,23.55,-0.117,entry,375.0
2019-12-05 09:40:00,2019-12-05 09:55:00,LONG,1,8315.5,8306.75,-17.5,4.08,-2.147,entry,15.0
2019-12-06 09:40:00,2019-12-06 15:55:00,LONG,1,8383.25,8399.75,33.0,30.44,0.542,entry,375.0
2019-12-09 09:40:00,2019-12-09 11:10:00,LONG,1,8423.0,8401.25,-43.5,26.22,-0.829,entry,90.0
2019-12-10 09:40:00,2019-12-10 15:25:00,LONG,1,8355.5,8362.5,14.0,6.17,1.135,entry,345.0
2019-12-11 09:40:00,2019-12-11 12:35:00,LONG,1,8375.5,8374.75,-1.5,5.69,-0.132,entry,175.0
2019-12-12 09:40:00,2019-12-12 11:25:00,LONG,1,8448.75,8437.0,-23.5,33.06,-0.355,entry,105.0
2019-12-13 09:40:00,2019-12-13 10:00:00,SHORT,1,8495.75,8541.0,-90.5,17.94,-2.523,entry,20.0
2019-12-16 09:40:00,2019-12-16 15:55:00,LONG,1,8589.25,8601.5,24.5,26.9,0.455,entry,375.0
2019-12-17 09:40:00,2019-12-17 10:10:00,SHORT,1,8601.75,8608.5,-13.5,8.22,-0.821,entry,30.0
2019-12-18 09:40:00,2019-12-18 09:55:00,LONG,1,8626.5,8613.5,-26.0,13.6,-0.956,entry,15.0
2019-12-19 09:40:00,2019-12-19 15:55:00,LONG,1,8631.5,8671.0,79.0,9.61,4.11,entry,375.0
2019-12-20 09:45:00,2019-12-20 09:55:00,LONG,1,8696.0,8687.0,-18.0,6.33,-1.421,entry,10.0
2019-12-23 10:05:00,2019-12-23 10:15:00,SHORT,1,8722.0,8729.0,-14.0,5.21,-1.344,entry,10.0
2019-12-24 09:40:00,2019-12-24 10:25:00,SHORT,1,8716.25,8723.25,-14.0,9.56,-0.732,entry,45.0
2019-12-26 09:40:00,2019-12-26 15:55:00,LONG,1,8753.5,8801.25,95.5,11.15,4.282,entry,375.0
2019-12-27 09:40:00,2019-12-27 11:25:00,SHORT,1,8817.0,8815.25,3.5,10.54,0.166,entry,105.0
2019-12-30 09:40:00,2019-12-30 12:05:00,SHORT,1,8726.0,8743.5,-35.0,52.2,-0.335,entry,145.0
2019-12-31 09:40:00,2019-12-31 10:00:00,LONG,1,8732.25,8723.75,-17.0,5.56,-1.528,entry,20.0
2020-01-02 09:40:00,2020-01-02 10:15:00,LONG,1,8843.5,8816.25,-54.5,28.53,-0.955,entry,35.0
2020-01-03 09:40:00,2020-01-03 11:00:00,LONG,1,8837.75,8811.25,-53.0,30.16,-0.879,entry,80.0
2020-01-06 09:40:00,2020-01-06 15:55:00,LONG,1,8774.5,8863.5,178.0,15.72,5.663,entry,375.0
2020-01-07 09:40:00,2020-01-07 10:05:00,SHORT,1,8837.25,8865.0,-55.5,29.13,-0.953,entry,25.0
2020-01-08 09:40:00,2020-01-08 15:55:00,LONG,1,8884.75,8929.75,90.0,83.27,0.54,entry,375.0
2020-01-09 09:40:00,2020-01-09 12:20:00,LONG,1,9007.5,8983.75,-47.5,22.23,-1.068,entry,160.0
2020-01-10 09:40:00,2020-01-10 10:00:00,SHORT,1,9018.0,9034.25,-32.5,13.59,-1.195,entry,20.0
2020-01-13 09:40:00,2020-01-13 15:55:00,LONG,1,9023.0,9085.25,124.5,8.57,7.26,entry,375.0
2020-01-14 09:40:00,2020-01-14 10:30:00,SHORT,1,9061.75,9075.25,-27.0,16.6,-0.813,entry,50.0
2020-01-15 09:40:00,2020-01-15 12:50:00,LONG,1,9067.75,9068.75,2.0,13.19,0.076,entry,190.0
2020-01-16 09:40:00,2020-01-16 10:50:00,LONG,1,9112.75,9094.25,-37.0,20.15,-0.918,entry,70.0
2020-01-17 09:40:00,2020-01-17 09:55:00,SHORT,1,9148.0,9158.0,-20.0,10.29,-0.972,entry,15.0
2020-01-20 10:30:00,2020-01-20 11:25:00,SHORT,1,9164.0,9171.75,-15.5,7.43,-1.044,entry,55.0
2020-01-21 09:40:00,2020-01-21 13:35:00,LONG,1,9162.25,9160.25,-4.0,20.21,-0.099,entry,235.0
2020-01-22 09:40:00,2020-01-22 11:10:00,LONG,1,9235.0,9219.5,-31.0,14.6,-1.061,entry,90.0
2020-01-23 09:40:00,2020-01-23 09:55:00,SHORT,1,9162.25,9189.75,-55.0,23.4,-1.175,entry,15.0
2020-01-24 09:45:00,2020-01-24 15:55:00,SHORT,1,9262.0,9151.75,220.5,8.69,12.68,entry,370.0
2020-01-27 09:40:00,2020-01-27 12:10:00,SHORT,1,8976.0,8990.25,-28.5,19.95,-0.714,entry,150.0
2020-01-28 09:40:00,2020-01-28 15:55:00,LONG,1,9014.0,9098.25,168.5,5.07,16.63,entry,375.0
2020-01-29 09:45:00,2020-01-29 11:20:00,SHORT,1,9120.5,9123.75,-6.5,14.51,-0.224,entry,95.0
2020-01-30 09:40:00,2020-01-30 10:35:00,LONG,1,9106.0,9056.0,-100.0,44.35,-1.127,entry,55.0
2020-01-31 09:40:00,2020-01-31 15:55:00,SHORT,1,9128.0,8995.25,265.5,55.81,2.378,entry,375.0
2020-02-03 09:40:00,2020-02-03 15:55:00,LONG,1,9090.0,9131.5,83.0,34.12,1.216,entry,375.0
2020-02-04 09:40:00,2020-02-04 15:55:00,LONG,1,9251.25,9340.75,179.0,45.14,1.983,entry,375.0
2020-02-05 09:40:00,2020-02-05 09:45:00,SHORT,1,9378.75,9403.25,-49.0,22.43,-1.092,entry,5.0
2020-02-06 09:40:00,2020-02-06 09:55:00,SHORT,1,9376.25,9414.0,-75.5,35.15,-1.074,entry,15.0
2020-02-07 09:40:00,2020-02-07 10:25:00,SHORT,1,9396.0,9420.25,-48.5,28.17,-0.861,entry,45.0
2020-02-10 09:40:00,2020-02-10 15:55:00,LONG,1,9436.75,9525.0,176.5,31.86,2.77,entry,375.0
2020-02-11 09:40:00,2020-02-11 09:55:00,LONG,1,9566.5,9557.25,-18.5,6.25,-1.479,entry,15.0
2020-02-12 09:40:00,2020-02-12 09:50:00,LONG,1,9586.5,9570.75,-31.5,16.35,-0.964,entry,10.0
2020-02-13 09:40:00,2020-02-13 10:00:00,LONG,1,9570.25,9558.75,-23.0,6.2,-1.856,entry,20.0
2020-02-14 09:40:00,2020-02-14 10:45:00,SHORT,1,9611.25,9630.75,-39.0,19.25,-1.013,entry,65.0
2020-02-17 09:45:00,2020-02-17 11:40:00,SHORT,1,9658.25,9667.5,-18.5,9.39,-0.985,entry,115.0
2020-02-18 09:40:00,2020-02-18 11:35:00,LONG,1,9602.5,9588.0,-29.0,24.93,-0.582,entry,115.0
2020-02-19 09:40:00,2020-02-19 15:55:00,LONG,1,9701.25,9728.25,54.0,23.21,1.163,entry,375.0
2020-02-20 09:40:00,2020-02-20 10:05:00,SHORT,1,9697.75,9719.0,-42.5,19.38,-1.097,entry,25.0
2020-02-21 09:40:00,2020-02-21 15:55:00,SHORT,1,9539.25,9452.0,174.5,36.3,2.404,entry,375.0
2020-02-24 09:40:00,2020-02-24 14:55:00,SHORT,1,9177.25,9165.75,23.0,29.19,0.394,entry,315.0
2020-02-25 09:40:00,2020-02-25 15:55:00,SHORT,1,9122.25,8839.75,565.0,34.69,8.144,entry,375.0
2020-02-26 09:40:00,2020-02-26 12:05:00,LONG,1,8997.25,8897.5,-199.5,119.59,-0.834,entry,145.0
2020-02-27 09:40:00,2020-02-27 11:05:00,SHORT,1,8667.0,8715.75,-97.5,79.76,-0.611,entry,85.0
2020-02-28 09:40:00,2020-02-28 10:50:00,SHORT,1,8235.0,8286.0,-102.0,46.9,-1.087,entry,70.0
2020-03-02 09:40:00,2020-03-02 10:05:00,LONG,1,8533.5,8464.5,-138.0,39.9,-1.73,entry,25.0
2020-03-03 09:40:00,2020-03-03 10:00:00,SHORT,1,8825.25,8978.5,-306.5,17.53,-8.742,entry,20.0
2020-03-04 09:45:00,2020-03-04 10:05:00,SHORT,1,8697.75,8718.25,-41.0,12.37,-1.658,entry,20.0
2020-03-05 09:45:00,2020-03-05 10:10:00,SHORT,1,8739.75,8773.75,-68.0,36.58,-0.93,entry,25.0
2020-03-06 09:40:00,2020-03-06 10:25:00,SHORT,1,8433.75,8510.5,-153.5,55.53,-1.382,entry,45.0
2020-03-09 09:45:00,2020-03-09 10:05:00,SHORT,1,7847.5,8151.5,-608.0,284.11,-1.07,entry,20.0
2020-03-10 09:40:00,2020-03-10 09:55:00,SHORT,1,8164.0,8188.0,-48.0,24.41,-0.983,entry,15.0
2020-03-11 09:45:00,2020-03-11 09:50:00,SHORT,1,8145.5,8162.5,-34.0,15.43,-1.101,entry,5.0
2020-03-12 09:50:00,2020-03-12 12:55:00,SHORT,1,7400.5,7594.25,-387.5,321.97,-0.602,entry,185.0
2020-03-13 09:40:00,2020-03-13 11:25:00,LONG,1,7565.25,7390.5,-349.5,214.03,-0.816,entry,105.0
2020-03-16 09:50:00,2020-03-16 10:30:00,SHORT,1,7243.25,7351.0,-215.5,48.45,-2.224,entry,40.0
2020-03-17 09:40:00,2020-03-17 10:25:00,SHORT,1,7017.25,7134.75,-235.0,124.36,-0.945,entry,45.0
2020-03-18 09:45:00,2020-03-18 09:50:00,SHORT,1,7125.5,7225.75,-200.5,30.82,-3.252,entry,5.0
2020-03-19 09:40:00,2020-03-19 09:55:00,SHORT,1,7047.25,7225.5,-356.5,106.61,-1.672,entry,15.0
2020-03-20 09:40:00,2020-03-20 10:00:00,SHORT,1,7322.0,7406.25,-168.5,82.38,-1.023,entry,20.0
2020-03-23 09:40:00,2020-03-23 09:45:00,SHORT,1,6886.0,6916.75,-61.5,23.76,-1.294,entry,5.0
2020-03-24 09:40:00,2020-03-24 13:55:00,LONG,1,7340.5,7351.75,22.5,73.71,0.153,entry,255.0
2020-03-25 09:40:00,2020-03-25 09:50:00,LONG,1,7608.75,7494.25,-229.0,61.41,-1.865,entry,10.0
2020-03-26 09:40:00,2020-03-26 15:55:00,LONG,1,7592.5,7868.0,551.0,150.11,1.835,entry,375.0
2020-03-27 09:40:00,2020-03-27 11:15:00,SHORT,1,7600.0,7683.25,-166.5,108.64,-0.766,entry,95.0
2020-03-30 09:40:00,2020-03-30 15:55:00,LONG,1,7660.25,7867.0,413.5,77.97,2.652,entry,375.0
2020-03-31 09:45:00,2020-03-31 10:05:00,SHORT,1,7817.0,7879.25,-124.5,47.37,-1.314,entry,20.0
2020-04-01 09:45:00,2020-04-01 10:10:00,SHORT,1,7583.25,7620.0,-73.5,25.74,-1.428,entry,25.0
2020-04-02 09:40:00,2020-04-02 10:05:00,SHORT,1,7440.25,7508.25,-136.0,64.66,-1.052,entry,25.0
2020-04-03 09:40:00,2020-04-03 10:15:00,LONG,1,7642.5,7576.5,-132.0,60.35,-1.094,entry,35.0
2020-04-06 09:45:00,2020-04-06 15:55:00,LONG,1,7802.5,8053.5,502.0,22.6,11.105,entry,370.0
2020-04-07 09:40:00,2020-04-07 10:05:00,LONG,1,8234.0,8174.5,-119.0,68.51,-0.869,entry,25.0
2020-04-08 09:40:00,2020-04-08 10:05:00,LONG,1,8127.75,8052.25,-151.0,65.62,-1.151,entry,25.0
2020-04-09 09:40:00,2020-04-09 10:05:00,LONG,1,8322.25,8220.75,-203.0,109.23,-0.929,entry,25.0
2020-04-13 09:40:00,2020-04-13 09:55:00,LONG,1,8196.5,8170.0,-53.0,28.57,-0.928,entry,15.0
2020-04-14 09:40:00,2020-04-14 15:55:00,LONG,1,8537.75,8682.0,288.5,83.11,1.736,entry,375.0
2020-04-15 09:40:00,2020-04-15 10:55:00,SHORT,1,8500.75,8571.5,-141.5,90.74,-0.78,entry,75.0
2020-04-16 09:40:00,2020-04-16 10:00:00,LONG,1,8669.5,8606.25,-126.5,38.19,-1.656,entry,20.0
2020-04-17 09:40:00,2020-04-17 15:50:00,SHORT,1,8795.0,8820.25,-50.5,92.1,-0.274,entry,370.0
2020-04-20 10:10:00,2020-04-20 14:20:00,LONG,1,8771.5,8775.5,8.0,16.21,0.247,entry,250.0
2020-04-21 09:40:00,2020-04-21 15:55:00,SHORT,1,8540.25,8390.75,299.0,107.48,1.391,entry,375.0
2020-04-22 09:40:00,2020-04-22 15:55:00,LONG,1,8564.75,8648.0,166.5,48.61,1.713,entry,375.0
2020-04-23 09:40:00,2020-04-23 12:45:00,LONG,1,8731.25,8691.5,-79.5,79.31,-0.501,entry,185.0
2020-04-24 09:40:00,2020-04-24 09:45:00,LONG,1,8624.25,8592.25,-64.0,27.59,-1.16,entry,5.0
2020-04-27 09:55:00,2020-04-27 10:30:00,LONG,1,8866.0,8842.0,-48.0,22.64,-1.06,entry,35.0
2020-04-28 09:40:00,2020-04-28 15:55:00,SHORT,1,8858.25,8666.5,383.5,14.59,13.14,entry,375.0
2020-04-29 09:40:00,2020-04-29 15:55:00,LONG,1,8863.75,8963.5,199.5,34.67,2.877,entry,375.0
2020-04-30 09:40:00,2020-04-30 15:55:00,SHORT,1,8967.25,8982.0,-29.5,79.52,-0.185,entry,375.0
2020-05-01 09:45:00,2020-05-01 11:00:00,LONG,1,8831.75,8810.25,-43.0,33.31,-0.645,entry,75.0
2020-05-04 09:40:00,2020-05-04 15:55:00,LONG,1,8672.75,8818.0,290.5,25.62,5.669,entry,375.0
2020-05-05 09:40:00,2020-05-05 15:30:00,LONG,1,8932.0,8931.0,-2.0,47.05,-0.021,entry,350.0
2020-05-06 09:40:00,2020-05-06 10:00:00,LONG,1,9009.0,8965.5,-87.0,39.08,-1.113,entry,20.0
2020-05-07 09:40:00,2020-05-07 10:10:00,LONG,1,9093.0,9052.0,-82.0,38.78,-1.057,entry,30.0
2020-05-08 09:40:00,2020-05-08 10:15:00,SHORT,1,9138.25,9177.0,-77.5,39.83,-0.973,entry,35.0
2020-05-11 10:00:00,2020-05-11 15:55:00,LONG,1,9236.0,9286.75,101.5,27.51,1.845,entry,355.0
2020-05-12 09:40:00,2020-05-12 09:45:00,LONG,1,9294.75,9275.5,-38.5,12.32,-1.562,entry,5.0
2020-05-13 09:40:00,2020-05-13 09:45:00,SHORT,1,9074.5,9105.75,-62.5,21.24,-1.471,entry,5.0
2020-05-14 09:40:00,2020-05-14 11:05:00,SHORT,1,8922.25,8939.25,-34.0,45.41,-0.374,entry,85.0
2020-05-15 09:40:00,2020-05-15 10:05:00,SHORT,1,9001.5,9024.75,-46.5,24.41,-0.953,entry,25.0
2020-05-18 09:40:00,2020-05-18 15:55:00,LONG,1,9280.0,9320.0,80.0,48.88,0.818,entry,375.0
2020-05-19 09:40:00,2020-05-19 09:45:00,LONG,1,9349.75,9335.0,-29.5,11.96,-1.233,entry,5.0
2020-05-20 09:40:00,2020-05-20 15:55:00,LONG,1,9439.5,9480.0,81.0,62.05,0.653,entry,375.0
2020-05-21 09:40:00,2020-05-21 10:00:00,LONG,1,9505.5,9440.0,-131.0,47.95,-1.366,entry,20.0
2020-05-22 09:45:00,2020-05-22 15:55:00,LONG,1,9359.5,9406.25,93.5,32.28,1.448,entry,370.0
2020-05-25 09:40:00,2020-05-25 12:55:00,LONG,1,9516.75,9530.5,27.5,48.35,0.284,entry,195.0
2020-05-26 09:40:00,2020-05-26 15:55:00,SHORT,1,9539.25,9388.0,302.5,20.35,7.431,entry,375.0
2020-05-27 09:40:00,2020-05-27 13:25:00,SHORT,1,9341.5,9334.75,13.5,83.34,0.081,entry,225.0
2020-05-28 09:40:00,2020-05-28 15:30:00,LONG,1,9455.25,9456.25,2.0,53.55,0.019,entry,350.0
2020-05-29 09:40:00,2020-05-29 10:05:00,LONG,1,9454.75,9415.25,-79.0,18.41,-2.146,entry,25.0
2020-06-01 09:40:00,2020-06-01 15:55:00,LONG,1,9556.5,9593.5,74.0,25.82,1.433,entry,375.0
2020-06-02 09:40:00,2020-06-02 10:20:00,SHORT,1,9586.25,9609.75,-47.0,17.64,-1.332,entry,40.0
2020-06-03 09:55:00,2020-06-03 10:10:00,LONG,1,9697.25,9671.25,-52.0,22.78,-1.141,entry,15.0
2020-06-04 09:40:00,2020-06-04 11:05:00,LONG,1,9706.0,9687.0,-38.0,31.58,-0.602,entry,85.0
2020-06-05 09:40:00,2020-06-05 15:55:00,LONG,1,9761.0,9816.0,110.0,89.01,0.618,entry,375.0
2020-06-08 09:40:00,2020-06-08 11:00:00,SHORT,1,9802.0,9809.25,-14.5,19.95,-0.363,entry,80.0
2020-06-09 09:40:00,2020-06-09 15:55:00,LONG,1,9898.25,9964.0,131.5,37.21,1.767,entry,375.0
2020-06-10 09:40:00,2020-06-10 10:55:00,LONG,1,10057.0,10027.75,-58.5,41.13,-0.711,entry,75.0
2020-06-11 09:40:00,2020-06-11 10:10:00,SHORT,1,9902.75,9963.75,-122.0,61.51,-0.992,entry,30.0
2020-06-12 09:40:00,2020-06-12 10:35:00,LONG,1,9839.25,9721.0,-236.5,109.16,-1.083,entry,55.0
2020-06-15 09:40:00,2020-06-15 15:55:00,LONG,1,9520.75,9765.25,489.0,19.0,12.867,entry,375.0
2020-06-16 09:40:00,2020-06-16 10:40:00,LONG,1,9982.25,9933.5,-97.5,58.62,-0.832,entry,60.0
2020-06-17 09:40:00,2020-06-17 09:55:00,LONG,1,10012.0,9981.75,-60.5,19.79,-1.529,entry,15.0
2020-06-18 09:40:00,2020-06-18 10:20:00,LONG,1,9976.0,9950.75,-50.5,16.1,-1.569,entry,40.0
2020-06-19 09:40:00,2020-06-19 11:15:00,LONG,1,10093.75,10071.5,-44.5,31.46,-0.707,entry,95.0
2020-06-22 09:40:00,2020-06-22 15:55:00,LONG,1,9989.75,10114.75,250.0,14.12,8.85,entry,375.0
2020-06-23 09:40:00,2020-06-23 15:55:00,LONG,1,10192.25,10197.5,10.5,54.0,0.097,entry,375.0
2020-06-24 09:40:00,2020-06-24 09:45:00,LONG,1,10204.0,10171.25,-65.5,22.88,-1.431,entry,5.0
2020-06-25 09:40:00,2020-06-25 10:20:00,SHORT,1,9926.0,9993.5,-135.0,56.58,-1.193,entry,40.0
2020-06-26 09:40:00,2020-06-26 15:55:00,SHORT,1,10005.5,9841.25,328.5,67.28,2.441,entry,375.0
2020-06-29 09:40:00,2020-06-29 10:10:00,SHORT,1,9757.25,9835.5,-156.5,73.53,-1.064,entry,30.0
2020-06-30 09:40:00,2020-06-30 15:55:00,LONG,1,10010.25,10148.5,276.5,31.65,4.369,entry,375.0
2020-07-01 09:40:00,2020-07-01 09:50:00,LONG,1,10170.75,10134.0,-73.5,34.01,-1.081,entry,10.0
2020-07-02 09:40:00,2020-07-02 11:00:00,LONG,1,10404.5,10349.5,-110.0,65.39,-0.841,entry,80.0
2020-07-03 09:40:00,2020-07-03 12:55:00,SHORT,1,10348.25,10326.0,44.5,13.59,1.637,entry,195.0
2020-07-06 09:40:00,2020-07-06 15:55:00,LONG,1,10489.75,10591.5,203.5,19.19,5.304,entry,375.0
2020-07-07 09:40:00,2020-07-07 12:40:00,LONG,1,10608.25,10616.75,17.0,20.83,0.408,entry,180.0
2020-07-08 09:40:00,2020-07-08 11:05:00,LONG,1,10607.0,10577.0,-60.0,45.12,-0.665,entry,85.0
2020-07-09 09:50:00,2020-07-09 10:15:00,LONG,1,10726.25,10688.25,-76.0,29.09,-1.306,entry,25.0
2020-07-10 09:45:00,2020-07-10 10:10:00,SHORT,1,10688.5,10698.25,-19.5,10.13,-0.963,entry,25.0
2020-07-13 09:40:00,2020-07-13 12:55:00,LONG,1,10991.75,10965.75,-52.0,75.18,-0.346,entry,195.0
2020-07-14 09:40:00,2020-07-14 09:45:00,LONG,1,10608.5,10504.0,-209.0,11.4,-9.167,entry,5.0
2020-07-15 09:40:00,2020-07-15 09:55:00,LONG,1,10763.25,10707.5,-111.5,53.56,-1.041,entry,15.0
2020-07-16 09:55:00,2020-07-16 12:00:00,SHORT,1,10555.25,10552.0,6.5,16.64,0.195,entry,125.0
2020-07-17 09:40:00,2020-07-17 11:00:00,SHORT,1,10585.5,10599.25,-27.5,21.04,-0.654,entry,80.0
2020-07-20 09:45:00,2020-07-20 15:55:00,LONG,1,10649.5,10936.5,574.0,29.03,9.887,entry,370.0
2020-07-21 09:40:00,2020-07-21 14:05:00,SHORT,1,10913.25,10931.25,-36.0,81.72,-0.22,entry,265.0
2020-07-22 09:40:00,2020-07-22 09:50:00,SHORT,1,10837.0,10883.75,-93.5,13.34,-3.506,entry,10.0
2020-07-23 09:40:00,2020-07-23 09:45:00,SHORT,1,10840.25,10861.0,-41.5,15.92,-1.303,entry,5.0
2020-07-24 09:40:00,2020-07-24 10:05:00,SHORT,1,10357.5,10429.5,-144.0,84.71,-0.85,entry,25.0
2020-07-27 09:40:00,2020-07-27 11:20:00,LONG,1,10606.5,10548.75,-115.5,73.72,-0.783,entry,100.0
2020-07-28 09:40:00,2020-07-28 11:35:00,SHORT,1,10612.75,10640.0,-54.5,48.29,-0.564,entry,115.0
2020-07-29 09:55:00,2020-07-29 12:05:00,LONG,1,10600.25,10584.25,-32.0,20.48,-0.781,entry,130.0
2020-07-30 09:50:00,2020-07-30 10:35:00,SHORT,1,10560.5,10595.5,-70.0,30.38,-1.152,entry,45.0
2020-07-31 09:40:00,2020-07-31 15:00:00,SHORT,1,10824.25,10824.25,-0.0,53.6,-0.0,entry,320.0
2020-08-03 09:40:00,2020-08-03 15:55:00,LONG,1,11042.25,11038.75,-7.0,74.26,-0.047,entry,375.0
2020-08-04 09:40:00,2020-08-04 11:20:00,LONG,1,11048.0,11024.5,-47.0,20.68,-1.136,entry,100.0
2020-08-05 09:40:00,2020-08-05 09:50:00,SHORT,1,11069.75,11107.0,-74.5,27.57,-1.351,entry,10.0
2020-08-06 09:55:00,2020-08-06 10:40:00,LONG,1,11118.0,11097.5,-41.0,23.94,-0.856,entry,45.0
2020-08-07 09:45:00,2020-08-07 10:15:00,LONG,1,11245.25,11221.0,-48.5,21.08,-1.15,entry,30.0
2020-08-10 09:40:00,2020-08-10 09:50:00,LONG,1,11141.0,11101.25,-79.5,19.86,-2.002,entry,10.0
2020-08-11 09:40:00,2020-08-11 11:00:00,SHORT,1,11013.5,11031.0,-35.0,44.58,-0.393,entry,80.0
2020-08-12 09:40:00,2020-08-12 15:55:00,LONG,1,10988.5,11146.0,315.0,32.16,4.898,entry,375.0
2020-08-13 09:40:00,2020-08-13 13:30:00,LONG,1,11220.0,11184.75,-70.5,59.79,-0.59,entry,230.0
2020-08-14 09:45:00,2020-08-14 11:30:00,SHORT,1,11146.0,11162.75,-33.5,38.91,-0.431,entry,105.0
2020-08-17 09:40:00,2020-08-17 15:55:00,LONG,1,11242.0,11284.25,84.5,34.59,1.221,entry,375.0
2020-08-18 09:40:00,2020-08-18 09:50:00,LONG,1,11359.75,11324.0,-71.5,35.77,-0.999,entry,10.0
2020-08-19 09:40:00,2020-08-19 10:15:00,SHORT,1,11371.5,11391.5,-40.0,28.58,-0.7,entry,35.0
2020-08-20 09:40:00,2020-08-20 15:55:00,LONG,1,11338.25,11474.0,271.5,44.21,3.071,entry,375.0
2020-08-21 09:40:00,2020-08-21 15:55:00,LONG,1,11485.5,11554.5,138.0,13.24,5.21,entry,375.0
2020-08-24 09:40:00,2020-08-24 09:50:00,LONG,1,11708.0,11617.0,-182.0,51.57,-1.765,entry,10.0
2020-08-25 09:40:00,2020-08-25 10:15:00,SHORT,1,11619.5,11638.5,-38.0,13.17,-1.443,entry,35.0
2020-08-26 09:40:00,2020-08-26 15:55:00,LONG,1,11780.0,11964.75,369.5,20.9,8.84,entry,375.0
2020-08-27 09:45:00,2020-08-27 09:50:00,SHORT,1,11950.5,11988.25,-75.5,13.62,-2.771,entry,5.0
2020-08-28 09:40:00,2020-08-28 09:45:00,LONG,1,11994.5,11964.75,-59.5,22.32,-1.333,entry,5.0
2020-08-31 10:15:00,2020-08-31 11:30:00,LONG,1,12056.25,12038.25,-36.0,21.17,-0.85,entry,75.0
2020-09-01 09:50:00,2020-09-01 15:55:00,LONG,1,12201.25,12294.0,185.5,17.74,5.229,entry,365.0
2020-09-02 09:45:00,2020-09-02 12:35:00,SHORT,1,12378.0,12329.25,97.5,24.61,1.981,entry,170.0
2020-09-03 09:40:00,2020-09-03 15:55:00,SHORT,1,12157.75,11772.75,770.0,125.78,3.061,entry,375.0
2020-09-04 09:45:00,2020-09-04 12:25:00,SHORT,1,11610.0,11528.25,163.5,88.18,0.927,entry,160.0
2020-09-07 09:40:00,2020-09-07 12:55:00,LONG,1,11475.0,11501.25,52.5,39.58,0.663,entry,195.0
2020-09-08 09:40:00,2020-09-08 10:05:00,SHORT,1,11159.0,11320.0,-322.0,151.27,-1.064,entry,25.0
2020-09-09 09:40:00,2020-09-09 15:55:00,LONG,1,11261.5,11384.75,246.5,77.82,1.584,entry,375.0
2020-09-10 09:40:00,2020-09-10 10:45:00,LONG,1,11509.25,11444.75,-129.0,84.99,-0.759,entry,65.0
2020-09-11 09:40:00,2020-09-11 09:45:00,SHORT,1,11199.5,11262.75,-126.5,52.29,-1.21,entry,5.0
2020-09-14 09:40:00,2020-09-14 12:50:00,LONG,1,11267.25,11259.75,-15.0,55.33,-0.136,entry,190.0
2020-09-15 09:40:00,2020-09-15 10:40:00,LONG,1,11430.75,11375.25,-111.0,62.15,-0.893,entry,60.0
2020-09-16 09:40:00,2020-09-16 14:35:00,SHORT,1,11424.0,11424.0,-0.0,41.35,-0.0,entry,295.0
2020-09-17 09:40:00,2020-09-17 09:50:00,SHORT,1,10990.25,11055.5,-130.5,65.55,-0.995,entry,10.0
2020-09-18 09:45:00,2020-09-18 15:55:00,SHORT,1,11040.25,10918.0,244.5,61.95,1.973,entry,370.0
2020-09-21 09:40:00,2020-09-21 09:45:00,SHORT,1,10777.75,10830.5,-105.5,30.33,-1.739,entry,5.0
2020-09-22 09:45:00,2020-09-22 09:55:00,SHORT,1,10976.5,11006.0,-59.0,26.88,-1.098,entry,10.0
2020-09-23 09:50:00,2020-09-23 15:55:00,SHORT,1,11087.25,10820.75,533.0,49.62,5.371,entry,365.0
2020-09-24 09:45:00,2020-09-24 10:35:00,LONG,1,10836.5,10787.25,-98.5,78.7,-0.626,entry,50.0
2020-09-25 09:40:00,2020-09-25 09:55:00,SHORT,1,10872.5,10904.0,-63.0,22.35,-1.409,entry,15.0
2020-09-28 09:40:00,2020-09-28 09:45:00,LONG,1,11288.75,11266.0,-45.5,16.96,-1.342,entry,5.0
2020-09-29 09:40:00,2020-09-29 11:35:00,SHORT,1,11342.5,11362.0,-39.0,36.77,-0.53,entry,115.0
2020-09-30 09:40:00,2020-09-30 14:45:00,LONG,1,11333.0,11389.75,113.5,44.16,1.285,entry,305.0
2020-10-01 09:40:00,2020-10-01 09:50:00,LONG,1,11544.25,11515.75,-57.0,22.47,-1.268,entry,10.0
2020-10-02 09:45:00,2020-10-02 09:50:00,LONG,1,11417.75,11380.0,-75.5,28.02,-1.347,entry,5.0
2020-10-05 09:40:00,2020-10-05 15:55:00,LONG,1,11355.5,11488.75,266.5,27.12,4.913,entry,375.0
2020-10-06 09:50:00,2020-10-06 09:55:00,SHORT,1,11424.0,11447.0,-46.0,20.93,-1.099,entry,5.0
2020-10-07 09:40:00,2020-10-07 15:55:00,LONG,1,11425.5,11480.0,109.0,93.28,0.584,entry,375.0
2020-10-08 09:45:00,2020-10-08 09:55:00,SHORT,1,11512.75,11542.5,-59.5,23.92,-1.244,entry,10.0
2020-10-09 09:40:00,2020-10-09 15:55:00,LONG,1,11620.0,11711.5,183.0,30.19,3.031,entry,375.0
2020-10-12 09:40:00,2020-10-12 15:55:00,LONG,1,11889.0,12073.5,369.0,39.48,4.674,entry,375.0
2020-10-13 09:40:00,2020-10-13 10:50:00,SHORT,1,12046.0,12113.25,-134.5,85.16,-0.79,entry,70.0
2020-10-14 09:40:00,2020-10-14 10:00:00,LONG,1,12139.75,12107.5,-64.5,16.57,-1.946,entry,20.0
2020-10-15 09:40:00,2020-10-15 10:05:00,LONG,1,11853.0,11813.0,-80.0,21.03,-1.902,entry,25.0
2020-10-16 09:40:00,2020-10-16 11:05:00,LONG,1,11957.5,11940.5,-34.0,38.95,-0.436,entry,85.0
2020-10-19 09:40:00,2020-10-19 09:50:00,LONG,1,11941.5,11897.75,-87.5,33.5,-1.306,entry,10.0
2020-10-20 09:40:00,2020-10-20 09:55:00,SHORT,1,11673.5,11703.0,-59.0,18.68,-1.579,entry,15.0
2020-10-21 09:40:00,2020-10-21 10:55:00,LONG,1,11733.5,11701.75,-63.5,47.4,-0.67,entry,75.0
2020-10-22 09:40:00,2020-10-22 10:00:00,LONG,1,11704.0,11650.5,-107.0,44.2,-1.211,entry,20.0
2020-10-23 09:40:00,2020-10-23 11:10:00,SHORT,1,11613.75,11631.5,-35.5,36.81,-0.482,entry,90.0
2020-10-26 09:40:00,2020-10-26 10:30:00,LONG,1,11637.75,11601.75,-72.0,39.83,-0.904,entry,50.0
2020-10-27 09:40:00,2020-10-27 09:45:00,LONG,1,11558.75,11529.75,-58.0,29.78,-0.974,entry,5.0
2020-10-28 09:40:00,2020-10-28 15:55:00,SHORT,1,11339.75,11137.5,404.5,106.05,1.907,entry,375.0
2020-10-29 09:40:00,2020-10-29 09:50:00,SHORT,1,11191.0,11246.25,-110.5,26.78,-2.063,entry,10.0
2020-10-30 09:45:00,2020-10-30 15:55:00,SHORT,1,11143.5,11055.25,176.5,40.52,2.178,entry,370.0
2020-11-02 09:40:00,2020-11-02 10:35:00,LONG,1,11165.75,11127.5,-76.5,58.73,-0.651,entry,55.0
2020-11-03 09:40:00,2020-11-03 13:55:00,LONG,1,11139.0,11225.25,172.5,16.01,5.388,entry,255.0
2020-11-04 09:40:00,2020-11-04 15:55:00,LONG,1,11612.5,11759.75,294.5,84.87,1.735,entry,375.0
2020-11-05 09:40:00,2020-11-05 11:55:00,LONG,1,12033.25,12020.0,-26.5,39.95,-0.332,entry,135.0
2020-11-06 09:40:00,2020-11-06 10:15:00,SHORT,1,11919.0,11973.5,-109.0,61.81,-0.882,entry,35.0
2020-11-09 09:40:00,2020-11-09 10:00:00,SHORT,1,12110.25,12214.0,-207.5,103.19,-1.005,entry,20.0
2020-11-10 09:40:00,2020-11-10 11:40:00,SHORT,1,11652.5,11703.75,-102.5,63.52,-0.807,entry,120.0
2020-11-11 09:40:00,2020-11-11 15:55:00,LONG,1,11820.5,11880.0,119.0,116.65,0.51,entry,375.0
2020-11-12 09:40:00,2020-11-12 09:45:00,LONG,1,11939.75,11891.0,-97.5,47.08,-1.035,entry,5.0
2020-11-13 09:40:00,2020-11-13 09:55:00,LONG,1,11908.75,11881.75,-54.0,22.16,-1.218,entry,15.0
2020-11-16 09:40:00,2020-11-16 09:50:00,LONG,1,11979.75,11941.25,-77.0,18.09,-2.129,entry,10.0
2020-11-17 09:40:00,2020-11-17 10:40:00,SHORT,1,11995.75,12017.5,-43.5,31.33,-0.694,entry,60.0
2020-11-18 09:50:00,2020-11-18 10:45:00,SHORT,1,11932.5,11969.75,-74.5,39.33,-0.947,entry,55.0
2020-11-19 09:40:00,2020-11-19 15:55:00,LONG,1,11893.25,11981.25,176.0,29.37,2.996,entry,375.0
2020-11-20 09:50:00,2020-11-20 10:20:00,SHORT,1,11960.5,11984.75,-48.5,19.24,-1.26,entry,30.0
2020-11-23 09:40:00,2020-11-23 10:05:00,LONG,1,11974.25,11928.5,-91.5,23.61,-1.938,entry,25.0
2020-11-24 09:40:00,2020-11-24 10:05:00,SHORT,1,11891.25,11932.25,-82.0,47.97,-0.855,entry,25.0
2020-11-25 09:50:00,2020-11-25 10:00:00,LONG,1,12139.0,12092.75,-92.5,17.78,-2.601,entry,10.0
2020-11-26 12:10:00,2020-11-26 12:55:00,SHORT,1,12176.75,12153.75,46.0,16.0,1.438,entry,45.0
2020-11-27 09:40:00,2020-11-27 12:20:00,LONG,1,12240.0,12241.25,2.5,34.92,0.036,entry,160.0
2020-11-30 09:40:00,2020-11-30 13:05:00,SHORT,1,12248.5,12222.5,52.0,17.8,1.461,entry,205.0
2020-12-01 09:45:00,2020-12-01 10:35:00,LONG,1,12381.0,12353.75,-54.5,11.06,-2.463,entry,50.0
2020-12-02 09:40:00,2020-12-02 10:10:00,SHORT,1,12321.75,12396.5,-149.5,75.3,-0.993,entry,30.0
2020-12-03 09:45:00,2020-12-03 10:55:00,LONG,1,12496.25,12480.25,-32.0,16.17,-0.99,entry,70.0
2020-12-04 09:50:00,2020-12-04 10:25:00,LONG,1,12499.75,12476.25,-47.0,13.03,-1.803,entry,35.0
2020-12-07 09:40:00,2020-12-07 13:10:00,LONG,1,12574.75,12560.5,-28.5,42.42,-0.336,entry,210.0
2020-12-08 09:45:00,2020-12-08 10:05:00,SHORT,1,12529.5,12562.0,-65.0,33.64,-0.966,entry,20.0
2020-12-09 10:00:00,2020-12-09 15:55:00,SHORT,1,12615.25,12355.25,520.0,12.14,21.412,entry,355.0
2020-12-10 09:45:00,2020-12-10 15:55:00,LONG,1,12340.5,12398.0,115.0,35.59,1.616,entry,370.0
2020-12-11 09:40:00,2020-12-11 10:10:00,SHORT,1,12277.25,12353.0,-151.5,56.86,-1.332,entry,30.0
2020-12-14 09:40:00,2020-12-14 13:05:00,LONG,1,12492.0,12472.75,-38.5,51.59,-0.373,entry,205.0
2020-12-15 09:40:00,2020-12-15 10:35:00,LONG,1,12556.75,12535.0,-43.5,26.12,-0.833,entry,55.0
2020-12-16 09:40:00,2020-12-16 10:00:00,SHORT,1,12582.75,12614.75,-64.0,28.57,-1.12,entry,20.0
2020-12-17 09:40:00,2020-12-17 10:00:00,LONG,1,12740.5,12726.25,-28.5,11.61,-1.228,entry,20.0
2020-12-18 09:40:00,2020-12-18 15:55:00,SHORT,1,12743.5,12702.5,82.0,10.0,4.099,entry,375.0
2020-12-21 09:40:00,2020-12-21 11:40:00,SHORT,1,12607.25,12583.25,48.0,22.1,1.086,entry,120.0
2020-12-22 09:45:00,2020-12-22 10:10:00,LONG,1,12725.75,12694.75,-62.0,18.7,-1.658,entry,25.0
2020-12-23 09:40:00,2020-12-23 10:10:00,SHORT,1,12675.5,12699.0,-47.0,24.26,-0.969,entry,30.0
2020-12-24 09:40:00,2020-12-24 10:55:00,LONG,1,12712.25,12680.0,-64.5,40.03,-0.806,entry,75.0
2020-12-28 09:40:00,2020-12-28 10:05:00,LONG,1,12799.75,12764.5,-70.5,16.13,-2.185,entry,25.0
2020-12-29 09:40:00,2020-12-29 09:55:00,LONG,1,12901.5,12859.75,-83.5,14.65,-2.85,entry,15.0
2020-12-30 09:40:00,2020-12-30 11:30:00,SHORT,1,12867.75,12865.75,4.0,10.13,0.197,entry,110.0
2020-12-31 09:45:00,2020-12-31 10:00:00,SHORT,1,12829.75,12852.5,-45.5,15.32,-1.485,entry,15.0
2021-01-04 09:40:00,2021-01-04 09:45:00,SHORT,1,12891.0,12906.5,-31.0,11.49,-1.349,entry,5.0
2021-01-05 09:40:00,2021-01-05 11:15:00,LONG,1,12747.75,12699.5,-96.5,58.91,-0.819,entry,95.0
2021-01-06 09:40:00,2021-01-06 09:45:00,SHORT,1,12612.25,12645.25,-66.0,11.19,-2.949,entry,5.0
2021-01-07 09:40:00,2021-01-07 15:55:00,LONG,1,12804.5,12925.5,242.0,78.82,1.535,entry,375.0
2021-01-08 09:40:00,2021-01-08 10:25:00,LONG,1,13038.5,12958.75,-159.5,48.17,-1.656,entry,45.0
2021-01-11 09:40:00,2021-01-11 10:25:00,SHORT,1,12925.0,12990.0,-130.0,71.69,-0.907,entry,45.0
2021-01-12 09:45:00,2021-01-12 10:15:00,SHORT,1,12886.25,12911.5,-50.5,33.87,-0.745,entry,30.0
2021-01-13 09:40:00,2021-01-13 09:45:00,SHORT,1,12868.25,12910.5,-84.5,19.99,-2.114,entry,5.0
2021-01-14 09:40:00,2021-01-14 11:35:00,LONG,1,12987.75,12977.0,-21.5,12.12,-0.887,entry,115.0
2021-01-15 09:40:00,2021-01-15 10:00:00,LONG,1,12903.25,12857.75,-91.0,11.96,-3.804,entry,20.0
2021-01-18 09:40:00,2021-01-18 12:55:00,LONG,1,12793.25,12814.0,41.5,15.62,1.328,entry,195.0
2021-01-19 09:40:00,2021-01-19 10:10:00,SHORT,1,12896.0,12910.0,-28.0,9.95,-1.406,entry,30.0
2021-01-20 09:40:00,2021-01-20 15:55:00,LONG,1,13183.5,13285.5,204.0,77.98,1.308,entry,375.0
2021-01-21 09:40:00,2021-01-21 10:10:00,SHORT,1,13303.5,13364.5,-122.0,32.66,-1.868,entry,30.0
2021-01-22 09:40:00,2021-01-22 10:25:00,LONG,1,13356.5,13348.0,-17.0,15.2,-0.559,entry,45.0
2021-01-25 09:40:00,2021-01-25 10:35:00,LONG,1,13547.0,13503.25,-87.5,58.18,-0.752,entry,55.0
2021-01-26 09:40:00,2021-01-26 09:50:00,SHORT,1,13440.75,13464.5,-47.5,17.46,-1.36,entry,10.0
2021-01-27 09:40:00,2021-01-27 10:20:00,SHORT,1,13231.25,13363.5,-264.5,174.44,-0.758,entry,40.0
2021-01-28 09:40:00,2021-01-28 15:55:00,LONG,1,13236.75,13185.75,-102.0,180.85,-0.282,entry,375.0
2021-01-29 09:40:00,2021-01-29 09:55:00,SHORT,1,13014.75,13082.75,-136.0,39.72,-1.712,entry,15.0
2021-02-01 09:40:00,2021-02-01 09:50:00,LONG,1,13064.0,12976.0,-176.0,82.01,-1.073,entry,10.0
2021-02-02 09:40:00,2021-02-02 15:55:00,LONG,1,13397.75,13448.5,101.5,58.19,0.872,entry,375.0
2021-02-03 09:40:00,2021-02-03 09:55:00,SHORT,1,13485.5,13526.5,-82.0,34.02,-1.205,entry,15.0
2021-02-04 09:45:00,2021-02-04 10:00:00,LONG,1,13458.75,13393.0,-131.5,26.76,-2.457,entry,15.0
2021-02-05 09:50:00,2021-02-05 10:50:00,SHORT,1,13561.5,13568.5,-14.0,14.13,-0.496,entry,60.0
2021-02-08 10:00:00,2021-02-08 10:20:00,LONG,1,13674.5,13646.5,-56.0,19.21,-1.458,entry,20.0
2021-02-09 09:50:00,2021-02-09 11:10:00,LONG,1,13692.5,13687.0,-11.0,23.09,-0.238,entry,80.0
2021-02-10 09:40:00,2021-02-10 09:45:00,SHORT,1,13723.0,13735.5,-25.0,10.51,-1.189,entry,5.0
2021-02-11 09:40:00,2021-02-11 09:50:00,LONG,1,13709.25,13689.5,-39.5,16.35,-1.208,entry,10.0
2021-02-12 10:10:00,2021-02-12 10:15:00,LONG,1,13706.75,13685.75,-42.0,11.83,-1.775,entry,5.0
2021-02-15 09:40:00,2021-02-15 12:55:00,LONG,1,13855.0,13872.0,34.0,9.68,1.757,entry,195.0
2021-02-16 10:10:00,2021-02-16 10:25:00,SHORT,1,13826.0,13864.25,-76.5,28.85,-1.326,entry,15.0
2021-02-17 09:40:00,2021-02-17 13:05:00,SHORT,1,13655.25,13664.5,-18.5,42.39,-0.218,entry,205.0
2021-02-18 09:40:00,2021-02-18 11:15:00,SHORT,1,13562.75,13565.25,-5.0,40.11,-0.062,entry,95.0
2021-02-19 09:40:00,2021-02-19 09:45:00,LONG,1,13669.5,13648.25,-42.5,14.98,-1.419,entry,5.0
2021-02-22 09:40:00,2021-02-22 15:55:00,SHORT,1,13405.0,13227.0,356.0,42.95,4.144,entry,375.0
2021-02-23 09:40:00,2021-02-23 10:25:00,SHORT,1,12827.25,13025.5,-396.5,237.91,-0.833,entry,45.0
2021-02-24 09:40:00,2021-02-24 11:00:00,SHORT,1,13029.25,13117.0,-175.5,117.36,-0.748,entry,80.0
2021-02-25 09:55:00,2021-02-25 15:55:00,SHORT,1,13219.75,12826.25,787.0,24.35,16.16,entry,360.0
2021-02-26 09:40:00,2021-02-26 10:05:00,LONG,1,12985.25,12814.25,-342.0,144.61,-1.183,entry,25.0
2021-03-01 09:45:00,2021-03-01 09:50:00,SHORT,1,13053.5,13087.75,-68.5,16.19,-2.116,entry,5.0
2021-03-02 09:40:00,2021-03-02 10:05:00,SHORT,1,13227.25,13242.0,-29.5,19.29,-0.764,entry,25.0
2021-03-03 09:40:00,2021-03-03 15:55:00,SHORT,1,12950.25,12680.75,539.0,121.32,2.221,entry,375.0
2021-03-04 09:40:00,2021-03-04 09:45:00,LONG,1,12717.25,12614.75,-205.0,73.41,-1.396,entry,5.0
2021-03-05 09:40:00,2021-03-05 09:45:00,LONG,1,12493.75,12440.5,-106.5,41.79,-1.274,entry,5.0
2021-03-08 09:40:00,2021-03-08 11:35:00,LONG,1,12676.25,12579.0,-194.5,124.65,-0.78,entry,115.0
2021-03-09 09:40:00,2021-03-09 15:55:00,LONG,1,12603.75,12787.0,366.5,83.17,2.203,entry,375.0
2021-03-10 09:40:00,2021-03-10 10:20:00,LONG,1,12913.25,12847.0,-132.5,77.83,-0.851,entry,40.0
2021-03-11 09:45:00,2021-03-11 10:15:00,LONG,1,12962.0,12923.5,-77.0,31.38,-1.227,entry,30.0
2021-03-12 09:40:00,2021-03-12 12:10:00,SHORT,1,12852.25,12890.75,-77.0,51.95,-0.741,entry,150.0
2021-03-15 09:50:00,2021-03-15 10:20:00,LONG,1,12953.0,12930.5,-45.0,23.34,-0.964,entry,30.0
2021-03-16 09:40:00,2021-03-16 12:20:00,LONG,1,13189.75,13192.5,5.5,57.39,0.048,entry,160.0
2021-03-17 09:40:00,2021-03-17 10:10:00,SHORT,1,12995.25,13043.0,-95.5,45.36,-1.053,entry,30.0
2021-03-18 09:40:00,2021-03-18 15:55:00,SHORT,1,12967.75,12782.0,371.5,92.85,2.0,entry,375.0
2021-03-19 09:40:00,2021-03-19 10:35:00,SHORT,1,12746.5,12816.0,-139.0,64.52,-1.077,entry,55.0
2021-03-22 09:40:00,2021-03-22 15:55:00,LONG,1,12961.5,13070.75,218.5,42.94,2.544,entry,375.0
2021-03-23 10:00:00,2021-03-23 10:30:00,LONG,1,13090.0,13066.5,-47.0,23.31,-1.008,entry,30.0
2021-03-24 09:40:00,2021-03-24 11:00:00,SHORT,1,13010.25,13021.75,-23.0,53.24,-0.216,entry,80.0
2021-03-25 09:50:00,2021-03-25 09:55:00,SHORT,1,12752.5,12789.0,-73.0,21.7,-1.682,entry,5.0
2021-03-26 09:45:00,2021-03-26 10:20:00,LONG,1,12821.0,12789.0,-64.0,36.17,-0.885,entry,35.0
2021-03-29 09:45:00,2021-03-29 09:50:00,LONG,1,12929.0,12894.25,-69.5,19.08,-1.822,entry,5.0
2021-03-30 09:40:00,2021-03-30 10:40:00,SHORT,1,12821.75,12870.0,-96.5,57.94,-0.833,entry,60.0
2021-03-31 09:40:00,2021-03-31 15:55:00,LONG,1,13000.5,13084.5,168.0,64.77,1.297,entry,375.0
2021-04-01 09:40:00,2021-04-01 15:55:00,LONG,1,13281.25,13314.25,66.0,69.93,0.472,entry,375.0
2021-04-05 09:40:00,2021-04-05 15:55:00,LONG,1,13438.75,13581.75,286.0,57.16,2.502,entry,375.0
2021-04-06 09:50:00,2021-04-06 10:30:00,LONG,1,13590.25,13574.5,-31.5,19.66,-0.801,entry,40.0
2021-04-07 09:50:00,2021-04-07 11:35:00,LONG,1,13575.75,13570.25,-11.0,15.62,-0.352,entry,105.0
2021-04-08 09:40:00,2021-04-08 09:45:00,LONG,1,13726.75,13709.0,-35.5,18.21,-0.975,entry,5.0
2021-04-09 09:40:00,2021-04-09 10:00:00,SHORT,1,13702.0,13732.0,-60.0,20.46,-1.467,entry,20.0
2021-04-12 09:45:00,2021-04-12 10:15:00,SHORT,1,13763.5,13799.5,-72.0,30.67,-1.174,entry,30.0
2021-04-13 09:40:00,2021-04-13 15:55:00,LONG,1,13922.75,13975.5,105.5,74.11,0.712,entry,375.0
2021-04-14 09:45:00,2021-04-14 15:55:00,SHORT,1,13963.25,13808.5,309.5,16.08,9.621,entry,370.0
2021-04-15 09:40:00,2021-04-15 15:55:00,LONG,1,13961.0,14016.0,110.0,61.21,0.899,entry,375.0
2021-04-16 09:40:00,2021-04-16 10:05:00,SHORT,1,13989.5,14012.25,-45.5,13.03,-1.747,entry,25.0
2021-04-19 10:00:00,2021-04-19 15:55:00,SHORT,1,13958.0,13904.0,108.0,37.47,1.441,entry,355.0
2021-04-20 09:40:00,2021-04-20 10:00:00,LONG,1,13895.25,13876.25,-38.0,12.2,-1.558,entry,20.0
2021-04-21 09:40:00,2021-04-21 09:45:00,SHORT,1,13727.75,13776.25,-97.0,16.52,-2.935,entry,5.0
2021-04-22 09:40:00,2021-04-22 10:20:00,SHORT,1,13874.0,13893.0,-38.0,25.6,-0.742,entry,40.0
2021-04-23 09:40:00,2021-04-23 15:55:00,LONG,1,13804.25,13925.0,241.5,23.75,5.084,entry,375.0
2021-04-26 09:40:00,2021-04-26 09:50:00,LONG,1,13937.0,13913.25,-47.5,19.91,-1.193,entry,10.0
2021-04-27 09:40:00,2021-04-27 12:35:00,SHORT,1,13987.75,13977.25,21.0,33.22,0.316,entry,175.0
2021-04-28 09:40:00,2021-04-28 09:45:00,SHORT,1,13914.0,13944.5,-61.0,15.69,-1.944,entry,5.0
2021-04-29 09:45:00,2021-04-29 14:30:00,SHORT,1,14012.5,13951.25,122.5,10.47,5.851,entry,285.0
2021-04-30 09:55:00,2021-04-30 11:00:00,LONG,1,13906.75,13892.5,-28.5,28.33,-0.503,entry,65.0
2021-05-03 09:40:00,2021-05-03 09:50:00,SHORT,1,13867.75,13886.0,-36.5,16.75,-1.09,entry,10.0
2021-05-04 09:40:00,2021-05-04 15:55:00,SHORT,1,13594.5,13543.25,102.5,96.05,0.534,entry,375.0
2021-05-05 09:40:00,2021-05-05 09:55:00,LONG,1,13643.5,13595.5,-96.0,42.63,-1.126,entry,15.0
2021-05-06 09:40:00,2021-05-06 10:50:00,SHORT,1,13472.75,13474.0,-2.5,22.2,-0.056,entry,70.0
2021-05-07 09:45:00,2021-05-07 12:35:00,LONG,1,13746.5,13725.75,-41.5,46.94,-0.442,entry,170.0
2021-05-10 09:40:00,2021-05-10 15:55:00,SHORT,1,13552.5,13356.25,392.5,92.46,2.123,entry,375.0
2021-05-11 09:40:00,2021-05-11 10:25:00,LONG,1,13216.5,13168.75,-95.5,38.74,-1.233,entry,45.0
2021-05-12 09:40:00,2021-05-12 15:55:00,SHORT,1,13178.75,12998.5,360.5,46.88,3.845,entry,375.0
2021-05-13 09:40:00,2021-05-13 11:25:00,LONG,1,13119.0,13096.75,-44.5,69.46,-0.32,entry,105.0
2021-05-14 09:40:00,2021-05-14 15:55:00,LONG,1,13223.5,13384.5,322.0,20.63,7.803,entry,375.0
2021-05-17 09:40:00,2021-05-17 15:50:00,SHORT,1,13308.75,13289.5,38.5,35.6,0.541,entry,370.0
2021-05-18 09:40:00,2021-05-18 10:15:00,SHORT,1,13328.75,13354.25,-51.0,35.07,-0.727,entry,35.0
2021-05-19 09:45:00,2021-05-19 10:15:00,SHORT,1,13045.0,13062.75,-35.5,22.67,-0.783,entry,30.0
2021-05-20 09:40:00,2021-05-20 15:55:00,LONG,1,13376.0,13486.5,221.0,120.97,0.913,entry,375.0
2021-05-21 09:40:00,2021-05-21 09:50:00,SHORT,1,13501.25,13523.75,-45.0,24.08,-0.934,entry,10.0
2021-05-24 09:40:00,2021-05-24 15:55:00,LONG,1,13572.5,13637.5,130.0,95.03,0.684,entry,375.0
2021-05-25 09:50:00,2021-05-25 15:55:00,SHORT,1,13663.75,13656.25,15.0,27.44,0.273,entry,365.0
2021-05-26 09:40:00,2021-05-26 10:25:00,SHORT,1,13680.5,13696.5,-32.0,17.11,-0.935,entry,45.0
2021-05-27 09:45:00,2021-05-27 10:00:00,SHORT,1,13651.5,13665.5,-28.0,12.58,-1.113,entry,15.0
2021-05-28 09:40:00,2021-05-28 10:25:00,LONG,1,13726.5,13697.75,-57.5,24.36,-1.18,entry,45.0
2021-05-31 09:40:00,2021-05-31 12:55:00,SHORT,1,13671.5,13654.75,33.5,19.89,0.842,entry,195.0
2021-06-01 09:40:00,2021-06-01 09:50:00,LONG,1,13753.25,13716.0,-74.5,25.56,-1.458,entry,10.0
2021-06-02 09:40:00,2021-06-02 12:20:00,LONG,1,13682.5,13667.25,-30.5,27.18,-0.561,entry,160.0
2021-06-03 09:40:00,2021-06-03 10:55:00,SHORT,1,13489.75,13578.75,-178.0,92.39,-0.963,entry,75.0
2021-06-04 09:40:00,2021-06-04 15:55:00,LONG,1,13676.75,13766.5,179.5,108.88,0.824,entry,375.0
2021-06-07 09:45:00,2021-06-07 09:50:00,LONG,1,13755.5,13736.0,-39.0,16.22,-1.202,entry,5.0
2021-06-08 09:40:00,2021-06-08 09:50:00,LONG,1,13910.25,13852.25,-116.0,58.35,-0.994,entry,10.0
2021-06-09 09:40:00,2021-06-09 10:00:00,LONG,1,13883.0,13854.25,-57.5,33.98,-0.846,entry,20.0
2021-06-10 09:40:00,2021-06-10 10:50:00,LONG,1,13917.0,13832.25,-169.5,98.67,-0.859,entry,70.0
2021-06-11 09:50:00,2021-06-11 10:00:00,LONG,1,13984.5,13966.75,-35.5,16.03,-1.107,entry,10.0
2021-06-14 09:45:00,2021-06-14 10:00:00,LONG,1,14032.0,13999.0,-66.0,25.9,-1.274,entry,15.0
2021-06-15 09:40:00,2021-06-15 09:50:00,SHORT,1,14101.5,14114.0,-25.0,11.58,-1.079,entry,10.0
2021-06-16 09:40:00,2021-06-16 10:40:00,LONG,1,14064.75,14057.75,-14.0,19.54,-0.358,entry,60.0
2021-06-17 09:40:00,2021-06-17 15:55:00,LONG,1,13989.75,14156.25,333.0,65.35,2.548,entry,375.0
2021-06-18 09:45:00,2021-06-18 10:35:00,SHORT,1,14100.25,14124.5,-48.5,21.95,-1.105,entry,50.0
2021-06-21 09:40:00,2021-06-21 09:50:00,SHORT,1,14011.5,14042.25,-61.5,28.96,-1.062,entry,10.0
2021-06-22 10:00:00,2021-06-22 15:55:00,LONG,1,14154.25,14257.75,207.0,17.89,5.786,entry,355.0
2021-06-23 09:40:00,2021-06-23 09:50:00,LONG,1,14294.75,14276.75,-36.0,17.18,-1.048,entry,10.0
2021-06-24 09:40:00,2021-06-24 12:55:00,LONG,1,14372.75,14370.0,-5.5,32.14,-0.086,entry,195.0
2021-06-25 09:40:00,2021-06-25 09:45:00,LONG,1,14384.25,14366.0,-36.5,13.31,-1.371,entry,5.0
2021-06-28 09:40:00,2021-06-28 15:55:00,LONG,1,14450.25,14511.25,122.0,55.0,1.109,entry,375.0
2021-06-29 09:40:00,2021-06-29 10:10:00,LONG,1,14520.75,14493.0,-55.5,26.95,-1.03,entry,30.0
2021-06-30 09:50:00,2021-06-30 10:20:00,SHORT,1,14549.5,14554.0,-9.0,8.14,-0.553,entry,30.0
2021-07-01 09:50:00,2021-07-01 10:00:00,SHORT,1,14535.5,14550.5,-30.0,12.89,-1.164,entry,10.0
2021-07-02 09:40:00,2021-07-02 15:55:00,LONG,1,14651.0,14714.75,127.5,49.31,1.293,entry,375.0
2021-07-05 12:50:00,2021-07-05 12:55:00,SHORT,1,14691.0,14693.25,-4.5,8.7,-0.259,entry,5.0
2021-07-06 09:40:00,2021-07-06 10:30:00,LONG,1,14750.5,14727.25,-46.5,24.29,-0.957,entry,50.0
2021-07-07 09:40:00,2021-07-07 10:00:00,LONG,1,14852.0,14802.25,-99.5,22.13,-2.248,entry,20.0
2021-07-08 09:40:00,2021-07-08 10:25:00,SHORT,1,14591.0,14644.0,-106.0,57.36,-0.924,entry,45.0
2021-07-09 09:45:00,2021-07-09 15:55:00,LONG,1,14716.5,14810.25,187.5,16.48,5.689,entry,370.0
2021-07-12 09:40:00,2021-07-12 09:45:00,LONG,1,14854.75,14829.25,-51.0,13.08,-1.949,entry,5.0
2021-07-13 09:45:00,2021-07-13 13:15:00,LONG,1,14899.75,14905.0,10.5,34.31,0.153,entry,210.0
2021-07-14 09:40:00,2021-07-14 11:25:00,LONG,1,14953.5,14918.75,-69.5,32.16,-1.081,entry,105.0
2021-07-15 09:40:00,2021-07-15 09:55:00,SHORT,1,14813.5,14893.0,-159.0,69.89,-1.137,entry,15.0
2021-07-16 09:40:00,2021-07-16 10:00:00,LONG,1,14831.0,14809.75,-42.5,17.71,-1.2,entry,20.0
2021-07-19 09:40:00,2021-07-19 11:00:00,SHORT,1,14568.25,14543.75,49.0,11.37,2.154,entry,80.0
2021-07-20 09:40:00,2021-07-20 09:55:00,SHORT,1,14535.0,14585.75,-101.5,54.22,-0.936,entry,15.0
2021-07-21 09:40:00,2021-07-21 15:55:00,LONG,1,14733.0,14828.0,190.0,15.52,6.122,entry,375.0
2021-07-22 09:40:00,2021-07-22 12:05:00,LONG,1,14888.0,14863.0,-50.0,30.58,-0.817,entry,145.0
2021-07-23 09:40:00,2021-07-23 09:45:00,SHORT,1,14951.75,14978.0,-52.5,21.55,-1.218,entry,5.0
2021-07-26 09:50:00,2021-07-26 12:40:00,LONG,1,15094.0,15089.25,-9.5,14.96,-0.317,entry,170.0
2021-07-27 09:40:00,2021-07-27 15:05:00,SHORT,1,15052.75,14939.25,227.0,35.92,3.16,entry,325.0
2021-07-28 09:40:00,2021-07-28 09:55:00,SHORT,1,14908.75,14978.75,-140.0,47.47,-1.475,entry,15.0
2021-07-29 09:40:00,2021-07-29 15:25:00,LONG,1,15056.5,15033.75,-45.5,52.13,-0.436,entry,345.0
2021-07-30 09:40:00,2021-07-30 15:55:00,LONG,1,14913.5,14954.75,82.5,41.45,0.995,entry,375.0
2021-08-02 09:40:00,2021-08-02 10:10:00,SHORT,1,14955.25,14998.25,-86.0,57.86,-0.743,entry,30.0
2021-08-03 09:50:00,2021-08-03 11:40:00,SHORT,1,14933.5,14968.5,-70.0,39.53,-0.885,entry,110.0
2021-08-04 09:40:00,2021-08-04 09:45:00,LONG,1,15054.5,15043.5,-22.0,9.24,-1.19,entry,5.0
2021-08-05 09:45:00,2021-08-05 15:55:00,LONG,1,15117.75,15166.25,97.0,19.44,2.495,entry,370.0
2021-08-06 09:45:00,2021-08-06 15:55:00,SHORT,1,15117.5,15096.25,42.5,13.4,1.586,entry,370.0
2021-08-09 09:40:00,2021-08-09 11:10:00,LONG,1,15093.25,15093.5,0.5,10.93,0.023,entry,90.0
2021-08-10 09:40:00,2021-08-10 10:05:00,LONG,1,15140.0,15126.75,-26.5,10.19,-1.3,entry,25.0
2021-08-11 09:40:00,2021-08-11 09:55:00,LONG,1,15070.75,15057.5,-26.5,11.23,-1.18,entry,15.0
2021-08-12 09:40:00,2021-08-12 10:10:00,SHORT,1,14958.75,14985.25,-53.0,33.78,-0.785,entry,30.0
2021-08-13 09:45:00,2021-08-13 12:30:00,LONG,1,15100.25,15099.0,-2.5,20.49,-0.061,entry,165.0
2021-08-16 09:45:00,2021-08-16 12:45:00,SHORT,1,15075.5,15015.5,120.0,18.36,3.268,entry,180.0
2021-08-17 09:40:00,2021-08-17 10:40:00,SHORT,1,15030.0,15050.0,-40.0,19.12,-1.046,entry,60.0
2021-08-18 09:50:00,2021-08-18 10:40:00,LONG,1,15019.5,14994.0,-51.0,24.92,-1.023,entry,50.0
2021-08-19 09:40:00,2021-08-19 15:55:00,LONG,1,14800.5,14929.0,257.0,14.77,8.702,entry,375.0
2021-08-20 09:40:00,2021-08-20 15:55:00,LONG,1,14991.25,15083.5,184.5,57.0,1.618,entry,375.0
2021-08-23 09:40:00,2021-08-23 15:55:00,LONG,1,15185.5,15306.25,241.5,44.92,2.688,entry,375.0
2021-08-24 09:50:00,2021-08-24 10:00:00,SHORT,1,15330.5,15350.0,-39.0,9.9,-1.969,entry,10.0
2021-08-25 09:40:00,2021-08-25 09:50:00,LONG,1,15385.25,15365.5,-39.5,16.2,-1.219,entry,10.0
2021-08-26 09:40:00,2021-08-26 09:55:00,LONG,1,15349.75,15335.0,-29.5,12.08,-1.222,entry,15.0
2021-08-27 09:40:00,2021-08-27 10:00:00,SHORT,1,15303.0,15361.0,-116.0,7.81,-7.425,entry,20.0
2021-08-30 09:40:00,2021-08-30 15:55:00,LONG,1,15504.75,15599.25,189.0,42.16,2.242,entry,375.0
2021-08-31 09:40:00,2021-08-31 11:35:00,SHORT,1,15547.5,15575.0,-55.0,48.79,-0.564,entry,115.0
2021-09-01 09:40:00,2021-09-01 14:30:00,LONG,1,15670.0,15642.5,-55.0,38.97,-0.706,entry,290.0
2021-09-02 09:40:00,2021-09-02 10:00:00,LONG,1,15664.5,15633.75,-61.5,19.29,-1.594,entry,20.0
2021-09-03 09:40:00,2021-09-03 09:55:00,SHORT,1,15588.5,15640.5,-104.0,11.33,-4.59,entry,15.0
2021-09-06 09:40:00,2021-09-06 12:55:00,LONG,1,15690.5,15701.25,21.5,12.07,0.891,entry,195.0
2021-09-07 09:45:00,2021-09-07 10:30:00,SHORT,1,15638.75,15648.0,-18.5,16.7,-0.554,entry,45.0
2021-09-08 09:40:00,2021-09-08 10:10:00,SHORT,1,15618.25,15649.25,-62.0,29.8,-1.04,entry,30.0
2021-09-09 09:40:00,2021-09-09 11:20:00,LONG,1,15670.25,15627.75,-85.0,60.42,-0.703,entry,100.0
2021-09-10 09:40:00,2021-09-10 10:00:00,LONG,1,15654.5,15622.25,-64.5,35.72,-0.903,entry,20.0
2021-09-13 09:40:00,2021-09-13 12:55:00,SHORT,1,15449.75,15435.0,29.5,38.78,0.38,entry,195.0
2021-09-14 09:40:00,2021-09-14 09:50:00,LONG,1,15470.0,15440.25,-59.5,8.82,-3.374,entry,10.0
2021-09-15 09:40:00,2021-09-15 11:00:00,SHORT,1,15342.25,15372.0,-59.5,50.57,-0.588,entry,80.0
2021-09-16 09:40:00,2021-09-16 12:15:00,SHORT,1,15428.25,15426.5,3.5,32.44,0.054,entry,155.0
2021-09-17 09:40:00,2021-09-17 15:55:00,SHORT,1,15422.75,15322.0,201.5,49.49,2.036,entry,375.0
2021-09-20 09:40:00,2021-09-20 15:55:00,SHORT,1,15140.0,15004.5,271.0,15.56,8.709,entry,375.0
2021-09-21 09:45:00,2021-09-21 09:55:00,LONG,1,15123.5,15067.25,-112.5,42.18,-1.334,entry,10.0
2021-09-22 09:40:00,2021-09-22 09:50:00,SHORT,1,15021.75,15049.5,-55.5,19.61,-1.415,entry,10.0
2021-09-23 09:40:00,2021-09-23 15:55:00,LONG,1,15259.25,15299.5,80.5,32.84,1.226,entry,375.0
2021-09-24 09:45:00,2021-09-24 09:55:00,SHORT,1,15203.0,15247.25,-88.5,30.69,-1.442,entry,10.0
2021-09-27 09:40:00,2021-09-27 10:45:00,SHORT,1,15108.0,15204.5,-193.0,122.15,-0.79,entry,65.0
2021-09-28 09:40:00,2021-09-28 15:55:00,SHORT,1,14928.5,14764.25,328.5,93.57,1.755,entry,375.0
2021-09-29 09:40:00,2021-09-29 09:45:00,SHORT,1,14795.5,14869.5,-148.0,47.86,-1.546,entry,5.0
2021-09-30 09:40:00,2021-09-30 10:10:00,LONG,1,14837.25,14819.75,-35.0,10.83,-1.616,entry,30.0
2021-10-01 09:40:00,2021-10-01 11:10:00,SHORT,1,14631.5,14657.5,-52.0,19.11,-1.36,entry,90.0
2021-10-04 09:40:00,2021-10-04 15:55:00,SHORT,1,14596.25,14468.0,256.5,102.02,1.257,entry,375.0
2021-10-05 09:40:00,2021-10-05 15:55:00,LONG,1,14538.75,14658.5,239.5,31.09,3.852,entry,375.0
2021-10-06 09:40:00,2021-10-06 09:55:00,LONG,1,14630.5,14538.0,-185.0,89.71,-1.031,entry,15.0
2021-10-07 09:40:00,2021-10-07 14:40:00,LONG,1,14929.0,14922.5,-13.0,38.54,-0.169,entry,300.0
2021-10-08 09:40:00,2021-10-08 15:55:00,SHORT,1,14889.25,14811.0,156.5,13.94,5.615,entry,375.0
2021-10-11 09:40:00,2021-10-11 13:20:00,LONG,1,14824.5,14776.0,-97.0,72.64,-0.668,entry,220.0
2021-10-12 09:45:00,2021-10-12 09:50:00,SHORT,1,14685.0,14706.5,-43.0,11.86,-1.812,entry,5.0
2021-10-13 09:40:00,2021-10-13 10:10:00,LONG,1,14756.75,14678.5,-156.5,60.87,-1.286,entry,30.0
2021-10-14 09:40:00,2021-10-14 15:55:00,LONG,1,14925.75,15037.0,222.5,38.57,2.884,entry,375.0
2021-10-15 09:40:00,2021-10-15 09:55:00,SHORT,1,15060.75,15078.25,-35.0,12.57,-1.393,entry,15.0
2021-10-18 09:40:00,2021-10-18 15:55:00,LONG,1,15111.25,15286.25,350.0,27.02,6.477,entry,375.0
2021-10-19 09:45:00,2021-10-19 09:55:00,LONG,1,15345.5,15322.75,-45.5,23.19,-0.981,entry,10.0
2021-10-20 09:40:00,2021-10-20 09:50:00,LONG,1,15418.75,15401.0,-35.5,16.27,-1.091,entry,10.0
2021-10-21 09:40:00,2021-10-21 15:55:00,LONG,1,15374.5,15475.25,201.5,29.94,3.366,entry,375.0
2021-10-22 09:40:00,2021-10-22 09:45:00,LONG,1,15447.25,15403.0,-88.5,24.01,-1.843,entry,5.0
2021-10-25 09:40:00,2021-10-25 09:50:00,SHORT,1,15355.75,15369.5,-27.5,12.92,-1.064,entry,10.0
2021-10-26 09:40:00,2021-10-26 11:30:00,LONG,1,15646.0,15605.0,-82.0,47.84,-0.857,entry,110.0
2021-10-27 09:40:00,2021-10-27 10:10:00,LONG,1,15624.75,15573.75,-102.0,63.06,-0.809,entry,30.0
2021-10-28 09:40:00,2021-10-28 15:55:00,LONG,1,15666.25,15761.5,190.5,17.06,5.584,entry,375.0
2021-10-29 09:40:00,2021-10-29 15:55:00,LONG,1,15678.0,15840.25,324.5,33.72,4.812,entry,375.0
2021-11-01 09:40:00,2021-11-01 11:15:00,SHORT,1,15817.0,15834.0,-34.0,45.58,-0.373,entry,95.0
2021-11-02 09:40:00,2021-11-02 10:10:00,LONG,1,15948.0,15905.5,-85.0,60.88,-0.698,entry,30.0
2021-11-03 10:00:00,2021-11-03 10:20:00,SHORT,1,15939.0,15967.0,-56.0,29.76,-0.941,entry,20.0
2021-11-04 09:40:00,2021-11-04 15:55:00,LONG,1,16203.5,16335.0,263.0,23.53,5.588,entry,375.0
2021-11-05 09:40:00,2021-11-05 09:50:00,LONG,1,16423.5,16382.75,-81.5,39.26,-1.038,entry,10.0
2021-11-08 09:40:00,2021-11-08 09:50:00,LONG,1,16349.75,16333.75,-32.0,13.08,-1.223,entry,10.0
2021-11-09 09:40:00,2021-11-09 09:45:00,LONG,1,16364.25,16327.0,-74.5,14.38,-2.59,entry,5.0
2021-11-10 09:40:00,2021-11-10 09:45:00,SHORT,1,16107.75,16138.75,-62.0,23.17,-1.338,entry,5.0
2021-11-11 09:45:00,2021-11-11 10:20:00,LONG,1,16072.75,16060.5,-24.5,15.98,-0.767,entry,35.0
2021-11-12 09:40:00,2021-11-12 10:00:00,SHORT,1,16025.75,16048.5,-45.5,27.42,-0.83,entry,20.0
2021-11-15 09:40:00,2021-11-15 15:10:00,SHORT,1,16217.75,16178.0,79.5,17.49,2.272,entry,330.0
2021-11-16 09:40:00,2021-11-16 10:25:00,LONG,1,16240.5,16198.25,-84.5,45.41,-0.93,entry,45.0
2021-11-17 09:50:00,2021-11-17 10:05:00,SHORT,1,16282.75,16310.5,-55.5,21.7,-1.279,entry,15.0
2021-11-18 09:45:00,2021-11-18 10:05:00,LONG,1,16412.0,16378.75,-66.5,31.42,-1.058,entry,20.0
2021-11-19 09:40:00,2021-11-19 10:25:00,LONG,1,16563.75,16548.0,-31.5,17.85,-0.882,entry,45.0
2021-11-22 09:40:00,2021-11-22 11:00:00,LONG,1,16711.5,16669.5,-84.0,60.47,-0.695,entry,80.0
2021-11-23 09:40:00,2021-11-23 10:05:00,LONG,1,16353.5,16291.0,-125.0,18.6,-3.361,entry,25.0
2021-11-24 09:40:00,2021-11-24 10:00:00,SHORT,1,16129.75,16225.25,-191.0,98.0,-0.975,entry,20.0
2021-11-25 09:45:00,2021-11-25 11:15:00,LONG,1,16412.0,16395.0,-34.0,15.87,-1.071,entry,90.0
2021-11-26 09:40:00,2021-11-26 13:10:00,SHORT,1,16206.0,16043.5,325.0,33.06,4.915,entry,210.0
2021-11-29 09:40:00,2021-11-29 15:55:00,LONG,1,16255.25,16390.75,271.0,41.73,3.247,entry,375.0
2021-11-30 09:40:00,2021-11-30 10:35:00,LONG,1,16355.75,16354.0,-3.5,19.82,-0.088,entry,55.0
2021-12-01 09:40:00,2021-12-01 09:55:00,SHORT,1,16303.0,16329.25,-52.5,20.86,-1.259,entry,15.0
2021-12-02 09:40:00,2021-12-02 10:10:00,LONG,1,15941.75,15904.0,-75.5,40.39,-0.935,entry,30.0
2021-12-03 09:40:00,2021-12-03 15:55:00,SHORT,1,15949.75,15716.0,467.5,42.55,5.493,entry,375.0
2021-12-06 09:40:00,2021-12-06 10:10:00,SHORT,1,15669.25,15742.75,-147.0,21.5,-3.418,entry,30.0
2021-12-07 09:40:00,2021-12-07 15:55:00,LONG,1,16164.0,16321.5,315.0,100.09,1.574,entry,375.0
2021-12-08 09:40:00,2021-12-08 11:55:00,SHORT,1,16318.25,16326.75,-17.0,28.43,-0.299,entry,135.0
2021-12-09 09:40:00,2021-12-09 09:50:00,LONG,1,16397.5,16361.5,-72.0,31.55,-1.141,entry,10.0
2021-12-10 09:45:00,2021-12-10 10:05:00,SHORT,1,16218.75,16267.0,-96.5,25.32,-1.906,entry,20.0
2021-12-13 09:40:00,2021-12-13 15:55:00,SHORT,1,16310.0,16087.5,445.0,38.25,5.816,entry,375.0
2021-12-14 09:45:00,2021-12-14 15:00:00,SHORT,1,15962.0,15890.25,143.5,17.61,4.073,entry,315.0
2021-12-15 09:40:00,2021-12-15 10:35:00,SHORT,1,15878.5,15902.5,-48.0,28.61,-0.839,entry,55.0
2021-12-16 09:40:00,2021-12-16 15:55:00,SHORT,1,16231.75,15862.25,739.0,109.45,3.376,entry,375.0
2021-12-17 09:40:00,2021-12-17 09:45:00,SHORT,1,15676.0,15795.5,-239.0,81.15,-1.473,entry,5.0
2021-12-20 09:40:00,2021-12-20 09:45:00,LONG,1,15628.25,15565.5,-125.5,20.27,-3.096,entry,5.0
2021-12-21 09:40:00,2021-12-21 11:05:00,SHORT,1,15722.75,15733.0,-20.5,37.02,-0.277,entry,85.0
2021-12-22 09:40:00,2021-12-22 15:55:00,LONG,1,16009.75,16168.5,317.5,58.36,2.72,entry,375.0
2021-12-23 09:55:00,2021-12-23 15:55:00,LONG,1,16233.25,16293.75,121.0,33.75,1.792,entry,360.0
2021-12-27 09:40:00,2021-12-27 15:55:00,LONG,1,16434.75,16560.5,251.5,62.66,2.007,entry,375.0
2021-12-28 09:40:00,2021-12-28 15:55:00,SHORT,1,16560.75,16494.75,132.0,22.43,2.942,entry,375.0
2021-12-29 09:40:00,2021-12-29 09:50:00,SHORT,1,16504.5,16521.0,-33.0,17.05,-0.968,entry,10.0
2021-12-30 09:40:00,2021-12-30 09:55:00,SHORT,1,16467.75,16499.75,-64.0,27.33,-1.171,entry,15.0
2021-12-31 09:45:00,2021-12-31 10:15:00,SHORT,1,16393.5,16413.5,-40.0,23.31,-0.858,entry,30.0
2022-01-03 09:40:00,2022-01-03 09:45:00,LONG,1,16444.25,16348.5,-191.5,27.3,-3.507,entry,5.0
2022-01-04 09:40:00,2022-01-04 15:55:00,SHORT,1,16490.5,16272.75,435.5,15.44,14.103,entry,375.0
2022-01-05 09:45:00,2022-01-05 09:50:00,SHORT,1,16172.0,16202.25,-60.5,18.59,-1.627,entry,5.0
2022-01-06 09:40:00,2022-01-06 09:50:00,LONG,1,15836.75,15740.0,-193.5,95.43,-1.014,entry,10.0
2022-01-07 09:40:00,2022-01-07 10:00:00,LONG,1,15801.25,15745.0,-112.5,58.13,-0.968,entry,20.0
2022-01-10 09:40:00,2022-01-10 13:15:00,SHORT,1,15317.5,15334.75,-34.5,152.6,-0.113,entry,215.0
2022-01-11 09:40:00,2022-01-11 10:00:00,SHORT,1,15498.25,15620.75,-245.0,105.13,-1.165,entry,20.0
2022-01-12 09:40:00,2022-01-12 10:35:00,LONG,1,15912.5,15885.75,-53.5,20.22,-1.323,entry,55.0
2022-01-13 09:40:00,2022-01-13 10:00:00,LONG,1,15958.5,15906.25,-104.5,49.43,-1.057,entry,20.0
2022-01-14 09:40:00,2022-01-14 10:40:00,LONG,1,15524.25,15468.5,-111.5,77.68,-0.718,entry,60.0
2022-01-17 09:45:00,2022-01-17 09:55:00,SHORT,1,15551.75,15576.75,-50.0,23.71,-1.054,entry,10.0
2022-01-18 09:40:00,2022-01-18 10:05:00,SHORT,1,15354.0,15408.0,-108.0,23.73,-2.275,entry,25.0
2022-01-19 09:40:00,2022-01-19 10:35:00,LONG,1,15300.25,15213.25,-174.0,90.39,-0.963,entry,55.0
2022-01-20 09:40:00,2022-01-20 13:05:00,LONG,1,15258.25,15196.0,-124.5,123.66,-0.503,entry,205.0
2022-01-21 09:40:00,2022-01-21 09:45:00,SHORT,1,14671.25,14725.25,-108.0,50.04,-1.079,entry,5.0
2022-01-24 09:40:00,2022-01-24 13:50:00,SHORT,1,14137.0,14151.75,-29.5,210.89,-0.07,entry,250.0
2022-01-25 09:40:00,2022-01-25 10:45:00,SHORT,1,14211.25,14228.0,-33.5,56.95,-0.294,entry,65.0
2022-01-26 09:40:00,2022-01-26 10:40:00,LONG,1,14368.75,14347.25,-43.0,46.72,-0.46,entry,60.0
2022-01-27 09:40:00,2022-01-27 12:15:00,LONG,1,14344.75,14167.75,-354.0,211.98,-0.835,entry,155.0
2022-01-28 09:40:00,2022-01-28 10:15:00,SHORT,1,13897.25,14041.5,-288.5,124.84,-1.155,entry,35.0
2022-01-31 09:40:00,2022-01-31 15:55:00,LONG,1,14561.0,14898.5,675.0,91.42,3.692,entry,375.0
2022-02-01 09:40:00,2022-02-01 10:55:00,SHORT,1,14802.75,14858.5,-111.5,91.63,-0.608,entry,75.0
2022-02-02 09:40:00,2022-02-02 10:05:00,SHORT,1,15085.5,15155.0,-139.0,86.41,-0.804,entry,25.0
2022-02-03 09:45:00,2022-02-03 10:10:00,SHORT,1,14719.0,14763.0,-88.0,48.24,-0.912,entry,25.0
2022-02-04 09:40:00,2022-02-04 10:00:00,SHORT,1,14558.5,14610.25,-103.5,28.22,-1.834,entry,20.0
2022-02-07 09:40:00,2022-02-07 10:15:00,LONG,1,14762.5,14698.0,-129.0,72.49,-0.89,entry,35.0
2022-02-08 09:55:00,2022-02-08 10:40:00,SHORT,1,14522.25,14550.75,-57.0,28.44,-1.002,entry,45.0
2022-02-09 09:40:00,2022-02-09 10:15:00,LONG,1,14917.25,14859.0,-116.5,50.27,-1.159,entry,35.0
2022-02-10 09:40:00,2022-02-10 09:50:00,SHORT,1,14829.5,14912.25,-165.5,48.83,-1.695,entry,10.0
2022-02-11 09:45:00,2022-02-11 09:55:00,LONG,1,14743.75,14639.0,-209.5,86.74,-1.208,entry,10.0
2022-02-14 09:40:00,2022-02-14 13:50:00,LONG,1,14248.0,14168.5,-159.0,54.06,-1.471,entry,250.0
2022-02-15 09:40:00,2022-02-15 12:30:00,LONG,1,14487.25,14465.5,-43.5,42.9,-0.507,entry,170.0
2022-02-16 09:40:00,2022-02-16 14:15:00,SHORT,1,14431.5,14490.25,-117.5,127.26,-0.462,entry,275.0
2022-02-17 09:40:00,2022-02-17 15:55:00,SHORT,1,14476.5,14166.25,620.5,31.11,9.973,entry,375.0
2022-02-18 09:40:00,2022-02-18 09:50:00,SHORT,1,14104.0,14206.0,-204.0,102.26,-0.997,entry,10.0
2022-02-21 09:40:00,2022-02-21 12:55:00,SHORT,1,13820.75,13735.5,170.5,125.18,0.681,entry,195.0
2022-02-22 09:40:00,2022-02-22 11:50:00,LONG,1,13979.5,13853.0,-253.0,187.0,-0.676,entry,130.0
2022-02-23 09:40:00,2022-02-23 15:55:00,SHORT,1,13953.0,13506.75,892.5,37.54,11.886,entry,375.0
2022-02-24 09:40:00,2022-02-24 15:55:00,LONG,1,13244.0,13965.75,1443.5,47.41,15.224,entry,375.0
2022-02-25 09:40:00,2022-02-25 09:45:00,SHORT,1,13878.0,13961.5,-167.0,32.42,-2.576,entry,5.0
2022-02-28 09:40:00,2022-02-28 14:00:00,LONG,1,14047.0,14058.5,23.0,101.92,0.113,entry,260.0
2022-03-01 09:45:00,2022-03-01 10:00:00,LONG,1,14226.5,14178.75,-95.5,38.94,-1.226,entry,15.0
2022-03-02 09:40:00,2022-03-02 10:05:00,LONG,1,14097.0,13990.5,-213.0,51.34,-2.075,entry,25.0
2022-03-03 10:05:00,2022-03-03 15:55:00,SHORT,1,14231.75,14035.5,392.5,25.64,7.655,entry,350.0
2022-03-04 09:40:00,2022-03-04 09:55:00,SHORT,1,13902.25,13923.25,-42.0,20.71,-1.014,entry,15.0
2022-03-07 09:40:00,2022-03-07 09:55:00,LONG,1,13757.5,13674.0,-167.0,80.98,-1.031,entry,15.0
2022-03-08 09:40:00,2022-03-08 09:50:00,LONG,1,13346.75,13252.75,-188.0,56.07,-1.676,entry,10.0
2022-03-09 09:40:00,2022-03-09 15:55:00,LONG,1,13551.5,13741.75,380.5,64.71,2.94,entry,375.0
2022-03-10 09:40:00,2022-03-10 10:15:00,SHORT,1,13529.75,13605.25,-151.0,75.64,-0.998,entry,35.0
2022-03-11 09:40:00,2022-03-11 15:55:00,SHORT,1,13630.25,13300.25,660.0,33.24,9.927,entry,375.0
2022-03-14 09:55:00,2022-03-14 10:05:00,SHORT,1,13272.0,13333.75,-123.5,39.92,-1.547,entry,10.0
2022-03-15 09:50:00,2022-03-15 15:55:00,LONG,1,13137.5,13454.5,634.0,41.01,7.729,entry,365.0
2022-03-16 09:40:00,2022-03-16 13:00:00,LONG,1,13707.25,13715.0,15.5,88.71,0.087,entry,200.0
2022-03-17 09:45:00,2022-03-17 09:50:00,SHORT,1,13884.75,13913.5,-57.5,23.25,-1.237,entry,5.0
2022-03-18 09:40:00,2022-03-18 15:55:00,LONG,1,14067.75,14410.25,685.0,48.45,7.069,entry,375.0
2022-03-21 09:40:00,2022-03-21 09:45:00,LONG,1,14440.5,14373.75,-133.5,56.21,-1.187,entry,5.0
2022-03-22 09:40:00,2022-03-22 15:55:00,LONG,1,14471.5,14655.0,367.0,74.6,2.46,entry,375.0
2022-03-23 09:40:00,2022-03-23 10:10:00,SHORT,1,14510.25,14564.0,-107.5,58.49,-0.919,entry,30.0
2022-03-24 09:45:00,2022-03-24 10:00:00,SHORT,1,14489.75,14535.25,-91.0,26.23,-1.735,entry,15.0
2022-03-25 09:40:00,2022-03-25 09:50:00,SHORT,1,14742.25,14763.75,-43.0,21.47,-1.001,entry,10.0
2022-03-28 09:40:00,2022-03-28 11:30:00,LONG,1,14856.5,14780.0,-153.0,97.4,-0.785,entry,110.0
2022-03-29 09:40:00,2022-03-29 10:05:00,LONG,1,15158.0,15094.25,-127.5,67.07,-0.95,entry,25.0
2022-03-30 09:45:00,2022-03-30 09:50:00,LONG,1,15202.75,15175.75,-54.0,18.32,-1.474,entry,5.0
2022-03-31 09:40:00,2022-03-31 10:45:00,SHORT,1,15007.5,15081.5,-148.0,86.83,-0.852,entry,65.0
2022-04-01 09:40:00,2022-04-01 10:50:00,SHORT,1,14876.5,14888.5,-24.0,34.02,-0.353,entry,70.0
2022-04-04 09:40:00,2022-04-04 15:55:00,LONG,1,14990.75,15164.75,348.0,92.92,1.873,entry,375.0
2022-04-05 09:40:00,2022-04-05 15:55:00,SHORT,1,15085.75,14831.5,508.5,44.88,5.665,entry,375.0
2022-04-06 09:40:00,2022-04-06 13:45:00,SHORT,1,14535.0,14558.5,-47.0,132.45,-0.177,entry,245.0
2022-04-07 09:45:00,2022-04-07 09:50:00,SHORT,1,14472.5,14545.25,-145.5,43.06,-1.69,entry,5.0
2022-04-08 09:40:00,2022-04-08 10:55:00,SHORT,1,14371.0,14469.0,-196.0,136.79,-0.716,entry,75.0
2022-04-11 09:40:00,2022-04-11 15:55:00,SHORT,1,14161.25,14000.5,321.5,40.76,3.944,entry,375.0
2022-04-12 09:40:00,2022-04-12 10:45:00,LONG,1,14175.25,14107.5,-135.5,85.22,-0.795,entry,65.0
2022-04-13 09:40:00,2022-04-13 15:55:00,LONG,1,14019.25,14221.75,405.0,17.05,11.879,entry,375.0
2022-04-14 09:40:00,2022-04-14 15:55:00,SHORT,1,14136.5,13893.5,486.0,83.15,2.922,entry,375.0
2022-04-18 09:40:00,2022-04-18 11:20:00,LONG,1,13900.5,13875.5,-50.0,69.42,-0.36,entry,100.0
2022-04-19 09:50:00,2022-04-19 15:55:00,LONG,1,13972.75,14212.25,479.0,54.67,4.381,entry,365.0
2022-04-20 09:40:00,2022-04-20 15:55:00,SHORT,1,14127.5,14003.5,248.0,50.16,2.472,entry,375.0
2022-04-21 09:40:00,2022-04-21 10:05:00,LONG,1,14268.0,14172.25,-191.5,99.87,-0.959,entry,25.0
2022-04-22 09:40:00,2022-04-22 09:50:00,SHORT,1,13638.25,13702.75,-129.0,64.89,-0.994,entry,10.0
2022-04-25 09:45:00,2022-04-25 09:55:00,LONG,1,13316.25,13249.75,-133.0,37.39,-1.779,entry,10.0
2022-04-26 09:40:00,2022-04-26 15:55:00,SHORT,1,13322.5,13009.0,627.0,131.88,2.377,entry,375.0
2022-04-27 09:40:00,2022-04-27 10:05:00,LONG,1,13204.0,13077.5,-253.0,136.72,-0.925,entry,25.0
2022-04-28 09:40:00,2022-04-28 11:05:00,SHORT,1,13121.5,13175.0,-107.0,105.78,-0.506,entry,85.0
2022-04-29 09:40:00,2022-04-29 09:45:00,SHORT,1,13279.0,13323.0,-88.0,30.54,-1.441,entry,5.0
2022-05-02 09:40:00,2022-05-02 10:05:00,LONG,1,12914.75,12852.0,-125.5,44.22,-1.419,entry,25.0
2022-05-03 09:40:00,2022-05-03 09:55:00,SHORT,1,13014.0,13110.25,-192.5,54.42,-1.769,entry,15.0
2022-05-04 09:40:00,2022-05-04 12:20:00,SHORT,1,13084.0,13031.0,106.0,23.4,2.265,entry,160.0
2022-05-05 09:40:00,2022-05-05 15:55:00,SHORT,1,13249.25,12858.75,781.0,148.8,2.624,entry,375.0
2022-05-06 09:40:00,2022-05-06 10:15:00,SHORT,1,12601.5,12786.5,-370.0,165.25,-1.119,entry,35.0
2022-05-09 09:45:00,2022-05-09 09:50:00,SHORT,1,12457.75,12496.0,-76.5,30.58,-1.251,entry,5.0
2022-05-10 09:40:00,2022-05-10 09:45:00,LONG,1,12398.25,12348.25,-100.0,24.27,-2.06,entry,5.0
2022-05-11 09:45:00,2022-05-11 10:05:00,LONG,1,12434.5,12281.0,-307.0,111.04,-1.382,entry,20.0
2022-05-12 09:40:00,2022-05-12 10:05:00,SHORT,1,11806.5,11909.5,-206.0,53.37,-1.93,entry,25.0
2022-05-13 09:40:00,2022-05-13 14:00:00,LONG,1,12195.0,12241.0,92.0,72.95,0.631,entry,260.0
2022-05-16 09:40:00,2022-05-16 10:15:00,SHORT,1,12286.0,12332.5,-93.0,48.55,-0.958,entry,35.0
2022-05-17 09:40:00,2022-05-17 09:55:00,LONG,1,12515.0,12445.75,-138.5,71.19,-0.973,entry,15.0
2022-05-18 09:40:00,2022-05-18 15:55:00,SHORT,1,12324.75,11940.75,768.0,114.34,3.359,entry,375.0
2022-05-19 09:40:00,2022-05-19 09:45:00,LONG,1,11879.5,11813.25,-132.5,32.18,-2.059,entry,5.0
2022-05-20 09:45:00,2022-05-20 15:50:00,SHORT,1,11980.0,11817.5,325.0,35.19,4.617,entry,365.0
2022-05-23 09:45:00,2022-05-23 09:50:00,LONG,1,11951.75,11916.0,-71.5,25.38,-1.408,entry,5.0
2022-05-24 09:40:00,2022-05-24 12:05:00,SHORT,1,11746.0,11740.0,12.0,73.56,0.082,entry,145.0
2022-05-25 09:40:00,2022-05-25 09:45:00,LONG,1,11820.75,11758.5,-124.5,33.42,-1.863,entry,5.0
2022-05-26 09:40:00,2022-05-26 15:55:00,LONG,1,12041.75,12275.0,466.5,92.26,2.528,entry,375.0
2022-05-27 09:40:00,2022-05-27 15:55:00,LONG,1,12454.75,12682.25,455.0,99.18,2.294,entry,375.0
2022-05-30 09:40:00,2022-05-30 11:25:00,SHORT,1,12759.25,12808.5,-98.5,49.8,-0.989,entry,105.0
2022-05-31 09:40:00,2022-05-31 11:00:00,SHORT,1,12540.25,12647.5,-214.5,130.24,-0.823,entry,80.0
2022-06-01 09:40:00,2022-06-01 10:05:00,LONG,1,12778.75,12710.25,-137.0,80.41,-0.852,entry,25.0
2022-06-02 09:55:00,2022-06-02 10:00:00,SHORT,1,12531.0,12562.0,-62.0,24.03,-1.29,entry,5.0
2022-06-03 09:40:00,2022-06-03 15:55:00,SHORT,1,12623.0,12554.0,138.0,142.77,0.483,entry,375.0
2022-06-06 09:40:00,2022-06-06 11:10:00,LONG,1,12731.25,12692.75,-77.0,37.86,-1.017,entry,90.0
2022-06-07 09:45:00,2022-06-07 15:55:00,LONG,1,12534.75,12711.5,353.5,35.51,4.978,entry,370.0
2022-06-08 09:45:00,2022-06-08 11:00:00,LONG,1,12754.75,12699.75,-110.0,76.63,-0.718,entry,75.0
2022-06-09 09:40:00,2022-06-09 09:50:00,SHORT,1,12533.25,12631.25,-196.0,68.79,-1.425,entry,10.0
2022-06-10 09:40:00,2022-06-10 15:55:00,SHORT,1,12050.0,11837.0,426.0,108.28,1.967,entry,375.0
2022-06-13 09:45:00,2022-06-13 12:30:00,SHORT,1,11514.5,11508.0,13.0,46.78,0.139,entry,165.0
2022-06-14 09:40:00,2022-06-14 11:55:00,SHORT,1,11295.5,11379.25,-167.5,120.75,-0.694,entry,135.0
2022-06-15 09:40:00,2022-06-15 10:50:00,LONG,1,11537.25,11471.5,-131.5,87.5,-0.751,entry,70.0
2022-06-16 09:40:00,2022-06-16 15:55:00,SHORT,1,11280.5,11166.0,229.0,139.8,0.819,entry,375.0
2022-06-17 09:40:00,2022-06-17 10:05:00,LONG,1,11311.5,11254.75,-113.5,62.21,-0.912,entry,25.0
2022-06-20 09:45:00,2022-06-20 09:55:00,SHORT,1,11336.75,11364.0,-54.5,26.63,-1.023,entry,10.0
2022-06-21 09:40:00,2022-06-21 15:55:00,LONG,1,11585.0,11579.0,-12.0,83.91,-0.072,entry,375.0
2022-06-22 09:40:00,2022-06-22 15:35:00,LONG,1,11521.25,11574.75,107.0,80.53,0.664,entry,355.0
2022-06-23 09:50:00,2022-06-23 09:55:00,SHORT,1,11560.0,11646.25,-172.5,35.35,-2.44,entry,5.0
2022-06-24 09:40:00,2022-06-24 15:55:00,LONG,1,11959.0,12147.75,377.5,113.85,1.658,entry,375.0
2022-06-27 09:40:00,2022-06-27 10:55:00,SHORT,1,12060.5,12136.75,-152.5,100.83,-0.756,entry,75.0
2022-06-28 09:40:00,2022-06-28 10:00:00,LONG,1,12154.75,12064.25,-181.0,63.66,-1.422,entry,20.0
2022-06-29 09:40:00,2022-06-29 09:50:00,SHORT,1,11584.0,11704.75,-241.5,71.35,-1.692,entry,10.0
2022-06-30 09:40:00,2022-06-30 10:55:00,SHORT,1,11440.0,11487.25,-94.5,93.15,-0.507,entry,75.0
2022-07-01 09:45:00,2022-07-01 10:10:00,LONG,1,11548.25,11476.5,-143.5,75.5,-0.95,entry,25.0
2022-07-04 11:05:00,2022-07-04 12:55:00,LONG,1,11566.5,11554.0,-25.0,17.03,-0.734,entry,110.0
2022-07-05 09:40:00,2022-07-05 10:30:00,SHORT,1,11405.75,11512.0,-212.5,126.88,-0.837,entry,50.0
2022-07-06 09:45:00,2022-07-06 09:55:00,SHORT,1,11767.0,11852.0,-170.0,36.53,-2.327,entry,10.0
2022-07-07 09:40:00,2022-07-07 15:55:00,LONG,1,12022.0,12136.0,228.0,88.6,1.287,entry,375.0
2022-07-08 09:45:00,2022-07-08 10:10:00,SHORT,1,12018.75,12062.5,-87.5,37.7,-1.16,entry,25.0
2022-07-11 09:40:00,2022-07-11 13:05:00,SHORT,1,11907.25,11969.0,-123.5,119.53,-0.517,entry,205.0
2022-07-12 09:40:00,2022-07-12 09:55:00,LONG,1,11966.75,11856.25,-221.0,82.64,-1.337,entry,15.0
2022-07-13 09:40:00,2022-07-13 09:45:00,SHORT,1,11611.0,11696.25,-170.5,48.97,-1.741,entry,5.0
2022-07-14 09:40:00,2022-07-14 11:05:00,SHORT,1,11558.0,11630.25,-144.5,96.45,-0.749,entry,85.0
2022-07-15 09:40:00,2022-07-15 15:55:00,LONG,1,11933.25,12009.0,151.5,70.17,1.08,entry,375.0
2022-07-18 09:45:00,2022-07-18 10:10:00,LONG,1,12164.25,12124.75,-79.0,42.67,-0.926,entry,25.0
2022-07-19 09:40:00,2022-07-19 15:55:00,LONG,1,12020.5,12269.0,497.0,30.06,8.267,entry,375.0
2022-07-20 09:40:00,2022-07-20 09:55:00,LONG,1,12332.0,12285.5,-93.0,32.38,-1.436,entry,15.0
2022-07-21 09:45:00,2022-07-21 10:00:00,LONG,1,12488.75,12456.5,-64.5,20.49,-1.574,entry,15.0
2022-07-22 09:40:00,2022-07-22 09:55:00,LONG,1,12619.0,12579.0,-80.0,35.12,-1.139,entry,15.0
2022-07-25 09:45:00,2022-07-25 12:40:00,SHORT,1,12389.25,12385.25,8.0,36.04,0.111,entry,175.0
2022-07-26 09:40:00,2022-07-26 15:55:00,SHORT,1,12223.25,12110.25,226.0,55.08,2.051,entry,375.0
2022-07-27 09:40:00,2022-07-27 15:55:00,LONG,1,12368.0,12615.5,495.0,70.18,3.527,entry,375.0
2022-07-28 09:40:00,2022-07-28 10:45:00,SHORT,1,12519.25,12541.75,-45.0,47.6,-0.473,entry,65.0
2022-07-29 10:00:00,2022-07-29 10:55:00,LONG,1,12895.25,12863.0,-64.5,42.69,-0.755,entry,55.0
2022-08-01 09:40:00,2022-08-01 13:00:00,LONG,1,12951.25,12972.0,41.5,29.39,0.706,entry,200.0
2022-08-02 09:40:00,2022-08-02 09:50:00,LONG,1,12903.25,12886.5,-33.5,18.03,-0.929,entry,10.0
2022-08-03 09:40:00,2022-08-03 15:55:00,LONG,1,13074.0,13272.25,396.5,93.9,2.111,entry,375.0
2022-08-04 09:40:00,2022-08-04 10:10:00,LONG,1,13325.25,13280.5,-89.5,43.27,-1.034,entry,30.0
2022-08-05 09:40:00,2022-08-05 10:00:00,SHORT,1,13172.5,13227.75,-110.5,53.01,-1.042,entry,20.0
2022-08-08 09:40:00,2022-08-08 11:10:00,LONG,1,13375.0,13319.75,-110.5,91.5,-0.604,entry,90.0
2022-08-09 09:40:00,2022-08-09 15:20:00,SHORT,1,13078.5,13055.5,46.0,43.42,0.53,entry,340.0
2022-08-10 09:40:00,2022-08-10 15:55:00,LONG,1,13314.5,13393.5,158.0,98.61,0.801,entry,375.0
2022-08-11 09:40:00,2022-08-11 10:45:00,LONG,1,13481.75,13477.0,-9.5,24.67,-0.193,entry,65.0
2022-08-12 09:40:00,2022-08-12 10:45:00,LONG,1,13427.25,13396.75,-61.0,49.86,-0.612,entry,65.0
2022-08-15 09:50:00,2022-08-15 10:20:00,LONG,1,13615.5,13547.25,-136.5,63.68,-1.072,entry,30.0
2022-08-16 09:40:00,2022-08-16 11:15:00,SHORT,1,13614.25,13623.25,-18.0,34.72,-0.259,entry,95.0
2022-08-17 09:40:00,2022-08-17 14:00:00,SHORT,1,13500.75,13523.75,-46.0,59.34,-0.388,entry,260.0
2022-08-18 09:40:00,2022-08-18 09:45:00,LONG,1,13497.0,13458.25,-77.5,15.8,-2.453,entry,5.0
2022-08-19 09:40:00,2022-08-19 15:55:00,SHORT,1,13344.25,13263.25,162.0,64.01,1.265,entry,375.0
2022-08-22 09:40:00,2022-08-22 15:55:00,SHORT,1,13065.0,12916.25,297.5,32.96,4.512,entry,375.0
2022-08-23 09:40:00,2022-08-23 09:45:00,SHORT,1,12867.25,12938.75,-143.0,47.61,-1.502,entry,5.0
2022-08-24 09:55:00,2022-08-24 10:00:00,LONG,1,12904.25,12885.75,-37.0,18.89,-0.98,entry,5.0
2022-08-25 09:40:00,2022-08-25 09:50:00,SHORT,1,12975.25,13006.0,-61.5,32.57,-0.944,entry,10.0
2022-08-26 09:45:00,2022-08-26 09:55:00,SHORT,1,13112.25,13135.25,-46.0,21.91,-1.05,entry,10.0
2022-08-29 09:40:00,2022-08-29 10:35:00,LONG,1,12575.0,12504.25,-141.5,81.53,-0.868,entry,55.0
2022-08-30 09:40:00,2022-08-30 15:55:00,SHORT,1,12504.5,12353.5,302.0,65.32,2.312,entry,375.0
2022-08-31 09:40:00,2022-08-31 10:00:00,LONG,1,12484.75,12435.0,-99.5,55.04,-0.904,entry,20.0
2022-09-01 09:40:00,2022-09-01 09:45:00,LONG,1,12195.75,12171.5,-48.5,22.77,-1.065,entry,5.0
2022-09-02 09:40:00,2022-09-02 09:45:00,SHORT,1,12302.75,12335.5,-65.5,17.81,-1.838,entry,5.0
2022-09-05 09:40:00,2022-09-05 12:55:00,LONG,1,12135.25,12136.0,1.5,34.48,0.022,entry,195.0
2022-09-06 09:40:00,2022-09-06 10:55:00,SHORT,1,12091.75,12104.25,-25.0,71.74,-0.174,entry,75.0
2022-09-07 09:40:00,2022-09-07 15:55:00,LONG,1,12102.0,12262.0,320.0,76.73,2.085,entry,375.0
2022-09-08 09:50:00,2022-09-08 10:00:00,LONG,1,12250.25,12188.0,-124.5,25.75,-2.418,entry,10.0
2022-09-09 09:40:00,2022-09-09 15:55:00,LONG,1,12445.75,12589.75,288.0,15.93,9.038,entry,375.0
2022-09-12 09:40:00,2022-09-12 11:55:00,LONG,1,12763.5,12745.75,-35.5,40.78,-0.435,entry,135.0
2022-09-13 09:40:00,2022-09-13 15:55:00,SHORT,1,12423.25,12119.75,607.0,206.05,1.473,entry,375.0
2022-09-14 09:40:00,2022-09-14 10:20:00,LONG,1,12183.75,12144.0,-79.5,38.74,-1.026,entry,40.0
2022-09-15 09:40:00,2022-09-15 09:45:00,SHORT,1,12167.25,12202.0,-69.5,16.62,-2.091,entry,5.0
2022-09-16 09:40:00,2022-09-16 10:10:00,SHORT,1,11812.75,11868.25,-111.0,55.46,-1.001,entry,30.0
2022-09-19 09:40:00,2022-09-19 11:35:00,LONG,1,11896.75,11876.5,-40.5,38.77,-0.522,entry,115.0
2022-09-20 09:40:00,2022-09-20 10:55:00,SHORT,1,11899.25,11957.75,-117.0,76.17,-0.768,entry,75.0
2022-09-21 09:45:00,2022-09-21 11:00:00,LONG,1,11988.75,11943.5,-90.5,51.69,-0.875,entry,75.0
2022-09-22 09:40:00,2022-09-22 15:00:00,SHORT,1,11600.75,11610.0,-18.5,66.84,-0.138,entry,320.0
2022-09-23 09:40:00,2022-09-23 15:55:00,SHORT,1,11410.0,11373.75,72.5,53.76,0.674,entry,375.0
2022-09-26 09:40:00,2022-09-26 11:20:00,LONG,1,11427.25,11400.0,-54.5,74.19,-0.367,entry,100.0
2022-09-27 09:40:00,2022-09-27 10:00:00,LONG,1,11540.5,11433.5,-214.0,72.61,-1.474,entry,20.0
2022-09-28 09:40:00,2022-09-28 15:55:00,LONG,1,11339.75,11553.75,428.0,79.24,2.701,entry,375.0
2022-09-29 09:40:00,2022-09-29 15:55:00,SHORT,1,11265.25,11231.75,67.0,150.11,0.223,entry,375.0
2022-09-30 09:40:00,2022-09-30 10:20:00,SHORT,1,11202.75,11248.0,-90.5,45.71,-0.99,entry,40.0
2022-10-03 09:40:00,2022-10-03 15:55:00,LONG,1,11084.0,11290.75,413.5,64.51,3.205,entry,375.0
2022-10-04 09:40:00,2022-10-04 13:10:00,LONG,1,11560.0,11558.75,-2.5,81.58,-0.015,entry,210.0
2022-10-05 09:40:00,2022-10-05 12:05:00,SHORT,1,11469.75,11490.25,-41.0,72.25,-0.284,entry,145.0
2022-10-06 09:40:00,2022-10-06 09:55:00,LONG,1,11701.75,11637.5,-128.5,67.56,-0.951,entry,15.0
2022-10-07 09:40:00,2022-10-07 15:55:00,SHORT,1,11275.0,11099.5,351.0,142.93,1.228,entry,375.0
2022-10-10 09:50:00,2022-10-10 13:45:00,SHORT,1,11009.0,11036.75,-55.5,46.19,-0.601,entry,235.0
2022-10-11 09:40:00,2022-10-11 11:00:00,SHORT,1,10879.75,10914.5,-69.5,43.83,-0.793,entry,80.0
2022-10-12 09:40:00,2022-10-12 09:45:00,LONG,1,10928.75,10896.5,-64.5,29.0,-1.112,entry,5.0
2022-10-13 09:40:00,2022-10-13 10:05:00,SHORT,1,10525.0,10665.5,-281.0,153.87,-0.913,entry,25.0
2022-10-14 09:40:00,2022-10-14 15:55:00,SHORT,1,11101.25,10748.0,706.5,19.2,18.394,entry,375.0
2022-10-17 09:40:00,2022-10-17 15:55:00,LONG,1,11094.25,11111.25,34.0,179.11,0.095,entry,375.0
2022-10-18 09:40:00,2022-10-18 09:50:00,LONG,1,11368.75,11299.25,-139.0,49.38,-1.408,entry,10.0
2022-10-19 09:40:00,2022-10-19 10:10:00,SHORT,1,11144.75,11207.75,-126.0,69.02,-0.913,entry,30.0
2022-10-20 09:40:00,2022-10-20 12:35:00,LONG,1,11162.25,11172.25,20.0,55.37,0.181,entry,175.0
2022-10-21 09:40:00,2022-10-21 15:55:00,LONG,1,11082.25,11354.0,543.5,61.74,4.402,entry,375.0
2022-10-24 09:40:00,2022-10-24 09:50:00,SHORT,1,11333.5,11381.5,-96.0,43.35,-1.107,entry,10.0
2022-10-25 09:40:00,2022-10-25 15:55:00,LONG,1,11560.0,11712.5,305.0,64.89,2.35,entry,375.0
2022-10-26 09:40:00,2022-10-26 09:45:00,SHORT,1,11468.25,11515.5,-94.5,29.48,-1.603,entry,5.0
2022-10-27 09:40:00,2022-10-27 10:15:00,SHORT,1,11406.25,11423.0,-33.5,24.81,-0.675,entry,35.0
2022-10-28 09:40:00,2022-10-28 15:55:00,LONG,1,11352.0,11584.5,465.0,177.61,1.309,entry,375.0
2022-10-31 09:40:00,2022-10-31 11:40:00,SHORT,1,11472.5,11480.25,-15.5,40.86,-0.19,entry,120.0
2022-11-01 09:40:00,2022-11-01 09:45:00,LONG,1,11582.25,11530.25,-104.0,22.03,-2.361,entry,5.0
2022-11-02 09:40:00,2022-11-02 14:00:00,SHORT,1,11306.25,11401.75,-191.0,29.97,-3.186,entry,260.0
2022-11-03 09:40:00,2022-11-03 10:25:00,SHORT,1,10790.75,10842.5,-103.5,82.83,-0.625,entry,45.0
2022-11-04 09:40:00,2022-11-04 09:55:00,SHORT,1,10740.75,10844.5,-207.5,70.58,-1.47,entry,15.0
2022-11-07 09:45:00,2022-11-07 10:00:00,SHORT,1,10860.75,10921.5,-121.5,33.46,-1.816,entry,15.0
2022-11-08 09:50:00,2022-11-08 13:25:00,LONG,1,11074.25,11101.25,54.0,31.79,0.849,entry,215.0
2022-11-09 09:40:00,2022-11-09 15:55:00,SHORT,1,11016.0,10831.0,370.0,46.77,3.956,entry,375.0
2022-11-10 09:40:00,2022-11-10 15:55:00,LONG,1,11312.5,11628.75,632.5,160.87,1.966,entry,375.0
2022-11-11 09:40:00,2022-11-11 09:45:00,SHORT,1,11625.0,11675.75,-101.5,45.89,-1.106,entry,5.0
2022-11-14 09:40:00,2022-11-14 10:00:00,SHORT,1,11724.25,11771.25,-94.0,51.44,-0.914,entry,20.0
2022-11-15 09:40:00,2022-11-15 11:00:00,LONG,1,12012.75,11969.0,-87.5,50.94,-0.859,entry,80.0
2022-11-16 09:40:00,2022-11-16 12:45:00,SHORT,1,11800.75,11815.25,-29.0,69.24,-0.209,entry,185.0
2022-11-17 09:40:00,2022-11-17 10:15:00,SHORT,1,11613.0,11659.25,-92.5,42.24,-1.095,entry,35.0
2022-11-18 09:45:00,2022-11-18 15:25:00,SHORT,1,11737.25,11708.5,57.5,34.73,0.828,entry,340.0
2022-11-21 09:45:00,2022-11-21 10:00:00,LONG,1,11683.5,11633.75,-99.5,28.62,-1.738,entry,15.0
2022-11-22 09:40:00,2022-11-22 10:10:00,SHORT,1,11537.75,11612.75,-150.0,53.92,-1.391,entry,30.0
2022-11-23 09:40:00,2022-11-23 11:50:00,LONG,1,11789.25,11790.25,2.0,28.17,0.035,entry,130.0
2022-11-24 10:55:00,2022-11-24 12:55:00,LONG,1,11920.25,11910.75,-19.0,14.94,-0.636,entry,120.0
2022-11-25 09:40:00,2022-11-25 13:10:00,SHORT,1,11789.25,11786.75,5.0,53.79,0.046,entry,210.0
2022-11-28 09:40:00,2022-11-28 10:20:00,LONG,1,11776.75,11705.25,-143.0,68.55,-1.043,entry,40.0
2022-11-29 09:40:00,2022-11-29 10:25:00,SHORT,1,11585.0,11625.75,-81.5,57.79,-0.705,entry,45.0
2022-11-30 09:40:00,2022-11-30 10:00:00,LONG,1,11574.75,11550.0,-49.5,24.43,-1.013,entry,20.0
2022-12-01 09:40:00,2022-12-01 10:05:00,LONG,1,12099.25,12064.0,-70.5,38.82,-0.908,entry,25.0
2022-12-02 09:40:00,2022-12-02 10:10:00,SHORT,1,11882.75,11943.0,-120.5,25.63,-2.351,entry,30.0
2022-12-05 09:55:00,2022-12-05 15:55:00,SHORT,1,11933.0,11802.75,260.5,28.17,4.623,entry,360.0
2022-12-06 09:40:00,2022-12-06 15:55:00,SHORT,1,11722.75,11562.5,320.5,77.41,2.07,entry,375.0
2022-12-07 09:45:00,2022-12-07 10:25:00,SHORT,1,11478.25,11520.0,-83.5,48.2,-0.866,entry,40.0
2022-12-08 09:40:00,2022-12-08 09:50:00,SHORT,1,11489.5,11551.25,-123.5,35.38,-1.745,entry,10.0
2022-12-09 09:50:00,2022-12-09 10:00:00,SHORT,1,11598.75,11638.5,-79.5,37.8,-1.052,entry,10.0
2022-12-12 09:45:00,2022-12-12 10:15:00,LONG,1,11711.75,11679.25,-65.0,29.65,-1.096,entry,30.0
2022-12-13 09:40:00,2022-12-13 10:20:00,LONG,1,12264.5,12141.0,-247.0,133.35,-0.926,entry,40.0
2022-12-14 09:40:00,2022-12-14 12:50:00,LONG,1,11983.0,11997.5,29.0,18.03,0.804,entry,190.0
2022-12-15 09:40:00,2022-12-15 15:55:00,SHORT,1,11650.75,11460.5,380.5,62.12,3.063,entry,375.0
2022-12-16 09:40:00,2022-12-16 10:05:00,LONG,1,11438.5,11384.0,-109.0,37.61,-1.449,entry,25.0
2022-12-19 09:40:00,2022-12-19 15:55:00,SHORT,1,11312.5,11188.0,249.0,42.01,2.963,entry,375.0
2022-12-20 09:40:00,2022-12-20 09:55:00,SHORT,1,11083.75,11168.75,-170.0,46.29,-1.836,entry,15.0
2022-12-21 09:45:00,2022-12-21 09:55:00,LONG,1,11268.75,11226.0,-85.5,42.97,-0.995,entry,10.0
2022-12-22 09:40:00,2022-12-22 15:50:00,SHORT,1,11117.75,11054.25,127.0,127.02,0.5,entry,370.0
2022-12-23 09:40:00,2022-12-23 10:15:00,SHORT,1,10983.0,11042.5,-119.0,56.13,-1.06,entry,35.0
2022-12-27 09:40:00,2022-12-27 15:55:00,SHORT,1,10955.75,10918.75,74.0,126.73,0.292,entry,375.0
2022-12-28 09:40:00,2022-12-28 10:25:00,LONG,1,10959.5,10901.0,-117.0,23.76,-2.462,entry,45.0
2022-12-29 09:40:00,2022-12-29 15:55:00,LONG,1,10949.75,11032.0,164.5,84.73,0.971,entry,375.0
2022-12-30 09:40:00,2022-12-30 10:15:00,SHORT,1,10923.75,10939.25,-31.0,29.12,-0.532,entry,35.0
2023-01-03 09:40:00,2023-01-03 09:45:00,LONG,1,11137.5,11069.25,-136.5,44.7,-1.527,entry,5.0
2023-01-04 09:40:00,2023-01-04 11:10:00,SHORT,1,10970.25,10979.0,-17.5,30.69,-0.285,entry,90.0
2023-01-05 09:40:00,2023-01-05 13:30:00,SHORT,1,10842.75,10903.0,-120.5,95.14,-0.633,entry,230.0
2023-01-06 09:40:00,2023-01-06 10:05:00,SHORT,1,10786.75,10890.5,-207.5,67.97,-1.527,entry,25.0
2023-01-09 09:40:00,2023-01-09 13:45:00,LONG,1,11242.5,11278.5,72.0,63.17,0.57,entry,245.0
2023-01-10 09:40:00,2023-01-10 10:30:00,LONG,1,11193.5,11153.25,-80.5,25.04,-1.608,entry,50.0
2023-01-11 09:40:00,2023-01-11 10:55:00,LONG,1,11352.0,11321.5,-61.0,47.2,-0.646,entry,75.0
2023-01-12 09:40:00,2023-01-12 10:10:00,SHORT,1,11357.0,11479.0,-244.0,108.76,-1.122,entry,30.0
2023-01-13 09:40:00,2023-01-13 09:50:00,SHORT,1,11433.75,11459.75,-52.0,25.83,-1.007,entry,10.0
2023-01-16 09:40:00,2023-01-16 11:35:00,LONG,1,11600.25,11578.0,-44.5,24.39,-0.912,entry,115.0
2023-01-17 09:45:00,2023-01-17 11:05:00,LONG,1,11597.5,11583.75,-27.5,23.12,-0.595,entry,80.0
2023-01-18 09:40:00,2023-01-18 10:35:00,LONG,1,11689.0,11655.5,-67.0,23.52,-1.424,entry,55.0
2023-01-19 09:40:00,2023-01-19 13:35:00,SHORT,1,11387.5,11408.0,-41.0,27.6,-0.743,entry,235.0
2023-01-20 09:40:00,2023-01-20 15:55:00,LONG,1,11440.75,11676.25,471.0,29.5,7.982,entry,375.0
2023-01-23 09:40:00,2023-01-23 15:55:00,LONG,1,11737.25,11931.5,388.5,47.25,4.111,entry,375.0
2023-01-24 09:45:00,2023-01-24 09:55:00,LONG,1,11916.0,11884.25,-63.5,29.19,-1.088,entry,10.0
2023-01-25 09:40:00,2023-01-25 11:15:00,SHORT,1,11685.5,11729.75,-88.5,83.2,-0.532,entry,95.0
2023-01-26 09:40:00,2023-01-26 09:50:00,LONG,1,12013.0,11973.5,-79.0,32.6,-1.212,entry,10.0
2023-01-27 09:40:00,2023-01-27 15:55:00,LONG,1,12094.5,12223.25,257.5,39.83,3.232,entry,375.0
2023-01-30 09:40:00,2023-01-30 09:45:00,SHORT,1,12086.5,12119.25,-65.5,23.39,-1.4,entry,5.0
2023-01-31 09:40:00,2023-01-31 15:55:00,LONG,1,12005.0,12153.5,297.0,42.29,3.511,entry,375.0
2023-02-01 09:40:00,2023-02-01 09:45:00,SHORT,1,12112.75,12128.25,-31.0,13.18,-1.176,entry,5.0
2023-02-02 09:40:00,2023-02-02 14:55:00,LONG,1,12708.5,12720.0,23.0,90.37,0.127,entry,315.0
2023-02-03 09:40:00,2023-02-03 13:00:00,LONG,1,12681.0,12715.25,68.5,37.71,0.908,entry,200.0
2023-02-06 09:45:00,2023-02-06 10:15:00,LONG,1,12548.75,12513.25,-71.0,14.53,-2.444,entry,30.0
2023-02-07 09:55:00,2023-02-07 10:40:00,SHORT,1,12497.75,12531.25,-67.0,28.71,-1.167,entry,45.0
2023-02-08 09:45:00,2023-02-08 15:55:00,SHORT,1,12715.75,12543.25,345.0,26.74,6.45,entry,370.0
2023-02-09 09:40:00,2023-02-09 09:45:00,SHORT,1,12639.5,12682.0,-85.0,23.02,-1.846,entry,5.0
2023-02-10 09:40:00,2023-02-10 09:45:00,SHORT,1,12332.0,12369.75,-75.5,24.71,-1.528,entry,5.0
2023-02-13 09:40:00,2023-02-13 15:55:00,LONG,1,12412.5,12544.75,264.5,48.28,2.739,entry,375.0
2023-02-14 09:40:00,2023-02-14 09:45:00,SHORT,1,12499.75,12542.5,-85.5,26.49,-1.614,entry,5.0
2023-02-15 09:40:00,2023-02-15 09:50:00,LONG,1,12596.0,12556.25,-79.5,19.89,-1.999,entry,10.0
2023-02-16 09:40:00,2023-02-16 10:30:00,SHORT,1,12547.25,12626.0,-157.5,87.5,-0.9,entry,50.0
2023-02-17 09:40:00,2023-02-17 10:15:00,SHORT,1,12350.0,12385.5,-71.0,39.38,-0.901,entry,35.0
2023-02-21 09:45:00,2023-02-21 15:55:00,SHORT,1,12252.0,12098.0,308.0,25.97,5.93,entry,370.0
2023-02-22 09:40:00,2023-02-22 09:55:00,LONG,1,12153.5,12122.5,-62.0,31.69,-0.978,entry,15.0
2023-02-23 09:45:00,2023-02-23 10:00:00,LONG,1,12241.25,12207.25,-68.0,30.33,-1.121,entry,15.0
2023-02-24 09:40:00,2023-02-24 14:55:00,SHORT,1,11985.25,12006.0,-41.5,78.16,-0.265,entry,315.0
2023-02-27 09:40:00,2023-02-27 10:35:00,LONG,1,12117.0,12104.0,-26.0,34.65,-0.375,entry,55.0
2023-02-28 10:00:00,2023-02-28 10:25:00,LONG,1,12113.5,12070.5,-86.0,27.21,-1.58,entry,25.0
2023-03-01 09:40:00,2023-03-01 09:45:00,SHORT,1,12031.5,12075.0,-87.0,32.6,-1.334,entry,5.0
2023-03-02 09:50:00,2023-03-02 11:25:00,LONG,1,11900.0,11892.75,-14.5,18.59,-0.39,entry,95.0
2023-03-03 09:40:00,2023-03-03 15:55:00,LONG,1,12144.25,12312.5,336.5,50.82,3.31,entry,375.0
2023-03-06 09:40:00,2023-03-06 12:45:00,LONG,1,12384.75,12392.5,15.5,41.02,0.189,entry,185.0
2023-03-07 09:55:00,2023-03-07 12:20:00,SHORT,1,12333.75,12279.75,108.0,12.92,4.181,entry,145.0
2023-03-08 09:40:00,2023-03-08 09:55:00,SHORT,1,12157.75,12178.5,-41.5,17.91,-1.159,entry,15.0
2023-03-09 09:40:00,2023-03-09 12:00:00,LONG,1,12278.25,12253.25,-50.0,61.73,-0.405,entry,140.0
2023-03-10 09:40:00,2023-03-10 10:55:00,SHORT,1,11902.0,12012.75,-221.5,98.88,-1.12,entry,75.0
2023-03-13 09:40:00,2023-03-13 09:55:00,SHORT,1,11840.0,12004.75,-329.5,156.56,-1.052,entry,15.0
2023-03-14 09:40:00,2023-03-14 14:00:00,LONG,1,12267.0,12224.25,-85.5,115.45,-0.37,entry,260.0
2023-03-15 09:40:00,2023-03-15 09:55:00,LONG,1,12264.5,12209.25,-110.5,36.5,-1.513,entry,15.0
2023-03-16 09:40:00,2023-03-16 09:55:00,SHORT,1,12369.75,12417.25,-95.0,28.55,-1.664,entry,15.0
2023-03-17 09:45:00,2023-03-17 09:50:00,SHORT,1,12705.5,12725.25,-39.5,14.14,-1.397,entry,5.0
2023-03-20 09:40:00,2023-03-20 10:30:00,SHORT,1,12567.25,12617.5,-100.5,60.18,-0.835,entry,50.0
2023-03-21 09:40:00,2023-03-21 10:20:00,LONG,1,12788.0,12750.25,-75.5,41.77,-0.904,entry,40.0
2023-03-22 09:45:00,2023-03-22 12:25:00,LONG,1,12875.75,12883.5,15.5,18.77,0.413,entry,160.0
2023-03-23 09:40:00,2023-03-23 13:50:00,LONG,1,12875.75,12909.0,66.5,58.31,0.57,entry,250.0
2023-03-24 09:40:00,2023-03-24 09:55:00,SHORT,1,12773.75,12821.25,-95.0,46.65,-1.018,entry,15.0
2023-03-27 09:40:00,2023-03-27 10:10:00,LONG,1,12936.0,12917.25,-37.5,15.54,-1.207,entry,30.0
2023-03-28 09:40:00,2023-03-28 15:45:00,SHORT,1,12697.25,12707.25,-20.0,67.8,-0.147,entry,365.0
2023-03-29 09:40:00,2023-03-29 10:45:00,LONG,1,12909.25,12864.0,-90.5,63.34,-0.714,entry,65.0
2023-03-30 09:40:00,2023-03-30 12:35:00,LONG,1,13047.5,13050.5,6.0,28.7,0.105,entry,175.0
2023-03-31 09:40:00,2023-03-31 15:55:00,LONG,1,13133.25,13301.5,336.5,29.12,5.777,entry,375.0
2023-04-03 09:45:00,2023-04-03 10:45:00,LONG,1,13260.25,13208.0,-104.5,36.27,-1.441,entry,60.0
2023-04-04 09:40:00,2023-04-04 09:50:00,SHORT,1,13238.5,13278.75,-80.5,42.07,-0.957,entry,10.0
2023-04-05 09:40:00,2023-04-05 15:55:00,SHORT,1,13146.5,13079.5,134.0,49.52,1.353,entry,375.0
2023-04-06 09:40:00,2023-04-06 10:05:00,SHORT,1,12975.25,13026.25,-102.0,47.17,-1.081,entry,25.0
2023-04-10 09:40:00,2023-04-10 11:05:00,SHORT,1,13007.75,13052.0,-88.5,78.14,-0.566,entry,85.0
2023-04-11 09:40:00,2023-04-11 13:40:00,SHORT,1,13112.25,13109.25,6.0,40.85,0.073,entry,240.0
2023-04-12 09:40:00,2023-04-12 10:25:00,SHORT,1,13092.75,13118.75,-52.0,39.13,-0.664,entry,45.0
2023-04-13 09:40:00,2023-04-13 15:55:00,LONG,1,13056.25,13209.75,307.0,47.74,3.215,entry,375.0
2023-04-14 09:40:00,2023-04-14 10:05:00,LONG,1,13211.5,13177.75,-67.5,47.29,-0.714,entry,25.0
2023-04-17 09:45:00,2023-04-17 10:15:00,SHORT,1,13158.5,13176.75,-36.5,21.54,-0.847,entry,30.0
2023-04-18 09:40:00,2023-04-18 09:55:00,LONG,1,13271.25,13252.0,-38.5,22.52,-0.855,entry,15.0
2023-04-19 09:50:00,2023-04-19 10:00:00,SHORT,1,13091.75,13117.25,-51.0,19.27,-1.323,entry,10.0
2023-04-20 09:40:00,2023-04-20 11:05:00,LONG,1,13109.75,13102.25,-15.0,26.87,-0.279,entry,85.0
2023-04-21 09:50:00,2023-04-21 10:15:00,SHORT,1,13023.0,13053.75,-61.5,32.48,-0.947,entry,25.0
2023-04-24 09:40:00,2023-04-24 10:05:00,LONG,1,13124.75,13078.25,-93.0,49.73,-0.935,entry,25.0
2023-04-25 09:45:00,2023-04-25 15:55:00,SHORT,1,12978.25,12808.5,339.5,24.52,6.923,entry,370.0
2023-04-26 09:40:00,2023-04-26 09:55:00,SHORT,1,12911.0,12960.75,-99.5,34.15,-1.457,entry,15.0
2023-04-27 09:40:00,2023-04-27 15:55:00,LONG,1,13026.5,13231.25,409.5,18.1,11.313,entry,375.0
2023-04-28 09:40:00,2023-04-28 09:45:00,SHORT,1,13185.75,13205.0,-38.5,18.06,-1.066,entry,5.0
2023-05-01 09:40:00,2023-05-01 09:45:00,SHORT,1,13300.0,13315.5,-31.0,11.86,-1.307,entry,5.0
2023-05-02 09:40:00,2023-05-02 13:50:00,SHORT,1,13282.0,13211.75,140.5,15.1,4.653,entry,250.0
2023-05-03 09:40:00,2023-05-03 10:10:00,LONG,1,13217.5,13206.25,-22.5,16.36,-0.688,entry,30.0
2023-05-04 09:40:00,2023-05-04 11:05:00,SHORT,1,13038.0,13089.0,-102.0,60.38,-0.845,entry,85.0
2023-05-05 09:40:00,2023-05-05 15:55:00,LONG,1,13164.75,13324.0,318.5,39.31,4.051,entry,375.0
2023-05-08 09:40:00,2023-05-08 10:45:00,SHORT,1,13276.25,13291.25,-30.0,27.21,-0.551,entry,65.0
2023-05-09 09:50:00,2023-05-09 09:55:00,SHORT,1,13282.0,13309.5,-55.0,12.77,-2.154,entry,5.0
2023-05-10 09:40:00,2023-05-10 10:40:00,LONG,1,13356.0,13336.75,-38.5,23.32,-0.825,entry,60.0
2023-05-11 09:40:00,2023-05-11 10:50:00,SHORT,1,13406.0,13410.25,-8.5,15.4,-0.276,entry,70.0
2023-05-12 09:45:00,2023-05-12 15:50:00,SHORT,1,13444.0,13396.0,96.0,27.48,1.747,entry,365.0
2023-05-15 09:45:00,2023-05-15 10:50:00,SHORT,1,13402.25,13406.25,-8.0,9.46,-0.423,entry,65.0
2023-05-16 09:40:00,2023-05-16 10:10:00,LONG,1,13500.0,13459.5,-81.0,38.25,-1.059,entry,30.0
2023-05-17 09:40:00,2023-05-17 09:45:00,LONG,1,13523.5,13505.5,-36.0,11.35,-1.586,entry,5.0
2023-05-18 09:40:00,2023-05-18 15:55:00,LONG,1,13702.5,13889.75,374.5,36.59,5.118,entry,375.0
2023-05-19 09:45:00,2023-05-19 10:20:00,SHORT,1,13887.5,13908.5,-42.0,23.43,-0.896,entry,35.0
2023-05-22 09:40:00,2023-05-22 10:05:00,LONG,1,13911.0,13874.0,-74.0,43.18,-0.857,entry,25.0
2023-05-23 09:40:00,2023-05-23 15:55:00,SHORT,1,13846.0,13725.5,241.0,37.54,3.21,entry,375.0
2023-05-24 09:40:00,2023-05-24 13:40:00,SHORT,1,13655.75,13635.25,41.0,28.11,0.729,entry,240.0
2023-05-25 09:45:00,2023-05-25 10:00:00,SHORT,1,13866.75,13901.25,-69.0,25.91,-1.331,entry,15.0
2023-05-26 09:40:00,2023-05-26 15:55:00,LONG,1,14082.5,14333.0,501.0,72.08,3.475,entry,375.0
2023-05-29 09:40:00,2023-05-29 12:55:00,SHORT,1,14374.0,14404.75,-61.5,29.5,-1.042,entry,195.0
2023-05-30 09:40:00,2023-05-30 09:50:00,LONG,1,14523.25,14439.25,-168.0,28.44,-2.954,entry,10.0
2023-05-31 09:40:00,2023-05-31 10:05:00,LONG,1,14385.0,14354.75,-60.5,24.46,-1.236,entry,25.0
2023-06-01 09:55:00,2023-06-01 10:20:00,LONG,1,14307.75,14279.5,-56.5,14.28,-1.978,entry,25.0
2023-06-02 09:40:00,2023-06-02 09:45:00,LONG,1,14604.75,14542.0,-125.5,54.85,-1.144,entry,5.0
2023-06-05 09:40:00,2023-06-05 13:50:00,LONG,1,14640.0,14615.5,-49.0,70.68,-0.347,entry,250.0
2023-06-06 09:40:00,2023-06-06 10:05:00,SHORT,1,14531.75,14556.75,-50.0,29.58,-0.845,entry,25.0
2023-06-07 09:40:00,2023-06-07 10:00:00,LONG,1,14667.5,14608.25,-118.5,53.06,-1.117,entry,20.0
2023-06-08 09:40:00,2023-06-08 15:55:00,LONG,1,14382.5,14499.75,234.5,50.84,2.306,entry,375.0
2023-06-09 09:40:00,2023-06-09 10:45:00,LONG,1,14620.0,14582.75,-74.5,76.11,-0.489,entry,65.0
2023-06-12 09:40:00,2023-06-12 10:05:00,LONG,1,14801.75,14780.75,-42.0,15.94,-1.317,entry,25.0
2023-06-13 09:40:00,2023-06-13 09:45:00,LONG,1,15087.0,15042.75,-88.5,15.84,-2.794,entry,5.0
2023-06-14 09:45:00,2023-06-14 13:15:00,LONG,1,15116.5,15129.5,26.0,14.35,0.906,entry,210.0
2023-06-15 09:40:00,2023-06-15 15:55:00,LONG,1,15183.75,15377.5,387.5,43.78,4.425,entry,375.0
2023-06-16 09:40:00,2023-06-16 10:20:00,SHORT,1,15357.75,15391.5,-67.5,38.31,-0.881,entry,40.0
2023-06-19 09:40:00,2023-06-19 12:55:00,SHORT,1,15241.25,15239.25,4.0,32.25,0.062,entry,195.0
2023-06-20 09:40:00,2023-06-20 09:55:00,LONG,1,15275.0,15224.5,-101.0,37.37,-1.351,entry,15.0
2023-06-21 09:40:00,2023-06-21 14:15:00,SHORT,1,15183.75,15121.5,124.5,35.74,1.742,entry,275.0
2023-06-22 09:40:00,2023-06-22 15:55:00,LONG,1,15048.0,15213.5,331.0,42.26,3.916,entry,375.0
2023-06-23 09:40:00,2023-06-23 10:35:00,SHORT,1,15028.25,15076.25,-96.0,73.33,-0.655,entry,55.0
2023-06-26 09:40:00,2023-06-26 10:35:00,LONG,1,15085.0,15061.25,-47.5,26.61,-0.893,entry,55.0
2023-06-27 09:40:00,2023-06-27 10:10:00,LONG,1,14937.5,14909.5,-56.0,22.15,-1.264,entry,30.0
2023-06-28 09:45:00,2023-06-28 12:40:00,LONG,1,15074.5,15087.5,26.0,16.01,0.812,entry,175.0
2023-06-29 09:40:00,2023-06-29 11:15:00,SHORT,1,15087.5,15116.5,-58.0,55.42,-0.523,entry,95.0
2023-06-30 09:40:00,2023-06-30 15:55:00,LONG,1,15298.75,15331.0,64.5,90.91,0.355,entry,375.0
2023-07-03 09:40:00,2023-07-03 10:15:00,LONG,1,15373.0,15356.0,-34.0,17.76,-0.957,entry,35.0
2023-07-04 09:40:00,2023-07-04 10:30:00,LONG,1,15365.25,15348.75,-33.0,15.81,-1.044,entry,50.0
2023-07-05 09:40:00,2023-07-05 11:55:00,LONG,1,15380.75,15351.75,-58.0,65.24,-0.445,entry,135.0
2023-07-06 09:40:00,2023-07-06 12:25:00,SHORT,1,15177.25,15200.75,-47.0,60.69,-0.387,entry,165.0
2023-07-07 09:45:00,2023-07-07 10:25:00,LONG,1,15248.25,15215.75,-65.0,21.05,-1.544,entry,40.0
2023-07-10 09:40:00,2023-07-10 09:45:00,LONG,1,15167.5,15147.5,-40.0,11.41,-1.753,entry,5.0
2023-07-11 09:40:00,2023-07-11 10:35:00,SHORT,1,15166.75,15193.5,-53.5,39.17,-0.683,entry,55.0
2023-07-12 09:40:00,2023-07-12 11:35:00,LONG,1,15430.0,15410.5,-39.0,61.0,-0.32,entry,115.0
2023-07-13 09:40:00,2023-07-13 10:25:00,LONG,1,15604.75,15561.25,-87.0,56.17,-0.774,entry,45.0
2023-07-14 09:40:00,2023-07-14 10:45:00,LONG,1,15767.75,15763.75,-8.0,39.18,-0.102,entry,65.0
2023-07-17 09:40:00,2023-07-17 15:55:00,LONG,1,15739.5,15844.25,209.5,23.08,4.539,entry,375.0
2023-07-18 09:40:00,2023-07-18 10:45:00,SHORT,1,15761.5,15800.75,-78.5,39.26,-1.0,entry,65.0
2023-07-19 09:40:00,2023-07-19 10:05:00,LONG,1,16013.0,15992.0,-42.0,19.28,-1.089,entry,25.0
2023-07-20 09:40:00,2023-07-20 10:00:00,LONG,1,15890.0,15822.25,-135.5,31.88,-2.125,entry,20.0
2023-07-21 09:40:00,2023-07-21 09:45:00,LONG,1,15679.0,15644.0,-70.0,22.76,-1.538,entry,5.0
2023-07-24 09:40:00,2023-07-24 09:45:00,LONG,1,15602.75,15558.0,-89.5,26.38,-1.696,entry,5.0
2023-07-25 09:40:00,2023-07-25 10:50:00,LONG,1,15624.75,15610.0,-29.5,24.34,-0.606,entry,70.0
2023-07-26 09:40:00,2023-07-26 09:55:00,SHORT,1,15601.5,15626.5,-50.0,22.72,-1.1,entry,15.0
2023-07-27 09:40:00,2023-07-27 10:25:00,LONG,1,15894.0,15772.25,-243.5,97.15,-1.253,entry,45.0
2023-07-28 09:40:00,2023-07-28 15:55:00,LONG,1,15774.5,15849.75,150.5,84.57,0.89,entry,375.0
2023-07-31 09:40:00,2023-07-31 09:50:00,LONG,1,15884.5,15850.75,-67.5,28.61,-1.18,entry,10.0
2023-08-01 09:40:00,2023-08-01 10:30:00,SHORT,1,15793.0,15793.25,-0.5,14.92,-0.017,entry,50.0
2023-08-02 09:40:00,2023-08-02 15:55:00,SHORT,1,15607.0,15468.25,277.5,61.77,2.246,entry,375.0
2023-08-03 09:45:00,2023-08-03 10:05:00,LONG,1,15436.25,15407.75,-57.0,29.93,-0.952,entry,20.0
2023-08-04 09:45:00,2023-08-04 09:50:00,LONG,1,15526.75,15472.5,-108.5,18.06,-3.004,entry,5.0
2023-08-07 09:40:00,2023-08-07 09:50:00,SHORT,1,15390.0,15425.0,-70.0,34.51,-1.014,entry,10.0
2023-08-08 09:40:00,2023-08-08 14:15:00,SHORT,1,15330.5,15322.5,16.0,61.34,0.13,entry,275.0
2023-08-09 09:40:00,2023-08-09 14:10:00,SHORT,1,15295.5,15277.5,36.0,72.59,0.248,entry,270.0
2023-08-10 09:40:00,2023-08-10 10:45:00,LONG,1,15322.5,15327.5,10.0,32.72,0.153,entry,65.0
2023-08-11 09:40:00,2023-08-11 10:15:00,SHORT,1,15070.0,15143.25,-146.5,82.69,-0.886,entry,35.0
2023-08-14 09:50:00,2023-08-14 15:55:00,LONG,1,15115.75,15272.5,313.5,15.52,10.102,entry,365.0
2023-08-15 09:40:00,2023-08-15 15:55:00,SHORT,1,15208.0,15105.25,205.5,25.87,3.972,entry,375.0
2023-08-16 09:45:00,2023-08-16 09:50:00,LONG,1,15119.75,15088.0,-63.5,16.27,-1.951,entry,5.0
2023-08-17 09:40:00,2023-08-17 12:20:00,SHORT,1,14944.5,14928.75,31.5,16.01,0.984,entry,160.0
2023-08-18 09:40:00,2023-08-18 10:35:00,SHORT,1,14664.0,14687.25,-46.5,28.64,-0.812,entry,55.0
2023-08-21 09:40:00,2023-08-21 10:25:00,LONG,1,14873.0,14830.5,-85.0,56.75,-0.749,entry,45.0
2023-08-22 09:50:00,2023-08-22 10:10:00,SHORT,1,15016.0,15044.0,-56.0,27.45,-1.02,entry,20.0
2023-08-23 09:40:00,2023-08-23 15:55:00,LONG,1,15027.5,15198.0,341.0,14.0,12.178,entry,375.0
2023-08-24 09:40:00,2023-08-24 15:55:00,SHORT,1,15217.5,14859.25,716.5,113.12,3.167,entry,375.0
2023-08-25 09:40:00,2023-08-25 10:05:00,LONG,1,14939.0,14892.75,-92.5,59.75,-0.774,entry,25.0
2023-08-28 09:40:00,2023-08-28 09:50:00,LONG,1,15066.25,15037.25,-58.0,20.45,-1.418,entry,10.0
2023-08-29 09:40:00,2023-08-29 15:55:00,LONG,1,15127.5,15413.5,572.0,31.39,9.112,entry,375.0
2023-08-30 09:50:00,2023-08-30 10:20:00,LONG,1,15463.5,15413.75,-99.5,44.54,-1.117,entry,30.0
2023-08-31 09:40:00,2023-08-31 12:20:00,LONG,1,15531.75,15523.25,-17.0,22.89,-0.371,entry,160.0
2023-09-01 09:40:00,2023-09-01 10:10:00,SHORT,1,15553.25,15578.75,-51.0,33.37,-0.764,entry,30.0
2023-09-04 09:40:00,2023-09-04 10:30:00,LONG,1,15573.0,15543.25,-59.5,27.75,-1.072,entry,50.0
2023-09-05 09:40:00,2023-09-05 09:45:00,SHORT,1,15462.0,15475.75,-27.5,13.16,-1.045,entry,5.0
2023-09-06 09:45:00,2023-09-06 09:50:00,SHORT,1,15477.0,15497.75,-41.5,11.68,-1.777,entry,5.0
2023-09-07 09:40:00,2023-09-07 10:35:00,SHORT,1,15227.25,15239.75,-25.0,31.71,-0.394,entry,55.0
2023-09-08 09:40:00,2023-09-08 10:55:00,LONG,1,15351.75,15297.75,-108.0,61.58,-0.877,entry,75.0
2023-09-11 09:55:00,2023-09-11 10:25:00,SHORT,1,15563.25,15578.5,-30.5,16.4,-0.93,entry,30.0
2023-09-12 09:55:00,2023-09-12 10:20:00,LONG,1,15650.0,15614.5,-71.0,18.62,-1.906,entry,25.0
2023-09-13 09:40:00,2023-09-13 10:00:00,LONG,1,15553.5,15497.75,-111.5,54.84,-1.017,entry,20.0
2023-09-14 09:45:00,2023-09-14 10:30:00,SHORT,1,15587.5,15604.25,-33.5,18.74,-0.894,entry,45.0
2023-09-15 09:40:00,2023-09-15 15:55:00,SHORT,1,15536.25,15390.75,291.0,97.41,1.494,entry,375.0
2023-09-18 09:45:00,2023-09-18 10:30:00,LONG,1,15406.5,15395.25,-22.5,14.31,-0.786,entry,45.0
2023-09-19 09:40:00,2023-09-19 13:10:00,SHORT,1,15351.25,15323.0,56.5,34.2,0.826,entry,210.0
2023-09-20 09:40:00,2023-09-20 10:00:00,LONG,1,15417.0,15397.0,-40.0,22.53,-0.888,entry,20.0
2023-09-21 09:40:00,2023-09-21 10:35:00,SHORT,1,14982.0,15012.0,-60.0,45.42,-0.66,entry,55.0
2023-09-22 09:45:00,2023-09-22 13:20:00,LONG,1,14936.25,14949.5,26.5,21.56,0.615,entry,215.0
2023-09-25 09:50:00,2023-09-25 10:05:00,LONG,1,14864.75,14847.75,-34.0,10.99,-1.547,entry,15.0
2023-09-26 09:40:00,2023-09-26 15:55:00,SHORT,1,14828.5,14708.75,239.5,23.01,5.205,entry,375.0
2023-09-27 09:40:00,2023-09-27 10:00:00,LONG,1,14791.5,14741.25,-100.5,30.17,-1.666,entry,20.0
2023-09-28 09:40:00,2023-09-28 09:50:00,SHORT,1,14668.0,14733.25,-130.5,53.1,-1.229,entry,10.0
2023-09-29 09:40:00,2023-09-29 11:25:00,LONG,1,14993.25,14954.0,-78.5,42.99,-0.913,entry,105.0
2023-10-02 09:40:00,2023-10-02 09:50:00,LONG,1,14956.5,14922.5,-68.0,32.91,-1.033,entry,10.0
2023-10-03 09:40:00,2023-10-03 09:50:00,SHORT,1,14908.5,14964.5,-112.0,26.65,-2.101,entry,10.0
2023-10-04 09:40:00,2023-10-04 15:55:00,LONG,1,14806.75,14919.75,226.0,90.63,1.247,entry,375.0
2023-10-05 09:40:00,2023-10-05 13:35:00,SHORT,1,14871.75,14842.25,59.0,27.73,1.064,entry,235.0
2023-10-06 09:40:00,2023-10-06 10:10:00,SHORT,1,14742.5,14779.0,-73.0,38.05,-0.959,entry,30.0
2023-10-09 09:40:00,2023-10-09 10:00:00,LONG,1,15034.75,14993.5,-82.5,33.65,-1.226,entry,20.0
2023-10-10 09:50:00,2023-10-10 13:10:00,LONG,1,15222.0,15269.0,94.0,15.55,3.023,entry,200.0
2023-10-11 09:40:00,2023-10-11 10:00:00,LONG,1,15339.0,15310.5,-57.0,15.62,-1.825,entry,20.0
2023-10-12 09:40:00,2023-10-12 10:05:00,SHORT,1,15379.25,15422.25,-86.0,27.25,-1.578,entry,25.0
2023-10-13 09:40:00,2023-10-13 10:10:00,LONG,1,15328.25,15288.75,-79.0,22.97,-1.719,entry,30.0
2023-10-16 09:40:00,2023-10-16 15:55:00,LONG,1,15200.5,15293.5,186.0,31.05,2.995,entry,375.0
2023-10-17 09:40:00,2023-10-17 10:15:00,SHORT,1,15108.5,15173.25,-129.5,90.9,-0.712,entry,35.0
2023-10-18 09:40:00,2023-10-18 10:15:00,SHORT,1,15135.0,15200.5,-131.0,37.8,-1.733,entry,35.0
2023-10-19 09:50:00,2023-10-19 10:25:00,LONG,1,15060.25,15003.5,-113.5,20.08,-2.826,entry,35.0
2023-10-20 09:40:00,2023-10-20 09:55:00,LONG,1,14859.0,14837.5,-43.0,18.5,-1.162,entry,15.0
2023-10-23 09:40:00,2023-10-23 09:50:00,SHORT,1,14523.5,14615.0,-183.0,86.71,-1.055,entry,10.0
2023-10-24 09:40:00,2023-10-24 09:45:00,LONG,1,14820.75,14773.5,-94.5,32.52,-1.453,entry,5.0
2023-10-25 09:40:00,2023-10-25 15:55:00,SHORT,1,14631.25,14476.25,310.0,103.42,1.499,entry,375.0
2023-10-26 09:40:00,2023-10-26 09:45:00,LONG,1,14414.25,14363.0,-102.5,51.06,-1.004,entry,5.0
2023-10-27 09:40:00,2023-10-27 09:45:00,LONG,1,14342.5,14296.5,-92.0,30.43,-1.512,entry,5.0
2023-10-30 09:40:00,2023-10-30 10:15:00,LONG,1,14435.5,14363.75,-143.5,63.96,-1.122,entry,35.0
2023-10-31 09:40:00,2023-10-31 10:10:00,SHORT,1,14333.25,14386.0,-105.5,53.87,-0.979,entry,30.0
2023-11-01 09:40:00,2023-11-01 15:55:00,LONG,1,14563.0,14742.75,359.5,75.58,2.378,entry,375.0
2023-11-02 09:40:00,2023-11-02 10:10:00,LONG,1,14935.5,14881.0,-109.0,57.16,-0.953,entry,30.0
2023-11-03 09:40:00,2023-11-03 15:55:00,LONG,1,15094.5,15174.5,160.0,83.61,0.957,entry,375.0
2023-11-06 10:10:00,2023-11-06 10:25:00,SHORT,1,15187.0,15212.75,-51.5,20.85,-1.235,entry,15.0
2023-11-07 09:40:00,2023-11-07 15:55:00,LONG,1,15264.5,15375.25,221.5,35.39,3.129,entry,375.0
2023-11-08 09:45:00,2023-11-08 10:00:00,LONG,1,15396.0,15356.75,-78.5,19.89,-1.973,entry,15.0
2023-11-09 09:50:00,2023-11-09 10:05:00,LONG,1,15400.25,15372.25,-56.0,18.32,-1.529,entry,15.0
2023-11-10 09:40:00,2023-11-10 15:55:00,LONG,1,15380.25,15597.25,434.0,102.36,2.12,entry,375.0
2023-11-13 09:40:00,2023-11-13 10:30:00,SHORT,1,15486.0,15531.5,-91.0,48.71,-0.934,entry,50.0
2023-11-14 09:40:00,2023-11-14 15:55:00,LONG,1,15853.75,15878.75,50.0,120.03,0.208,entry,375.0
2023-11-15 09:50:00,2023-11-15 10:20:00,SHORT,1,15918.5,15954.5,-72.0,30.9,-1.165,entry,30.0
2023-11-16 09:45:00,2023-11-16 10:15:00,LONG,1,15867.75,15846.5,-42.5,14.62,-1.454,entry,30.0
2023-11-17 09:40:00,2023-11-17 11:55:00,SHORT,1,15840.0,15879.75,-79.5,44.46,-0.894,entry,135.0
2023-11-20 09:40:00,2023-11-20 15:55:00,LONG,1,15961.75,16088.5,253.5,53.86,2.353,entry,375.0
2023-11-21 09:40:00,2023-11-21 15:25:00,SHORT,1,16005.25,15991.25,28.0,43.5,0.322,entry,345.0
2023-11-22 09:40:00,2023-11-22 09:50:00,LONG,1,16142.25,16059.0,-166.5,87.76,-0.949,entry,10.0
2023-11-24 09:40:00,2023-11-24 13:10:00,SHORT,1,16018.0,16011.0,14.0,24.49,0.286,entry,210.0
2023-11-27 09:40:00,2023-11-27 14:40:00,LONG,1,16001.25,16010.75,19.0,11.28,0.842,entry,300.0
2023-11-28 09:40:00,2023-11-28 10:00:00,SHORT,1,15968.25,15991.5,-46.5,16.38,-1.42,entry,20.0
2023-11-29 09:40:00,2023-11-29 10:05:00,LONG,1,16191.5,16124.0,-135.0,62.27,-1.084,entry,25.0
2023-11-30 09:40:00,2023-11-30 15:50:00,SHORT,1,15983.75,15967.0,33.5,56.68,0.296,entry,370.0
2023-12-01 09:45:00,2023-12-01 10:00:00,SHORT,1,15924.0,15938.0,-28.0,15.09,-0.928,entry,15.0
2023-12-04 09:40:00,2023-12-04 12:30:00,SHORT,1,15834.75,15853.25,-37.0,85.81,-0.216,entry,170.0
2023-12-05 09:40:00,2023-12-05 11:50:00,LONG,1,15842.25,15834.5,-15.5,40.14,-0.193,entry,130.0
2023-12-06 09:40:00,2023-12-06 15:55:00,SHORT,1,15948.0,15815.0,266.0,22.26,5.974,entry,375.0
2023-12-07 09:40:00,2023-12-07 15:55:00,LONG,1,15952.0,16035.25,166.5,66.7,1.248,entry,375.0
2023-12-08 09:40:00,2023-12-08 11:35:00,LONG,1,16022.75,16022.75,0.0,40.17,0.0,entry,115.0
2023-12-11 09:40:00,2023-12-11 15:55:00,LONG,1,16345.5,16447.75,204.5,52.08,1.963,entry,375.0
2023-12-12 09:40:00,2023-12-12 09:55:00,SHORT,1,16405.25,16467.25,-124.0,54.6,-1.135,entry,15.0
2023-12-13 09:50:00,2023-12-13 10:05:00,SHORT,1,16609.0,16621.0,-24.0,10.1,-1.188,entry,15.0
2023-12-14 09:40:00,2023-12-14 10:00:00,LONG,1,16856.75,16815.25,-83.0,13.14,-3.159,entry,20.0
2023-12-15 09:40:00,2023-12-15 12:50:00,LONG,1,16835.75,16816.75,-38.0,41.66,-0.456,entry,190.0
2023-12-18 09:40:00,2023-12-18 15:55:00,LONG,1,16857.5,16938.25,161.5,13.08,6.173,entry,375.0
2023-12-19 09:40:00,2023-12-19 13:05:00,LONG,1,16987.75,16972.0,-31.5,32.4,-0.486,entry,205.0
2023-12-20 09:40:00,2023-12-20 14:00:00,LONG,1,17011.0,17024.0,26.0,12.86,1.011,entry,260.0
2023-12-21 09:40:00,2023-12-21 09:55:00,LONG,1,16931.0,16893.5,-75.0,37.31,-1.005,entry,15.0
2023-12-22 09:40:00,2023-12-22 12:05:00,LONG,1,17033.0,16984.75,-96.5,67.03,-0.72,entry,145.0
2023-12-26 09:40:00,2023-12-26 11:20:00,LONG,1,17042.75,17028.0,-29.5,25.28,-0.583,entry,100.0
2023-12-27 09:40:00,2023-12-27 10:10:00,LONG,1,17106.25,17061.75,-89.0,11.08,-4.017,entry,30.0
2023-12-28 09:40:00,2023-12-28 10:45:00,SHORT,1,17122.0,17141.5,-39.0,20.91,-0.933,entry,65.0
2023-12-29 10:20:00,2023-12-29 13:45:00,SHORT,1,17085.5,17034.75,101.5,11.06,4.59,entry,205.0
2024-01-02 09:40:00,2024-01-02 15:55:00,SHORT,1,16777.75,16721.0,113.5,113.94,0.498,entry,375.0
2024-01-03 09:45:00,2024-01-03 14:25:00,SHORT,1,16629.5,16618.0,23.0,11.17,1.029,entry,280.0
2024-01-04 09:40:00,2024-01-04 10:05:00,SHORT,1,16475.5,16513.5,-76.0,34.2,-1.111,entry,25.0
2024-01-05 09:40:00,2024-01-05 12:05:00,LONG,1,16464.75,16463.5,-2.5,46.11,-0.027,entry,145.0
2024-01-08 09:40:00,2024-01-08 15:55:00,LONG,1,16576.5,16801.25,449.5,90.9,2.472,entry,375.0
2024-01-09 09:40:00,2024-01-09 10:05:00,SHORT,1,16675.75,16720.5,-89.5,38.43,-1.165,entry,25.0
2024-01-10 09:50:00,2024-01-10 10:10:00,SHORT,1,16822.75,16846.75,-48.0,26.74,-0.898,entry,20.0
2024-01-11 09:45:00,2024-01-11 13:50:00,SHORT,1,16949.0,16910.25,77.5,34.46,1.124,entry,245.0
2024-01-12 09:40:00,2024-01-12 10:00:00,LONG,1,17036.0,16959.25,-153.5,79.37,-0.967,entry,20.0
2024-01-15 09:40:00,2024-01-15 10:50:00,SHORT,1,16958.5,16969.5,-22.0,14.51,-0.758,entry,70.0
2024-01-16 09:40:00,2024-01-16 09:55:00,SHORT,1,16878.75,16913.75,-70.0,12.69,-2.758,entry,15.0
2024-01-17 09:40:00,2024-01-17 11:00:00,SHORT,1,16737.25,16800.5,-126.5,104.99,-0.602,entry,80.0
2024-01-18 09:40:00,2024-01-18 12:20:00,LONG,1,17029.25,17008.75,-41.0,59.54,-0.344,entry,160.0
2024-01-19 09:45:00,2024-01-19 09:50:00,SHORT,1,17185.25,17210.0,-49.5,10.57,-2.341,entry,5.0
2024-01-22 09:40:00,2024-01-22 09:50:00,SHORT,1,17504.75,17543.0,-76.5,34.65,-1.104,entry,10.0
2024-01-23 09:50:00,2024-01-23 10:00:00,LONG,1,17478.5,17465.5,-26.0,12.88,-1.009,entry,10.0
2024-01-24 09:40:00,2024-01-24 14:10:00,LONG,1,17654.25,17678.25,48.0,10.27,2.336,entry,270.0
2024-01-25 09:40:00,2024-01-25 12:15:00,LONG,1,17688.0,17679.25,-17.5,26.56,-0.329,entry,155.0
2024-01-26 09:40:00,2024-01-26 09:50:00,LONG,1,17558.0,17527.5,-61.0,17.45,-1.748,entry,10.0
2024-01-29 09:40:00,2024-01-29 10:00:00,LONG,1,17568.25,17530.75,-75.0,21.77,-1.722,entry,20.0
2024-01-30 09:40:00,2024-01-30 15:55:00,SHORT,1,17678.5,17583.75,189.5,10.57,8.968,entry,375.0
2024-01-31 09:40:00,2024-01-31 12:55:00,SHORT,1,17356.75,17370.5,-27.5,51.31,-0.268,entry,195.0
2024-02-01 09:55:00,2024-02-01 10:05:00,SHORT,1,17303.5,17352.75,-98.5,17.16,-2.871,entry,10.0
2024-02-02 09:40:00,2024-02-02 15:55:00,LONG,1,17576.0,17729.75,307.5,14.28,10.77,entry,375.0
2024-02-05 09:45:00,2024-02-05 12:05:00,SHORT,1,17691.0,17673.5,35.0,16.85,1.038,entry,140.0
2024-02-06 09:45:00,2024-02-06 15:55:00,SHORT,1,17698.0,17661.75,72.5,26.31,1.378,entry,370.0
2024-02-07 09:40:00,2024-02-07 15:55:00,LONG,1,17731.25,17841.25,220.0,21.5,5.117,entry,375.0
2024-02-08 09:40:00,2024-02-08 09:50:00,SHORT,1,17819.25,17842.25,-46.0,11.01,-2.09,entry,10.0
2024-02-09 09:55:00,2024-02-09 15:55:00,LONG,1,17940.5,18039.0,197.0,31.22,3.155,entry,360.0
2024-02-12 09:45:00,2024-02-12 09:55:00,SHORT,1,18019.5,18040.5,-42.0,16.07,-1.307,entry,10.0
2024-02-13 09:40:00,2024-02-13 10:25:00,SHORT,1,17642.75,17742.25,-199.0,99.69,-0.998,entry,45.0
2024-02-14 09:40:00,2024-02-14 09:50:00,LONG,1,17771.5,17758.0,-27.0,11.81,-1.143,entry,10.0
2024-02-15 09:40:00,2024-02-15 12:15:00,SHORT,1,17845.75,17859.75,-28.0,40.68,-0.344,entry,155.0
2024-02-16 09:40:00,2024-02-16 11:20:00,SHORT,1,17879.0,17867.5,23.0,66.55,0.173,entry,100.0
2024-02-19 09:40:00,2024-02-19 10:45:00,LONG,1,17797.0,17775.5,-43.0,22.11,-0.972,entry,65.0
2024-02-20 09:40:00,2024-02-20 15:05:00,SHORT,1,17580.5,17584.5,-8.0,86.51,-0.046,entry,325.0
2024-02-21 09:40:00,2024-02-21 10:00:00,SHORT,1,17467.75,17522.75,-110.0,50.97,-1.079,entry,20.0
2024-02-22 09:40:00,2024-02-22 15:55:00,LONG,1,17902.25,18044.75,285.0,47.28,3.014,entry,375.0
2024-02-23 09:40:00,2024-02-23 10:05:00,LONG,1,18140.25,18070.0,-140.5,66.49,-1.057,entry,25.0
2024-02-26 10:05:00,2024-02-26 13:25:00,LONG,1,18005.75,17999.5,-12.5,16.41,-0.381,entry,200.0
2024-02-27 09:40:00,2024-02-27 09:55:00,SHORT,1,17955.5,17990.25,-69.5,34.47,-1.008,entry,15.0
2024-02-28 09:40:00,2024-02-28 10:55:00,SHORT,1,17922.5,17928.75,-12.5,21.27,-0.294,entry,75.0
2024-02-29 09:40:00,2024-02-29 11:25:00,LONG,1,18043.25,17979.75,-127.0,85.15,-0.746,entry,105.0
2024-03-01 09:40:00,2024-03-01 15:55:00,LONG,1,18135.0,18335.0,400.0,29.15,6.861,entry,375.0
2024-03-04 09:40:00,2024-03-04 10:35:00,SHORT,1,18306.25,18325.5,-38.5,25.32,-0.76,entry,55.0
2024-03-05 09:40:00,2024-03-05 15:55:00,SHORT,1,18065.5,17931.75,267.5,73.17,1.828,entry,375.0
2024-03-06 09:40:00,2024-03-06 09:55:00,LONG,1,18101.5,18046.5,-110.0,45.32,-1.213,entry,15.0
2024-03-07 09:40:00,2024-03-07 15:55:00,LONG,1,18163.0,18309.25,292.5,69.34,2.109,entry,375.0
2024-03-08 09:45:00,2024-03-08 11:00:00,LONG,1,18356.25,18315.25,-82.0,41.89,-0.979,entry,75.0
2024-03-11 09:50:00,2024-03-11 10:30:00,SHORT,1,18175.5,18218.25,-85.5,39.79,-1.074,entry,40.0
2024-03-12 09:40:00,2024-03-12 09:55:00,SHORT,1,18202.75,18293.0,-180.5,88.58,-1.019,entry,15.0
2024-03-13 09:40:00,2024-03-13 13:05:00,SHORT,1,18370.25,18379.0,-17.5,59.73,-0.146,entry,205.0
2024-03-14 09:40:00,2024-03-14 10:30:00,SHORT,1,18363.5,18335.75,55.5,15.99,1.735,entry,50.0
2024-03-15 09:40:00,2024-03-15 10:45:00,SHORT,1,18082.5,18162.75,-160.5,121.31,-0.662,entry,65.0
2024-03-18 09:40:00,2024-03-18 11:50:00,LONG,1,18331.75,18284.5,-94.5,95.21,-0.496,entry,130.0
2024-03-19 09:40:00,2024-03-19 10:40:00,SHORT,1,18066.0,18130.0,-128.0,77.52,-0.826,entry,60.0
2024-03-20 09:40:00,2024-03-20 10:20:00,SHORT,1,18255.25,18285.5,-60.5,26.74,-1.131,entry,40.0
2024-03-21 09:40:00,2024-03-21 09:45:00,LONG,1,18675.75,18638.0,-75.5,38.44,-0.982,entry,5.0
2024-03-22 09:40:00,2024-03-22 10:00:00,SHORT,1,18508.25,18557.75,-99.0,37.52,-1.319,entry,20.0
2024-03-25 09:40:00,2024-03-25 10:05:00,SHORT,1,18423.25,18496.75,-147.0,74.97,-0.98,entry,25.0
2024-03-26 09:55:00,2024-03-26 10:25:00,LONG,1,18589.5,18555.5,-68.0,12.76,-2.664,entry,30.0
2024-03-27 09:40:00,2024-03-27 14:25:00,SHORT,1,18492.5,18454.75,75.5,22.43,1.683,entry,285.0
2024-03-28 09:40:00,2024-03-28 10:10:00,LONG,1,18505.75,18491.0,-29.5,14.69,-1.004,entry,30.0
2024-04-01 09:40:00,2024-04-01 10:00:00,LONG,1,18587.25,18551.0,-72.5,29.61,-1.224,entry,20.0
2024-04-02 09:40:00,2024-04-02 15:05:00,SHORT,1,18240.75,18302.0,-122.5,123.31,-0.497,entry,325.0
2024-04-03 09:40:00,2024-04-03 09:50:00,SHORT,1,18257.5,18280.5,-46.0,23.75,-0.969,entry,10.0
2024-04-04 09:40:00,2024-04-04 10:20:00,LONG,1,18537.75,18497.5,-80.5,47.39,-0.849,entry,40.0
2024-04-05 09:40:00,2024-04-05 15:55:00,LONG,1,18169.75,18293.25,247.0,39.44,3.131,entry,375.0
2024-04-08 09:40:00,2024-04-08 10:05:00,SHORT,1,18280.0,18303.5,-47.0,22.37,-1.051,entry,25.0
2024-04-09 09:40:00,2024-04-09 10:05:00,LONG,1,18380.0,18341.5,-77.0,40.74,-0.945,entry,25.0
2024-04-10 09:45:00,2024-04-10 09:50:00,SHORT,1,18124.75,18193.0,-136.5,67.99,-1.004,entry,5.0
2024-04-11 09:40:00,2024-04-11 10:10:00,LONG,1,18236.75,18212.75,-48.0,28.23,-0.85,entry,30.0
2024-04-12 09:40:00,2024-04-12 15:55:00,SHORT,1,18316.0,18181.0,270.0,61.9,2.181,entry,375.0
2024-04-15 09:40:00,2024-04-15 10:05:00,LONG,1,18307.75,18240.75,-134.0,32.4,-2.068,entry,25.0
2024-04-16 09:40:00,2024-04-16 09:50:00,SHORT,1,17851.75,17867.5,-31.5,14.41,-1.093,entry,10.0
2024-04-17 09:40:00,2024-04-17 09:45:00,LONG,1,17932.75,17905.0,-55.5,25.04,-1.108,entry,5.0
2024-04-18 09:40:00,2024-04-18 10:30:00,SHORT,1,17594.5,17676.5,-164.0,82.32,-0.996,entry,50.0
2024-04-19 09:40:00,2024-04-19 10:10:00,LONG,1,17490.0,17411.75,-156.5,84.65,-0.924,entry,30.0
2024-04-22 09:40:00,2024-04-22 10:05:00,LONG,1,17289.5,17272.5,-34.0,17.52,-0.97,entry,25.0
2024-04-23 09:40:00,2024-04-23 15:55:00,LONG,1,17446.0,17607.0,322.0,53.85,2.99,entry,375.0
2024-04-24 09:40:00,2024-04-24 10:10:00,LONG,1,17769.5,17720.0,-99.0,45.6,-1.086,entry,30.0
2024-04-25 09:40:00,2024-04-25 10:10:00,SHORT,1,17371.5,17411.25,-79.5,38.01,-1.046,entry,30.0
2024-04-26 09:45:00,2024-04-26 15:55:00,LONG,1,17759.75,17839.25,159.0,19.12,4.158,entry,370.0
2024-04-29 09:40:00,2024-04-29 10:05:00,SHORT,1,17845.75,17890.0,-88.5,53.63,-0.825,entry,25.0
2024-04-30 09:40:00,2024-04-30 10:20:00,LONG,1,17883.0,17860.0,-46.0,24.18,-0.951,entry,40.0
2024-05-01 10:00:00,2024-05-01 10:30:00,SHORT,1,17448.25,17477.5,-58.5,32.82,-0.891,entry,30.0
2024-05-02 09:40:00,2024-05-02 10:55:00,SHORT,1,17541.0,17528.25,25.5,18.6,0.686,entry,75.0
2024-05-03 09:40:00,2024-05-03 11:05:00,LONG,1,17973.0,17908.75,-128.5,110.67,-0.581,entry,85.0
2024-05-06 09:40:00,2024-05-06 15:55:00,LONG,1,18085.5,18197.25,223.5,38.0,2.941,entry,375.0
2024-05-07 09:40:00,2024-05-07 09:55:00,LONG,1,18219.5,18193.25,-52.5,27.51,-0.954,entry,15.0
2024-05-08 09:40:00,2024-05-08 09:45:00,SHORT,1,18124.25,18155.5,-62.5,18.56,-1.684,entry,5.0
2024-05-09 09:40:00,2024-05-09 09:55:00,SHORT,1,18131.0,18157.5,-53.0,30.14,-0.879,entry,15.0
2024-05-10 09:40:00,2024-05-10 10:10:00,LONG,1,18320.25,18271.25,-98.0,43.0,-1.14,entry,30.0
2024-05-13 09:40:00,2024-05-13 10:00:00,SHORT,1,18273.5,18298.5,-50.0,20.35,-1.229,entry,20.0
2024-05-14 09:40:00,2024-05-14 13:10:00,LONG,1,18311.75,18303.5,-16.5,35.05,-0.235,entry,210.0
2024-05-15 09:40:00,2024-05-15 09:45:00,LONG,1,18501.0,18475.25,-51.5,25.58,-1.007,entry,5.0
2024-05-16 09:40:00,2024-05-16 09:45:00,SHORT,1,18691.0,18704.75,-27.5,13.97,-0.985,entry,5.0
2024-05-17 09:45:00,2024-05-17 10:20:00,SHORT,1,18638.0,18652.0,-28.0,16.18,-0.865,entry,35.0
2024-05-20 09:40:00,2024-05-20 15:55:00,LONG,1,18706.0,18766.25,120.5,32.71,1.842,entry,375.0
2024-05-21 09:40:00,2024-05-21 10:00:00,SHORT,1,18703.75,18723.25,-39.0,17.18,-1.135,entry,20.0
2024-05-22 09:45:00,2024-05-22 10:40:00,LONG,1,18820.25,18806.75,-27.0,16.16,-0.835,entry,55.0
2024-05-23 09:40:00,2024-05-23 11:35:00,SHORT,1,18930.0,18918.25,23.5,19.3,0.609,entry,115.0
2024-05-24 09:40:00,2024-05-24 09:50:00,LONG,1,18770.75,18734.25,-73.0,31.24,-1.169,entry,10.0
2024-05-27 09:40:00,2024-05-27 12:55:00,LONG,1,18906.25,18950.75,89.0,35.35,1.259,entry,195.0
2024-05-28 09:40:00,2024-05-28 10:40:00,SHORT,1,18872.5,18911.5,-78.0,48.78,-0.799,entry,60.0
2024-05-29 09:40:00,2024-05-29 09:50:00,SHORT,1,18788.0,18842.5,-109.0,35.88,-1.519,entry,10.0
2024-05-30 09:45:00,2024-05-30 10:10:00,LONG,1,18745.25,18707.0,-76.5,17.1,-2.237,entry,25.0
2024-05-31 09:40:00,2024-05-31 09:50:00,LONG,1,18618.0,18544.0,-148.0,38.96,-1.899,entry,10.0
2024-06-03 09:40:00,2024-06-03 09:55:00,LONG,1,18728.75,18677.0,-103.5,56.67,-0.913,entry,15.0
2024-06-04 09:40:00,2024-06-04 10:05:00,LONG,1,18614.75,18593.75,-42.0,14.62,-1.437,entry,25.0
2024-06-05 09:40:00,2024-06-05 15:55:00,LONG,1,18834.5,19077.5,486.0,45.79,5.307,entry,375.0
2024-06-06 09:45:00,2024-06-06 10:20:00,SHORT,1,19066.75,19084.25,-35.0,26.63,-0.657,entry,35.0
2024-06-07 09:50:00,2024-06-07 09:55:00,LONG,1,19054.75,19032.5,-44.5,20.12,-1.106,entry,5.0
2024-06-10 09:40:00,2024-06-10 10:05:00,SHORT,1,18998.75,19015.75,-34.0,14.78,-1.15,entry,25.0
2024-06-11 09:40:00,2024-06-11 10:15:00,SHORT,1,19056.0,19061.5,-11.0,12.16,-0.452,entry,35.0
2024-06-12 09:40:00,2024-06-12 15:25:00,LONG,1,19481.0,19466.0,-30.0,112.73,-0.133,entry,345.0
2024-06-13 09:45:00,2024-06-13 09:55:00,LONG,1,19653.25,19631.25,-44.0,19.21,-1.145,entry,10.0
2024-06-14 09:40:00,2024-06-14 10:35:00,LONG,1,19597.5,19575.75,-43.5,14.19,-1.533,entry,55.0
2024-06-17 09:45:00,2024-06-17 09:55:00,SHORT,1,19908.5,19954.5,-92.0,37.28,-1.234,entry,10.0
2024-06-18 09:40:00,2024-06-18 10:05:00,SHORT,1,20191.25,20203.25,-24.0,13.76,-0.872,entry,25.0
2024-06-19 09:40:00,2024-06-19 10:30:00,LONG,1,20246.5,20225.75,-41.5,14.57,-1.425,entry,50.0
2024-06-20 09:40:00,2024-06-20 15:55:00,SHORT,1,20260.5,20035.25,450.5,11.56,19.482,entry,375.0
2024-06-21 09:40:00,2024-06-21 10:45:00,SHORT,1,19988.75,19997.75,-18.0,27.68,-0.325,entry,65.0
2024-06-24 09:40:00,2024-06-24 10:00:00,SHORT,1,19904.25,19976.0,-143.5,52.24,-1.373,entry,20.0
2024-06-25 09:40:00,2024-06-25 13:00:00,LONG,1,19824.25,19846.25,44.0,18.07,1.218,entry,200.0
2024-06-26 09:40:00,2024-06-26 09:45:00,SHORT,1,19947.5,19977.75,-60.5,28.15,-1.074,entry,5.0
2024-06-27 09:40:00,2024-06-27 10:50:00,LONG,1,20075.0,20021.25,-107.5,77.45,-0.694,entry,70.0
2024-06-28 09:45:00,2024-06-28 10:50:00,LONG,1,20125.75,20148.75,46.0,25.7,0.895,entry,65.0
2024-07-01 09:40:00,2024-07-01 10:25:00,SHORT,1,19918.75,19936.25,-35.0,42.11,-0.416,entry,45.0
2024-07-02 09:40:00,2024-07-02 15:55:00,LONG,1,20070.25,20256.5,372.5,79.77,2.335,entry,375.0
2024-07-03 09:40:00,2024-07-03 13:10:00,LONG,1,20258.5,20419.5,322.0,14.63,11.006,entry,210.0
2024-07-04 09:45:00,2024-07-04 12:55:00,SHORT,1,20387.0,20381.25,11.5,15.27,0.377,entry,190.0
2024-07-05 09:40:00,2024-07-05 15:55:00,LONG,1,20471.25,20621.75,301.0,26.81,5.613,entry,375.0
2024-07-08 09:55:00,2024-07-08 10:15:00,LONG,1,20634.5,20618.75,-31.5,16.51,-0.954,entry,20.0
2024-07-09 09:40:00,2024-07-09 10:05:00,LONG,1,20744.0,20731.25,-25.5,13.27,-0.961,entry,25.0
2024-07-10 09:40:00,2024-07-10 10:40:00,LONG,1,20754.75,20745.25,-19.0,19.13,-0.497,entry,60.0
2024-07-11 09:45:00,2024-07-11 15:55:00,SHORT,1,20859.75,20429.75,860.0,36.85,11.668,entry,370.0
2024-07-12 09:45:00,2024-07-12 15:45:00,LONG,1,20494.5,20556.25,123.5,57.75,1.069,entry,360.0
2024-07-15 09:50:00,2024-07-15 12:10:00,LONG,1,20634.5,20636.0,3.0,24.47,0.061,entry,140.0
2024-07-16 09:45:00,2024-07-16 11:05:00,SHORT,1,20602.25,20594.5,15.5,26.57,0.292,entry,80.0
2024-07-17 09:40:00,2024-07-17 15:55:00,SHORT,1,20212.0,19992.0,440.0,120.16,1.831,entry,375.0
2024-07-18 09:40:00,2024-07-18 10:05:00,SHORT,1,20040.0,20104.75,-129.5,51.97,-1.246,entry,25.0
2024-07-19 09:50:00,2024-07-19 09:55:00,LONG,1,19912.25,19884.0,-56.5,19.14,-1.476,entry,5.0
2024-07-22 09:40:00,2024-07-22 11:05:00,LONG,1,19956.0,19894.75,-122.5,95.71,-0.64,entry,85.0
2024-07-23 09:40:00,2024-07-23 10:40:00,LONG,1,20031.5,19979.75,-103.5,71.02,-0.729,entry,60.0
2024-07-24 09:40:00,2024-07-24 15:55:00,SHORT,1,19540.25,19204.5,671.5,141.53,2.372,entry,375.0
2024-07-25 09:40:00,2024-07-25 10:40:00,SHORT,1,19145.5,19139.25,12.5,41.85,0.149,entry,60.0
2024-07-26 09:45:00,2024-07-26 09:55:00,SHORT,1,19063.0,19129.25,-132.5,65.73,-1.008,entry,10.0
2024-07-29 09:40:00,2024-07-29 10:10:00,LONG,1,19342.25,19253.75,-177.0,57.67,-1.535,entry,30.0
2024-07-30 09:40:00,2024-07-30 09:50:00,LONG,1,19259.75,19229.5,-60.5,30.54,-0.991,entry,10.0
2024-07-31 09:40:00,2024-07-31 15:55:00,LONG,1,19329.0,19496.5,335.0,93.68,1.788,entry,375.0
2024-08-01 09:40:00,2024-08-01 10:05:00,LONG,1,19632.0,19566.0,-132.0,34.95,-1.888,entry,25.0
2024-08-02 09:45:00,2024-08-02 11:40:00,SHORT,1,18641.25,18613.25,56.0,52.4,0.534,entry,115.0
2024-08-05 09:40:00,2024-08-05 09:45:00,SHORT,1,17774.0,17921.75,-295.5,24.09,-6.133,entry,5.0
2024-08-06 09:40:00,2024-08-06 10:00:00,SHORT,1,17998.75,18181.0,-364.5,189.81,-0.96,entry,20.0
2024-08-07 09:40:00,2024-08-07 11:40:00,LONG,1,18520.0,18389.5,-261.0,161.26,-0.809,entry,120.0
2024-08-08 09:40:00,2024-08-08 15:55:00,LONG,1,18132.25,18519.25,774.0,87.45,4.425,entry,375.0
2024-08-09 09:40:00,2024-08-09 10:10:00,SHORT,1,18450.75,18547.75,-194.0,63.88,-1.518,entry,30.0
2024-08-12 09:40:00,2024-08-12 10:05:00,SHORT,1,18562.5,18639.0,-153.0,71.56,-1.069,entry,25.0
2024-08-13 09:40:00,2024-08-13 15:55:00,LONG,1,18861.75,19101.25,479.0,93.75,2.555,entry,375.0
2024-08-14 09:40:00,2024-08-14 10:55:00,SHORT,1,19052.5,19066.75,-28.5,55.07,-0.259,entry,75.0
2024-08-15 09:40:00,2024-08-15 15:55:00,LONG,1,19375.5,19587.25,423.5,112.06,1.89,entry,375.0
2024-08-16 09:40:00,2024-08-16 10:05:00,SHORT,1,19497.25,19547.0,-99.5,54.98,-0.905,entry,25.0
2024-08-19 10:15:00,2024-08-19 10:25:00,SHORT,1,19534.25,19611.25,-154.0,64.3,-1.198,entry,10.0
2024-08-20 09:50:00,2024-08-20 10:10:00,LONG,1,19908.5,19847.25,-122.5,39.18,-1.563,entry,20.0
2024-08-21 09:40:00,2024-08-21 10:50:00,LONG,1,19858.25,19815.25,-86.0,28.26,-1.522,entry,70.0
2024-08-22 09:40:00,2024-08-22 10:00:00,LONG,1,19985.5,19960.75,-49.5,25.75,-0.961,entry,20.0
2024-08-23 09:45:00,2024-08-23 10:45:00,LONG,1,19749.25,19677.25,-144.0,35.61,-2.022,entry,60.0
2024-08-26 09:40:00,2024-08-26 15:55:00,SHORT,1,19756.25,19593.25,326.0,30.02,5.43,entry,375.0
2024-08-27 09:40:00,2024-08-27 09:50:00,SHORT,1,19475.25,19550.5,-150.5,72.02,-1.045,entry,10.0
2024-08-28 09:40:00,2024-08-28 15:55:00,SHORT,1,19586.25,19421.25,330.0,39.11,4.219,entry,375.0
2024-08-29 09:40:00,2024-08-29 14:25:00,LONG,1,19542.25,19498.0,-88.5,118.62,-0.373,entry,285.0
2024-08-30 09:40:00,2024-08-30 10:50:00,LONG,1,19559.75,19540.0,-39.5,46.02,-0.429,entry,70.0
2024-09-02 09:40:00,2024-09-02 12:55:00,LONG,1,19640.5,19647.0,13.0,53.26,0.122,entry,195.0
2024-09-03 09:40:00,2024-09-03 15:55:00,SHORT,1,19391.75,19012.25,759.0,106.25,3.572,entry,375.0
2024-09-04 09:40:00,2024-09-04 14:35:00,LONG,1,18944.25,18964.75,41.0,46.11,0.445,entry,295.0
2024-09-05 09:40:00,2024-09-05 10:55:00,LONG,1,18994.0,18983.0,-22.0,60.31,-0.182,entry,75.0
2024-09-06 09:50:00,2024-09-06 15:55:00,SHORT,1,18777.5,18458.25,638.5,66.82,4.778,entry,365.0
2024-09-09 09:40:00,2024-09-09 10:30:00,LONG,1,18653.0,18583.0,-140.0,73.11,-0.958,entry,50.0
2024-09-10 09:40:00,2024-09-10 10:10:00,LONG,1,18767.0,18710.5,-113.0,64.08,-0.882,entry,30.0
2024-09-11 09:40:00,2024-09-11 09:45:00,LONG,1,18847.0,18810.25,-73.5,24.89,-1.476,entry,5.0
2024-09-12 09:45:00,2024-09-12 10:10:00,SHORT,1,19208.25,19311.75,-207.0,66.05,-1.567,entry,25.0
2024-09-13 09:40:00,2024-09-13 10:25:00,LONG,1,19492.75,19462.25,-61.0,41.5,-0.735,entry,45.0
2024-09-16 09:40:00,2024-09-16 09:50:00,SHORT,1,19613.75,19674.0,-120.5,45.22,-1.333,entry,10.0
2024-09-17 09:40:00,2024-09-17 09:45:00,LONG,1,19788.75,19748.75,-80.0,35.83,-1.116,entry,5.0
2024-09-18 10:15:00,2024-09-18 10:25:00,SHORT,1,19666.0,19700.5,-69.0,31.03,-1.112,entry,10.0
2024-09-19 09:40:00,2024-09-19 15:55:00,LONG,1,20032.0,20081.5,99.0,110.21,0.449,entry,375.0
2024-09-20 09:55:00,2024-09-20 12:20:00,SHORT,1,20001.75,20013.0,-22.5,37.49,-0.3,entry,145.0
2024-09-23 09:45:00,2024-09-23 09:55:00,LONG,1,20100.25,20066.0,-68.5,29.62,-1.156,entry,10.0
2024-09-24 09:55:00,2024-09-24 10:55:00,SHORT,1,20089.25,20074.5,29.5,18.8,0.784,entry,60.0
2024-09-25 09:40:00,2024-09-25 12:45:00,LONG,1,20177.0,20181.25,8.5,35.31,0.12,entry,185.0
2024-09-26 09:50:00,2024-09-26 15:10:00,SHORT,1,20417.25,20353.0,128.5,21.33,3.013,entry,320.0
2024-09-27 09:45:00,2024-09-27 09:55:00,LONG,1,20359.5,20327.0,-65.0,29.88,-1.088,entry,10.0
2024-09-30 09:40:00,2024-09-30 09:55:00,LONG,1,20247.75,20204.25,-87.0,45.59,-0.954,entry,15.0
2024-10-01 09:40:00,2024-10-01 14:00:00,SHORT,1,20101.25,20019.0,164.5,120.41,0.683,entry,260.0
2024-10-02 09:40:00,2024-10-02 10:00:00,SHORT,1,19836.0,19952.5,-233.0,99.22,-1.174,entry,20.0
2024-10-03 09:40:00,2024-10-03 10:20:00,LONG,1,19995.0,19968.75,-52.5,46.3,-0.567,entry,40.0
2024-10-04 09:40:00,2024-10-04 09:55:00,LONG,1,20200.5,20086.5,-228.0,70.97,-1.606,entry,15.0
2024-10-07 09:40:00,2024-10-07 10:10:00,SHORT,1,20118.0,20150.5,-65.0,38.57,-0.843,entry,30.0
2024-10-08 09:40:00,2024-10-08 15:55:00,LONG,1,20102.25,20300.0,395.5,65.94,2.999,entry,375.0
2024-10-09 10:00:00,2024-10-09 15:55:00,LONG,1,20279.5,20458.25,357.5,18.53,9.649,entry,355.0
2024-10-10 09:40:00,2024-10-10 10:05:00,SHORT,1,20377.5,20385.25,-15.5,20.28,-0.382,entry,25.0
2024-10-11 09:40:00,2024-10-11 10:05:00,SHORT,1,20340.0,20413.5,-147.0,37.03,-1.985,entry,25.0
2024-10-14 09:40:00,2024-10-14 10:55:00,LONG,1,20603.0,20563.0,-80.0,96.87,-0.413,entry,75.0
2024-10-15 09:50:00,2024-10-15 10:10:00,LONG,1,20639.5,20582.5,-114.0,21.39,-2.665,entry,20.0
2024-10-16 09:40:00,2024-10-16 10:20:00,SHORT,1,20245.75,20328.25,-165.0,95.32,-0.866,entry,40.0
2024-10-17 09:50:00,2024-10-17 09:55:00,LONG,1,20487.0,20434.25,-105.5,24.04,-2.194,entry,5.0
2024-10-18 09:40:00,2024-10-18 10:55:00,LONG,1,20496.75,20457.75,-78.0,56.33,-0.692,entry,75.0
2024-10-21 09:40:00,2024-10-21 10:35:00,LONG,1,20476.25,20448.75,-55.0,35.3,-0.779,entry,55.0
2024-10-22 09:40:00,2024-10-22 12:20:00,LONG,1,20444.25,20449.5,10.5,18.58,0.283,entry,160.0
2024-10-23 09:40:00,2024-10-23 10:30:00,SHORT,1,20427.5,20440.75,-26.5,39.69,-0.334,entry,50.0
2024-10-24 09:45:00,2024-10-24 10:10:00,SHORT,1,20302.25,20353.0,-101.5,51.26,-0.99,entry,25.0
2024-10-25 09:40:00,2024-10-25 13:20:00,LONG,1,20587.0,20585.25,-3.5,110.16,-0.016,entry,220.0
2024-10-28 09:40:00,2024-10-28 10:40:00,SHORT,1,20569.5,20604.0,-69.0,49.05,-0.703,entry,60.0
2024-10-29 09:45:00,2024-10-29 09:50:00,SHORT,1,20467.75,20496.0,-56.5,25.25,-1.119,entry,5.0
2024-10-30 09:40:00,2024-10-30 10:15:00,SHORT,1,20556.0,20679.0,-246.0,130.23,-0.945,entry,35.0
2024-10-31 09:40:00,2024-10-31 15:55:00,SHORT,1,20259.5,20011.25,496.5,94.84,2.617,entry,375.0
2024-11-01 09:40:00,2024-11-01 13:35:00,LONG,1,20151.0,20176.0,50.0,50.7,0.493,entry,235.0
2024-11-04 09:40:00,2024-11-04 10:05:00,SHORT,1,20110.0,20135.0,-50.0,26.77,-0.934,entry,25.0
2024-11-05 09:40:00,2024-11-05 15:55:00,LONG,1,20217.25,20341.25,248.0,65.1,1.905,entry,375.0
2024-11-06 09:40:00,2024-11-06 15:55:00,LONG,1,20746.5,20893.75,294.5,124.55,1.182,entry,375.0
2024-11-07 09:40:00,2024-11-07 15:55:00,LONG,1,21073.0,21221.75,297.5,97.01,1.533,entry,375.0
2024-11-08 09:50:00,2024-11-08 10:00:00,LONG,1,21215.75,21190.75,-50.0,16.3,-1.534,entry,10.0
2024-11-11 09:40:00,2024-11-11 15:55:00,SHORT,1,21210.75,21220.25,-19.0,71.14,-0.134,entry,375.0
2024-11-12 09:45:00,2024-11-12 10:00:00,LONG,1,21220.25,21191.75,-57.0,15.99,-1.783,entry,15.0
2024-11-13 09:40:00,2024-11-13 09:45:00,LONG,1,21179.25,21130.25,-98.0,17.17,-2.854,entry,5.0
2024-11-14 09:40:00,2024-11-14 10:40:00,SHORT,1,21083.0,21128.0,-90.0,60.07,-0.749,entry,60.0
2024-11-15 09:40:00,2024-11-15 15:55:00,SHORT,1,20701.0,20491.75,418.5,115.62,1.81,entry,375.0
2024-11-18 09:40:00,2024-11-18 10:00:00,SHORT,1,20538.5,20586.5,-96.0,35.05,-1.37,entry,20.0
2024-11-19 09:40:00,2024-11-19 09:50:00,LONG,1,20578.0,20544.75,-66.5,19.94,-1.668,entry,10.0
2024-11-20 09:40:00,2024-11-20 11:45:00,SHORT,1,20655.25,20672.0,-33.5,113.26,-0.148,entry,125.0
2024-11-21 09:40:00,2024-11-21 09:45:00,SHORT,1,20696.5,20766.5,-140.0,27.68,-2.529,entry,5.0
2024-11-22 09:40:00,2024-11-22 10:05:00,LONG,1,20843.0,20785.25,-115.5,55.45,-1.041,entry,25.0
2024-11-25 09:40:00,2024-11-25 09:50:00,LONG,1,21061.25,20930.25,-262.0,70.36,-1.862,entry,10.0
2024-11-26 09:40:00,2024-11-26 10:15:00,LONG,1,20978.0,20925.0,-106.0,68.92,-0.769,entry,35.0
2024-11-27 09:40:00,2024-11-27 14:10:00,SHORT,1,20883.25,20821.25,124.0,51.2,1.211,entry,270.0
2024-11-28 09:40:00,2024-11-28 12:55:00,LONG,1,20884.75,20890.0,10.5,26.31,0.2,entry,195.0
2024-11-29 09:50:00,2024-11-29 13:10:00,LONG,1,20896.5,20991.25,189.5,29.82,3.177,entry,200.0
2024-12-02 09:40:00,2024-12-02 15:55:00,LONG,1,21114.0,21217.0,206.0,85.94,1.199,entry,375.0
2024-12-03 10:00:00,2024-12-03 10:20:00,LONG,1,21210.0,21192.5,-35.0,14.2,-1.232,entry,20.0
2024-12-04 09:40:00,2024-12-04 15:55:00,LONG,1,21414.5,21537.5,246.0,19.43,6.331,entry,375.0
2024-12-05 09:40:00,2024-12-05 09:45:00,LONG,1,21533.75,21518.5,-30.5,13.02,-1.171,entry,5.0
2024-12-06 09:40:00,2024-12-06 15:55:00,LONG,1,21551.25,21658.5,214.5,58.63,1.829,entry,375.0
2024-12-09 09:45:00,2024-12-09 09:55:00,LONG,1,21645.0,21623.25,-43.5,12.76,-1.704,entry,10.0
2024-12-10 09:40:00,2024-12-10 10:50:00,LONG,1,21575.25,21523.5,-103.5,66.36,-0.78,entry,70.0
2024-12-11 09:40:00,2024-12-11 15:55:00,LONG,1,21636.5,21791.75,310.5,109.58,1.417,entry,375.0
2024-12-12 09:40:00,2024-12-12 10:20:00,SHORT,1,21688.0,21695.5,-15.0,17.35,-0.432,entry,40.0
2024-12-13 09:40:00,2024-12-13 10:25:00,LONG,1,21888.75,21803.25,-171.0,96.19,-0.889,entry,45.0
2024-12-16 09:40:00,2024-12-16 15:55:00,LONG,1,21915.0,22111.5,393.0,48.02,4.092,entry,375.0
2024-12-17 09:40:00,2024-12-17 09:45:00,LONG,1,22360.25,22338.5,-43.5,19.27,-1.129,entry,5.0
2024-12-18 09:40:00,2024-12-18 10:00:00,SHORT,1,22272.25,22297.5,-50.5,25.23,-1.001,entry,20.0
2024-12-19 09:45:00,2024-12-19 09:50:00,LONG,1,21603.25,21563.5,-79.5,17.99,-2.209,entry,5.0
2024-12-20 09:40:00,2024-12-20 09:45:00,LONG,1,21265.25,21198.0,-134.5,67.71,-0.993,entry,5.0
2024-12-23 09:40:00,2024-12-23 11:05:00,SHORT,1,21616.75,21614.0,5.5,28.08,0.098,entry,85.0
2024-12-24 09:40:00,2024-12-24 13:10:00,LONG,1,21868.0,22046.5,357.0,71.22,2.506,entry,210.0
2024-12-26 09:45:00,2024-12-26 10:20:00,SHORT,1,21953.5,21981.0,-55.0,32.66,-0.842,entry,35.0
2024-12-27 09:40:00,2024-12-27 13:50:00,SHORT,1,21682.25,21668.5,27.5,169.18,0.081,entry,250.0
2024-12-30 09:40:00,2024-12-30 11:35:00,SHORT,1,21333.5,21432.25,-197.5,168.11,-0.587,entry,115.0
2024-12-31 09:40:00,2024-12-31 09:45:00,SHORT,1,21398.5,21443.0,-89.0,40.65,-1.095,entry,5.0
2025-01-02 09:40:00,2025-01-02 09:50:00,SHORT,1,21213.75,21379.5,-331.5,120.22,-1.379,entry,10.0
2025-01-03 09:40:00,2025-01-03 15:55:00,LONG,1,21424.75,21508.25,167.0,145.29,0.575,entry,375.0
2025-01-06 09:40:00,2025-01-06 13:15:00,LONG,1,21791.75,21768.0,-47.5,112.6,-0.211,entry,215.0
2025-01-07 09:40:00,2025-01-07 09:55:00,LONG,1,21764.75,21709.75,-110.0,19.02,-2.892,entry,15.0
2025-01-08 09:45:00,2025-01-08 09:50:00,LONG,1,21369.0,21318.5,-101.0,18.29,-2.761,entry,5.0
2025-01-10 09:40:00,2025-01-10 13:20:00,SHORT,1,21120.5,21111.0,19.0,80.42,0.118,entry,220.0
2025-01-13 09:40:00,2025-01-13 10:35:00,SHORT,1,20781.5,20829.5,-96.0,31.75,-1.512,entry,55.0
2025-01-14 09:40:00,2025-01-14 09:50:00,LONG,1,21110.0,21006.75,-206.5,49.01,-2.107,entry,10.0
2025-01-15 09:40:00,2025-01-15 15:55:00,LONG,1,21298.0,21395.75,195.5,140.61,0.695,entry,375.0
2025-01-16 09:40:00,2025-01-16 11:00:00,SHORT,1,21418.25,21447.25,-58.0,39.59,-0.732,entry,80.0
2025-01-17 09:40:00,2025-01-17 15:55:00,LONG,1,21516.0,21600.75,169.5,50.75,1.67,entry,375.0
2025-01-20 09:40:00,2025-01-20 12:55:00,LONG,1,21769.25,21683.0,-172.5,143.44,-0.601,entry,195.0
2025-01-21 09:40:00,2025-01-21 09:45:00,SHORT,1,21619.0,21650.5,-63.0,30.48,-1.033,entry,5.0
2025-01-22 09:40:00,2025-01-22 15:55:00,LONG,1,21960.0,21997.75,75.5,60.43,0.625,entry,375.0
2025-01-23 10:00:00,2025-01-23 10:20:00,SHORT,1,21882.5,21904.25,-43.5,23.19,-0.938,entry,20.0
2025-01-24 09:45:00,2025-01-24 10:10:00,LONG,1,22063.5,22016.75,-93.5,45.07,-1.037,entry,25.0
2025-01-27 09:40:00,2025-01-27 10:15:00,LONG,1,21272.25,21235.5,-73.5,33.28,-1.104,entry,35.0
2025-01-28 09:40:00,2025-01-28 10:00:00,SHORT,1,21184.75,21356.5,-343.5,116.23,-1.478,entry,20.0
2025-01-29 09:40:00,2025-01-29 14:40:00,SHORT,1,21508.0,21550.75,-85.5,93.76,-0.456,entry,300.0
2025-01-30 09:45:00,2025-01-30 10:00:00,LONG,1,21735.75,21597.75,-276.0,95.52,-1.445,entry,15.0
2025-01-31 09:40:00,2025-01-31 13:15:00,LONG,1,21819.5,21850.0,61.0,46.52,0.656,entry,215.0
2025-02-03 09:40:00,2025-02-03 10:10:00,LONG,1,21261.5,21129.25,-264.5,102.18,-1.294,entry,30.0
2025-02-04 09:40:00,2025-02-04 15:55:00,LONG,1,21506.0,21668.25,324.5,68.58,2.366,entry,375.0
2025-02-05 09:40:00,2025-02-05 10:00:00,LONG,1,21569.25,21516.0,-106.5,40.78,-1.306,entry,20.0
2025-02-06 09:45:00,2025-02-06 10:35:00,LONG,1,21792.75,21762.5,-60.5,17.97,-1.683,entry,50.0
2025-02-07 09:40:00,2025-02-07 10:00:00,LONG,1,21938.5,21752.75,-371.5,55.87,-3.325,entry,20.0
2025-02-10 09:40:00,2025-02-10 15:55:00,LONG,1,21799.0,21843.75,89.5,84.59,0.529,entry,375.0
2025-02-11 09:40:00,2025-02-11 12:00:00,LONG,1,21789.75,21752.0,-75.5,36.3,-1.04,entry,140.0
2025-02-12 09:50:00,2025-02-12 10:00:00,LONG,1,21688.5,21615.0,-147.0,20.58,-3.572,entry,10.0
2025-02-13 09:40:00,2025-02-13 13:15:00,LONG,1,21886.0,21907.5,43.0,22.23,0.967,entry,215.0
2025-02-14 09:50:00,2025-02-14 11:45:00,LONG,1,22129.75,22119.0,-21.5,20.19,-0.532,entry,115.0
2025-02-17 09:40:00,2025-02-17 10:30:00,SHORT,1,22203.0,22232.0,-58.0,30.69,-0.945,entry,50.0
2025-02-18 09:40:00,2025-02-18 15:55:00,SHORT,1,22221.25,22238.75,-35.0,44.26,-0.395,entry,375.0
2025-02-19 09:40:00,2025-02-19 10:45:00,SHORT,1,22182.0,22200.5,-37.0,44.98,-0.411,entry,65.0
2025-02-20 09:40:00,2025-02-20 12:40:00,SHORT,1,22166.5,22094.0,145.0,23.56,3.077,entry,180.0
2025-02-21 09:40:00,2025-02-21 15:55:00,SHORT,1,22120.0,21682.5,875.0,44.64,9.801,entry,375.0
2025-02-24 09:40:00,2025-02-24 12:15:00,SHORT,1,21712.25,21643.0,138.5,42.59,1.626,entry,155.0
2025-02-25 09:40:00,2025-02-25 13:00:00,SHORT,1,21314.0,21248.25,131.5,67.75,0.97,entry,200.0
2025-02-26 09:40:00,2025-02-26 09:45:00,SHORT,1,21233.75,21276.75,-86.0,26.21,-1.641,entry,5.0
2025-02-27 09:40:00,2025-02-27 15:55:00,SHORT,1,21191.5,20608.25,1166.5,90.87,6.419,entry,375.0
2025-02-28 10:05:00,2025-02-28 12:40:00,LONG,1,20641.5,20615.25,-52.5,40.82,-0.643,entry,155.0
2025-03-03 09:40:00,2025-03-03 10:25:00,SHORT,1,20971.25,20957.75,27.0,24.21,0.558,entry,45.0
2025-03-04 09:40:00,2025-03-04 12:15:00,SHORT,1,20330.5,20324.75,11.5,83.65,0.069,entry,155.0
2025-03-05 09:40:00,2025-03-05 12:20:00,SHORT,1,20428.75,20451.25,-45.0,58.22,-0.386,entry,160.0
2025-03-06 09:40:00,2025-03-06 10:05:00,SHORT,1,20248.25,20403.0,-309.5,159.93,-0.968,entry,25.0
2025-03-07 09:45:00,2025-03-07 09:55:00,LONG,1,20194.75,20140.0,-109.5,54.36,-1.007,entry,10.0
2025-03-10 09:40:00,2025-03-10 15:55:00,SHORT,1,19881.75,19463.5,836.5,96.48,4.335,entry,375.0
2025-03-11 09:40:00,2025-03-11 10:00:00,LONG,1,19536.25,19384.75,-303.0,97.02,-1.562,entry,20.0
2025-03-12 09:40:00,2025-03-12 10:20:00,LONG,1,19685.25,19614.75,-141.0,82.21,-0.858,entry,40.0
2025-03-13 09:40:00,2025-03-13 10:15:00,SHORT,1,19471.25,19521.75,-101.0,65.24,-0.774,entry,35.0
2025-03-14 09:40:00,2025-03-14 10:10:00,LONG,1,19577.25,19479.0,-196.5,117.41,-0.837,entry,30.0
2025-03-17 09:40:00,2025-03-17 10:50:00,LONG,1,19812.0,19706.0,-212.0,137.89,-0.769,entry,70.0
2025-03-18 09:40:00,2025-03-18 15:55:00,SHORT,1,19712.25,19706.25,12.0,195.46,0.031,entry,375.0
2025-03-19 09:40:00,2025-03-19 09:45:00,SHORT,1,19725.75,19785.0,-118.5,23.84,-2.485,entry,5.0
2025-03-20 09:55:00,2025-03-20 12:20:00,LONG,1,19932.75,19936.5,7.5,28.52,0.131,entry,145.0
2025-03-21 09:40:00,2025-03-21 10:20:00,SHORT,1,19683.5,19759.5,-152.0,69.12,-1.1,entry,40.0
2025-03-24 09:40:00,2025-03-24 15:55:00,LONG,1,20268.0,20365.75,195.5,79.19,1.234,entry,375.0
2025-03-25 09:50:00,2025-03-25 13:25:00,LONG,1,20401.75,20409.25,15.0,27.74,0.27,entry,215.0
2025-03-26 09:45:00,2025-03-26 15:55:00,SHORT,1,20399.75,20112.5,574.5,61.31,4.685,entry,370.0
2025-03-27 09:40:00,2025-03-27 09:50:00,SHORT,1,19980.25,20066.25,-172.0,72.86,-1.18,entry,10.0
2025-03-28 09:40:00,2025-03-28 15:55:00,SHORT,1,19882.25,19461.5,841.5,35.23,11.942,entry,375.0
2025-03-31 09:40:00,2025-03-31 10:30:00,SHORT,1,19004.25,19157.25,-306.0,176.03,-0.869,entry,50.0
2025-04-01 09:45:00,2025-04-01 10:00:00,LONG,1,19443.5,19371.0,-145.0,52.14,-1.391,entry,15.0
2025-04-02 09:40:00,2025-04-02 14:25:00,LONG,1,19530.0,19612.75,165.5,51.49,1.607,entry,285.0
2025-04-03 09:45:00,2025-04-03 09:50:00,SHORT,1,18954.5,19010.5,-112.0,39.37,-1.422,entry,5.0
2025-04-04 09:40:00,2025-04-04 15:55:00,SHORT,1,18028.5,17534.75,987.5,277.72,1.778,entry,375.0
2025-04-07 09:40:00,2025-04-07 09:45:00,SHORT,1,16755.5,16919.0,-327.0,115.98,-1.41,entry,5.0
2025-04-08 09:40:00,2025-04-08 11:20:00,LONG,1,18134.25,18010.75,-247.0,210.1,-0.588,entry,100.0
2025-04-09 09:40:00,2025-04-09 15:55:00,LONG,1,17367.75,19269.5,3803.5,246.71,7.709,entry,375.0
2025-04-10 09:40:00,2025-04-10 14:25:00,SHORT,1,18729.5,18614.75,229.5,223.37,0.514,entry,285.0
2025-04-11 09:45:00,2025-04-11 10:00:00,LONG,1,18572.75,18498.25,-149.0,73.87,-1.008,entry,15.0
2025-04-14 09:40:00,2025-04-14 10:00:00,SHORT,1,19054.25,19140.5,-172.5,45.07,-1.914,entry,20.0
2025-04-15 09:40:00,2025-04-15 10:15:00,LONG,1,19070.0,18973.25,-193.5,117.6,-0.823,entry,35.0
2025-04-16 09:45:00,2025-04-16 10:40:00,SHORT,1,18594.75,18654.25,-119.0,63.05,-0.944,entry,55.0
2025-04-17 09:40:00,2025-04-17 12:15:00,SHORT,1,18416.5,18441.0,-49.0,87.46,-0.28,entry,155.0
2025-04-21 09:40:00,2025-04-21 15:55:00,SHORT,1,18083.25,17922.25,322.0,96.92,1.661,entry,375.0
2025-04-22 09:40:00,2025-04-22 13:45:00,LONG,1,18211.0,18230.25,38.5,136.86,0.141,entry,245.0
2025-04-23 09:40:00,2025-04-23 11:25:00,LONG,1,19031.25,18915.25,-232.0,180.11,-0.644,entry,105.0
2025-04-24 09:40:00,2025-04-24 15:55:00,LONG,1,18955.0,19319.75,729.5,171.92,2.122,entry,375.0
2025-04-25 09:40:00,2025-04-25 10:05:00,SHORT,1,19295.75,19376.5,-161.5,56.27,-1.435,entry,25.0
2025-04-28 09:40:00,2025-04-28 09:55:00,LONG,1,19597.75,19465.25,-265.0,102.33,-1.295,entry,15.0
2025-04-29 10:00:00,2025-04-29 10:20:00,LONG,1,19542.75,19505.5,-74.5,40.31,-0.924,entry,20.0
2025-04-30 09:40:00,2025-04-30 10:40:00,SHORT,1,19180.25,19342.25,-324.0,220.84,-0.734,entry,60.0
2025-05-01 09:55:00,2025-05-01 10:20:00,SHORT,1,19877.0,19978.25,-202.5,71.43,-1.418,entry,25.0
2025-05-02 09:40:00,2025-05-02 15:55:00,LONG,1,20100.25,20185.75,171.0,119.83,0.714,entry,375.0
2025-05-05 10:15:00,2025-05-05 10:30:00,LONG,1,20084.5,20018.25,-132.5,42.63,-1.554,entry,15.0
2025-05-06 09:40:00,2025-05-06 10:15:00,SHORT,1,19847.0,19867.25,-40.5,36.68,-0.552,entry,35.0
2025-05-07 09:40:00,2025-05-07 10:25:00,SHORT,1,19924.0,19973.0,-98.0,57.86,-0.847,entry,45.0
2025-05-08 09:45:00,2025-05-08 11:20:00,SHORT,1,20077.0,20150.5,-147.0,62.87,-1.169,entry,95.0
2025-05-09 09:45:00,2025-05-09 10:15:00,LONG,1,20240.75,20205.75,-70.0,37.84,-0.925,entry,30.0
2025-05-12 09:50:00,2025-05-12 10:25:00,LONG,1,20827.25,20741.75,-171.0,52.38,-1.632,entry,35.0
2025-05-13 09:40:00,2025-05-13 15:55:00,LONG,1,21066.25,21270.75,409.0,124.47,1.643,entry,375.0
2025-05-14 10:50:00,2025-05-14 11:00:00,LONG,1,21360.25,21301.75,-117.0,39.6,-1.477,entry,10.0
2025-05-15 09:45:00,2025-05-15 10:00:00,SHORT,1,21268.0,21328.0,-120.0,36.32,-1.652,entry,15.0
2025-05-16 10:30:00,2025-05-16 11:30:00,SHORT,1,21392.5,21421.5,-58.0,38.69,-0.75,entry,60.0
2025-05-19 09:40:00,2025-05-19 15:55:00,LONG,1,21332.75,21523.25,381.0,93.02,2.048,entry,375.0
2025-05-20 09:40:00,2025-05-20 10:35:00,SHORT,1,21414.25,21439.0,-49.5,35.99,-0.688,entry,55.0
2025-05-21 09:40:00,2025-05-21 13:15:00,LONG,1,21364.0,21376.75,25.5,30.8,0.414,entry,215.0
2025-05-22 09:50:00,2025-05-22 13:00:00,LONG,1,21235.25,21210.25,-50.0,68.49,-0.365,entry,190.0
2025-05-23 09:40:00,2025-05-23 10:10:00,SHORT,1,20906.75,20970.75,-128.0,67.81,-0.944,entry,30.0
2025-05-26 09:40:00,2025-05-26 12:55:00,LONG,1,21301.75,21283.5,-36.5,89.42,-0.204,entry,195.0
2025-05-27 09:55:00,2025-05-27 15:55:00,LONG,1,21293.75,21466.5,345.5,34.87,4.954,entry,360.0
2025-05-28 09:40:00,2025-05-28 09:45:00,LONG,1,21541.75,21482.5,-118.5,52.39,-1.131,entry,5.0
2025-05-29 09:40:00,2025-05-29 15:55:00,SHORT,1,21526.5,21411.5,230.0,179.22,0.642,entry,375.0
2025-05-30 09:40:00,2025-05-30 10:05:00,SHORT,1,21300.25,21347.25,-94.0,46.34,-1.014,entry,25.0
2025-06-02 09:40:00,2025-06-02 10:00:00,LONG,1,21422.5,21281.0,-283.0,126.82,-1.116,entry,20.0
2025-06-03 09:40:00,2025-06-03 15:55:00,LONG,1,21563.75,21704.5,281.5,65.06,2.163,entry,375.0
2025-06-04 09:40:00,2025-06-04 10:00:00,LONG,1,21756.5,21693.75,-125.5,35.11,-1.787,entry,20.0
2025-06-05 09:45:00,2025-06-05 10:20:00,SHORT,1,21735.5,21774.0,-77.0,43.07,-0.894,entry,35.0
2025-06-06 09:40:00,2025-06-06 12:50:00,LONG,1,21840.0,21751.75,-176.5,140.92,-0.626,entry,190.0
2025-06-09 09:40:00,2025-06-09 15:50:00,LONG,1,21795.25,21823.25,56.0,20.0,1.4,entry,370.0
2025-06-10 09:45:00,2025-06-10 10:55:00,LONG,1,21872.25,21853.25,-38.0,22.74,-0.835,entry,70.0
2025-06-11 10:00:00,2025-06-11 12:05:00,LONG,1,21990.25,21974.0,-32.5,22.45,-0.724,entry,125.0
2025-06-12 09:40:00,2025-06-12 15:55:00,LONG,1,21880.0,21936.5,113.0,64.39,0.877,entry,375.0
2025-06-13 09:40:00,2025-06-13 10:25:00,LONG,1,21769.0,21627.75,-282.5,121.92,-1.159,entry,45.0
2025-06-16 09:40:00,2025-06-16 15:55:00,LONG,1,22084.5,22176.0,183.0,128.43,0.712,entry,375.0
2025-06-17 09:40:00,2025-06-17 09:50:00,SHORT,1,22035.0,22077.0,-84.0,30.89,-1.36,entry,10.0
2025-06-18 09:45:00,2025-06-18 13:20:00,LONG,1,22002.5,21996.75,-11.5,22.98,-0.25,entry,215.0
2025-06-19 09:40:00,2025-06-19 12:55:00,SHORT,1,21723.25,21703.0,40.5,111.7,0.181,entry,195.0
2025-06-20 09:40:00,2025-06-20 10:20:00,LONG,1,22117.5,21915.5,-404.0,144.56,-1.397,entry,40.0
2025-06-23 09:40:00,2025-06-23 12:25:00,LONG,1,21876.75,21860.5,-32.5,58.29,-0.279,entry,165.0
2025-06-24 09:40:00,2025-06-24 15:55:00,LONG,1,22311.25,22405.5,188.5,31.49,2.993,entry,375.0
2025-06-25 09:40:00,2025-06-25 10:10:00,LONG,1,22538.25,22474.5,-127.5,69.35,-0.919,entry,30.0
2025-06-26 09:45:00,2025-06-26 09:55:00,SHORT,1,22498.0,22543.75,-91.5,28.72,-1.593,entry,10.0
2025-06-27 09:50:00,2025-06-27 13:40:00,LONG,1,22743.75,22751.5,15.5,19.63,0.395,entry,230.0
2025-06-30 09:40:00,2025-06-30 11:40:00,SHORT,1,22814.5,22844.5,-60.0,39.66,-0.757,entry,120.0
2025-07-01 09:40:00,2025-07-01 10:10:00,SHORT,1,22792.75,22829.5,-73.5,37.81,-0.972,entry,30.0
2025-07-02 09:45:00,2025-07-02 15:55:00,LONG,1,22710.0,22844.5,269.0,22.05,6.1,entry,370.0
2025-07-03 09:40:00,2025-07-03 13:10:00,LONG,1,22957.75,23059.0,202.5,56.62,1.788,entry,210.0
2025-07-04 09:40:00,2025-07-04 12:55:00,SHORT,1,22924.0,22906.75,34.5,41.83,0.412,entry,195.0
2025-07-07 10:00:00,2025-07-07 12:00:00,SHORT,1,22932.0,22948.5,-33.0,18.69,-0.883,entry,120.0
2025-07-08 09:55:00,2025-07-08 10:30:00,SHORT,1,22881.5,22922.5,-82.0,33.58,-1.221,entry,35.0
2025-07-09 09:40:00,2025-07-09 10:30:00,LONG,1,23055.0,22999.0,-112.0,100.93,-0.555,entry,50.0
2025-07-10 09:45:00,2025-07-10 11:25:00,SHORT,1,22993.5,22997.75,-8.5,37.04,-0.115,entry,100.0
2025-07-11 09:40:00,2025-07-11 09:45:00,SHORT,1,22877.5,22935.5,-116.0,39.0,-1.487,entry,5.0
2025-07-14 09:40:00,2025-07-14 09:45:00,SHORT,1,22853.75,22919.25,-131.0,31.57,-2.075,entry,5.0
2025-07-15 09:40:00,2025-07-15 09:55:00,LONG,1,23164.25,23138.5,-51.5,20.83,-1.236,entry,15.0
2025-07-16 09:45:00,2025-07-16 10:30:00,SHORT,1,22997.5,23014.0,-33.0,23.62,-0.699,entry,45.0
2025-07-17 09:40:00,2025-07-17 15:55:00,LONG,1,23122.5,23257.75,270.5,28.0,4.83,entry,375.0
2025-07-18 09:50:00,2025-07-18 15:55:00,SHORT,1,23265.0,23226.5,77.0,14.22,2.707,entry,365.0
2025-07-21 09:40:00,2025-07-21 15:40:00,LONG,1,23338.5,23357.0,37.0,58.85,0.314,entry,360.0
2025-07-22 09:40:00,2025-07-22 13:25:00,SHORT,1,23278.25,23243.5,69.5,33.7,1.031,entry,225.0
2025-07-23 09:40:00,2025-07-23 11:40:00,SHORT,1,23197.75,23212.0,-28.5,39.96,-0.357,entry,120.0
2025-07-24 09:40:00,2025-07-24 09:45:00,SHORT,1,23359.5,23391.25,-63.5,12.6,-2.521,entry,5.0
2025-07-25 09:40:00,2025-07-25 09:45:00,SHORT,1,23361.0,23383.75,-45.5,16.61,-1.37,entry,5.0
2025-07-28 09:40:00,2025-07-28 09:55:00,SHORT,1,23494.75,23520.0,-50.5,18.43,-1.37,entry,15.0
2025-07-29 09:40:00,2025-07-29 09:45:00,LONG,1,23621.0,23589.75,-62.5,28.75,-1.087,entry,5.0
2025-07-30 09:40:00,2025-07-30 09:45:00,LONG,1,23508.0,23489.75,-36.5,19.04,-0.959,entry,5.0
2025-07-31 09:40:00,2025-07-31 15:55:00,SHORT,1,23636.5,23354.25,564.5,108.04,2.612,entry,375.0
2025-08-01 09:40:00,2025-08-01 15:55:00,SHORT,1,22919.75,22880.5,78.5,206.3,0.19,entry,375.0
2025-08-04 09:40:00,2025-08-04 15:55:00,LONG,1,23189.25,23296.75,215.0,153.6,0.7,entry,375.0
2025-08-05 09:45:00,2025-08-05 10:00:00,LONG,1,23381.25,23328.25,-106.0,30.05,-1.764,entry,15.0
2025-08-06 09:40:00,2025-08-06 10:20:00,LONG,1,23202.75,23181.25,-43.0,42.3,-0.508,entry,40.0
2025-08-07 09:40:00,2025-08-07 10:20:00,LONG,1,23606.0,23564.5,-83.0,48.75,-0.851,entry,40.0
2025-08-08 09:40:00,2025-08-08 15:55:00,LONG,1,23603.5,23714.5,222.0,48.02,2.312,entry,375.0
2025-08-11 09:55:00,2025-08-11 10:45:00,LONG,1,23744.75,23729.0,-31.5,21.34,-0.738,entry,50.0
2025-08-12 09:40:00,2025-08-12 09:45:00,LONG,1,23737.0,23700.0,-74.0,20.05,-1.845,entry,5.0
2025-08-13 09:40:00,2025-08-13 10:00:00,LONG,1,24045.5,23992.0,-107.0,42.45,-1.26,entry,20.0
2025-08-14 09:40:00,2025-08-14 11:20:00,LONG,1,23922.75,23910.75,-24.0,32.24,-0.372,entry,100.0
2025-08-15 09:40:00,2025-08-15 10:10:00,SHORT,1,23852.5,23871.75,-38.5,42.37,-0.454,entry,30.0
2025-08-18 09:40:00,2025-08-18 10:20:00,SHORT,1,23776.5,23817.0,-81.0,23.19,-1.746,entry,40.0
2025-08-19 09:40:00,2025-08-19 10:05:00,SHORT,1,23682.5,23725.25,-85.5,57.27,-0.746,entry,25.0
2025-08-20 09:40:00,2025-08-20 11:30:00,SHORT,1,23322.5,23252.0,141.0,72.43,0.973,entry,110.0
2025-08-21 09:40:00,2025-08-21 10:05:00,SHORT,1,23253.5,23282.0,-57.0,30.68,-0.929,entry,25.0
2025-08-22 09:40:00,2025-08-22 15:55:00,LONG,1,23322.25,23565.0,485.5,90.75,2.675,entry,375.0
2025-08-25 09:40:00,2025-08-25 09:55:00,SHORT,1,23480.75,23519.25,-77.0,28.31,-1.36,entry,15.0
2025-08-26 09:40:00,2025-08-26 09:45:00,LONG,1,23497.5,23444.5,-106.0,29.62,-1.789,entry,5.0
2025-08-27 09:40:00,2025-08-27 10:10:00,SHORT,1,23524.75,23566.5,-83.5,49.78,-0.839,entry,30.0
2025-08-28 09:40:00,2025-08-28 09:50:00,LONG,1,23702.0,23615.75,-172.5,70.45,-1.224,entry,10.0
2025-08-29 09:40:00,2025-08-29 15:55:00,SHORT,1,23600.25,23473.5,253.5,60.92,2.081,entry,375.0
2025-09-01 09:45:00,2025-09-01 12:55:00,LONG,1,23485.75,23502.25,33.0,14.37,1.148,entry,190.0
2025-09-02 09:40:00,2025-09-02 09:50:00,SHORT,1,23150.25,23250.25,-200.0,77.33,-1.293,entry,10.0
2025-09-03 09:45:00,2025-09-03 09:55:00,LONG,1,23404.0,23378.25,-51.5,14.92,-1.725,entry,10.0
2025-09-04 09:50:00,2025-09-04 10:25:00,SHORT,1,23474.25,23481.25,-14.0,17.24,-0.406,entry,35.0
2025-09-05 09:40:00,2025-09-05 10:05:00,LONG,1,23874.5,23796.0,-157.0,56.8,-1.382,entry,25.0
2025-09-08 09:40:00,2025-09-08 12:30:00,LONG,1,23831.0,23811.25,-39.5,52.22,-0.378,entry,170.0
2025-09-09 09:50:00,2025-09-09 10:05:00,SHORT,1,23807.25,23831.75,-49.0,26.75,-0.916,entry,15.0
2025-09-10 09:40:00,2025-09-10 10:00:00,SHORT,1,23931.25,23963.0,-63.5,16.03,-1.981,entry,20.0
2025-09-11 09:45:00,2025-09-11 15:55:00,LONG,1,23950.25,24011.5,122.5,16.86,3.633,entry,370.0
2025-09-12 09:55:00,2025-09-12 15:55:00,LONG,1,24042.5,24110.25,135.5,18.52,3.658,entry,360.0
2025-09-15 09:40:00,2025-09-15 15:55:00,LONG,1,24445.25,24553.25,216.0,68.07,1.587,entry,375.0
2025-09-16 09:40:00,2025-09-16 15:00:00,SHORT,1,24567.75,24550.0,35.5,18.03,0.984,entry,320.0
2025-09-17 09:40:00,2025-09-17 14:00:00,SHORT,1,24476.0,24512.25,-72.5,33.11,-1.095,entry,260.0
2025-09-18 09:40:00,2025-09-18 09:55:00,SHORT,1,24625.0,24697.0,-144.0,40.92,-1.759,entry,15.0
2025-09-19 09:40:00,2025-09-19 10:40:00,LONG,1,24767.0,24753.25,-27.5,30.95,-0.444,entry,60.0
2025-09-22 09:40:00,2025-09-22 15:55:00,LONG,1,24847.5,24998.75,302.5,27.04,5.593,entry,375.0
2025-09-23 09:40:00,2025-09-23 15:55:00,SHORT,1,24954.5,24831.5,246.0,37.52,3.278,entry,375.0
2025-09-24 09:40:00,2025-09-24 15:55:00,SHORT,1,24835.25,24739.5,191.5,26.09,3.67,entry,375.0
2025-09-25 09:40:00,2025-09-25 10:10:00,SHORT,1,24427.5,24576.5,-298.0,183.52,-0.812,entry,30.0
2025-09-26 09:40:00,2025-09-26 10:05:00,LONG,1,24671.5,24621.75,-99.5,19.3,-2.578,entry,25.0
2025-09-29 09:40:00,2025-09-29 11:10:00,LONG,1,24914.5,24894.5,-40.0,60.54,-0.33,entry,90.0
2025-09-30 09:45:00,2025-09-30 10:00:00,SHORT,1,24780.75,24799.75,-38.0,19.46,-0.976,entry,15.0
2025-10-01 09:40:00,2025-10-01 09:45:00,LONG,1,24829.0,24737.0,-184.0,58.28,-1.579,entry,5.0
2025-10-02 09:40:00,2025-10-02 10:35:00,SHORT,1,25048.5,25088.5,-80.0,50.89,-0.786,entry,55.0
2025-10-03 09:40:00,2025-10-03 09:45:00,SHORT,1,25132.5,25151.5,-38.0,13.75,-1.382,entry,5.0
2025-10-06 09:45:00,2025-10-06 10:25:00,LONG,1,25165.5,25143.0,-45.0,22.29,-1.009,entry,40.0
2025-10-07 09:40:00,2025-10-07 10:25:00,LONG,1,25245.75,25213.25,-65.0,44.0,-0.739,entry,45.0
2025-10-08 09:40:00,2025-10-08 15:55:00,LONG,1,25132.75,25330.0,394.5,44.74,4.409,entry,375.0
2025-10-09 09:40:00,2025-10-09 15:15:00,SHORT,1,25275.75,25259.0,33.5,47.83,0.35,entry,335.0
2025-10-10 09:40:00,2025-10-10 10:10:00,LONG,1,25368.25,25328.5,-79.5,45.58,-0.872,entry,30.0
2025-10-13 09:45:00,2025-10-13 10:45:00,LONG,1,24827.25,24802.75,-49.0,26.53,-0.924,entry,60.0
2025-10-14 09:40:00,2025-10-14 10:20:00,SHORT,1,24452.25,24688.5,-472.5,219.02,-1.079,entry,40.0
2025-10-15 09:40:00,2025-10-15 09:45:00,LONG,1,24941.5,24916.25,-50.5,21.86,-1.155,entry,5.0
2025-10-16 09:40:00,2025-10-16 11:25:00,LONG,1,25092.0,25038.5,-107.0,69.03,-0.775,entry,105.0
2025-10-17 09:40:00,2025-10-17 11:20:00,LONG,1,24694.0,24718.25,48.5,32.66,0.742,entry,100.0
2025-10-20 09:40:00,2025-10-20 15:55:00,LONG,1,25189.0,25300.25,222.5,84.19,1.321,entry,375.0
2025-10-21 09:40:00,2025-10-21 10:50:00,SHORT,1,25256.5,25277.5,-42.0,35.85,-0.586,entry,70.0
2025-10-22 09:50:00,2025-10-22 10:00:00,LONG,1,25280.25,25250.25,-60.0,26.83,-1.118,entry,10.0
2025-10-23 09:40:00,2025-10-23 15:55:00,LONG,1,25092.25,25253.0,321.5,56.08,2.866,entry,375.0
2025-10-24 09:40:00,2025-10-24 15:55:00,LONG,1,25512.25,25509.5,-5.5,93.08,-0.03,entry,375.0
2025-10-27 09:40:00,2025-10-27 15:55:00,LONG,1,25838.25,25961.0,245.5,40.53,3.029,entry,375.0
2025-10-28 09:40:00,2025-10-28 10:35:00,LONG,1,26077.5,26027.5,-100.0,62.43,-0.801,entry,55.0
2025-10-29 09:40:00,2025-10-29 10:45:00,LONG,1,26276.0,26260.75,-30.5,20.4,-0.747,entry,65.0
2025-10-30 09:40:00,2025-10-30 15:55:00,SHORT,1,25974.75,25872.0,205.5,193.94,0.53,entry,375.0
2025-10-31 09:40:00,2025-10-31 10:40:00,SHORT,1,26118.25,26163.5,-90.5,62.94,-0.719,entry,60.0
2025-11-03 10:00:00,2025-11-03 11:55:00,SHORT,1,26111.5,26118.5,-14.0,36.72,-0.191,entry,115.0
2025-11-04 09:50:00,2025-11-04 10:55:00,LONG,1,25852.25,25789.5,-125.5,69.66,-0.901,entry,65.0
2025-11-05 09:40:00,2025-11-05 15:55:00,LONG,1,25526.25,25741.0,429.5,47.16,4.553,entry,375.0
2025-11-06 09:40:00,2025-11-06 15:55:00,SHORT,1,25607.25,25258.25,698.0,89.54,3.898,entry,375.0
2025-11-07 09:40:00,2025-11-07 14:30:00,SHORT,1,24975.25,25003.75,-57.0,183.3,-0.155,entry,290.0
2025-11-10 09:40:00,2025-11-10 10:55:00,LONG,1,25630.0,25524.0,-212.0,132.51,-0.8,entry,75.0
2025-11-11 09:40:00,2025-11-11 12:45:00,SHORT,1,25609.75,25592.0,35.5,38.06,0.466,entry,185.0
2025-11-12 09:40:00,2025-11-12 13:35:00,SHORT,1,25645.0,25624.5,41.0,90.26,0.227,entry,235.0
2025-11-13 09:40:00,2025-11-13 15:55:00,SHORT,1,25292.5,25100.0,385.0,244.94,0.786,entry,375.0
2025-11-14 09:40:00,2025-11-14 09:45:00,SHORT,1,24834.5,24895.0,-121.0,24.27,-2.493,entry,5.0
2025-11-17 09:45:00,2025-11-17 10:00:00,LONG,1,25218.5,25118.5,-200.0,53.25,-1.878,entry,15.0
2025-11-18 09:40:00,2025-11-18 11:25:00,SHORT,1,24655.75,24647.25,17.0,106.0,0.08,entry,105.0
2025-11-19 09:40:00,2025-11-19 11:05:00,LONG,1,24743.5,24736.75,-13.5,118.76,-0.057,entry,85.0
2025-11-20 09:40:00,2025-11-20 10:55:00,LONG,1,25211.5,25162.75,-97.5,55.55,-0.878,entry,75.0
2025-11-21 09:40:00,2025-11-21 10:00:00,LONG,1,24181.0,24139.0,-84.0,29.58,-1.42,entry,20.0
2025-11-24 09:40:00,2025-11-24 15:55:00,LONG,1,24623.5,24935.25,623.5,103.27,3.019,entry,375.0
2025-11-25 09:40:00,2025-11-25 10:40:00,SHORT,1,24729.5,24845.5,-232.0,148.68,-0.78,entry,60.0
2025-11-26 09:40:00,2025-11-26 09:55:00,LONG,1,25232.75,25167.5,-130.5,44.1,-1.48,entry,15.0
2025-11-28 09:45:00,2025-11-28 10:00:00,LONG,1,25393.25,25365.0,-56.5,28.21,-1.002,entry,15.0
2025-12-01 09:40:00,2025-12-01 09:45:00,SHORT,1,25246.25,25296.25,-100.0,49.99,-1.0,entry,5.0
2025-12-02 09:40:00,2025-12-02 11:10:00,LONG,1,25595.5,25539.75,-111.5,119.86,-0.465,entry,90.0
2025-12-03 09:40:00,2025-12-03 10:00:00,SHORT,1,25475.5,25570.0,-189.0,79.36,-1.191,entry,20.0
2025-12-04 09:40:00,2025-12-04 10:35:00,SHORT,1,25591.0,25628.25,-74.5,47.94,-0.777,entry,55.0
2025-12-05 09:45:00,2025-12-05 10:55:00,LONG,1,25752.75,25743.0,-19.5,54.42,-0.179,entry,70.0
2025-12-08 09:45:00,2025-12-08 15:55:00,SHORT,1,25758.5,25668.75,179.5,33.06,2.715,entry,370.0
2025-12-09 09:40:00,2025-12-09 10:20:00,SHORT,1,25612.25,25648.25,-72.0,34.62,-1.04,entry,40.0
2025-12-10 09:45:00,2025-12-10 11:15:00,SHORT,1,25635.25,25637.5,-4.5,21.91,-0.103,entry,90.0
2025-12-11 09:45:00,2025-12-11 10:10:00,SHORT,1,25487.0,25556.0,-138.0,93.18,-0.74,entry,25.0
2025-12-12 09:40:00,2025-12-12 15:55:00,SHORT,1,25553.0,25209.5,687.0,54.34,6.321,entry,375.0
2025-12-15 09:45:00,2025-12-15 09:50:00,LONG,1,25559.75,25514.25,-91.0,22.72,-2.003,entry,5.0
2025-12-16 09:40:00,2025-12-16 10:20:00,LONG,1,25266.25,25230.25,-72.0,25.44,-1.415,entry,40.0
2025-12-17 09:40:00,2025-12-17 15:55:00,SHORT,1,25316.5,24892.25,848.5,77.83,5.451,entry,375.0
2025-12-18 09:40:00,2025-12-18 12:10:00,LONG,1,25197.5,25233.5,72.0,63.62,0.566,entry,150.0
2025-12-19 09:40:00,2025-12-19 15:55:00,LONG,1,25547.5,25580.75,66.5,183.22,0.181,entry,375.0
2025-12-22 09:50:00,2025-12-22 10:00:00,LONG,1,25750.75,25705.75,-90.0,40.53,-1.11,entry,10.0
2025-12-23 09:40:00,2025-12-23 10:00:00,LONG,1,25730.25,25637.75,-185.0,43.13,-2.145,entry,20.0
2025-12-24 10:10:00,2025-12-24 13:10:00,LONG,1,25828.25,25864.75,73.0,22.34,1.634,entry,180.0
2025-12-26 09:40:00,2025-12-26 09:50:00,LONG,1,25929.75,25885.5,-88.5,35.11,-1.26,entry,10.0
2025-12-29 09:40:00,2025-12-29 09:45:00,LONG,1,25794.25,25747.25,-94.0,27.47,-1.711,entry,5.0
2025-12-30 09:40:00,2025-12-30 09:45:00,SHORT,1,25691.25,25736.5,-90.5,23.95,-1.889,entry,5.0
2025-12-31 09:45:00,2025-12-31 13:40:00,SHORT,1,25604.25,25618.25,-28.0,27.07,-0.517,entry,235.0
2026-01-02 09:40:00,2026-01-02 10:10:00,LONG,1,25690.75,25604.0,-173.5,32.74,-2.649,entry,30.0
2026-01-05 09:40:00,2026-01-05 13:05:00,LONG,1,25602.0,25603.0,2.0,53.38,0.019,entry,205.0
2026-01-06 09:40:00,2026-01-06 11:00:00,LONG,1,25664.5,25662.25,-4.5,43.82,-0.051,entry,80.0
2026-01-07 09:40:00,2026-01-07 15:10:00,LONG,1,25854.75,25869.75,30.0,58.64,0.256,entry,330.0
2026-01-08 09:40:00,2026-01-08 12:45:00,SHORT,1,25621.25,25686.0,-129.5,122.46,-0.529,entry,185.0
2026-01-09 09:40:00,2026-01-09 09:45:00,LONG,1,25751.75,25706.0,-91.5,29.9,-1.53,entry,5.0
2026-01-12 09:40:00,2026-01-12 15:55:00,LONG,1,25853.5,25952.25,197.5,79.99,1.235,entry,375.0
2026-01-13 09:40:00,2026-01-13 09:55:00,LONG,1,25991.25,25948.75,-85.0,45.39,-0.936,entry,15.0
2026-01-14 09:40:00,2026-01-14 15:30:00,SHORT,1,25632.0,25607.75,48.5,137.89,0.176,entry,350.0
2026-01-15 09:40:00,2026-01-15 10:45:00,LONG,1,25926.75,25823.25,-207.0,127.31,-0.813,entry,65.0
2026-01-16 09:50:00,2026-01-16 15:55:00,SHORT,1,25785.5,25684.5,202.0,42.28,2.389,entry,365.0
2026-01-19 09:40:00,2026-01-19 11:05:00,SHORT,1,25245.5,25356.25,-221.5,110.77,-1.0,entry,85.0
2026-01-20 09:40:00,2026-01-20 10:05:00,LONG,1,25334.0,25272.25,-123.5,61.3,-1.007,entry,25.0
2026-01-21 09:40:00,2026-01-21 11:50:00,LONG,1,25201.0,25264.75,127.5,39.47,1.615,entry,130.0
2026-01-22 09:45:00,2026-01-22 10:30:00,SHORT,1,25575.0,25623.0,-96.0,67.27,-0.714,entry,45.0
2026-01-23 09:45:00,2026-01-23 09:50:00,SHORT,1,25593.0,25623.25,-60.5,24.55,-1.232,entry,5.0
2026-01-26 09:40:00,2026-01-26 15:55:00,LONG,1,25816.25,25845.0,57.5,142.25,0.202,entry,375.0
2026-01-27 09:50:00,2026-01-27 15:55:00,LONG,1,26037.25,26076.0,77.5,60.21,0.644,entry,365.0
2026-01-28 09:40:00,2026-01-28 09:45:00,LONG,1,26285.0,26250.25,-69.5,24.34,-1.428,entry,5.0
2026-01-29 09:40:00,2026-01-29 13:35:00,SHORT,1,25950.75,25869.75,162.0,192.84,0.42,entry,235.0
2026-01-30 09:40:00,2026-01-30 09:55:00,LONG,1,25871.75,25827.0,-89.5,32.67,-1.37,entry,15.0
2026-02-02 09:40:00,2026-02-02 15:55:00,LONG,1,25720.0,25856.5,273.0,259.79,0.525,entry,375.0
2026-02-03 09:40:00,2026-02-03 15:55:00,SHORT,1,25752.75,25445.5,614.5,162.12,1.895,entry,375.0
2026-02-04 09:40:00,2026-02-04 15:55:00,SHORT,1,25330.5,24994.5,672.0,55.42,6.062,entry,375.0
2026-02-05 09:50:00,2026-02-05 11:30:00,SHORT,1,24862.75,24815.25,95.0,47.19,1.007,entry,100.0
2026-02-06 09:40:00,2026-02-06 15:55:00,LONG,1,24927.25,25146.75,439.0,260.04,0.844,entry,375.0
2026-02-09 09:40:00,2026-02-09 09:50:00,LONG,1,25150.25,25123.0,-54.5,22.3,-1.222,entry,10.0
2026-02-10 09:40:00,2026-02-10 09:50:00,SHORT,1,25309.25,25366.75,-115.0,35.79,-1.607,entry,10.0
2026-02-11 09:40:00,2026-02-11 09:55:00,LONG,1,25390.5,25305.25,-170.5,61.99,-1.375,entry,15.0
2026-02-12 09:40:00,2026-02-12 15:55:00,SHORT,1,25308.25,24763.5,1089.5,27.76,19.623,entry,375.0
2026-02-13 09:40:00,2026-02-13 09:45:00,SHORT,1,24716.0,24775.5,-119.0,21.42,-2.777,entry,5.0
2026-02-16 09:40:00,2026-02-16 12:55:00,SHORT,1,24723.25,24747.25,-48.0,100.49,-0.239,entry,195.0
2026-02-17 09:40:00,2026-02-17 09:45:00,LONG,1,24700.75,24662.5,-76.5,25.9,-1.477,entry,5.0
2026-02-18 09:40:00,2026-02-18 09:45:00,LONG,1,24850.5,24802.25,-96.5,20.37,-2.368,entry,5.0
2026-02-19 09:40:00,2026-02-19 09:55:00,SHORT,1,24846.0,24881.5,-71.0,41.63,-0.853,entry,15.0
2026-02-20 09:40:00,2026-02-20 12:15:00,LONG,1,24926.0,24926.75,1.5,83.46,0.009,entry,155.0
2026-02-23 09:40:00,2026-02-23 15:55:00,SHORT,1,24881.75,24768.0,227.5,48.35,2.353,entry,375.0
2026-02-24 09:40:00,2026-02-24 15:55:00,LONG,1,24910.75,25030.0,238.5,90.59,1.316,entry,375.0
2026-02-25 09:40:00,2026-02-25 15:55:00,LONG,1,25271.25,25384.5,226.5,138.63,0.817,entry,375.0
2026-02-26 09:40:00,2026-02-26 15:55:00,SHORT,1,25266.5,25083.25,366.5,56.07,3.268,entry,375.0
2026-02-27 09:40:00,2026-02-27 10:05:00,SHORT,1,24844.25,24954.5,-220.5,90.62,-1.217,entry,25.0
2026-03-02 09:40:00,2026-03-02 15:55:00,LONG,1,24838.25,25023.25,370.0,134.13,1.379,entry,375.0
2026-03-03 09:40:00,2026-03-03 11:05:00,SHORT,1,24533.0,24564.75,-63.5,79.8,-0.398,entry,85.0
2026-03-04 09:40:00,2026-03-04 15:55:00,LONG,1,24853.25,25120.0,533.5,86.92,3.069,entry,375.0
2026-03-05 09:40:00,2026-03-05 09:45:00,SHORT,1,25058.0,25088.5,-61.0,23.24,-1.312,entry,5.0
2026-03-06 09:40:00,2026-03-06 10:30:00,SHORT,1,24680.0,24851.0,-342.0,174.56,-0.98,entry,50.0
2026-03-09 09:40:00,2026-03-09 15:55:00,LONG,1,24383.5,24992.25,1217.5,96.49,6.309,entry,375.0
2026-03-10 09:40:00,2026-03-10 09:50:00,LONG,1,25029.25,24993.0,-72.5,36.07,-1.005,entry,10.0
2026-03-11 09:40:00,2026-03-11 10:20:00,LONG,1,25068.75,25019.5,-98.5,52.57,-0.937,entry,40.0
2026-03-12 09:40:00,2026-03-12 15:55:00,SHORT,1,24765.0,24555.25,419.5,47.74,4.394,entry,375.0
2026-03-13 09:40:00,2026-03-13 10:40:00,LONG,1,24769.75,24595.5,-348.5,169.8,-1.026,entry,60.0
2026-03-16 09:40:00,2026-03-16 15:55:00,LONG,1,24885.5,24884.5,-2.0,136.09,-0.007,entry,375.0
2026-03-17 09:40:00,2026-03-17 12:00:00,LONG,1,25061.75,24970.75,-182.0,167.32,-0.544,entry,140.0
2026-03-18 09:40:00,2026-03-18 15:55:00,SHORT,1,24952.75,24651.5,602.5,77.43,3.89,entry,375.0
2026-03-19 09:40:00,2026-03-19 11:00:00,SHORT,1,24432.25,24523.25,-182.0,102.88,-0.885,entry,80.0
2026-03-20 09:40:00,2026-03-20 15:55:00,SHORT,1,24454.5,24113.5,682.0,40.55,8.41,entry,375.0
2026-03-23 09:40:00,2026-03-23 12:25:00,LONG,1,24497.0,24317.5,-359.0,250.34,-0.717,entry,165.0
2026-03-24 09:40:00,2026-03-24 11:00:00,SHORT,1,24188.0,24291.75,-207.5,136.81,-0.758,entry,80.0
2026-03-25 09:45:00,2026-03-25 10:10:00,SHORT,1,24418.25,24456.25,-76.0,24.76,-1.535,entry,25.0
2026-03-26 09:40:00,2026-03-26 09:50:00,SHORT,1,24156.5,24231.75,-150.5,51.4,-1.464,entry,10.0
2026-03-27 09:40:00,2026-03-27 15:55:00,SHORT,1,23590.25,23308.75,563.0,150.33,1.873,entry,375.0
2026-03-30 09:40:00,2026-03-30 09:50:00,LONG,1,23393.5,23343.5,-100.0,43.85,-1.14,entry,10.0
2026-03-31 09:40:00,2026-03-31 15:55:00,LONG,1,23416.75,23909.75,986.0,112.08,4.399,entry,375.0
2026-04-01 09:55:00,2026-04-01 14:20:00,LONG,1,24120.75,24151.75,62.0,35.66,0.869,entry,265.0
2026-04-02 09:40:00,2026-04-02 09:55:00,SHORT,1,23710.75,23898.0,-374.5,151.3,-1.238,entry,15.0
2026-04-06 09:40:00,2026-04-06 10:45:00,LONG,1,24328.25,24269.25,-118.0,89.3,-0.661,entry,65.0
2026-04-07 09:40:00,2026-04-07 12:00:00,SHORT,1,24196.5,24176.75,39.5,59.91,0.33,entry,140.0
2026-04-08 09:45:00,2026-04-08 10:05:00,LONG,1,25154.75,25078.25,-153.0,75.28,-1.016,entry,20.0
2026-04-09 09:40:00,2026-04-09 09:50:00,LONG,1,25100.0,25020.0,-160.0,73.13,-1.094,entry,10.0
2026-04-10 09:40:00,2026-04-10 11:35:00,LONG,1,25324.5,25302.0,-45.0,44.69,-0.503,entry,115.0
2026-04-13 09:40:00,2026-04-13 15:55:00,LONG,1,25182.0,25538.25,712.5,85.55,4.164,entry,375.0
2026-04-14 09:40:00,2026-04-14 15:55:00,LONG,1,25748.5,26000.75,504.5,95.7,2.636,entry,375.0
2026-04-15 09:45:00,2026-04-15 15:55:00,LONG,1,26037.25,26364.25,654.0,31.99,10.223,entry,370.0
2026-04-16 09:45:00,2026-04-16 10:40:00,SHORT,1,26382.75,26389.5,-13.5,32.54,-0.207,entry,55.0
2026-04-17 09:40:00,2026-04-17 15:55:00,LONG,1,26705.5,26827.25,243.5,80.54,1.512,entry,375.0
2026-04-20 09:40:00,2026-04-20 10:40:00,LONG,1,26750.5,26695.75,-109.5,48.94,-1.119,entry,60.0
2026-04-21 09:40:00,2026-04-21 09:55:00,SHORT,1,26768.5,26838.5,-140.0,44.65,-1.568,entry,15.0
2026-04-22 09:40:00,2026-04-22 15:55:00,LONG,1,26853.0,27080.0,454.0,22.02,10.311,entry,375.0
2026-04-23 09:40:00,2026-04-23 10:10:00,LONG,1,27059.25,26990.0,-138.5,66.01,-1.049,entry,30.0
2026-04-24 09:40:00,2026-04-24 09:50:00,LONG,1,27215.5,27173.25,-84.5,30.71,-1.376,entry,10.0
2026-04-27 09:40:00,2026-04-27 12:35:00,SHORT,1,27387.75,27399.0,-22.5,42.73,-0.263,entry,175.0
2026-04-28 09:50:00,2026-04-28 14:15:00,SHORT,1,27187.0,27160.0,54.0,44.56,0.606,entry,265.0
2026-04-29 09:40:00,2026-04-29 10:20:00,SHORT,1,27180.5,27243.75,-126.5,50.19,-1.26,entry,40.0
2026-04-30 09:40:00,2026-04-30 10:55:00,SHORT,1,27345.25,27359.5,-28.5,62.55,-0.228,entry,75.0
2026-05-01 09:40:00,2026-05-01 15:55:00,LONG,1,27788.25,27837.25,98.0,142.41,0.344,entry,375.0
2026-05-04 09:45:00,2026-05-04 11:10:00,LONG,1,27868.5,27854.5,-28.0,20.7,-0.676,entry,85.0
2026-05-05 09:40:00,2026-05-05 15:55:00,LONG,1,28082.75,28135.75,106.0,152.78,0.347,entry,375.0
2026-05-06 09:40:00,2026-05-06 10:00:00,LONG,1,28481.75,28418.25,-127.0,59.66,-1.064,entry,20.0
2026-05-07 09:50:00,2026-05-07 11:55:00,LONG,1,28785.75,28784.25,-3.0,54.61,-0.027,entry,125.0
2026-05-08 09:40:00,2026-05-08 15:55:00,LONG,1,28997.0,29339.75,685.5,145.88,2.35,entry,375.0
2026-05-11 09:40:00,2026-05-11 09:50:00,LONG,1,29399.25,29330.75,-137.0,67.86,-1.009,entry,10.0
2026-05-12 09:40:00,2026-05-12 09:45:00,LONG,1,29284.75,29220.5,-128.5,39.45,-1.629,entry,5.0
2026-05-13 09:40:00,2026-05-13 10:20:00,SHORT,1,29210.5,29239.0,-57.0,56.12,-0.508,entry,40.0
2026-05-14 09:40:00,2026-05-14 09:55:00,LONG,1,29626.0,29541.75,-168.5,54.17,-1.555,entry,15.0
2026-05-15 09:40:00,2026-05-15 10:15:00,SHORT,1,29167.25,29349.0,-363.5,174.38,-1.042,entry,35.0
2026-05-18 09:50:00,2026-05-18 10:00:00,LONG,1,29272.5,29161.0,-223.0,101.18,-1.102,entry,10.0
2026-05-19 09:40:00,2026-05-19 09:50:00,SHORT,1,28909.75,28998.25,-177.0,61.27,-1.444,entry,10.0
2026-05-20 09:40:00,2026-05-20 15:55:00,LONG,1,29142.5,29396.25,507.5,113.79,2.23,entry,375.0
2026-05-21 09:40:00,2026-05-21 09:50:00,SHORT,1,29214.0,29294.5,-161.0,55.95,-1.439,entry,10.0
2026-05-22 09:40:00,2026-05-22 10:00:00,LONG,1,29642.25,29568.0,-148.5,66.71,-1.113,entry,20.0
2026-05-25 09:40:00,2026-05-25 10:40:00,LONG,1,29975.0,29912.75,-124.5,64.48,-0.965,entry,60.0
2026-05-26 09:40:00,2026-05-26 11:50:00,LONG,1,29934.0,29909.75,-48.5,75.86,-0.32,entry,130.0
2026-05-27 09:40:00,2026-05-27 14:25:00,SHORT,1,29981.75,30053.5,-143.5,175.82,-0.408,entry,285.0
2026-05-28 09:45:00,2026-05-28 09:55:00,SHORT,1,29932.0,29990.75,-117.5,33.64,-1.746,entry,10.0
2026-05-29 09:40:00,2026-05-29 10:35:00,LONG,1,30460.5,30348.0,-225.0,120.84,-0.931,entry,55.0
2026-06-01 09:40:00,2026-06-01 10:45:00,SHORT,1,30413.25,30429.75,-33.0,43.76,-0.377,entry,65.0
2026-06-02 09:40:00,2026-06-02 15:55:00,LONG,1,30503.25,30707.25,408.0,29.79,6.847,entry,375.0
2026-06-03 09:40:00,2026-06-03 10:10:00,SHORT,1,30623.75,30687.25,-127.0,88.89,-0.714,entry,30.0
2026-06-04 09:40:00,2026-06-04 10:20:00,SHORT,1,30227.25,30323.5,-192.5,122.91,-0.783,entry,40.0
2026-06-05 09:40:00,2026-06-05 15:55:00,SHORT,1,29932.75,29015.75,1834.0,195.1,4.7,entry,375.0
2026-06-08 09:40:00,2026-06-08 15:15:00,LONG,1,29515.5,29424.5,-182.0,262.87,-0.346,entry,335.0
2026-06-09 09:40:00,2026-06-09 10:05:00,LONG,1,29767.0,29630.75,-272.5,165.07,-0.825,entry,25.0
2026-06-10 09:40:00,2026-06-10 10:55:00,LONG,1,29079.5,28900.25,-358.5,186.15,-0.963,entry,75.0
2026-06-11 09:40:00,2026-06-11 10:55:00,LONG,1,28737.75,28648.25,-179.0,47.84,-1.871,entry,75.0
2026-06-12 09:40:00,2026-06-12 10:00:00,SHORT,1,29279.25,29480.5,-402.5,198.52,-1.014,entry,20.0
2026-06-15 09:40:00,2026-06-15 15:55:00,LONG,1,30704.0,30872.75,337.5,150.15,1.124,entry,375.0
2026-06-16 09:50:00,2026-06-16 09:55:00,LONG,1,30869.25,30806.5,-125.5,32.85,-1.91,entry,5.0
2026-06-17 09:40:00,2026-06-17 09:45:00,LONG,1,30519.75,30452.25,-135.0,61.89,-1.091,entry,5.0
2026-06-18 09:45:00,2026-06-18 15:55:00,LONG,1,30497.0,30692.75,391.5,70.25,2.787,entry,370.0
2026-06-19 09:40:00,2026-06-19 12:55:00,LONG,1,30650.25,30647.0,-6.5,61.67,-0.053,entry,195.0
2026-06-22 09:40:00,2026-06-22 10:30:00,LONG,1,30790.0,30692.0,-196.0,98.52,-0.995,entry,50.0
2026-06-23 09:40:00,2026-06-23 10:10:00,SHORT,1,29749.25,30001.5,-504.5,263.63,-0.957,entry,30.0
2026-06-24 09:40:00,2026-06-24 09:50:00,SHORT,1,29663.75,29765.75,-204.0,102.01,-1.0,entry,10.0
2026-06-25 09:40:00,2026-06-25 12:05:00,SHORT,1,29768.25,29790.5,-44.5,301.24,-0.074,entry,145.0
2026-06-26 09:40:00,2026-06-26 09:55:00,SHORT,1,29342.25,29440.5,-196.5,81.35,-1.208,entry,15.0
2026-06-29 09:40:00,2026-06-29 09:55:00,LONG,1,29786.75,29617.75,-338.0,174.85,-0.967,entry,15.0
2026-06-30 09:40:00,2026-06-30 15:55:00,LONG,1,30215.75,30513.5,595.5,116.76,2.55,entry,375.0
2026-07-01 09:40:00,2026-07-01 10:15:00,SHORT,1,30141.25,30302.5,-322.5,173.54,-0.929,entry,35.0
2026-07-02 09:40:00,2026-07-02 10:20:00,LONG,1,30124.25,30079.75,-89.0,42.41,-1.049,entry,40.0
2026-07-03 09:40:00,2026-07-03 12:55:00,LONG,1,29929.0,29901.75,-54.5,155.48,-0.175,entry,195.0
2026-07-06 09:40:00,2026-07-06 13:30:00,LONG,1,29921.5,29933.25,23.5,61.01,0.193,entry,230.0
2026-07-07 09:40:00,2026-07-07 12:20:00,SHORT,1,29595.0,29506.0,178.0,79.45,1.12,entry,160.0
2026-07-08 09:40:00,2026-07-08 10:35:00,LONG,1,29347.75,29253.75,-188.0,95.87,-0.981,entry,55.0
2026-07-09 09:40:00,2026-07-09 10:15:00,LONG,1,29858.5,29692.0,-333.0,219.56,-0.758,entry,35.0
2026-07-10 09:45:00,2026-07-10 10:30:00,LONG,1,29940.75,29850.0,-181.5,82.72,-1.097,entry,45.0
2026-07-13 09:40:00,2026-07-13 10:25:00,SHORT,1,29596.0,29701.5,-211.0,141.76,-0.744,entry,45.0
2026-07-14 09:40:00,2026-07-14 15:55:00,LONG,1,29754.25,29786.0,63.5,150.3,0.211,entry,375.0
2026-07-15 09:40:00,2026-07-15 14:20:00,SHORT,1,29833.25,29736.0,194.5,97.83,0.994,entry,280.0
2026-07-16 09:40:00,2026-07-16 15:55:00,SHORT,1,29317.75,29217.0,201.5,230.2,0.438,entry,375.0
2026-07-17 09:40:00,2026-07-17 10:05:00,SHORT,1,28420.0,28810.0,-780.0,330.61,-1.18,entry,25.0
2026-07-20 09:40:00,2026-07-20 10:10:00,LONG,1,29178.25,28973.5,-409.5,225.51,-0.908,entry,30.0
2026-07-21 09:40:00,2026-07-21 15:55:00,LONG,1,29144.5,29310.75,332.5,78.33,2.122,entry,375.0
2026-07-22 09:40:00,2026-07-22 15:35:00,LONG,1,29178.75,29199.75,42.0,34.97,0.6,entry,355.0
2026-07-23 09:40:00,2026-07-23 15:55:00,SHORT,1,28857.0,28615.0,484.0,97.11,2.492,entry,375.0
2026-07-24 09:40:00,2026-07-24 11:10:00,SHORT,1,28485.0,28493.25,-16.5,114.75,-0.072,entry,90.0
2026-07-27 09:40:00,2026-07-27 15:55:00,SHORT,1,28455.0,28192.25,525.5,167.14,1.572,entry,375.0
2026-07-28 09:40:00,2026-07-28 10:45:00,SHORT,1,27749.75,27851.25,-203.0,204.3,-0.497,entry,65.0
2026-07-29 09:45:00,2026-07-29 14:00:00,SHORT,1,27850.5,27802.0,97.0,51.84,0.936,entry,255.0
2026-07-30 09:40:00,2026-07-30 15:55:00,LONG,1,27976.25,28229.0,505.5,327.46,0.772,entry,375.0
2026-07-31 09:40:00,2026-07-31 12:30:00,SHORT,1,28419.0,28376.75,84.5,105.81,0.399,entry,170.0
2026-08-03 09:45:00,2026-08-03 09:50:00,SHORT,1,28474.25,28523.5,-98.5,46.61,-1.057,entry,5.0
2026-08-04 09:40:00,2026-08-04 15:55:00,LONG,1,29411.5,29877.75,932.5,268.53,1.736,entry,375.0
2026-08-05 09:40:00,2026-08-05 10:25:00,LONG,1,30052.0,29915.0,-274.0,136.59,-1.003,entry,45.0
2026-08-06 09:45:00,2026-08-06 11:55:00,LONG,1,29525.75,29516.25,-19.0,56.91,-0.167,entry,130.0
2026-08-07 09:40:00,2026-08-07 10:00:00,LONG,1,29788.5,29619.25,-338.5,123.47,-1.371,entry,20.0
2026-08-10 09:40:00,2026-08-10 10:05:00,SHORT,1,29776.0,29874.25,-196.5,65.79,-1.493,entry,25.0
2026-08-11 09:40:00,2026-08-11 10:05:00,SHORT,1,29723.25,29778.0,-109.5,53.85,-1.017,entry,25.0
2026-08-12 09:40:00,2026-08-12 10:50:00,LONG,1,29899.5,29861.75,-75.5,65.14,-0.58,entry,70.0
2026-08-13 09:40:00,2026-08-13 15:55:00,LONG,1,30012.25,30194.75,365.0,114.35,1.596,entry,375.0
2026-08-14 09:40:00,2026-08-14 10:15:00,LONG,1,30261.0,30172.5,-177.0,49.23,-1.798,entry,35.0
2026-08-17 09:40:00,2026-08-17 09:50:00,SHORT,1,30196.5,30249.0,-105.0,39.37,-1.334,entry,10.0
2026-08-18 09:40:00,2026-08-18 15:55:00,SHORT,1,29687.5,29585.75,203.5,126.66,0.803,entry,375.0
2026-08-19 09:45:00,2026-08-19 10:35:00,SHORT,1,29470.5,29565.75,-190.5,120.63,-0.79,entry,50.0
2026-08-20 09:40:00,2026-08-20 15:55:00,SHORT,1,29442.5,29306.5,272.0,38.08,3.572,entry,375.0
2026-08-21 09:40:00,2026-08-21 11:00:00,SHORT,1,29322.5,29359.75,-74.5,83.02,-0.449,entry,80.0
2026-08-24 09:40:00,2026-08-24 11:35:00,SHORT,1,28978.75,29158.0,-358.5,242.09,-0.74,entry,115.0
2026-08-25 09:40:00,2026-08-25 10:00:00,LONG,1,29349.75,29261.25,-177.0,82.49,-1.073,entry,20.0
2026-08-26 09:40:00,2026-08-26 10:20:00,LONG,1,29291.0,29202.75,-176.5,76.78,-1.149,entry,40.0
2026-08-27 09:40:00,2026-08-27 09:45:00,LONG,1,29575.0,29476.5,-197.0,37.5,-2.626,entry,5.0
2026-08-28 09:40:00,2026-08-28 09:50:00,LONG,1,29687.75,29633.5,-108.5,54.72,-0.991,entry,10.0
