entry_time_et,exit_time_et,side,qty,entry_price,exit_price,pnl_usd,stop_dist_pt,r_multiple,exit_reason,duration_min
2016-01-04 09:30:00,2016-01-04 09:35:00,SHORT,15,8360.75,8365.75,-180.0,4.75,-1.26,初始止损,5.0
2016-01-05 09:35:00,2016-01-05 09:40:00,SHORT,14,8381.0,8386.25,-175.0,5.25,-1.19,初始止损,5.0
2016-01-06 09:30:00,2016-01-06 14:50:00,LONG,14,8294.5,8294.5,-28.0,5.25,-0.19,保本止损,320.0
2016-01-07 09:35:00,2016-01-07 09:40:00,LONG,14,8249.0,8243.75,-175.0,5.25,-1.19,初始止损,5.0
2016-01-08 09:45:00,2016-01-08 09:50:00,LONG,13,8233.75,8228.0,-175.5,5.5,-1.23,初始止损,5.0
2016-01-11 09:30:00,2016-01-11 09:35:00,LONG,12,8184.0,8178.0,-168.0,5.75,-1.22,初始止损,5.0
2016-01-12 09:30:00,2016-01-12 10:05:00,LONG,12,8213.25,8213.25,-24.0,5.75,-0.17,保本止损,35.0
2016-01-13 09:35:00,2016-01-13 09:40:00,LONG,12,8238.5,8232.5,-168.0,5.75,-1.22,初始止损,5.0
2016-01-14 09:30:00,2016-01-14 10:20:00,SHORT,11,8073.5,8073.5,-22.0,6.5,-0.15,保本止损,50.0
2016-01-15 09:35:00,2016-01-15 09:40:00,LONG,10,8039.75,8032.5,-165.0,7.0,-1.18,初始止损,5.0
2016-01-18 09:40:00,2016-01-18 10:10:00,SHORT,9,8015.75,8023.75,-162.0,7.5,-1.2,初始止损,30.0
2016-01-19 09:30:00,2016-01-19 10:25:00,SHORT,10,8069.75,8069.75,-20.0,7.0,-0.14,保本止损,55.0
2016-01-20 09:30:00,2016-01-20 09:35:00,LONG,10,7974.25,7967.25,-160.0,7.0,-1.14,初始止损,5.0
2016-01-21 09:35:00,2016-01-21 09:40:00,SHORT,9,8004.25,8012.0,-157.5,7.5,-1.17,初始止损,5.0
2016-01-22 09:45:00,2016-01-22 11:05:00,LONG,9,8106.25,8106.25,-18.0,7.5,-0.13,保本止损,80.0
2016-01-25 09:35:00,2016-01-25 09:40:00,LONG,8,8131.75,8123.0,-156.0,7.75,-1.26,初始止损,5.0
2016-01-26 09:35:00,2016-01-26 10:05:00,SHORT,9,8079.75,8079.75,-18.0,7.5,-0.13,保本止损,30.0
2016-01-27 09:30:00,2016-01-27 09:35:00,SHORT,9,8087.75,8095.5,-157.5,7.5,-1.17,初始止损,5.0
2016-01-28 09:45:00,2016-01-28 09:50:00,SHORT,9,8056.0,8063.5,-153.0,7.5,-1.13,初始止损,5.0
2016-01-29 09:35:00,2016-01-29 15:55:00,LONG,9,8090.25,8153.75,1125.0,7.5,8.33,收盘平仓,380.0
2016-02-01 09:30:00,2016-02-01 09:35:00,SHORT,9,8125.25,8133.25,-162.0,7.5,-1.2,初始止损,5.0
2016-02-02 09:35:00,2016-02-02 10:00:00,SHORT,9,8123.25,8131.25,-162.0,7.25,-1.24,初始止损,25.0
2016-02-03 09:30:00,2016-02-03 15:55:00,SHORT,9,8089.75,8051.25,675.0,7.25,5.17,收盘平仓,385.0
2016-02-04 09:35:00,2016-02-04 09:40:00,SHORT,9,8017.75,8025.75,-162.0,7.5,-1.2,初始止损,5.0
2016-02-05 09:30:00,2016-02-05 15:55:00,SHORT,9,8018.5,7905.0,2025.0,7.25,15.52,收盘平仓,385.0
2016-02-08 09:35:00,2016-02-08 09:40:00,SHORT,10,7814.75,7822.5,-175.0,7.75,-1.13,初始止损,5.0
2016-02-09 09:35:00,2016-02-09 09:40:00,LONG,10,7829.25,7821.5,-175.0,7.75,-1.13,初始止损,5.0
2016-02-10 09:30:00,2016-02-10 09:40:00,SHORT,9,7865.75,7874.25,-171.0,7.75,-1.23,初始止损,10.0
2016-02-11 09:30:00,2016-02-11 09:35:00,LONG,9,7809.75,7801.25,-171.0,7.75,-1.23,初始止损,5.0
2016-02-12 09:35:00,2016-02-12 11:10:00,SHORT,9,7873.0,7881.5,-171.0,7.75,-1.23,初始止损,95.0
2016-02-15 09:35:00,2016-02-15 09:45:00,SHORT,10,7956.25,7963.75,-170.0,7.5,-1.13,初始止损,10.0
2016-02-16 09:35:00,2016-02-16 10:00:00,LONG,10,7964.5,7957.0,-170.0,7.25,-1.17,初始止损,25.0
2016-02-17 09:40:00,2016-02-17 09:50:00,SHORT,10,8015.25,8022.75,-170.0,7.0,-1.21,初始止损,10.0
2016-02-18 09:30:00,2016-02-18 15:55:00,SHORT,10,8082.5,8038.25,865.0,7.25,5.97,收盘平仓,385.0
2016-02-19 09:30:00,2016-02-19 09:35:00,LONG,10,8031.5,8023.75,-175.0,7.0,-1.25,初始止损,5.0
2016-02-22 09:35:00,2016-02-22 15:55:00,LONG,11,8097.5,8116.75,401.5,6.75,2.7,收盘平仓,380.0
2016-02-23 09:50:00,2016-02-23 10:00:00,LONG,11,8100.5,8093.5,-176.0,6.75,-1.19,初始止损,10.0
2016-02-24 09:30:00,2016-02-24 09:35:00,SHORT,11,7990.5,7997.5,-176.0,6.5,-1.23,初始止损,5.0
2016-02-25 09:35:00,2016-02-25 10:40:00,SHORT,11,8084.5,8084.5,-22.0,6.75,-0.15,保本止损,65.0
2016-02-26 09:40:00,2016-02-26 09:55:00,SHORT,11,8147.25,8154.25,-176.0,6.75,-1.19,初始止损,15.0
2016-02-29 09:35:00,2016-02-29 09:40:00,LONG,11,8128.25,8121.25,-176.0,6.5,-1.23,初始止损,5.0
2016-03-01 09:35:00,2016-03-01 09:40:00,SHORT,12,8116.25,8122.5,-174.0,6.25,-1.16,初始止损,5.0
2016-03-02 09:45:00,2016-03-02 10:10:00,SHORT,11,8210.25,8217.0,-170.5,6.5,-1.19,初始止损,25.0
2016-03-03 09:30:00,2016-03-03 15:55:00,SHORT,11,8213.25,8212.75,-11.0,6.25,-0.08,收盘平仓,385.0
2016-03-04 09:30:00,2016-03-04 10:40:00,SHORT,12,8202.0,8208.25,-174.0,6.0,-1.21,初始止损,70.0
2016-03-07 09:35:00,2016-03-07 09:50:00,LONG,12,8195.75,8189.5,-174.0,6.0,-1.21,初始止损,15.0
2016-03-08 09:30:00,2016-03-08 09:35:00,SHORT,12,8150.5,8156.5,-168.0,5.75,-1.22,初始止损,5.0
2016-03-09 09:30:00,2016-03-09 10:15:00,SHORT,12,8163.5,8163.5,-24.0,5.75,-0.17,保本止损,45.0
2016-03-10 09:55:00,2016-03-10 10:05:00,LONG,13,8219.25,8213.75,-169.0,5.5,-1.18,初始止损,10.0
2016-03-11 09:50:00,2016-03-11 10:00:00,LONG,12,8225.75,8219.75,-168.0,5.75,-1.22,初始止损,10.0
2016-03-14 09:30:00,2016-03-14 15:55:00,LONG,12,8235.5,8254.5,432.0,5.75,3.13,收盘平仓,385.0
2016-03-15 09:35:00,2016-03-15 09:40:00,SHORT,13,8235.75,8241.25,-169.0,5.5,-1.18,初始止损,5.0
2016-03-16 09:30:00,2016-03-16 13:15:00,LONG,13,8246.75,8246.75,-26.0,5.25,-0.19,保本止损,225.0
2016-03-17 09:30:00,2016-03-17 09:40:00,LONG,13,8285.5,8280.0,-169.0,5.25,-1.24,初始止损,10.0
2016-03-18 09:40:00,2016-03-18 10:30:00,SHORT,14,8283.75,8288.75,-168.0,5.0,-1.2,初始止损,50.0
2016-03-21 09:30:00,2016-03-21 10:10:00,LONG,14,8294.75,8289.75,-168.0,4.75,-1.26,初始止损,40.0
2016-03-22 09:35:00,2016-03-22 09:40:00,LONG,14,8298.25,8293.25,-168.0,4.75,-1.26,初始止损,5.0
2016-03-23 09:30:00,2016-03-23 09:35:00,SHORT,15,8316.0,8320.75,-172.5,4.5,-1.28,初始止损,5.0
2016-03-24 09:35:00,2016-03-24 09:40:00,LONG,15,8273.0,8268.25,-172.5,4.5,-1.28,初始止损,5.0
2016-03-28 09:30:00,2016-03-28 10:15:00,SHORT,16,8295.0,8295.0,-32.0,4.25,-0.24,保本止损,45.0
2016-03-29 10:00:00,2016-03-29 15:55:00,LONG,16,8283.5,8355.75,2280.0,4.25,16.76,收盘平仓,355.0
2016-03-30 09:35:00,2016-03-30 11:15:00,LONG,16,8392.75,8388.0,-184.0,4.5,-1.28,初始止损,100.0
2016-03-31 09:45:00,2016-03-31 09:50:00,LONG,17,8381.5,8377.0,-187.0,4.25,-1.29,初始止损,5.0
2016-04-01 09:35:00,2016-04-01 09:40:00,LONG,17,8347.25,8342.75,-187.0,4.25,-1.29,初始止损,5.0
2016-04-04 09:30:00,2016-04-04 10:00:00,SHORT,17,8415.5,8419.75,-178.5,4.25,-1.24,初始止损,30.0
2016-04-05 09:35:00,2016-04-05 09:40:00,LONG,17,8370.5,8366.25,-178.5,4.25,-1.24,初始止损,5.0
2016-04-06 09:30:00,2016-04-06 09:35:00,LONG,17,8372.5,8368.25,-178.5,4.25,-1.24,初始止损,5.0
2016-04-07 09:45:00,2016-04-07 09:55:00,SHORT,17,8397.0,8401.25,-178.5,4.25,-1.24,初始止损,10.0
2016-04-08 09:30:00,2016-04-08 09:55:00,SHORT,16,8390.5,8395.0,-176.0,4.5,-1.22,初始止损,25.0
2016-04-11 09:30:00,2016-04-11 09:35:00,SHORT,15,8379.25,8384.0,-172.5,4.5,-1.28,初始止损,5.0
2016-04-12 09:30:00,2016-04-12 09:35:00,SHORT,15,8341.75,8346.5,-172.5,4.5,-1.28,初始止损,5.0
2016-04-13 09:40:00,2016-04-13 10:35:00,LONG,15,8427.75,8427.75,-30.0,4.5,-0.22,保本止损,55.0
2016-04-14 09:35:00,2016-04-14 10:15:00,SHORT,15,8437.0,8441.75,-172.5,4.5,-1.28,初始止损,40.0
2016-04-18 09:35:00,2016-04-18 09:45:00,LONG,16,8425.25,8421.0,-168.0,4.25,-1.24,初始止损,10.0
2016-04-19 09:30:00,2016-04-19 15:55:00,SHORT,17,8453.5,8428.5,816.0,4.0,6.0,收盘平仓,385.0
2016-04-20 09:30:00,2016-04-20 09:50:00,SHORT,16,8422.25,8426.75,-176.0,4.25,-1.29,初始止损,20.0
2016-04-21 09:40:00,2016-04-21 10:25:00,SHORT,17,8422.25,8426.5,-178.5,4.0,-1.31,初始止损,45.0
2016-04-22 09:30:00,2016-04-22 09:35:00,LONG,17,8387.0,8382.75,-178.5,4.0,-1.31,初始止损,5.0
2016-04-25 09:30:00,2016-04-25 09:50:00,LONG,16,8356.5,8352.0,-176.0,4.25,-1.29,初始止损,20.0
2016-04-26 09:30:00,2016-04-26 09:35:00,SHORT,17,8364.0,8368.0,-170.0,4.0,-1.25,初始止损,5.0
2016-04-27 09:30:00,2016-04-27 09:40:00,LONG,17,8308.75,8304.75,-170.0,4.0,-1.25,初始止损,10.0
2016-04-28 09:30:00,2016-04-28 09:35:00,SHORT,16,8305.5,8309.75,-168.0,4.25,-1.24,初始止损,5.0
2016-04-29 09:40:00,2016-04-29 15:55:00,SHORT,16,8245.5,8227.25,552.0,4.25,4.06,收盘平仓,375.0
2016-05-02 09:30:00,2016-05-02 09:35:00,SHORT,15,8227.25,8232.0,-172.5,4.5,-1.28,初始止损,5.0
2016-05-03 09:30:00,2016-05-03 09:35:00,LONG,15,8244.0,8239.5,-165.0,4.5,-1.22,初始止损,5.0
2016-05-04 09:30:00,2016-05-04 09:35:00,LONG,16,8208.5,8204.25,-168.0,4.25,-1.24,初始止损,5.0
2016-05-05 09:30:00,2016-05-05 09:35:00,SHORT,16,8212.25,8216.5,-168.0,4.25,-1.24,初始止损,5.0
2016-05-06 09:35:00,2016-05-06 09:45:00,LONG,15,8196.5,8192.0,-165.0,4.25,-1.29,初始止损,10.0
2016-05-09 09:35:00,2016-05-09 10:25:00,LONG,16,8233.5,8233.5,-32.0,4.0,-0.25,保本止损,50.0
2016-05-10 09:30:00,2016-05-10 09:35:00,LONG,16,8249.25,8245.0,-168.0,4.0,-1.31,初始止损,5.0
2016-05-11 09:35:00,2016-05-11 09:40:00,LONG,16,8286.5,8282.25,-168.0,4.0,-1.31,初始止损,5.0
2016-05-12 09:35:00,2016-05-12 15:55:00,SHORT,16,8257.75,8233.5,744.0,4.0,5.81,收盘平仓,380.0
2016-05-13 09:30:00,2016-05-13 09:50:00,LONG,17,8237.5,8237.5,-34.0,4.0,-0.25,保本止损,20.0
2016-05-16 09:30:00,2016-05-16 15:55:00,LONG,17,8227.5,8272.25,1487.5,4.0,10.94,收盘平仓,385.0
2016-05-17 09:30:00,2016-05-17 09:35:00,LONG,17,8276.5,8272.25,-178.5,4.25,-1.24,初始止损,5.0
2016-05-18 09:30:00,2016-05-18 14:25:00,LONG,17,8211.25,8211.25,-34.0,4.25,-0.24,保本止损,295.0
2016-05-19 09:30:00,2016-05-19 09:50:00,LONG,16,8217.25,8212.75,-176.0,4.25,-1.29,初始止损,20.0
2016-05-20 09:40:00,2016-05-20 15:55:00,LONG,16,8243.0,8257.0,416.0,4.25,3.06,收盘平仓,375.0
2016-05-23 09:30:00,2016-05-23 11:30:00,LONG,17,8266.5,8262.25,-178.5,4.25,-1.24,初始止损,120.0
2016-05-24 09:30:00,2016-05-24 15:55:00,LONG,17,8281.25,8339.5,1946.5,4.25,13.47,收盘平仓,385.0
2016-05-25 09:50:00,2016-05-25 15:55:00,LONG,18,8363.25,8371.5,261.0,4.25,1.71,收盘平仓,365.0
2016-05-26 09:40:00,2016-05-26 09:45:00,LONG,18,8380.75,8376.25,-198.0,4.25,-1.29,初始止损,5.0
2016-05-27 09:30:00,2016-05-27 15:55:00,LONG,18,8391.25,8407.5,549.0,4.25,3.59,收盘平仓,385.0
2016-05-30 09:30:00,2016-05-30 11:20:00,SHORT,20,8414.0,8418.0,-200.0,4.0,-1.25,初始止损,110.0
2016-05-31 09:30:00,2016-05-31 09:35:00,SHORT,21,8412.0,8415.75,-199.5,3.75,-1.27,初始止损,5.0
2016-06-01 10:00:00,2016-06-01 15:55:00,LONG,21,8410.0,8416.75,241.5,3.75,1.53,收盘平仓,355.0
2016-06-02 09:35:00,2016-06-02 09:40:00,SHORT,22,8402.75,8406.25,-198.0,3.5,-1.29,初始止损,5.0
2016-06-03 09:45:00,2016-06-03 11:40:00,SHORT,22,8401.25,8401.25,-44.0,3.5,-0.29,保本止损,115.0
2016-06-06 09:30:00,2016-06-06 09:40:00,SHORT,22,8410.25,8413.75,-198.0,3.5,-1.29,初始止损,10.0
2016-06-07 09:35:00,2016-06-07 09:45:00,SHORT,22,8421.75,8425.25,-198.0,3.5,-1.29,初始止损,10.0
2016-06-08 09:30:00,2016-06-08 09:40:00,SHORT,23,8417.0,8420.25,-195.5,3.25,-1.31,初始止损,10.0
2016-06-09 09:35:00,2016-06-09 10:30:00,LONG,23,8406.0,8402.75,-195.5,3.25,-1.31,初始止损,55.0
2016-06-10 09:35:00,2016-06-10 09:40:00,SHORT,25,8370.25,8373.25,-200.0,3.0,-1.33,初始止损,5.0
2016-06-13 09:30:00,2016-06-13 09:35:00,LONG,23,8344.25,8341.0,-195.5,3.25,-1.31,初始止损,5.0
2016-06-14 09:30:00,2016-06-14 09:50:00,LONG,23,8328.5,8328.5,-46.0,3.25,-0.31,保本止损,20.0
2016-06-15 09:30:00,2016-06-15 09:35:00,SHORT,23,8329.5,8332.75,-195.5,3.25,-1.31,初始止损,5.0
2016-06-16 09:30:00,2016-06-16 12:20:00,SHORT,22,8287.0,8287.0,-44.0,3.25,-0.31,保本止损,170.0
2016-06-17 09:30:00,2016-06-17 15:55:00,SHORT,21,8301.75,8271.5,1228.5,3.5,8.36,收盘平仓,385.0
2016-06-20 09:35:00,2016-06-20 09:50:00,LONG,22,8329.75,8326.25,-198.0,3.5,-1.29,初始止损,15.0
2016-06-21 09:35:00,2016-06-21 09:45:00,LONG,22,8314.0,8310.5,-198.0,3.5,-1.29,初始止损,10.0
2016-06-22 09:35:00,2016-06-22 09:40:00,SHORT,21,8313.5,8317.25,-199.5,3.5,-1.36,初始止损,5.0
2016-06-23 09:30:00,2016-06-23 10:00:00,SHORT,21,8329.0,8329.0,-42.0,3.5,-0.29,保本止损,30.0
2016-06-24 09:30:00,2016-06-24 09:35:00,LONG,21,8218.0,8214.25,-199.5,3.5,-1.36,初始止损,5.0
2016-06-27 09:35:00,2016-06-27 15:55:00,SHORT,17,8130.0,8096.75,1096.5,4.25,7.59,收盘平仓,380.0
2016-06-28 09:30:00,2016-06-28 09:35:00,LONG,17,8146.25,8141.5,-195.5,4.5,-1.28,初始止损,5.0
2016-06-29 09:30:00,2016-06-29 09:35:00,LONG,16,8228.75,8223.75,-192.0,4.75,-1.26,初始止损,5.0
2016-06-30 09:30:00,2016-06-30 09:35:00,LONG,15,8273.0,8267.75,-187.5,5.0,-1.25,初始止损,5.0
2016-07-01 09:30:00,2016-07-01 15:55:00,LONG,15,8318.25,8335.25,480.0,5.0,3.2,收盘平仓,385.0
2016-07-04 09:55:00,2016-07-04 10:30:00,SHORT,16,8341.0,8346.0,-192.0,4.75,-1.26,初始止损,35.0
2016-07-05 09:35:00,2016-07-05 10:20:00,SHORT,17,8307.75,8307.75,-34.0,4.5,-0.22,保本止损,45.0
2016-07-06 09:30:00,2016-07-06 09:50:00,SHORT,17,8281.25,8285.75,-187.0,4.5,-1.22,初始止损,20.0
2016-07-07 09:30:00,2016-07-07 10:55:00,LONG,17,8355.75,8351.25,-187.0,4.5,-1.22,初始止损,85.0
2016-07-08 09:35:00,2016-07-08 15:55:00,LONG,17,8386.5,8427.25,1351.5,4.5,8.83,收盘平仓,380.0
2016-07-11 09:30:00,2016-07-11 10:25:00,LONG,17,8452.75,8448.0,-195.5,4.5,-1.28,初始止损,55.0
2016-07-12 09:40:00,2016-07-12 09:55:00,LONG,17,8487.25,8482.5,-195.5,4.5,-1.28,初始止损,15.0
2016-07-13 09:30:00,2016-07-13 09:45:00,SHORT,18,8478.25,8482.75,-198.0,4.25,-1.29,初始止损,15.0
2016-07-14 09:35:00,2016-07-14 10:05:00,SHORT,19,8494.0,8498.25,-199.5,4.0,-1.31,初始止损,30.0
2016-07-18 09:55:00,2016-07-18 15:55:00,LONG,19,8500.25,8520.0,712.5,4.0,4.69,收盘平仓,360.0
2016-07-19 09:30:00,2016-07-19 09:40:00,LONG,21,8510.75,8507.0,-199.5,3.75,-1.27,初始止损,10.0
2016-07-20 09:30:00,2016-07-20 09:40:00,SHORT,21,8523.25,8527.0,-199.5,3.75,-1.27,初始止损,10.0
2016-07-21 09:30:00,2016-07-21 09:35:00,SHORT,21,8558.0,8561.75,-199.5,3.75,-1.27,初始止损,5.0
2016-07-22 09:30:00,2016-07-22 09:45:00,SHORT,21,8542.0,8545.75,-199.5,3.75,-1.27,初始止损,15.0
2016-07-25 09:35:00,2016-07-25 09:45:00,SHORT,22,8560.0,8563.5,-198.0,3.5,-1.29,初始止损,10.0
2016-07-26 09:30:00,2016-07-26 10:50:00,LONG,22,8567.75,8567.75,-44.0,3.5,-0.29,保本止损,80.0
2016-07-27 09:30:00,2016-07-27 09:40:00,SHORT,22,8607.0,8610.5,-198.0,3.5,-1.29,初始止损,10.0
2016-07-28 09:30:00,2016-07-28 09:35:00,LONG,21,8613.75,8610.0,-199.5,3.5,-1.36,初始止损,5.0
2016-07-29 09:30:00,2016-07-29 09:35:00,LONG,23,8634.75,8631.5,-195.5,3.25,-1.31,初始止损,5.0
2016-08-01 09:30:00,2016-08-01 09:35:00,SHORT,23,8631.75,8635.0,-195.5,3.25,-1.31,初始止损,5.0
2016-08-02 09:35:00,2016-08-02 09:40:00,SHORT,23,8635.75,8639.0,-195.5,3.25,-1.31,初始止损,5.0
2016-08-03 09:35:00,2016-08-03 10:30:00,LONG,22,8621.0,8621.0,-44.0,3.25,-0.31,保本止损,55.0
2016-08-04 09:35:00,2016-08-04 09:55:00,LONG,22,8638.5,8635.0,-198.0,3.25,-1.38,初始止损,20.0
2016-08-05 09:30:00,2016-08-05 15:55:00,LONG,22,8676.75,8693.5,693.0,3.25,4.85,收盘平仓,385.0
2016-08-08 09:35:00,2016-08-08 09:40:00,SHORT,23,8690.0,8693.25,-195.5,3.25,-1.31,初始止损,5.0
2016-08-09 09:30:00,2016-08-09 13:50:00,LONG,23,8697.0,8697.0,-46.0,3.25,-0.31,保本止损,260.0
2016-08-10 09:30:00,2016-08-10 10:20:00,SHORT,25,8699.5,8702.5,-200.0,3.0,-1.33,初始止损,50.0
2016-08-11 09:30:00,2016-08-11 09:55:00,LONG,24,8710.75,8707.75,-192.0,3.0,-1.33,初始止损,25.0
2016-08-12 09:50:00,2016-08-12 09:55:00,SHORT,24,8698.0,8701.0,-192.0,3.0,-1.33,初始止损,5.0
2016-08-15 09:30:00,2016-08-15 15:55:00,LONG,26,8720.0,8731.25,533.0,2.75,3.73,收盘平仓,385.0
2016-08-16 09:30:00,2016-08-16 10:00:00,SHORT,27,8717.0,8717.0,-54.0,2.75,-0.36,保本止损,30.0
2016-08-17 09:30:00,2016-08-17 12:45:00,SHORT,27,8700.5,8700.5,-54.0,2.75,-0.36,保本止损,195.0
2016-08-18 09:30:00,2016-08-18 09:35:00,LONG,27,8714.75,8712.0,-202.5,2.75,-1.36,初始止损,5.0
2016-08-19 09:30:00,2016-08-19 09:55:00,SHORT,26,8700.75,8700.75,-52.0,2.75,-0.36,保本止损,25.0
2016-08-22 09:30:00,2016-08-22 09:35:00,SHORT,26,8699.0,8701.75,-195.0,2.75,-1.36,初始止损,5.0
2016-08-23 09:35:00,2016-08-23 10:55:00,LONG,29,8738.0,8735.5,-203.0,2.5,-1.4,初始止损,80.0
2016-08-25 09:30:00,2016-08-25 09:35:00,SHORT,26,8677.0,8679.75,-195.0,2.75,-1.36,初始止损,5.0
2016-08-26 09:30:00,2016-08-26 09:55:00,LONG,28,8695.25,8695.25,-56.0,2.5,-0.4,保本止损,25.0
2016-08-29 09:35:00,2016-08-29 10:20:00,LONG,26,8701.0,8698.25,-195.0,2.75,-1.36,初始止损,45.0
2016-08-30 09:30:00,2016-08-30 09:35:00,LONG,25,8703.0,8700.25,-187.5,2.75,-1.36,初始止损,5.0
2016-08-31 09:30:00,2016-08-31 09:40:00,SHORT,25,8675.5,8678.25,-187.5,2.75,-1.36,初始止损,10.0
2016-09-01 09:35:00,2016-09-01 09:50:00,LONG,28,8689.25,8686.75,-196.0,2.5,-1.4,初始止损,15.0
2016-09-02 09:50:00,2016-09-02 09:55:00,LONG,25,8721.25,8718.5,-187.5,2.75,-1.36,初始止损,5.0
2016-09-05 09:30:00,2016-09-05 12:30:00,SHORT,25,8699.75,8699.75,-50.0,2.75,-0.36,保本止损,180.0
2016-09-06 09:30:00,2016-09-06 09:35:00,SHORT,27,8707.25,8709.75,-189.0,2.5,-1.4,初始止损,5.0
2016-09-07 09:50:00,2016-09-07 10:00:00,SHORT,27,8737.5,8740.0,-189.0,2.5,-1.4,初始止损,10.0
2016-09-08 09:35:00,2016-09-08 09:40:00,SHORT,27,8714.0,8716.5,-189.0,2.5,-1.4,初始止损,5.0
2016-09-09 09:40:00,2016-09-09 09:50:00,LONG,26,8677.25,8674.75,-182.0,2.5,-1.4,初始止损,10.0
2016-09-12 09:30:00,2016-09-12 15:55:00,LONG,22,8586.25,8672.0,3729.0,3.0,28.25,收盘平仓,385.0
2016-09-13 09:30:00,2016-09-13 09:35:00,LONG,22,8651.0,8647.5,-198.0,3.5,-1.29,初始止损,5.0
2016-09-14 09:30:00,2016-09-14 09:40:00,LONG,22,8650.25,8646.75,-198.0,3.5,-1.29,初始止损,10.0
2016-09-15 09:30:00,2016-09-15 09:35:00,LONG,21,8665.25,8661.5,-199.5,3.5,-1.36,初始止损,5.0
2016-09-16 09:35:00,2016-09-16 09:40:00,SHORT,20,8717.5,8721.25,-190.0,3.75,-1.27,初始止损,5.0
2016-09-19 09:35:00,2016-09-19 09:40:00,LONG,20,8741.0,8737.25,-190.0,3.75,-1.27,初始止损,5.0
2016-09-20 09:50:00,2016-09-20 09:55:00,LONG,19,8729.25,8725.25,-190.0,3.75,-1.33,初始止损,5.0
2016-09-21 09:45:00,2016-09-21 10:55:00,LONG,21,8733.25,8729.75,-189.0,3.5,-1.29,初始止损,70.0
2016-09-22 10:05:00,2016-09-22 10:20:00,SHORT,19,8785.25,8789.25,-190.0,3.75,-1.33,初始止损,15.0
2016-09-23 09:30:00,2016-09-23 15:55:00,SHORT,19,8788.75,8766.5,807.5,3.75,5.67,收盘平仓,385.0
2016-09-26 09:30:00,2016-09-26 10:10:00,SHORT,21,8735.0,8735.0,-42.0,3.5,-0.29,保本止损,40.0
2016-09-27 09:35:00,2016-09-27 15:55:00,LONG,21,8736.75,8773.5,1501.5,3.5,10.21,收盘平仓,380.0
2016-09-29 09:40:00,2016-09-29 10:05:00,LONG,22,8774.5,8770.75,-209.0,3.5,-1.36,初始止损,25.0
2016-09-30 09:30:00,2016-09-30 09:35:00,LONG,22,8766.75,8763.25,-198.0,3.5,-1.29,初始止损,5.0
2016-10-03 09:40:00,2016-10-03 10:00:00,SHORT,22,8766.0,8769.5,-198.0,3.5,-1.29,初始止损,20.0
2016-10-04 09:30:00,2016-10-04 10:10:00,LONG,22,8791.0,8787.5,-198.0,3.5,-1.29,初始止损,40.0
2016-10-05 09:35:00,2016-10-05 10:45:00,LONG,22,8782.0,8782.0,-44.0,3.5,-0.29,保本止损,70.0
2016-10-06 09:30:00,2016-10-06 11:45:00,SHORT,22,8774.0,8774.0,-44.0,3.5,-0.29,保本止损,135.0
2016-10-07 09:40:00,2016-10-07 10:05:00,SHORT,22,8772.5,8776.0,-198.0,3.5,-1.29,初始止损,25.0
2016-10-10 09:30:00,2016-10-10 15:55:00,LONG,21,8798.0,8801.5,105.0,3.5,0.71,收盘平仓,385.0
2016-10-11 09:30:00,2016-10-11 15:55:00,SHORT,23,8790.5,8728.75,2794.5,3.25,18.69,收盘平仓,385.0
2016-10-12 09:30:00,2016-10-12 09:45:00,SHORT,22,8718.5,8722.5,-220.0,3.75,-1.33,初始止损,15.0
2016-10-13 09:35:00,2016-10-13 10:35:00,SHORT,24,8687.75,8687.75,-48.0,3.5,-0.29,保本止损,60.0
2016-10-14 09:30:00,2016-10-14 11:25:00,LONG,24,8734.75,8734.75,-48.0,3.5,-0.29,保本止损,115.0
2016-10-17 09:35:00,2016-10-17 09:40:00,SHORT,24,8702.0,8705.5,-216.0,3.5,-1.29,初始止损,5.0
2016-10-18 09:30:00,2016-10-18 09:45:00,SHORT,23,8754.25,8758.0,-218.5,3.5,-1.36,初始止损,15.0
2016-10-19 09:50:00,2016-10-19 09:55:00,LONG,23,8744.25,8740.75,-207.0,3.5,-1.29,初始止损,5.0
2016-10-20 09:35:00,2016-10-20 09:40:00,SHORT,23,8719.25,8722.75,-207.0,3.5,-1.29,初始止损,5.0
2016-10-21 09:30:00,2016-10-21 09:40:00,SHORT,25,8736.0,8736.0,-50.0,3.25,-0.31,保本止损,10.0
2016-10-24 09:30:00,2016-10-24 09:35:00,LONG,25,8792.5,8789.25,-212.5,3.25,-1.31,初始止损,5.0
2016-10-25 09:30:00,2016-10-25 09:35:00,SHORT,23,8812.0,8815.5,-207.0,3.5,-1.29,初始止损,5.0
2016-10-26 09:30:00,2016-10-26 09:40:00,SHORT,24,8765.0,8768.25,-204.0,3.25,-1.31,初始止损,10.0
2016-10-27 09:30:00,2016-10-27 15:55:00,SHORT,24,8786.25,8743.75,1992.0,3.25,12.77,收盘平仓,385.0
2016-10-28 09:30:00,2016-10-28 09:35:00,SHORT,24,8714.25,8717.75,-216.0,3.5,-1.29,初始止损,5.0
2016-10-31 09:30:00,2016-10-31 09:45:00,SHORT,24,8725.0,8728.5,-216.0,3.5,-1.29,初始止损,15.0
2016-11-01 09:30:00,2016-11-01 15:55:00,SHORT,26,8712.75,8671.5,2093.0,3.25,12.38,收盘平仓,385.0
2016-11-02 09:30:00,2016-11-02 09:35:00,SHORT,25,8664.5,8668.25,-237.5,3.5,-1.36,初始止损,5.0
2016-11-03 09:30:00,2016-11-03 09:40:00,LONG,25,8637.25,8633.75,-225.0,3.5,-1.29,初始止损,10.0
2016-11-04 09:35:00,2016-11-04 09:40:00,LONG,23,8592.75,8588.75,-230.0,3.75,-1.33,初始止损,5.0
2016-11-07 09:35:00,2016-11-07 15:55:00,LONG,23,8645.5,8681.5,1610.0,3.75,9.33,收盘平仓,380.0
2016-11-08 09:30:00,2016-11-08 09:40:00,SHORT,23,8672.5,8676.5,-230.0,4.0,-1.25,初始止损,10.0
2016-11-09 09:30:00,2016-11-09 09:35:00,LONG,23,8680.25,8676.25,-230.0,4.0,-1.25,初始止损,5.0
2016-11-10 09:30:00,2016-11-10 09:35:00,SHORT,21,8746.25,8750.75,-231.0,4.25,-1.29,初始止损,5.0
2016-11-11 09:30:00,2016-11-11 09:35:00,SHORT,18,8623.25,8628.25,-216.0,5.0,-1.2,初始止损,5.0
2016-11-14 09:30:00,2016-11-14 09:35:00,SHORT,19,8645.25,8650.0,-218.5,4.75,-1.21,初始止损,5.0
2016-11-15 09:35:00,2016-11-15 09:45:00,LONG,18,8657.5,8652.5,-216.0,5.0,-1.2,初始止损,10.0
2016-11-16 09:30:00,2016-11-16 15:55:00,LONG,17,8662.0,8702.25,1334.5,5.0,7.85,收盘平仓,385.0
2016-11-17 09:35:00,2016-11-17 09:40:00,SHORT,18,8698.5,8703.75,-225.0,5.0,-1.25,初始止损,5.0
2016-11-18 09:30:00,2016-11-18 09:35:00,LONG,19,8749.25,8744.25,-228.0,4.75,-1.26,初始止损,5.0
2016-11-21 09:30:00,2016-11-21 10:25:00,LONG,19,8735.75,8735.75,-38.0,4.75,-0.21,保本止损,55.0
2016-11-22 09:30:00,2016-11-22 09:35:00,LONG,19,8791.25,8786.5,-218.5,4.75,-1.21,初始止损,5.0
2016-11-23 09:30:00,2016-11-23 12:45:00,SHORT,20,8759.75,8759.75,-40.0,4.5,-0.22,保本止损,195.0
2016-11-25 09:30:00,2016-11-25 09:40:00,SHORT,21,8764.75,8769.0,-220.5,4.25,-1.24,初始止损,10.0
2016-11-28 09:40:00,2016-11-28 09:50:00,SHORT,22,8766.5,8770.75,-231.0,4.0,-1.31,初始止损,10.0
2016-11-29 09:30:00,2016-11-29 09:45:00,LONG,24,8773.5,8769.75,-228.0,3.75,-1.27,初始止损,15.0
2016-11-30 09:30:00,2016-11-30 09:35:00,SHORT,23,8781.25,8785.25,-230.0,3.75,-1.33,初始止损,5.0
2016-12-01 09:30:00,2016-12-01 10:05:00,SHORT,22,8711.0,8711.0,-44.0,4.0,-0.25,保本止损,35.0
2016-12-02 09:30:00,2016-12-02 09:45:00,LONG,22,8651.75,8651.75,-44.0,4.0,-0.25,保本止损,15.0
2016-12-05 09:30:00,2016-12-05 09:35:00,SHORT,22,8659.0,8663.0,-220.0,4.0,-1.25,初始止损,5.0
2016-12-06 09:30:00,2016-12-06 09:50:00,SHORT,21,8689.75,8694.0,-220.5,4.0,-1.31,初始止损,20.0
2016-12-07 09:30:00,2016-12-07 09:35:00,LONG,21,8691.75,8687.5,-220.5,4.0,-1.31,初始止损,5.0
2016-12-08 09:35:00,2016-12-08 09:40:00,LONG,21,8768.5,8764.5,-210.0,4.0,-1.25,初始止损,5.0
2016-12-09 09:35:00,2016-12-09 09:40:00,LONG,21,8796.75,8792.75,-210.0,4.0,-1.25,初始止损,5.0
2016-12-12 09:30:00,2016-12-12 09:50:00,SHORT,21,8783.0,8787.0,-210.0,4.0,-1.25,初始止损,20.0
2016-12-13 09:30:00,2016-12-13 15:55:00,LONG,22,8805.25,8847.25,1804.0,3.75,10.93,收盘平仓,385.0
2016-12-14 09:30:00,2016-12-14 09:35:00,LONG,22,8862.25,8858.25,-220.0,4.0,-1.25,初始止损,5.0
2016-12-15 09:30:00,2016-12-15 09:35:00,LONG,22,8852.5,8848.5,-220.0,4.0,-1.25,初始止损,5.0
2016-12-16 09:30:00,2016-12-16 09:35:00,LONG,22,8861.75,8857.75,-220.0,4.0,-1.25,初始止损,5.0
2016-12-19 09:30:00,2016-12-19 09:40:00,SHORT,22,8831.25,8835.25,-220.0,4.0,-1.25,初始止损,10.0
2016-12-20 09:30:00,2016-12-20 09:35:00,LONG,21,8866.25,8862.0,-220.5,4.0,-1.31,初始止损,5.0
2016-12-21 09:35:00,2016-12-21 12:10:00,SHORT,23,8864.25,8864.25,-46.0,3.75,-0.27,保本止损,155.0
2016-12-22 09:30:00,2016-12-22 10:00:00,SHORT,23,8855.0,8855.0,-46.0,3.75,-0.27,保本止损,30.0
2016-12-23 09:30:00,2016-12-23 10:40:00,LONG,24,8846.25,8842.75,-216.0,3.5,-1.29,初始止损,70.0
2016-12-27 09:30:00,2016-12-27 15:55:00,LONG,24,8866.75,8878.5,516.0,3.5,3.07,收盘平仓,385.0
2016-12-28 09:35:00,2016-12-28 15:55:00,SHORT,24,8881.0,8837.25,2052.0,3.5,12.21,收盘平仓,380.0
2016-12-29 09:30:00,2016-12-29 09:40:00,LONG,26,8841.0,8837.5,-234.0,3.5,-1.29,初始止损,10.0
2016-12-30 09:30:00,2016-12-30 09:35:00,SHORT,26,8827.0,8830.5,-234.0,3.5,-1.29,初始止损,5.0
2017-01-03 09:35:00,2017-01-03 09:40:00,SHORT,26,8801.75,8805.25,-234.0,3.5,-1.29,初始止损,5.0
2017-01-04 09:30:00,2017-01-04 09:35:00,LONG,24,8841.75,8838.0,-228.0,3.75,-1.27,初始止损,5.0
2017-01-05 09:30:00,2017-01-05 11:05:00,LONG,25,8854.5,8854.5,-50.0,3.5,-0.29,保本止损,95.0
2017-01-06 09:30:00,2017-01-06 09:40:00,SHORT,25,8872.0,8875.5,-225.0,3.5,-1.29,初始止损,10.0
2017-01-09 09:30:00,2017-01-09 09:40:00,LONG,23,8926.0,8922.0,-230.0,3.75,-1.33,初始止损,10.0
2017-01-10 09:30:00,2017-01-10 09:35:00,LONG,25,8937.75,8934.25,-225.0,3.5,-1.29,初始止损,5.0
2017-01-12 09:30:00,2017-01-12 13:00:00,SHORT,25,8936.5,8936.5,-50.0,3.5,-0.29,保本止损,210.0
2017-01-13 09:30:00,2017-01-13 10:00:00,LONG,25,8960.75,8960.75,-50.0,3.5,-0.29,保本止损,30.0
2017-01-16 09:50:00,2017-01-16 12:55:00,SHORT,27,8964.0,8963.0,0.0,3.25,0.0,收盘平仓,185.0
2017-01-17 09:30:00,2017-01-17 09:55:00,SHORT,27,8951.0,8951.0,-54.0,3.25,-0.31,保本止损,25.0
2017-01-18 09:30:00,2017-01-18 09:35:00,SHORT,29,8953.0,8956.0,-232.0,3.0,-1.33,初始止损,5.0
2017-01-19 09:30:00,2017-01-19 10:15:00,LONG,29,8973.5,8973.5,-58.0,3.0,-0.33,保本止损,45.0
2017-01-20 09:30:00,2017-01-20 09:40:00,LONG,29,8988.75,8985.75,-232.0,3.0,-1.33,初始止损,10.0
2017-01-23 09:30:00,2017-01-23 09:50:00,LONG,28,8974.0,8971.0,-224.0,3.0,-1.33,初始止损,20.0
2017-01-24 09:30:00,2017-01-24 09:40:00,LONG,28,8988.25,8985.25,-224.0,3.0,-1.33,初始止损,10.0
2017-01-25 09:35:00,2017-01-25 09:40:00,LONG,28,9042.25,9039.25,-224.0,3.0,-1.33,初始止损,5.0
2017-01-26 09:30:00,2017-01-26 09:35:00,LONG,28,9074.0,9071.0,-224.0,3.0,-1.33,初始止损,5.0
2017-01-27 09:40:00,2017-01-27 10:40:00,SHORT,27,9067.5,9070.5,-216.0,3.0,-1.33,初始止损,60.0
2017-01-30 09:30:00,2017-01-30 15:55:00,SHORT,30,9048.0,9036.25,645.0,2.75,3.91,收盘平仓,385.0
2017-01-31 09:40:00,2017-01-31 09:45:00,SHORT,28,9014.0,9017.0,-224.0,3.0,-1.33,初始止损,5.0
2017-02-01 09:30:00,2017-02-01 09:45:00,LONG,28,9065.25,9062.25,-224.0,3.0,-1.33,初始止损,15.0
2017-02-02 09:30:00,2017-02-02 09:35:00,SHORT,27,9041.25,9044.25,-216.0,3.0,-1.33,初始止损,5.0
2017-02-03 09:30:00,2017-02-03 09:35:00,LONG,27,9061.75,9058.75,-216.0,3.0,-1.33,初始止损,5.0
2017-02-06 09:35:00,2017-02-06 09:40:00,LONG,29,9063.75,9061.0,-217.5,2.75,-1.36,初始止损,5.0
2017-02-07 09:35:00,2017-02-07 09:40:00,LONG,29,9089.75,9087.0,-217.5,2.75,-1.36,初始止损,5.0
2017-02-08 09:40:00,2017-02-08 10:00:00,SHORT,29,9083.75,9086.5,-217.5,2.75,-1.36,初始止损,20.0
2017-02-09 09:30:00,2017-02-09 10:10:00,LONG,29,9111.0,9108.25,-217.5,2.75,-1.36,初始止损,40.0
2017-02-10 09:35:00,2017-02-10 09:40:00,SHORT,29,9129.25,9132.0,-217.5,2.75,-1.36,初始止损,5.0
2017-02-13 09:30:00,2017-02-13 15:55:00,LONG,31,9154.75,9167.25,713.0,2.5,4.6,收盘平仓,385.0
2017-02-14 09:30:00,2017-02-14 09:40:00,SHORT,29,9166.5,9169.25,-217.5,2.75,-1.36,初始止损,10.0
2017-02-15 09:30:00,2017-02-15 15:55:00,LONG,32,9183.75,9216.25,2016.0,2.5,12.6,收盘平仓,385.0
2017-02-16 09:30:00,2017-02-16 09:45:00,LONG,31,9223.0,9220.25,-232.5,2.75,-1.36,初始止损,15.0
2017-02-17 09:35:00,2017-02-17 11:20:00,LONG,34,9212.25,9212.25,-68.0,2.5,-0.4,保本止损,105.0
2017-02-20 09:40:00,2017-02-20 09:55:00,SHORT,34,9242.25,9244.75,-238.0,2.5,-1.4,初始止损,15.0
2017-02-21 09:45:00,2017-02-21 11:20:00,LONG,34,9255.75,9255.75,-68.0,2.5,-0.4,保本止损,95.0
2017-02-22 09:30:00,2017-02-22 09:35:00,LONG,33,9258.75,9256.25,-231.0,2.5,-1.4,初始止损,5.0
2017-02-23 09:30:00,2017-02-23 15:55:00,SHORT,33,9267.75,9245.25,1419.0,2.5,8.6,收盘平仓,385.0
2017-02-24 09:35:00,2017-02-24 10:10:00,LONG,35,9225.25,9225.25,-70.0,2.5,-0.4,保本止损,35.0
2017-02-27 09:30:00,2017-02-27 09:35:00,SHORT,35,9240.5,9243.0,-245.0,2.5,-1.4,初始止损,5.0
2017-02-28 09:30:00,2017-02-28 11:25:00,SHORT,34,9258.0,9258.0,-68.0,2.5,-0.4,保本止损,115.0
2017-03-01 09:30:00,2017-03-01 09:35:00,SHORT,34,9273.25,9275.75,-238.0,2.5,-1.4,初始止损,5.0
2017-03-02 09:30:00,2017-03-02 09:35:00,SHORT,31,9295.75,9298.5,-232.5,2.75,-1.36,初始止损,5.0
2017-03-03 09:35:00,2017-03-03 09:50:00,LONG,31,9274.75,9272.0,-232.5,2.75,-1.36,初始止损,15.0
2017-03-06 09:40:00,2017-03-06 09:50:00,SHORT,34,9261.0,9263.5,-238.0,2.5,-1.4,初始止损,10.0
2017-03-07 09:30:00,2017-03-07 09:35:00,LONG,33,9268.5,9266.0,-231.0,2.5,-1.4,初始止损,5.0
2017-03-08 09:35:00,2017-03-08 11:45:00,LONG,33,9268.5,9268.5,-66.0,2.5,-0.4,保本止损,130.0
2017-03-09 09:30:00,2017-03-09 09:35:00,SHORT,33,9263.25,9265.75,-231.0,2.5,-1.4,初始止损,5.0
2017-03-10 09:40:00,2017-03-10 09:45:00,SHORT,33,9294.75,9297.25,-231.0,2.5,-1.4,初始止损,5.0
2017-03-13 09:30:00,2017-03-13 09:55:00,LONG,32,9301.25,9298.75,-224.0,2.5,-1.4,初始止损,25.0
2017-03-14 09:50:00,2017-03-14 11:50:00,SHORT,32,9290.25,9290.25,-64.0,2.5,-0.4,保本止损,120.0
2017-03-15 09:30:00,2017-03-15 12:05:00,SHORT,32,9301.0,9301.0,-64.0,2.5,-0.4,保本止损,155.0
2017-03-16 09:35:00,2017-03-16 09:40:00,SHORT,32,9332.25,9334.75,-224.0,2.5,-1.4,初始止损,5.0
2017-03-20 09:40:00,2017-03-20 13:40:00,LONG,32,9320.0,9320.0,-64.0,2.5,-0.4,保本止损,240.0
2017-03-21 09:30:00,2017-03-21 09:45:00,LONG,32,9347.0,9344.5,-224.0,2.5,-1.4,初始止损,15.0
2017-03-22 09:30:00,2017-03-22 09:40:00,LONG,28,9254.0,9254.0,-56.0,2.75,-0.36,保本止损,10.0
2017-03-23 09:30:00,2017-03-23 09:35:00,SHORT,26,9269.0,9272.0,-208.0,3.0,-1.33,初始止损,5.0
2017-03-24 09:30:00,2017-03-24 12:20:00,LONG,28,9287.25,9287.25,-56.0,2.75,-0.36,保本止损,170.0
2017-03-27 09:35:00,2017-03-27 09:45:00,SHORT,26,9234.75,9237.75,-208.0,3.0,-1.33,初始止损,10.0
2017-03-28 09:30:00,2017-03-28 09:45:00,LONG,26,9289.0,9286.0,-208.0,3.0,-1.33,初始止损,15.0
2017-03-29 09:30:00,2017-03-29 09:35:00,SHORT,23,9319.5,9322.75,-195.5,3.25,-1.31,初始止损,5.0
2017-03-30 09:40:00,2017-03-30 09:45:00,LONG,25,9346.0,9343.0,-200.0,3.0,-1.33,初始止损,5.0
2017-03-31 09:30:00,2017-03-31 09:35:00,SHORT,25,9340.25,9343.25,-200.0,3.0,-1.33,初始止损,5.0
2017-04-03 09:30:00,2017-04-03 10:05:00,LONG,25,9356.5,9353.5,-200.0,3.0,-1.33,初始止损,35.0
2017-04-04 09:30:00,2017-04-04 10:00:00,LONG,24,9331.5,9331.5,-48.0,3.0,-0.33,保本止损,30.0
2017-04-05 09:40:00,2017-04-05 14:50:00,LONG,24,9362.75,9362.75,-48.0,3.0,-0.33,保本止损,310.0
2017-04-06 09:30:00,2017-04-06 09:35:00,SHORT,24,9332.5,9335.5,-192.0,3.0,-1.33,初始止损,5.0
2017-04-07 09:35:00,2017-04-07 09:40:00,LONG,24,9336.25,9333.25,-192.0,3.0,-1.33,初始止损,5.0
2017-04-10 09:30:00,2017-04-10 10:55:00,LONG,24,9340.5,9340.5,-48.0,3.0,-0.33,保本止损,85.0
2017-04-11 09:30:00,2017-04-11 09:35:00,LONG,24,9330.75,9327.75,-192.0,3.0,-1.33,初始止损,5.0
2017-04-12 09:30:00,2017-04-12 09:35:00,SHORT,22,9300.5,9303.75,-187.0,3.25,-1.31,初始止损,5.0
2017-04-13 09:30:00,2017-04-13 09:35:00,LONG,24,9281.0,9278.0,-192.0,3.0,-1.33,初始止损,5.0
2017-04-17 09:30:00,2017-04-17 09:35:00,LONG,23,9285.75,9282.75,-184.0,3.0,-1.33,初始止损,5.0
2017-04-18 09:30:00,2017-04-18 09:35:00,LONG,21,9297.5,9294.0,-189.0,3.25,-1.38,初始止损,5.0
2017-04-19 09:30:00,2017-04-19 12:10:00,LONG,23,9325.75,9325.75,-46.0,3.0,-0.33,保本止损,160.0
2017-04-20 09:30:00,2017-04-20 09:40:00,LONG,23,9334.0,9331.0,-184.0,3.0,-1.33,初始止损,10.0
2017-04-21 09:30:00,2017-04-21 09:35:00,SHORT,21,9348.0,9351.25,-178.5,3.25,-1.31,初始止损,5.0
2017-04-24 09:30:00,2017-04-24 09:35:00,SHORT,23,9405.75,9408.75,-184.0,3.0,-1.33,初始止损,5.0
2017-04-25 10:00:00,2017-04-25 15:55:00,LONG,21,9438.5,9456.75,724.5,3.25,5.31,收盘平仓,355.0
2017-04-26 09:30:00,2017-04-26 09:35:00,LONG,21,9468.75,9465.25,-189.0,3.25,-1.38,初始止损,5.0
2017-04-27 09:40:00,2017-04-27 10:50:00,LONG,21,9464.25,9464.25,-42.0,3.25,-0.31,保本止损,70.0
2017-04-28 09:50:00,2017-04-28 10:40:00,SHORT,23,9489.25,9492.25,-184.0,3.0,-1.33,初始止损,50.0
2017-05-01 09:40:00,2017-05-01 10:10:00,LONG,23,9513.75,9510.75,-184.0,3.0,-1.33,初始止损,30.0
2017-05-02 09:30:00,2017-05-02 11:00:00,SHORT,23,9544.0,9544.0,-46.0,3.0,-0.33,保本止损,90.0
2017-05-03 09:30:00,2017-05-03 10:30:00,SHORT,23,9530.75,9530.75,-46.0,3.0,-0.33,保本止损,60.0
2017-05-04 09:30:00,2017-05-04 10:10:00,SHORT,22,9526.25,9526.25,-44.0,3.0,-0.33,保本止损,40.0
2017-05-05 09:35:00,2017-05-05 14:00:00,SHORT,22,9542.75,9542.75,-44.0,3.0,-0.33,保本止损,265.0
2017-05-08 09:30:00,2017-05-08 09:35:00,LONG,24,9558.5,9555.75,-180.0,2.75,-1.36,初始止损,5.0
2017-05-09 09:30:00,2017-05-09 13:25:00,LONG,24,9576.5,9576.5,-48.0,2.75,-0.36,保本止损,235.0
2017-05-10 09:30:00,2017-05-10 11:25:00,SHORT,24,9582.25,9582.25,-48.0,2.75,-0.36,保本止损,115.0
2017-05-11 09:30:00,2017-05-11 09:35:00,LONG,24,9573.5,9570.75,-180.0,2.75,-1.36,初始止损,5.0
2017-05-12 09:30:00,2017-05-12 09:35:00,LONG,24,9588.5,9585.75,-180.0,2.75,-1.36,初始止损,5.0
2017-05-15 09:30:00,2017-05-15 12:25:00,LONG,26,9600.0,9600.0,-52.0,2.5,-0.4,保本止损,175.0
2017-05-16 09:35:00,2017-05-16 09:45:00,SHORT,26,9619.0,9621.5,-182.0,2.5,-1.4,初始止损,10.0
2017-05-17 09:35:00,2017-05-17 09:40:00,LONG,26,9598.0,9595.5,-182.0,2.5,-1.4,初始止损,5.0
2017-05-18 09:30:00,2017-05-18 09:35:00,LONG,21,9500.5,9497.5,-168.0,3.0,-1.33,初始止损,5.0
2017-05-19 09:35:00,2017-05-19 09:40:00,LONG,19,9571.0,9567.5,-171.0,3.25,-1.38,初始止损,5.0
2017-05-22 09:30:00,2017-05-22 15:55:00,LONG,19,9585.5,9610.25,902.5,3.25,7.31,收盘平仓,385.0
2017-05-23 09:30:00,2017-05-23 09:35:00,SHORT,20,9620.0,9623.25,-170.0,3.25,-1.31,初始止损,5.0
2017-05-24 09:35:00,2017-05-24 09:40:00,SHORT,20,9622.0,9625.25,-170.0,3.25,-1.31,初始止损,5.0
2017-05-25 09:30:00,2017-05-25 09:35:00,SHORT,20,9654.5,9657.75,-170.0,3.25,-1.31,初始止损,5.0
2017-05-26 09:30:00,2017-05-26 09:35:00,SHORT,20,9687.0,9690.25,-170.0,3.25,-1.31,初始止损,5.0
2017-05-29 09:40:00,2017-05-29 12:55:00,SHORT,20,9708.0,9705.25,70.0,3.25,0.54,收盘平仓,195.0
2017-05-30 09:30:00,2017-05-30 10:15:00,LONG,21,9701.25,9701.25,-42.0,3.0,-0.33,保本止损,45.0
2017-05-31 09:30:00,2017-05-31 15:55:00,SHORT,23,9721.5,9701.5,874.0,2.75,6.91,收盘平仓,385.0
2017-06-01 09:40:00,2017-06-01 09:50:00,LONG,22,9717.25,9714.25,-176.0,3.0,-1.33,初始止损,10.0
2017-06-02 09:35:00,2017-06-02 09:45:00,SHORT,22,9741.0,9744.0,-176.0,3.0,-1.33,初始止损,10.0
2017-06-05 09:30:00,2017-06-05 09:35:00,SHORT,22,9784.0,9787.0,-176.0,3.0,-1.33,初始止损,5.0
2017-06-06 09:35:00,2017-06-06 09:40:00,LONG,22,9788.0,9785.0,-176.0,3.0,-1.33,初始止损,5.0
2017-06-07 09:30:00,2017-06-07 09:50:00,LONG,21,9785.25,9782.0,-178.5,3.0,-1.42,初始止损,20.0
2017-06-08 09:30:00,2017-06-08 15:50:00,SHORT,21,9797.75,9797.75,-42.0,3.0,-0.33,保本止损,380.0
2017-06-09 09:35:00,2017-06-09 09:40:00,SHORT,21,9790.25,9793.25,-168.0,3.0,-1.33,初始止损,5.0
2017-06-12 09:30:00,2017-06-12 09:35:00,SHORT,16,9597.25,9601.25,-160.0,4.0,-1.25,初始止损,5.0
2017-06-13 09:30:00,2017-06-13 09:35:00,LONG,15,9654.75,9650.5,-157.5,4.25,-1.24,初始止损,5.0
2017-06-14 09:30:00,2017-06-14 09:45:00,SHORT,14,9676.75,9676.75,-28.0,4.25,-0.24,保本止损,15.0
2017-06-15 09:30:00,2017-06-15 09:35:00,SHORT,14,9577.0,9581.5,-154.0,4.5,-1.22,初始止损,5.0
2017-06-16 09:30:00,2017-06-16 09:50:00,SHORT,13,9593.25,9598.0,-149.5,4.75,-1.21,初始止损,20.0
2017-06-19 09:30:00,2017-06-19 09:35:00,SHORT,13,9632.5,9637.25,-149.5,4.5,-1.28,初始止损,5.0
2017-06-20 09:30:00,2017-06-20 09:35:00,SHORT,13,9661.75,9666.5,-149.5,4.75,-1.21,初始止损,5.0
2017-06-21 09:35:00,2017-06-21 09:40:00,LONG,12,9654.75,9649.5,-150.0,4.75,-1.32,初始止损,5.0
2017-06-22 09:30:00,2017-06-22 10:40:00,SHORT,12,9690.75,9690.75,-24.0,4.75,-0.21,保本止损,70.0
2017-06-23 09:30:00,2017-06-23 10:10:00,SHORT,13,9679.5,9679.5,-26.0,4.5,-0.22,保本止损,40.0
2017-06-26 09:30:00,2017-06-26 09:40:00,LONG,13,9750.0,9745.25,-149.5,4.5,-1.28,初始止损,10.0
2017-06-27 09:30:00,2017-06-27 09:35:00,SHORT,12,9645.5,9650.5,-144.0,4.75,-1.26,初始止损,5.0
2017-06-28 09:35:00,2017-06-28 09:40:00,SHORT,12,9582.25,9587.25,-144.0,4.75,-1.26,初始止损,5.0
2017-06-29 09:30:00,2017-06-29 15:55:00,SHORT,11,9617.75,9558.25,1287.0,5.0,11.7,收盘平仓,385.0
2017-06-30 09:35:00,2017-06-30 09:40:00,LONG,11,9586.5,9580.75,-148.5,5.5,-1.23,初始止损,5.0
2017-07-03 09:35:00,2017-07-03 09:45:00,SHORT,11,9573.25,9579.0,-148.5,5.5,-1.23,初始止损,10.0
2017-07-04 09:40:00,2017-07-04 10:10:00,LONG,11,9513.5,9507.75,-148.5,5.5,-1.23,初始止损,30.0
2017-07-05 09:35:00,2017-07-05 09:40:00,LONG,11,9529.5,9523.75,-148.5,5.5,-1.23,初始止损,5.0
2017-07-06 09:30:00,2017-07-06 09:35:00,LONG,11,9518.25,9512.5,-148.5,5.5,-1.23,初始止损,5.0
2017-07-07 09:30:00,2017-07-07 09:40:00,LONG,11,9530.75,9525.25,-143.0,5.5,-1.18,初始止损,10.0
2017-07-10 09:30:00,2017-07-10 09:45:00,LONG,11,9574.25,9568.75,-143.0,5.5,-1.18,初始止损,15.0
2017-07-11 09:45:00,2017-07-11 11:20:00,LONG,11,9593.5,9593.5,-22.0,5.5,-0.18,保本止损,95.0
2017-07-12 09:35:00,2017-07-12 09:40:00,SHORT,11,9660.5,9666.0,-143.0,5.5,-1.18,初始止损,5.0
2017-07-13 09:45:00,2017-07-13 10:15:00,LONG,10,9698.75,9692.75,-140.0,5.5,-1.27,初始止损,30.0
2017-07-14 09:30:00,2017-07-14 09:35:00,SHORT,11,9716.0,9721.5,-143.0,5.25,-1.24,初始止损,5.0
2017-07-17 09:40:00,2017-07-17 10:35:00,LONG,11,9752.0,9746.5,-143.0,5.0,-1.3,初始止损,55.0
2017-07-18 09:30:00,2017-07-18 09:40:00,SHORT,11,9725.25,9730.5,-137.5,5.0,-1.25,初始止损,10.0
2017-07-19 09:35:00,2017-07-19 09:40:00,LONG,11,9815.0,9809.75,-137.5,5.0,-1.25,初始止损,5.0
2017-07-20 09:30:00,2017-07-20 11:15:00,SHORT,12,9828.75,9828.75,-24.0,4.75,-0.21,保本止损,105.0
2017-07-24 09:30:00,2017-07-24 09:35:00,LONG,12,9824.5,9819.75,-138.0,4.5,-1.28,初始止损,5.0
2017-07-25 09:35:00,2017-07-25 09:40:00,SHORT,13,9824.0,9828.5,-143.0,4.25,-1.29,初始止损,5.0
2017-07-26 10:05:00,2017-07-26 10:10:00,LONG,13,9855.25,9850.75,-143.0,4.25,-1.29,初始止损,5.0
2017-07-27 09:30:00,2017-07-27 10:30:00,SHORT,14,9890.0,9890.0,-28.0,4.0,-0.25,保本止损,60.0
2017-07-28 09:30:00,2017-07-28 09:35:00,SHORT,12,9773.75,9778.5,-138.0,4.5,-1.28,初始止损,5.0
2017-07-31 09:30:00,2017-07-31 09:45:00,LONG,12,9831.25,9826.5,-138.0,4.5,-1.28,初始止损,15.0
2017-08-01 09:30:00,2017-08-01 09:35:00,SHORT,12,9797.25,9802.0,-138.0,4.5,-1.28,初始止损,5.0
2017-08-02 09:30:00,2017-08-02 09:35:00,SHORT,13,9830.75,9835.0,-136.5,4.25,-1.24,初始止损,5.0
2017-08-03 09:30:00,2017-08-03 15:55:00,SHORT,12,9815.5,9791.75,546.0,4.5,5.06,收盘平仓,385.0
2017-08-04 09:40:00,2017-08-04 09:55:00,LONG,13,9806.0,9801.75,-136.5,4.25,-1.24,初始止损,15.0
2017-08-07 09:35:00,2017-08-07 09:40:00,SHORT,13,9807.0,9811.25,-136.5,4.25,-1.24,初始止损,5.0
2017-08-08 09:35:00,2017-08-08 09:40:00,SHORT,13,9817.0,9821.25,-136.5,4.25,-1.24,初始止损,5.0
2017-08-09 09:40:00,2017-08-09 09:45:00,SHORT,13,9772.75,9777.0,-136.5,4.25,-1.24,初始止损,5.0
2017-08-10 09:35:00,2017-08-10 15:55:00,SHORT,12,9782.0,9691.0,2160.0,4.25,21.18,收盘平仓,380.0
2017-08-11 09:30:00,2017-08-11 09:35:00,LONG,12,9710.25,9705.25,-144.0,4.75,-1.26,初始止损,5.0
2017-08-14 09:30:00,2017-08-14 09:50:00,LONG,12,9789.25,9784.25,-144.0,4.75,-1.26,初始止损,20.0
2017-08-15 09:35:00,2017-08-15 11:40:00,SHORT,12,9819.0,9819.0,-24.0,4.75,-0.21,保本止损,125.0
2017-08-16 09:35:00,2017-08-16 10:25:00,SHORT,13,9819.0,9823.75,-149.5,4.5,-1.28,初始止损,50.0
2017-08-17 09:40:00,2017-08-17 09:55:00,LONG,13,9805.25,9800.75,-143.0,4.5,-1.22,初始止损,15.0
2017-08-18 09:35:00,2017-08-18 09:40:00,SHORT,12,9698.0,9703.0,-144.0,4.75,-1.26,初始止损,5.0
2017-08-21 09:30:00,2017-08-21 09:35:00,SHORT,12,9695.5,9700.5,-144.0,4.75,-1.26,初始止损,5.0
2017-08-22 09:30:00,2017-08-22 15:55:00,LONG,12,9727.75,9777.75,1176.0,4.75,10.32,收盘平仓,385.0
2017-08-23 09:30:00,2017-08-23 09:35:00,SHORT,12,9746.75,9752.0,-150.0,5.0,-1.25,初始止损,5.0
2017-08-24 09:35:00,2017-08-24 15:55:00,SHORT,13,9763.0,9739.0,598.0,4.75,4.84,收盘平仓,380.0
2017-08-25 09:30:00,2017-08-25 09:50:00,SHORT,13,9758.25,9763.25,-156.0,4.75,-1.26,初始止损,20.0
2017-08-28 09:30:00,2017-08-28 09:45:00,SHORT,13,9735.5,9740.25,-149.5,4.75,-1.21,初始止损,15.0
2017-08-29 09:30:00,2017-08-29 15:55:00,LONG,13,9710.0,9767.5,1469.0,4.5,12.56,收盘平仓,385.0
2017-08-30 09:35:00,2017-08-30 15:55:00,LONG,14,9784.25,9836.75,1442.0,4.75,10.84,收盘平仓,380.0
2017-08-31 09:30:00,2017-08-31 15:55:00,LONG,15,9858.25,9893.5,1027.5,4.75,7.21,收盘平仓,385.0
2017-09-01 09:35:00,2017-09-01 09:45:00,SHORT,15,9901.25,9906.25,-180.0,4.75,-1.26,初始止损,10.0
2017-09-04 10:00:00,2017-09-04 12:55:00,LONG,15,9871.25,9881.25,270.0,4.75,1.89,收盘平仓,175.0
2017-09-05 09:35:00,2017-09-05 09:45:00,SHORT,16,9860.75,9865.5,-184.0,4.5,-1.28,初始止损,10.0
2017-09-06 09:30:00,2017-09-06 10:05:00,SHORT,15,9850.0,9855.0,-180.0,4.75,-1.26,初始止损,35.0
2017-09-07 09:30:00,2017-09-07 09:35:00,SHORT,15,9856.5,9861.5,-180.0,4.75,-1.26,初始止损,5.0
2017-09-08 09:35:00,2017-09-08 15:55:00,SHORT,16,9855.25,9816.5,1208.0,4.5,8.39,收盘平仓,380.0
2017-09-11 09:30:00,2017-09-11 11:20:00,LONG,17,9869.25,9869.25,-34.0,4.5,-0.22,保本止损,110.0
2017-09-12 09:45:00,2017-09-12 13:00:00,SHORT,17,9887.75,9892.25,-187.0,4.5,-1.22,初始止损,195.0
2017-09-13 09:45:00,2017-09-13 09:50:00,SHORT,16,9879.5,9884.25,-184.0,4.5,-1.28,初始止损,5.0
2017-09-14 09:30:00,2017-09-14 09:45:00,SHORT,17,9873.0,9877.5,-187.0,4.25,-1.29,初始止损,15.0
2017-09-15 10:00:00,2017-09-15 10:05:00,LONG,17,9872.5,9868.0,-187.0,4.25,-1.29,初始止损,5.0
2017-09-18 09:35:00,2017-09-18 14:10:00,LONG,17,9900.5,9896.0,-187.0,4.25,-1.29,初始止损,275.0
2017-09-19 09:35:00,2017-09-19 10:05:00,SHORT,17,9879.25,9883.5,-178.5,4.25,-1.24,初始止损,30.0
2017-09-20 09:30:00,2017-09-20 09:35:00,SHORT,18,9883.5,9887.5,-180.0,4.0,-1.25,初始止损,5.0
2017-09-21 09:30:00,2017-09-21 15:55:00,SHORT,17,9862.0,9835.0,884.0,4.25,6.12,收盘平仓,385.0
2017-09-22 09:30:00,2017-09-22 09:55:00,LONG,17,9826.5,9822.0,-187.0,4.25,-1.29,初始止损,25.0
2017-09-25 09:30:00,2017-09-25 09:50:00,SHORT,18,9797.75,9797.75,-36.0,4.0,-0.25,保本止损,20.0
2017-09-26 09:30:00,2017-09-26 09:50:00,LONG,17,9800.0,9795.5,-187.0,4.25,-1.29,初始止损,20.0
2017-09-27 09:30:00,2017-09-27 10:05:00,LONG,17,9821.0,9816.75,-178.5,4.25,-1.24,初始止损,35.0
2017-09-28 09:30:00,2017-09-28 09:35:00,LONG,17,9824.25,9820.0,-178.5,4.25,-1.24,初始止损,5.0
2017-09-29 09:30:00,2017-09-29 09:45:00,LONG,17,9849.0,9844.75,-178.5,4.25,-1.24,初始止损,15.0
2017-10-02 09:30:00,2017-10-02 09:45:00,LONG,18,9889.75,9885.75,-180.0,4.0,-1.25,初始止损,15.0
2017-10-03 09:35:00,2017-10-03 09:40:00,LONG,18,9893.75,9889.75,-180.0,4.0,-1.25,初始止损,5.0
2017-10-04 09:30:00,2017-10-04 09:40:00,LONG,17,9884.5,9880.25,-178.5,4.0,-1.31,初始止损,10.0
2017-10-05 09:30:00,2017-10-05 09:35:00,LONG,18,9931.75,9927.75,-180.0,3.75,-1.33,初始止损,5.0
2017-10-06 09:30:00,2017-10-06 10:55:00,LONG,17,9939.75,9939.75,-34.0,4.0,-0.25,保本止损,85.0
2017-10-09 09:30:00,2017-10-09 09:55:00,SHORT,18,9969.0,9973.0,-180.0,3.75,-1.33,初始止损,25.0
2017-10-10 09:35:00,2017-10-10 09:45:00,LONG,18,9980.0,9976.0,-180.0,3.75,-1.33,初始止损,10.0
2017-10-11 09:35:00,2017-10-11 09:40:00,SHORT,18,9954.75,9958.5,-171.0,3.75,-1.27,初始止损,5.0
2017-10-12 09:30:00,2017-10-12 09:40:00,LONG,19,9973.75,9970.25,-171.0,3.5,-1.29,初始止损,10.0
2017-10-13 09:35:00,2017-10-13 09:45:00,SHORT,19,9987.25,9990.75,-171.0,3.5,-1.29,初始止损,10.0
2017-10-16 09:30:00,2017-10-16 10:15:00,LONG,19,10009.75,10006.25,-171.0,3.5,-1.29,初始止损,45.0
2017-10-17 09:40:00,2017-10-17 10:00:00,SHORT,20,10006.0,10009.25,-170.0,3.25,-1.31,初始止损,20.0
2017-10-18 09:30:00,2017-10-18 15:55:00,SHORT,20,10023.0,10011.75,410.0,3.25,3.15,收盘平仓,385.0
2017-10-19 09:30:00,2017-10-19 10:50:00,SHORT,22,9973.5,9973.5,-44.0,3.0,-0.33,保本止损,80.0
2017-10-23 09:30:00,2017-10-23 09:35:00,SHORT,22,10012.25,10015.25,-176.0,3.0,-1.33,初始止损,5.0
2017-10-24 09:35:00,2017-10-24 09:50:00,SHORT,20,9962.75,9962.75,-40.0,3.25,-0.31,保本止损,15.0
2017-10-25 09:30:00,2017-10-25 09:50:00,LONG,20,9971.25,9971.25,-40.0,3.25,-0.31,保本止损,20.0
2017-10-26 10:00:00,2017-10-26 10:30:00,SHORT,20,9946.0,9946.0,-40.0,3.25,-0.31,保本止损,30.0
2017-10-27 09:35:00,2017-10-27 09:40:00,SHORT,20,10024.25,10027.5,-170.0,3.25,-1.31,初始止损,5.0
2017-10-30 09:30:00,2017-10-30 11:35:00,LONG,16,10112.75,10112.75,-32.0,4.0,-0.25,保本止损,125.0
2017-10-31 09:30:00,2017-10-31 09:40:00,SHORT,16,10133.5,10137.75,-168.0,4.0,-1.31,初始止损,10.0
2017-11-01 09:40:00,2017-11-01 09:45:00,SHORT,16,10164.25,10168.25,-160.0,4.0,-1.25,初始止损,5.0
2017-11-02 09:30:00,2017-11-02 09:45:00,SHORT,16,10125.75,10129.75,-160.0,4.0,-1.25,初始止损,15.0
2017-11-03 09:30:00,2017-11-03 10:55:00,SHORT,16,10149.0,10149.0,-32.0,4.0,-0.25,保本止损,85.0
2017-11-06 09:30:00,2017-11-06 11:10:00,LONG,16,10195.75,10195.75,-32.0,4.0,-0.25,保本止损,100.0
2017-11-07 09:30:00,2017-11-07 10:00:00,LONG,17,10212.5,10208.75,-161.5,3.75,-1.27,初始止损,30.0
2017-11-08 09:35:00,2017-11-08 09:40:00,SHORT,17,10208.25,10212.0,-161.5,3.75,-1.27,初始止损,5.0
2017-11-09 09:40:00,2017-11-09 09:45:00,SHORT,16,10174.25,10178.25,-160.0,3.75,-1.33,初始止损,5.0
2017-11-10 09:35:00,2017-11-10 09:45:00,LONG,15,10198.75,10194.5,-157.5,4.0,-1.31,初始止损,10.0
2017-11-13 09:30:00,2017-11-13 09:35:00,LONG,16,10187.5,10183.5,-160.0,3.75,-1.33,初始止损,5.0
2017-11-14 09:35:00,2017-11-14 09:40:00,SHORT,16,10181.75,10185.75,-160.0,3.75,-1.33,初始止损,5.0
2017-11-15 09:30:00,2017-11-15 10:15:00,SHORT,16,10154.0,10154.0,-32.0,3.75,-0.27,保本止损,45.0
2017-11-16 09:30:00,2017-11-16 09:45:00,LONG,16,10203.0,10199.25,-152.0,3.75,-1.27,初始止损,15.0
2017-11-17 09:35:00,2017-11-17 12:25:00,SHORT,15,10233.5,10233.5,-30.0,4.0,-0.25,保本止损,170.0
2017-11-20 09:35:00,2017-11-20 09:50:00,LONG,15,10222.25,10218.25,-150.0,4.0,-1.25,初始止损,15.0
2017-11-21 09:30:00,2017-11-21 15:55:00,LONG,16,10244.25,10276.75,1008.0,3.75,8.4,收盘平仓,385.0
2017-11-22 09:30:00,2017-11-22 09:35:00,LONG,15,10287.75,10283.5,-157.5,4.0,-1.31,初始止损,5.0
2017-11-23 09:35:00,2017-11-23 12:55:00,SHORT,16,10283.75,10280.25,80.0,3.75,0.67,收盘平仓,200.0
2017-11-24 09:30:00,2017-11-24 09:35:00,SHORT,18,10289.25,10292.75,-162.0,3.5,-1.29,初始止损,5.0
2017-11-27 09:40:00,2017-11-27 11:10:00,LONG,17,10309.25,10305.5,-161.5,3.5,-1.36,初始止损,90.0
2017-11-28 09:35:00,2017-11-28 09:40:00,SHORT,17,10313.0,10316.75,-161.5,3.5,-1.36,初始止损,5.0
2017-11-29 09:30:00,2017-11-29 15:55:00,SHORT,19,10298.5,10209.5,3344.0,3.25,27.08,收盘平仓,385.0
2017-11-30 09:30:00,2017-11-30 09:35:00,LONG,18,10242.75,10238.75,-180.0,4.0,-1.25,初始止损,5.0
2017-12-01 09:30:00,2017-12-01 09:35:00,LONG,17,10244.5,10240.25,-178.5,4.0,-1.31,初始止损,5.0
2017-12-04 09:30:00,2017-12-04 09:35:00,SHORT,16,10264.75,10269.25,-176.0,4.25,-1.29,初始止损,5.0
2017-12-05 09:30:00,2017-12-05 14:45:00,LONG,14,10169.5,10169.5,-28.0,4.75,-0.21,保本止损,315.0
2017-12-06 09:30:00,2017-12-06 15:55:00,LONG,14,10156.0,10190.75,945.0,5.0,6.75,收盘平仓,385.0
2017-12-07 09:35:00,2017-12-07 09:40:00,LONG,14,10207.75,10202.5,-175.0,5.0,-1.25,初始止损,5.0
2017-12-08 09:30:00,2017-12-08 09:35:00,LONG,15,10270.0,10265.25,-172.5,4.75,-1.21,初始止损,5.0
2017-12-11 09:30:00,2017-12-11 09:45:00,LONG,15,10255.75,10251.0,-172.5,4.75,-1.21,初始止损,15.0
2017-12-12 09:30:00,2017-12-12 09:45:00,SHORT,15,10280.0,10284.75,-172.5,4.75,-1.21,初始止损,15.0
2017-12-13 09:30:00,2017-12-13 09:35:00,LONG,15,10313.5,10308.75,-172.5,4.5,-1.28,初始止损,5.0
2017-12-14 09:30:00,2017-12-14 09:35:00,LONG,15,10309.5,10304.75,-172.5,4.5,-1.28,初始止损,5.0
2017-12-18 09:30:00,2017-12-18 09:40:00,SHORT,15,10399.25,10404.0,-172.5,4.5,-1.28,初始止损,10.0
2017-12-19 09:35:00,2017-12-19 15:55:00,SHORT,15,10395.0,10375.0,570.0,4.5,4.22,收盘平仓,380.0
2017-12-20 09:30:00,2017-12-20 15:55:00,SHORT,15,10393.0,10367.75,727.5,4.5,5.39,收盘平仓,385.0
2017-12-21 09:30:00,2017-12-21 09:40:00,LONG,16,10380.25,10375.75,-176.0,4.5,-1.22,初始止损,10.0
2017-12-22 09:35:00,2017-12-22 09:40:00,SHORT,17,10347.75,10352.0,-178.5,4.25,-1.24,初始止损,5.0
2017-12-26 09:30:00,2017-12-26 10:15:00,SHORT,17,10327.5,10327.5,-34.0,4.25,-0.24,保本止损,45.0
2017-12-27 10:00:00,2017-12-27 11:20:00,LONG,17,10346.0,10341.75,-178.5,4.25,-1.24,初始止损,80.0
2017-12-28 09:30:00,2017-12-28 15:55:00,SHORT,17,10339.5,10326.75,399.5,4.0,2.94,收盘平仓,385.0
2017-12-29 09:30:00,2017-12-29 15:55:00,SHORT,18,10324.0,10286.25,1323.0,4.0,9.19,收盘平仓,385.0
2018-01-02 09:30:00,2018-01-02 09:35:00,SHORT,19,10307.25,10311.25,-190.0,4.0,-1.25,初始止损,5.0
2018-01-03 09:30:00,2018-01-03 15:55:00,LONG,17,10416.25,10461.0,1487.5,4.25,10.29,收盘平仓,385.0
2018-01-04 09:35:00,2018-01-04 09:50:00,SHORT,19,10479.25,10479.25,-38.0,4.25,-0.24,保本止损,15.0
2018-01-05 09:30:00,2018-01-05 09:50:00,SHORT,18,10497.0,10501.5,-198.0,4.25,-1.29,初始止损,20.0
2018-01-08 09:30:00,2018-01-08 09:35:00,LONG,18,10545.25,10540.75,-198.0,4.25,-1.29,初始止损,5.0
2018-01-09 09:35:00,2018-01-09 10:15:00,SHORT,19,10566.25,10566.25,-38.0,4.0,-0.25,保本止损,40.0
2018-01-10 09:30:00,2018-01-10 09:35:00,LONG,19,10540.0,10535.75,-199.5,4.0,-1.31,初始止损,5.0
2018-01-11 09:30:00,2018-01-11 09:40:00,SHORT,19,10560.0,10564.25,-199.5,4.0,-1.31,初始止损,10.0
2018-01-12 09:35:00,2018-01-12 09:45:00,LONG,19,10602.5,10598.5,-190.0,4.0,-1.25,初始止损,10.0
2018-01-16 09:30:00,2018-01-16 09:35:00,LONG,19,10703.0,10699.0,-190.0,4.0,-1.25,初始止损,5.0
2018-01-17 09:30:00,2018-01-17 09:35:00,SHORT,18,10644.25,10648.5,-189.0,4.25,-1.24,初始止损,5.0
2018-01-18 09:35:00,2018-01-18 09:40:00,LONG,16,10699.75,10695.0,-184.0,4.5,-1.28,初始止损,5.0
2018-01-19 09:35:00,2018-01-19 09:40:00,LONG,17,10731.5,10727.0,-187.0,4.25,-1.29,初始止损,5.0
2018-01-22 09:40:00,2018-01-22 15:55:00,LONG,17,10725.0,10795.0,2346.0,4.25,16.24,收盘平仓,375.0
2018-01-23 09:30:00,2018-01-23 09:55:00,LONG,18,10818.5,10818.5,-36.0,4.5,-0.22,保本止损,25.0
2018-01-24 09:35:00,2018-01-24 09:40:00,SHORT,18,10850.25,10854.75,-198.0,4.5,-1.22,初始止损,5.0
2018-01-25 09:35:00,2018-01-25 09:40:00,SHORT,17,10837.0,10841.75,-195.5,4.75,-1.21,初始止损,5.0
2018-01-26 09:30:00,2018-01-26 09:35:00,SHORT,17,10834.0,10838.75,-195.5,4.75,-1.21,初始止损,5.0
2018-01-29 09:30:00,2018-01-29 09:35:00,SHORT,16,10876.0,10881.0,-192.0,5.0,-1.2,初始止损,5.0
2018-01-30 09:45:00,2018-01-30 09:50:00,SHORT,15,10802.5,10807.75,-187.5,5.0,-1.25,初始止损,5.0
2018-01-31 09:30:00,2018-01-31 09:55:00,LONG,15,10860.5,10855.25,-187.5,5.0,-1.25,初始止损,25.0
2018-02-01 09:30:00,2018-02-01 09:40:00,LONG,15,10810.0,10804.75,-187.5,5.0,-1.25,初始止损,10.0
2018-02-02 09:30:00,2018-02-02 09:40:00,LONG,14,10761.75,10756.25,-182.0,5.25,-1.24,初始止损,10.0
2018-02-05 09:50:00,2018-02-05 12:15:00,LONG,14,10605.75,10605.75,-28.0,5.5,-0.18,保本止损,145.0
2018-02-06 09:30:00,2018-02-06 10:15:00,LONG,11,10353.0,10353.0,-22.0,7.0,-0.14,保本止损,45.0
2018-02-07 09:55:00,2018-02-07 10:00:00,LONG,9,10538.75,10530.25,-171.0,8.0,-1.19,初始止损,5.0
2018-02-08 09:30:00,2018-02-08 09:35:00,SHORT,9,10464.0,10472.5,-171.0,8.25,-1.15,初始止损,5.0
2018-02-09 09:30:00,2018-02-09 09:35:00,LONG,8,10277.0,10267.5,-168.0,9.25,-1.14,初始止损,5.0
2018-02-12 09:30:00,2018-02-12 09:35:00,LONG,7,10372.5,10361.75,-164.5,10.25,-1.15,初始止损,5.0
2018-02-13 09:30:00,2018-02-13 09:35:00,LONG,7,10372.25,10361.5,-164.5,10.25,-1.15,初始止损,5.0
2018-02-14 09:30:00,2018-02-14 15:55:00,LONG,7,10414.25,10558.0,1998.5,10.0,14.28,收盘平仓,385.0
2018-02-15 09:30:00,2018-02-15 09:35:00,SHORT,7,10593.25,10604.75,-175.0,10.25,-1.22,初始止损,5.0
2018-02-16 09:35:00,2018-02-16 09:40:00,LONG,7,10689.25,10677.75,-175.0,10.25,-1.22,初始止损,5.0
2018-02-19 09:30:00,2018-02-19 12:55:00,SHORT,7,10669.5,10657.0,161.0,10.0,1.15,收盘平仓,205.0
2018-02-20 09:30:00,2018-02-20 15:05:00,LONG,8,10643.5,10643.5,-16.0,9.5,-0.11,保本止损,335.0
2018-02-21 09:30:00,2018-02-21 15:05:00,LONG,8,10699.5,10699.5,-16.0,9.25,-0.11,保本止损,335.0
2018-02-22 09:30:00,2018-02-22 09:35:00,LONG,8,10689.75,10679.75,-176.0,9.25,-1.19,初始止损,5.0
2018-02-23 09:45:00,2018-02-23 09:50:00,SHORT,8,10683.75,10693.75,-176.0,9.25,-1.19,初始止损,5.0
2018-02-26 09:30:00,2018-02-26 10:35:00,LONG,8,10823.25,10813.25,-176.0,9.25,-1.19,初始止损,65.0
2018-02-27 09:30:00,2018-02-27 09:35:00,SHORT,8,10862.5,10872.25,-172.0,9.0,-1.19,初始止损,5.0
2018-02-28 09:35:00,2018-02-28 09:50:00,SHORT,8,10813.0,10822.75,-172.0,9.0,-1.19,初始止损,15.0
2018-03-01 09:35:00,2018-03-01 10:25:00,SHORT,8,10733.0,10733.0,-16.0,9.0,-0.11,保本止损,50.0
2018-03-02 09:40:00,2018-03-02 09:45:00,SHORT,8,10526.5,10536.25,-172.0,9.5,-1.13,初始止损,5.0
2018-03-05 09:30:00,2018-03-05 09:35:00,LONG,7,10674.5,10663.5,-168.0,9.75,-1.23,初始止损,5.0
2018-03-06 09:30:00,2018-03-06 09:35:00,LONG,7,10799.25,10788.25,-168.0,9.75,-1.23,初始止损,5.0
2018-03-07 09:30:00,2018-03-07 11:55:00,LONG,8,10754.75,10754.75,-16.0,9.5,-0.11,保本止损,145.0
2018-03-08 10:00:00,2018-03-08 10:10:00,SHORT,8,10825.25,10834.75,-168.0,9.25,-1.14,初始止损,10.0
2018-03-09 09:30:00,2018-03-09 09:50:00,SHORT,8,10894.25,10903.75,-168.0,8.75,-1.2,初始止损,20.0
2018-03-12 09:30:00,2018-03-12 09:35:00,SHORT,8,10996.25,11005.75,-168.0,9.0,-1.17,初始止损,5.0
2018-03-13 09:30:00,2018-03-13 10:00:00,LONG,8,11057.0,11047.75,-164.0,8.5,-1.21,初始止损,30.0
2018-03-14 09:30:00,2018-03-14 10:00:00,SHORT,8,10945.75,10955.0,-164.0,8.75,-1.17,初始止损,30.0
2018-03-15 09:30:00,2018-03-15 10:10:00,SHORT,8,10913.0,10922.25,-164.0,8.5,-1.21,初始止损,40.0
2018-03-16 09:40:00,2018-03-16 09:45:00,LONG,8,10936.25,10927.0,-164.0,8.25,-1.24,初始止损,5.0
2018-03-19 09:30:00,2018-03-19 09:50:00,SHORT,9,10806.0,10814.0,-162.0,8.0,-1.12,初始止损,20.0
2018-03-21 10:00:00,2018-03-21 10:05:00,LONG,8,10760.0,10751.0,-160.0,8.25,-1.21,初始止损,5.0
2018-03-22 09:35:00,2018-03-22 10:00:00,LONG,8,10644.75,10635.75,-160.0,8.25,-1.21,初始止损,25.0
2018-03-23 09:30:00,2018-03-23 09:35:00,LONG,8,10564.0,10555.0,-160.0,8.75,-1.14,初始止损,5.0
2018-03-26 09:30:00,2018-03-26 09:35:00,LONG,7,10523.5,10513.5,-154.0,9.25,-1.19,初始止损,5.0
2018-03-27 09:30:00,2018-03-27 09:40:00,SHORT,7,10646.75,10656.75,-154.0,9.75,-1.13,初始止损,10.0
2018-03-28 09:30:00,2018-03-28 09:35:00,LONG,6,10373.5,10361.75,-153.0,11.0,-1.16,初始止损,5.0
2018-03-29 09:35:00,2018-03-29 10:20:00,SHORT,6,10345.75,10345.75,-12.0,11.0,-0.09,保本止损,45.0
2018-04-02 09:35:00,2018-04-02 09:40:00,LONG,6,10415.25,10403.75,-150.0,11.25,-1.11,初始止损,5.0
2018-04-03 09:30:00,2018-04-03 09:35:00,SHORT,5,10291.75,10305.5,-147.5,12.0,-1.23,初始止损,5.0
2018-04-04 09:30:00,2018-04-04 09:40:00,LONG,5,10238.75,10225.0,-147.5,11.75,-1.26,初始止损,10.0
2018-04-05 09:30:00,2018-04-05 09:35:00,LONG,5,10497.75,10484.25,-145.0,12.25,-1.18,初始止损,5.0
2018-04-06 09:30:00,2018-04-06 10:30:00,LONG,5,10409.75,10409.75,-10.0,12.0,-0.08,保本止损,60.0
2018-04-09 09:30:00,2018-04-09 09:35:00,LONG,5,10358.25,10344.75,-145.0,12.25,-1.18,初始止损,5.0
2018-04-10 09:30:00,2018-04-10 10:25:00,SHORT,5,10428.0,10441.5,-145.0,12.25,-1.18,初始止损,55.0
2018-04-11 09:30:00,2018-04-11 09:40:00,LONG,5,10457.25,10444.0,-142.5,12.25,-1.16,初始止损,10.0
2018-04-12 09:40:00,2018-04-12 13:25:00,LONG,5,10513.0,10499.75,-142.5,11.75,-1.21,初始止损,225.0
2018-04-13 09:35:00,2018-04-13 09:40:00,SHORT,5,10551.0,10564.25,-142.5,11.5,-1.24,初始止损,5.0
2018-04-16 09:30:00,2018-04-16 12:45:00,SHORT,5,10529.0,10542.0,-140.0,11.25,-1.24,初始止损,195.0
2018-04-17 09:30:00,2018-04-17 09:35:00,SHORT,6,10598.25,10609.0,-141.0,10.75,-1.09,初始止损,5.0
2018-04-18 09:35:00,2018-04-18 10:55:00,SHORT,5,10675.5,10688.5,-140.0,11.0,-1.27,初始止损,80.0
2018-04-19 09:40:00,2018-04-19 09:55:00,SHORT,6,10646.0,10656.75,-141.0,10.5,-1.12,初始止损,15.0
2018-04-20 09:30:00,2018-04-20 15:55:00,SHORT,6,10596.25,10525.5,837.0,10.25,6.8,收盘平仓,385.0
2018-04-23 09:30:00,2018-04-23 10:25:00,SHORT,6,10546.5,10546.5,-12.0,10.25,-0.1,保本止损,55.0
2018-04-24 09:30:00,2018-04-24 09:45:00,SHORT,6,10530.25,10541.25,-144.0,10.0,-1.2,初始止损,15.0
2018-04-25 09:35:00,2018-04-25 10:30:00,SHORT,6,10340.0,10340.0,-12.0,10.5,-0.1,保本止损,55.0
2018-04-26 09:30:00,2018-04-26 09:55:00,SHORT,6,10453.75,10464.75,-144.0,10.5,-1.14,初始止损,25.0
2018-04-27 09:30:00,2018-04-27 15:55:00,SHORT,6,10585.0,10514.25,837.0,10.5,6.64,收盘平仓,385.0
2018-04-30 09:30:00,2018-04-30 09:35:00,SHORT,6,10525.25,10536.5,-147.0,10.5,-1.17,初始止损,5.0
2018-05-01 09:35:00,2018-05-01 09:45:00,SHORT,6,10437.0,10448.25,-147.0,10.5,-1.17,初始止损,10.0
2018-05-02 09:30:00,2018-05-02 09:50:00,SHORT,6,10532.5,10543.75,-147.0,10.25,-1.2,初始止损,20.0
2018-05-03 09:30:00,2018-05-03 09:35:00,SHORT,6,10455.0,10466.0,-144.0,10.0,-1.2,初始止损,5.0
2018-05-04 09:40:00,2018-05-04 15:55:00,LONG,6,10504.5,10625.25,1437.0,10.0,11.97,收盘平仓,375.0
2018-05-07 09:30:00,2018-05-07 15:10:00,LONG,6,10667.5,10667.5,-12.0,10.25,-0.1,保本止损,340.0
2018-05-08 09:30:00,2018-05-08 09:35:00,LONG,7,10673.5,10663.5,-154.0,10.0,-1.1,初始止损,5.0
2018-05-09 09:30:00,2018-05-09 09:35:00,LONG,7,10690.25,10680.25,-154.0,9.5,-1.16,初始止损,5.0
2018-05-10 09:30:00,2018-05-10 09:35:00,SHORT,7,10766.0,10776.0,-154.0,9.25,-1.19,初始止损,5.0
2018-05-11 09:35:00,2018-05-11 09:55:00,SHORT,7,10805.0,10814.75,-150.5,9.0,-1.19,初始止损,20.0
2018-05-14 09:30:00,2018-05-14 12:55:00,LONG,7,10833.5,10833.5,-14.0,8.75,-0.11,保本止损,205.0
2018-05-15 09:30:00,2018-05-15 10:30:00,SHORT,8,10746.75,10746.75,-16.0,8.5,-0.12,保本止损,60.0
2018-05-16 09:35:00,2018-05-16 09:40:00,LONG,8,10762.75,10754.25,-152.0,8.5,-1.12,初始止损,5.0
2018-05-17 09:30:00,2018-05-17 09:40:00,LONG,8,10769.0,10760.5,-152.0,8.25,-1.15,初始止损,10.0
2018-05-18 09:40:00,2018-05-18 09:50:00,LONG,8,10740.75,10732.25,-152.0,8.0,-1.19,初始止损,10.0
2018-05-21 09:30:00,2018-05-21 10:20:00,LONG,8,10795.75,10787.5,-148.0,7.75,-1.19,初始止损,50.0
2018-05-22 09:30:00,2018-05-22 09:45:00,LONG,8,10799.0,10790.75,-148.0,7.5,-1.23,初始止损,15.0
2018-05-23 09:30:00,2018-05-23 15:55:00,LONG,8,10709.0,10812.5,1640.0,7.5,13.67,收盘平仓,385.0
2018-05-24 09:30:00,2018-05-24 09:40:00,LONG,9,10814.25,10806.25,-162.0,7.5,-1.2,初始止损,10.0
2018-05-25 09:45:00,2018-05-25 09:50:00,LONG,9,10819.0,10811.25,-157.5,7.5,-1.17,初始止损,5.0
2018-05-28 09:40:00,2018-05-28 12:55:00,LONG,10,10830.75,10845.0,265.0,7.0,1.89,收盘平仓,195.0
2018-05-29 09:45:00,2018-05-29 10:30:00,LONG,10,10799.0,10799.0,-20.0,6.75,-0.15,保本止损,45.0
2018-05-30 09:50:00,2018-05-30 10:05:00,SHORT,10,10803.0,10810.0,-160.0,6.75,-1.19,初始止损,15.0
2018-05-31 09:50:00,2018-05-31 10:05:00,LONG,10,10848.25,10841.25,-160.0,6.75,-1.19,初始止损,15.0
2018-06-01 09:30:00,2018-06-01 15:55:00,LONG,10,10870.25,10938.75,1350.0,6.5,10.38,收盘平仓,385.0
2018-06-04 09:30:00,2018-06-04 10:05:00,LONG,10,10968.0,10960.5,-170.0,6.75,-1.26,初始止损,35.0
2018-06-05 09:40:00,2018-06-05 11:05:00,LONG,11,11017.5,11010.75,-170.5,6.5,-1.19,初始止损,85.0
2018-06-06 09:30:00,2018-06-06 09:35:00,LONG,11,11033.5,11027.0,-165.0,6.25,-1.2,初始止损,5.0
2018-06-07 09:30:00,2018-06-07 09:40:00,SHORT,11,11050.25,11056.75,-165.0,6.25,-1.2,初始止损,10.0
2018-06-08 09:35:00,2018-06-08 10:30:00,LONG,11,10971.75,10965.25,-165.0,6.25,-1.2,初始止损,55.0
2018-06-11 09:30:00,2018-06-11 09:35:00,LONG,11,11008.25,11001.75,-165.0,6.25,-1.2,初始止损,5.0
2018-06-12 09:30:00,2018-06-12 09:35:00,LONG,11,11042.0,11035.5,-165.0,6.0,-1.25,初始止损,5.0
2018-06-13 09:30:00,2018-06-13 14:05:00,LONG,12,11076.75,11076.75,-24.0,5.75,-0.17,保本止损,275.0
2018-06-14 09:30:00,2018-06-14 09:50:00,LONG,12,11106.75,11101.0,-162.0,5.75,-1.17,初始止损,20.0
2018-06-15 09:35:00,2018-06-15 09:55:00,SHORT,11,11092.75,11099.0,-159.5,6.0,-1.21,初始止损,20.0
2018-06-18 09:30:00,2018-06-18 09:35:00,SHORT,12,11041.75,11047.5,-162.0,5.75,-1.17,初始止损,5.0
2018-06-19 09:30:00,2018-06-19 09:50:00,LONG,11,11030.5,11030.5,-22.0,5.75,-0.17,保本止损,20.0
2018-06-20 09:40:00,2018-06-20 09:45:00,LONG,11,11125.75,11119.5,-159.5,6.0,-1.21,初始止损,5.0
2018-06-21 10:00:00,2018-06-21 15:55:00,SHORT,11,11123.5,11067.0,1221.0,6.0,9.25,收盘平仓,355.0
2018-06-22 09:30:00,2018-06-22 13:25:00,SHORT,11,11075.25,11075.25,-22.0,6.25,-0.16,保本止损,235.0
2018-06-25 09:35:00,2018-06-25 09:40:00,SHORT,11,10954.0,10960.5,-165.0,6.0,-1.25,初始止损,5.0
2018-06-26 09:30:00,2018-06-26 09:40:00,SHORT,10,10900.25,10907.5,-165.0,6.75,-1.22,初始止损,10.0
2018-06-27 09:45:00,2018-06-27 10:00:00,LONG,10,10960.25,10953.25,-160.0,6.75,-1.19,初始止损,15.0
2018-06-28 09:30:00,2018-06-28 09:45:00,LONG,10,10821.25,10821.25,-20.0,7.0,-0.14,保本止损,15.0
2018-06-29 09:30:00,2018-06-29 10:15:00,LONG,9,10924.75,10917.0,-157.5,7.25,-1.21,初始止损,45.0
2018-07-02 09:35:00,2018-07-02 09:40:00,LONG,9,10846.75,10839.0,-157.5,7.0,-1.25,初始止损,5.0
2018-07-03 09:30:00,2018-07-03 13:10:00,SHORT,9,10954.5,10850.25,1858.5,7.25,14.24,收盘平仓,220.0
2018-07-04 09:40:00,2018-07-04 12:45:00,SHORT,10,10864.75,10872.25,-170.0,7.5,-1.13,初始止损,185.0
2018-07-05 09:35:00,2018-07-05 09:45:00,LONG,10,10922.0,10914.5,-170.0,7.0,-1.21,初始止损,10.0
2018-07-06 09:35:00,2018-07-06 15:55:00,LONG,10,10977.75,11055.75,1540.0,7.0,11.0,收盘平仓,380.0
2018-07-09 09:30:00,2018-07-09 09:50:00,LONG,11,11105.0,11097.75,-181.5,7.0,-1.18,初始止损,20.0
2018-07-10 09:30:00,2018-07-10 09:35:00,SHORT,11,11122.0,11129.0,-176.0,7.0,-1.14,初始止损,5.0
2018-07-11 09:30:00,2018-07-11 09:45:00,LONG,11,11088.25,11081.25,-176.0,6.75,-1.19,初始止损,15.0
2018-07-12 09:30:00,2018-07-12 15:55:00,LONG,11,11128.25,11212.0,1820.5,6.5,12.73,收盘平仓,385.0
2018-07-13 09:30:00,2018-07-13 09:35:00,LONG,12,11220.25,11213.5,-186.0,6.75,-1.15,初始止损,5.0
2018-07-16 09:30:00,2018-07-16 09:40:00,LONG,12,11229.75,11223.0,-186.0,6.5,-1.19,初始止损,10.0
2018-07-17 09:30:00,2018-07-17 15:55:00,LONG,13,11142.75,11248.75,2730.0,6.25,16.8,收盘平仓,385.0
2018-07-18 09:40:00,2018-07-18 11:15:00,SHORT,13,11233.75,11233.75,-26.0,6.5,-0.15,保本止损,95.0
2018-07-19 09:30:00,2018-07-19 09:45:00,LONG,14,11220.5,11214.0,-210.0,6.25,-1.2,初始止损,15.0
2018-07-23 09:30:00,2018-07-23 09:35:00,LONG,14,11174.75,11168.5,-203.0,6.0,-1.21,初始止损,5.0
2018-07-24 09:35:00,2018-07-24 09:40:00,LONG,14,11311.5,11305.25,-203.0,6.0,-1.21,初始止损,5.0
2018-07-25 09:30:00,2018-07-25 10:05:00,LONG,14,11259.25,11253.0,-203.0,6.0,-1.21,初始止损,35.0
2018-07-26 09:30:00,2018-07-26 09:35:00,LONG,13,11256.5,11249.75,-201.5,6.25,-1.24,初始止损,5.0
2018-07-27 09:30:00,2018-07-27 15:55:00,SHORT,13,11267.75,11132.25,3497.0,6.5,20.69,收盘平仓,385.0
2018-07-30 09:30:00,2018-07-30 15:55:00,SHORT,13,11109.5,11029.75,2047.5,7.0,11.25,收盘平仓,385.0
2018-07-31 09:30:00,2018-07-31 09:40:00,LONG,14,11083.75,11076.5,-231.0,7.25,-1.14,初始止损,10.0
2018-08-01 09:30:00,2018-08-01 09:35:00,LONG,14,11103.75,11096.5,-231.0,7.25,-1.14,初始止损,5.0
2018-08-02 09:30:00,2018-08-02 15:55:00,LONG,14,11070.5,11207.25,3801.0,7.0,19.39,收盘平仓,385.0
2018-08-03 09:30:00,2018-08-03 10:00:00,SHORT,15,11208.5,11216.0,-255.0,7.5,-1.13,初始止损,30.0
2018-08-06 09:30:00,2018-08-06 09:35:00,LONG,15,11229.0,11221.5,-255.0,7.25,-1.17,初始止损,5.0
2018-08-07 09:30:00,2018-08-07 09:40:00,LONG,15,11306.25,11298.75,-255.0,7.0,-1.21,初始止损,10.0
2018-08-08 09:30:00,2018-08-08 09:35:00,SHORT,16,11282.0,11289.0,-256.0,6.75,-1.19,初始止损,5.0
2018-08-09 09:30:00,2018-08-09 09:40:00,SHORT,16,11299.5,11306.5,-256.0,6.5,-1.23,初始止损,10.0
2018-08-10 09:40:00,2018-08-10 09:45:00,LONG,17,11272.5,11266.0,-255.0,6.25,-1.2,初始止损,5.0
2018-08-13 09:30:00,2018-08-13 11:20:00,LONG,17,11268.5,11268.5,-34.0,6.25,-0.16,保本止损,110.0
2018-08-14 09:35:00,2018-08-14 10:35:00,SHORT,17,11262.0,11262.0,-34.0,6.25,-0.16,保本止损,60.0
2018-08-15 09:35:00,2018-08-15 09:40:00,LONG,17,11240.0,11233.75,-246.5,6.25,-1.16,初始止损,5.0
2018-08-16 09:40:00,2018-08-16 09:45:00,SHORT,16,11231.0,11237.75,-248.0,6.5,-1.19,初始止损,5.0
2018-08-17 09:30:00,2018-08-17 09:35:00,SHORT,17,11182.75,11189.0,-246.5,6.25,-1.16,初始止损,5.0
2018-08-20 09:35:00,2018-08-20 15:55:00,SHORT,16,11225.0,11208.0,512.0,6.25,2.56,收盘平仓,380.0
2018-08-21 09:30:00,2018-08-21 09:35:00,LONG,17,11239.0,11232.75,-246.5,6.25,-1.16,初始止损,5.0
2018-08-22 09:30:00,2018-08-22 09:45:00,LONG,17,11235.25,11229.0,-246.5,6.25,-1.16,初始止损,15.0
2018-08-23 09:30:00,2018-08-23 11:10:00,LONG,17,11267.5,11267.5,-34.0,6.0,-0.17,保本止损,100.0
2018-08-24 09:30:00,2018-08-24 15:55:00,LONG,17,11282.25,11320.25,1258.0,6.0,6.17,收盘平仓,385.0
2018-08-27 09:30:00,2018-08-27 09:35:00,LONG,18,11362.0,11356.0,-252.0,6.0,-1.17,初始止损,5.0
2018-08-28 09:40:00,2018-08-28 09:55:00,SHORT,18,11410.25,11416.25,-252.0,6.0,-1.17,初始止损,15.0
2018-08-29 09:30:00,2018-08-29 15:55:00,LONG,18,11423.25,11494.5,2529.0,5.75,12.22,收盘平仓,385.0
2018-08-30 09:30:00,2018-08-30 09:35:00,LONG,20,11484.5,11478.75,-270.0,5.75,-1.17,初始止损,5.0
2018-08-31 09:30:00,2018-08-31 11:35:00,LONG,20,11484.0,11484.0,-40.0,5.75,-0.17,保本止损,125.0
2018-09-03 09:50:00,2018-09-03 12:55:00,LONG,20,11500.5,11508.5,280.0,5.5,1.27,收盘平仓,185.0
2018-09-04 09:35:00,2018-09-04 09:55:00,SHORT,22,11426.5,11431.75,-275.0,5.25,-1.19,初始止损,20.0
2018-09-05 09:30:00,2018-09-05 09:35:00,SHORT,20,11424.75,11430.5,-270.0,5.5,-1.23,初始止损,5.0
2018-09-06 09:30:00,2018-09-06 09:45:00,SHORT,19,11353.5,11353.5,-38.0,5.75,-0.17,保本止损,15.0
2018-09-07 09:30:00,2018-09-07 09:35:00,LONG,19,11250.0,11244.0,-266.0,6.0,-1.17,初始止损,5.0
2018-09-10 09:30:00,2018-09-10 09:35:00,SHORT,18,11280.0,11286.25,-261.0,6.0,-1.21,初始止损,5.0
2018-09-11 09:30:00,2018-09-11 09:35:00,SHORT,18,11241.75,11248.0,-261.0,6.0,-1.21,初始止损,5.0
2018-09-12 09:35:00,2018-09-12 09:40:00,SHORT,17,11318.5,11325.0,-255.0,6.25,-1.2,初始止损,5.0
2018-09-13 09:30:00,2018-09-13 10:20:00,LONG,17,11374.25,11374.25,-34.0,6.25,-0.16,保本止损,50.0
2018-09-14 09:30:00,2018-09-14 09:35:00,SHORT,17,11390.0,11396.5,-255.0,6.25,-1.2,初始止损,5.0
2018-09-17 09:30:00,2018-09-17 15:55:00,SHORT,17,11348.75,11262.0,2915.5,6.25,13.72,收盘平仓,385.0
2018-09-18 09:30:00,2018-09-18 09:40:00,LONG,18,11308.5,11302.0,-270.0,6.5,-1.15,初始止损,10.0
2018-09-19 09:30:00,2018-09-19 09:35:00,LONG,18,11333.25,11326.75,-270.0,6.5,-1.15,初始止损,5.0
2018-09-20 09:30:00,2018-09-20 09:35:00,SHORT,18,11351.0,11357.5,-270.0,6.5,-1.15,初始止损,5.0
2018-09-21 09:50:00,2018-09-21 15:55:00,SHORT,17,11410.25,11356.25,1802.0,6.5,8.15,收盘平仓,365.0
2018-09-24 09:30:00,2018-09-24 09:35:00,SHORT,18,11279.25,11286.0,-279.0,6.5,-1.19,初始止损,5.0
2018-09-25 09:30:00,2018-09-25 09:35:00,SHORT,18,11359.0,11365.75,-279.0,6.5,-1.19,初始止损,5.0
2018-09-26 09:30:00,2018-09-26 09:35:00,LONG,19,11410.0,11403.75,-275.5,6.25,-1.16,初始止损,5.0
2018-09-27 09:30:00,2018-09-27 15:55:00,LONG,19,11424.75,11456.25,1159.0,6.25,4.88,收盘平仓,385.0
2018-09-28 09:30:00,2018-09-28 09:45:00,LONG,18,11440.25,11433.5,-279.0,6.5,-1.19,初始止损,15.0
2018-10-01 09:30:00,2018-10-01 11:55:00,LONG,19,11506.0,11506.0,-38.0,6.25,-0.16,保本止损,145.0
2018-10-02 09:30:00,2018-10-02 09:35:00,LONG,19,11461.5,11455.0,-285.0,6.25,-1.2,初始止损,5.0
2018-10-03 09:30:00,2018-10-03 09:35:00,LONG,19,11488.75,11482.5,-275.5,6.25,-1.16,初始止损,5.0
2018-10-04 09:30:00,2018-10-04 15:55:00,SHORT,20,11407.5,11310.75,3830.0,6.0,15.96,收盘平仓,385.0
2018-10-05 09:30:00,2018-10-05 09:35:00,SHORT,19,11294.5,11301.5,-304.0,6.75,-1.19,初始止损,5.0
2018-10-08 09:30:00,2018-10-08 09:35:00,SHORT,18,11170.25,11177.5,-297.0,7.25,-1.14,初始止损,5.0
2018-10-09 09:30:00,2018-10-09 09:40:00,LONG,17,11192.25,11184.5,-297.5,7.5,-1.17,初始止损,10.0
2018-10-10 09:30:00,2018-10-10 15:55:00,SHORT,17,11131.25,10868.25,8908.0,7.5,34.93,收盘平仓,385.0
2018-10-11 09:35:00,2018-10-11 09:45:00,SHORT,17,10819.0,10828.25,-348.5,8.75,-1.17,初始止损,10.0
2018-10-12 09:40:00,2018-10-12 09:45:00,SHORT,16,10918.0,10927.75,-344.0,9.25,-1.16,初始止损,5.0
2018-10-15 09:30:00,2018-10-15 09:35:00,SHORT,15,10920.0,10930.25,-337.5,9.75,-1.15,初始止损,5.0
2018-10-16 09:30:00,2018-10-16 10:25:00,LONG,15,10957.25,10957.25,-30.0,9.75,-0.1,保本止损,55.0
2018-10-17 09:30:00,2018-10-17 12:15:00,SHORT,14,11095.25,11095.25,-28.0,10.25,-0.1,保本止损,165.0
2018-10-18 09:30:00,2018-10-18 09:35:00,SHORT,14,11033.5,11044.5,-336.0,10.25,-1.17,初始止损,5.0
2018-10-19 09:35:00,2018-10-19 10:50:00,LONG,14,11011.0,11000.25,-329.0,10.5,-1.12,初始止损,75.0
2018-10-22 09:30:00,2018-10-22 09:35:00,LONG,14,10975.25,10964.5,-329.0,10.5,-1.12,初始止损,5.0
2018-10-23 09:45:00,2018-10-23 09:50:00,LONG,14,10834.5,10823.75,-329.0,10.5,-1.12,初始止损,5.0
2018-10-24 09:30:00,2018-10-24 09:35:00,SHORT,13,10907.0,10918.5,-325.0,10.75,-1.16,初始止损,5.0
2018-10-25 09:40:00,2018-10-25 09:45:00,LONG,12,10711.5,10699.25,-318.0,12.0,-1.1,初始止损,5.0
2018-10-26 09:30:00,2018-10-26 10:00:00,LONG,11,10612.5,10612.5,-22.0,12.5,-0.08,保本止损,30.0
2018-10-29 09:30:00,2018-10-29 09:35:00,SHORT,11,10733.0,10746.25,-313.5,13.25,-1.08,初始止损,5.0
2018-10-30 09:45:00,2018-10-30 10:35:00,LONG,10,10523.0,10523.0,-20.0,14.25,-0.07,保本止损,50.0
2018-10-31 09:30:00,2018-10-31 12:00:00,LONG,10,10737.75,10737.75,-20.0,14.25,-0.07,保本止损,150.0
2018-11-01 09:30:00,2018-11-01 09:40:00,LONG,10,10794.0,10779.5,-310.0,14.5,-1.07,初始止损,10.0
2018-11-02 09:40:00,2018-11-02 09:45:00,LONG,10,10886.25,10871.75,-310.0,14.25,-1.09,初始止损,5.0
2018-11-05 09:30:00,2018-11-05 14:25:00,SHORT,10,10742.25,10742.25,-20.0,14.0,-0.07,保本止损,295.0
2018-11-06 09:30:00,2018-11-06 10:35:00,LONG,10,10781.75,10781.75,-20.0,13.75,-0.07,保本止损,65.0
2018-11-07 09:30:00,2018-11-07 15:55:00,LONG,10,10883.75,11007.0,2445.0,13.25,9.23,收盘平仓,385.0
2018-11-08 09:30:00,2018-11-08 09:45:00,SHORT,11,10961.5,10975.25,-324.5,13.5,-1.09,初始止损,15.0
2018-11-09 09:35:00,2018-11-09 15:55:00,SHORT,11,10879.0,10842.75,775.5,13.0,2.71,收盘平仓,380.0
2018-11-12 09:30:00,2018-11-12 15:55:00,SHORT,11,10755.25,10635.0,2623.5,13.0,9.17,收盘平仓,385.0
2018-11-13 09:30:00,2018-11-13 09:40:00,LONG,12,10703.25,10690.0,-342.0,13.25,-1.08,初始止损,10.0
2018-11-14 09:40:00,2018-11-14 09:45:00,LONG,12,10714.25,10701.0,-342.0,13.0,-1.1,初始止损,5.0
2018-11-15 09:40:00,2018-11-15 09:45:00,LONG,12,10604.25,10591.0,-342.0,13.0,-1.1,初始止损,5.0
2018-11-16 09:30:00,2018-11-16 09:45:00,SHORT,11,10624.25,10638.5,-335.5,13.25,-1.15,初始止损,15.0
2018-11-19 09:30:00,2018-11-19 15:55:00,SHORT,11,10625.25,10449.5,3844.5,13.0,13.44,收盘平仓,385.0
2018-11-20 09:35:00,2018-11-20 09:45:00,LONG,12,10341.75,10327.75,-360.0,13.25,-1.13,初始止损,10.0
2018-11-21 09:30:00,2018-11-21 09:35:00,LONG,12,10427.5,10413.75,-354.0,13.5,-1.09,初始止损,5.0
2018-11-23 09:30:00,2018-11-23 11:50:00,LONG,13,10363.75,10351.0,-357.5,12.5,-1.1,初始止损,140.0
2018-11-26 09:30:00,2018-11-26 09:40:00,SHORT,13,10417.25,10429.75,-351.0,12.0,-1.12,初始止损,10.0
2018-11-27 09:30:00,2018-11-27 09:35:00,LONG,13,10457.5,10445.0,-351.0,12.0,-1.12,初始止损,5.0
2018-11-28 09:40:00,2018-11-28 09:50:00,SHORT,13,10539.25,10551.75,-351.0,11.75,-1.15,初始止损,10.0
2018-11-29 09:35:00,2018-11-29 09:40:00,LONG,13,10693.25,10680.75,-351.0,12.0,-1.12,初始止损,5.0
2018-11-30 09:30:00,2018-11-30 09:45:00,SHORT,13,10679.75,10692.0,-344.5,11.75,-1.13,初始止损,15.0
2018-12-03 09:30:00,2018-12-03 10:20:00,SHORT,14,10877.5,10877.5,-28.0,11.25,-0.09,保本止损,50.0
2018-12-04 09:30:00,2018-12-04 09:35:00,SHORT,13,10823.25,10835.5,-344.5,11.5,-1.15,初始止损,5.0
2018-12-06 09:35:00,2018-12-06 09:40:00,LONG,13,10518.0,10505.75,-344.5,12.0,-1.1,初始止损,5.0
2018-12-07 09:35:00,2018-12-07 09:45:00,LONG,12,10633.5,10620.5,-336.0,12.25,-1.14,初始止损,10.0
2018-12-10 09:30:00,2018-12-10 09:45:00,LONG,12,10443.0,10430.0,-336.0,12.75,-1.1,初始止损,15.0
2018-12-11 09:30:00,2018-12-11 10:25:00,SHORT,12,10573.75,10586.75,-336.0,12.75,-1.1,初始止损,55.0
2018-12-12 09:30:00,2018-12-12 09:55:00,SHORT,12,10592.0,10604.75,-330.0,12.75,-1.08,初始止损,25.0
2018-12-13 09:30:00,2018-12-13 09:35:00,SHORT,11,10590.5,10604.5,-330.0,12.75,-1.18,初始止损,5.0
2018-12-14 09:30:00,2018-12-14 09:45:00,SHORT,12,10467.25,10480.0,-330.0,12.5,-1.1,初始止损,15.0
2018-12-17 09:35:00,2018-12-17 10:05:00,SHORT,12,10332.75,10332.75,-24.0,12.5,-0.08,保本止损,30.0
2018-12-18 09:35:00,2018-12-18 09:40:00,SHORT,11,10281.0,10294.75,-324.5,12.75,-1.16,初始止损,5.0
2018-12-19 09:30:00,2018-12-19 14:00:00,LONG,11,10291.5,10291.5,-22.0,12.5,-0.08,保本止损,270.0
2018-12-20 09:30:00,2018-12-20 09:35:00,LONG,11,10145.75,10132.25,-319.0,13.25,-1.09,初始止损,5.0
2018-12-21 09:50:00,2018-12-21 09:55:00,SHORT,11,10025.25,10038.75,-319.0,13.5,-1.07,初始止损,5.0
2018-12-24 09:30:00,2018-12-24 09:35:00,LONG,10,9830.25,9815.5,-315.0,14.25,-1.11,初始止损,5.0
2018-12-26 09:30:00,2018-12-26 09:55:00,LONG,10,9788.75,9774.0,-315.0,14.25,-1.11,初始止损,25.0
2018-12-27 09:35:00,2018-12-27 09:40:00,LONG,9,9977.5,9961.25,-310.5,15.25,-1.13,初始止损,5.0
2018-12-28 09:30:00,2018-12-28 09:40:00,SHORT,9,10075.0,10091.0,-306.0,15.5,-1.1,初始止损,10.0
2018-12-31 09:30:00,2018-12-31 09:50:00,LONG,9,10134.25,10118.25,-306.0,15.25,-1.11,初始止损,20.0
2019-01-02 09:30:00,2019-01-02 15:55:00,LONG,9,10005.25,10142.75,2457.0,14.75,9.25,收盘平仓,385.0
2019-01-03 09:30:00,2019-01-03 09:35:00,LONG,10,10063.0,10048.0,-320.0,14.75,-1.08,初始止损,5.0
2019-01-04 09:35:00,2019-01-04 15:55:00,LONG,9,10041.0,10205.0,2934.0,15.0,10.87,收盘平仓,380.0
2019-01-07 09:30:00,2019-01-07 09:35:00,LONG,10,10216.25,10200.5,-335.0,15.5,-1.08,初始止损,5.0
2019-01-08 09:30:00,2019-01-08 09:40:00,LONG,10,10351.75,10336.0,-335.0,15.0,-1.12,初始止损,10.0
2019-01-09 09:35:00,2019-01-09 09:45:00,LONG,10,10370.5,10354.75,-335.0,14.5,-1.16,初始止损,10.0
2019-01-10 09:30:00,2019-01-10 10:20:00,SHORT,11,10320.0,10334.0,-330.0,14.0,-1.07,初始止损,50.0
2019-01-11 09:35:00,2019-01-11 10:00:00,SHORT,11,10353.75,10367.75,-330.0,13.5,-1.11,初始止损,25.0
2019-01-14 09:30:00,2019-01-14 09:40:00,SHORT,11,10297.5,10311.5,-330.0,13.0,-1.15,初始止损,10.0
2019-01-15 09:30:00,2019-01-15 15:55:00,LONG,12,10366.5,10451.25,2010.0,12.5,6.7,收盘平仓,385.0
2019-01-16 09:30:00,2019-01-16 10:35:00,LONG,12,10474.5,10461.25,-342.0,12.25,-1.16,初始止损,65.0
2019-01-17 09:40:00,2019-01-17 15:55:00,LONG,13,10437.25,10499.75,1599.0,11.75,5.23,收盘平仓,375.0
2019-01-18 09:40:00,2019-01-18 10:15:00,SHORT,14,10522.25,10533.75,-350.0,11.5,-1.09,初始止损,35.0
2019-01-21 09:30:00,2019-01-21 12:55:00,SHORT,14,10523.0,10534.5,-350.0,11.25,-1.11,初始止损,205.0
2019-01-22 09:45:00,2019-01-22 15:55:00,SHORT,14,10494.25,10435.25,1624.0,10.75,5.4,收盘平仓,370.0
2019-01-23 09:30:00,2019-01-23 10:15:00,LONG,15,10472.0,10461.0,-360.0,10.75,-1.12,初始止损,45.0
2019-01-24 09:45:00,2019-01-24 09:55:00,LONG,15,10468.75,10457.75,-360.0,10.75,-1.12,初始止损,10.0
2019-01-25 09:30:00,2019-01-25 09:45:00,SHORT,15,10514.5,10525.25,-352.5,10.25,-1.15,初始止损,15.0
2019-01-28 09:30:00,2019-01-28 10:20:00,SHORT,16,10448.5,10458.5,-352.0,10.0,-1.1,初始止损,50.0
2019-01-29 09:35:00,2019-01-29 09:45:00,SHORT,15,10456.0,10466.75,-352.5,10.25,-1.15,初始止损,10.0
2019-01-30 09:30:00,2019-01-30 09:45:00,LONG,15,10493.75,10483.0,-352.5,10.0,-1.18,初始止损,15.0
2019-01-31 09:45:00,2019-01-31 15:55:00,LONG,15,10630.25,10679.75,1455.0,10.25,4.73,收盘平仓,370.0
2019-02-01 09:35:00,2019-02-01 09:45:00,LONG,15,10671.5,10660.75,-352.5,10.25,-1.15,初始止损,10.0
2019-02-04 09:30:00,2019-02-04 09:35:00,LONG,16,10659.25,10649.25,-352.0,9.75,-1.13,初始止损,5.0
2019-02-05 09:30:00,2019-02-05 12:50:00,LONG,16,10764.5,10764.5,-32.0,9.5,-0.11,保本止损,200.0
2019-02-06 09:30:00,2019-02-06 09:35:00,LONG,17,10802.75,10793.25,-357.0,9.25,-1.14,初始止损,5.0
2019-02-07 09:30:00,2019-02-07 10:10:00,SHORT,17,10702.0,10711.5,-357.0,9.0,-1.17,初始止损,40.0
2019-02-08 09:30:00,2019-02-08 09:45:00,LONG,17,10637.5,10628.25,-348.5,9.25,-1.11,初始止损,15.0
2019-02-11 09:30:00,2019-02-11 09:35:00,LONG,17,10725.75,10716.5,-348.5,9.0,-1.14,初始止损,5.0
2019-02-12 09:40:00,2019-02-12 15:55:00,LONG,17,10751.0,10788.25,1232.5,8.75,4.14,收盘平仓,375.0
2019-02-13 09:30:00,2019-02-13 09:55:00,LONG,18,10828.0,10819.0,-360.0,8.5,-1.18,初始止损,25.0
2019-02-14 09:55:00,2019-02-14 10:00:00,LONG,19,10778.25,10770.0,-351.5,8.25,-1.12,初始止损,5.0
2019-02-15 09:50:00,2019-02-15 10:00:00,SHORT,19,10810.75,10819.0,-351.5,8.25,-1.12,初始止损,10.0
2019-02-18 09:45:00,2019-02-18 12:55:00,LONG,19,10839.0,10850.25,389.5,8.0,1.28,收盘平仓,190.0
2019-02-19 09:30:00,2019-02-19 15:55:00,LONG,21,10824.5,10841.75,682.5,7.5,2.17,收盘平仓,385.0
2019-02-20 09:40:00,2019-02-20 12:05:00,LONG,22,10854.25,10847.0,-363.0,7.25,-1.14,初始止损,145.0
2019-02-21 09:40:00,2019-02-21 11:05:00,SHORT,22,10805.0,10805.0,-44.0,7.0,-0.14,保本止损,85.0
2019-02-22 09:50:00,2019-02-22 14:35:00,LONG,22,10838.5,10838.5,-44.0,7.0,-0.14,保本止损,285.0
2019-02-25 09:30:00,2019-02-25 09:55:00,LONG,23,10925.75,10918.75,-368.0,6.75,-1.19,初始止损,25.0
2019-02-26 09:35:00,2019-02-26 10:55:00,LONG,23,10876.5,10876.5,-46.0,6.75,-0.15,保本止损,80.0
2019-02-27 09:30:00,2019-02-27 09:50:00,LONG,24,10876.5,10870.0,-360.0,6.5,-1.15,初始止损,20.0
2019-02-28 09:30:00,2019-02-28 10:00:00,LONG,24,10874.5,10868.0,-360.0,6.5,-1.15,初始止损,30.0
2019-03-04 09:30:00,2019-03-04 09:50:00,LONG,24,10971.25,10964.75,-360.0,6.25,-1.2,初始止损,20.0
2019-03-05 09:30:00,2019-03-05 09:35:00,SHORT,23,10916.25,10923.0,-356.5,6.5,-1.19,初始止损,5.0
2019-03-06 09:30:00,2019-03-06 15:55:00,SHORT,24,10929.75,10887.0,2004.0,6.25,6.68,收盘平仓,385.0
2019-03-07 09:30:00,2019-03-07 15:55:00,SHORT,25,10860.75,10800.0,2987.5,6.25,9.56,收盘平仓,385.0
2019-03-08 09:35:00,2019-03-08 09:40:00,LONG,26,10730.5,10724.0,-390.0,6.25,-1.2,初始止损,5.0
2019-03-11 09:30:00,2019-03-11 15:55:00,LONG,26,10836.75,10936.25,5122.0,6.25,15.76,收盘平仓,385.0
2019-03-12 09:30:00,2019-03-12 09:35:00,SHORT,27,10942.75,10949.5,-418.5,6.75,-1.15,初始止损,5.0
2019-03-13 09:50:00,2019-03-13 10:00:00,LONG,27,11023.5,11016.75,-418.5,6.5,-1.19,初始止损,10.0
2019-03-14 09:30:00,2019-03-14 09:50:00,SHORT,27,11025.75,11032.5,-418.5,6.5,-1.19,初始止损,20.0
2019-03-15 09:40:00,2019-03-15 10:10:00,LONG,28,11059.5,11053.0,-420.0,6.25,-1.2,初始止损,30.0
2019-03-18 09:30:00,2019-03-18 09:35:00,LONG,28,11093.5,11087.25,-406.0,6.25,-1.16,初始止损,5.0
2019-03-19 09:40:00,2019-03-19 09:50:00,SHORT,28,11126.5,11132.75,-406.0,6.25,-1.16,初始止损,10.0
2019-03-20 09:35:00,2019-03-20 09:40:00,SHORT,29,11106.75,11112.75,-406.0,6.0,-1.17,初始止损,5.0
2019-03-21 09:30:00,2019-03-21 15:55:00,LONG,27,11146.0,11270.5,6669.0,6.25,19.76,收盘平仓,385.0
2019-03-22 09:30:00,2019-03-22 09:40:00,LONG,29,11249.0,11242.25,-449.5,6.5,-1.19,初始止损,10.0
2019-03-25 09:35:00,2019-03-25 09:40:00,LONG,27,11112.25,11105.25,-432.0,7.0,-1.14,初始止损,5.0
2019-03-26 09:30:00,2019-03-26 10:30:00,LONG,27,11150.75,11150.75,-54.0,7.0,-0.14,保本止损,60.0
2019-03-27 09:30:00,2019-03-27 09:35:00,LONG,27,11136.5,11129.5,-432.0,7.0,-1.14,初始止损,5.0
2019-03-28 09:55:00,2019-03-28 10:50:00,LONG,26,11097.0,11089.75,-429.0,7.25,-1.14,初始止损,55.0
2019-03-29 09:40:00,2019-03-29 10:15:00,SHORT,26,11130.5,11137.75,-429.0,7.0,-1.18,初始止损,35.0
2019-04-01 09:30:00,2019-04-01 09:35:00,LONG,26,11220.0,11212.75,-429.0,7.0,-1.18,初始止损,5.0
2019-04-02 09:50:00,2019-04-02 10:15:00,SHORT,26,11241.75,11249.0,-429.0,7.0,-1.18,初始止损,25.0
2019-04-03 09:30:00,2019-04-03 09:40:00,SHORT,27,11303.25,11310.0,-418.5,6.75,-1.15,初始止损,10.0
2019-04-04 09:30:00,2019-04-04 10:15:00,LONG,27,11320.25,11320.25,-54.0,6.75,-0.15,保本止损,45.0
2019-04-05 09:50:00,2019-04-05 15:55:00,LONG,27,11337.5,11347.75,499.5,6.75,1.37,收盘平仓,365.0
2019-04-08 09:30:00,2019-04-08 10:15:00,SHORT,28,11321.75,11328.25,-420.0,6.5,-1.15,初始止损,45.0
2019-04-09 09:30:00,2019-04-09 09:35:00,SHORT,29,11335.75,11342.0,-420.5,6.25,-1.16,初始止损,5.0
2019-04-10 09:35:00,2019-04-10 09:40:00,SHORT,30,11343.25,11349.25,-420.0,6.0,-1.17,初始止损,5.0
2019-04-11 09:35:00,2019-04-11 09:40:00,SHORT,30,11371.75,11377.75,-420.0,6.0,-1.17,初始止损,5.0
2019-04-12 09:30:00,2019-04-12 09:40:00,SHORT,31,11386.75,11392.5,-418.5,5.75,-1.17,初始止损,10.0
2019-04-15 09:30:00,2019-04-15 09:40:00,LONG,32,11399.25,11393.75,-416.0,5.5,-1.18,初始止损,10.0
2019-04-16 09:30:00,2019-04-16 09:40:00,SHORT,32,11415.0,11420.5,-416.0,5.5,-1.18,初始止损,10.0
2019-04-17 09:40:00,2019-04-17 09:50:00,SHORT,33,11461.5,11466.75,-412.5,5.25,-1.19,初始止损,10.0
2019-04-18 09:50:00,2019-04-18 11:05:00,SHORT,33,11437.5,11437.5,-66.0,5.25,-0.19,保本止损,75.0
2019-04-22 09:35:00,2019-04-22 15:55:00,LONG,34,11429.0,11476.75,3179.0,5.0,9.35,收盘平仓,380.0
2019-04-23 09:35:00,2019-04-23 15:55:00,LONG,36,11501.75,11572.5,5022.0,5.0,13.95,收盘平仓,380.0
2019-04-24 09:40:00,2019-04-24 10:05:00,SHORT,37,11567.75,11573.25,-481.0,5.25,-1.24,初始止损,25.0
2019-04-25 09:30:00,2019-04-25 09:45:00,SHORT,37,11590.25,11590.25,-74.0,5.25,-0.19,保本止损,15.0
2019-04-26 09:30:00,2019-04-26 09:35:00,SHORT,37,11548.25,11553.5,-462.5,5.25,-1.19,初始止损,5.0
2019-04-29 09:30:00,2019-04-29 09:35:00,LONG,37,11592.75,11587.5,-462.5,5.25,-1.19,初始止损,5.0
2019-04-30 09:30:00,2019-04-30 09:35:00,LONG,38,11546.0,11541.0,-456.0,5.0,-1.2,初始止损,5.0
2019-05-01 09:30:00,2019-05-01 09:40:00,SHORT,36,11584.75,11590.0,-450.0,5.25,-1.19,初始止损,10.0
2019-05-02 09:35:00,2019-05-02 09:45:00,LONG,34,11520.75,11515.0,-459.0,5.5,-1.23,初始止损,10.0
2019-05-03 09:50:00,2019-05-03 10:10:00,LONG,33,11549.75,11544.0,-445.5,5.75,-1.17,初始止损,20.0
2019-05-06 09:30:00,2019-05-06 09:50:00,LONG,31,11469.0,11469.0,-62.0,6.0,-0.17,保本止损,20.0
2019-05-07 09:30:00,2019-05-07 09:40:00,LONG,29,11485.0,11478.5,-435.0,6.5,-1.15,初始止损,10.0
2019-05-08 09:35:00,2019-05-08 09:40:00,SHORT,25,11352.25,11359.75,-425.0,7.25,-1.17,初始止损,5.0
2019-05-09 09:40:00,2019-05-09 11:50:00,SHORT,25,11273.75,11273.75,-50.0,7.25,-0.14,保本止损,130.0
2019-05-10 09:35:00,2019-05-10 09:40:00,LONG,24,11320.0,11312.25,-420.0,7.5,-1.17,初始止损,5.0
2019-05-13 09:30:00,2019-05-13 09:35:00,LONG,23,11173.0,11165.0,-414.0,8.0,-1.12,初始止损,5.0
2019-05-14 09:40:00,2019-05-14 09:45:00,LONG,20,11135.5,11126.25,-410.0,9.0,-1.14,初始止损,5.0
2019-05-15 09:30:00,2019-05-15 09:40:00,LONG,20,11130.75,11121.75,-400.0,9.0,-1.11,初始止损,10.0
2019-05-16 09:35:00,2019-05-16 15:55:00,LONG,19,11293.25,11336.25,1596.0,9.5,4.42,收盘平仓,380.0
2019-05-17 09:30:00,2019-05-17 09:50:00,LONG,19,11279.75,11279.75,-38.0,9.5,-0.11,保本止损,20.0
2019-05-20 09:35:00,2019-05-20 09:40:00,SHORT,20,11115.25,11124.5,-410.0,9.25,-1.11,初始止损,5.0
2019-05-21 09:30:00,2019-05-21 09:35:00,LONG,19,11203.25,11193.5,-408.5,9.5,-1.13,初始止损,5.0
2019-05-22 09:30:00,2019-05-22 09:45:00,LONG,19,11185.25,11175.5,-408.5,9.25,-1.16,初始止损,15.0
2019-05-23 09:40:00,2019-05-23 09:45:00,SHORT,20,11064.0,11073.0,-400.0,9.0,-1.11,初始止损,5.0
2019-05-24 09:30:00,2019-05-24 09:45:00,LONG,19,11114.0,11104.5,-399.0,9.25,-1.14,初始止损,15.0
2019-05-27 10:00:00,2019-05-27 12:55:00,SHORT,19,11057.0,11062.0,-228.0,9.0,-0.67,收盘平仓,175.0
2019-05-28 09:30:00,2019-05-28 10:10:00,LONG,21,11094.0,11085.5,-399.0,8.25,-1.15,初始止损,40.0
2019-05-29 09:35:00,2019-05-29 09:40:00,SHORT,21,10960.0,10968.5,-399.0,8.25,-1.15,初始止损,5.0
2019-05-30 09:30:00,2019-05-30 10:50:00,LONG,21,10998.25,10989.75,-399.0,8.25,-1.15,初始止损,80.0
2019-05-31 09:30:00,2019-05-31 09:35:00,SHORT,21,10897.75,10906.0,-388.5,8.0,-1.16,初始止损,5.0
2019-06-03 09:30:00,2019-06-03 09:35:00,LONG,21,10874.5,10866.25,-388.5,8.0,-1.16,初始止损,5.0
2019-06-04 09:35:00,2019-06-04 09:40:00,SHORT,20,10782.0,10790.75,-390.0,8.5,-1.15,初始止损,5.0
2019-06-05 09:40:00,2019-06-05 10:00:00,SHORT,19,10949.5,10958.5,-380.0,9.0,-1.11,初始止损,20.0
2019-06-06 09:35:00,2019-06-06 09:40:00,LONG,19,10985.75,10976.75,-380.0,8.75,-1.14,初始止损,5.0
2019-06-07 09:30:00,2019-06-07 15:55:00,LONG,19,11066.25,11165.0,3714.5,8.75,11.17,收盘平仓,385.0
2019-06-10 09:30:00,2019-06-10 09:35:00,LONG,20,11245.0,11236.0,-400.0,9.0,-1.11,初始止损,5.0
2019-06-11 09:30:00,2019-06-11 09:35:00,LONG,19,11334.75,11325.25,-399.0,9.25,-1.14,初始止损,5.0
2019-06-12 09:30:00,2019-06-12 09:35:00,SHORT,19,11228.5,11238.0,-399.0,9.0,-1.17,初始止损,5.0
2019-06-13 09:35:00,2019-06-13 10:05:00,LONG,20,11260.0,11251.25,-390.0,8.75,-1.11,初始止损,30.0
2019-06-14 09:30:00,2019-06-14 09:50:00,SHORT,20,11217.0,11225.75,-390.0,8.5,-1.15,初始止损,20.0
2019-06-17 09:30:00,2019-06-17 15:55:00,LONG,21,11255.0,11277.0,882.0,8.25,2.55,收盘平仓,385.0
2019-06-18 09:30:00,2019-06-18 09:35:00,SHORT,22,11353.5,11361.5,-396.0,8.0,-1.12,初始止损,5.0
2019-06-19 09:30:00,2019-06-19 14:00:00,SHORT,21,11391.5,11391.5,-42.0,8.25,-0.12,保本止损,270.0
2019-06-20 09:30:00,2019-06-20 09:40:00,SHORT,22,11503.0,11511.0,-396.0,8.0,-1.12,初始止损,10.0
2019-06-21 10:00:00,2019-06-21 11:50:00,LONG,21,11480.75,11480.75,-42.0,8.0,-0.12,保本止损,110.0
2019-06-24 09:40:00,2019-06-24 10:10:00,SHORT,21,11486.25,11494.5,-388.5,8.0,-1.16,初始止损,30.0
2019-06-25 09:30:00,2019-06-25 15:55:00,SHORT,23,11465.25,11342.75,5589.0,7.5,16.2,收盘平仓,385.0
2019-06-26 09:30:00,2019-06-26 10:10:00,LONG,24,11407.5,11407.5,-48.0,7.75,-0.13,保本止损,40.0
2019-06-27 09:30:00,2019-06-27 09:35:00,LONG,24,11415.25,11407.25,-432.0,7.75,-1.16,初始止损,5.0
2019-06-28 09:35:00,2019-06-28 11:30:00,SHORT,25,11410.0,11410.0,-50.0,7.5,-0.13,保本止损,115.0
2019-07-01 09:45:00,2019-07-01 09:50:00,SHORT,26,11542.25,11549.5,-429.0,7.0,-1.18,初始止损,5.0
2019-07-02 09:30:00,2019-07-02 09:35:00,SHORT,25,11500.0,11507.5,-425.0,7.5,-1.13,初始止损,5.0
2019-07-03 09:30:00,2019-07-03 09:35:00,SHORT,25,11558.0,11565.5,-425.0,7.25,-1.17,初始止损,5.0
2019-07-04 09:35:00,2019-07-04 12:55:00,LONG,26,11619.75,11623.0,117.0,7.0,0.32,收盘平仓,200.0
2019-07-05 09:55:00,2019-07-05 10:05:00,SHORT,27,11529.75,11536.5,-418.5,6.75,-1.15,初始止损,10.0
2019-07-08 09:30:00,2019-07-08 10:20:00,SHORT,27,11524.75,11524.75,-54.0,6.75,-0.15,保本止损,50.0
2019-07-09 09:30:00,2019-07-09 15:55:00,LONG,27,11506.25,11571.25,3456.0,6.75,9.48,收盘平仓,385.0
2019-07-10 09:30:00,2019-07-10 10:25:00,LONG,28,11631.5,11631.5,-56.0,6.75,-0.15,保本止损,55.0
2019-07-12 09:35:00,2019-07-12 10:20:00,LONG,28,11657.5,11650.5,-448.0,6.75,-1.19,初始止损,45.0
2019-07-15 09:30:00,2019-07-15 14:05:00,SHORT,29,11695.75,11702.5,-449.5,6.5,-1.19,初始止损,275.0
2019-07-17 09:30:00,2019-07-17 09:35:00,LONG,31,11674.75,11668.5,-449.5,6.0,-1.21,初始止损,5.0
2019-07-18 09:30:00,2019-07-18 10:35:00,LONG,31,11607.0,11607.0,-62.0,6.0,-0.17,保本止损,65.0
2019-07-19 09:30:00,2019-07-19 15:55:00,SHORT,31,11680.5,11574.25,6525.5,6.0,17.54,收盘平仓,385.0
2019-07-22 09:30:00,2019-07-22 15:55:00,LONG,33,11604.25,11642.25,2442.0,6.25,5.92,收盘平仓,385.0
2019-07-23 09:30:00,2019-07-23 13:40:00,SHORT,34,11673.5,11673.5,-68.0,6.25,-0.16,保本止损,250.0
2019-07-24 09:30:00,2019-07-24 15:55:00,LONG,36,11674.5,11746.75,5130.0,6.0,11.88,收盘平仓,385.0
2019-07-25 09:35:00,2019-07-25 09:40:00,SHORT,37,11695.0,11701.25,-536.5,6.25,-1.16,初始止损,5.0
2019-07-26 09:30:00,2019-07-26 10:10:00,LONG,36,11739.25,11732.75,-540.0,6.25,-1.2,初始止损,40.0
2019-07-29 09:30:00,2019-07-29 15:40:00,SHORT,36,11728.5,11728.5,-72.0,6.25,-0.16,保本止损,370.0
2019-07-30 09:30:00,2019-07-30 15:55:00,LONG,36,11668.5,11688.0,1332.0,6.25,2.96,收盘平仓,385.0
2019-07-31 09:30:00,2019-07-31 09:40:00,SHORT,37,11693.25,11699.5,-536.5,6.25,-1.16,初始止损,10.0
2019-08-01 09:30:00,2019-08-01 13:30:00,LONG,34,11631.0,11631.0,-68.0,6.75,-0.15,保本止损,240.0
2019-08-02 09:30:00,2019-08-02 09:35:00,SHORT,30,11463.0,11470.75,-525.0,7.5,-1.17,初始止损,5.0
2019-08-05 09:30:00,2019-08-05 15:55:00,SHORT,28,11246.5,11144.0,5684.0,8.0,12.69,收盘平仓,385.0
2019-08-06 09:30:00,2019-08-06 09:35:00,LONG,26,11238.75,11229.25,-546.0,9.25,-1.14,初始止损,5.0
2019-08-07 09:35:00,2019-08-07 09:40:00,LONG,26,11177.5,11168.0,-546.0,9.25,-1.14,初始止损,5.0
2019-08-08 09:55:00,2019-08-08 15:55:00,LONG,25,11340.25,11453.25,5600.0,9.5,11.79,收盘平仓,360.0
2019-08-09 09:30:00,2019-08-09 09:40:00,LONG,26,11430.25,11420.25,-572.0,9.75,-1.13,初始止损,10.0
2019-08-12 09:30:00,2019-08-12 09:35:00,SHORT,26,11314.75,11324.75,-572.0,9.75,-1.13,初始止损,5.0
2019-08-13 09:30:00,2019-08-13 15:55:00,LONG,26,11289.75,11459.0,8749.0,9.75,17.26,收盘平仓,385.0
2019-08-14 10:00:00,2019-08-14 10:05:00,SHORT,27,11312.75,11323.25,-621.0,10.25,-1.12,初始止损,5.0
2019-08-15 09:35:00,2019-08-15 09:40:00,SHORT,25,11207.25,11218.5,-612.5,11.0,-1.11,初始止损,5.0
2019-08-19 09:30:00,2019-08-19 09:50:00,LONG,25,11451.5,11440.25,-612.5,10.75,-1.14,初始止损,20.0
2019-08-20 09:30:00,2019-08-20 10:10:00,SHORT,25,11419.5,11430.5,-600.0,10.75,-1.12,初始止损,40.0
2019-08-21 09:40:00,2019-08-21 10:10:00,LONG,26,11481.5,11471.0,-598.0,10.25,-1.12,初始止损,30.0
2019-08-22 09:40:00,2019-08-22 09:45:00,LONG,27,11490.0,11479.75,-607.5,10.0,-1.12,初始止损,5.0
2019-08-23 09:45:00,2019-08-23 09:55:00,SHORT,27,11360.5,11370.5,-594.0,10.0,-1.1,初始止损,10.0
2019-08-26 09:30:00,2019-08-26 10:45:00,SHORT,25,11273.25,11273.25,-50.0,10.75,-0.09,保本止损,75.0
2019-08-27 09:40:00,2019-08-27 09:45:00,SHORT,25,11347.75,11358.5,-587.5,10.5,-1.12,初始止损,5.0
2019-08-28 09:30:00,2019-08-28 09:40:00,SHORT,25,11238.75,11249.5,-587.5,10.5,-1.12,初始止损,10.0
2019-08-29 09:30:00,2019-08-29 10:10:00,LONG,25,11431.75,11421.0,-587.5,10.25,-1.15,初始止损,40.0
2019-08-30 09:30:00,2019-08-30 15:55:00,SHORT,25,11462.5,11412.25,2462.5,10.25,4.8,收盘平仓,385.0
2019-09-02 09:30:00,2019-09-02 10:15:00,SHORT,27,11374.25,11384.25,-594.0,10.0,-1.1,初始止损,45.0
2019-09-03 09:35:00,2019-09-03 09:40:00,LONG,27,11382.75,11372.75,-594.0,10.0,-1.1,初始止损,5.0
2019-09-04 10:05:00,2019-09-04 11:00:00,SHORT,27,11397.25,11407.25,-594.0,9.75,-1.13,初始止损,55.0
2019-09-05 09:30:00,2019-09-05 15:55:00,LONG,28,11539.0,11586.5,2604.0,9.5,4.89,收盘平仓,385.0
2019-09-06 09:30:00,2019-09-06 09:45:00,SHORT,28,11574.75,11584.5,-602.0,9.75,-1.1,初始止损,15.0
2019-09-09 09:30:00,2019-09-09 15:55:00,SHORT,29,11591.0,11558.5,1827.0,9.25,3.41,收盘平仓,385.0
2019-09-10 09:30:00,2019-09-10 10:20:00,SHORT,30,11500.0,11500.0,-60.0,9.0,-0.11,保本止损,50.0
2019-09-11 09:30:00,2019-09-11 09:35:00,SHORT,30,11544.25,11553.5,-615.0,9.0,-1.14,初始止损,5.0
2019-09-12 09:30:00,2019-09-12 09:35:00,LONG,31,11673.0,11664.0,-620.0,8.75,-1.14,初始止损,5.0
2019-09-13 09:30:00,2019-09-13 09:35:00,SHORT,31,11610.75,11619.5,-604.5,8.75,-1.11,初始止损,5.0
2019-09-16 09:30:00,2019-09-16 10:50:00,LONG,33,11568.25,11568.25,-66.0,8.25,-0.12,保本止损,80.0
2019-09-17 09:35:00,2019-09-17 09:50:00,LONG,34,11582.75,11574.75,-612.0,8.0,-1.12,初始止损,15.0
2019-09-18 09:30:00,2019-09-18 09:35:00,SHORT,34,11592.25,11600.25,-612.0,7.75,-1.16,初始止损,5.0
2019-09-19 09:30:00,2019-09-19 12:15:00,LONG,34,11645.5,11645.5,-68.0,7.75,-0.13,保本止损,165.0
2019-09-20 09:30:00,2019-09-20 09:35:00,SHORT,35,11630.5,11638.25,-612.5,7.5,-1.17,初始止损,5.0
2019-09-23 10:05:00,2019-09-23 10:20:00,SHORT,34,11517.25,11525.0,-595.0,7.75,-1.13,初始止损,15.0
2019-09-24 09:35:00,2019-09-24 10:05:00,LONG,35,11582.5,11575.0,-595.0,7.5,-1.13,初始止损,30.0
2019-09-25 09:40:00,2019-09-25 10:05:00,SHORT,32,11416.75,11416.75,-64.0,8.0,-0.12,保本止损,25.0
2019-09-26 09:30:00,2019-09-26 10:45:00,SHORT,31,11489.5,11489.5,-62.0,8.25,-0.12,保本止损,75.0
2019-09-27 09:30:00,2019-09-27 11:10:00,SHORT,31,11492.0,11492.0,-62.0,8.25,-0.12,保本止损,100.0
2019-09-30 09:30:00,2019-09-30 09:35:00,LONG,30,11432.0,11423.25,-585.0,8.5,-1.15,初始止损,5.0
2019-10-01 09:30:00,2019-10-01 10:00:00,LONG,30,11519.25,11510.5,-585.0,8.5,-1.15,初始止损,30.0
2019-10-02 09:30:00,2019-10-02 15:55:00,SHORT,30,11326.0,11266.25,3525.0,8.5,6.91,收盘平仓,385.0
2019-10-03 09:30:00,2019-10-03 09:35:00,LONG,29,11280.0,11270.75,-594.5,9.0,-1.14,初始止损,5.0
2019-10-04 09:30:00,2019-10-04 10:35:00,LONG,28,11394.25,11394.25,-56.0,9.25,-0.11,保本止损,65.0
2019-10-07 09:30:00,2019-10-07 09:35:00,LONG,28,11451.75,11442.25,-588.0,9.25,-1.14,初始止损,5.0
2019-10-08 09:35:00,2019-10-08 10:55:00,SHORT,29,11367.25,11367.25,-58.0,9.0,-0.11,保本止损,80.0
2019-10-09 09:45:00,2019-10-09 09:50:00,LONG,29,11389.5,11380.25,-594.5,9.0,-1.14,初始止损,5.0
2019-10-10 09:30:00,2019-10-10 09:35:00,LONG,29,11409.0,11400.0,-580.0,9.0,-1.11,初始止损,5.0
2019-10-11 09:30:00,2019-10-11 12:30:00,LONG,29,11553.0,11553.0,-58.0,8.75,-0.11,保本止损,180.0
2019-10-14 09:30:00,2019-10-14 09:35:00,LONG,29,11549.0,11540.0,-580.0,9.0,-1.11,初始止损,5.0
2019-10-15 09:30:00,2019-10-15 15:55:00,LONG,29,11591.75,11653.25,3509.0,8.75,6.91,收盘平仓,385.0
2019-10-16 09:55:00,2019-10-16 10:15:00,SHORT,30,11621.0,11630.0,-600.0,8.75,-1.14,初始止损,20.0
2019-10-17 09:35:00,2019-10-17 09:40:00,SHORT,32,11670.75,11679.25,-608.0,8.25,-1.15,初始止损,5.0
2019-10-18 09:45:00,2019-10-18 09:55:00,LONG,33,11653.75,11645.75,-594.0,8.0,-1.12,初始止损,10.0
2019-10-21 09:30:00,2019-10-21 09:35:00,SHORT,32,11612.75,11621.0,-592.0,8.25,-1.12,初始止损,5.0
2019-10-22 09:30:00,2019-10-22 09:35:00,LONG,32,11683.75,11675.5,-592.0,8.0,-1.16,初始止损,5.0
2019-10-23 09:30:00,2019-10-23 09:35:00,SHORT,32,11557.5,11565.75,-592.0,8.0,-1.16,初始止损,5.0
2019-10-24 09:50:00,2019-10-24 11:00:00,SHORT,33,11636.75,11644.5,-577.5,7.75,-1.13,初始止损,70.0
2019-10-25 09:30:00,2019-10-25 15:55:00,LONG,34,11648.25,11736.0,5899.0,7.5,11.57,收盘平仓,385.0
2019-10-28 09:30:00,2019-10-28 09:40:00,LONG,35,11792.5,11784.5,-630.0,7.75,-1.16,初始止损,10.0
2019-10-29 09:40:00,2019-10-29 09:50:00,SHORT,36,11792.75,11800.25,-612.0,7.5,-1.13,初始止损,10.0
2019-10-30 09:30:00,2019-10-30 10:10:00,SHORT,36,11754.25,11754.25,-72.0,7.5,-0.13,保本止损,40.0
2019-10-31 09:40:00,2019-10-31 09:45:00,SHORT,37,11793.0,11800.25,-610.5,7.25,-1.14,初始止损,5.0
2019-11-01 09:30:00,2019-11-01 09:35:00,SHORT,37,11821.75,11829.0,-610.5,7.25,-1.14,初始止损,5.0
2019-11-04 09:30:00,2019-11-04 09:45:00,LONG,38,11925.25,11918.25,-608.0,7.0,-1.14,初始止损,15.0
2019-11-05 09:30:00,2019-11-05 10:00:00,SHORT,38,11919.25,11926.25,-608.0,7.0,-1.14,初始止损,30.0
2019-11-06 09:30:00,2019-11-06 09:55:00,SHORT,39,11894.25,11901.0,-604.5,6.75,-1.15,初始止损,25.0
2019-11-07 09:35:00,2019-11-07 14:40:00,LONG,40,11952.25,11952.25,-80.0,6.5,-0.15,保本止损,305.0
2019-11-08 09:35:00,2019-11-08 09:55:00,LONG,40,11924.5,11918.0,-600.0,6.5,-1.15,初始止损,20.0
2019-11-11 09:35:00,2019-11-11 09:45:00,SHORT,41,11915.25,11921.5,-594.5,6.25,-1.16,初始止损,10.0
2019-11-12 09:30:00,2019-11-12 14:15:00,LONG,41,11961.75,11961.75,-82.0,6.25,-0.16,保本止损,285.0
2019-11-13 09:35:00,2019-11-13 09:45:00,LONG,43,11957.5,11951.5,-602.0,6.0,-1.17,初始止损,10.0
2019-11-14 09:30:00,2019-11-14 09:40:00,LONG,44,11949.75,11944.0,-594.0,5.75,-1.17,初始止损,10.0
2019-11-15 09:30:00,2019-11-15 10:15:00,SHORT,44,12001.0,12006.75,-594.0,5.75,-1.17,初始止损,45.0
2019-11-18 09:30:00,2019-11-18 10:00:00,SHORT,44,12001.25,12001.25,-88.0,5.75,-0.17,保本止损,30.0
2019-11-19 09:30:00,2019-11-19 11:35:00,SHORT,46,12055.25,12055.25,-92.0,5.5,-0.18,保本止损,125.0
2019-11-20 09:30:00,2019-11-20 09:40:00,LONG,45,12025.5,12020.0,-585.0,5.5,-1.18,初始止损,10.0
2019-11-21 09:30:00,2019-11-21 09:35:00,SHORT,43,11968.5,11974.25,-580.5,5.75,-1.17,初始止损,5.0
2019-11-22 09:30:00,2019-11-22 09:35:00,SHORT,45,11990.25,11995.75,-585.0,5.5,-1.18,初始止损,5.0
2019-11-25 09:30:00,2019-11-25 15:55:00,LONG,44,12036.25,12077.0,3498.0,5.5,7.23,收盘平仓,385.0
2019-11-26 09:40:00,2019-11-26 09:45:00,SHORT,44,12074.5,12080.25,-594.0,5.75,-1.17,初始止损,5.0
2019-11-27 09:35:00,2019-11-27 09:45:00,SHORT,46,12109.25,12114.75,-598.0,5.5,-1.18,初始止损,10.0
2019-11-29 09:30:00,2019-11-29 09:35:00,SHORT,50,12126.5,12131.5,-600.0,5.0,-1.2,初始止损,5.0
2019-12-02 09:30:00,2019-12-02 15:55:00,SHORT,50,12098.5,12016.25,8125.0,5.0,16.25,收盘平仓,385.0
2019-12-03 09:35:00,2019-12-03 09:40:00,SHORT,52,11896.75,11902.0,-650.0,5.25,-1.19,初始止损,5.0
2019-12-04 09:30:00,2019-12-04 09:35:00,SHORT,47,11993.0,11998.75,-634.5,5.75,-1.17,初始止损,5.0
2019-12-05 09:30:00,2019-12-05 09:35:00,SHORT,47,12013.75,12019.5,-634.5,5.75,-1.17,初始止损,5.0
2019-12-06 09:40:00,2019-12-06 10:15:00,LONG,49,12083.5,12078.0,-637.0,5.5,-1.18,初始止损,35.0
2019-12-09 09:30:00,2019-12-09 11:15:00,LONG,46,12098.5,12098.5,-92.0,5.75,-0.17,保本止损,105.0
2019-12-10 09:30:00,2019-12-10 09:45:00,SHORT,48,12061.5,12061.5,-96.0,5.5,-0.18,保本止损,15.0
2019-12-11 09:30:00,2019-12-11 09:45:00,SHORT,48,12073.5,12079.0,-624.0,5.5,-1.18,初始止损,15.0
2019-12-12 09:35:00,2019-12-12 09:40:00,LONG,48,12155.75,12150.25,-624.0,5.5,-1.18,初始止损,5.0
2019-12-13 10:00:00,2019-12-13 10:05:00,LONG,46,12217.75,12212.0,-621.0,5.75,-1.17,初始止损,5.0
2019-12-16 09:30:00,2019-12-16 15:55:00,LONG,45,12260.75,12278.25,1485.0,5.75,2.87,收盘平仓,385.0
2019-12-17 09:40:00,2019-12-17 10:05:00,SHORT,46,12278.5,12284.25,-621.0,5.75,-1.17,初始止损,25.0
2019-12-18 09:30:00,2019-12-18 09:45:00,LONG,48,12299.25,12293.75,-624.0,5.5,-1.18,初始止损,15.0
2019-12-19 09:30:00,2019-12-19 10:05:00,LONG,50,12309.0,12303.75,-625.0,5.25,-1.19,初始止损,35.0
2019-12-20 09:40:00,2019-12-20 09:55:00,SHORT,49,12368.75,12374.0,-612.5,5.25,-1.19,初始止损,15.0
2019-12-23 09:40:00,2019-12-23 10:55:00,SHORT,49,12404.25,12409.5,-612.5,5.25,-1.19,初始止损,75.0
2019-12-24 09:30:00,2019-12-24 10:05:00,SHORT,51,12399.75,12399.75,-102.0,5.0,-0.2,保本止损,35.0
2019-12-26 09:35:00,2019-12-26 15:55:00,LONG,54,12428.5,12478.0,5238.0,4.75,10.21,收盘平仓,380.0
2019-12-27 09:35:00,2019-12-27 09:40:00,SHORT,57,12498.0,12502.75,-655.5,4.75,-1.21,初始止损,5.0
2019-12-30 09:30:00,2019-12-30 15:55:00,SHORT,57,12443.5,12408.25,3904.5,4.75,7.21,收盘平仓,385.0
2019-12-31 09:30:00,2019-12-31 10:05:00,LONG,56,12395.0,12395.0,-112.0,5.0,-0.2,保本止损,35.0
2020-01-02 09:30:00,2020-01-02 09:50:00,LONG,56,12511.5,12511.5,-112.0,5.0,-0.2,保本止损,20.0
2020-01-03 09:30:00,2020-01-03 09:35:00,LONG,51,12501.0,12495.5,-663.0,5.5,-1.18,初始止损,5.0
2020-01-06 09:30:00,2020-01-06 09:35:00,LONG,48,12440.75,12435.0,-648.0,5.75,-1.17,初始止损,5.0
2020-01-07 09:35:00,2020-01-07 09:50:00,SHORT,46,12522.0,12528.0,-644.0,6.0,-1.17,初始止损,15.0
2020-01-08 09:30:00,2020-01-08 09:35:00,LONG,48,12551.5,12545.75,-648.0,5.75,-1.17,初始止损,5.0
2020-01-09 09:30:00,2020-01-09 09:35:00,LONG,45,12689.25,12683.25,-630.0,6.0,-1.17,初始止损,5.0
2020-01-10 09:30:00,2020-01-10 09:35:00,SHORT,43,12695.75,12702.0,-623.5,6.25,-1.16,初始止损,5.0
2020-01-13 09:30:00,2020-01-13 09:40:00,LONG,45,12695.5,12689.5,-630.0,6.0,-1.17,初始止损,10.0
2020-01-14 09:35:00,2020-01-14 10:10:00,SHORT,43,12743.75,12743.75,-86.0,6.25,-0.16,保本止损,35.0
2020-01-15 09:30:00,2020-01-15 12:50:00,LONG,44,12742.75,12742.75,-88.0,6.0,-0.17,保本止损,200.0
2020-01-16 09:30:00,2020-01-16 09:35:00,LONG,44,12782.25,12776.25,-616.0,6.0,-1.17,初始止损,5.0
2020-01-17 09:30:00,2020-01-17 09:55:00,SHORT,44,12835.5,12835.5,-88.0,6.0,-0.17,保本止损,25.0
2020-01-20 09:30:00,2020-01-20 10:30:00,LONG,44,12846.0,12840.0,-616.0,6.0,-1.17,初始止损,60.0
2020-01-21 09:30:00,2020-01-21 09:35:00,LONG,46,12839.75,12834.0,-621.0,5.75,-1.17,初始止损,5.0
2020-01-22 09:35:00,2020-01-22 09:50:00,LONG,47,12910.75,12905.25,-611.0,5.5,-1.18,初始止损,15.0
2020-01-23 09:30:00,2020-01-23 09:35:00,SHORT,47,12841.75,12847.25,-611.0,5.5,-1.18,初始止损,5.0
2020-01-24 09:30:00,2020-01-24 09:35:00,SHORT,47,12940.75,12946.25,-611.0,5.5,-1.18,初始止损,5.0
2020-01-27 09:50:00,2020-01-27 09:55:00,LONG,42,12665.5,12659.25,-609.0,6.0,-1.21,初始止损,5.0
2020-01-28 09:35:00,2020-01-28 09:40:00,SHORT,37,12683.75,12690.75,-592.0,6.75,-1.19,初始止损,5.0
2020-01-29 09:45:00,2020-01-29 11:10:00,SHORT,35,12797.25,12797.25,-70.0,7.25,-0.14,保本止损,85.0
2020-01-30 09:30:00,2020-01-30 09:55:00,LONG,34,12767.0,12767.0,-68.0,7.25,-0.14,保本止损,25.0
2020-01-31 09:30:00,2020-01-31 15:55:00,SHORT,34,12827.25,12672.0,10489.0,7.25,21.28,收盘平仓,385.0
2020-02-03 09:30:00,2020-02-03 15:55:00,LONG,35,12746.0,12808.25,4287.5,8.0,7.66,收盘平仓,385.0
2020-02-04 09:30:00,2020-02-04 09:35:00,SHORT,36,12919.75,12928.0,-666.0,8.25,-1.12,初始止损,5.0
2020-02-05 09:30:00,2020-02-05 15:55:00,SHORT,32,13105.75,13052.5,3344.0,9.0,5.81,收盘平仓,385.0
2020-02-06 09:30:00,2020-02-06 09:45:00,SHORT,33,13057.0,13066.25,-676.5,9.0,-1.14,初始止损,15.0
2020-02-07 09:30:00,2020-02-07 09:35:00,SHORT,34,13067.0,13076.0,-680.0,8.75,-1.14,初始止损,5.0
2020-02-10 09:30:00,2020-02-10 15:55:00,LONG,34,13091.75,13201.75,7412.0,8.75,12.46,收盘平仓,385.0
2020-02-11 09:30:00,2020-02-11 09:40:00,SHORT,37,13230.0,13238.75,-721.5,8.75,-1.11,初始止损,10.0
2020-02-12 09:30:00,2020-02-12 09:35:00,LONG,36,13275.0,13266.0,-720.0,8.75,-1.14,初始止损,5.0
2020-02-13 09:30:00,2020-02-13 10:00:00,LONG,36,13246.5,13237.5,-720.0,8.75,-1.14,初始止损,30.0
2020-02-14 09:30:00,2020-02-14 09:35:00,LONG,37,13314.75,13306.25,-703.0,8.5,-1.12,初始止损,5.0
2020-02-17 09:30:00,2020-02-17 12:55:00,LONG,38,13338.0,13343.25,323.0,8.25,0.52,收盘平仓,205.0
2020-02-18 09:30:00,2020-02-18 09:35:00,LONG,39,13286.0,13278.0,-702.0,8.0,-1.12,初始止损,5.0
2020-02-19 09:35:00,2020-02-19 15:55:00,LONG,40,13380.75,13405.0,1860.0,7.75,3.0,收盘平仓,380.0
2020-02-20 09:30:00,2020-02-20 09:35:00,LONG,39,13391.5,13383.25,-721.5,8.0,-1.16,初始止损,5.0
2020-02-21 09:30:00,2020-02-21 15:55:00,SHORT,37,13255.25,13128.75,9287.0,8.5,14.76,收盘平仓,385.0
2020-02-24 09:40:00,2020-02-24 09:45:00,LONG,38,12854.0,12845.0,-760.0,9.0,-1.11,初始止损,5.0
2020-02-25 09:30:00,2020-02-25 09:35:00,SHORT,32,12812.0,12822.75,-752.0,10.5,-1.12,初始止损,5.0
2020-02-26 09:35:00,2020-02-26 09:45:00,LONG,28,12640.0,12640.0,-56.0,12.0,-0.08,保本止损,10.0
2020-02-27 09:30:00,2020-02-27 09:35:00,SHORT,27,12315.0,12327.5,-729.0,12.25,-1.1,初始止损,5.0
2020-02-28 09:30:00,2020-02-28 09:40:00,LONG,24,11951.75,11951.75,-48.0,13.75,-0.07,保本止损,10.0
2020-03-02 09:35:00,2020-03-02 09:40:00,SHORT,22,12170.25,12185.75,-726.0,14.75,-1.12,初始止损,5.0
2020-03-03 09:35:00,2020-03-03 09:40:00,SHORT,21,12501.75,12517.75,-714.0,16.0,-1.06,初始止损,5.0
2020-03-04 09:35:00,2020-03-04 09:40:00,SHORT,19,12378.25,12395.75,-703.0,17.5,-1.06,初始止损,5.0
2020-03-05 09:30:00,2020-03-05 09:45:00,LONG,18,12436.5,12418.0,-702.0,18.25,-1.07,初始止损,15.0
2020-03-06 09:30:00,2020-03-06 09:45:00,LONG,17,12100.5,12081.0,-697.0,18.75,-1.09,初始止损,15.0
2020-03-09 09:30:00,2020-03-09 09:45:00,SHORT,17,11527.5,11546.75,-688.5,19.25,-1.05,初始止损,15.0
2020-03-10 09:35:00,2020-03-10 09:55:00,SHORT,14,11846.75,11870.0,-679.0,21.75,-1.11,初始止损,20.0
2020-03-11 09:30:00,2020-03-11 09:35:00,LONG,14,11875.75,11852.5,-679.0,22.5,-1.08,初始止损,5.0
2020-03-12 09:30:00,2020-03-12 09:55:00,SHORT,13,11135.75,11135.75,-26.0,23.5,-0.04,保本止损,25.0
2020-03-13 09:30:00,2020-03-13 09:35:00,LONG,12,11322.75,11296.0,-666.0,25.75,-1.08,初始止损,5.0
2020-03-16 09:30:00,2020-03-16 10:35:00,SHORT,11,11186.75,11186.75,-22.0,27.75,-0.04,保本止损,65.0
2020-03-17 09:35:00,2020-03-17 09:45:00,SHORT,10,10882.5,10914.5,-660.0,30.5,-1.08,初始止损,10.0
2020-03-18 09:30:00,2020-03-18 09:35:00,LONG,10,10930.75,10899.0,-655.0,31.5,-1.04,初始止损,5.0
2020-03-19 09:30:00,2020-03-19 09:50:00,SHORT,9,10901.0,10936.0,-648.0,32.75,-1.1,初始止损,20.0
2020-03-20 09:35:00,2020-03-20 10:00:00,SHORT,9,11176.0,11210.75,-643.5,33.0,-1.08,初始止损,25.0
2020-03-23 09:30:00,2020-03-23 09:50:00,SHORT,9,10782.75,10782.75,-18.0,33.5,-0.03,保本止损,20.0
2020-03-24 09:30:00,2020-03-24 09:35:00,LONG,9,11221.75,11187.0,-643.5,33.25,-1.08,初始止损,5.0
2020-03-25 09:30:00,2020-03-25 09:45:00,LONG,9,11407.0,11372.5,-639.0,33.75,-1.05,初始止损,15.0
2020-03-26 09:30:00,2020-03-26 09:50:00,LONG,9,11377.0,11342.75,-634.5,33.25,-1.06,初始止损,20.0
2020-03-27 09:40:00,2020-03-27 09:55:00,SHORT,9,11405.5,11439.5,-630.0,33.25,-1.05,初始止损,15.0
2020-03-30 09:30:00,2020-03-30 09:35:00,LONG,9,11515.0,11481.25,-625.5,32.5,-1.07,初始止损,5.0
2020-03-31 10:00:00,2020-03-31 12:25:00,LONG,9,11661.5,11661.5,-18.0,32.0,-0.03,保本止损,145.0
2020-04-01 09:30:00,2020-04-01 12:10:00,LONG,9,11400.75,11367.25,-621.0,31.0,-1.11,初始止损,160.0
2020-04-02 09:30:00,2020-04-02 09:40:00,LONG,9,11301.75,11268.5,-616.5,30.75,-1.11,初始止损,10.0
2020-04-03 09:40:00,2020-04-03 09:50:00,LONG,10,11448.0,11418.25,-615.0,29.75,-1.03,初始止损,10.0
2020-04-06 09:30:00,2020-04-06 09:45:00,SHORT,10,11572.0,11601.75,-615.0,29.0,-1.06,初始止损,15.0
2020-04-07 09:30:00,2020-04-07 15:55:00,SHORT,9,12065.0,11846.0,3924.0,30.0,7.27,收盘平仓,385.0
2020-04-08 09:45:00,2020-04-08 10:50:00,SHORT,10,11899.25,11930.0,-635.0,29.25,-1.09,初始止损,65.0
2020-04-09 09:30:00,2020-04-09 09:35:00,SHORT,10,12051.25,12081.75,-630.0,28.25,-1.12,初始止损,5.0
2020-04-13 09:35:00,2020-04-13 09:40:00,LONG,11,12042.0,12014.5,-627.0,27.25,-1.05,初始止损,5.0
2020-04-14 09:30:00,2020-04-14 15:55:00,LONG,11,12311.75,12487.5,3844.5,26.25,6.66,收盘平仓,385.0
2020-04-15 09:30:00,2020-04-15 09:40:00,LONG,11,12355.0,12326.5,-649.0,26.5,-1.11,初始止损,10.0
2020-04-16 09:30:00,2020-04-16 10:30:00,SHORT,12,12475.75,12475.75,-24.0,25.75,-0.04,保本止损,60.0
2020-04-17 09:30:00,2020-04-17 10:05:00,SHORT,12,12623.0,12648.75,-642.0,25.0,-1.07,初始止损,35.0
2020-04-20 09:30:00,2020-04-20 09:55:00,LONG,12,12563.75,12538.0,-642.0,24.0,-1.11,初始止损,25.0
2020-04-21 09:35:00,2020-04-21 09:45:00,SHORT,13,12354.5,12378.0,-637.0,23.0,-1.07,初始止损,10.0
2020-04-22 09:30:00,2020-04-22 09:35:00,SHORT,12,12357.25,12382.75,-636.0,23.5,-1.13,初始止损,5.0
2020-04-23 09:30:00,2020-04-23 12:40:00,LONG,12,12525.75,12500.5,-630.0,23.5,-1.12,初始止损,190.0
2020-04-24 09:30:00,2020-04-24 10:30:00,SHORT,13,12436.75,12460.0,-630.5,22.75,-1.07,初始止损,60.0
2020-04-27 09:30:00,2020-04-27 09:50:00,SHORT,13,12637.75,12660.75,-624.0,22.25,-1.08,初始止损,20.0
2020-04-28 09:30:00,2020-04-28 15:55:00,SHORT,13,12692.25,12472.0,5700.5,21.25,10.32,收盘平仓,385.0
2020-04-29 09:30:00,2020-04-29 09:45:00,SHORT,14,12653.25,12675.75,-658.0,21.0,-1.12,初始止损,15.0
2020-04-30 09:35:00,2020-04-30 09:45:00,SHORT,14,12765.75,12788.0,-651.0,21.25,-1.09,初始止损,10.0
2020-05-01 09:30:00,2020-05-01 09:35:00,LONG,15,12646.0,12625.25,-652.5,20.5,-1.06,初始止损,5.0
2020-05-04 09:50:00,2020-05-04 13:10:00,LONG,15,12522.0,12522.0,-30.0,20.5,-0.05,保本止损,200.0
2020-05-05 09:30:00,2020-05-05 15:30:00,LONG,15,12736.25,12736.25,-30.0,20.0,-0.05,保本止损,360.0
2020-05-06 09:30:00,2020-05-06 09:55:00,LONG,15,12808.5,12788.0,-645.0,19.75,-1.09,初始止损,25.0
2020-05-07 09:45:00,2020-05-07 11:40:00,SHORT,16,12882.5,12901.75,-648.0,19.0,-1.07,初始止损,115.0
2020-05-08 09:30:00,2020-05-08 09:45:00,SHORT,16,12940.5,12959.5,-640.0,18.5,-1.08,初始止损,15.0
2020-05-11 09:30:00,2020-05-11 15:55:00,LONG,16,12984.0,13092.25,3432.0,18.0,5.96,收盘平仓,385.0
2020-05-12 09:30:00,2020-05-12 10:35:00,SHORT,17,13109.25,13109.25,-34.0,17.75,-0.06,保本止损,65.0
2020-05-13 09:30:00,2020-05-13 09:40:00,SHORT,17,12879.0,12897.5,-663.0,17.75,-1.1,初始止损,10.0
2020-05-14 09:30:00,2020-05-14 09:40:00,LONG,17,12748.0,12729.75,-654.5,18.25,-1.05,初始止损,10.0
2020-05-15 09:35:00,2020-05-15 09:45:00,LONG,16,12794.5,12775.25,-648.0,18.25,-1.11,初始止损,10.0
2020-05-18 09:30:00,2020-05-18 09:35:00,SHORT,17,13059.25,13077.25,-646.0,18.0,-1.06,初始止损,5.0
2020-05-19 09:35:00,2020-05-19 09:45:00,LONG,17,13166.5,13148.5,-646.0,17.75,-1.07,初始止损,10.0
2020-05-20 09:30:00,2020-05-20 15:55:00,LONG,17,13221.75,13285.5,2133.5,17.25,3.64,收盘平仓,385.0
2020-05-21 09:35:00,2020-05-21 09:50:00,LONG,17,13302.0,13283.75,-654.5,17.25,-1.12,初始止损,15.0
2020-05-22 09:35:00,2020-05-22 09:40:00,SHORT,18,13125.75,13142.75,-648.0,16.75,-1.07,初始止损,5.0
2020-05-25 09:35:00,2020-05-25 12:55:00,LONG,19,13329.5,13336.0,209.0,16.0,0.34,收盘平仓,200.0
2020-05-26 09:30:00,2020-05-26 15:55:00,SHORT,19,13342.75,13193.5,5633.5,15.5,9.56,收盘平仓,385.0
2020-05-27 09:30:00,2020-05-27 14:00:00,SHORT,20,13161.5,13161.5,-40.0,15.5,-0.06,保本止损,270.0
2020-05-28 09:30:00,2020-05-28 15:50:00,LONG,20,13207.0,13207.0,-40.0,16.0,-0.06,保本止损,380.0
2020-05-29 09:45:00,2020-05-29 09:55:00,LONG,20,13278.75,13262.75,-680.0,15.75,-1.08,初始止损,10.0
2020-06-01 09:30:00,2020-06-01 09:35:00,LONG,20,13343.75,13327.75,-680.0,15.75,-1.08,初始止损,5.0
2020-06-02 09:30:00,2020-06-02 10:05:00,SHORT,21,13391.0,13406.25,-682.5,15.0,-1.08,初始止损,35.0
2020-06-03 09:55:00,2020-06-03 10:10:00,LONG,21,13502.75,13487.75,-672.0,14.75,-1.08,初始止损,15.0
2020-06-04 09:35:00,2020-06-04 11:05:00,LONG,22,13496.5,13496.5,-44.0,14.25,-0.07,保本止损,90.0
2020-06-05 09:35:00,2020-06-05 15:55:00,LONG,22,13532.5,13621.5,3872.0,14.25,6.18,收盘平仓,380.0
2020-06-08 09:40:00,2020-06-08 10:45:00,SHORT,22,13607.5,13607.5,-44.0,14.25,-0.07,保本止损,65.0
2020-06-09 09:30:00,2020-06-09 15:55:00,LONG,23,13672.75,13769.5,4404.5,14.0,6.84,收盘平仓,385.0
2020-06-10 09:30:00,2020-06-10 09:35:00,SHORT,24,13833.75,13847.75,-720.0,14.0,-1.07,初始止损,5.0
2020-06-11 09:35:00,2020-06-11 09:40:00,SHORT,24,13696.0,13710.0,-720.0,14.0,-1.07,初始止损,5.0
2020-06-12 09:30:00,2020-06-12 09:35:00,LONG,21,13611.25,13595.25,-714.0,15.75,-1.08,初始止损,5.0
2020-06-15 09:30:00,2020-06-15 09:35:00,SHORT,20,13404.5,13421.0,-700.0,16.5,-1.06,初始止损,5.0
2020-06-16 09:30:00,2020-06-16 09:40:00,SHORT,19,13874.5,13892.0,-703.0,17.0,-1.09,初始止损,10.0
2020-06-17 09:35:00,2020-06-17 09:40:00,SHORT,19,13909.0,13926.25,-693.5,17.0,-1.07,初始止损,5.0
2020-06-18 09:30:00,2020-06-18 09:35:00,LONG,19,13892.75,13875.5,-693.5,16.5,-1.11,初始止损,5.0
2020-06-22 09:35:00,2020-06-22 09:40:00,SHORT,20,13894.0,13910.25,-690.0,15.5,-1.11,初始止损,5.0
2020-06-23 09:30:00,2020-06-23 09:35:00,SHORT,21,14082.5,14097.75,-682.5,15.25,-1.07,初始止损,5.0
2020-06-24 09:30:00,2020-06-24 09:50:00,LONG,20,14101.5,14085.5,-680.0,15.25,-1.11,初始止损,20.0
2020-06-25 09:35:00,2020-06-25 10:15:00,SHORT,20,13891.0,13891.0,-40.0,15.75,-0.06,保本止损,40.0
2020-06-26 09:35:00,2020-06-26 15:55:00,SHORT,20,13961.25,13758.5,8070.0,15.75,12.81,收盘平仓,380.0
2020-06-29 09:30:00,2020-06-29 10:00:00,SHORT,21,13729.5,13729.5,-42.0,16.0,-0.06,保本止损,30.0
2020-06-30 09:30:00,2020-06-30 15:55:00,LONG,21,13892.25,14065.75,7245.0,16.0,10.78,收盘平仓,385.0
2020-07-01 09:30:00,2020-07-01 09:35:00,LONG,22,14092.0,14075.5,-770.0,16.0,-1.09,初始止损,5.0
2020-07-02 09:30:00,2020-07-02 09:35:00,LONG,22,14312.0,14295.5,-770.0,16.0,-1.09,初始止损,5.0
2020-07-06 09:50:00,2020-07-06 15:55:00,LONG,24,14414.75,14508.75,4464.0,14.75,6.31,收盘平仓,365.0
2020-07-07 09:30:00,2020-07-07 09:35:00,LONG,24,14531.25,14515.75,-792.0,15.25,-1.08,初始止损,5.0
2020-07-08 09:30:00,2020-07-08 11:00:00,LONG,24,14523.0,14507.5,-792.0,15.25,-1.08,初始止损,90.0
2020-07-09 09:30:00,2020-07-09 09:35:00,LONG,24,14659.5,14644.25,-780.0,15.0,-1.08,初始止损,5.0
2020-07-10 09:30:00,2020-07-10 10:10:00,SHORT,24,14609.75,14609.75,-48.0,15.0,-0.07,保本止损,40.0
2020-07-13 09:30:00,2020-07-13 10:00:00,LONG,24,14865.75,14865.75,-48.0,15.0,-0.07,保本止损,30.0
2020-07-14 09:30:00,2020-07-14 09:35:00,LONG,22,14498.25,14481.75,-770.0,16.5,-1.06,初始止损,5.0
2020-07-15 09:35:00,2020-07-15 09:40:00,SHORT,21,14608.75,14626.0,-766.5,17.25,-1.06,初始止损,5.0
2020-07-16 09:30:00,2020-07-16 09:35:00,SHORT,21,14463.5,14480.75,-766.5,17.0,-1.07,初始止损,5.0
2020-07-17 09:40:00,2020-07-17 09:55:00,SHORT,21,14502.75,14519.75,-756.0,17.0,-1.06,初始止损,15.0
2020-07-20 09:35:00,2020-07-20 09:45:00,SHORT,21,14556.75,14573.75,-756.0,16.5,-1.09,初始止损,10.0
2020-07-21 09:30:00,2020-07-21 15:55:00,SHORT,20,14902.5,14741.25,6410.0,17.25,9.29,收盘平仓,385.0
2020-07-22 09:50:00,2020-07-22 10:10:00,LONG,21,14801.0,14783.25,-787.5,17.25,-1.09,初始止损,20.0
2020-07-23 09:30:00,2020-07-23 09:35:00,SHORT,22,14725.75,14742.5,-781.0,16.75,-1.06,初始止损,5.0
2020-07-24 09:30:00,2020-07-24 10:00:00,SHORT,21,14323.25,14323.25,-42.0,17.5,-0.06,保本止损,30.0
2020-07-27 09:30:00,2020-07-27 11:15:00,LONG,21,14478.75,14478.75,-42.0,17.5,-0.06,保本止损,105.0
2020-07-28 09:30:00,2020-07-28 10:15:00,SHORT,21,14529.25,14529.25,-42.0,17.5,-0.06,保本止损,45.0
2020-07-29 09:40:00,2020-07-29 09:55:00,SHORT,21,14501.25,14518.75,-777.0,17.0,-1.09,初始止损,15.0
2020-07-30 09:30:00,2020-07-30 09:35:00,LONG,21,14519.25,14501.75,-777.0,16.75,-1.1,初始止损,5.0
2020-07-31 09:30:00,2020-07-31 09:45:00,SHORT,22,14753.0,14753.0,-44.0,16.5,-0.06,保本止损,15.0
2020-08-03 09:30:00,2020-08-03 10:20:00,LONG,21,14933.0,14933.0,-42.0,16.5,-0.06,保本止损,50.0
2020-08-04 09:30:00,2020-08-04 09:35:00,LONG,22,14956.0,14939.5,-770.0,16.25,-1.08,初始止损,5.0
2020-08-05 09:30:00,2020-08-05 09:35:00,SHORT,22,14989.75,15006.25,-770.0,15.75,-1.11,初始止损,5.0
2020-08-06 09:35:00,2020-08-06 09:55:00,SHORT,23,15005.25,15020.75,-759.0,15.0,-1.1,初始止损,20.0
2020-08-07 09:45:00,2020-08-07 10:00:00,LONG,23,15162.5,15147.0,-759.0,15.0,-1.1,初始止损,15.0
2020-08-10 09:30:00,2020-08-10 09:35:00,SHORT,23,15038.25,15053.5,-747.5,15.0,-1.08,初始止损,5.0
2020-08-11 09:30:00,2020-08-11 09:35:00,SHORT,23,14894.5,14909.75,-747.5,15.25,-1.07,初始止损,5.0
2020-08-12 09:30:00,2020-08-12 15:55:00,LONG,22,14910.25,15063.25,6688.0,15.25,9.97,收盘平仓,385.0
2020-08-13 09:35:00,2020-08-13 09:40:00,LONG,23,15138.75,15122.75,-782.0,16.0,-1.06,初始止损,5.0
2020-08-14 09:30:00,2020-08-14 09:35:00,SHORT,23,15084.25,15100.25,-782.0,15.5,-1.1,初始止损,5.0
2020-08-17 09:35:00,2020-08-17 15:55:00,LONG,24,15155.0,15201.5,2184.0,15.0,3.03,收盘平仓,380.0
2020-08-18 09:35:00,2020-08-18 09:40:00,LONG,25,15292.75,15278.0,-787.5,14.75,-1.07,初始止损,5.0
2020-08-19 09:35:00,2020-08-19 09:40:00,LONG,25,15313.5,15298.75,-787.5,14.5,-1.09,初始止损,5.0
2020-08-20 09:35:00,2020-08-20 15:55:00,LONG,25,15233.75,15391.25,7825.0,14.25,10.98,收盘平仓,380.0
2020-08-24 09:35:00,2020-08-24 09:45:00,LONG,27,15631.75,15617.25,-837.0,14.0,-1.11,初始止损,10.0
2020-08-26 09:30:00,2020-08-26 09:50:00,LONG,28,15697.25,15683.5,-826.0,13.75,-1.07,初始止损,20.0
2020-08-27 09:35:00,2020-08-27 09:40:00,SHORT,27,15837.75,15852.0,-823.5,14.25,-1.07,初始止损,5.0
2020-08-28 09:30:00,2020-08-28 09:35:00,LONG,26,15911.75,15897.0,-819.0,14.25,-1.11,初始止损,5.0
2020-08-31 09:40:00,2020-08-31 09:45:00,LONG,27,15958.0,15944.0,-810.0,13.75,-1.09,初始止损,5.0
2020-09-01 09:30:00,2020-09-01 09:35:00,SHORT,27,16062.0,16076.0,-810.0,13.75,-1.09,初始止损,5.0
2020-09-02 09:30:00,2020-09-02 13:30:00,SHORT,26,16314.5,16314.5,-52.0,14.0,-0.07,保本止损,240.0
2020-09-03 09:30:00,2020-09-03 09:35:00,SHORT,26,16096.75,16111.25,-806.0,14.25,-1.09,初始止损,5.0
2020-09-04 09:30:00,2020-09-04 09:35:00,LONG,21,15724.25,15706.5,-787.5,17.25,-1.09,初始止损,5.0
2020-09-07 09:30:00,2020-09-07 12:55:00,LONG,18,15378.5,15418.5,1404.0,19.75,1.97,收盘平仓,205.0
2020-09-08 09:35:00,2020-09-08 09:40:00,LONG,19,15159.75,15140.0,-788.5,19.25,-1.08,初始止损,5.0
2020-09-10 09:30:00,2020-09-10 09:35:00,LONG,17,15457.75,15435.75,-782.0,21.0,-1.1,初始止损,5.0
2020-09-11 09:30:00,2020-09-11 09:35:00,SHORT,16,15108.25,15131.25,-768.0,22.25,-1.08,初始止损,5.0
2020-09-14 09:40:00,2020-09-14 12:35:00,LONG,16,15161.5,15161.5,-32.0,22.5,-0.04,保本止损,175.0
2020-09-15 09:35:00,2020-09-15 10:15:00,LONG,16,15331.0,15308.0,-768.0,22.0,-1.09,初始止损,40.0
2020-09-16 09:40:00,2020-09-16 09:55:00,SHORT,16,15318.25,15341.0,-760.0,21.75,-1.09,初始止损,15.0
2020-09-17 09:30:00,2020-09-17 12:10:00,LONG,16,14875.5,14875.5,-32.0,21.5,-0.05,保本止损,160.0
2020-09-18 09:30:00,2020-09-18 15:55:00,SHORT,16,14979.0,14812.25,5304.0,21.75,7.62,收盘平仓,385.0
2020-09-21 09:30:00,2020-09-21 09:35:00,LONG,17,14674.25,14652.0,-790.5,22.25,-1.04,初始止损,5.0
2020-09-22 09:30:00,2020-09-22 10:10:00,SHORT,16,14934.0,14934.0,-32.0,22.25,-0.04,保本止损,40.0
2020-09-23 09:30:00,2020-09-23 09:40:00,SHORT,16,15014.5,15038.0,-784.0,22.25,-1.1,初始止损,10.0
2020-09-24 09:40:00,2020-09-24 15:55:00,LONG,16,14655.0,14772.75,3736.0,22.5,5.19,收盘平仓,375.0
2020-09-25 09:30:00,2020-09-25 09:40:00,SHORT,16,14770.5,14794.5,-800.0,22.75,-1.1,初始止损,10.0
2020-09-28 09:30:00,2020-09-28 13:25:00,SHORT,16,15206.5,15206.5,-32.0,22.75,-0.04,保本止损,235.0
2020-09-29 10:05:00,2020-09-29 10:25:00,LONG,16,15267.5,15243.5,-800.0,22.5,-1.11,初始止损,20.0
2020-09-30 09:30:00,2020-09-30 09:35:00,LONG,17,15237.75,15215.5,-790.5,21.25,-1.09,初始止损,5.0
2020-10-01 09:45:00,2020-10-01 13:05:00,SHORT,17,15433.75,15456.0,-790.5,21.0,-1.11,初始止损,200.0
2020-10-02 09:30:00,2020-10-02 11:30:00,LONG,18,15256.25,15256.25,-36.0,20.5,-0.05,保本止损,120.0
2020-10-05 09:30:00,2020-10-05 15:55:00,LONG,17,15240.5,15383.0,4811.0,21.0,6.74,收盘平仓,385.0
2020-10-06 09:30:00,2020-10-06 09:40:00,LONG,18,15362.0,15340.25,-819.0,21.0,-1.08,初始止损,10.0
2020-10-07 09:30:00,2020-10-07 10:00:00,LONG,18,15314.25,15292.75,-810.0,21.0,-1.07,初始止损,30.0
2020-10-08 09:30:00,2020-10-08 11:10:00,SHORT,18,15445.75,15445.75,-36.0,20.75,-0.05,保本止损,100.0
2020-10-09 09:40:00,2020-10-09 15:55:00,LONG,19,15514.25,15605.75,3439.0,19.75,4.58,收盘平仓,375.0
2020-10-12 09:30:00,2020-10-12 09:35:00,SHORT,20,15796.25,15816.0,-830.0,19.25,-1.08,初始止损,5.0
2020-10-13 09:30:00,2020-10-13 10:00:00,SHORT,19,15990.5,15990.5,-38.0,20.5,-0.05,保本止损,30.0
2020-10-14 09:30:00,2020-10-14 09:35:00,SHORT,19,15982.25,16003.0,-826.5,20.0,-1.09,初始止损,5.0
2020-10-15 09:30:00,2020-10-15 10:05:00,LONG,19,15710.75,15710.75,-38.0,19.75,-0.05,保本止损,35.0
2020-10-16 09:35:00,2020-10-16 09:40:00,SHORT,19,15834.5,15855.0,-817.0,19.75,-1.09,初始止损,5.0
2020-10-19 09:35:00,2020-10-19 09:50:00,LONG,20,15829.5,15810.25,-810.0,19.25,-1.05,初始止损,15.0
2020-10-20 09:35:00,2020-10-20 09:40:00,SHORT,19,15543.75,15564.0,-807.5,20.0,-1.06,初始止损,5.0
2020-10-21 09:30:00,2020-10-21 10:55:00,LONG,19,15587.0,15587.0,-38.0,19.5,-0.05,保本止损,85.0
2020-10-22 09:30:00,2020-10-22 09:35:00,LONG,20,15600.75,15581.75,-800.0,19.0,-1.05,初始止损,5.0
2020-10-23 09:30:00,2020-10-23 10:30:00,SHORT,20,15522.25,15522.25,-40.0,18.75,-0.05,保本止损,60.0
2020-10-26 09:30:00,2020-10-26 10:30:00,LONG,21,15507.5,15507.5,-42.0,18.0,-0.06,保本止损,60.0
2020-10-27 09:30:00,2020-10-27 09:35:00,SHORT,20,15406.75,15425.75,-800.0,18.75,-1.07,初始止损,5.0
2020-10-28 09:30:00,2020-10-28 15:55:00,SHORT,20,15256.25,15031.75,8940.0,18.0,12.42,收盘平仓,385.0
2020-10-29 09:30:00,2020-10-29 09:35:00,LONG,20,15119.75,15099.5,-850.0,19.25,-1.1,初始止损,5.0
2020-10-30 09:40:00,2020-10-30 15:55:00,SHORT,20,15071.75,14949.5,4850.0,19.5,6.22,收盘平仓,375.0
2020-11-02 09:35:00,2020-11-02 10:05:00,LONG,20,15059.5,15038.75,-870.0,20.25,-1.07,初始止损,30.0
2020-11-03 09:30:00,2020-11-03 09:35:00,SHORT,20,15004.0,15024.75,-870.0,20.25,-1.07,初始止损,5.0
2020-11-04 09:35:00,2020-11-04 09:40:00,SHORT,20,15474.75,15495.25,-860.0,20.25,-1.06,初始止损,5.0
2020-11-05 09:30:00,2020-11-05 09:35:00,SHORT,18,15890.25,15913.0,-855.0,22.0,-1.08,初始止损,5.0
2020-11-06 09:30:00,2020-11-06 10:15:00,SHORT,18,15874.25,15874.25,-36.0,22.25,-0.04,保本止损,45.0
2020-11-09 09:30:00,2020-11-09 09:35:00,SHORT,18,15988.0,16010.5,-846.0,22.0,-1.07,初始止损,5.0
2020-11-10 09:30:00,2020-11-10 09:35:00,LONG,17,15621.25,15597.5,-841.5,22.75,-1.09,初始止损,5.0
2020-11-11 09:35:00,2020-11-11 15:55:00,LONG,17,15669.5,15774.25,3527.5,22.75,4.56,收盘平仓,380.0
2020-11-12 09:30:00,2020-11-12 09:45:00,LONG,18,15816.25,15793.5,-855.0,22.75,-1.04,初始止损,15.0
2020-11-13 09:30:00,2020-11-13 09:35:00,SHORT,18,15782.75,15805.5,-855.0,22.25,-1.07,初始止损,5.0
2020-11-16 09:35:00,2020-11-16 13:00:00,LONG,19,15845.5,15845.5,-38.0,21.25,-0.05,保本止损,205.0
2020-11-17 09:35:00,2020-11-17 10:50:00,SHORT,19,15903.25,15924.5,-845.5,20.75,-1.07,初始止损,75.0
2020-11-18 09:50:00,2020-11-18 10:20:00,SHORT,20,15826.75,15847.0,-850.0,19.75,-1.08,初始止损,30.0
2020-11-19 09:30:00,2020-11-19 09:35:00,SHORT,21,15749.5,15768.5,-840.0,19.0,-1.05,初始止损,5.0
2020-11-20 09:30:00,2020-11-20 10:35:00,SHORT,21,15873.25,15892.25,-840.0,18.5,-1.08,初始止损,65.0
2020-11-23 09:30:00,2020-11-23 10:05:00,LONG,22,15857.25,15839.25,-836.0,17.75,-1.07,初始止损,35.0
2020-11-24 09:30:00,2020-11-24 10:05:00,SHORT,22,15828.5,15828.5,-44.0,17.5,-0.06,保本止损,35.0
2020-11-25 09:30:00,2020-11-25 10:00:00,LONG,22,16015.75,15998.0,-825.0,17.5,-1.07,初始止损,30.0
2020-11-26 09:30:00,2020-11-26 10:15:00,LONG,23,16096.5,16079.5,-828.0,16.75,-1.07,初始止损,45.0
2020-11-27 09:55:00,2020-11-27 11:50:00,LONG,24,16142.75,16142.75,-48.0,16.0,-0.06,保本止损,115.0
2020-11-30 09:35:00,2020-11-30 14:40:00,SHORT,24,16162.25,16162.25,-48.0,15.75,-0.06,保本止损,305.0
2020-12-01 09:30:00,2020-12-01 09:35:00,SHORT,24,16239.25,16255.5,-828.0,15.75,-1.1,初始止损,5.0
2020-12-02 09:30:00,2020-12-02 09:55:00,SHORT,24,16251.75,16267.75,-816.0,15.75,-1.08,初始止损,25.0
2020-12-03 09:30:00,2020-12-03 09:45:00,LONG,24,16388.75,16372.75,-816.0,15.5,-1.1,初始止损,15.0
2020-12-04 09:30:00,2020-12-04 09:35:00,SHORT,25,16353.0,16368.25,-812.5,15.0,-1.08,初始止损,5.0
2020-12-07 09:30:00,2020-12-07 13:40:00,LONG,26,16447.25,16447.25,-52.0,14.25,-0.07,保本止损,250.0
2020-12-08 09:35:00,2020-12-08 10:05:00,SHORT,27,16443.75,16457.75,-810.0,13.75,-1.09,初始止损,30.0
2020-12-09 09:30:00,2020-12-09 09:40:00,SHORT,27,16489.75,16503.75,-810.0,13.75,-1.09,初始止损,10.0
2020-12-10 09:30:00,2020-12-10 09:35:00,SHORT,25,16119.5,16134.5,-800.0,14.5,-1.1,初始止损,5.0
2020-12-11 09:30:00,2020-12-11 09:35:00,SHORT,25,16210.0,16224.75,-787.5,14.75,-1.07,初始止损,5.0
2020-12-14 09:30:00,2020-12-14 15:55:00,LONG,25,16267.75,16287.25,925.0,14.5,1.28,收盘平仓,385.0
2020-12-15 09:45:00,2020-12-15 09:55:00,LONG,26,16401.0,16386.75,-793.0,14.25,-1.07,初始止损,10.0
2020-12-16 09:30:00,2020-12-16 10:05:00,SHORT,26,16430.75,16445.0,-793.0,14.0,-1.09,初始止损,35.0
2020-12-17 09:30:00,2020-12-17 09:35:00,LONG,27,16585.0,16571.5,-783.0,13.5,-1.07,初始止损,5.0
2020-12-18 09:30:00,2020-12-18 15:55:00,SHORT,27,16586.0,16531.25,2902.5,13.0,4.13,收盘平仓,385.0
2020-12-21 09:30:00,2020-12-21 09:40:00,LONG,28,16457.25,16444.0,-798.0,13.0,-1.1,初始止损,10.0
2020-12-22 09:30:00,2020-12-22 09:35:00,SHORT,27,16515.0,16528.75,-796.5,13.5,-1.09,初始止损,5.0
2020-12-23 09:30:00,2020-12-23 09:35:00,SHORT,27,16517.0,16530.5,-783.0,13.5,-1.07,初始止损,5.0
2020-12-24 09:30:00,2020-12-24 11:25:00,LONG,28,16515.75,16502.75,-784.0,13.0,-1.08,初始止损,115.0
2020-12-28 09:30:00,2020-12-28 10:50:00,SHORT,29,16636.5,16636.5,-58.0,12.25,-0.08,保本止损,80.0
2020-12-29 09:30:00,2020-12-29 09:35:00,LONG,29,16736.25,16723.75,-783.0,12.25,-1.1,初始止损,5.0
2020-12-30 09:30:00,2020-12-30 15:55:00,SHORT,30,16702.75,16671.5,1815.0,12.0,2.52,收盘平仓,385.0
2020-12-31 09:30:00,2020-12-31 09:35:00,SHORT,31,16663.75,16675.5,-790.5,11.75,-1.09,初始止损,5.0
2021-01-04 09:30:00,2021-01-04 09:45:00,SHORT,32,16733.0,16733.0,-64.0,11.25,-0.09,保本止损,15.0
2021-01-05 09:30:00,2021-01-05 11:15:00,LONG,28,16523.25,16523.25,-56.0,12.75,-0.08,保本止损,105.0
2021-01-06 09:30:00,2021-01-06 09:35:00,SHORT,28,16384.75,16397.75,-784.0,12.75,-1.1,初始止损,5.0
2021-01-07 09:30:00,2021-01-07 15:55:00,LONG,27,16590.5,16754.25,8788.5,13.0,12.52,收盘平仓,385.0
2021-01-08 09:40:00,2021-01-08 09:45:00,LONG,27,16867.25,16853.0,-823.5,14.0,-1.09,初始止损,5.0
2021-01-11 09:30:00,2021-01-11 09:40:00,SHORT,27,16763.0,16777.25,-823.5,14.0,-1.09,初始止损,10.0
2021-01-12 09:30:00,2021-01-12 09:40:00,LONG,27,16758.5,16744.25,-823.5,14.0,-1.09,初始止损,10.0
2021-01-13 09:30:00,2021-01-13 09:35:00,LONG,27,16730.75,16716.75,-810.0,14.0,-1.07,初始止损,5.0
2021-01-14 09:30:00,2021-01-14 09:35:00,LONG,27,16824.0,16810.0,-810.0,13.75,-1.09,初始止损,5.0
2021-01-15 09:30:00,2021-01-15 09:55:00,LONG,27,16739.5,16725.5,-810.0,13.5,-1.11,初始止损,25.0
2021-01-18 09:35:00,2021-01-18 09:50:00,SHORT,27,16619.75,16633.5,-796.5,13.75,-1.07,初始止损,15.0
2021-01-19 09:30:00,2021-01-19 09:35:00,LONG,29,16744.25,16731.5,-797.5,12.75,-1.08,初始止损,5.0
2021-01-20 09:30:00,2021-01-20 15:55:00,LONG,28,16972.75,17114.25,7868.0,13.0,10.81,收盘平仓,385.0
2021-01-21 09:30:00,2021-01-21 09:35:00,SHORT,28,17127.25,17141.25,-840.0,13.75,-1.09,初始止损,5.0
2021-01-22 09:35:00,2021-01-22 10:25:00,LONG,28,17178.75,17164.75,-840.0,13.5,-1.11,初始止损,50.0
2021-01-25 09:30:00,2021-01-25 09:45:00,LONG,29,17364.0,17350.75,-826.5,13.0,-1.1,初始止损,15.0
2021-01-26 09:30:00,2021-01-26 09:35:00,LONG,27,17330.5,17316.25,-823.5,14.0,-1.09,初始止损,5.0
2021-01-27 09:30:00,2021-01-27 09:55:00,SHORT,27,17102.0,17102.0,-54.0,13.75,-0.07,保本止损,25.0
2021-01-28 09:40:00,2021-01-28 09:45:00,LONG,24,17065.5,17049.5,-816.0,15.25,-1.11,初始止损,5.0
2021-01-29 09:35:00,2021-01-29 09:45:00,SHORT,24,16881.0,16881.0,-48.0,15.5,-0.06,保本止损,10.0
2021-02-01 09:30:00,2021-02-01 09:40:00,LONG,23,16916.25,16899.75,-805.0,16.25,-1.08,初始止损,10.0
2021-02-02 09:30:00,2021-02-02 15:55:00,LONG,22,17201.5,17277.25,3289.0,17.0,4.4,收盘平仓,385.0
2021-02-03 09:30:00,2021-02-03 10:00:00,SHORT,22,17341.75,17359.25,-814.0,17.25,-1.07,初始止损,30.0
2021-02-04 10:00:00,2021-02-04 10:05:00,SHORT,22,17221.75,17239.25,-814.0,17.0,-1.09,初始止损,5.0
2021-02-05 09:30:00,2021-02-05 09:45:00,SHORT,23,17388.75,17405.25,-805.0,16.5,-1.06,初始止损,15.0
2021-02-08 09:30:00,2021-02-08 09:40:00,SHORT,23,17474.25,17490.75,-805.0,16.0,-1.09,初始止损,10.0
2021-02-09 09:30:00,2021-02-09 09:40:00,LONG,24,17500.5,17484.75,-804.0,15.5,-1.08,初始止损,10.0
2021-02-10 09:30:00,2021-02-10 09:45:00,SHORT,25,17557.0,17572.0,-800.0,14.75,-1.08,初始止损,15.0
2021-02-11 09:50:00,2021-02-11 09:55:00,SHORT,24,17518.25,17533.75,-792.0,15.0,-1.1,初始止损,5.0
2021-02-12 09:30:00,2021-02-12 09:35:00,SHORT,25,17494.75,17509.5,-787.5,14.5,-1.09,初始止损,5.0
2021-02-15 09:40:00,2021-02-15 12:55:00,LONG,25,17683.75,17700.75,800.0,14.5,1.1,收盘平仓,195.0
2021-02-16 09:40:00,2021-02-16 10:00:00,LONG,26,17684.5,17670.25,-793.0,13.75,-1.11,初始止损,20.0
2021-02-18 09:40:00,2021-02-18 09:55:00,LONG,26,17391.5,17377.5,-780.0,14.0,-1.07,初始止损,15.0
2021-02-19 09:30:00,2021-02-19 10:40:00,SHORT,25,17502.75,17502.75,-50.0,14.25,-0.07,保本止损,70.0
2021-02-22 09:30:00,2021-02-22 09:35:00,SHORT,26,17197.25,17211.25,-780.0,14.0,-1.07,初始止损,5.0
2021-02-23 09:30:00,2021-02-23 10:05:00,SHORT,24,16778.0,16778.0,-48.0,15.0,-0.07,保本止损,35.0
2021-02-24 09:40:00,2021-02-24 09:45:00,SHORT,21,16858.0,16875.25,-766.5,16.5,-1.11,初始止损,5.0
2021-02-25 09:30:00,2021-02-25 09:50:00,LONG,20,17075.25,17057.25,-760.0,17.25,-1.1,初始止损,20.0
2021-02-26 09:35:00,2021-02-26 09:40:00,LONG,19,16827.25,16808.5,-750.5,18.75,-1.05,初始止损,5.0
2021-03-01 09:35:00,2021-03-01 09:40:00,SHORT,18,16880.75,16900.5,-747.0,19.25,-1.08,初始止损,5.0
2021-03-02 09:35:00,2021-03-02 15:55:00,SHORT,17,17063.75,16887.0,5975.5,20.0,8.79,收盘平仓,380.0
2021-03-03 09:30:00,2021-03-03 09:35:00,LONG,18,16857.5,16837.0,-774.0,20.0,-1.07,初始止损,5.0
2021-03-04 09:30:00,2021-03-04 09:40:00,LONG,17,16575.0,16553.25,-773.5,20.5,-1.11,初始止损,10.0
2021-03-05 09:35:00,2021-03-05 09:40:00,SHORT,16,16292.25,16315.25,-768.0,21.75,-1.1,初始止损,5.0
2021-03-08 09:30:00,2021-03-08 09:35:00,SHORT,15,16370.75,16395.0,-757.5,22.75,-1.11,初始止损,5.0
2021-03-09 09:30:00,2021-03-09 09:40:00,LONG,15,16466.75,16442.75,-750.0,23.5,-1.06,初始止损,10.0
2021-03-11 09:30:00,2021-03-11 09:35:00,LONG,14,16825.0,16799.25,-749.0,24.5,-1.09,初始止损,5.0
2021-03-12 09:35:00,2021-03-12 09:40:00,SHORT,14,16635.0,16660.5,-742.0,24.75,-1.07,初始止损,5.0
2021-03-15 09:35:00,2021-03-15 09:45:00,SHORT,14,16723.25,16748.5,-735.0,24.5,-1.07,初始止损,10.0
2021-03-16 09:30:00,2021-03-16 09:35:00,LONG,14,16996.5,16971.25,-735.0,23.75,-1.11,初始止损,5.0
2021-03-17 09:30:00,2021-03-17 09:45:00,SHORT,15,16790.75,16814.0,-727.5,23.25,-1.04,初始止损,15.0
2021-03-18 09:30:00,2021-03-18 09:40:00,LONG,14,16819.25,16794.5,-721.0,23.5,-1.1,初始止损,10.0
2021-03-19 10:00:00,2021-03-19 10:10:00,SHORT,14,16528.0,16552.75,-721.0,24.0,-1.07,初始止损,10.0
2021-03-22 09:30:00,2021-03-22 09:40:00,LONG,14,16790.5,16766.0,-714.0,23.5,-1.09,初始止损,10.0
2021-03-23 09:30:00,2021-03-23 10:05:00,SHORT,14,16911.25,16935.75,-714.0,23.5,-1.09,初始止损,35.0
2021-03-24 09:30:00,2021-03-24 11:05:00,SHORT,14,16854.25,16854.25,-28.0,22.75,-0.04,保本止损,95.0
2021-03-25 09:35:00,2021-03-25 09:45:00,LONG,14,16600.75,16576.5,-707.0,22.75,-1.11,初始止损,10.0
2021-03-26 09:30:00,2021-03-26 10:20:00,LONG,15,16606.0,16606.0,-30.0,22.25,-0.04,保本止损,50.0
2021-03-29 09:30:00,2021-03-29 09:40:00,LONG,15,16769.0,16746.5,-705.0,22.25,-1.06,初始止损,10.0
2021-03-30 09:30:00,2021-03-30 10:40:00,SHORT,15,16657.25,16679.5,-697.5,21.5,-1.08,初始止损,70.0
2021-03-31 09:30:00,2021-03-31 15:55:00,LONG,15,16790.75,16902.75,3330.0,21.0,5.29,收盘平仓,385.0
2021-04-01 09:30:00,2021-04-01 15:55:00,LONG,16,17085.25,17132.5,1480.0,21.0,2.2,收盘平仓,385.0
2021-04-05 09:30:00,2021-04-05 15:55:00,LONG,16,17254.75,17400.0,4616.0,20.75,6.95,收盘平仓,385.0
2021-04-06 09:30:00,2021-04-06 09:35:00,SHORT,17,17370.0,17391.25,-756.5,20.75,-1.07,初始止损,5.0
2021-04-07 09:30:00,2021-04-07 09:40:00,SHORT,17,17339.25,17360.25,-748.0,20.0,-1.1,初始止损,10.0
2021-04-08 09:30:00,2021-04-08 09:45:00,LONG,18,17551.0,17531.25,-747.0,19.25,-1.08,初始止损,15.0
2021-04-09 09:40:00,2021-04-09 15:55:00,LONG,18,17520.25,17647.5,4545.0,18.75,6.73,收盘平仓,375.0
2021-04-12 09:45:00,2021-04-12 10:00:00,SHORT,20,17581.75,17600.25,-780.0,18.25,-1.07,初始止损,15.0
2021-04-13 09:35:00,2021-04-13 09:40:00,LONG,20,17749.75,17731.5,-770.0,17.5,-1.1,初始止损,5.0
2021-04-14 09:30:00,2021-04-14 15:55:00,SHORT,21,17781.75,17626.75,6468.0,17.25,8.93,收盘平仓,385.0
2021-04-15 09:30:00,2021-04-15 10:00:00,LONG,22,17773.0,17755.5,-814.0,17.25,-1.07,初始止损,30.0
2021-04-16 09:30:00,2021-04-16 09:40:00,SHORT,22,17801.25,17818.5,-803.0,17.25,-1.06,初始止损,10.0
2021-04-19 09:30:00,2021-04-19 10:00:00,LONG,22,17816.75,17799.5,-803.0,16.5,-1.11,初始止损,30.0
2021-04-20 09:35:00,2021-04-20 09:40:00,LONG,23,17707.0,17690.75,-793.5,16.25,-1.06,初始止损,5.0
2021-04-21 09:35:00,2021-04-21 09:40:00,SHORT,22,17529.75,17546.75,-792.0,16.25,-1.11,初始止损,5.0
2021-04-22 09:30:00,2021-04-22 10:25:00,SHORT,22,17709.25,17726.0,-781.0,16.25,-1.09,初始止损,55.0
2021-04-23 09:30:00,2021-04-23 09:45:00,LONG,22,17631.0,17614.25,-781.0,16.5,-1.08,初始止损,15.0
2021-04-26 09:40:00,2021-04-26 09:50:00,LONG,22,17755.25,17738.5,-781.0,16.5,-1.08,初始止损,10.0
2021-04-27 09:30:00,2021-04-27 15:55:00,SHORT,22,17839.75,17769.75,3036.0,16.0,4.31,收盘平仓,385.0
2021-04-28 09:30:00,2021-04-28 09:45:00,SHORT,24,17722.25,17737.75,-792.0,15.5,-1.06,初始止损,15.0
2021-04-29 09:30:00,2021-04-29 15:55:00,SHORT,24,17843.5,17773.25,3324.0,15.0,4.62,收盘平仓,385.0
2021-04-30 09:30:00,2021-04-30 11:20:00,LONG,24,17682.5,17682.5,-48.0,15.25,-0.07,保本止损,110.0
2021-05-03 09:30:00,2021-05-03 10:05:00,SHORT,25,17710.25,17725.5,-812.5,14.75,-1.1,初始止损,35.0
2021-05-04 09:30:00,2021-05-04 09:35:00,SHORT,25,17458.25,17473.25,-800.0,14.75,-1.08,初始止损,5.0
2021-05-05 09:30:00,2021-05-05 09:35:00,LONG,23,17461.25,17445.0,-793.5,15.75,-1.1,初始止损,5.0
2021-05-06 09:30:00,2021-05-06 09:35:00,SHORT,23,17249.25,17265.5,-793.5,15.75,-1.1,初始止损,5.0
2021-05-07 09:30:00,2021-05-07 09:35:00,SHORT,23,17491.5,17507.75,-793.5,15.75,-1.1,初始止损,5.0
2021-05-10 09:30:00,2021-05-10 09:35:00,SHORT,23,17386.5,17402.5,-782.0,15.75,-1.08,初始止损,5.0
2021-05-11 09:35:00,2021-05-11 10:30:00,LONG,22,16981.75,16981.75,-44.0,16.5,-0.06,保本止损,55.0
2021-05-13 09:30:00,2021-05-13 09:35:00,LONG,20,16957.75,16939.5,-770.0,17.75,-1.08,初始止损,5.0
2021-05-14 09:30:00,2021-05-14 09:35:00,LONG,20,17067.25,17049.0,-770.0,17.75,-1.08,初始止损,5.0
2021-05-17 09:30:00,2021-05-17 09:35:00,SHORT,19,17109.0,17128.0,-760.0,18.25,-1.1,初始止损,5.0
2021-05-18 09:30:00,2021-05-18 09:35:00,SHORT,19,17142.25,17161.25,-760.0,18.0,-1.11,初始止损,5.0
2021-05-19 09:30:00,2021-05-19 09:35:00,LONG,20,16848.0,16830.25,-750.0,17.75,-1.06,初始止损,5.0
2021-05-20 09:30:00,2021-05-20 15:55:00,LONG,19,17147.5,17304.75,5937.5,18.0,8.68,收盘平仓,385.0
2021-05-21 09:35:00,2021-05-21 09:55:00,SHORT,20,17324.5,17343.0,-780.0,18.25,-1.07,初始止损,20.0
2021-05-24 09:30:00,2021-05-24 15:55:00,LONG,20,17347.5,17455.75,4290.0,18.0,5.96,收盘平仓,385.0
2021-05-25 09:30:00,2021-05-25 15:55:00,SHORT,21,17510.25,17474.5,1459.5,18.0,1.93,收盘平仓,385.0
2021-05-26 09:45:00,2021-05-26 10:20:00,SHORT,22,17488.75,17506.25,-814.0,17.5,-1.06,初始止损,35.0
2021-05-27 09:45:00,2021-05-27 09:50:00,SHORT,23,17469.75,17486.5,-816.5,16.5,-1.08,初始止损,5.0
2021-05-28 09:35:00,2021-05-28 10:25:00,LONG,24,17535.25,17519.25,-816.0,15.75,-1.08,初始止损,50.0
2021-05-31 09:45:00,2021-05-31 12:55:00,SHORT,24,17486.75,17473.0,612.0,15.25,0.84,收盘平仓,190.0
2021-06-01 09:40:00,2021-06-01 09:45:00,LONG,26,17571.5,17556.75,-819.0,14.5,-1.09,初始止损,5.0
2021-06-02 09:30:00,2021-06-02 09:35:00,LONG,26,17496.25,17481.75,-806.0,14.25,-1.09,初始止损,5.0
2021-06-03 09:35:00,2021-06-03 10:05:00,SHORT,26,17337.5,17337.5,-52.0,14.0,-0.07,保本止损,30.0
2021-06-04 09:30:00,2021-06-04 15:55:00,LONG,26,17460.75,17584.75,6396.0,14.0,8.79,收盘平仓,385.0
2021-06-08 09:35:00,2021-06-08 09:50:00,LONG,28,17717.5,17703.25,-854.0,14.0,-1.09,初始止损,15.0
2021-06-09 09:40:00,2021-06-09 09:45:00,LONG,28,17701.25,17687.25,-840.0,13.75,-1.09,初始止损,5.0
2021-06-10 09:30:00,2021-06-10 10:45:00,LONG,29,17687.75,17687.75,-58.0,13.25,-0.08,保本止损,75.0
2021-06-11 09:30:00,2021-06-11 09:35:00,SHORT,29,17770.5,17784.0,-841.0,13.25,-1.09,初始止损,5.0
2021-06-14 09:30:00,2021-06-14 09:35:00,SHORT,30,17781.25,17794.25,-840.0,12.75,-1.1,初始止损,5.0
2021-06-15 09:30:00,2021-06-15 09:35:00,SHORT,30,17880.25,17893.0,-825.0,12.75,-1.08,初始止损,5.0
2021-06-16 09:30:00,2021-06-16 09:35:00,LONG,30,17864.75,17852.0,-825.0,12.5,-1.1,初始止损,5.0
2021-06-17 09:30:00,2021-06-17 15:55:00,LONG,29,17786.0,17964.25,10280.5,13.0,13.63,收盘平仓,385.0
2021-06-18 09:40:00,2021-06-18 09:45:00,LONG,30,17922.75,17909.0,-885.0,13.5,-1.09,初始止损,5.0
2021-06-21 09:30:00,2021-06-21 09:40:00,SHORT,30,17805.25,17819.0,-885.0,13.25,-1.11,初始止损,10.0
2021-06-22 09:30:00,2021-06-22 09:40:00,LONG,30,17958.5,17945.0,-870.0,13.25,-1.09,初始止损,10.0
2021-06-23 09:30:00,2021-06-23 09:35:00,LONG,30,18103.25,18089.75,-870.0,13.25,-1.09,初始止损,5.0
2021-06-24 09:30:00,2021-06-24 13:15:00,LONG,31,18167.5,18167.5,-62.0,12.75,-0.08,保本止损,225.0
2021-06-25 09:30:00,2021-06-25 09:35:00,LONG,31,18195.0,18182.0,-868.0,12.75,-1.1,初始止损,5.0
2021-06-28 09:30:00,2021-06-28 15:55:00,LONG,32,18247.5,18319.25,4528.0,12.25,5.78,收盘平仓,385.0
2021-06-29 09:35:00,2021-06-29 10:00:00,LONG,33,18324.75,18312.25,-891.0,12.25,-1.1,初始止损,25.0
2021-06-30 09:30:00,2021-06-30 09:35:00,SHORT,34,18341.5,18353.5,-884.0,12.0,-1.08,初始止损,5.0
2021-07-01 09:30:00,2021-07-01 09:40:00,LONG,35,18361.5,18350.0,-875.0,11.5,-1.09,初始止损,10.0
2021-07-02 09:35:00,2021-07-02 09:40:00,LONG,35,18464.0,18452.5,-875.0,11.25,-1.11,初始止损,5.0
2021-07-05 09:35:00,2021-07-05 12:55:00,SHORT,35,18505.75,18501.25,245.0,11.25,0.31,收盘平仓,200.0
2021-07-06 09:30:00,2021-07-06 09:40:00,LONG,37,18569.0,18558.25,-869.5,10.75,-1.09,初始止损,10.0
2021-07-07 09:30:00,2021-07-07 09:35:00,SHORT,37,18636.0,18646.75,-869.5,10.75,-1.09,初始止损,5.0
2021-07-08 09:35:00,2021-07-08 09:40:00,LONG,36,18439.75,18428.75,-864.0,10.75,-1.12,初始止损,5.0
2021-07-09 09:35:00,2021-07-09 09:40:00,SHORT,34,18492.25,18503.75,-850.0,11.5,-1.09,初始止损,5.0
2021-07-12 09:30:00,2021-07-12 15:35:00,SHORT,34,18674.5,18674.5,-68.0,11.5,-0.09,保本止损,365.0
2021-07-13 09:30:00,2021-07-13 09:35:00,LONG,34,18672.75,18661.25,-850.0,11.25,-1.11,初始止损,5.0
2021-07-14 09:30:00,2021-07-14 09:35:00,LONG,34,18791.25,18779.75,-850.0,11.25,-1.11,初始止损,5.0
2021-07-15 09:30:00,2021-07-15 09:45:00,SHORT,34,18642.5,18642.5,-68.0,11.25,-0.09,保本止损,15.0
2021-07-16 09:30:00,2021-07-16 09:35:00,LONG,33,18672.5,18660.75,-841.5,11.5,-1.11,初始止损,5.0
2021-07-19 09:30:00,2021-07-19 09:35:00,SHORT,32,18308.0,18320.0,-832.0,11.75,-1.11,初始止损,5.0
2021-07-20 09:30:00,2021-07-20 09:35:00,SHORT,31,18359.25,18371.5,-821.5,12.0,-1.1,初始止损,5.0
2021-07-21 09:30:00,2021-07-21 15:55:00,LONG,29,18526.25,18636.0,6307.5,12.75,8.53,收盘平仓,385.0
2021-07-22 09:30:00,2021-07-22 12:05:00,LONG,31,18676.5,18676.5,-62.0,12.5,-0.08,保本止损,155.0
2021-07-23 09:30:00,2021-07-23 09:45:00,SHORT,32,18758.0,18770.5,-864.0,12.25,-1.1,初始止损,15.0
2021-07-26 09:30:00,2021-07-26 09:35:00,SHORT,32,18856.75,18869.0,-848.0,12.25,-1.08,初始止损,5.0
2021-07-27 09:30:00,2021-07-27 09:35:00,SHORT,32,18876.5,18888.75,-848.0,12.0,-1.1,初始止损,5.0
2021-07-28 09:30:00,2021-07-28 10:00:00,SHORT,29,18796.75,18796.75,-58.0,13.0,-0.08,保本止损,30.0
2021-07-29 09:30:00,2021-07-29 10:05:00,LONG,29,18834.75,18834.75,-58.0,13.0,-0.08,保本止损,35.0
2021-07-30 09:30:00,2021-07-30 15:55:00,LONG,31,18703.5,18762.75,3611.5,12.5,4.66,收盘平仓,385.0
2021-08-02 09:35:00,2021-08-02 10:10:00,SHORT,32,18794.25,18794.25,-64.0,12.5,-0.08,保本止损,35.0
2021-08-03 09:30:00,2021-08-03 09:35:00,SHORT,32,18776.25,18788.75,-864.0,12.25,-1.1,初始止损,5.0
2021-08-04 09:35:00,2021-08-04 09:50:00,LONG,31,18857.5,18844.75,-852.5,12.5,-1.1,初始止损,15.0
2021-08-05 09:45:00,2021-08-05 10:25:00,LONG,32,18925.75,18913.5,-848.0,12.25,-1.08,初始止损,40.0
2021-08-06 09:30:00,2021-08-06 09:40:00,LONG,32,18950.25,18938.0,-848.0,12.0,-1.1,初始止损,10.0
2021-08-09 09:30:00,2021-08-09 09:35:00,LONG,33,18925.25,18913.5,-841.5,11.75,-1.09,初始止损,5.0
2021-08-10 09:30:00,2021-08-10 09:45:00,SHORT,34,18942.0,18953.5,-850.0,11.25,-1.11,初始止损,15.0
2021-08-11 09:40:00,2021-08-11 15:55:00,SHORT,34,18878.75,18829.75,3264.0,11.25,4.27,收盘平仓,375.0
2021-08-12 09:35:00,2021-08-12 09:50:00,SHORT,35,18779.25,18790.5,-857.5,11.25,-1.09,初始止损,15.0
2021-08-13 09:40:00,2021-08-13 09:45:00,SHORT,34,18882.25,18893.75,-850.0,11.25,-1.11,初始止损,5.0
2021-08-16 09:30:00,2021-08-16 09:45:00,LONG,35,18900.75,18889.75,-840.0,11.0,-1.09,初始止损,15.0
2021-08-17 09:30:00,2021-08-17 09:35:00,SHORT,34,18816.75,18828.25,-850.0,11.25,-1.11,初始止损,5.0
2021-08-18 09:35:00,2021-08-18 09:40:00,LONG,32,18808.5,18796.5,-832.0,11.75,-1.11,初始止损,5.0
2021-08-19 09:30:00,2021-08-19 09:35:00,LONG,31,18623.0,18610.75,-821.5,12.0,-1.1,初始止损,5.0
2021-08-20 09:30:00,2021-08-20 09:35:00,LONG,30,18796.25,18783.5,-825.0,12.5,-1.1,初始止损,5.0
2021-08-23 09:30:00,2021-08-23 15:55:00,LONG,30,18957.75,19114.25,9330.0,12.5,12.44,收盘平仓,385.0
2021-08-24 09:30:00,2021-08-24 09:35:00,SHORT,31,19131.25,19144.25,-868.0,13.0,-1.08,初始止损,5.0
2021-08-25 09:30:00,2021-08-25 09:50:00,LONG,32,19187.0,19174.5,-864.0,12.25,-1.1,初始止损,20.0
2021-08-26 09:30:00,2021-08-26 09:35:00,LONG,34,19161.25,19149.5,-867.0,11.75,-1.09,初始止损,5.0
2021-08-27 09:35:00,2021-08-27 09:40:00,SHORT,34,19097.25,19109.0,-867.0,11.5,-1.11,初始止损,5.0
2021-08-30 09:30:00,2021-08-30 15:55:00,LONG,33,19292.25,19407.25,7524.0,11.75,9.7,收盘平仓,385.0
2021-08-31 09:30:00,2021-08-31 10:05:00,SHORT,35,19362.5,19362.5,-70.0,11.75,-0.09,保本止损,35.0
2021-09-01 09:30:00,2021-09-01 09:55:00,LONG,36,19466.5,19466.5,-72.0,11.5,-0.09,保本止损,25.0
2021-09-02 09:30:00,2021-09-02 09:35:00,LONG,37,19477.5,19466.25,-906.5,11.25,-1.09,初始止损,5.0
2021-09-03 09:55:00,2021-09-03 10:10:00,LONG,36,19448.5,19437.0,-900.0,11.25,-1.11,初始止损,15.0
2021-09-06 09:45:00,2021-09-06 12:55:00,LONG,37,19503.75,19509.25,333.0,11.0,0.41,收盘平仓,190.0
2021-09-07 09:30:00,2021-09-07 09:35:00,SHORT,39,19441.0,19451.5,-897.0,10.5,-1.1,初始止损,5.0
2021-09-08 09:30:00,2021-09-08 09:45:00,SHORT,39,19436.5,19447.0,-897.0,10.25,-1.12,初始止损,15.0
2021-09-09 09:30:00,2021-09-09 11:15:00,LONG,39,19454.0,19443.5,-897.0,10.25,-1.12,初始止损,105.0
2021-09-10 09:30:00,2021-09-10 09:45:00,LONG,39,19469.75,19459.5,-877.5,10.25,-1.1,初始止损,15.0
2021-09-13 09:35:00,2021-09-13 09:40:00,SHORT,37,19281.75,19292.5,-869.5,10.75,-1.09,初始止损,5.0
2021-09-14 09:35:00,2021-09-14 09:40:00,SHORT,35,19272.25,19283.75,-875.0,11.25,-1.11,初始止损,5.0
2021-09-15 09:30:00,2021-09-15 12:25:00,SHORT,35,19187.75,19187.75,-70.0,11.25,-0.09,保本止损,175.0
2021-09-16 09:30:00,2021-09-16 09:35:00,LONG,34,19268.0,19256.25,-867.0,11.5,-1.11,初始止损,5.0
2021-09-17 09:30:00,2021-09-17 15:55:00,SHORT,33,19245.0,19126.25,7771.5,11.75,10.02,收盘平仓,385.0
2021-09-20 09:35:00,2021-09-20 09:40:00,LONG,34,18927.25,18915.0,-901.0,12.25,-1.08,初始止损,5.0
2021-09-21 09:30:00,2021-09-21 09:35:00,SHORT,29,18857.5,18871.75,-884.5,14.0,-1.09,初始止损,5.0
2021-09-22 09:30:00,2021-09-22 09:50:00,SHORT,29,18835.25,18849.5,-884.5,13.75,-1.11,初始止损,20.0
2021-09-23 09:35:00,2021-09-23 15:55:00,LONG,29,19044.5,19103.75,3378.5,14.0,4.16,收盘平仓,380.0
2021-09-24 09:30:00,2021-09-24 09:35:00,LONG,29,19026.5,19012.0,-899.0,14.0,-1.11,初始止损,5.0
2021-09-27 09:30:00,2021-09-27 10:05:00,SHORT,30,18957.25,18957.25,-60.0,13.75,-0.07,保本止损,35.0
2021-09-28 09:40:00,2021-09-28 09:55:00,SHORT,29,18732.75,18747.0,-884.5,14.0,-1.09,初始止损,15.0
2021-09-29 09:40:00,2021-09-29 09:45:00,SHORT,26,18599.75,18615.75,-884.0,15.5,-1.1,初始止损,5.0
2021-09-30 09:30:00,2021-09-30 09:35:00,LONG,26,18651.25,18635.5,-871.0,15.5,-1.08,初始止损,5.0
2021-10-01 09:30:00,2021-10-01 09:35:00,SHORT,26,18483.75,18499.5,-871.0,15.5,-1.08,初始止损,5.0
2021-10-04 09:30:00,2021-10-04 15:55:00,SHORT,25,18477.0,18272.25,10187.5,15.75,12.94,收盘平仓,385.0
2021-10-05 09:30:00,2021-10-05 09:35:00,LONG,26,18333.25,18316.5,-923.0,16.75,-1.06,初始止损,5.0
2021-10-06 09:30:00,2021-10-06 09:50:00,LONG,25,18361.5,18361.5,-50.0,17.25,-0.06,保本止损,20.0
2021-10-07 09:30:00,2021-10-07 09:35:00,LONG,24,18736.75,18718.75,-912.0,17.5,-1.09,初始止损,5.0
2021-10-08 09:30:00,2021-10-08 09:40:00,SHORT,24,18673.0,18691.0,-912.0,17.5,-1.09,初始止损,10.0
2021-10-11 09:30:00,2021-10-11 13:20:00,LONG,25,18578.5,18578.5,-50.0,17.0,-0.06,保本止损,230.0
2021-10-12 09:35:00,2021-10-12 09:40:00,SHORT,25,18538.5,18555.5,-900.0,17.0,-1.06,初始止损,5.0
2021-10-13 09:35:00,2021-10-13 09:40:00,LONG,25,18578.75,18561.75,-900.0,16.5,-1.09,初始止损,5.0
2021-10-14 09:30:00,2021-10-14 09:35:00,SHORT,25,18704.0,18721.0,-900.0,16.25,-1.11,初始止损,5.0
2021-10-15 09:30:00,2021-10-15 09:35:00,SHORT,25,18857.25,18874.0,-887.5,16.5,-1.08,初始止损,5.0
2021-10-18 09:35:00,2021-10-18 15:55:00,LONG,26,18887.5,19090.5,10504.0,16.0,12.62,收盘平仓,380.0
2021-10-19 09:30:00,2021-10-19 09:35:00,SHORT,28,19119.25,19135.25,-952.0,16.0,-1.06,初始止损,5.0
2021-10-20 09:35:00,2021-10-20 09:40:00,LONG,28,19229.75,19213.75,-952.0,15.5,-1.1,初始止损,5.0
2021-10-21 09:35:00,2021-10-21 15:55:00,LONG,29,19165.5,19279.5,6554.0,15.0,7.53,收盘平仓,380.0
2021-10-22 09:35:00,2021-10-22 09:45:00,LONG,31,19256.5,19241.5,-992.0,14.75,-1.08,初始止损,10.0
2021-10-25 09:30:00,2021-10-25 09:35:00,LONG,31,19228.25,19213.5,-976.5,14.75,-1.07,初始止损,5.0
2021-10-26 09:30:00,2021-10-26 09:35:00,LONG,30,19430.5,19415.25,-975.0,15.0,-1.08,初始止损,5.0
2021-10-27 09:35:00,2021-10-27 10:00:00,LONG,30,19389.75,19389.75,-60.0,15.0,-0.07,保本止损,25.0
2021-10-28 09:35:00,2021-10-28 09:40:00,SHORT,30,19454.75,19469.75,-960.0,14.75,-1.08,初始止损,5.0
2021-10-29 09:35:00,2021-10-29 15:55:00,LONG,30,19477.75,19644.5,9945.0,14.75,11.24,收盘平仓,380.0
2021-11-01 09:30:00,2021-11-01 11:20:00,SHORT,32,19641.5,19641.5,-64.0,15.0,-0.07,保本止损,110.0
2021-11-02 09:30:00,2021-11-02 15:55:00,LONG,33,19680.75,19766.25,5577.0,14.5,5.83,收盘平仓,385.0
2021-11-03 09:30:00,2021-11-03 09:40:00,SHORT,34,19772.75,19787.25,-1054.0,14.25,-1.09,初始止损,10.0
2021-11-04 09:30:00,2021-11-04 09:40:00,SHORT,34,19977.0,19991.5,-1054.0,14.25,-1.09,初始止损,10.0
2021-11-05 09:35:00,2021-11-05 09:40:00,LONG,33,20244.75,20230.0,-1039.5,14.5,-1.09,初始止损,5.0
2021-11-08 09:50:00,2021-11-08 10:05:00,SHORT,33,20138.0,20152.75,-1039.5,14.5,-1.09,初始止损,15.0
2021-11-09 09:30:00,2021-11-09 09:40:00,SHORT,35,20168.75,20182.5,-1032.5,13.75,-1.07,初始止损,10.0
2021-11-10 09:30:00,2021-11-10 09:35:00,SHORT,34,19868.75,19883.0,-1037.0,14.0,-1.09,初始止损,5.0
2021-11-11 09:30:00,2021-11-11 09:35:00,SHORT,32,19892.0,19907.0,-1024.0,14.75,-1.08,初始止损,5.0
2021-11-12 09:30:00,2021-11-12 10:05:00,SHORT,32,19861.25,19861.25,-64.0,14.5,-0.07,保本止损,35.0
2021-11-15 09:40:00,2021-11-15 09:45:00,SHORT,32,20022.0,20036.75,-1008.0,14.5,-1.09,初始止损,5.0
2021-11-16 09:30:00,2021-11-16 10:25:00,LONG,32,20002.25,20002.25,-64.0,14.5,-0.07,保本止损,55.0
2021-11-17 09:35:00,2021-11-17 09:40:00,SHORT,33,20104.75,20119.0,-1006.5,14.25,-1.07,初始止损,5.0
2021-11-18 09:30:00,2021-11-18 09:35:00,SHORT,33,20165.75,20180.0,-1006.5,14.0,-1.09,初始止损,5.0
2021-11-19 09:45:00,2021-11-19 10:25:00,LONG,33,20384.5,20370.5,-990.0,14.0,-1.07,初始止损,40.0
2021-11-22 09:30:00,2021-11-22 11:00:00,LONG,33,20474.5,20474.5,-66.0,13.75,-0.07,保本止损,90.0
2021-11-23 09:30:00,2021-11-23 09:35:00,SHORT,30,20092.5,20108.0,-990.0,15.0,-1.1,初始止损,5.0
2021-11-24 09:30:00,2021-11-24 09:35:00,SHORT,29,19953.5,19969.25,-971.5,15.5,-1.08,初始止损,5.0
2021-11-25 09:40:00,2021-11-25 12:55:00,LONG,28,20201.5,20208.75,350.0,15.75,0.4,收盘平仓,195.0
2021-11-26 09:30:00,2021-11-26 09:35:00,LONG,30,20099.75,20084.5,-975.0,15.0,-1.08,初始止损,5.0
2021-11-29 09:30:00,2021-11-29 09:35:00,SHORT,27,20034.75,20051.5,-958.5,16.25,-1.09,初始止损,5.0
2021-11-30 09:50:00,2021-11-30 10:20:00,LONG,26,20193.25,20193.25,-52.0,17.0,-0.06,保本止损,30.0
2021-12-01 09:30:00,2021-12-01 09:35:00,SHORT,25,20090.75,20108.75,-950.0,18.0,-1.06,初始止损,5.0
2021-12-02 09:35:00,2021-12-02 09:40:00,LONG,22,19753.75,19733.25,-946.0,19.75,-1.09,初始止损,5.0
2021-12-03 09:35:00,2021-12-03 09:40:00,SHORT,22,19777.25,19797.5,-935.0,20.0,-1.06,初始止损,5.0
2021-12-06 09:30:00,2021-12-06 09:40:00,SHORT,20,19430.75,19430.75,-40.0,21.5,-0.05,保本止损,10.0
2021-12-07 09:30:00,2021-12-07 09:35:00,LONG,20,19961.75,19939.5,-930.0,21.75,-1.07,初始止损,5.0
2021-12-08 09:30:00,2021-12-08 09:40:00,SHORT,19,20100.75,20124.0,-921.5,23.0,-1.05,初始止损,10.0
2021-12-09 09:30:00,2021-12-09 09:50:00,LONG,19,20194.0,20171.0,-912.0,22.0,-1.09,初始止损,20.0
2021-12-10 09:30:00,2021-12-10 09:35:00,LONG,19,20114.5,20091.75,-902.5,22.0,-1.08,初始止损,5.0
2021-12-13 09:30:00,2021-12-13 09:35:00,SHORT,20,20091.25,20112.75,-900.0,21.5,-1.05,初始止损,5.0
2021-12-14 09:35:00,2021-12-14 09:50:00,LONG,20,19755.0,19733.5,-900.0,21.25,-1.06,初始止损,15.0
2021-12-15 09:30:00,2021-12-15 09:35:00,SHORT,19,19676.5,19699.0,-893.0,21.75,-1.08,初始止损,5.0
2021-12-16 09:35:00,2021-12-16 15:55:00,SHORT,18,20069.75,19666.25,14490.0,23.25,17.31,收盘平仓,380.0
2021-12-17 09:30:00,2021-12-17 09:35:00,LONG,19,19571.0,19546.5,-969.0,24.5,-1.04,初始止损,5.0
2021-12-20 09:35:00,2021-12-20 09:40:00,LONG,19,19434.25,19409.75,-969.0,24.25,-1.05,初始止损,5.0
2021-12-21 09:30:00,2021-12-21 11:35:00,SHORT,19,19558.25,19558.25,-38.0,24.25,-0.04,保本止损,125.0
2021-12-22 09:35:00,2021-12-22 09:40:00,LONG,18,19779.0,19753.25,-963.0,24.5,-1.09,初始止损,5.0
2021-12-23 09:30:00,2021-12-23 09:45:00,LONG,19,20015.0,19990.75,-959.5,24.0,-1.05,初始止损,15.0
2021-12-27 09:30:00,2021-12-27 15:55:00,LONG,19,20219.25,20364.5,5481.5,23.25,6.2,收盘平仓,385.0
2021-12-28 09:30:00,2021-12-28 09:55:00,SHORT,20,20375.25,20398.75,-980.0,23.0,-1.07,初始止损,25.0
2021-12-29 09:30:00,2021-12-29 09:35:00,LONG,21,20325.0,20302.75,-976.5,22.25,-1.04,初始止损,5.0
2021-12-30 09:40:00,2021-12-30 09:50:00,SHORT,21,20271.75,20294.0,-976.5,21.5,-1.08,初始止损,10.0
2021-12-31 09:30:00,2021-12-31 09:35:00,LONG,22,20259.75,20238.75,-968.0,20.75,-1.06,初始止损,5.0
2022-01-03 09:30:00,2022-01-03 09:45:00,LONG,22,20242.25,20221.25,-968.0,20.25,-1.09,初始止损,15.0
2022-01-04 09:30:00,2022-01-04 15:55:00,SHORT,23,20289.75,20076.75,9752.0,19.75,10.73,收盘平仓,385.0
2022-01-05 09:30:00,2022-01-05 09:35:00,SHORT,23,19919.5,19940.75,-1023.5,20.5,-1.09,初始止损,5.0
2022-01-06 09:30:00,2022-01-06 09:45:00,LONG,22,19594.25,19572.25,-1012.0,21.75,-1.06,初始止损,15.0
2022-01-07 09:40:00,2022-01-07 09:45:00,LONG,22,19605.25,19583.5,-1001.0,21.75,-1.05,初始止损,5.0
2022-01-10 09:30:00,2022-01-10 11:25:00,SHORT,21,19128.5,19128.5,-42.0,22.0,-0.05,保本止损,115.0
2022-01-11 09:30:00,2022-01-11 09:35:00,SHORT,20,19336.75,19360.5,-990.0,22.75,-1.09,初始止损,5.0
2022-01-12 09:30:00,2022-01-12 09:35:00,LONG,20,19788.25,19764.5,-990.0,23.25,-1.06,初始止损,5.0
2022-01-13 09:35:00,2022-01-13 09:40:00,LONG,20,19768.75,19745.25,-980.0,22.5,-1.09,初始止损,5.0
2022-01-14 09:30:00,2022-01-14 11:15:00,LONG,19,19231.25,19231.25,-38.0,23.75,-0.04,保本止损,105.0
2022-01-17 09:40:00,2022-01-17 10:15:00,SHORT,20,19376.0,19399.5,-980.0,23.25,-1.05,初始止损,35.0
2022-01-18 09:30:00,2022-01-18 09:40:00,SHORT,21,19095.5,19117.75,-976.5,22.0,-1.06,初始止损,10.0
2022-01-19 09:35:00,2022-01-19 09:40:00,LONG,20,19125.0,19101.75,-970.0,22.5,-1.08,初始止损,5.0
2022-01-20 09:30:00,2022-01-20 09:35:00,LONG,20,19003.25,18980.25,-960.0,22.75,-1.05,初始止损,5.0
2022-01-21 09:30:00,2022-01-21 09:35:00,LONG,19,18611.0,18587.0,-950.0,24.0,-1.04,初始止损,5.0
2022-01-24 09:35:00,2022-01-24 09:40:00,LONG,18,18047.25,18022.0,-945.0,24.5,-1.07,初始止损,5.0
2022-01-25 09:35:00,2022-01-25 09:40:00,LONG,16,18064.0,18035.75,-936.0,27.25,-1.07,初始止损,5.0
2022-01-26 09:35:00,2022-01-26 09:45:00,SHORT,16,18202.5,18230.5,-928.0,28.0,-1.04,初始止损,10.0
2022-01-27 09:30:00,2022-01-27 09:40:00,SHORT,15,18080.5,18110.25,-922.5,29.5,-1.04,初始止损,10.0
2022-01-28 09:30:00,2022-01-28 10:10:00,SHORT,14,17774.25,17774.25,-28.0,29.75,-0.03,保本止损,40.0
2022-01-31 09:30:00,2022-01-31 15:55:00,LONG,14,18324.5,18702.5,10556.0,30.75,12.26,收盘平仓,385.0
2022-02-01 09:30:00,2022-02-01 11:10:00,SHORT,15,18706.25,18706.25,-30.0,31.25,-0.03,保本止损,100.0
2022-02-02 09:30:00,2022-02-02 09:35:00,SHORT,15,18929.0,18960.5,-975.0,30.5,-1.07,初始止损,5.0
2022-02-03 09:35:00,2022-02-03 09:40:00,LONG,15,18599.0,18567.5,-975.0,29.75,-1.09,初始止损,5.0
2022-02-04 09:40:00,2022-02-04 09:50:00,LONG,15,18362.5,18331.25,-967.5,31.0,-1.04,初始止损,10.0
2022-02-07 09:30:00,2022-02-07 09:35:00,SHORT,15,18482.25,18513.25,-960.0,31.0,-1.03,初始止损,5.0
2022-02-08 09:35:00,2022-02-08 09:40:00,LONG,15,18369.75,18339.0,-952.5,30.25,-1.05,初始止损,5.0
2022-02-09 09:30:00,2022-02-09 09:35:00,SHORT,15,18712.25,18743.0,-952.5,29.75,-1.07,初始止损,5.0
2022-02-10 09:35:00,2022-02-10 12:45:00,LONG,15,18630.75,18630.75,-30.0,29.25,-0.03,保本止损,190.0
2022-02-11 09:35:00,2022-02-11 09:45:00,SHORT,15,18487.25,18517.75,-945.0,29.5,-1.07,初始止损,10.0
2022-02-14 09:45:00,2022-02-14 10:00:00,LONG,14,18091.0,18058.5,-938.0,30.5,-1.1,初始止损,15.0
2022-02-15 09:45:00,2022-02-15 09:55:00,SHORT,15,18264.25,18294.25,-930.0,30.0,-1.03,初始止损,10.0
2022-02-16 09:30:00,2022-02-16 14:00:00,SHORT,15,18296.25,18296.25,-30.0,29.75,-0.03,保本止损,270.0
2022-02-17 09:45:00,2022-02-17 15:55:00,SHORT,15,18233.25,17970.25,7860.0,29.0,9.03,收盘平仓,370.0
2022-02-18 09:30:00,2022-02-18 09:50:00,SHORT,16,17954.5,17984.0,-976.0,29.25,-1.04,初始止损,20.0
2022-02-21 09:45:00,2022-02-21 09:50:00,SHORT,16,17623.5,17652.75,-968.0,29.0,-1.04,初始止损,5.0
2022-02-22 09:40:00,2022-02-22 10:05:00,LONG,16,17783.5,17783.5,-32.0,28.5,-0.04,保本止损,25.0
2022-02-23 09:40:00,2022-02-23 15:55:00,SHORT,16,17757.0,17310.75,14248.0,28.5,15.62,收盘平仓,375.0
2022-02-24 09:30:00,2022-02-24 09:35:00,LONG,17,16992.25,16962.25,-1054.0,29.25,-1.06,初始止损,5.0
2022-02-25 09:35:00,2022-02-25 09:40:00,SHORT,15,17726.5,17760.25,-1042.5,32.25,-1.08,初始止损,5.0
2022-02-28 09:30:00,2022-02-28 09:35:00,LONG,15,17898.0,17864.5,-1035.0,31.75,-1.09,初始止损,5.0
2022-03-01 09:30:00,2022-03-01 09:40:00,LONG,15,18021.25,17988.0,-1027.5,31.25,-1.1,初始止损,10.0
2022-03-02 09:30:00,2022-03-02 09:40:00,SHORT,16,17829.75,17860.75,-1024.0,31.0,-1.03,初始止损,10.0
2022-03-03 09:30:00,2022-03-03 15:55:00,SHORT,16,18123.75,17839.5,9064.0,30.5,9.29,收盘平仓,385.0
2022-03-04 09:30:00,2022-03-04 09:40:00,LONG,17,17756.0,17725.5,-1071.0,30.5,-1.03,初始止损,10.0
2022-03-07 09:40:00,2022-03-07 15:55:00,SHORT,17,17561.5,17124.25,14832.5,30.0,14.54,收盘平仓,375.0
2022-03-08 09:30:00,2022-03-08 09:35:00,SHORT,18,17045.75,17077.0,-1161.0,30.75,-1.05,初始止损,5.0
2022-03-09 09:50:00,2022-03-09 09:55:00,SHORT,17,17319.0,17351.75,-1147.5,31.5,-1.07,初始止损,5.0
2022-03-10 09:35:00,2022-03-10 09:40:00,SHORT,17,17297.25,17329.75,-1139.0,32.25,-1.04,初始止损,5.0
2022-03-11 09:30:00,2022-03-11 15:55:00,SHORT,17,17477.5,17104.25,12656.5,31.75,11.72,收盘平仓,385.0
2022-03-14 09:30:00,2022-03-14 09:35:00,SHORT,18,16985.5,17018.25,-1215.0,31.75,-1.06,初始止损,5.0
2022-03-15 09:40:00,2022-03-15 09:50:00,SHORT,18,16865.0,16897.5,-1206.0,31.5,-1.06,初始止损,10.0
2022-03-16 09:35:00,2022-03-16 13:05:00,LONG,18,17435.0,17435.0,-36.0,31.75,-0.03,保本止损,210.0
2022-03-17 09:30:00,2022-03-17 09:35:00,LONG,18,17630.75,17598.5,-1197.0,32.0,-1.04,初始止损,5.0
2022-03-18 09:40:00,2022-03-18 15:55:00,LONG,18,17822.75,18165.25,12294.0,31.5,10.84,收盘平仓,375.0
2022-03-21 09:30:00,2022-03-21 09:45:00,LONG,19,18159.0,18126.75,-1263.5,31.5,-1.06,初始止损,15.0
2022-03-22 09:30:00,2022-03-22 15:55:00,LONG,19,18173.75,18410.0,8939.5,30.75,7.65,收盘平仓,385.0
2022-03-23 09:30:00,2022-03-23 10:05:00,SHORT,21,18261.75,18292.25,-1323.0,30.25,-1.04,初始止损,35.0
2022-03-24 09:30:00,2022-03-24 09:40:00,SHORT,21,18254.0,18284.25,-1312.5,29.5,-1.06,初始止损,10.0
2022-03-25 09:30:00,2022-03-25 09:45:00,SHORT,21,18498.75,18528.75,-1302.0,29.0,-1.07,初始止损,15.0
2022-03-28 09:30:00,2022-03-28 10:15:00,LONG,22,18558.25,18558.25,-44.0,28.25,-0.04,保本止损,45.0
2022-03-29 09:30:00,2022-03-29 09:35:00,LONG,22,18959.5,18931.0,-1298.0,27.75,-1.06,初始止损,5.0
2022-03-30 09:30:00,2022-03-30 09:35:00,LONG,22,18948.5,18920.25,-1287.0,27.25,-1.07,初始止损,5.0
2022-03-31 09:30:00,2022-03-31 10:45:00,SHORT,23,18788.0,18815.0,-1288.0,26.5,-1.06,初始止损,75.0
2022-04-01 09:35:00,2022-04-01 09:40:00,SHORT,23,18623.25,18650.0,-1276.5,26.0,-1.07,初始止损,5.0
2022-04-04 09:30:00,2022-04-04 15:55:00,LONG,24,18666.75,18919.75,12096.0,25.25,9.98,收盘平仓,385.0
2022-04-05 09:40:00,2022-04-05 15:55:00,SHORT,25,18840.75,18586.5,12662.5,25.0,10.13,收盘平仓,375.0
2022-04-06 09:35:00,2022-04-06 14:00:00,SHORT,27,18339.25,18339.25,-54.0,25.25,-0.04,保本止损,265.0
2022-04-07 09:30:00,2022-04-07 09:40:00,LONG,26,18292.5,18266.25,-1417.0,25.75,-1.06,初始止损,10.0
2022-04-08 09:30:00,2022-04-08 10:30:00,SHORT,26,18171.5,18171.5,-52.0,25.75,-0.04,保本止损,60.0
2022-04-11 09:30:00,2022-04-11 09:35:00,SHORT,27,17880.0,17905.25,-1417.5,25.0,-1.05,初始止损,5.0
2022-04-12 09:30:00,2022-04-12 09:45:00,SHORT,26,17915.25,17941.25,-1404.0,25.25,-1.07,初始止损,15.0
2022-04-13 09:35:00,2022-04-13 15:55:00,LONG,26,17748.25,17976.75,11830.0,25.5,8.92,收盘平仓,380.0
2022-04-14 09:40:00,2022-04-14 15:55:00,SHORT,27,17891.5,17648.5,13068.0,25.5,9.49,收盘平仓,375.0
2022-04-18 09:30:00,2022-04-18 09:35:00,LONG,28,17667.25,17640.5,-1554.0,25.75,-1.08,初始止损,5.0
2022-04-19 09:30:00,2022-04-19 09:35:00,LONG,29,17660.75,17635.25,-1537.0,25.0,-1.06,初始止损,5.0
2022-04-20 09:30:00,2022-04-20 15:55:00,SHORT,28,17971.0,17758.5,11844.0,25.5,8.29,收盘平仓,385.0
2022-04-21 09:30:00,2022-04-21 09:45:00,LONG,30,18014.75,17989.0,-1605.0,25.25,-1.06,初始止损,15.0
2022-04-22 09:30:00,2022-04-22 09:35:00,LONG,28,17503.75,17476.25,-1596.0,26.75,-1.07,初始止损,5.0
2022-04-25 09:40:00,2022-04-25 09:45:00,SHORT,28,17020.75,17048.0,-1582.0,27.25,-1.04,初始止损,5.0
2022-04-26 09:30:00,2022-04-26 15:55:00,SHORT,28,17128.5,16764.0,20356.0,26.75,13.59,收盘平仓,385.0
2022-04-27 09:30:00,2022-04-27 10:05:00,LONG,29,16850.75,16850.75,-58.0,27.75,-0.04,保本止损,35.0
2022-04-28 09:35:00,2022-04-28 09:40:00,SHORT,29,16931.75,16960.0,-1696.5,27.5,-1.06,初始止损,5.0
2022-04-29 09:30:00,2022-04-29 09:35:00,LONG,28,17089.25,17060.25,-1680.0,28.5,-1.05,初始止损,5.0
2022-05-02 09:40:00,2022-05-02 09:45:00,LONG,27,16669.75,16639.75,-1674.0,29.75,-1.04,初始止损,5.0
2022-05-03 09:30:00,2022-05-03 09:55:00,SHORT,27,16812.5,16842.25,-1660.5,29.75,-1.03,初始止损,25.0
2022-05-04 09:30:00,2022-05-04 09:35:00,SHORT,27,16828.25,16857.75,-1647.0,28.75,-1.06,初始止损,5.0
2022-05-05 09:30:00,2022-05-05 15:55:00,SHORT,26,17054.5,16613.75,22867.0,30.25,14.54,收盘平仓,385.0
2022-05-06 09:30:00,2022-05-06 10:05:00,SHORT,26,16439.0,16439.0,-52.0,32.5,-0.03,保本止损,35.0
2022-05-09 09:35:00,2022-05-09 09:40:00,LONG,26,16268.25,16235.0,-1781.0,32.5,-1.05,初始止损,5.0
2022-05-10 09:35:00,2022-05-10 09:55:00,SHORT,25,16208.25,16208.25,-50.0,33.0,-0.03,保本止损,20.0
2022-05-11 09:40:00,2022-05-11 09:45:00,LONG,26,16092.0,16059.0,-1768.0,32.75,-1.04,初始止损,5.0
2022-05-12 09:30:00,2022-05-12 09:35:00,SHORT,25,15494.75,15528.75,-1750.0,33.25,-1.05,初始止损,5.0
2022-05-13 09:30:00,2022-05-13 09:35:00,SHORT,25,15846.75,15880.5,-1737.5,33.25,-1.05,初始止损,5.0
2022-05-16 09:30:00,2022-05-16 09:35:00,SHORT,25,16032.5,16066.25,-1737.5,33.5,-1.04,初始止损,5.0
2022-05-17 09:30:00,2022-05-17 09:35:00,LONG,25,16259.75,16226.25,-1725.0,32.25,-1.07,初始止损,5.0
2022-05-18 09:35:00,2022-05-18 15:55:00,SHORT,26,16108.25,15695.75,21398.0,31.75,12.96,收盘平仓,380.0
2022-05-19 09:30:00,2022-05-19 09:40:00,LONG,27,15673.25,15640.0,-1849.5,33.0,-1.04,初始止损,10.0
2022-05-20 09:30:00,2022-05-20 09:40:00,SHORT,27,15754.25,15787.25,-1836.0,32.25,-1.05,初始止损,10.0
2022-05-23 09:35:00,2022-05-23 09:40:00,SHORT,26,15589.5,15623.5,-1820.0,33.0,-1.06,初始止损,5.0
2022-05-24 09:30:00,2022-05-24 12:15:00,SHORT,27,15550.75,15550.75,-54.0,32.0,-0.03,保本止损,165.0
2022-05-25 09:30:00,2022-05-25 14:05:00,LONG,27,15535.25,15535.25,-54.0,32.25,-0.03,保本止损,275.0
2022-05-26 09:30:00,2022-05-26 15:55:00,LONG,27,15736.75,16030.0,15781.5,31.75,9.2,收盘平仓,385.0
2022-05-27 09:30:00,2022-05-27 15:55:00,LONG,29,16201.5,16437.25,13615.5,31.75,7.39,收盘平仓,385.0
2022-05-31 09:30:00,2022-05-31 10:20:00,SHORT,31,16336.0,16336.0,-62.0,30.25,-0.03,保本止损,50.0
2022-06-01 09:30:00,2022-06-01 09:40:00,LONG,32,16543.25,16513.0,-2000.0,29.75,-1.05,初始止损,10.0
2022-06-03 09:40:00,2022-06-03 09:45:00,SHORT,32,16378.0,16408.0,-1984.0,30.0,-1.03,初始止损,5.0
2022-06-06 09:35:00,2022-06-06 09:40:00,SHORT,31,16472.5,16503.25,-1968.5,30.0,-1.06,初始止损,5.0
2022-06-07 09:30:00,2022-06-07 15:55:00,LONG,32,16235.5,16466.5,14720.0,29.25,7.86,收盘平仓,385.0
2022-06-08 09:35:00,2022-06-08 09:40:00,LONG,34,16468.0,16438.75,-2057.0,29.0,-1.04,初始止损,5.0
2022-06-09 09:30:00,2022-06-09 09:35:00,LONG,35,16341.5,16313.25,-2047.5,28.0,-1.04,初始止损,5.0
2022-06-10 09:30:00,2022-06-10 09:35:00,SHORT,34,15738.5,15767.25,-2023.0,28.25,-1.05,初始止损,5.0
2022-06-13 09:30:00,2022-06-13 09:35:00,LONG,34,15293.0,15264.25,-2023.0,28.5,-1.04,初始止损,5.0
2022-06-14 09:30:00,2022-06-14 09:55:00,SHORT,32,15129.25,15129.25,-64.0,29.5,-0.03,保本止损,25.0
2022-06-15 09:40:00,2022-06-15 09:50:00,LONG,33,15273.0,15243.75,-1996.5,28.75,-1.05,初始止损,10.0
2022-06-16 09:30:00,2022-06-16 09:35:00,SHORT,33,15021.75,15051.0,-1996.5,29.0,-1.04,初始止损,5.0
2022-06-17 09:30:00,2022-06-17 10:15:00,LONG,31,15002.25,14971.5,-1968.5,30.0,-1.06,初始止损,45.0
2022-06-20 09:35:00,2022-06-20 10:15:00,SHORT,32,15087.25,15117.0,-1968.0,29.25,-1.05,初始止损,40.0
2022-06-21 09:30:00,2022-06-21 15:55:00,LONG,33,15263.0,15314.75,3349.5,28.0,1.81,收盘平仓,385.0
2022-06-22 09:30:00,2022-06-22 09:40:00,LONG,35,15237.25,15210.0,-1977.5,27.25,-1.04,初始止损,10.0
2022-06-23 09:30:00,2022-06-23 09:55:00,SHORT,35,15362.75,15362.75,-70.0,27.0,-0.04,保本止损,25.0
2022-06-24 09:30:00,2022-06-24 15:55:00,LONG,36,15640.5,15883.5,17424.0,26.25,9.22,收盘平仓,385.0
2022-06-27 09:30:00,2022-06-27 10:00:00,SHORT,37,15850.5,15850.5,-74.0,26.5,-0.04,保本止损,30.0
2022-06-28 09:30:00,2022-06-28 09:45:00,LONG,38,15880.75,15854.5,-2071.0,25.75,-1.06,初始止损,15.0
2022-06-29 09:30:00,2022-06-29 09:35:00,SHORT,37,15327.0,15353.75,-2053.5,26.75,-1.04,初始止损,5.0
2022-06-30 09:35:00,2022-06-30 10:50:00,SHORT,38,15197.0,15197.0,-76.0,25.75,-0.04,保本止损,75.0
2022-07-01 09:30:00,2022-07-01 09:40:00,SHORT,38,15201.5,15227.5,-2052.0,25.75,-1.05,初始止损,10.0
2022-07-04 09:30:00,2022-07-04 12:55:00,SHORT,38,15296.75,15289.75,456.0,25.25,0.24,收盘平仓,205.0
2022-07-05 09:30:00,2022-07-05 09:45:00,SHORT,41,15147.75,15171.75,-2050.0,23.75,-1.05,初始止损,15.0
2022-07-06 09:30:00,2022-07-06 09:35:00,LONG,40,15580.75,15556.25,-2040.0,24.25,-1.05,初始止损,5.0
2022-07-07 09:30:00,2022-07-07 15:55:00,LONG,40,15725.75,15871.75,11600.0,23.75,6.11,收盘平仓,385.0
2022-07-08 09:30:00,2022-07-08 09:50:00,LONG,42,15772.25,15748.25,-2100.0,23.5,-1.06,初始止损,20.0
2022-07-11 09:30:00,2022-07-11 15:55:00,SHORT,42,15747.25,15626.75,10038.0,23.25,5.14,收盘平仓,385.0
2022-07-12 09:35:00,2022-07-12 09:40:00,LONG,44,15745.5,15722.0,-2156.0,23.25,-1.05,初始止损,5.0
2022-07-13 09:35:00,2022-07-13 09:40:00,LONG,43,15391.0,15367.25,-2128.5,23.25,-1.06,初始止损,5.0
2022-07-14 09:30:00,2022-07-14 09:45:00,SHORT,43,15331.75,15355.5,-2128.5,23.25,-1.06,初始止损,15.0
2022-07-15 09:30:00,2022-07-15 09:40:00,LONG,43,15690.0,15666.5,-2107.0,23.25,-1.05,初始止损,10.0
2022-07-18 09:30:00,2022-07-18 09:35:00,LONG,44,15872.5,15849.75,-2090.0,22.75,-1.04,初始止损,5.0
2022-07-19 09:45:00,2022-07-19 09:50:00,SHORT,43,15744.75,15768.0,-2085.5,23.0,-1.05,初始止损,5.0
2022-07-20 09:30:00,2022-07-20 15:55:00,LONG,42,16030.75,16201.75,14280.0,23.25,7.31,收盘平仓,385.0
2022-07-21 09:30:00,2022-07-21 09:35:00,SHORT,44,16181.25,16204.75,-2156.0,23.0,-1.07,初始止损,5.0
2022-07-22 09:30:00,2022-07-22 09:35:00,SHORT,44,16325.25,16348.5,-2134.0,23.0,-1.05,初始止损,5.0
2022-07-25 09:30:00,2022-07-25 15:55:00,SHORT,43,16151.0,16091.25,5052.5,23.25,2.53,收盘平仓,385.0
2022-07-26 09:30:00,2022-07-26 09:40:00,SHORT,46,15967.25,15989.75,-2162.0,22.5,-1.04,初始止损,10.0
2022-07-27 09:30:00,2022-07-27 09:35:00,SHORT,46,16026.0,16048.5,-2162.0,22.25,-1.06,初始止损,5.0
2022-07-28 09:40:00,2022-07-28 10:45:00,SHORT,43,16255.0,16278.75,-2128.5,23.75,-1.04,初始止损,65.0
2022-07-29 09:30:00,2022-07-29 09:35:00,SHORT,42,16509.75,16534.0,-2121.0,23.75,-1.06,初始止损,5.0
2022-08-01 09:35:00,2022-08-01 13:35:00,LONG,43,16656.25,16656.25,-86.0,23.5,-0.04,保本止损,240.0
2022-08-02 09:30:00,2022-08-02 09:35:00,LONG,43,16641.5,16618.0,-2107.0,23.25,-1.05,初始止损,5.0
2022-08-03 09:30:00,2022-08-03 15:55:00,LONG,43,16776.25,17008.0,19844.5,23.25,9.92,收盘平仓,385.0
2022-08-04 09:35:00,2022-08-04 09:40:00,SHORT,45,16992.75,17016.5,-2227.5,23.5,-1.05,初始止损,5.0
2022-08-05 09:30:00,2022-08-05 09:40:00,LONG,46,16916.25,16893.25,-2208.0,22.75,-1.05,初始止损,10.0
2022-08-08 09:40:00,2022-08-08 10:25:00,LONG,46,17110.75,17088.0,-2185.0,22.5,-1.06,初始止损,45.0
2022-08-09 09:30:00,2022-08-09 09:35:00,SHORT,46,16779.25,16802.0,-2185.0,22.5,-1.06,初始止损,5.0
2022-08-10 09:30:00,2022-08-10 09:45:00,SHORT,47,17038.75,17060.75,-2162.0,22.0,-1.05,初始止损,15.0
2022-08-11 09:30:00,2022-08-11 09:35:00,SHORT,45,17195.25,17218.25,-2160.0,22.5,-1.07,初始止损,5.0
2022-08-12 09:40:00,2022-08-12 09:45:00,LONG,45,17163.0,17140.25,-2137.5,22.5,-1.06,初始止损,5.0
2022-08-15 09:30:00,2022-08-15 09:35:00,LONG,45,17335.75,17313.25,-2115.0,22.25,-1.06,初始止损,5.0
2022-08-16 09:35:00,2022-08-16 11:25:00,SHORT,47,17363.5,17363.5,-94.0,21.5,-0.05,保本止损,110.0
2022-08-17 09:40:00,2022-08-17 09:45:00,SHORT,47,17236.5,17258.0,-2115.0,21.25,-1.06,初始止损,5.0
2022-08-18 09:30:00,2022-08-18 09:35:00,SHORT,47,17181.0,17202.5,-2115.0,21.0,-1.07,初始止损,5.0
2022-08-19 09:40:00,2022-08-19 15:55:00,SHORT,49,17080.0,16999.0,7840.0,20.25,3.95,收盘平仓,375.0
2022-08-22 09:30:00,2022-08-22 09:40:00,SHORT,49,16773.5,16794.25,-2131.5,20.5,-1.06,初始止损,10.0
2022-08-23 09:30:00,2022-08-23 09:35:00,LONG,48,16669.75,16648.5,-2136.0,21.0,-1.06,初始止损,5.0
2022-08-24 09:30:00,2022-08-24 09:35:00,SHORT,49,16592.5,16613.0,-2107.0,20.5,-1.05,初始止损,5.0
2022-08-25 09:30:00,2022-08-25 09:35:00,SHORT,50,16709.5,16729.5,-2100.0,19.75,-1.06,初始止损,5.0
2022-08-26 09:35:00,2022-08-26 10:05:00,SHORT,51,16872.0,16872.0,-102.0,19.5,-0.05,保本止损,30.0
2022-08-29 09:30:00,2022-08-29 09:45:00,LONG,46,16303.75,16282.0,-2093.0,21.25,-1.07,初始止损,15.0
2022-08-30 09:35:00,2022-08-30 15:55:00,SHORT,47,16288.0,16089.25,18588.5,20.75,9.53,收盘平仓,380.0
2022-08-31 09:30:00,2022-08-31 09:35:00,SHORT,49,16147.0,16168.25,-2180.5,21.0,-1.06,初始止损,5.0
2022-09-01 09:30:00,2022-09-01 09:35:00,SHORT,50,15886.0,15906.75,-2175.0,20.75,-1.05,初始止损,5.0
2022-09-02 09:30:00,2022-09-02 09:35:00,SHORT,49,16056.0,16077.0,-2156.0,20.75,-1.06,初始止损,5.0
2022-09-05 09:35:00,2022-09-05 12:55:00,LONG,47,15872.75,15871.75,-188.0,21.5,-0.09,收盘平仓,200.0
2022-09-06 09:30:00,2022-09-06 09:35:00,SHORT,50,15841.0,15861.5,-2150.0,20.5,-1.05,初始止损,5.0
2022-09-07 09:30:00,2022-09-07 10:00:00,LONG,50,15817.75,15797.25,-2150.0,20.25,-1.06,初始止损,30.0
2022-09-08 09:30:00,2022-09-08 09:35:00,SHORT,50,15864.25,15884.5,-2125.0,20.25,-1.05,初始止损,5.0
2022-09-09 09:30:00,2022-09-09 09:35:00,LONG,49,16202.75,16182.25,-2107.0,20.25,-1.06,初始止损,5.0
2022-09-12 09:30:00,2022-09-12 09:35:00,LONG,49,16417.0,16396.5,-2107.0,20.25,-1.06,初始止损,5.0
2022-09-13 09:40:00,2022-09-13 09:45:00,SHORT,50,16083.75,16103.5,-2075.0,19.75,-1.05,初始止损,5.0
2022-09-14 09:30:00,2022-09-14 09:35:00,SHORT,43,15763.75,15786.75,-2064.0,22.5,-1.07,初始止损,5.0
2022-09-15 09:45:00,2022-09-15 10:20:00,LONG,45,15862.5,15840.75,-2047.5,21.75,-1.05,初始止损,35.0
2022-09-16 09:40:00,2022-09-16 09:45:00,SHORT,44,15473.25,15495.5,-2046.0,21.75,-1.07,初始止损,5.0
2022-09-19 09:30:00,2022-09-19 11:35:00,LONG,45,15538.75,15538.75,-90.0,21.25,-0.05,保本止损,125.0
2022-09-20 09:35:00,2022-09-20 09:45:00,SHORT,46,15570.5,15591.5,-2024.0,21.0,-1.05,初始止损,10.0
2022-09-21 09:30:00,2022-09-21 09:40:00,SHORT,46,15601.25,15622.25,-2024.0,20.5,-1.07,初始止损,10.0
2022-09-22 09:35:00,2022-09-22 15:10:00,SHORT,44,15285.25,15285.25,-88.0,21.5,-0.05,保本止损,335.0
2022-09-23 09:45:00,2022-09-23 10:25:00,SHORT,45,15045.0,15066.25,-2002.5,21.0,-1.06,初始止损,40.0
2022-09-26 09:30:00,2022-09-26 11:05:00,LONG,44,15080.25,15080.25,-88.0,21.25,-0.05,保本止损,95.0
2022-09-27 09:30:00,2022-09-27 09:45:00,LONG,45,15190.25,15169.25,-1980.0,21.0,-1.05,初始止损,15.0
2022-09-28 09:30:00,2022-09-28 09:35:00,SHORT,44,14942.5,14964.0,-1980.0,21.25,-1.06,初始止损,5.0
2022-09-29 09:35:00,2022-09-29 15:55:00,SHORT,43,14994.0,14892.25,8664.5,21.75,4.63,收盘平仓,380.0
2022-09-30 09:35:00,2022-09-30 09:40:00,SHORT,42,14827.5,14850.5,-2016.0,22.5,-1.07,初始止损,5.0
2022-10-03 09:30:00,2022-10-03 09:45:00,SHORT,42,14741.5,14764.25,-1995.0,22.75,-1.04,初始止损,15.0
2022-10-04 09:30:00,2022-10-04 13:15:00,LONG,41,15215.5,15215.5,-82.0,23.0,-0.04,保本止损,225.0
2022-10-05 09:30:00,2022-10-05 09:35:00,LONG,40,15188.25,15164.5,-1980.0,23.25,-1.06,初始止损,5.0
2022-10-06 09:30:00,2022-10-06 10:00:00,LONG,40,15312.0,15288.25,-1980.0,23.5,-1.05,初始止损,30.0
2022-10-07 09:40:00,2022-10-07 10:20:00,SHORT,41,14935.5,14935.5,-82.0,22.75,-0.04,保本止损,40.0
2022-10-10 09:30:00,2022-10-10 10:25:00,SHORT,39,14723.75,14723.75,-78.0,24.0,-0.04,保本止损,55.0
2022-10-11 09:30:00,2022-10-11 10:40:00,SHORT,39,14555.75,14555.75,-78.0,23.5,-0.04,保本止损,70.0
2022-10-12 09:30:00,2022-10-12 09:35:00,SHORT,40,14491.75,14515.25,-1960.0,23.25,-1.05,初始止损,5.0
2022-10-13 09:45:00,2022-10-13 15:55:00,LONG,41,14244.5,14741.75,40692.5,22.5,22.06,收盘平仓,370.0
2022-10-14 09:30:00,2022-10-14 09:35:00,SHORT,43,14786.5,14811.0,-2193.0,24.25,-1.05,初始止损,5.0
2022-10-17 09:30:00,2022-10-17 10:50:00,LONG,41,14699.25,14699.25,-82.0,25.25,-0.04,保本止损,80.0
2022-10-18 09:50:00,2022-10-18 09:55:00,SHORT,41,14959.75,14985.25,-2173.0,25.5,-1.04,初始止损,5.0
2022-10-19 09:30:00,2022-10-19 09:40:00,LONG,40,14851.25,14825.25,-2160.0,25.5,-1.06,初始止损,10.0
2022-10-20 09:30:00,2022-10-20 09:35:00,LONG,41,14803.0,14777.75,-2152.5,25.0,-1.05,初始止损,5.0
2022-10-21 09:50:00,2022-10-21 09:55:00,LONG,41,14791.25,14766.25,-2132.0,24.75,-1.05,初始止损,5.0
2022-10-24 09:30:00,2022-10-24 09:35:00,SHORT,40,14981.25,15006.75,-2120.0,25.0,-1.06,初始止损,5.0
2022-10-25 09:30:00,2022-10-25 09:35:00,LONG,41,15213.5,15188.75,-2111.5,24.75,-1.04,初始止损,5.0
2022-10-26 09:40:00,2022-10-26 09:45:00,SHORT,41,15128.75,15153.5,-2111.5,24.5,-1.05,初始止损,5.0
2022-10-27 09:35:00,2022-10-27 10:10:00,SHORT,41,15055.5,15055.5,-82.0,24.25,-0.04,保本止损,35.0
2022-10-28 09:30:00,2022-10-28 10:00:00,LONG,42,14946.25,14946.25,-84.0,23.75,-0.04,保本止损,30.0
2022-10-31 09:40:00,2022-10-31 11:40:00,SHORT,41,15133.0,15133.0,-82.0,24.25,-0.04,保本止损,120.0
2022-11-01 09:40:00,2022-11-01 15:55:00,SHORT,42,15242.75,14990.5,21105.0,23.75,10.58,收盘平仓,375.0
2022-11-02 09:30:00,2022-11-02 09:35:00,SHORT,45,14948.25,14972.0,-2227.5,23.5,-1.05,初始止损,5.0
2022-11-03 09:40:00,2022-11-03 10:10:00,SHORT,42,14451.25,14451.25,-84.0,24.75,-0.04,保本止损,30.0
2022-11-04 09:30:00,2022-11-04 10:00:00,SHORT,43,14525.0,14525.0,-86.0,24.25,-0.04,保本止损,30.0
2022-11-07 09:30:00,2022-11-07 10:05:00,SHORT,44,14571.25,14595.25,-2200.0,24.0,-1.04,初始止损,35.0
2022-11-08 09:30:00,2022-11-08 09:50:00,SHORT,44,14707.25,14731.25,-2200.0,23.5,-1.06,初始止损,20.0
2022-11-09 09:30:00,2022-11-09 09:40:00,SHORT,44,14644.5,14668.25,-2178.0,23.25,-1.06,初始止损,10.0
2022-11-10 09:45:00,2022-11-10 10:35:00,LONG,44,15037.0,15037.0,-88.0,23.25,-0.04,保本止损,50.0
2022-11-11 09:30:00,2022-11-11 09:40:00,SHORT,40,15248.25,15274.25,-2160.0,25.75,-1.05,初始止损,10.0
2022-11-14 09:30:00,2022-11-14 09:35:00,SHORT,40,15404.0,15429.75,-2140.0,25.75,-1.04,初始止损,5.0
2022-11-15 09:35:00,2022-11-15 10:00:00,SHORT,41,15674.0,15699.0,-2132.0,24.75,-1.05,初始止损,25.0
2022-11-16 09:40:00,2022-11-16 12:40:00,SHORT,41,15461.25,15461.25,-82.0,24.75,-0.04,保本止损,180.0
2022-11-17 09:30:00,2022-11-17 15:55:00,LONG,42,15242.25,15372.75,10878.0,24.0,5.4,收盘平仓,385.0
2022-11-18 09:30:00,2022-11-18 15:55:00,SHORT,44,15430.75,15368.0,5434.0,23.5,2.63,收盘平仓,385.0
2022-11-21 09:30:00,2022-11-21 09:40:00,SHORT,45,15299.75,15323.5,-2227.5,23.25,-1.06,初始止损,10.0
2022-11-22 09:30:00,2022-11-22 10:15:00,SHORT,47,15253.5,15276.0,-2209.0,22.25,-1.06,初始止损,45.0
2022-11-23 09:30:00,2022-11-23 11:55:00,LONG,47,15429.0,15429.0,-94.0,22.0,-0.05,保本止损,145.0
2022-11-25 09:30:00,2022-11-25 09:35:00,SHORT,52,15430.25,15450.5,-2210.0,20.0,-1.06,初始止损,5.0
2022-11-28 09:30:00,2022-11-28 10:20:00,LONG,53,15408.5,15388.75,-2199.5,19.5,-1.06,初始止损,50.0
2022-11-29 09:35:00,2022-11-29 09:40:00,SHORT,54,15251.0,15270.25,-2187.0,19.25,-1.05,初始止损,5.0
2022-11-30 09:30:00,2022-11-30 09:35:00,LONG,55,15226.5,15207.75,-2172.5,18.75,-1.05,初始止损,5.0
2022-12-01 09:40:00,2022-12-01 10:00:00,LONG,50,15759.75,15739.25,-2150.0,20.25,-1.06,初始止损,20.0
2022-12-02 09:30:00,2022-12-02 09:40:00,LONG,51,15562.25,15542.25,-2142.0,20.0,-1.05,初始止损,10.0
2022-12-05 09:30:00,2022-12-05 10:00:00,LONG,51,15605.0,15585.0,-2142.0,19.75,-1.06,初始止损,30.0
2022-12-06 09:30:00,2022-12-06 15:55:00,SHORT,51,15430.75,15223.0,21088.5,19.75,10.47,收盘平仓,385.0
2022-12-07 09:30:00,2022-12-07 09:40:00,LONG,53,15215.0,15194.75,-2252.5,20.0,-1.06,初始止损,10.0
2022-12-08 09:30:00,2022-12-08 09:50:00,SHORT,54,15178.25,15198.0,-2241.0,19.5,-1.06,初始止损,20.0
2022-12-09 09:40:00,2022-12-09 09:50:00,LONG,55,15300.5,15281.25,-2227.5,19.0,-1.07,初始止损,10.0
2022-12-12 09:35:00,2022-12-12 09:40:00,SHORT,56,15208.5,15227.25,-2212.0,18.75,-1.05,初始止损,5.0
2022-12-13 09:30:00,2022-12-13 09:40:00,SHORT,57,15763.0,15781.25,-2194.5,18.25,-1.05,初始止损,10.0
2022-12-14 09:30:00,2022-12-14 09:45:00,LONG,53,15533.75,15514.25,-2173.0,19.5,-1.05,初始止损,15.0
2022-12-15 09:30:00,2022-12-15 15:55:00,SHORT,51,15187.75,15006.75,18360.0,20.0,9.0,收盘平仓,385.0
2022-12-16 09:30:00,2022-12-16 09:35:00,LONG,51,14984.0,14962.75,-2269.5,21.0,-1.06,初始止损,5.0
2022-12-19 09:30:00,2022-12-19 09:35:00,SHORT,52,14842.25,14863.0,-2262.0,20.75,-1.05,初始止损,5.0
2022-12-20 09:35:00,2022-12-20 09:40:00,LONG,52,14687.0,14666.25,-2262.0,20.5,-1.06,初始止损,5.0
2022-12-21 09:30:00,2022-12-21 09:35:00,SHORT,53,14733.25,14753.5,-2252.5,20.0,-1.06,初始止损,5.0
2022-12-22 09:30:00,2022-12-22 15:55:00,SHORT,53,14688.75,14601.0,9195.5,19.75,4.39,收盘平仓,385.0
2022-12-23 09:30:00,2022-12-23 09:40:00,SHORT,52,14534.75,14534.75,-104.0,20.75,-0.05,保本止损,10.0
2022-12-27 09:30:00,2022-12-27 15:55:00,SHORT,53,14565.0,14465.0,10494.0,20.25,4.89,收盘平仓,385.0
2022-12-28 09:30:00,2022-12-28 09:50:00,LONG,56,14522.25,14502.25,-2352.0,19.75,-1.06,初始止损,20.0
2022-12-29 09:35:00,2022-12-29 15:55:00,LONG,56,14468.5,14578.25,12180.0,19.75,5.51,收盘平仓,380.0
2022-12-30 09:30:00,2022-12-30 09:40:00,LONG,58,14484.75,14465.0,-2407.0,19.75,-1.05,初始止损,10.0
2023-01-03 09:35:00,2023-01-03 09:40:00,LONG,58,14696.25,14676.5,-2407.0,19.5,-1.06,初始止损,5.0
2023-01-04 09:30:00,2023-01-04 09:35:00,SHORT,57,14528.0,14548.0,-2394.0,19.75,-1.06,初始止损,5.0
2023-01-05 09:30:00,2023-01-05 10:00:00,SHORT,57,14417.5,14437.25,-2365.5,19.5,-1.06,初始止损,30.0
2023-01-06 09:35:00,2023-01-06 09:50:00,SHORT,58,14372.25,14372.25,-116.0,19.0,-0.05,保本止损,15.0
2023-01-09 09:30:00,2023-01-09 09:35:00,LONG,55,14766.25,14746.0,-2337.5,20.0,-1.06,初始止损,5.0
2023-01-10 09:30:00,2023-01-10 09:35:00,LONG,55,14786.0,14765.75,-2337.5,20.0,-1.06,初始止损,5.0
2023-01-11 09:35:00,2023-01-11 09:50:00,LONG,56,14887.5,14867.75,-2324.0,19.5,-1.06,初始止损,15.0
2023-01-12 09:40:00,2023-01-12 10:00:00,SHORT,57,14903.25,14922.5,-2308.5,19.0,-1.07,初始止损,20.0
2023-01-13 09:30:00,2023-01-13 09:35:00,LONG,57,14997.0,14977.75,-2308.5,19.0,-1.07,初始止损,5.0
2023-01-16 09:30:00,2023-01-16 11:35:00,LONG,57,15142.5,15123.5,-2280.0,18.75,-1.07,初始止损,125.0
2023-01-17 09:50:00,2023-01-17 09:55:00,LONG,60,15165.75,15147.75,-2280.0,17.75,-1.07,初始止损,5.0
2023-01-18 09:55:00,2023-01-18 10:15:00,LONG,62,15265.5,15248.25,-2263.0,17.25,-1.06,初始止损,20.0
2023-01-19 09:30:00,2023-01-19 09:35:00,LONG,60,14976.75,14959.0,-2250.0,17.5,-1.07,初始止损,5.0
2023-01-20 09:30:00,2023-01-20 09:35:00,SHORT,61,14941.25,14958.5,-2226.5,17.25,-1.06,初始止损,5.0
2023-01-23 09:35:00,2023-01-23 15:55:00,LONG,59,15268.75,15477.75,24544.0,17.75,11.72,收盘平仓,380.0
2023-01-24 09:30:00,2023-01-24 09:35:00,LONG,61,15417.25,15398.75,-2379.0,18.25,-1.07,初始止损,5.0
2023-01-25 09:30:00,2023-01-25 09:35:00,SHORT,63,15233.75,15251.5,-2362.5,17.5,-1.07,初始止损,5.0
2023-01-26 09:30:00,2023-01-26 09:40:00,LONG,62,15582.25,15564.25,-2356.0,17.75,-1.07,初始止损,10.0
2023-01-27 09:30:00,2023-01-27 15:55:00,LONG,62,15628.75,15769.5,17329.0,17.75,7.87,收盘平仓,385.0
2023-01-30 09:30:00,2023-01-30 09:35:00,SHORT,64,15618.0,15636.0,-2432.0,18.0,-1.06,初始止损,5.0
2023-01-31 09:30:00,2023-01-31 09:35:00,LONG,63,15570.75,15552.5,-2425.5,18.0,-1.07,初始止损,5.0
2023-02-01 09:30:00,2023-02-01 09:35:00,SHORT,64,15658.25,15676.0,-2400.0,17.75,-1.06,初始止损,5.0
2023-02-02 09:30:00,2023-02-02 09:35:00,LONG,59,16258.75,16239.5,-2389.5,19.0,-1.07,初始止损,5.0
2023-02-03 09:30:00,2023-02-03 09:35:00,LONG,54,16171.0,16150.25,-2349.0,20.5,-1.06,初始止损,5.0
2023-02-06 09:30:00,2023-02-06 09:35:00,LONG,53,16102.75,16081.75,-2332.0,20.75,-1.06,初始止损,5.0
2023-02-07 09:35:00,2023-02-07 09:55:00,LONG,55,16069.0,16048.75,-2337.5,20.0,-1.06,初始止损,20.0
2023-02-08 09:40:00,2023-02-08 09:45:00,LONG,53,16288.75,16268.0,-2305.5,20.5,-1.06,初始止损,5.0
2023-02-09 09:30:00,2023-02-09 15:55:00,SHORT,53,16239.5,15973.5,28090.0,20.5,12.93,收盘平仓,385.0
2023-02-10 09:30:00,2023-02-10 09:35:00,LONG,56,15917.0,15896.0,-2464.0,21.0,-1.05,初始止损,5.0
2023-02-13 09:30:00,2023-02-13 09:35:00,SHORT,57,15918.0,15938.5,-2451.0,20.5,-1.05,初始止损,5.0
2023-02-14 09:30:00,2023-02-14 09:35:00,SHORT,57,15992.5,16013.0,-2451.0,20.25,-1.06,初始止损,5.0
2023-02-15 09:40:00,2023-02-15 09:50:00,LONG,57,16142.25,16122.0,-2422.5,20.25,-1.05,初始止损,10.0
2023-02-16 09:45:00,2023-02-16 10:00:00,LONG,57,16106.5,16086.25,-2422.5,20.0,-1.06,初始止损,15.0
2023-02-17 09:35:00,2023-02-17 10:00:00,SHORT,57,15908.0,15908.0,-114.0,20.0,-0.05,保本止损,25.0
2023-02-20 09:35:00,2023-02-20 12:55:00,SHORT,58,15931.5,15913.0,2030.0,19.5,0.9,收盘平仓,200.0
2023-02-21 09:35:00,2023-02-21 09:45:00,LONG,62,15813.5,15795.0,-2418.0,18.5,-1.05,初始止损,10.0
2023-02-22 09:30:00,2023-02-22 10:00:00,LONG,61,15683.5,15664.75,-2409.5,18.5,-1.07,初始止损,30.0
2023-02-23 09:35:00,2023-02-23 09:45:00,SHORT,63,15759.0,15777.0,-2394.0,18.0,-1.06,初始止损,10.0
2023-02-24 09:30:00,2023-02-24 09:40:00,LONG,62,15562.25,15544.0,-2387.0,18.0,-1.07,初始止损,10.0
2023-02-27 09:35:00,2023-02-27 09:40:00,SHORT,61,15663.0,15681.5,-2379.0,18.25,-1.07,初始止损,5.0
2023-02-28 09:30:00,2023-02-28 09:35:00,SHORT,61,15598.0,15616.25,-2348.5,18.0,-1.07,初始止损,5.0
2023-03-01 09:30:00,2023-03-01 09:40:00,SHORT,63,15569.5,15587.0,-2331.0,17.5,-1.06,初始止损,10.0
2023-03-02 09:30:00,2023-03-02 09:35:00,LONG,64,15425.75,15408.5,-2336.0,17.0,-1.07,初始止损,5.0
2023-03-03 09:30:00,2023-03-03 09:35:00,SHORT,64,15669.75,15686.75,-2304.0,17.0,-1.06,初始止损,5.0
2023-03-06 09:30:00,2023-03-06 09:35:00,LONG,63,15923.5,15906.25,-2299.5,17.25,-1.06,初始止损,5.0
2023-03-07 09:35:00,2023-03-07 09:55:00,LONG,63,15894.5,15877.25,-2299.5,17.0,-1.07,初始止损,20.0
2023-03-08 09:40:00,2023-03-08 09:55:00,SHORT,63,15704.0,15721.0,-2268.0,17.0,-1.06,初始止损,15.0
2023-03-09 09:35:00,2023-03-09 09:40:00,LONG,64,15833.75,15817.0,-2272.0,16.5,-1.08,初始止损,5.0
2023-03-10 09:30:00,2023-03-10 10:00:00,SHORT,61,15508.5,15508.5,-122.0,17.25,-0.06,保本止损,30.0
2023-03-13 09:40:00,2023-03-13 09:45:00,SHORT,60,15257.75,15275.5,-2250.0,17.5,-1.07,初始止损,5.0
2023-03-14 09:35:00,2023-03-14 09:50:00,LONG,56,15673.75,15655.0,-2212.0,18.5,-1.07,初始止损,15.0
2023-03-15 09:30:00,2023-03-15 09:35:00,LONG,55,15672.75,15653.75,-2200.0,18.75,-1.07,初始止损,5.0
2023-03-16 09:55:00,2023-03-16 10:05:00,LONG,55,15835.0,15816.0,-2200.0,18.75,-1.07,初始止损,10.0
2023-03-17 09:35:00,2023-03-17 09:40:00,LONG,52,16170.5,16150.5,-2184.0,19.75,-1.06,初始止损,5.0
2023-03-20 09:30:00,2023-03-20 09:35:00,SHORT,52,15997.5,16017.25,-2158.0,19.5,-1.06,初始止损,5.0
2023-03-21 09:30:00,2023-03-21 09:35:00,LONG,53,16224.75,16205.5,-2146.5,19.25,-1.05,初始止损,5.0
2023-03-22 09:35:00,2023-03-22 09:40:00,LONG,53,16296.5,16277.25,-2146.5,19.0,-1.07,初始止损,5.0
2023-03-23 09:30:00,2023-03-23 09:40:00,LONG,51,16287.0,16267.25,-2116.5,19.5,-1.06,初始止损,10.0
2023-03-24 09:40:00,2023-03-24 09:50:00,SHORT,50,16191.5,16211.5,-2100.0,20.0,-1.05,初始止损,10.0
2023-03-27 09:30:00,2023-03-27 09:40:00,SHORT,51,16330.5,16350.0,-2091.0,19.5,-1.05,初始止损,10.0
2023-03-28 09:30:00,2023-03-28 15:55:00,SHORT,51,16156.0,16150.25,484.5,19.25,0.25,收盘平仓,385.0
2023-03-29 09:30:00,2023-03-29 10:25:00,LONG,52,16322.25,16303.25,-2080.0,18.75,-1.07,初始止损,55.0
2023-03-30 09:55:00,2023-03-30 10:05:00,LONG,52,16497.0,16478.0,-2080.0,18.75,-1.07,初始止损,10.0
2023-03-31 09:30:00,2023-03-31 15:55:00,LONG,53,16540.75,16719.25,18815.0,18.25,9.73,收盘平仓,385.0
2023-04-03 09:30:00,2023-04-03 09:55:00,LONG,57,16655.25,16637.0,-2194.5,18.0,-1.07,初始止损,25.0
2023-04-04 09:30:00,2023-04-04 10:00:00,SHORT,58,16695.5,16713.25,-2175.0,17.5,-1.07,初始止损,30.0
2023-04-05 09:30:00,2023-04-05 15:55:00,SHORT,59,16580.0,16497.25,9646.5,17.25,4.74,收盘平仓,385.0
2023-04-06 09:30:00,2023-04-06 09:55:00,SHORT,61,16386.25,16403.5,-2226.5,17.0,-1.07,初始止损,25.0
2023-04-10 09:30:00,2023-04-10 10:35:00,SHORT,60,16445.0,16445.0,-120.0,17.25,-0.06,保本止损,65.0
2023-04-11 09:40:00,2023-04-11 13:45:00,SHORT,61,16530.0,16530.0,-122.0,17.0,-0.06,保本止损,245.0
2023-04-12 09:35:00,2023-04-12 15:55:00,SHORT,63,16552.5,16376.25,22081.5,16.5,10.62,收盘平仓,380.0
2023-04-13 09:30:00,2023-04-13 15:55:00,LONG,67,16475.0,16627.5,20301.0,16.5,9.18,收盘平仓,385.0
2023-04-14 09:30:00,2023-04-14 10:15:00,LONG,69,16571.25,16571.25,-138.0,16.75,-0.06,保本止损,45.0
2023-04-17 09:35:00,2023-04-17 09:40:00,LONG,69,16611.0,16594.0,-2484.0,16.75,-1.07,初始止损,5.0
2023-04-18 09:30:00,2023-04-18 09:40:00,SHORT,71,16683.75,16700.0,-2449.5,16.25,-1.06,初始止损,10.0
2023-04-19 09:30:00,2023-04-19 09:50:00,LONG,73,16535.0,16519.25,-2445.5,15.75,-1.06,初始止损,20.0
2023-04-20 09:30:00,2023-04-20 14:35:00,LONG,74,16504.0,16504.0,-148.0,15.5,-0.06,保本止损,305.0
2023-04-21 09:45:00,2023-04-21 10:15:00,SHORT,75,16467.75,16467.75,-150.0,15.25,-0.07,保本止损,30.0
2023-04-24 09:35:00,2023-04-24 10:00:00,LONG,76,16526.0,16511.0,-2432.0,15.0,-1.07,初始止损,25.0
2023-04-25 09:40:00,2023-04-25 09:45:00,LONG,77,16430.25,16415.5,-2425.5,14.75,-1.07,初始止损,5.0
2023-04-26 09:30:00,2023-04-26 09:35:00,SHORT,74,16331.5,16346.75,-2405.0,15.25,-1.07,初始止损,5.0
2023-04-27 09:50:00,2023-04-27 09:55:00,LONG,73,16468.75,16453.25,-2409.0,15.25,-1.08,初始止损,5.0
2023-04-28 09:30:00,2023-04-28 09:50:00,SHORT,69,16622.5,16638.75,-2380.5,16.0,-1.08,初始止损,20.0
2023-05-01 09:45:00,2023-05-01 10:00:00,LONG,70,16733.25,16717.5,-2345.0,15.75,-1.06,初始止损,15.0
2023-05-02 09:30:00,2023-05-02 09:35:00,LONG,72,16724.5,16709.25,-2340.0,15.25,-1.07,初始止损,5.0
2023-05-03 09:40:00,2023-05-03 10:10:00,LONG,71,16635.25,16619.75,-2343.0,15.25,-1.08,初始止损,30.0
2023-05-04 09:30:00,2023-05-04 11:05:00,SHORT,71,16489.25,16489.25,-142.0,15.25,-0.07,保本止损,95.0
2023-05-05 09:30:00,2023-05-05 15:55:00,LONG,73,16572.0,16741.75,24637.5,14.75,11.44,收盘平仓,385.0
2023-05-08 09:35:00,2023-05-08 11:10:00,SHORT,75,16706.75,16722.25,-2475.0,15.5,-1.06,初始止损,95.0
2023-05-09 09:30:00,2023-05-09 11:10:00,LONG,77,16700.75,16685.75,-2464.0,15.0,-1.07,初始止损,100.0
2023-05-10 09:40:00,2023-05-10 09:55:00,SHORT,79,16773.75,16788.25,-2449.0,14.5,-1.07,初始止损,15.0
2023-05-11 09:30:00,2023-05-11 09:35:00,SHORT,78,16799.75,16814.25,-2418.0,14.5,-1.07,初始止损,5.0
2023-05-12 09:30:00,2023-05-12 09:35:00,LONG,80,16897.75,16883.5,-2440.0,14.0,-1.09,初始止损,5.0
2023-05-15 09:30:00,2023-05-15 09:45:00,SHORT,80,16824.5,16838.5,-2400.0,14.0,-1.07,初始止损,15.0
2023-05-16 09:30:00,2023-05-16 10:10:00,LONG,82,16885.25,16885.25,-164.0,13.5,-0.07,保本止损,40.0
2023-05-17 09:45:00,2023-05-17 10:25:00,SHORT,84,16923.25,16936.5,-2394.0,13.25,-1.08,初始止损,40.0
2023-05-18 09:30:00,2023-05-18 15:55:00,LONG,83,17093.0,17307.5,35441.0,13.25,16.11,收盘平仓,385.0
2023-05-19 09:45:00,2023-05-19 10:15:00,SHORT,88,17305.25,17319.0,-2596.0,13.75,-1.07,初始止损,30.0
2023-05-22 09:30:00,2023-05-22 10:05:00,LONG,89,17305.5,17305.5,-178.0,13.5,-0.07,保本止损,35.0
2023-05-23 09:30:00,2023-05-23 09:35:00,LONG,92,17271.5,17258.25,-2622.0,13.0,-1.1,初始止损,5.0
2023-05-24 09:30:00,2023-05-24 09:45:00,LONG,92,17078.0,17065.0,-2576.0,13.0,-1.08,初始止损,15.0
2023-05-25 09:30:00,2023-05-25 10:00:00,SHORT,91,17313.75,17313.75,-182.0,13.0,-0.08,保本止损,30.0
2023-05-26 09:35:00,2023-05-26 15:55:00,LONG,85,17483.5,17750.75,45262.5,14.0,19.02,收盘平仓,380.0
2023-05-29 09:30:00,2023-05-29 10:30:00,SHORT,87,17787.75,17803.0,-2827.5,15.25,-1.07,初始止损,60.0
2023-05-30 09:35:00,2023-05-30 09:40:00,LONG,91,17958.5,17944.0,-2821.0,14.5,-1.07,初始止损,5.0
2023-05-31 09:30:00,2023-05-31 09:35:00,LONG,88,17770.5,17755.5,-2816.0,14.75,-1.08,初始止损,5.0
2023-06-01 09:30:00,2023-06-01 09:40:00,SHORT,89,17693.0,17707.75,-2803.5,14.5,-1.09,初始止损,10.0
2023-06-02 09:30:00,2023-06-02 09:35:00,LONG,86,18036.5,18021.5,-2752.0,15.0,-1.07,初始止损,5.0
2023-06-05 09:30:00,2023-06-05 09:50:00,LONG,87,18024.0,18024.0,-174.0,14.75,-0.07,保本止损,20.0
2023-06-06 09:30:00,2023-06-06 09:40:00,SHORT,88,17936.75,17951.25,-2728.0,14.5,-1.07,初始止损,10.0
2023-06-07 09:30:00,2023-06-07 09:35:00,LONG,91,18086.75,18072.75,-2730.0,14.0,-1.07,初始止损,5.0
2023-06-08 09:40:00,2023-06-08 09:45:00,LONG,84,17800.25,17785.25,-2688.0,15.0,-1.07,初始止损,5.0
2023-06-09 09:30:00,2023-06-09 10:45:00,LONG,84,18005.25,18005.25,-168.0,15.0,-0.07,保本止损,75.0
2023-06-12 09:50:00,2023-06-12 10:00:00,SHORT,84,18031.5,18046.5,-2688.0,15.0,-1.07,初始止损,10.0
2023-06-13 09:40:00,2023-06-13 11:10:00,SHORT,82,18328.5,18328.5,-164.0,15.25,-0.07,保本止损,90.0
2023-06-14 09:30:00,2023-06-14 09:40:00,SHORT,83,18318.5,18333.5,-2656.0,15.0,-1.07,初始止损,10.0
2023-06-15 09:35:00,2023-06-15 15:55:00,LONG,81,18393.0,18619.0,36450.0,15.25,14.75,收盘平仓,380.0
2023-06-16 09:35:00,2023-06-16 10:00:00,SHORT,84,18628.75,18628.75,-168.0,16.0,-0.06,保本止损,25.0
2023-06-19 09:30:00,2023-06-19 12:55:00,SHORT,84,18487.0,18480.75,882.0,16.0,0.33,收盘平仓,205.0
2023-06-20 09:30:00,2023-06-20 09:50:00,LONG,90,18510.75,18495.75,-2880.0,15.0,-1.07,初始止损,20.0
2023-06-21 09:45:00,2023-06-21 15:55:00,SHORT,89,18398.25,18286.75,19669.0,15.0,7.37,收盘平仓,370.0
2023-06-22 09:30:00,2023-06-22 15:55:00,LONG,92,18249.5,18455.0,37628.0,15.25,13.41,收盘平仓,385.0
2023-06-23 09:30:00,2023-06-23 09:35:00,LONG,98,18324.25,18308.75,-3234.0,15.5,-1.06,初始止损,5.0
2023-06-26 09:35:00,2023-06-26 10:30:00,LONG,95,18317.25,18317.25,-190.0,15.75,-0.06,保本止损,55.0
2023-06-27 09:30:00,2023-06-27 09:40:00,LONG,92,18177.75,18161.25,-3220.0,16.25,-1.08,初始止损,10.0
2023-06-28 09:30:00,2023-06-28 09:45:00,LONG,90,18306.5,18289.75,-3195.0,16.5,-1.08,初始止损,15.0
2023-06-29 09:40:00,2023-06-29 09:45:00,SHORT,91,18329.0,18345.25,-3139.5,16.25,-1.06,初始止损,5.0
2023-06-30 09:35:00,2023-06-30 15:55:00,LONG,93,18510.5,18572.5,11346.0,15.75,3.87,收盘平仓,380.0
2023-07-03 09:30:00,2023-07-03 09:35:00,LONG,93,18602.75,18586.5,-3208.5,16.25,-1.06,初始止损,5.0
2023-07-04 09:30:00,2023-07-04 10:25:00,LONG,97,18606.5,18591.0,-3201.0,15.5,-1.06,初始止损,55.0
2023-07-05 09:30:00,2023-07-05 14:20:00,LONG,103,18573.5,18573.5,-206.0,14.5,-0.07,保本止损,290.0
2023-07-06 09:30:00,2023-07-06 09:35:00,SHORT,104,18400.75,18415.0,-3172.0,14.25,-1.07,初始止损,5.0
2023-07-07 09:50:00,2023-07-07 10:15:00,LONG,102,18503.5,18489.0,-3162.0,14.5,-1.07,初始止损,25.0
2023-07-10 09:30:00,2023-07-10 09:40:00,LONG,101,18426.0,18411.5,-3131.0,14.5,-1.07,初始止损,10.0
2023-07-11 09:40:00,2023-07-11 10:25:00,SHORT,102,18408.25,18408.25,-204.0,14.25,-0.07,保本止损,45.0
2023-07-12 09:45:00,2023-07-12 09:50:00,LONG,102,18692.25,18678.0,-3111.0,14.25,-1.07,初始止损,5.0
2023-07-13 09:30:00,2023-07-13 10:20:00,LONG,100,18831.0,18816.5,-3100.0,14.5,-1.07,初始止损,50.0
2023-07-14 09:30:00,2023-07-14 10:50:00,LONG,96,18999.25,18999.25,-192.0,15.0,-0.07,保本止损,80.0
2023-07-17 09:30:00,2023-07-17 09:45:00,LONG,96,18992.5,18977.5,-3072.0,15.0,-1.07,初始止损,15.0
2023-07-18 09:30:00,2023-07-18 10:15:00,SHORT,97,19015.75,19030.5,-3055.5,14.75,-1.07,初始止损,45.0
2023-07-19 09:30:00,2023-07-19 09:35:00,SHORT,92,19227.75,19243.25,-3036.0,15.5,-1.06,初始止损,5.0
2023-07-20 09:30:00,2023-07-20 10:00:00,LONG,94,19110.75,19095.75,-3008.0,15.0,-1.07,初始止损,30.0
2023-07-21 09:35:00,2023-07-21 09:40:00,SHORT,86,18900.75,18917.25,-3010.0,16.25,-1.08,初始止损,5.0
2023-07-24 09:30:00,2023-07-24 09:35:00,LONG,87,18848.0,18832.0,-2958.0,16.0,-1.06,初始止损,5.0
2023-07-25 09:30:00,2023-07-25 10:30:00,LONG,88,18863.0,18863.0,-176.0,15.75,-0.06,保本止损,60.0
2023-07-26 09:30:00,2023-07-26 09:40:00,SHORT,89,18821.25,18837.0,-2981.5,15.5,-1.08,初始止损,10.0
2023-07-27 09:30:00,2023-07-27 10:05:00,LONG,90,19095.5,19095.5,-180.0,15.25,-0.07,保本止损,35.0
2023-07-28 09:35:00,2023-07-28 15:55:00,LONG,85,19005.25,19091.25,14450.0,16.25,5.23,收盘平仓,380.0
2023-07-31 09:30:00,2023-07-31 09:35:00,SHORT,83,19092.0,19109.25,-3029.5,17.0,-1.07,初始止损,5.0
2023-08-01 10:00:00,2023-08-01 10:10:00,LONG,87,19043.75,19027.5,-3001.5,16.25,-1.06,初始止损,10.0
2023-08-02 09:30:00,2023-08-02 15:55:00,SHORT,89,18867.0,18709.75,27812.5,15.75,9.92,收盘平仓,385.0
2023-08-03 09:35:00,2023-08-03 10:10:00,LONG,88,18643.75,18643.75,-176.0,16.75,-0.06,保本止损,35.0
2023-08-04 09:30:00,2023-08-04 09:40:00,LONG,90,18796.25,18779.75,-3150.0,16.5,-1.06,初始止损,10.0
2023-08-07 09:30:00,2023-08-07 09:35:00,SHORT,88,18664.25,18681.0,-3124.0,16.75,-1.06,初始止损,5.0
2023-08-08 09:40:00,2023-08-08 14:55:00,SHORT,89,18572.0,18572.0,-178.0,16.5,-0.06,保本止损,315.0
2023-08-09 09:30:00,2023-08-09 15:55:00,SHORT,87,18595.75,18421.75,30102.0,16.75,10.33,收盘平仓,385.0
2023-08-10 09:45:00,2023-08-10 10:35:00,LONG,93,18618.75,18618.75,-186.0,16.75,-0.06,保本止损,50.0
2023-08-11 09:40:00,2023-08-11 09:45:00,SHORT,90,18311.5,18328.75,-3285.0,17.25,-1.06,初始止损,5.0
2023-08-14 09:40:00,2023-08-14 09:45:00,LONG,92,18339.75,18323.0,-3266.0,16.75,-1.06,初始止损,5.0
2023-08-15 09:35:00,2023-08-15 09:40:00,LONG,90,18499.25,18482.25,-3240.0,17.0,-1.06,初始止损,5.0
2023-08-16 09:30:00,2023-08-16 09:35:00,SHORT,91,18301.25,18318.0,-3230.5,16.75,-1.06,初始止损,5.0
2023-08-17 09:30:00,2023-08-17 15:55:00,SHORT,90,18211.25,18013.75,35370.0,16.75,11.73,收盘平仓,385.0
2023-08-18 09:35:00,2023-08-18 09:40:00,LONG,97,17911.25,17894.5,-3443.5,16.75,-1.06,初始止损,5.0
2023-08-21 09:30:00,2023-08-21 10:25:00,LONG,96,18087.75,18087.75,-192.0,16.75,-0.06,保本止损,55.0
2023-08-22 09:30:00,2023-08-22 15:55:00,SHORT,95,18320.25,18201.75,22325.0,17.0,6.91,收盘平仓,385.0
2023-08-23 09:30:00,2023-08-23 09:35:00,LONG,102,18263.5,18247.0,-3570.0,16.5,-1.06,初始止损,5.0
2023-08-24 09:30:00,2023-08-24 15:55:00,SHORT,99,18498.0,18100.75,78457.5,16.75,23.66,收盘平仓,385.0
2023-08-25 09:30:00,2023-08-25 10:05:00,LONG,104,18163.5,18163.5,-208.0,18.25,-0.05,保本止损,35.0
2023-08-28 09:35:00,2023-08-28 10:00:00,SHORT,103,18310.25,18310.25,-206.0,18.5,-0.05,保本止损,25.0
2023-08-29 09:30:00,2023-08-29 09:35:00,LONG,105,18352.25,18334.0,-4042.5,18.0,-1.07,初始止损,5.0
2023-08-30 09:30:00,2023-08-30 09:35:00,LONG,101,18680.25,18661.5,-3989.5,18.75,-1.05,初始止损,5.0
2023-08-31 09:30:00,2023-08-31 12:45:00,LONG,103,18757.0,18757.0,-206.0,18.25,-0.05,保本止损,195.0
2023-09-01 09:35:00,2023-09-01 09:55:00,SHORT,107,18796.75,18796.75,-214.0,17.5,-0.06,保本止损,20.0
2023-09-04 09:30:00,2023-09-04 10:30:00,LONG,109,18805.5,18788.25,-3978.5,17.25,-1.06,初始止损,60.0
2023-09-06 09:30:00,2023-09-06 09:40:00,SHORT,116,18713.75,18729.75,-3944.0,16.0,-1.06,初始止损,10.0
2023-09-07 09:40:00,2023-09-07 09:45:00,LONG,116,18468.75,18452.75,-3944.0,16.0,-1.06,初始止损,5.0
2023-09-08 09:30:00,2023-09-08 09:55:00,LONG,113,18580.75,18564.5,-3898.5,16.25,-1.06,初始止损,25.0
2023-09-11 09:35:00,2023-09-11 10:50:00,SHORT,116,18628.25,18628.25,-232.0,15.75,-0.06,保本止损,75.0
2023-09-12 09:35:00,2023-09-12 10:25:00,LONG,116,18662.25,18646.5,-3886.0,15.75,-1.06,初始止损,50.0
2023-09-13 09:30:00,2023-09-13 10:00:00,LONG,115,18561.25,18545.5,-3852.5,15.75,-1.06,初始止损,30.0
2023-09-14 09:30:00,2023-09-14 09:35:00,SHORT,116,18637.25,18652.75,-3828.0,15.5,-1.06,初始止损,5.0
2023-09-15 09:30:00,2023-09-15 15:55:00,SHORT,117,18628.0,18432.0,45630.0,15.25,12.79,收盘平仓,385.0
2023-09-18 09:30:00,2023-09-18 09:40:00,LONG,120,18447.75,18431.5,-4140.0,16.0,-1.08,初始止损,10.0
2023-09-19 09:50:00,2023-09-19 13:10:00,SHORT,124,18365.5,18365.5,-248.0,15.5,-0.06,保本止损,200.0
2023-09-20 09:30:00,2023-09-20 09:35:00,SHORT,126,18431.0,18446.25,-4095.0,15.25,-1.07,初始止损,5.0
2023-09-21 09:30:00,2023-09-21 09:45:00,LONG,123,18037.5,18022.0,-4059.0,15.5,-1.06,初始止损,15.0
2023-09-22 09:30:00,2023-09-22 09:45:00,SHORT,118,17960.5,17976.5,-4012.0,16.0,-1.06,初始止损,15.0
2023-09-25 09:35:00,2023-09-25 10:05:00,LONG,119,17882.5,17882.5,-238.0,15.75,-0.06,保本止损,30.0
2023-09-26 09:45:00,2023-09-26 10:45:00,SHORT,121,17840.75,17840.75,-242.0,15.5,-0.06,保本止损,60.0
2023-09-27 09:40:00,2023-09-27 09:45:00,LONG,117,17832.75,17816.75,-3978.0,16.0,-1.06,初始止损,5.0
2023-09-28 09:40:00,2023-09-28 09:45:00,SHORT,117,17709.25,17725.25,-3978.0,16.0,-1.06,初始止损,5.0
2023-09-29 09:45:00,2023-09-29 10:20:00,LONG,112,18058.75,18042.25,-3920.0,16.5,-1.06,初始止损,35.0
2023-10-02 09:30:00,2023-10-02 09:50:00,LONG,112,17949.75,17949.75,-224.0,16.5,-0.06,保本止损,20.0
2023-10-03 09:30:00,2023-10-03 09:35:00,LONG,112,17948.25,17931.75,-3920.0,16.5,-1.06,初始止损,5.0
2023-10-04 09:30:00,2023-10-04 10:00:00,LONG,108,17837.5,17820.5,-3888.0,17.0,-1.06,初始止损,30.0
2023-10-05 09:40:00,2023-10-05 14:00:00,SHORT,105,17913.0,17913.0,-210.0,17.25,-0.06,保本止损,260.0
2023-10-09 09:30:00,2023-10-09 09:40:00,SHORT,99,18018.75,18037.25,-3861.0,18.25,-1.07,初始止损,10.0
2023-10-10 09:40:00,2023-10-10 15:55:00,LONG,97,18247.75,18311.5,12173.5,18.5,3.39,收盘平仓,375.0
2023-10-11 09:30:00,2023-10-11 09:40:00,LONG,101,18409.75,18391.5,-3888.5,18.25,-1.05,初始止损,10.0
2023-10-12 09:45:00,2023-10-12 09:50:00,SHORT,105,18411.5,18429.0,-3885.0,17.5,-1.06,初始止损,5.0
2023-10-13 10:00:00,2023-10-13 15:55:00,SHORT,102,18352.25,18162.75,38454.0,17.75,10.62,收盘平仓,355.0
2023-10-16 09:30:00,2023-10-16 09:40:00,LONG,107,18273.5,18255.25,-4119.5,18.0,-1.07,初始止损,10.0
2023-10-17 09:30:00,2023-10-17 10:05:00,SHORT,107,18167.75,18167.75,-214.0,18.0,-0.06,保本止损,35.0
2023-10-18 09:30:00,2023-10-18 09:35:00,LONG,107,18231.75,18213.75,-4066.0,18.0,-1.06,初始止损,5.0
2023-10-19 09:30:00,2023-10-19 10:10:00,SHORT,104,18119.0,18119.0,-208.0,18.25,-0.05,保本止损,40.0
2023-10-20 09:30:00,2023-10-20 09:35:00,SHORT,103,17862.25,17880.75,-4017.0,18.5,-1.05,初始止损,5.0
2023-10-23 09:30:00,2023-10-23 09:45:00,SHORT,104,17622.5,17622.5,-208.0,18.25,-0.05,保本止损,15.0
2023-10-24 09:30:00,2023-10-24 09:35:00,LONG,101,17853.25,17834.5,-3989.5,18.75,-1.05,初始止损,5.0
2023-10-25 09:30:00,2023-10-25 10:45:00,SHORT,102,17713.5,17713.5,-204.0,18.5,-0.05,保本止损,75.0
2023-10-26 09:35:00,2023-10-26 09:40:00,SHORT,98,17412.25,17431.5,-3969.0,19.25,-1.05,初始止损,5.0
2023-10-27 09:40:00,2023-10-27 09:45:00,LONG,95,17383.75,17364.0,-3942.5,19.75,-1.05,初始止损,5.0
2023-10-30 09:30:00,2023-10-30 10:15:00,LONG,96,17437.5,17437.5,-192.0,19.25,-0.05,保本止损,45.0
2023-10-31 09:30:00,2023-10-31 10:10:00,SHORT,98,17420.0,17420.0,-196.0,19.0,-0.05,保本止损,40.0
2023-11-01 09:30:00,2023-11-01 15:55:00,LONG,99,17580.5,17784.0,40095.0,18.75,10.8,收盘平仓,385.0
2023-11-02 09:30:00,2023-11-02 09:35:00,SHORT,104,17953.25,17972.25,-4160.0,19.0,-1.05,初始止损,5.0
2023-11-03 09:30:00,2023-11-03 10:25:00,LONG,103,18098.0,18098.0,-206.0,19.0,-0.05,保本止损,55.0
2023-11-06 09:35:00,2023-11-06 09:40:00,LONG,105,18287.75,18269.0,-4147.5,18.75,-1.05,初始止损,5.0
2023-11-07 09:30:00,2023-11-07 09:40:00,SHORT,107,18278.5,18296.75,-4119.5,18.25,-1.05,初始止损,10.0
2023-11-08 09:30:00,2023-11-08 09:35:00,LONG,109,18452.0,18434.25,-4087.5,17.75,-1.06,初始止损,5.0
2023-11-09 09:30:00,2023-11-09 09:50:00,SHORT,112,18427.0,18444.25,-4088.0,17.25,-1.06,初始止损,20.0
2023-11-10 09:35:00,2023-11-10 10:25:00,LONG,111,18385.75,18368.5,-4051.5,17.25,-1.06,初始止损,50.0
2023-11-13 09:30:00,2023-11-13 10:30:00,SHORT,107,18551.75,18569.5,-4012.5,17.75,-1.06,初始止损,60.0
2023-11-14 09:35:00,2023-11-14 12:05:00,LONG,110,18876.0,18876.0,-220.0,17.25,-0.06,保本止损,150.0
2023-11-15 09:45:00,2023-11-15 10:25:00,SHORT,105,18982.25,19000.25,-3990.0,18.0,-1.06,初始止损,40.0
2023-11-16 09:50:00,2023-11-16 10:15:00,LONG,107,18925.5,18907.75,-4012.5,17.5,-1.07,初始止损,25.0
2023-11-17 09:35:00,2023-11-17 09:50:00,SHORT,111,18886.75,18903.75,-3996.0,16.75,-1.07,初始止损,15.0
2023-11-20 09:30:00,2023-11-20 10:20:00,LONG,114,19002.0,18985.75,-3933.0,16.25,-1.06,初始止损,50.0
2023-11-21 09:45:00,2023-11-21 15:00:00,SHORT,113,19035.25,19035.25,-226.0,16.25,-0.06,保本止损,315.0
2023-11-22 09:30:00,2023-11-22 09:50:00,LONG,115,19178.5,19162.5,-3910.0,16.0,-1.06,初始止损,20.0
2023-11-23 09:30:00,2023-11-23 10:55:00,SHORT,114,19099.75,19115.75,-3876.0,16.0,-1.06,初始止损,85.0
2023-11-24 09:35:00,2023-11-24 13:10:00,SHORT,121,19063.25,19052.25,2420.0,15.0,0.67,收盘平仓,215.0
2023-11-27 09:55:00,2023-11-27 11:05:00,LONG,128,19049.25,19049.25,-256.0,14.25,-0.07,保本止损,70.0
2023-11-28 09:30:00,2023-11-28 09:35:00,LONG,130,19039.0,19025.0,-3900.0,14.0,-1.07,初始止损,5.0
2023-11-29 09:30:00,2023-11-29 10:00:00,LONG,134,19228.75,19215.25,-3886.0,13.5,-1.07,初始止损,30.0
2023-11-30 09:35:00,2023-11-30 10:15:00,SHORT,134,19033.0,19033.0,-268.0,13.5,-0.07,保本止损,40.0
2023-12-01 09:30:00,2023-12-01 09:35:00,SHORT,131,18934.0,18947.75,-3864.5,13.75,-1.07,初始止损,5.0
2023-12-04 09:40:00,2023-12-04 09:45:00,SHORT,130,18876.0,18889.75,-3835.0,13.75,-1.07,初始止损,5.0
2023-12-05 09:35:00,2023-12-05 15:55:00,LONG,125,18849.75,18953.25,25625.0,14.25,7.19,收盘平仓,380.0
2023-12-06 09:30:00,2023-12-06 10:15:00,SHORT,130,19007.25,19007.25,-260.0,14.25,-0.07,保本止损,45.0
2023-12-07 09:30:00,2023-12-07 09:35:00,LONG,128,19004.75,18990.25,-3968.0,14.5,-1.07,初始止损,5.0
2023-12-08 09:40:00,2023-12-08 09:45:00,LONG,125,19064.0,19049.25,-3937.5,14.75,-1.07,初始止损,5.0
2023-12-11 09:30:00,2023-12-11 09:35:00,LONG,124,19155.5,19140.75,-3906.0,14.75,-1.07,初始止损,5.0
2023-12-12 09:30:00,2023-12-12 09:35:00,SHORT,125,19247.75,19262.25,-3875.0,14.5,-1.07,初始止损,5.0
2023-12-13 09:30:00,2023-12-13 09:40:00,LONG,125,19475.75,19461.25,-3875.0,14.5,-1.07,初始止损,10.0
2023-12-14 10:00:00,2023-12-14 10:10:00,SHORT,122,19647.75,19662.5,-3843.0,14.75,-1.07,初始止损,10.0
2023-12-15 09:35:00,2023-12-15 09:45:00,LONG,119,19656.25,19641.25,-3808.0,15.0,-1.07,初始止损,10.0
2023-12-18 09:30:00,2023-12-18 09:45:00,LONG,120,19697.25,19682.5,-3780.0,14.75,-1.07,初始止损,15.0
2023-12-19 09:30:00,2023-12-19 09:35:00,LONG,121,19807.0,19792.5,-3751.0,14.5,-1.07,初始止损,5.0
2023-12-20 09:30:00,2023-12-20 14:30:00,LONG,127,19823.5,19823.5,-254.0,13.75,-0.07,保本止损,300.0
2023-12-21 09:50:00,2023-12-21 10:20:00,SHORT,121,19743.0,19743.0,-242.0,14.5,-0.07,保本止损,30.0
2023-12-22 09:40:00,2023-12-22 09:45:00,LONG,121,19865.5,19851.0,-3751.0,14.5,-1.07,初始止损,5.0
2023-12-26 09:30:00,2023-12-26 15:55:00,LONG,122,19864.0,19917.0,12688.0,14.25,3.65,收盘平仓,385.0
2023-12-27 09:30:00,2023-12-27 09:45:00,LONG,127,19943.25,19929.25,-3810.0,14.0,-1.07,初始止损,15.0
2023-12-28 09:30:00,2023-12-28 10:45:00,SHORT,131,19961.25,19974.75,-3799.0,13.5,-1.07,初始止损,75.0
2023-12-29 09:40:00,2023-12-29 10:00:00,LONG,138,19929.5,19916.75,-3795.0,12.75,-1.08,初始止损,20.0
2024-01-02 09:30:00,2024-01-02 15:55:00,SHORT,137,19664.25,19553.5,30071.5,12.75,8.61,收盘平仓,385.0
2024-01-03 09:40:00,2024-01-03 09:45:00,LONG,131,19466.0,19452.0,-3930.0,14.0,-1.07,初始止损,5.0
2024-01-04 09:30:00,2024-01-04 09:40:00,LONG,128,19312.75,19298.5,-3904.0,14.25,-1.07,初始止损,10.0
2024-01-05 09:30:00,2024-01-05 09:35:00,LONG,129,19318.0,19304.0,-3870.0,14.0,-1.07,初始止损,5.0
2024-01-08 09:30:00,2024-01-08 15:55:00,LONG,131,19378.0,19633.75,66744.5,13.75,18.53,收盘平仓,385.0
2024-01-09 09:30:00,2024-01-09 09:35:00,LONG,135,19543.5,19528.75,-4252.5,14.75,-1.07,初始止损,5.0
2024-01-10 09:30:00,2024-01-10 09:50:00,LONG,135,19690.0,19675.25,-4252.5,14.75,-1.07,初始止损,20.0
2024-01-11 09:30:00,2024-01-11 09:40:00,LONG,134,19847.25,19832.5,-4221.0,14.75,-1.07,初始止损,10.0
2024-01-12 09:40:00,2024-01-12 09:50:00,LONG,128,19868.5,19853.25,-4160.0,15.25,-1.07,初始止损,10.0
2024-01-16 09:30:00,2024-01-16 09:35:00,LONG,139,19757.5,19743.5,-4170.0,14.0,-1.07,初始止损,5.0
2024-01-17 09:30:00,2024-01-17 09:35:00,SHORT,138,19593.5,19607.5,-4140.0,14.0,-1.07,初始止损,5.0
2024-01-18 09:30:00,2024-01-18 09:35:00,LONG,133,19864.75,19850.25,-4123.0,14.5,-1.07,初始止损,5.0
2024-01-19 09:45:00,2024-01-19 09:50:00,SHORT,129,20017.75,20032.5,-4063.5,14.75,-1.07,初始止损,5.0
2024-01-22 09:30:00,2024-01-22 09:35:00,LONG,122,20405.75,20390.25,-4026.0,15.5,-1.06,初始止损,5.0
2024-01-23 09:30:00,2024-01-23 09:35:00,SHORT,124,20253.25,20268.5,-4030.0,15.25,-1.07,初始止损,5.0
2024-01-24 09:35:00,2024-01-24 09:40:00,SHORT,127,20470.75,20485.5,-4000.5,14.75,-1.07,初始止损,5.0
2024-01-25 09:35:00,2024-01-25 10:10:00,SHORT,122,20524.25,20539.5,-3965.0,15.25,-1.07,初始止损,35.0
2024-01-26 09:50:00,2024-01-26 09:55:00,SHORT,121,20360.0,20375.25,-3932.5,15.25,-1.07,初始止损,5.0
2024-01-29 09:35:00,2024-01-29 09:45:00,LONG,125,20406.0,20391.25,-3937.5,14.75,-1.07,初始止损,10.0
2024-01-30 09:35:00,2024-01-30 09:45:00,LONG,124,20512.75,20498.0,-3906.0,14.75,-1.07,初始止损,10.0
2024-01-31 09:30:00,2024-01-31 09:35:00,LONG,123,20247.25,20232.5,-3874.5,14.75,-1.07,初始止损,5.0
2024-02-01 10:05:00,2024-02-01 10:10:00,LONG,116,20185.25,20169.75,-3828.0,15.5,-1.06,初始止损,5.0
2024-02-02 09:35:00,2024-02-02 10:30:00,LONG,115,20386.0,20386.0,-230.0,15.5,-0.06,保本止损,55.0
2024-02-05 09:30:00,2024-02-05 09:35:00,LONG,110,20564.75,20548.5,-3795.0,16.25,-1.06,初始止损,5.0
2024-02-06 09:30:00,2024-02-06 15:55:00,SHORT,111,20562.25,20494.25,14874.0,16.0,4.19,收盘平仓,385.0
2024-02-07 09:35:00,2024-02-07 09:40:00,SHORT,114,20560.75,20576.75,-3876.0,16.0,-1.06,初始止损,5.0
2024-02-08 09:35:00,2024-02-08 09:40:00,LONG,113,20672.75,20656.75,-3842.0,16.0,-1.06,初始止损,5.0
2024-02-09 09:30:00,2024-02-09 09:50:00,SHORT,116,20729.75,20745.25,-3828.0,15.5,-1.06,初始止损,20.0
2024-02-12 09:30:00,2024-02-12 09:40:00,LONG,115,20878.0,20862.5,-3795.0,15.5,-1.06,初始止损,10.0
2024-02-13 09:50:00,2024-02-13 09:55:00,LONG,116,20510.75,20495.25,-3828.0,15.25,-1.08,初始止损,5.0
2024-02-14 09:35:00,2024-02-14 09:40:00,SHORT,107,20585.0,20601.5,-3745.0,16.5,-1.06,初始止损,5.0
2024-02-15 09:30:00,2024-02-15 12:30:00,SHORT,108,20706.5,20706.5,-216.0,16.25,-0.06,保本止损,180.0
2024-02-16 09:30:00,2024-02-16 15:55:00,SHORT,110,20741.25,20579.5,35365.0,16.0,10.05,收盘平仓,385.0
2024-02-19 09:30:00,2024-02-19 10:20:00,LONG,116,20627.0,20611.0,-3944.0,16.0,-1.06,初始止损,50.0
2024-02-20 09:30:00,2024-02-20 09:35:00,LONG,121,20516.5,20501.25,-3932.5,15.25,-1.07,初始止损,5.0
2024-02-21 09:40:00,2024-02-21 09:55:00,SHORT,115,20300.25,20316.25,-3910.0,16.0,-1.06,初始止损,15.0
2024-02-22 09:40:00,2024-02-22 15:55:00,LONG,114,20734.75,20877.25,32262.0,16.0,8.84,收盘平仓,375.0
2024-02-23 09:30:00,2024-02-23 09:40:00,LONG,108,20968.25,20950.5,-4050.0,17.75,-1.06,初始止损,10.0
2024-02-26 09:35:00,2024-02-26 09:40:00,LONG,107,20858.75,20840.75,-4066.0,17.75,-1.07,初始止损,5.0
2024-02-27 09:35:00,2024-02-27 10:00:00,SHORT,111,20813.75,20831.0,-4051.5,17.0,-1.07,初始止损,25.0
2024-02-28 09:45:00,2024-02-28 10:10:00,SHORT,116,20737.5,20753.75,-4002.0,16.25,-1.06,初始止损,25.0
2024-02-29 09:30:00,2024-02-29 09:35:00,LONG,117,20892.5,20876.5,-3978.0,16.0,-1.06,初始止损,5.0
2024-03-01 09:30:00,2024-03-01 09:35:00,LONG,116,20966.5,20950.5,-3944.0,16.0,-1.06,初始止损,5.0
2024-03-04 09:30:00,2024-03-04 09:35:00,SHORT,112,21140.5,21157.0,-3920.0,16.5,-1.06,初始止损,5.0
2024-03-05 09:30:00,2024-03-05 10:00:00,SHORT,117,20907.0,20907.0,-234.0,15.75,-0.06,保本止损,30.0
2024-03-06 09:45:00,2024-03-06 10:55:00,SHORT,108,20913.25,20913.25,-216.0,17.0,-0.06,保本止损,70.0
2024-03-07 09:30:00,2024-03-07 09:40:00,LONG,108,21022.5,21005.5,-3888.0,17.0,-1.06,初始止损,10.0
2024-03-08 09:35:00,2024-03-08 09:40:00,SHORT,104,21133.25,21150.75,-3848.0,17.5,-1.06,初始止损,5.0
2024-03-11 09:30:00,2024-03-11 09:35:00,SHORT,98,20753.25,20771.75,-3822.0,18.5,-1.05,初始止损,5.0
2024-03-12 09:30:00,2024-03-12 09:55:00,SHORT,100,20856.75,20856.75,-200.0,18.0,-0.06,保本止损,25.0
2024-03-13 09:30:00,2024-03-13 13:10:00,SHORT,99,20983.75,20983.75,-198.0,18.25,-0.05,保本止损,220.0
2024-03-14 09:45:00,2024-03-14 10:10:00,SHORT,100,20867.5,20867.5,-200.0,18.0,-0.06,保本止损,25.0
2024-03-15 09:35:00,2024-03-15 09:40:00,SHORT,100,20705.75,20723.75,-3800.0,18.0,-1.06,初始止损,5.0
2024-03-18 09:30:00,2024-03-18 09:55:00,LONG,98,20909.5,20891.25,-3773.0,18.25,-1.05,初始止损,25.0
2024-03-19 09:35:00,2024-03-19 09:50:00,SHORT,95,20670.5,20689.25,-3752.5,18.75,-1.05,初始止损,15.0
2024-03-20 09:35:00,2024-03-20 10:25:00,SHORT,95,20866.5,20885.25,-3752.5,18.5,-1.07,初始止损,50.0
2024-03-21 09:45:00,2024-03-21 10:05:00,SHORT,95,21230.0,21248.5,-3705.0,18.5,-1.05,初始止损,20.0
2024-03-22 09:40:00,2024-03-22 09:50:00,SHORT,94,21100.25,21118.75,-3666.0,18.5,-1.05,初始止损,10.0
2024-03-25 09:35:00,2024-03-25 09:45:00,SHORT,97,21040.0,21058.0,-3686.0,17.75,-1.07,初始止损,10.0
2024-03-26 09:30:00,2024-03-26 09:35:00,LONG,98,21180.0,21162.25,-3675.0,17.5,-1.07,初始止损,5.0
2024-03-27 09:30:00,2024-03-27 15:55:00,SHORT,100,21112.5,21098.75,2550.0,17.0,0.75,收盘平仓,385.0
2024-03-28 09:30:00,2024-03-28 09:35:00,SHORT,101,21070.0,21087.0,-3636.0,17.0,-1.06,初始止损,5.0
2024-04-01 09:30:00,2024-04-01 10:00:00,LONG,105,21142.5,21142.5,-210.0,16.25,-0.06,保本止损,30.0
2024-04-02 09:30:00,2024-04-02 09:35:00,SHORT,107,20859.5,20875.5,-3638.0,16.0,-1.06,初始止损,5.0
2024-04-03 10:00:00,2024-04-03 10:05:00,LONG,103,20944.25,20927.75,-3605.0,16.5,-1.06,初始止损,5.0
2024-04-04 09:50:00,2024-04-04 11:55:00,SHORT,102,21110.0,21126.5,-3570.0,16.5,-1.06,初始止损,125.0
2024-04-05 09:35:00,2024-04-05 09:40:00,SHORT,93,20698.75,20716.75,-3534.0,18.0,-1.06,初始止损,5.0
2024-04-08 09:30:00,2024-04-08 10:00:00,SHORT,90,20883.0,20901.5,-3510.0,18.5,-1.05,初始止损,30.0
2024-04-09 09:30:00,2024-04-09 09:35:00,SHORT,93,20944.75,20962.5,-3487.5,17.75,-1.06,初始止损,5.0
2024-04-10 09:30:00,2024-04-10 09:45:00,LONG,91,20745.5,20727.5,-3458.0,18.0,-1.06,初始止损,15.0
2024-04-11 09:40:00,2024-04-11 09:45:00,SHORT,91,20828.75,20846.75,-3458.0,18.0,-1.06,初始止损,5.0
2024-04-12 09:50:00,2024-04-12 10:00:00,LONG,88,20925.75,20907.25,-3432.0,18.5,-1.05,初始止损,10.0
2024-04-15 09:30:00,2024-04-15 09:35:00,SHORT,84,20862.0,20881.25,-3402.0,19.25,-1.05,初始止损,5.0
2024-04-16 09:35:00,2024-04-16 09:55:00,SHORT,78,20454.5,20475.0,-3354.0,20.5,-1.05,初始止损,20.0
2024-04-17 09:45:00,2024-04-17 15:55:00,SHORT,79,20497.0,20246.25,39460.5,20.0,12.49,收盘平仓,370.0
2024-04-18 09:30:00,2024-04-18 09:45:00,SHORT,84,20226.0,20226.0,-168.0,20.25,-0.05,保本止损,15.0
2024-04-19 09:35:00,2024-04-19 09:40:00,SHORT,85,20034.25,20054.5,-3612.5,20.0,-1.06,初始止损,5.0
2024-04-22 09:30:00,2024-04-22 09:40:00,SHORT,81,19863.25,19884.25,-3564.0,21.0,-1.05,初始止损,10.0
2024-04-23 09:35:00,2024-04-23 15:55:00,LONG,80,20033.0,20199.0,26400.0,21.0,7.86,收盘平仓,380.0
2024-04-24 09:35:00,2024-04-24 09:55:00,LONG,83,20358.75,20337.5,-3693.5,21.25,-1.05,初始止损,20.0
2024-04-25 09:30:00,2024-04-25 09:35:00,SHORT,83,19905.5,19926.75,-3693.5,21.0,-1.06,初始止损,5.0
2024-04-26 09:35:00,2024-04-26 09:40:00,LONG,82,20346.0,20324.75,-3649.0,21.25,-1.05,初始止损,5.0
2024-04-29 09:30:00,2024-04-29 09:35:00,LONG,80,20528.0,20506.25,-3640.0,21.5,-1.06,初始止损,5.0
2024-04-30 09:30:00,2024-04-30 09:35:00,LONG,82,20444.25,20423.25,-3608.0,21.0,-1.05,初始止损,5.0
2024-05-01 09:30:00,2024-05-01 09:40:00,SHORT,80,20075.5,20097.0,-3600.0,21.25,-1.06,初始止损,10.0
2024-05-02 09:30:00,2024-05-02 11:05:00,SHORT,78,20136.75,20136.75,-156.0,21.75,-0.05,保本止损,95.0
2024-05-03 09:40:00,2024-05-03 10:00:00,LONG,78,20565.0,20543.0,-3588.0,21.75,-1.06,初始止损,20.0
2024-05-06 09:35:00,2024-05-06 15:55:00,LONG,75,20676.5,20789.25,16762.5,22.5,4.97,收盘平仓,380.0
2024-05-07 09:30:00,2024-05-07 09:45:00,LONG,79,20818.25,20796.25,-3634.0,22.0,-1.05,初始止损,15.0
2024-05-08 09:30:00,2024-05-08 15:55:00,LONG,83,20693.75,20775.0,13321.5,20.75,3.87,收盘平仓,385.0
2024-05-09 09:30:00,2024-05-09 10:05:00,SHORT,87,20770.5,20770.5,-174.0,20.25,-0.05,保本止损,35.0
2024-05-10 09:30:00,2024-05-10 09:35:00,LONG,91,20905.75,20886.25,-3731.0,19.5,-1.05,初始止损,5.0
2024-05-13 09:30:00,2024-05-13 09:35:00,SHORT,92,20884.75,20904.0,-3726.0,19.0,-1.07,初始止损,5.0
2024-05-14 09:35:00,2024-05-14 10:00:00,LONG,96,20888.0,20869.75,-3696.0,18.25,-1.05,初始止损,25.0
2024-05-15 09:30:00,2024-05-15 09:35:00,LONG,98,21115.0,21097.25,-3675.0,17.75,-1.06,初始止损,5.0
2024-05-16 09:45:00,2024-05-16 10:05:00,LONG,96,21296.75,21278.75,-3648.0,18.0,-1.06,初始止损,20.0
2024-05-17 09:30:00,2024-05-17 09:35:00,SHORT,98,21233.75,21251.25,-3626.0,17.5,-1.06,初始止损,5.0
2024-05-20 09:30:00,2024-05-20 15:55:00,LONG,102,21280.25,21358.25,15708.0,16.75,4.6,收盘平仓,385.0
2024-05-21 10:00:00,2024-05-21 10:05:00,LONG,106,21315.25,21298.75,-3710.0,16.5,-1.06,初始止损,5.0
2024-05-22 09:30:00,2024-05-22 09:35:00,LONG,109,21410.0,21394.0,-3706.0,16.0,-1.06,初始止损,5.0
2024-05-23 09:30:00,2024-05-23 09:35:00,SHORT,110,21529.5,21545.25,-3685.0,15.75,-1.06,初始止损,5.0
2024-05-24 09:30:00,2024-05-24 09:35:00,LONG,104,21364.75,21348.25,-3640.0,16.5,-1.06,初始止损,5.0
2024-05-27 09:30:00,2024-05-27 09:50:00,LONG,103,21493.75,21477.25,-3605.0,16.5,-1.06,初始止损,20.0
2024-05-28 09:40:00,2024-05-28 10:00:00,SHORT,107,21464.5,21480.5,-3638.0,15.75,-1.08,初始止损,20.0
2024-05-29 09:30:00,2024-05-29 09:40:00,LONG,109,21386.75,21371.25,-3597.0,15.5,-1.06,初始止损,10.0
2024-05-30 09:30:00,2024-05-30 09:35:00,SHORT,110,21310.0,21325.25,-3575.0,15.25,-1.07,初始止损,5.0
2024-05-31 09:30:00,2024-05-31 09:35:00,SHORT,107,21169.0,21184.5,-3531.0,15.5,-1.06,初始止损,5.0
2024-06-03 09:30:00,2024-06-03 09:35:00,LONG,100,21310.75,21294.25,-3500.0,16.5,-1.06,初始止损,5.0
2024-06-04 09:30:00,2024-06-04 09:35:00,SHORT,96,21186.75,21204.0,-3504.0,17.0,-1.07,初始止损,5.0
2024-06-05 09:35:00,2024-06-05 09:40:00,SHORT,96,21412.25,21429.25,-3456.0,17.0,-1.06,初始止损,5.0
2024-06-06 09:45:00,2024-06-06 10:20:00,SHORT,91,21658.75,21676.5,-3412.5,17.75,-1.06,初始止损,35.0
2024-06-07 09:50:00,2024-06-07 09:55:00,LONG,95,21646.75,21629.75,-3420.0,17.0,-1.06,初始止损,5.0
2024-06-10 09:30:00,2024-06-10 09:45:00,LONG,97,21604.75,21588.25,-3395.0,16.5,-1.06,初始止损,15.0
2024-06-11 09:30:00,2024-06-11 09:35:00,LONG,98,21668.75,21652.5,-3381.0,16.25,-1.06,初始止损,5.0
2024-06-12 09:30:00,2024-06-12 09:35:00,LONG,96,22028.25,22011.75,-3360.0,16.5,-1.06,初始止损,5.0
2024-06-13 09:35:00,2024-06-13 09:40:00,LONG,91,22250.0,22232.75,-3321.5,17.25,-1.06,初始止损,5.0
2024-06-14 09:30:00,2024-06-14 10:35:00,LONG,93,22175.0,22175.0,-186.0,16.75,-0.06,保本止损,65.0
2024-06-17 09:30:00,2024-06-17 09:35:00,SHORT,96,22270.25,22286.5,-3312.0,16.25,-1.06,初始止损,5.0
2024-06-18 09:45:00,2024-06-18 09:50:00,SHORT,90,22505.5,22522.75,-3285.0,17.25,-1.06,初始止损,5.0
2024-06-19 09:45:00,2024-06-19 12:55:00,SHORT,93,22570.25,22561.3,1479.5,16.5,0.48,收盘平仓,190.0
2024-06-20 09:30:00,2024-06-20 09:35:00,SHORT,99,22532.5,22548.25,-3316.5,15.5,-1.08,初始止损,5.0
2024-06-21 09:35:00,2024-06-21 10:10:00,SHORT,96,22326.0,22326.0,-192.0,16.0,-0.06,保本止损,35.0
2024-06-24 09:30:00,2024-06-24 09:35:00,LONG,97,22289.0,22273.25,-3249.5,15.75,-1.06,初始止损,5.0
2024-06-25 09:30:00,2024-06-25 09:40:00,SHORT,95,22146.75,22162.75,-3230.0,16.0,-1.06,初始止损,10.0
2024-06-26 09:35:00,2024-06-26 09:40:00,LONG,93,22267.75,22251.5,-3208.5,16.25,-1.06,初始止损,5.0
2024-06-27 09:30:00,2024-06-27 09:50:00,LONG,97,22380.0,22380.0,-194.0,15.5,-0.06,保本止损,20.0
2024-06-28 09:30:00,2024-06-28 09:35:00,SHORT,97,22372.0,22387.5,-3201.0,15.5,-1.06,初始止损,5.0
2024-07-01 09:30:00,2024-07-01 09:35:00,SHORT,92,22264.0,22280.25,-3174.0,16.25,-1.06,初始止损,5.0
2024-07-02 09:30:00,2024-07-02 09:35:00,LONG,90,22353.0,22336.5,-3150.0,16.5,-1.06,初始止损,5.0
2024-07-03 09:30:00,2024-07-03 09:35:00,LONG,88,22592.0,22575.25,-3124.0,16.75,-1.06,初始止损,5.0
2024-07-04 09:30:00,2024-07-04 12:55:00,SHORT,87,22720.25,22711.61,1330.0,16.75,0.46,收盘平仓,205.0
2024-07-05 09:30:00,2024-07-05 09:45:00,LONG,93,22791.25,22775.5,-3115.5,15.75,-1.06,初始止损,15.0
2024-07-08 09:30:00,2024-07-08 09:50:00,SHORT,91,22954.25,22970.25,-3094.0,16.0,-1.06,初始止损,20.0
2024-07-09 09:30:00,2024-07-09 09:35:00,LONG,93,23092.75,23077.0,-3115.5,15.5,-1.08,初始止损,5.0
2024-07-10 09:30:00,2024-07-10 09:40:00,SHORT,94,23071.25,23086.75,-3102.0,15.25,-1.08,初始止损,10.0
2024-07-11 09:45:00,2024-07-11 15:55:00,SHORT,92,23190.0,22760.0,78936.0,15.5,27.68,收盘平仓,370.0
2024-07-12 09:35:00,2024-07-12 09:40:00,LONG,98,22787.25,22770.25,-3528.0,17.0,-1.06,初始止损,5.0
2024-07-15 09:30:00,2024-07-15 09:35:00,LONG,95,22957.75,22940.25,-3515.0,17.5,-1.06,初始止损,5.0
2024-07-16 09:30:00,2024-07-16 09:35:00,LONG,91,22996.0,22977.75,-3503.5,18.0,-1.07,初始止损,5.0
2024-07-17 09:30:00,2024-07-17 09:35:00,SHORT,92,22564.25,22582.0,-3450.0,17.75,-1.06,初始止损,5.0
2024-07-18 09:30:00,2024-07-18 10:05:00,SHORT,82,22429.75,22429.75,-164.0,19.75,-0.05,保本止损,35.0
2024-07-19 10:00:00,2024-07-19 10:05:00,SHORT,79,22189.0,22209.75,-3436.5,20.5,-1.06,初始止损,5.0
2024-07-22 09:30:00,2024-07-22 09:35:00,SHORT,78,22240.75,22261.5,-3393.0,20.75,-1.05,初始止损,5.0
2024-07-23 09:35:00,2024-07-23 10:00:00,LONG,76,22331.5,22310.25,-3382.0,21.0,-1.06,初始止损,25.0
2024-07-24 09:30:00,2024-07-24 15:55:00,SHORT,78,21912.5,21534.75,58773.0,20.5,18.38,收盘平仓,385.0
2024-07-25 09:30:00,2024-07-25 09:40:00,SHORT,77,21490.0,21513.0,-3696.0,23.0,-1.04,初始止损,10.0
2024-07-26 09:30:00,2024-07-26 09:35:00,SHORT,72,21427.75,21452.25,-3672.0,24.25,-1.05,初始止损,5.0
2024-07-29 09:30:00,2024-07-29 09:35:00,SHORT,73,21589.0,21613.0,-3650.0,24.0,-1.04,初始止损,5.0
2024-07-30 09:40:00,2024-07-30 15:55:00,SHORT,73,21590.0,21269.0,46720.0,23.75,13.47,收盘平仓,375.0
2024-07-31 09:30:00,2024-07-31 09:35:00,SHORT,76,21641.5,21666.25,-3914.0,24.75,-1.04,初始止损,5.0
2024-08-01 09:40:00,2024-08-01 09:50:00,LONG,70,21962.25,21935.5,-3885.0,26.5,-1.05,初始止损,10.0
2024-08-02 09:30:00,2024-08-02 09:35:00,SHORT,64,20873.0,20902.0,-3840.0,29.0,-1.03,初始止损,5.0
2024-08-05 09:35:00,2024-08-05 09:40:00,LONG,61,20190.0,20159.75,-3812.5,30.25,-1.03,初始止损,5.0
2024-08-06 09:40:00,2024-08-06 09:45:00,SHORT,54,20329.0,20363.0,-3780.0,33.75,-1.04,初始止损,5.0
2024-08-07 09:30:00,2024-08-07 10:15:00,LONG,53,20823.75,20789.25,-3763.0,34.25,-1.04,初始止损,45.0
2024-08-08 09:40:00,2024-08-08 09:45:00,SHORT,51,20462.5,20498.0,-3723.0,35.0,-1.04,初始止损,5.0
2024-08-09 09:30:00,2024-08-09 09:35:00,LONG,50,20823.5,20787.5,-3700.0,35.5,-1.04,初始止损,5.0
2024-08-12 09:35:00,2024-08-12 10:10:00,SHORT,52,20953.75,20988.25,-3692.0,34.5,-1.03,初始止损,35.0
2024-08-13 09:30:00,2024-08-13 09:40:00,LONG,53,21194.0,21160.25,-3683.5,33.25,-1.05,初始止损,10.0
2024-08-14 09:30:00,2024-08-14 11:25:00,SHORT,52,21438.0,21438.0,-104.0,33.5,-0.03,保本止损,115.0
2024-08-15 09:30:00,2024-08-15 15:55:00,LONG,54,21694.25,21917.5,24003.0,32.5,6.84,收盘平仓,385.0
2024-08-16 09:30:00,2024-08-16 09:45:00,LONG,56,21843.75,21810.75,-3808.0,32.75,-1.04,初始止损,15.0
2024-08-19 09:30:00,2024-08-19 09:45:00,SHORT,58,21919.5,21951.0,-3770.0,31.5,-1.03,初始止损,15.0
2024-08-20 09:30:00,2024-08-20 10:10:00,LONG,58,22193.75,22162.25,-3770.0,31.0,-1.05,初始止损,40.0
2024-08-21 09:30:00,2024-08-21 09:40:00,SHORT,60,22150.75,22181.0,-3750.0,29.75,-1.05,初始止损,10.0
2024-08-22 09:45:00,2024-08-22 09:55:00,SHORT,62,22304.25,22333.25,-3720.0,28.75,-1.04,初始止损,10.0
2024-08-23 09:30:00,2024-08-23 09:45:00,SHORT,60,22044.75,22074.5,-3690.0,29.5,-1.04,初始止损,15.0
2024-08-26 09:30:00,2024-08-26 09:40:00,LONG,61,22122.75,22093.75,-3660.0,29.0,-1.03,初始止损,10.0
2024-08-27 09:35:00,2024-08-27 09:45:00,SHORT,61,21801.25,21830.25,-3660.0,28.5,-1.05,初始止损,10.0
2024-08-28 09:35:00,2024-08-28 09:40:00,SHORT,63,21916.5,21944.25,-3622.5,27.75,-1.04,初始止损,5.0
2024-08-29 09:30:00,2024-08-29 09:35:00,LONG,62,21919.25,21891.25,-3596.0,27.75,-1.05,初始止损,5.0
2024-08-30 09:45:00,2024-08-30 09:50:00,LONG,62,21894.25,21866.25,-3596.0,27.75,-1.05,初始止损,5.0
2024-09-02 09:40:00,2024-09-02 10:00:00,LONG,63,21970.75,21943.5,-3559.5,27.25,-1.04,初始止损,20.0
2024-09-03 09:30:00,2024-09-03 15:55:00,SHORT,66,21751.75,21342.5,53889.0,25.75,15.85,收盘平仓,385.0
2024-09-04 09:30:00,2024-09-04 09:35:00,LONG,67,21252.25,21224.25,-3886.0,27.75,-1.05,初始止损,5.0
2024-09-05 09:35:00,2024-09-05 09:45:00,LONG,68,21328.75,21301.5,-3842.0,27.25,-1.04,初始止损,10.0
2024-09-06 09:35:00,2024-09-06 09:40:00,SHORT,68,21144.75,21172.0,-3842.0,27.0,-1.05,初始止损,5.0
2024-09-09 09:30:00,2024-09-09 10:20:00,LONG,65,20984.75,20956.5,-3802.5,28.0,-1.04,初始止损,50.0
2024-09-10 09:35:00,2024-09-10 09:40:00,SHORT,66,21059.25,21087.0,-3795.0,27.5,-1.05,初始止损,5.0
2024-09-11 09:30:00,2024-09-11 09:35:00,SHORT,67,21177.25,21204.25,-3752.0,27.0,-1.04,初始止损,5.0
2024-09-12 09:45:00,2024-09-12 09:50:00,SHORT,62,21538.5,21567.5,-3720.0,29.0,-1.03,初始止损,5.0
2024-09-13 09:35:00,2024-09-13 10:00:00,LONG,62,21801.0,21772.0,-3720.0,28.75,-1.04,初始止损,25.0
2024-09-16 09:30:00,2024-09-16 09:35:00,SHORT,64,21670.25,21698.0,-3680.0,27.5,-1.05,初始止损,5.0
2024-09-17 09:30:00,2024-09-17 09:40:00,SHORT,66,21863.25,21890.0,-3663.0,26.75,-1.04,初始止损,10.0
2024-09-18 09:30:00,2024-09-18 12:55:00,SHORT,66,21789.0,21789.0,-132.0,26.5,-0.04,保本止损,205.0
2024-09-20 09:55:00,2024-09-20 12:05:00,SHORT,63,22092.75,22092.75,-126.0,27.75,-0.04,保本止损,130.0
2024-09-23 09:30:00,2024-09-23 09:45:00,SHORT,65,22143.5,22170.5,-3640.0,27.0,-1.04,初始止损,15.0
2024-09-24 09:40:00,2024-09-24 11:10:00,SHORT,67,22196.75,22196.75,-134.0,25.75,-0.04,保本止损,90.0
2024-09-25 09:30:00,2024-09-25 09:40:00,LONG,69,22276.25,22251.0,-3622.5,25.25,-1.04,初始止损,10.0
2024-09-26 09:30:00,2024-09-26 15:55:00,SHORT,71,22541.25,22432.5,15300.5,24.25,4.44,收盘平仓,385.0
2024-09-27 09:30:00,2024-09-27 15:55:00,SHORT,73,22449.75,22314.0,19673.5,24.25,5.56,收盘平仓,385.0
2024-09-30 09:30:00,2024-09-30 09:55:00,LONG,78,22315.75,22292.25,-3822.0,23.5,-1.04,初始止损,25.0
2024-10-01 09:30:00,2024-10-01 15:55:00,SHORT,78,22266.0,22069.25,30537.0,23.25,8.42,收盘平仓,385.0
2024-10-02 09:35:00,2024-10-02 09:45:00,SHORT,80,21988.0,22012.0,-4000.0,24.0,-1.04,初始止损,10.0
2024-10-03 09:30:00,2024-10-03 09:40:00,LONG,81,22067.0,22043.5,-3969.0,23.5,-1.04,初始止损,10.0
2024-10-04 09:30:00,2024-10-04 15:30:00,SHORT,81,22307.0,22307.0,-162.0,23.25,-0.04,保本止损,360.0
2024-10-07 09:30:00,2024-10-07 09:40:00,LONG,83,22242.25,22219.5,-3942.5,22.75,-1.04,初始止损,10.0
2024-10-08 09:50:00,2024-10-08 15:55:00,LONG,82,22229.75,22391.0,26281.0,22.75,7.04,收盘平仓,365.0
2024-10-09 09:30:00,2024-10-09 09:40:00,SHORT,85,22350.5,22373.5,-4080.0,23.0,-1.04,初始止损,10.0
2024-10-10 09:45:00,2024-10-10 09:50:00,SHORT,86,22403.0,22425.75,-4085.0,22.5,-1.06,初始止损,5.0
2024-10-11 09:35:00,2024-10-11 09:40:00,SHORT,88,22410.5,22432.5,-4048.0,22.0,-1.05,初始止损,5.0
2024-10-14 09:30:00,2024-10-14 10:50:00,LONG,89,22672.25,22672.25,-178.0,21.5,-0.05,保本止损,80.0
2024-10-15 09:35:00,2024-10-15 09:55:00,SHORT,90,22712.25,22733.75,-4050.0,21.25,-1.06,初始止损,20.0
2024-10-16 09:30:00,2024-10-16 10:10:00,SHORT,88,22393.5,22393.5,-176.0,21.75,-0.05,保本止损,40.0
2024-10-17 09:30:00,2024-10-17 09:45:00,SHORT,90,22572.25,22572.25,-180.0,21.25,-0.05,保本止损,15.0
2024-10-18 09:30:00,2024-10-18 09:35:00,SHORT,91,22526.75,22547.75,-4004.0,21.0,-1.05,初始止损,5.0
2024-10-21 09:30:00,2024-10-21 10:40:00,LONG,93,22534.75,22534.75,-186.0,20.25,-0.05,保本止损,70.0
2024-10-22 09:35:00,2024-10-22 12:40:00,LONG,95,22516.25,22516.25,-190.0,20.0,-0.05,保本止损,185.0
2024-10-23 09:30:00,2024-10-23 09:35:00,SHORT,96,22508.5,22528.25,-3984.0,19.75,-1.05,初始止损,5.0
2024-10-24 09:30:00,2024-10-24 09:35:00,SHORT,91,22417.25,22438.0,-3958.5,20.75,-1.05,初始止损,5.0
2024-10-25 09:30:00,2024-10-25 13:35:00,LONG,92,22626.75,22626.75,-184.0,20.25,-0.05,保本止损,245.0
2024-10-28 09:30:00,2024-10-28 10:30:00,SHORT,90,22677.75,22698.5,-3915.0,20.75,-1.05,初始止损,60.0
2024-10-29 09:30:00,2024-10-29 09:35:00,SHORT,93,22534.0,22554.0,-3906.0,20.0,-1.05,初始止损,5.0
2024-10-30 09:30:00,2024-10-30 09:35:00,SHORT,91,22709.75,22730.0,-3867.5,20.25,-1.05,初始止损,5.0
2024-10-31 09:30:00,2024-10-31 09:35:00,SHORT,93,22373.5,22393.25,-3859.5,19.75,-1.05,初始止损,5.0
2024-11-01 09:35:00,2024-11-01 15:55:00,LONG,86,22211.0,22238.0,4472.0,21.25,1.22,收盘平仓,380.0
2024-11-04 09:30:00,2024-11-04 09:40:00,SHORT,87,22139.25,22160.5,-3871.5,21.0,-1.06,初始止损,10.0
2024-11-05 09:30:00,2024-11-05 15:55:00,LONG,88,22301.5,22432.25,22836.0,20.75,6.25,收盘平仓,385.0
2024-11-06 09:30:00,2024-11-06 09:45:00,LONG,91,22812.5,22812.5,-182.0,20.75,-0.05,保本止损,15.0
2024-11-07 09:30:00,2024-11-07 15:55:00,LONG,84,23130.75,23312.75,30408.0,22.5,8.04,收盘平仓,385.0
2024-11-08 09:30:00,2024-11-08 09:40:00,LONG,87,23302.25,23279.25,-4176.0,22.75,-1.05,初始止损,10.0
2024-11-11 09:30:00,2024-11-11 15:55:00,SHORT,90,23361.25,23311.25,8820.0,21.75,2.25,收盘平仓,385.0
2024-11-12 09:50:00,2024-11-12 10:00:00,LONG,94,23320.5,23299.25,-4183.0,21.25,-1.05,初始止损,10.0
2024-11-13 09:35:00,2024-11-13 09:40:00,SHORT,96,23237.75,23258.5,-4176.0,20.75,-1.05,初始止损,5.0
2024-11-14 09:30:00,2024-11-14 09:35:00,LONG,96,23253.75,23233.25,-4128.0,20.5,-1.05,初始止损,5.0
2024-11-15 09:30:00,2024-11-15 15:55:00,SHORT,98,22824.25,22582.75,47138.0,20.0,12.03,收盘平仓,385.0
2024-11-18 09:30:00,2024-11-18 09:35:00,SHORT,96,22619.0,22641.0,-4416.0,21.75,-1.06,初始止损,5.0
2024-11-19 09:30:00,2024-11-19 15:55:00,LONG,97,22616.25,22856.25,46366.0,21.5,11.12,收盘平仓,385.0
2024-11-20 09:30:00,2024-11-20 15:35:00,SHORT,103,22813.75,22813.75,-206.0,21.5,-0.05,保本止损,365.0
2024-11-21 09:30:00,2024-11-21 12:25:00,SHORT,103,22886.75,22886.75,-206.0,21.5,-0.05,保本止损,175.0
2024-11-22 09:30:00,2024-11-22 09:35:00,LONG,101,22916.75,22894.75,-4646.0,22.0,-1.05,初始止损,5.0
2024-11-25 09:35:00,2024-11-25 09:45:00,LONG,104,23145.25,23124.0,-4628.0,21.25,-1.05,初始止损,10.0
2024-11-26 09:30:00,2024-11-26 09:35:00,LONG,102,23081.75,23060.25,-4590.0,21.5,-1.05,初始止损,5.0
2024-11-27 09:30:00,2024-11-27 15:55:00,SHORT,105,22977.25,22907.25,14490.0,20.75,3.33,收盘平仓,385.0
2024-11-28 09:30:00,2024-11-28 12:55:00,LONG,106,22980.75,22980.99,-161.5,21.0,-0.04,收盘平仓,205.0
2024-11-29 09:40:00,2024-11-29 09:45:00,LONG,111,22965.75,22945.5,-4717.5,20.0,-1.06,初始止损,5.0
2024-12-02 09:30:00,2024-12-02 15:55:00,LONG,113,23204.75,23308.0,23108.5,19.5,5.24,收盘平仓,385.0
2024-12-04 09:30:00,2024-12-04 09:35:00,SHORT,120,23498.25,23517.25,-4800.0,19.0,-1.05,初始止损,5.0
2024-12-05 09:30:00,2024-12-05 09:40:00,LONG,118,23631.75,23612.5,-4779.0,19.25,-1.05,初始止损,10.0
2024-12-06 09:30:00,2024-12-06 15:55:00,LONG,122,23611.75,23749.5,33367.0,18.5,7.39,收盘平仓,385.0
2024-12-09 09:30:00,2024-12-09 09:35:00,SHORT,131,23682.25,23700.25,-4978.0,18.0,-1.06,初始止损,5.0
2024-12-10 09:35:00,2024-12-10 09:50:00,LONG,130,23631.75,23613.75,-4940.0,18.0,-1.06,初始止损,15.0
2024-12-11 09:30:00,2024-12-11 15:55:00,LONG,129,23697.5,23882.75,47536.5,18.0,10.24,收盘平仓,385.0
2024-12-12 09:45:00,2024-12-12 10:20:00,SHORT,130,23761.75,23780.75,-5200.0,19.0,-1.05,初始止损,35.0
2024-12-13 09:35:00,2024-12-13 10:05:00,LONG,132,23924.0,23924.0,-264.0,18.5,-0.05,保本止损,30.0
2024-12-16 09:30:00,2024-12-16 09:35:00,LONG,131,24013.75,23995.0,-5174.5,18.75,-1.05,初始止损,5.0
2024-12-17 09:30:00,2024-12-17 09:40:00,SHORT,126,24092.75,24112.25,-5166.0,19.25,-1.06,初始止损,10.0
2024-12-18 09:30:00,2024-12-18 09:35:00,SHORT,129,24025.0,24043.75,-5095.5,18.75,-1.05,初始止损,5.0
2024-12-19 09:40:00,2024-12-19 09:45:00,SHORT,108,23380.0,23402.25,-5022.0,22.25,-1.04,初始止损,5.0
2024-12-20 09:35:00,2024-12-20 09:40:00,LONG,106,23100.0,23077.5,-4982.0,22.5,-1.04,初始止损,5.0
2024-12-23 09:30:00,2024-12-23 09:40:00,LONG,97,23437.25,23412.75,-4947.0,24.5,-1.04,初始止损,10.0
2024-12-24 09:40:00,2024-12-24 13:10:00,LONG,97,23662.0,23840.5,34435.0,24.25,7.32,收盘平仓,210.0
2024-12-26 09:30:00,2024-12-26 09:45:00,LONG,102,23777.0,23752.75,-5151.0,24.0,-1.05,初始止损,15.0
2024-12-27 09:30:00,2024-12-27 15:55:00,SHORT,104,23569.25,23497.0,14820.0,23.5,3.03,收盘平仓,385.0
2024-12-30 09:30:00,2024-12-30 09:35:00,SHORT,101,23143.0,23167.75,-5201.5,24.5,-1.05,初始止损,5.0
2024-12-31 09:35:00,2024-12-31 09:40:00,SHORT,98,23175.5,23200.75,-5145.0,25.25,-1.04,初始止损,5.0
2025-01-02 09:30:00,2025-01-02 09:45:00,SHORT,98,23060.75,23060.75,-196.0,25.0,-0.04,保本止损,15.0
2025-01-03 09:30:00,2025-01-03 09:50:00,LONG,95,23125.75,23125.75,-190.0,25.75,-0.04,保本止损,20.0
2025-01-06 09:30:00,2025-01-06 12:40:00,LONG,94,23573.5,23573.5,-188.0,26.0,-0.04,保本止损,190.0
2025-01-07 09:30:00,2025-01-07 09:45:00,SHORT,93,23543.5,23570.0,-5115.0,26.25,-1.05,初始止损,15.0
2025-01-08 09:35:00,2025-01-08 09:40:00,SHORT,89,23094.75,23122.25,-5073.0,27.25,-1.05,初始止损,5.0
2025-01-10 09:45:00,2025-01-10 09:50:00,SHORT,91,22829.25,22856.0,-5050.5,26.5,-1.05,初始止损,5.0
2025-01-13 09:35:00,2025-01-13 09:40:00,SHORT,88,22519.75,22547.25,-5016.0,27.25,-1.05,初始止损,5.0
2025-01-14 09:35:00,2025-01-14 09:40:00,LONG,89,22905.75,22878.75,-4984.0,27.0,-1.04,初始止损,5.0
2025-01-15 09:45:00,2025-01-15 09:50:00,LONG,88,23138.5,23111.25,-4972.0,27.0,-1.05,初始止损,5.0
2025-01-16 09:30:00,2025-01-16 09:40:00,SHORT,84,23222.0,23250.25,-4914.0,28.0,-1.04,初始止损,10.0
2025-01-17 09:35:00,2025-01-17 09:40:00,SHORT,86,23318.25,23345.75,-4902.0,27.25,-1.05,初始止损,5.0
2025-01-20 09:30:00,2025-01-20 10:15:00,LONG,85,23523.25,23495.75,-4845.0,27.5,-1.04,初始止损,45.0
2025-01-21 09:30:00,2025-01-21 12:25:00,SHORT,87,23483.75,23483.75,-174.0,26.5,-0.04,保本止损,175.0
2025-01-22 09:30:00,2025-01-22 09:35:00,LONG,89,23754.5,23728.25,-4850.5,26.0,-1.05,初始止损,5.0
2025-01-23 09:35:00,2025-01-23 09:55:00,LONG,88,23703.5,23677.25,-4796.0,26.25,-1.04,初始止损,20.0
2025-01-24 09:45:00,2025-01-24 10:00:00,LONG,91,23857.5,23832.25,-4777.5,25.25,-1.04,初始止损,15.0
2025-01-27 09:30:00,2025-01-27 09:35:00,LONG,92,23031.75,23007.0,-4738.0,24.75,-1.04,初始止损,5.0
2025-01-28 09:30:00,2025-01-28 09:50:00,SHORT,83,23052.75,23052.75,-166.0,27.25,-0.04,保本止损,20.0
2025-01-29 09:30:00,2025-01-29 09:35:00,SHORT,81,23331.75,23359.75,-4698.0,27.75,-1.05,初始止损,5.0
2025-01-30 09:45:00,2025-01-30 09:50:00,LONG,82,23529.75,23502.25,-4674.0,27.25,-1.05,初始止损,5.0
2025-01-31 09:30:00,2025-01-31 09:35:00,LONG,83,23606.0,23579.0,-4648.0,27.0,-1.04,初始止损,5.0
2025-02-03 09:35:00,2025-02-03 09:40:00,LONG,81,23101.75,23074.25,-4617.0,27.25,-1.05,初始止损,5.0
2025-02-04 09:30:00,2025-02-04 15:55:00,LONG,79,23246.0,23462.25,34009.5,28.0,7.69,收盘平仓,385.0
2025-02-05 09:35:00,2025-02-05 09:55:00,LONG,84,23362.25,23334.75,-4788.0,27.5,-1.04,初始止损,20.0
2025-02-06 09:40:00,2025-02-06 10:35:00,LONG,85,23582.5,23555.5,-4760.0,27.0,-1.04,初始止损,55.0
2025-02-07 09:30:00,2025-02-07 09:55:00,LONG,88,23739.5,23713.5,-4752.0,26.0,-1.04,初始止损,25.0
2025-02-10 09:40:00,2025-02-10 09:45:00,LONG,86,23593.0,23566.5,-4730.0,26.25,-1.05,初始止损,5.0
2025-02-11 09:30:00,2025-02-11 12:00:00,LONG,87,23568.25,23568.25,-174.0,26.0,-0.04,保本止损,150.0
2025-02-12 09:30:00,2025-02-12 10:10:00,LONG,90,23385.25,23385.25,-180.0,25.0,-0.04,保本止损,40.0
2025-02-13 09:30:00,2025-02-13 09:35:00,LONG,90,23731.25,23706.25,-4680.0,25.0,-1.04,初始止损,5.0
2025-02-14 09:45:00,2025-02-14 12:30:00,LONG,89,23916.25,23891.0,-4672.5,25.0,-1.05,初始止损,165.0
2025-02-17 09:30:00,2025-02-17 11:00:00,SHORT,94,24011.5,24035.25,-4653.0,23.75,-1.04,初始止损,90.0
2025-02-18 09:30:00,2025-02-18 15:55:00,SHORT,98,24044.25,24032.75,2058.0,22.5,0.47,收盘平仓,385.0
2025-02-19 09:40:00,2025-02-19 10:45:00,SHORT,102,23976.0,23997.75,-4641.0,21.75,-1.05,初始止损,65.0
2025-02-20 09:30:00,2025-02-20 09:35:00,SHORT,104,23967.75,23989.0,-4628.0,21.25,-1.05,初始止损,5.0
2025-02-21 09:30:00,2025-02-21 09:35:00,SHORT,103,23947.5,23968.75,-4583.5,21.25,-1.05,初始止损,5.0
2025-02-24 09:35:00,2025-02-24 09:45:00,SHORT,97,23495.25,23517.75,-4559.0,22.5,-1.04,初始止损,10.0
2025-02-25 09:30:00,2025-02-25 09:35:00,SHORT,94,23141.0,23164.0,-4512.0,23.0,-1.04,初始止损,5.0
2025-02-26 09:30:00,2025-02-26 09:35:00,SHORT,90,23001.25,23025.25,-4500.0,23.75,-1.05,初始止损,5.0
2025-02-27 09:40:00,2025-02-27 09:45:00,SHORT,90,22985.5,23009.25,-4455.0,23.75,-1.04,初始止损,5.0
2025-02-28 09:30:00,2025-02-28 09:35:00,SHORT,81,22259.25,22285.5,-4414.5,26.25,-1.04,初始止损,5.0
2025-03-03 09:35:00,2025-03-03 10:30:00,SHORT,78,22776.5,22776.5,-156.0,27.0,-0.04,保本止损,55.0
2025-03-04 09:30:00,2025-03-04 09:35:00,SHORT,71,22102.5,22132.25,-4366.5,29.5,-1.04,初始止损,5.0
2025-03-05 09:35:00,2025-03-05 09:40:00,SHORT,68,22170.5,22201.5,-4352.0,30.75,-1.04,初始止损,5.0
2025-03-06 09:30:00,2025-03-06 09:35:00,SHORT,66,22075.0,22106.75,-4323.0,31.25,-1.05,初始止损,5.0
2025-03-07 09:40:00,2025-03-07 10:00:00,LONG,63,21943.5,21910.5,-4284.0,32.75,-1.04,初始止损,20.0
2025-03-10 09:30:00,2025-03-10 09:35:00,SHORT,62,21612.5,21645.75,-4247.0,33.0,-1.04,初始止损,5.0
2025-03-11 09:35:00,2025-03-11 09:40:00,LONG,57,21331.5,21295.5,-4218.0,35.75,-1.03,初始止损,5.0
2025-03-12 09:30:00,2025-03-12 09:40:00,LONG,57,21529.75,21494.0,-4189.5,35.75,-1.03,初始止损,10.0
2025-03-13 09:35:00,2025-03-13 10:20:00,SHORT,57,21334.0,21334.0,-114.0,35.25,-0.03,保本止损,45.0
2025-03-14 09:30:00,2025-03-14 10:00:00,LONG,57,21331.75,21296.25,-4161.0,35.25,-1.04,初始止损,30.0
2025-03-17 09:30:00,2025-03-17 10:00:00,LONG,57,21552.0,21516.75,-4132.5,35.25,-1.03,初始止损,30.0
2025-03-18 09:30:00,2025-03-18 15:55:00,SHORT,57,21438.25,21300.75,15561.0,34.5,3.96,收盘平仓,385.0
2025-03-19 09:40:00,2025-03-19 09:45:00,SHORT,59,21320.25,21355.0,-4218.5,34.5,-1.04,初始止损,5.0
2025-03-20 09:30:00,2025-03-20 12:40:00,LONG,59,21460.5,21460.5,-118.0,34.25,-0.03,保本止损,190.0
2025-03-21 09:40:00,2025-03-21 11:40:00,LONG,60,21278.0,21278.0,-120.0,33.75,-0.03,保本止损,120.0
2025-03-24 09:30:00,2025-03-24 09:35:00,SHORT,61,21828.5,21861.75,-4178.5,33.25,-1.03,初始止损,5.0
2025-03-25 09:40:00,2025-03-25 10:00:00,SHORT,60,21988.5,22022.25,-4170.0,33.25,-1.05,初始止损,20.0
2025-03-26 09:30:00,2025-03-26 09:35:00,SHORT,63,22023.0,22055.0,-4158.0,31.75,-1.04,初始止损,5.0
2025-03-27 09:30:00,2025-03-27 09:50:00,SHORT,62,21591.25,21623.5,-4123.0,31.75,-1.05,初始止损,20.0
2025-03-28 10:00:00,2025-03-28 15:55:00,SHORT,64,21434.0,21056.0,48256.0,31.0,12.16,收盘平仓,355.0
2025-03-31 09:30:00,2025-03-31 09:35:00,SHORT,67,20627.75,20659.5,-4388.5,31.75,-1.03,初始止损,5.0
2025-04-01 09:30:00,2025-04-01 09:40:00,SHORT,65,20963.25,20995.75,-4355.0,32.25,-1.04,初始止损,10.0
2025-04-02 09:30:00,2025-04-02 15:55:00,LONG,65,21012.5,21341.0,42575.0,32.0,10.23,收盘平仓,385.0
2025-04-03 09:30:00,2025-04-03 09:35:00,LONG,68,20645.25,20612.5,-4590.0,32.75,-1.03,初始止损,5.0
2025-04-04 09:35:00,2025-04-04 09:45:00,SHORT,61,19697.75,19734.0,-4544.5,36.25,-1.03,初始止损,10.0
2025-04-07 09:30:00,2025-04-07 09:45:00,SHORT,55,18501.75,18501.75,-110.0,39.75,-0.03,保本止损,15.0
2025-04-08 09:50:00,2025-04-08 10:45:00,LONG,47,19808.5,19808.5,-94.0,46.0,-0.02,保本止损,55.0
2025-04-09 09:35:00,2025-04-09 09:40:00,LONG,43,19029.75,18978.5,-4493.5,50.25,-1.04,初始止损,5.0
2025-04-10 09:40:00,2025-04-10 09:45:00,SHORT,37,20324.0,20383.25,-4458.5,58.25,-1.03,初始止损,5.0
2025-04-11 09:45:00,2025-04-11 10:00:00,LONG,35,20167.25,20105.0,-4427.5,61.25,-1.03,初始止损,15.0
2025-04-14 09:35:00,2025-04-14 10:05:00,SHORT,35,20694.75,20756.5,-4392.5,60.25,-1.04,初始止损,30.0
2025-04-15 09:30:00,2025-04-15 10:20:00,LONG,36,20608.25,20548.5,-4374.0,58.75,-1.03,初始止损,50.0
2025-04-16 09:35:00,2025-04-16 09:45:00,LONG,38,20249.75,20193.5,-4351.0,56.0,-1.02,初始止损,10.0
2025-04-17 09:30:00,2025-04-17 09:50:00,SHORT,37,20006.0,20063.25,-4310.5,56.5,-1.03,初始止损,20.0
2025-04-21 09:30:00,2025-04-21 09:35:00,LONG,39,19746.0,19692.0,-4290.0,53.75,-1.02,初始止损,5.0
2025-04-22 09:30:00,2025-04-22 09:40:00,SHORT,39,19705.5,19759.25,-4270.5,53.5,-1.02,初始止损,10.0
2025-04-23 09:30:00,2025-04-23 09:35:00,LONG,39,20582.0,20528.5,-4251.0,53.0,-1.03,初始止损,5.0
2025-04-24 09:30:00,2025-04-24 15:55:00,LONG,38,20479.25,20914.25,32984.0,53.25,8.15,收盘平仓,385.0
2025-04-25 09:30:00,2025-04-25 09:45:00,LONG,41,20921.5,20868.5,-4428.0,52.5,-1.03,初始止损,15.0
2025-04-28 09:30:00,2025-04-28 09:40:00,SHORT,42,21091.75,21143.0,-4389.0,50.5,-1.03,初始止损,10.0
2025-04-29 09:40:00,2025-04-29 15:55:00,LONG,43,21066.5,21239.25,14770.5,48.75,3.52,收盘平仓,375.0
2025-04-30 09:35:00,2025-04-30 10:10:00,SHORT,46,20786.5,20834.0,-4462.0,46.75,-1.04,初始止损,35.0
2025-05-01 09:35:00,2025-05-01 09:45:00,SHORT,46,21505.0,21552.25,-4439.0,46.75,-1.03,初始止损,10.0
2025-05-02 09:45:00,2025-05-02 10:00:00,SHORT,46,21652.5,21699.5,-4416.0,46.0,-1.04,初始止损,15.0
2025-05-05 09:30:00,2025-05-05 09:40:00,LONG,48,21625.0,21580.25,-4392.0,44.75,-1.02,初始止损,10.0
2025-05-06 09:35:00,2025-05-06 09:45:00,LONG,49,21456.25,21412.75,-4361.0,42.75,-1.04,初始止损,10.0
2025-05-07 09:45:00,2025-05-07 09:55:00,SHORT,51,21468.75,21510.25,-4335.0,41.5,-1.02,初始止损,10.0
2025-05-08 09:30:00,2025-05-08 11:20:00,SHORT,52,21706.75,21706.75,-104.0,40.5,-0.02,保本止损,110.0
2025-05-09 09:30:00,2025-05-09 09:45:00,LONG,53,21855.0,21815.25,-4319.5,39.75,-1.03,初始止损,15.0
2025-05-12 09:30:00,2025-05-12 09:50:00,SHORT,55,22400.5,22438.5,-4290.0,38.0,-1.03,初始止损,20.0
2025-05-13 09:30:00,2025-05-13 15:55:00,LONG,52,22632.0,22865.25,24154.0,39.75,5.84,收盘平仓,385.0
2025-05-14 09:30:00,2025-05-14 09:40:00,LONG,55,22990.0,22950.75,-4427.5,39.0,-1.03,初始止损,10.0
2025-05-15 09:30:00,2025-05-15 09:35:00,LONG,57,22927.0,22889.5,-4389.0,37.0,-1.04,初始止损,5.0
2025-05-16 09:40:00,2025-05-16 10:15:00,SHORT,59,23009.75,23045.75,-4366.0,36.0,-1.03,初始止损,35.0
2025-05-19 09:30:00,2025-05-19 15:55:00,LONG,61,22842.25,23117.75,33489.0,34.25,8.01,收盘平仓,385.0
2025-05-20 09:45:00,2025-05-20 09:50:00,SHORT,65,22969.25,23003.25,-4550.0,33.75,-1.04,初始止损,5.0
2025-05-21 09:30:00,2025-05-21 13:20:00,LONG,67,22913.75,22913.75,-134.0,32.5,-0.03,保本止损,230.0
2025-05-22 09:30:00,2025-05-22 09:35:00,SHORT,67,22718.75,22751.5,-4522.5,32.75,-1.03,初始止损,5.0
2025-05-23 09:30:00,2025-05-23 09:40:00,LONG,68,22503.5,22471.25,-4522.0,31.75,-1.05,初始止损,10.0
2025-05-26 09:30:00,2025-05-26 10:00:00,LONG,69,22894.0,22862.5,-4485.0,31.25,-1.04,初始止损,30.0
2025-05-27 09:30:00,2025-05-27 09:45:00,SHORT,70,22829.0,22860.0,-4480.0,30.75,-1.04,初始止损,15.0
2025-05-28 09:30:00,2025-05-28 09:45:00,LONG,71,23119.5,23089.25,-4437.5,30.25,-1.03,初始止损,15.0
2025-05-29 09:30:00,2025-05-29 15:55:00,SHORT,72,23204.5,23006.0,28440.0,29.25,6.75,收盘平仓,385.0
2025-05-30 09:40:00,2025-05-30 10:05:00,SHORT,75,22894.75,22924.25,-4575.0,29.25,-1.04,初始止损,25.0
2025-06-02 09:30:00,2025-06-02 09:45:00,LONG,76,22999.75,22970.75,-4560.0,29.0,-1.03,初始止损,15.0
2025-06-03 09:40:00,2025-06-03 15:55:00,LONG,76,23158.25,23299.0,21242.0,28.5,4.9,收盘平仓,375.0
2025-06-04 09:30:00,2025-06-04 10:00:00,LONG,80,23349.5,23321.25,-4680.0,28.0,-1.04,初始止损,30.0
2025-06-05 09:35:00,2025-06-05 09:40:00,SHORT,83,23343.0,23370.0,-4648.0,26.75,-1.05,初始止损,5.0
2025-06-06 09:35:00,2025-06-06 10:25:00,LONG,81,23411.5,23384.0,-4617.0,27.25,-1.05,初始止损,50.0
2025-06-09 09:30:00,2025-06-09 09:50:00,SHORT,82,23373.25,23400.25,-4592.0,26.75,-1.05,初始止损,20.0
2025-06-10 09:30:00,2025-06-10 09:35:00,SHORT,86,23420.25,23445.75,-4558.0,25.5,-1.04,初始止损,5.0
2025-06-11 09:30:00,2025-06-11 09:35:00,SHORT,86,23566.75,23592.25,-4558.0,25.25,-1.05,初始止损,5.0
2025-06-12 09:40:00,2025-06-12 09:55:00,LONG,87,23474.5,23449.5,-4524.0,24.75,-1.05,初始止损,15.0
2025-06-13 09:30:00,2025-06-13 09:35:00,LONG,90,23358.25,23334.25,-4500.0,24.0,-1.04,初始止损,5.0
2025-06-16 09:30:00,2025-06-16 15:55:00,LONG,89,23453.0,23557.75,18467.5,24.0,4.32,收盘平仓,385.0
2025-06-17 09:30:00,2025-06-17 09:40:00,LONG,90,23465.75,23441.25,-4590.0,24.25,-1.05,初始止损,10.0
2025-06-18 09:30:00,2025-06-18 09:35:00,SHORT,91,23312.25,23336.25,-4550.0,24.0,-1.04,初始止损,5.0
2025-06-19 09:35:00,2025-06-19 11:00:00,SHORT,93,23116.0,23116.0,-186.0,23.25,-0.04,保本止损,85.0
2025-06-20 09:35:00,2025-06-20 09:45:00,LONG,93,23502.25,23478.75,-4557.0,23.25,-1.05,初始止损,10.0
2025-06-23 09:30:00,2025-06-23 09:35:00,SHORT,90,23165.75,23189.75,-4500.0,24.0,-1.04,初始止损,5.0
2025-06-24 09:40:00,2025-06-24 09:50:00,LONG,89,23693.0,23669.0,-4450.0,24.0,-1.04,初始止损,10.0
2025-06-25 09:30:00,2025-06-25 09:50:00,LONG,87,23899.75,23875.25,-4437.0,24.5,-1.04,初始止损,20.0
2025-06-26 09:35:00,2025-06-26 09:55:00,SHORT,90,23897.0,23920.5,-4410.0,23.5,-1.04,初始止损,20.0
2025-06-27 09:35:00,2025-06-27 13:40:00,LONG,91,24119.25,24119.25,-182.0,23.0,-0.04,保本止损,245.0
2025-06-30 09:30:00,2025-06-30 10:10:00,SHORT,93,24207.0,24229.75,-4417.5,22.5,-1.06,初始止损,40.0
2025-07-01 09:45:00,2025-07-01 10:00:00,LONG,95,24201.25,24179.25,-4370.0,22.0,-1.05,初始止损,15.0
2025-07-02 09:30:00,2025-07-02 15:55:00,LONG,94,24049.75,24226.25,32994.0,22.0,7.98,收盘平仓,385.0
2025-07-03 09:30:00,2025-07-03 09:40:00,LONG,101,24345.75,24324.25,-4545.0,21.5,-1.05,初始止损,10.0
2025-07-04 09:35:00,2025-07-04 09:40:00,SHORT,101,24279.75,24301.25,-4545.0,21.25,-1.06,初始止损,5.0
2025-07-07 09:30:00,2025-07-07 09:35:00,SHORT,103,24308.0,24329.0,-4532.0,20.75,-1.06,初始止损,5.0
2025-07-08 09:30:00,2025-07-08 09:50:00,SHORT,105,24284.0,24304.25,-4462.5,20.25,-1.05,初始止损,20.0
2025-07-09 09:30:00,2025-07-09 10:30:00,LONG,108,24406.25,24406.25,-216.0,19.5,-0.05,保本止损,60.0
2025-07-10 09:30:00,2025-07-10 13:40:00,SHORT,110,24413.75,24413.75,-220.0,19.25,-0.05,保本止损,250.0
2025-07-11 09:30:00,2025-07-11 09:35:00,LONG,111,24312.5,24293.25,-4495.5,19.0,-1.07,初始止损,5.0
2025-07-14 09:40:00,2025-07-14 09:45:00,SHORT,114,24235.5,24254.0,-4446.0,18.5,-1.05,初始止损,5.0
2025-07-15 09:30:00,2025-07-15 09:35:00,SHORT,114,24543.25,24561.75,-4446.0,18.25,-1.07,初始止损,5.0
2025-07-16 09:30:00,2025-07-16 09:35:00,SHORT,115,24408.75,24426.75,-4370.0,18.0,-1.06,初始止损,5.0
2025-07-17 09:30:00,2025-07-17 09:40:00,SHORT,113,24466.5,24484.75,-4350.5,18.25,-1.05,初始止损,10.0
2025-07-18 10:00:00,2025-07-18 11:50:00,SHORT,114,24629.25,24629.25,-228.0,18.0,-0.06,保本止损,110.0
2025-07-21 09:30:00,2025-07-21 15:55:00,LONG,117,24682.0,24726.5,10179.0,17.5,2.49,收盘平仓,385.0
2025-07-22 09:30:00,2025-07-22 09:35:00,SHORT,120,24671.25,24688.75,-4440.0,17.25,-1.07,初始止损,5.0
2025-07-23 09:30:00,2025-07-23 09:35:00,SHORT,120,24602.0,24619.25,-4380.0,17.25,-1.06,初始止损,5.0
2025-07-24 09:45:00,2025-07-24 09:50:00,LONG,121,24773.0,24756.0,-4356.0,17.0,-1.06,初始止损,5.0
2025-07-25 09:45:00,2025-07-25 15:55:00,LONG,124,24765.5,24804.25,9362.0,16.5,2.29,收盘平仓,370.0
2025-07-28 09:55:00,2025-07-28 10:10:00,LONG,129,24901.75,24885.75,-4386.0,16.0,-1.06,初始止损,15.0
2025-07-29 09:30:00,2025-07-29 09:40:00,LONG,133,25013.25,24997.75,-4389.0,15.5,-1.06,初始止损,10.0
2025-07-30 09:40:00,2025-07-30 09:45:00,LONG,130,24889.75,24874.0,-4355.0,15.75,-1.06,初始止损,5.0
2025-07-31 09:30:00,2025-07-31 09:50:00,SHORT,129,25060.25,25060.25,-258.0,15.75,-0.06,保本止损,20.0
2025-08-01 09:30:00,2025-08-01 09:35:00,SHORT,119,24394.75,24411.75,-4284.0,17.0,-1.06,初始止损,5.0
2025-08-04 09:30:00,2025-08-04 15:55:00,LONG,106,24511.25,24678.5,35245.0,19.0,8.75,收盘平仓,385.0
2025-08-05 09:30:00,2025-08-05 09:35:00,SHORT,107,24690.5,24710.5,-4494.0,19.75,-1.06,初始止损,5.0
2025-08-06 09:30:00,2025-08-06 09:35:00,LONG,105,24601.25,24581.0,-4462.5,20.0,-1.06,初始止损,5.0
2025-08-07 09:35:00,2025-08-07 09:40:00,LONG,103,25015.0,24994.5,-4429.0,20.25,-1.06,初始止损,5.0
2025-08-08 09:35:00,2025-08-08 15:55:00,LONG,101,24960.0,25096.25,27320.5,20.5,6.6,收盘平仓,380.0
2025-08-11 09:30:00,2025-08-11 09:35:00,SHORT,107,25068.75,25089.0,-4547.5,20.25,-1.05,初始止损,5.0
2025-08-12 09:35:00,2025-08-12 09:40:00,LONG,107,25175.75,25155.5,-4547.5,20.0,-1.06,初始止损,5.0
2025-08-13 09:30:00,2025-08-13 09:40:00,LONG,105,25440.0,25419.5,-4515.0,20.25,-1.06,初始止损,10.0
2025-08-14 09:30:00,2025-08-14 11:25:00,LONG,106,25284.5,25284.5,-212.0,20.0,-0.05,保本止损,115.0
2025-08-15 09:30:00,2025-08-15 09:35:00,SHORT,110,25238.25,25257.5,-4455.0,19.25,-1.05,初始止损,5.0
2025-08-18 09:30:00,2025-08-18 09:35:00,LONG,111,25196.75,25177.75,-4440.0,19.0,-1.05,初始止损,5.0
2025-08-19 09:30:00,2025-08-19 09:35:00,SHORT,115,25049.25,25067.5,-4427.5,18.25,-1.05,初始止损,5.0
2025-08-20 09:30:00,2025-08-20 09:35:00,SHORT,109,24752.75,24772.0,-4414.5,19.0,-1.07,初始止损,5.0
2025-08-21 09:35:00,2025-08-21 09:40:00,LONG,105,24658.25,24638.5,-4357.5,19.75,-1.05,初始止损,5.0
2025-08-22 09:30:00,2025-08-22 09:35:00,SHORT,104,24615.25,24635.0,-4316.0,19.75,-1.05,初始止损,5.0
2025-08-25 09:30:00,2025-08-25 09:35:00,SHORT,98,24851.5,24872.5,-4312.0,20.75,-1.06,初始止损,5.0
2025-08-26 09:30:00,2025-08-26 09:35:00,LONG,101,24884.25,24864.0,-4292.5,20.0,-1.06,初始止损,5.0
2025-08-27 09:40:00,2025-08-27 10:00:00,SHORT,103,24906.5,24926.25,-4274.5,19.5,-1.06,初始止损,20.0
2025-08-28 09:30:00,2025-08-28 09:35:00,LONG,105,25110.5,25091.25,-4252.5,19.0,-1.07,初始止损,5.0
2025-08-29 09:30:00,2025-08-29 15:55:00,SHORT,105,25020.0,24855.25,34387.5,19.0,8.62,收盘平仓,385.0
2025-09-01 09:30:00,2025-09-01 09:35:00,SHORT,107,24841.0,24860.75,-4440.5,19.5,-1.06,初始止损,5.0
2025-09-02 09:35:00,2025-09-02 11:05:00,LONG,112,24515.0,24515.0,-224.0,18.5,-0.05,保本止损,90.0
2025-09-03 09:30:00,2025-09-03 09:35:00,SHORT,105,24779.5,24799.5,-4410.0,19.75,-1.06,初始止损,5.0
2025-09-04 09:30:00,2025-09-04 09:35:00,LONG,105,24916.75,24897.0,-4357.5,19.75,-1.05,初始止损,5.0
2025-09-05 09:30:00,2025-09-05 09:40:00,SHORT,104,25229.25,25249.0,-4316.0,19.75,-1.05,初始止损,10.0
2025-09-08 09:30:00,2025-09-08 09:35:00,LONG,99,25201.75,25181.0,-4306.5,20.5,-1.06,初始止损,5.0
2025-09-09 09:30:00,2025-09-09 09:40:00,LONG,101,25224.5,25204.25,-4292.5,20.0,-1.06,初始止损,10.0
2025-09-10 09:30:00,2025-09-10 10:00:00,SHORT,103,25344.5,25344.5,-206.0,19.5,-0.05,保本止损,30.0
2025-09-11 09:30:00,2025-09-11 09:35:00,LONG,105,25366.75,25347.5,-4252.5,19.25,-1.05,初始止损,5.0
2025-09-12 09:30:00,2025-09-12 10:00:00,SHORT,107,25416.25,25435.0,-4226.5,18.75,-1.05,初始止损,30.0
2025-09-15 09:30:00,2025-09-15 15:55:00,LONG,109,25586.25,25696.75,23871.0,18.25,6.0,收盘平仓,385.0
2025-09-16 09:30:00,2025-09-16 15:55:00,SHORT,114,25713.75,25667.75,10260.0,18.0,2.5,收盘平仓,385.0
2025-09-17 09:30:00,2025-09-17 09:50:00,SHORT,121,25644.75,25662.0,-4416.5,17.25,-1.06,初始止损,20.0
2025-09-18 09:30:00,2025-09-18 09:35:00,LONG,117,25841.75,25824.0,-4387.5,17.75,-1.06,初始止损,5.0
2025-09-19 09:45:00,2025-09-19 10:15:00,LONG,113,25936.75,25918.5,-4350.5,18.25,-1.05,初始止损,30.0
2025-09-22 09:30:00,2025-09-22 09:35:00,LONG,114,25993.5,25975.5,-4332.0,18.0,-1.06,初始止损,5.0
2025-09-23 09:30:00,2025-09-23 15:55:00,SHORT,113,26135.75,25975.0,36103.5,18.0,8.88,收盘平仓,385.0
2025-09-24 09:30:00,2025-09-24 10:00:00,SHORT,121,25984.25,25984.25,-242.0,17.75,-0.06,保本止损,30.0
2025-09-25 09:30:00,2025-09-25 09:50:00,SHORT,119,25662.25,25662.25,-238.0,18.0,-0.06,保本止损,20.0
2025-09-26 09:45:00,2025-09-26 09:50:00,LONG,116,25843.0,25824.5,-4524.0,18.5,-1.05,初始止损,5.0
2025-09-29 09:40:00,2025-09-29 11:10:00,LONG,117,26058.0,26058.0,-234.0,18.25,-0.05,保本止损,90.0
2025-09-30 09:30:00,2025-09-30 09:35:00,SHORT,117,25906.0,25924.25,-4504.5,18.25,-1.05,初始止损,5.0
2025-10-01 09:30:00,2025-10-01 09:45:00,LONG,118,25959.5,25941.5,-4484.0,18.0,-1.06,初始止损,15.0
2025-10-02 09:30:00,2025-10-02 14:55:00,SHORT,114,26260.5,26260.5,-228.0,18.5,-0.05,保本止损,325.0
2025-10-03 09:30:00,2025-10-03 09:40:00,LONG,117,26288.75,26270.75,-4446.0,18.0,-1.06,初始止损,10.0
2025-10-06 09:30:00,2025-10-06 09:35:00,SHORT,116,26305.25,26323.25,-4408.0,18.0,-1.06,初始止损,5.0
2025-10-07 10:00:00,2025-10-07 10:05:00,SHORT,114,26363.0,26381.25,-4389.0,18.25,-1.05,初始止损,5.0
2025-10-08 09:30:00,2025-10-08 15:55:00,LONG,113,26267.0,26473.5,46443.0,18.25,11.26,收盘平仓,385.0
2025-10-09 09:30:00,2025-10-09 15:55:00,SHORT,117,26450.25,26438.0,2632.5,18.75,0.6,收盘平仓,385.0
2025-10-10 09:30:00,2025-10-10 09:50:00,LONG,121,26471.75,26471.75,-242.0,18.25,-0.05,保本止损,20.0
2025-10-13 09:30:00,2025-10-13 09:40:00,SHORT,99,25903.0,25925.5,-4653.0,22.25,-1.06,初始止损,10.0
2025-10-14 09:30:00,2025-10-14 09:55:00,SHORT,92,25705.25,25705.25,-184.0,23.75,-0.04,保本止损,25.0
2025-10-15 09:30:00,2025-10-15 09:35:00,SHORT,89,26104.5,26129.25,-4583.5,24.75,-1.04,初始止损,5.0
2025-10-16 09:40:00,2025-10-16 09:45:00,LONG,85,26235.5,26209.75,-4547.5,25.5,-1.05,初始止损,5.0
2025-10-17 09:30:00,2025-10-17 09:35:00,LONG,82,25922.5,25896.0,-4510.0,26.5,-1.04,初始止损,5.0
2025-10-20 09:30:00,2025-10-20 15:55:00,LONG,80,26329.5,26443.75,18120.0,26.75,4.23,收盘平仓,385.0
2025-10-21 09:40:00,2025-10-21 10:20:00,SHORT,82,26400.0,26427.0,-4592.0,26.75,-1.05,初始止损,40.0
2025-10-22 09:30:00,2025-10-22 09:35:00,SHORT,86,26328.0,26353.5,-4558.0,25.5,-1.04,初始止损,5.0
2025-10-23 09:30:00,2025-10-23 15:55:00,LONG,82,26175.0,26396.5,36162.0,26.5,8.32,收盘平仓,385.0
2025-10-24 09:35:00,2025-10-24 09:45:00,LONG,88,26649.75,26623.75,-4752.0,26.0,-1.04,初始止损,10.0
2025-10-27 09:55:00,2025-10-27 15:55:00,LONG,87,26992.25,27104.5,19357.5,26.0,4.28,收盘平仓,360.0
2025-10-28 09:30:00,2025-10-28 09:35:00,LONG,88,27213.75,27187.25,-4840.0,26.5,-1.04,初始止损,5.0
2025-10-29 09:30:00,2025-10-29 10:50:00,LONG,88,27421.5,27395.0,-4840.0,26.25,-1.05,初始止损,80.0
2025-10-30 09:30:00,2025-10-30 09:45:00,SHORT,89,27187.25,27187.25,-178.0,25.75,-0.04,保本止损,15.0
2025-10-31 09:30:00,2025-10-31 10:40:00,SHORT,88,27303.25,27303.25,-176.0,26.0,-0.04,保本止损,70.0
2025-11-03 09:35:00,2025-11-03 15:55:00,SHORT,88,27319.75,27253.75,11440.0,26.0,2.5,收盘平仓,380.0
2025-11-04 09:30:00,2025-11-04 09:35:00,SHORT,91,26821.25,26847.0,-4868.5,25.5,-1.05,初始止损,5.0
2025-11-05 09:30:00,2025-11-05 09:35:00,SHORT,87,26645.0,26671.75,-4828.5,26.75,-1.04,初始止损,5.0
2025-11-06 09:30:00,2025-11-06 09:45:00,SHORT,85,26789.0,26816.25,-4802.5,27.0,-1.05,初始止损,15.0
2025-11-07 09:30:00,2025-11-07 14:40:00,SHORT,82,26202.0,26202.0,-164.0,28.0,-0.04,保本止损,310.0
2025-11-10 09:30:00,2025-11-10 10:50:00,LONG,79,26714.0,26714.0,-158.0,29.0,-0.03,保本止损,80.0
2025-11-11 09:45:00,2025-11-11 09:55:00,SHORT,76,26726.5,26756.75,-4750.0,30.0,-1.04,初始止损,10.0
2025-11-12 09:30:00,2025-11-12 15:55:00,SHORT,78,26822.0,26768.75,8151.0,29.25,1.79,收盘平仓,385.0
2025-11-13 09:30:00,2025-11-13 10:05:00,SHORT,80,26578.0,26578.0,-160.0,28.75,-0.03,保本止损,35.0
2025-11-14 09:30:00,2025-11-14 09:35:00,SHORT,77,25787.0,25817.0,-4774.0,30.0,-1.03,初始止损,5.0
2025-11-17 09:30:00,2025-11-17 10:05:00,LONG,73,26238.0,26238.0,-146.0,31.25,-0.03,保本止损,35.0
2025-11-18 09:40:00,2025-11-18 09:45:00,SHORT,71,25799.25,25831.5,-4721.5,32.0,-1.04,初始止损,5.0
2025-11-19 09:35:00,2025-11-19 11:25:00,LONG,70,25821.5,25821.5,-140.0,32.5,-0.03,保本止损,110.0
2025-11-20 09:30:00,2025-11-20 09:35:00,SHORT,69,26332.75,26365.75,-4692.0,32.75,-1.04,初始止损,5.0
2025-11-21 09:35:00,2025-11-21 09:40:00,SHORT,61,25319.25,25356.5,-4666.5,36.75,-1.04,初始止损,5.0
2025-11-24 09:30:00,2025-11-24 09:40:00,LONG,59,25825.5,25787.25,-4631.5,37.75,-1.04,初始止损,10.0
2025-11-25 09:35:00,2025-11-25 10:40:00,SHORT,57,25980.0,25980.0,-114.0,38.75,-0.03,保本止损,65.0
2025-11-26 09:30:00,2025-11-26 09:35:00,LONG,57,26384.0,26344.75,-4588.5,38.75,-1.04,初始止损,5.0
2025-11-27 09:30:00,2025-11-27 12:55:00,LONG,59,26455.0,26445.25,-1269.0,37.5,-0.29,收盘平仓,205.0
2025-11-28 09:30:00,2025-11-28 09:40:00,LONG,63,26540.0,26504.75,-4567.5,35.0,-1.04,初始止损,10.0
2025-12-01 09:50:00,2025-12-01 10:25:00,LONG,65,26489.5,26455.5,-4550.0,33.75,-1.04,初始止损,35.0
2025-12-02 09:30:00,2025-12-02 11:10:00,LONG,67,26669.5,26669.5,-134.0,32.75,-0.03,保本止损,100.0
2025-12-04 09:30:00,2025-12-04 09:35:00,SHORT,70,26710.0,26741.25,-4515.0,31.0,-1.04,初始止损,5.0
2025-12-05 09:30:00,2025-12-05 09:40:00,LONG,72,26901.75,26871.5,-4500.0,30.0,-1.04,初始止损,10.0
2025-12-08 09:30:00,2025-12-08 09:40:00,LONG,74,26974.5,26945.25,-4477.0,29.0,-1.04,初始止损,10.0
2025-12-09 09:30:00,2025-12-09 09:35:00,SHORT,75,26724.0,26752.75,-4462.5,28.5,-1.04,初始止损,5.0
2025-12-10 09:30:00,2025-12-10 09:35:00,SHORT,77,26759.25,26787.0,-4427.5,27.5,-1.05,初始止损,5.0
2025-12-11 09:30:00,2025-12-11 09:35:00,SHORT,77,26717.0,26744.5,-4389.0,27.5,-1.04,初始止损,5.0
2025-12-12 09:40:00,2025-12-12 15:55:00,SHORT,76,26696.5,26353.0,52060.0,27.5,12.45,收盘平仓,375.0
2025-12-15 09:30:00,2025-12-15 09:35:00,SHORT,78,26459.0,26488.0,-4680.0,28.75,-1.04,初始止损,5.0
2025-12-16 09:35:00,2025-12-16 09:40:00,LONG,78,26192.75,26163.75,-4680.0,28.75,-1.04,初始止损,5.0
2025-12-17 09:30:00,2025-12-17 15:55:00,SHORT,79,26285.25,25777.5,80066.5,28.25,17.94,收盘平仓,385.0
2025-12-18 09:35:00,2025-12-18 09:50:00,SHORT,84,26099.25,26128.75,-5124.0,29.25,-1.04,初始止损,15.0
2025-12-19 09:30:00,2025-12-19 09:35:00,LONG,82,26338.25,26308.25,-5084.0,30.0,-1.03,初始止损,5.0
2025-12-22 09:30:00,2025-12-22 09:50:00,SHORT,82,26591.75,26621.75,-5084.0,29.75,-1.04,初始止损,20.0
2025-12-23 09:30:00,2025-12-23 09:55:00,LONG,84,26591.0,26562.0,-5040.0,28.75,-1.04,初始止损,25.0
2025-12-26 09:35:00,2025-12-26 09:50:00,LONG,92,26802.5,26776.25,-5014.0,26.25,-1.04,初始止损,15.0
2025-12-29 09:30:00,2025-12-29 09:50:00,LONG,96,26605.75,26605.75,-192.0,25.0,-0.04,保本止损,20.0
2025-12-30 09:45:00,2025-12-30 10:10:00,LONG,99,26621.75,26597.5,-4999.5,24.25,-1.04,初始止损,25.0
2025-12-31 09:30:00,2025-12-31 15:55:00,SHORT,102,26551.5,26340.5,42840.0,23.25,9.03,收盘平仓,385.0
2026-01-02 09:35:00,2026-01-02 09:40:00,SHORT,109,26537.75,26560.75,-5232.0,23.0,-1.04,初始止损,5.0
2026-01-05 09:35:00,2026-01-05 09:40:00,SHORT,103,26453.75,26478.0,-5201.5,24.25,-1.04,初始止损,5.0
2026-01-06 09:30:00,2026-01-06 09:40:00,LONG,102,26533.5,26509.0,-5202.0,24.25,-1.05,初始止损,10.0
2026-01-07 09:30:00,2026-01-07 09:35:00,LONG,104,26707.25,26683.5,-5148.0,23.75,-1.04,初始止损,5.0
2026-01-08 09:30:00,2026-01-08 09:35:00,SHORT,105,26591.25,26614.75,-5145.0,23.25,-1.05,初始止损,5.0
2026-01-09 09:30:00,2026-01-09 09:35:00,SHORT,106,26560.75,26583.75,-5088.0,23.0,-1.04,初始止损,5.0
2026-01-12 09:30:00,2026-01-12 15:55:00,LONG,103,26740.75,26837.5,19724.5,23.5,4.07,收盘平仓,385.0
2026-01-13 09:35:00,2026-01-13 09:40:00,LONG,106,26893.75,26870.25,-5194.0,23.25,-1.05,初始止损,5.0
2026-01-14 09:30:00,2026-01-14 09:35:00,LONG,108,26665.0,26642.25,-5130.0,22.75,-1.04,初始止损,5.0
2026-01-15 09:30:00,2026-01-15 09:40:00,SHORT,103,26774.0,26797.75,-5098.5,23.75,-1.04,初始止损,10.0
2026-01-16 09:40:00,2026-01-16 15:55:00,SHORT,102,26705.75,26569.75,27540.0,23.75,5.68,收盘平仓,375.0
2026-01-19 09:30:00,2026-01-19 09:50:00,SHORT,106,26151.75,26175.5,-5247.0,23.75,-1.04,初始止损,20.0
2026-01-20 09:30:00,2026-01-20 09:35:00,LONG,102,26232.25,26207.75,-5202.0,24.5,-1.04,初始止损,5.0
2026-01-21 09:50:00,2026-01-21 11:45:00,LONG,101,26174.0,26174.0,-202.0,24.5,-0.04,保本止损,115.0
2026-01-22 09:30:00,2026-01-22 09:35:00,SHORT,97,26551.75,26577.5,-5189.5,25.5,-1.05,初始止损,5.0
2026-01-23 09:40:00,2026-01-23 09:45:00,LONG,98,26499.75,26474.5,-5145.0,25.0,-1.05,初始止损,5.0
2026-01-26 09:30:00,2026-01-26 15:55:00,LONG,99,26655.25,26730.25,14652.0,24.75,2.99,收盘平仓,385.0
2026-01-27 09:30:00,2026-01-27 09:45:00,SHORT,103,26847.0,26871.25,-5201.5,24.25,-1.04,初始止损,15.0
2026-01-28 09:40:00,2026-01-28 09:45:00,LONG,103,27170.25,27146.0,-5201.5,24.0,-1.05,初始止损,5.0
2026-01-29 09:30:00,2026-01-29 15:55:00,SHORT,105,26982.5,26876.75,21997.5,23.5,4.46,收盘平仓,385.0
2026-01-30 09:30:00,2026-01-30 09:35:00,LONG,100,26775.25,26750.0,-5250.0,25.25,-1.04,初始止损,5.0
2026-02-02 09:30:00,2026-02-02 15:55:00,LONG,97,26522.75,26741.75,42292.0,25.75,8.47,收盘平仓,385.0
2026-02-03 09:30:00,2026-02-03 15:55:00,SHORT,101,26760.5,26330.75,86607.5,26.0,16.49,收盘平仓,385.0
2026-02-04 09:30:00,2026-02-04 09:35:00,SHORT,103,26172.25,26200.5,-6025.5,28.0,-1.04,初始止损,5.0
2026-02-05 09:35:00,2026-02-05 09:40:00,LONG,97,25786.5,25756.75,-5965.5,29.75,-1.03,初始止损,5.0
2026-02-06 09:30:00,2026-02-06 09:35:00,LONG,95,25742.0,25711.75,-5937.5,30.0,-1.04,初始止损,5.0
2026-02-09 09:35:00,2026-02-09 09:50:00,LONG,92,26011.0,25980.0,-5888.0,31.0,-1.03,初始止损,15.0
2026-02-10 09:30:00,2026-02-10 09:50:00,SHORT,90,26247.5,26247.5,-180.0,31.25,-0.03,保本止损,20.0
2026-02-11 09:30:00,2026-02-11 09:35:00,SHORT,93,26270.5,26301.0,-5859.0,30.25,-1.04,初始止损,5.0
2026-02-12 09:40:00,2026-02-12 15:55:00,SHORT,92,26193.5,25648.75,100050.0,30.5,17.83,收盘平仓,375.0
2026-02-13 09:35:00,2026-02-13 09:40:00,SHORT,98,25557.0,25588.75,-6419.0,31.75,-1.03,初始止损,5.0
2026-02-16 09:35:00,2026-02-16 09:55:00,SHORT,97,25616.25,25648.25,-6402.0,31.75,-1.04,初始止损,20.0
2026-02-17 09:30:00,2026-02-17 09:40:00,LONG,101,25643.5,25613.0,-6363.0,30.25,-1.04,初始止损,10.0
2026-02-18 09:30:00,2026-02-18 09:35:00,SHORT,100,25653.0,25683.5,-6300.0,30.5,-1.03,初始止损,5.0
2026-02-19 09:35:00,2026-02-19 09:40:00,SHORT,100,25700.25,25730.75,-6300.0,30.25,-1.04,初始止损,5.0
2026-02-20 09:30:00,2026-02-20 15:55:00,LONG,103,25690.5,25960.0,55311.0,29.25,9.18,收盘平仓,385.0
2026-02-23 09:30:00,2026-02-23 09:35:00,LONG,108,25890.25,25860.75,-6588.0,29.5,-1.03,初始止损,5.0
2026-02-24 09:30:00,2026-02-24 09:35:00,SHORT,106,25624.25,25654.25,-6572.0,29.75,-1.04,初始止损,5.0
2026-02-25 09:30:00,2026-02-25 15:55:00,LONG,106,26108.25,26269.75,34026.0,29.5,5.44,收盘平仓,385.0
2026-02-26 09:30:00,2026-02-26 15:55:00,SHORT,110,26157.0,25968.5,41250.0,29.5,6.36,收盘平仓,385.0
2026-02-27 09:30:00,2026-02-27 09:35:00,LONG,111,25765.75,25735.25,-6993.0,30.25,-1.04,初始止损,5.0
2026-03-02 09:30:00,2026-03-02 09:35:00,LONG,113,25718.0,25688.25,-6949.5,29.5,-1.04,初始止损,5.0
2026-03-03 09:35:00,2026-03-03 09:40:00,LONG,110,25479.0,25448.75,-6875.0,30.25,-1.03,初始止损,5.0
2026-03-04 09:30:00,2026-03-04 09:35:00,LONG,105,25849.75,25818.25,-6825.0,31.5,-1.03,初始止损,5.0
2026-03-05 09:30:00,2026-03-05 09:40:00,LONG,103,25979.0,25947.0,-6798.0,31.75,-1.04,初始止损,10.0
2026-03-06 09:30:00,2026-03-06 09:35:00,LONG,103,25591.0,25559.25,-6746.5,31.75,-1.03,初始止损,5.0
2026-03-09 09:30:00,2026-03-09 09:35:00,LONG,101,25362.5,25330.25,-6716.5,32.0,-1.04,初始止损,5.0
2026-03-10 09:30:00,2026-03-10 09:40:00,LONG,95,25910.25,25876.25,-6650.0,33.75,-1.04,初始止损,10.0
2026-03-11 09:30:00,2026-03-11 09:45:00,LONG,97,25961.75,25928.75,-6596.0,33.0,-1.03,初始止损,15.0
2026-03-12 09:45:00,2026-03-12 10:00:00,SHORT,98,25621.75,25621.75,-196.0,32.25,-0.03,保本止损,15.0
2026-03-13 09:40:00,2026-03-13 09:50:00,LONG,98,25655.0,25622.5,-6566.0,32.25,-1.04,初始止损,10.0
2026-03-16 09:30:00,2026-03-16 10:35:00,LONG,97,25556.75,25524.0,-6547.5,32.5,-1.04,初始止损,65.0
2026-03-17 09:30:00,2026-03-17 10:15:00,LONG,97,25707.75,25675.25,-6499.0,32.25,-1.04,初始止损,45.0
2026-03-18 09:30:00,2026-03-18 10:10:00,LONG,100,25595.75,25564.5,-6450.0,31.25,-1.03,初始止损,40.0
2026-03-19 09:30:00,2026-03-19 09:35:00,SHORT,100,25008.5,25039.75,-6450.0,31.0,-1.04,初始止损,5.0
2026-03-20 09:30:00,2026-03-20 09:40:00,SHORT,100,25051.75,25082.75,-6400.0,30.75,-1.04,初始止损,10.0
2026-03-23 09:30:00,2026-03-23 09:35:00,SHORT,96,25128.5,25160.5,-6336.0,31.75,-1.04,初始止损,5.0
2026-03-24 09:30:00,2026-03-24 09:35:00,LONG,94,24955.5,24923.0,-6298.0,32.5,-1.03,初始止损,5.0
2026-03-25 09:45:00,2026-03-25 10:10:00,SHORT,95,25069.5,25101.5,-6270.0,31.75,-1.04,初始止损,25.0
2026-03-26 09:35:00,2026-03-26 09:40:00,SHORT,97,24719.75,24750.75,-6208.0,31.0,-1.03,初始止损,5.0
2026-03-27 09:30:00,2026-03-27 09:35:00,SHORT,93,24215.25,24247.5,-6184.5,32.0,-1.04,初始止损,5.0
2026-03-30 09:30:00,2026-03-30 15:55:00,SHORT,91,24115.0,23786.75,59559.5,32.5,10.07,收盘平仓,385.0
2026-03-31 09:30:00,2026-03-31 09:35:00,LONG,95,24109.25,24076.0,-6507.5,33.0,-1.04,初始止损,5.0
2026-04-01 09:30:00,2026-04-01 09:40:00,LONG,89,24808.75,24773.5,-6452.5,35.0,-1.04,初始止损,10.0
2026-04-02 09:30:00,2026-04-02 09:35:00,LONG,89,24440.25,24405.25,-6408.0,35.0,-1.03,初始止损,5.0
2026-04-06 09:30:00,2026-04-06 09:35:00,LONG,87,25006.0,24970.25,-6394.5,35.5,-1.04,初始止损,5.0
2026-04-07 09:45:00,2026-04-07 09:50:00,SHORT,89,24817.75,24852.5,-6363.5,34.5,-1.04,初始止损,5.0
2026-04-08 09:30:00,2026-04-08 15:55:00,SHORT,89,25814.75,25731.25,14685.0,34.25,2.41,收盘平仓,385.0
2026-04-09 09:40:00,2026-04-09 09:45:00,LONG,85,25751.25,25714.75,-6375.0,36.5,-1.03,初始止损,5.0
2026-04-10 09:30:00,2026-04-10 09:40:00,LONG,86,25987.25,25951.25,-6364.0,35.5,-1.04,初始止损,10.0
2026-04-13 09:30:00,2026-04-13 09:35:00,LONG,90,25872.25,25838.25,-6300.0,34.0,-1.03,初始止损,5.0
2026-04-14 09:30:00,2026-04-14 15:55:00,LONG,90,26369.75,26652.0,50625.0,33.75,8.33,收盘平仓,385.0
2026-04-15 09:35:00,2026-04-15 09:40:00,LONG,94,26702.75,26668.75,-6580.0,33.75,-1.04,初始止损,5.0
2026-04-16 09:30:00,2026-04-16 10:45:00,SHORT,94,27045.25,27045.25,-188.0,33.5,-0.03,保本止损,75.0
2026-04-17 09:30:00,2026-04-17 09:35:00,SHORT,97,27323.25,27356.0,-6547.5,32.5,-1.04,初始止损,5.0
2026-04-20 09:30:00,2026-04-20 09:35:00,LONG,97,27463.5,27431.0,-6499.0,32.5,-1.03,初始止损,5.0
2026-04-21 09:30:00,2026-04-21 09:50:00,SHORT,99,27410.25,27442.0,-6484.5,31.5,-1.04,初始止损,20.0
2026-04-22 10:05:00,2026-04-22 15:55:00,LONG,100,27540.5,27731.25,37950.0,31.0,6.12,收盘平仓,350.0
2026-04-23 09:35:00,2026-04-23 09:55:00,LONG,103,27697.25,27665.75,-6695.0,31.25,-1.04,初始止损,20.0
2026-04-24 09:50:00,2026-04-24 10:00:00,SHORT,102,27824.5,27856.0,-6630.0,31.5,-1.03,初始止损,10.0
2026-04-27 09:30:00,2026-04-27 09:35:00,SHORT,99,28020.25,28052.5,-6583.5,32.25,-1.03,初始止损,5.0
2026-04-28 09:40:00,2026-04-28 09:50:00,LONG,103,27864.25,27833.5,-6540.5,30.75,-1.03,初始止损,10.0
2026-04-29 09:30:00,2026-04-29 09:35:00,SHORT,102,27798.25,27829.25,-6528.0,30.75,-1.04,初始止损,5.0
2026-04-30 09:30:00,2026-04-30 10:50:00,SHORT,105,27996.5,27996.5,-210.0,29.75,-0.03,保本止损,80.0
2026-05-01 09:30:00,2026-05-01 15:55:00,LONG,104,28387.5,28488.5,20800.0,30.0,3.33,收盘平仓,385.0
2026-05-04 09:55:00,2026-05-04 10:05:00,LONG,107,28547.25,28517.25,-6634.0,29.75,-1.04,初始止损,10.0
2026-05-05 09:30:00,2026-05-05 15:55:00,LONG,107,28676.5,28787.0,23433.0,29.5,3.71,收盘平仓,385.0
2026-05-06 09:40:00,2026-05-06 09:50:00,LONG,110,29133.0,29103.5,-6710.0,29.5,-1.03,初始止损,10.0
2026-05-07 09:35:00,2026-05-07 09:40:00,LONG,105,29424.5,29393.75,-6667.5,30.5,-1.04,初始止损,5.0
2026-05-08 09:30:00,2026-05-08 15:55:00,LONG,105,29614.75,29991.0,78802.5,30.5,12.3,收盘平仓,385.0
2026-05-11 09:30:00,2026-05-11 09:35:00,LONG,108,30078.0,30046.0,-7128.0,31.75,-1.04,初始止损,5.0
2026-05-12 09:40:00,2026-05-12 09:45:00,LONG,111,29936.0,29905.25,-7048.5,30.75,-1.03,初始止损,5.0
2026-05-13 09:35:00,2026-05-13 09:40:00,SHORT,105,29855.5,29888.0,-7035.0,32.25,-1.04,初始止损,5.0
2026-05-14 09:30:00,2026-05-14 09:55:00,LONG,104,30201.25,30201.25,-208.0,32.5,-0.03,保本止损,25.0
2026-05-15 09:55:00,2026-05-15 10:00:00,SHORT,105,29794.5,29826.75,-6982.5,32.0,-1.04,初始止损,5.0
2026-05-18 09:30:00,2026-05-18 09:55:00,SHORT,101,29939.5,29939.5,-202.0,33.0,-0.03,保本止损,25.0
2026-05-19 09:30:00,2026-05-19 09:40:00,LONG,100,29609.0,29609.0,-200.0,33.5,-0.03,保本止损,10.0
2026-05-20 09:30:00,2026-05-20 09:35:00,LONG,100,29786.75,29753.25,-6900.0,33.5,-1.03,初始止损,5.0
2026-05-21 09:30:00,2026-05-21 09:35:00,LONG,98,29915.75,29881.75,-6860.0,33.75,-1.04,初始止损,5.0
2026-05-22 09:30:00,2026-05-22 09:40:00,LONG,99,30300.25,30266.75,-6831.0,33.5,-1.03,初始止损,10.0
2026-05-25 09:35:00,2026-05-25 10:30:00,LONG,100,30623.25,30590.25,-6800.0,32.75,-1.04,初始止损,55.0
2026-05-26 09:30:00,2026-05-26 09:40:00,SHORT,100,30504.0,30536.75,-6750.0,32.75,-1.03,初始止损,10.0
2026-05-27 09:30:00,2026-05-27 15:55:00,SHORT,101,30792.0,30698.5,18685.0,32.0,2.89,收盘平仓,385.0
2026-05-28 09:30:00,2026-05-28 10:05:00,SHORT,105,30662.0,30693.5,-6825.0,31.5,-1.03,初始止损,35.0
2026-05-29 09:35:00,2026-05-29 10:15:00,LONG,104,31080.5,31080.5,-208.0,31.5,-0.03,保本止损,40.0
2026-06-02 09:30:00,2026-06-02 09:45:00,SHORT,107,31128.0,31158.75,-6794.5,30.5,-1.04,初始止损,15.0
2026-06-03 09:40:00,2026-06-03 09:50:00,SHORT,109,31275.0,31275.0,-218.0,30.0,-0.03,保本止损,10.0
2026-06-04 09:30:00,2026-06-04 09:35:00,LONG,110,30994.75,30965.0,-6765.0,29.5,-1.04,初始止损,5.0
2026-06-05 09:35:00,2026-06-05 15:55:00,SHORT,108,30655.0,29667.0,213192.0,30.0,32.9,收盘平仓,380.0
2026-06-08 09:30:00,2026-06-08 09:35:00,SHORT,108,30068.75,30104.75,-7992.0,36.0,-1.03,初始止损,5.0
2026-06-09 09:30:00,2026-06-09 09:35:00,SHORT,103,30301.0,30338.5,-7931.0,37.25,-1.03,初始止损,5.0
2026-06-10 09:30:00,2026-06-10 09:35:00,SHORT,88,29431.5,29475.25,-7876.0,43.25,-1.03,初始止损,5.0
2026-06-11 09:30:00,2026-06-11 09:35:00,SHORT,86,29337.75,29382.25,-7826.0,44.25,-1.03,初始止损,5.0
2026-06-12 09:30:00,2026-06-12 09:35:00,SHORT,81,29990.25,30037.0,-7735.5,46.5,-1.03,初始止损,5.0
2026-06-15 09:30:00,2026-06-15 15:55:00,LONG,82,30659.25,30872.75,34850.0,46.0,4.62,收盘平仓,385.0
2026-06-16 09:35:00,2026-06-16 09:40:00,SHORT,84,30781.5,30827.75,-7938.0,46.0,-1.03,初始止损,5.0
2026-06-17 09:30:00,2026-06-17 09:40:00,SHORT,83,30441.25,30487.75,-7885.0,46.0,-1.03,初始止损,10.0
2026-06-18 09:35:00,2026-06-18 09:45:00,SHORT,83,30451.0,30497.25,-7843.5,46.0,-1.03,初始止损,10.0
2026-06-19 09:45:00,2026-06-19 12:55:00,LONG,80,30670.5,30647.0,-3920.0,47.0,-0.52,收盘平仓,190.0
2026-06-22 09:30:00,2026-06-22 09:35:00,SHORT,86,30783.75,30827.75,-7740.0,44.0,-1.02,初始止损,5.0
2026-06-23 09:30:00,2026-06-23 09:35:00,LONG,87,29768.25,29725.0,-7699.5,43.25,-1.02,初始止损,5.0
2026-06-24 09:30:00,2026-06-24 09:35:00,LONG,81,29808.25,29762.0,-7654.5,46.0,-1.03,初始止损,5.0
2026-06-25 09:30:00,2026-06-25 15:55:00,SHORT,80,30057.75,29749.5,49160.0,46.25,6.64,收盘平仓,385.0
2026-06-26 09:55:00,2026-06-26 11:10:00,LONG,81,29440.5,29440.5,-162.0,47.75,-0.02,保本止损,75.0
2026-06-29 09:30:00,2026-06-29 09:35:00,LONG,81,29760.25,29712.5,-7897.5,47.25,-1.03,初始止损,5.0
2026-06-30 09:30:00,2026-06-30 15:55:00,LONG,79,30179.0,30513.5,52693.0,48.25,6.91,收盘平仓,385.0
2026-07-01 09:30:00,2026-07-01 09:40:00,SHORT,83,30117.5,30165.75,-8175.5,47.75,-1.03,初始止损,10.0
2026-07-02 09:35:00,2026-07-02 09:40:00,SHORT,85,30054.75,30101.5,-8117.5,46.75,-1.02,初始止损,5.0
2026-07-03 09:30:00,2026-07-03 12:55:00,LONG,81,29930.0,29901.75,-4738.5,48.75,-0.6,收盘平仓,205.0
2026-07-06 09:45:00,2026-07-06 10:00:00,LONG,83,29952.0,29904.5,-8051.0,47.5,-1.02,初始止损,15.0
2026-07-07 09:30:00,2026-07-07 09:40:00,SHORT,85,29532.5,29578.5,-7990.0,45.75,-1.03,初始止损,10.0
2026-07-08 09:30:00,2026-07-08 09:35:00,LONG,83,29303.5,29256.5,-7968.0,46.5,-1.03,初始止损,5.0
2026-07-09 09:30:00,2026-07-09 10:15:00,LONG,85,29778.75,29778.75,-170.0,45.5,-0.02,保本止损,45.0
2026-07-10 09:30:00,2026-07-10 09:35:00,LONG,85,29902.75,29857.25,-7905.0,45.25,-1.03,初始止损,5.0
2026-07-13 09:30:00,2026-07-13 10:20:00,SHORT,86,29644.75,29644.75,-172.0,44.25,-0.02,保本止损,50.0
2026-07-14 09:30:00,2026-07-14 09:35:00,SHORT,86,29694.5,29739.25,-7869.0,44.5,-1.03,初始止损,5.0
2026-07-15 09:35:00,2026-07-15 15:55:00,SHORT,87,29882.25,29701.0,31363.5,43.5,4.14,收盘平仓,380.0
2026-07-16 09:35:00,2026-07-16 09:40:00,SHORT,90,29384.75,29428.25,-8010.0,43.5,-1.02,初始止损,5.0
2026-07-17 09:30:00,2026-07-17 09:50:00,SHORT,88,28553.25,28553.25,-176.0,43.75,-0.02,保本止损,20.0
2026-07-20 09:30:00,2026-07-20 09:50:00,LONG,86,29136.5,29091.25,-7955.0,45.0,-1.03,初始止损,20.0
2026-07-21 09:30:00,2026-07-21 09:35:00,SHORT,87,29147.25,29191.75,-7917.0,44.0,-1.03,初始止损,5.0
2026-07-22 09:30:00,2026-07-22 15:55:00,LONG,87,29151.0,29160.5,1479.0,44.0,0.19,收盘平仓,385.0
2026-07-23 09:40:00,2026-07-23 09:45:00,LONG,91,28857.0,28814.75,-7871.5,42.25,-1.02,初始止损,5.0
2026-07-24 09:35:00,2026-07-24 11:15:00,SHORT,88,28528.25,28528.25,-176.0,43.0,-0.02,保本止损,100.0
2026-07-27 09:30:00,2026-07-27 09:35:00,SHORT,90,28536.5,28579.0,-7830.0,42.25,-1.03,初始止损,5.0
2026-07-28 09:30:00,2026-07-28 09:35:00,SHORT,88,27877.0,27920.25,-7788.0,43.0,-1.03,初始止损,5.0
2026-07-29 09:30:00,2026-07-29 09:35:00,LONG,87,27957.25,27913.75,-7743.0,43.0,-1.03,初始止损,5.0
2026-07-30 09:35:00,2026-07-30 15:55:00,LONG,85,27889.25,28229.0,57587.5,44.0,7.7,收盘平仓,380.0
2026-07-31 09:30:00,2026-07-31 09:35:00,LONG,85,28682.25,28636.0,-8032.5,46.0,-1.03,初始止损,5.0
2026-08-03 09:30:00,2026-08-03 09:35:00,SHORT,84,28380.75,28427.25,-7980.0,46.25,-1.03,初始止损,5.0
2026-08-04 09:30:00,2026-08-04 15:55:00,LONG,83,29382.75,29877.75,82004.0,46.5,10.62,收盘平仓,385.0
2026-08-05 09:30:00,2026-08-05 09:35:00,LONG,84,30013.0,29964.0,-8400.0,48.75,-1.03,初始止损,5.0
2026-08-06 09:40:00,2026-08-06 12:15:00,LONG,85,29458.75,29458.75,-170.0,48.0,-0.02,保本止损,155.0
2026-08-07 09:55:00,2026-08-07 10:20:00,SHORT,87,29677.25,29724.5,-8395.5,46.75,-1.03,初始止损,25.0
2026-08-10 09:30:00,2026-08-10 09:35:00,SHORT,89,29740.75,29786.5,-8321.5,45.5,-1.03,初始止损,5.0
2026-08-11 09:30:00,2026-08-11 10:05:00,SHORT,93,29737.5,29781.0,-8277.0,43.25,-1.03,初始止损,35.0
2026-08-12 09:30:00,2026-08-12 09:35:00,SHORT,96,29878.5,29920.5,-8256.0,41.75,-1.03,初始止损,5.0
2026-08-13 09:30:00,2026-08-13 15:55:00,LONG,98,29945.5,30194.75,48657.0,40.75,6.09,收盘平仓,385.0
2026-08-14 09:30:00,2026-08-14 09:40:00,SHORT,103,30206.25,30246.5,-8497.5,40.0,-1.03,初始止损,10.0
2026-08-17 09:30:00,2026-08-17 09:35:00,SHORT,107,30196.5,30235.0,-8453.0,38.5,-1.03,初始止损,5.0
2026-08-18 09:35:00,2026-08-18 09:40:00,LONG,110,29734.25,29697.0,-8415.0,37.0,-1.03,初始止损,5.0
2026-08-19 09:30:00,2026-08-19 15:55:00,SHORT,108,29673.0,29522.0,32400.0,37.5,4.0,收盘平仓,385.0
2026-08-20 09:30:00,2026-08-20 09:45:00,LONG,113,29403.25,29366.25,-8588.0,36.75,-1.03,初始止损,15.0
2026-08-21 09:30:00,2026-08-21 11:00:00,SHORT,115,29362.25,29362.25,-230.0,35.75,-0.03,保本止损,90.0
2026-08-24 09:30:00,2026-08-24 11:25:00,SHORT,119,29112.75,29112.75,-238.0,34.75,-0.03,保本止损,115.0
2026-08-25 09:30:00,2026-08-25 09:35:00,LONG,120,29375.25,29340.75,-8520.0,34.5,-1.03,初始止损,5.0
2026-08-26 09:30:00,2026-08-26 09:35:00,LONG,121,29256.0,29222.0,-8470.0,33.75,-1.04,初始止损,5.0
2026-08-27 09:30:00,2026-08-27 09:40:00,SHORT,125,29463.5,29496.25,-8437.5,32.5,-1.04,初始止损,10.0
2026-08-28 09:30:00,2026-08-28 09:35:00,SHORT,125,29605.75,29638.25,-8375.0,32.5,-1.03,初始止损,5.0
