entry_time_et,exit_time_et,side,qty,entry_price,exit_price,pnl_usd,stop_dist_pt,r_multiple,exit_reason,duration_min
2019-01-02 09:30:00,2019-01-02 15:55:00,LONG,5,10005.25,10142.75,1365.0,14.75,9.25,收盘平仓,385.0
2019-01-03 09:30:00,2019-01-03 09:35:00,LONG,6,10063.0,10047.5,-198.0,14.75,-1.12,初始止损,5.0
2019-01-04 09:35:00,2019-01-04 15:55:00,LONG,6,10041.0,10205.0,1956.0,15.0,10.87,收盘平仓,380.0
2019-01-07 09:30:00,2019-01-07 09:35:00,LONG,6,10216.25,10199.75,-210.0,15.5,-1.13,初始止损,5.0
2019-01-08 09:30:00,2019-01-08 09:45:00,LONG,6,10351.75,10335.5,-207.0,15.0,-1.15,初始止损,15.0
2019-01-09 09:35:00,2019-01-09 09:45:00,LONG,6,10370.5,10354.25,-207.0,14.5,-1.19,初始止损,10.0
2019-01-10 09:30:00,2019-01-10 10:20:00,SHORT,6,10320.0,10336.0,-204.0,14.0,-1.21,初始止损,50.0
2019-01-11 09:35:00,2019-01-11 10:00:00,SHORT,7,10353.75,10367.5,-206.5,13.5,-1.09,初始止损,25.0
2019-01-14 09:30:00,2019-01-14 09:40:00,SHORT,7,10297.5,10311.0,-203.0,13.0,-1.12,初始止损,10.0
2019-01-15 09:30:00,2019-01-15 15:55:00,LONG,7,10366.5,10451.25,1172.5,12.5,6.7,收盘平仓,385.0
2019-01-16 09:30:00,2019-01-16 10:35:00,LONG,8,10474.5,10462.25,-212.0,12.25,-1.08,初始止损,65.0
2019-01-17 09:40:00,2019-01-17 15:55:00,LONG,8,10437.25,10499.75,984.0,11.75,5.23,收盘平仓,375.0
2019-01-18 09:40:00,2019-01-18 10:15:00,SHORT,8,10522.25,10534.75,-216.0,11.5,-1.17,初始止损,35.0
2019-01-21 09:30:00,2019-01-21 12:55:00,SHORT,8,10523.0,10535.5,-216.0,11.25,-1.2,初始止损,205.0
2019-01-22 09:45:00,2019-01-22 15:55:00,SHORT,9,10494.25,10435.25,1044.0,10.75,5.4,收盘平仓,370.0
2019-01-23 09:30:00,2019-01-23 10:15:00,LONG,9,10472.0,10460.5,-225.0,10.75,-1.16,初始止损,45.0
2019-01-24 09:45:00,2019-01-24 09:55:00,LONG,9,10468.75,10457.5,-220.5,10.75,-1.14,初始止损,10.0
2019-01-25 09:30:00,2019-01-25 09:45:00,SHORT,9,10514.5,10525.75,-220.5,10.25,-1.2,初始止损,15.0
2019-01-28 09:30:00,2019-01-28 10:20:00,SHORT,10,10448.5,10458.5,-220.0,10.0,-1.1,初始止损,50.0
2019-01-29 09:35:00,2019-01-29 09:45:00,SHORT,9,10456.0,10467.0,-216.0,10.25,-1.17,初始止损,10.0
2019-01-30 09:30:00,2019-01-30 09:55:00,LONG,9,10493.75,10482.75,-216.0,10.0,-1.2,初始止损,25.0
2019-01-31 09:45:00,2019-01-31 15:55:00,LONG,9,10630.25,10679.75,873.0,10.25,4.73,收盘平仓,370.0
2019-02-01 09:35:00,2019-02-01 09:45:00,LONG,9,10671.5,10660.25,-220.5,10.25,-1.2,初始止损,10.0
2019-02-04 09:30:00,2019-02-04 09:35:00,LONG,10,10659.25,10649.25,-220.0,9.75,-1.13,初始止损,5.0
2019-02-05 09:30:00,2019-02-05 12:55:00,LONG,10,10764.5,10754.5,-220.0,9.5,-1.16,初始止损,205.0
2019-02-06 09:30:00,2019-02-06 09:35:00,LONG,10,10802.75,10792.75,-220.0,9.25,-1.19,初始止损,5.0
2019-02-07 09:30:00,2019-02-07 10:20:00,SHORT,10,10702.0,10711.75,-215.0,9.0,-1.19,初始止损,50.0
2019-02-08 09:30:00,2019-02-08 09:45:00,LONG,10,10637.5,10627.75,-215.0,9.25,-1.16,初始止损,15.0
2019-02-11 09:30:00,2019-02-11 09:35:00,LONG,10,10725.75,10716.0,-215.0,9.0,-1.19,初始止损,5.0
2019-02-12 09:40:00,2019-02-12 15:55:00,LONG,10,10751.0,10788.25,725.0,8.75,4.14,收盘平仓,375.0
2019-02-13 09:30:00,2019-02-13 09:55:00,LONG,11,10828.0,10819.0,-220.0,8.5,-1.18,初始止损,25.0
2019-02-14 09:55:00,2019-02-14 10:00:00,LONG,11,10778.25,10769.25,-220.0,8.25,-1.21,初始止损,5.0
2019-02-15 09:50:00,2019-02-15 10:00:00,SHORT,11,10810.75,10819.5,-214.5,8.25,-1.18,初始止损,10.0
2019-02-18 09:45:00,2019-02-18 12:55:00,LONG,12,10839.0,10850.25,246.0,8.0,1.28,收盘平仓,190.0
2019-02-19 09:30:00,2019-02-19 15:55:00,LONG,12,10824.5,10841.75,390.0,7.5,2.17,收盘平仓,385.0
2019-02-20 09:40:00,2019-02-20 12:05:00,LONG,13,10854.25,10846.75,-221.0,7.25,-1.17,初始止损,145.0
2019-02-21 09:40:00,2019-02-21 11:10:00,SHORT,13,10805.0,10812.5,-221.0,7.0,-1.21,初始止损,90.0
2019-02-22 09:50:00,2019-02-22 14:40:00,LONG,13,10838.5,10831.0,-221.0,7.0,-1.21,初始止损,290.0
2019-02-25 09:30:00,2019-02-25 09:55:00,LONG,14,10925.75,10918.75,-224.0,6.75,-1.19,初始止损,25.0
2019-02-26 09:35:00,2019-02-26 15:55:00,LONG,14,10876.5,10898.0,574.0,6.75,3.04,收盘平仓,380.0
2019-02-27 09:30:00,2019-02-27 09:50:00,LONG,15,10876.5,10870.0,-225.0,6.5,-1.15,初始止损,20.0
2019-02-28 09:30:00,2019-02-28 10:00:00,LONG,14,10874.5,10867.5,-224.0,6.5,-1.23,初始止损,30.0
2019-03-04 09:30:00,2019-03-04 09:50:00,LONG,15,10971.25,10964.75,-225.0,6.25,-1.2,初始止损,20.0
2019-03-05 09:30:00,2019-03-05 09:35:00,SHORT,14,10916.25,10923.0,-217.0,6.5,-1.19,初始止损,5.0
2019-03-06 09:30:00,2019-03-06 15:55:00,SHORT,15,10929.75,10887.0,1252.5,6.25,6.68,收盘平仓,385.0
2019-03-07 09:30:00,2019-03-07 15:55:00,SHORT,15,10860.75,10800.0,1792.5,6.25,9.56,收盘平仓,385.0
2019-03-08 09:35:00,2019-03-08 09:40:00,LONG,16,10730.5,10724.0,-240.0,6.25,-1.2,初始止损,5.0
2019-03-11 09:30:00,2019-03-11 15:55:00,LONG,16,10836.75,10936.25,3152.0,6.25,15.76,收盘平仓,385.0
2019-03-12 09:30:00,2019-03-12 09:35:00,SHORT,17,10942.75,10949.5,-263.5,6.75,-1.15,初始止损,5.0
2019-03-13 09:50:00,2019-03-13 10:00:00,LONG,17,11023.5,11016.75,-263.5,6.5,-1.19,初始止损,10.0
2019-03-14 09:30:00,2019-03-14 09:50:00,SHORT,17,11025.75,11032.5,-263.5,6.5,-1.19,初始止损,20.0
2019-03-15 09:40:00,2019-03-15 10:10:00,LONG,17,11059.5,11053.0,-255.0,6.25,-1.2,初始止损,30.0
2019-03-18 09:30:00,2019-03-18 09:35:00,LONG,17,11093.5,11087.0,-255.0,6.25,-1.2,初始止损,5.0
2019-03-19 09:40:00,2019-03-19 09:50:00,SHORT,17,11126.5,11133.0,-255.0,6.25,-1.2,初始止损,10.0
2019-03-20 09:35:00,2019-03-20 09:40:00,SHORT,18,11106.75,11112.75,-252.0,6.0,-1.17,初始止损,5.0
2019-03-21 09:30:00,2019-03-21 15:55:00,LONG,17,11146.0,11270.5,4199.0,6.25,19.76,收盘平仓,385.0
2019-03-22 09:30:00,2019-03-22 09:40:00,LONG,19,11249.0,11242.5,-285.0,6.5,-1.15,初始止损,10.0
2019-03-25 09:35:00,2019-03-25 09:40:00,LONG,17,11112.25,11105.0,-280.5,7.0,-1.18,初始止损,5.0
2019-03-26 09:30:00,2019-03-26 10:30:00,LONG,17,11150.75,11150.75,-34.0,7.0,-0.14,保本止损,60.0
2019-03-27 09:30:00,2019-03-27 09:35:00,LONG,17,11136.5,11129.25,-280.5,7.0,-1.18,初始止损,5.0
2019-03-28 09:55:00,2019-03-28 10:50:00,LONG,16,11097.0,11089.5,-272.0,7.25,-1.17,初始止损,55.0
2019-03-29 09:40:00,2019-03-29 10:10:00,SHORT,17,11130.5,11137.5,-272.0,7.0,-1.14,初始止损,30.0
2019-04-01 09:30:00,2019-04-01 09:35:00,LONG,16,11220.0,11212.5,-272.0,7.0,-1.21,初始止损,5.0
2019-04-02 09:50:00,2019-04-02 10:15:00,SHORT,16,11241.75,11249.0,-264.0,7.0,-1.18,初始止损,25.0
2019-04-03 09:30:00,2019-04-03 09:40:00,SHORT,17,11303.25,11310.0,-263.5,6.75,-1.15,初始止损,10.0
2019-04-04 09:30:00,2019-04-04 10:15:00,LONG,17,11320.25,11313.5,-263.5,6.75,-1.15,初始止损,45.0
2019-04-05 09:50:00,2019-04-05 15:55:00,LONG,17,11337.5,11347.75,314.5,6.75,1.37,收盘平仓,365.0
2019-04-08 09:30:00,2019-04-08 10:15:00,SHORT,17,11321.75,11328.5,-263.5,6.5,-1.19,初始止损,45.0
2019-04-09 09:30:00,2019-04-09 09:35:00,SHORT,18,11335.75,11342.25,-270.0,6.25,-1.2,初始止损,5.0
2019-04-10 09:35:00,2019-04-10 09:40:00,SHORT,19,11343.25,11349.25,-266.0,6.0,-1.17,初始止损,5.0
2019-04-11 09:35:00,2019-04-11 09:40:00,SHORT,18,11371.75,11378.0,-261.0,6.0,-1.21,初始止损,5.0
2019-04-12 09:30:00,2019-04-12 09:40:00,SHORT,19,11386.75,11392.75,-266.0,5.75,-1.22,初始止损,10.0
2019-04-15 09:30:00,2019-04-15 09:40:00,LONG,20,11399.25,11393.75,-260.0,5.5,-1.18,初始止损,10.0
2019-04-16 09:30:00,2019-04-16 09:40:00,SHORT,20,11415.0,11420.5,-260.0,5.5,-1.18,初始止损,10.0
2019-04-17 09:40:00,2019-04-17 09:50:00,SHORT,20,11461.5,11467.0,-260.0,5.25,-1.24,初始止损,10.0
2019-04-18 09:50:00,2019-04-18 11:05:00,SHORT,20,11437.5,11437.5,-40.0,5.25,-0.19,保本止损,75.0
2019-04-22 09:35:00,2019-04-22 15:55:00,LONG,21,11429.0,11476.75,1963.5,5.0,9.35,收盘平仓,380.0
2019-04-23 09:35:00,2019-04-23 15:55:00,LONG,23,11501.75,11572.5,3208.5,5.0,13.95,收盘平仓,380.0
2019-04-24 09:40:00,2019-04-24 10:05:00,SHORT,24,11567.75,11573.0,-300.0,5.25,-1.19,初始止损,25.0
2019-04-25 09:30:00,2019-04-25 09:45:00,SHORT,23,11590.25,11595.75,-299.0,5.25,-1.24,初始止损,15.0
2019-04-26 09:30:00,2019-04-26 09:35:00,SHORT,23,11548.25,11553.75,-299.0,5.25,-1.24,初始止损,5.0
2019-04-29 09:30:00,2019-04-29 09:35:00,LONG,23,11592.75,11587.5,-287.5,5.25,-1.19,初始止损,5.0
2019-04-30 09:30:00,2019-04-30 09:35:00,LONG,24,11546.0,11541.0,-288.0,5.0,-1.2,初始止损,5.0
2019-05-01 09:30:00,2019-05-01 09:40:00,SHORT,23,11584.75,11590.0,-287.5,5.25,-1.19,初始止损,10.0
2019-05-02 09:35:00,2019-05-02 09:45:00,LONG,21,11520.75,11515.0,-283.5,5.5,-1.23,初始止损,10.0
2019-05-03 09:50:00,2019-05-03 10:10:00,LONG,20,11549.75,11543.75,-280.0,5.75,-1.22,初始止损,20.0
2019-05-06 09:30:00,2019-05-06 15:55:00,LONG,19,11469.0,11552.25,3125.5,6.0,13.71,收盘平仓,385.0
2019-05-07 09:30:00,2019-05-07 09:40:00,LONG,19,11485.0,11478.25,-294.5,6.5,-1.19,初始止损,10.0
2019-05-08 09:35:00,2019-05-08 09:40:00,SHORT,17,11352.25,11359.75,-289.0,7.25,-1.17,初始止损,5.0
2019-05-09 09:40:00,2019-05-09 11:50:00,SHORT,17,11273.75,11273.75,-34.0,7.25,-0.14,保本止损,130.0
2019-05-10 09:35:00,2019-05-10 09:40:00,LONG,16,11320.0,11312.0,-288.0,7.5,-1.2,初始止损,5.0
2019-05-13 09:30:00,2019-05-13 09:35:00,LONG,15,11173.0,11164.5,-285.0,8.0,-1.19,初始止损,5.0
2019-05-14 09:40:00,2019-05-14 09:45:00,LONG,13,11135.5,11125.75,-279.5,9.0,-1.19,初始止损,5.0
2019-05-15 09:30:00,2019-05-15 09:40:00,LONG,13,11130.75,11121.25,-273.0,9.0,-1.17,初始止损,10.0
2019-05-16 09:35:00,2019-05-16 15:55:00,LONG,12,11293.25,11336.25,1008.0,9.5,4.42,收盘平仓,380.0
2019-05-17 09:30:00,2019-05-17 10:10:00,LONG,13,11279.75,11270.0,-279.5,9.5,-1.13,初始止损,40.0
2019-05-20 09:35:00,2019-05-20 09:40:00,SHORT,13,11115.25,11125.0,-279.5,9.25,-1.16,初始止损,5.0
2019-05-21 09:30:00,2019-05-21 09:35:00,LONG,13,11203.25,11193.75,-273.0,9.5,-1.11,初始止损,5.0
2019-05-22 09:30:00,2019-05-22 09:45:00,LONG,13,11185.25,11175.75,-273.0,9.25,-1.14,初始止损,15.0
2019-05-23 09:40:00,2019-05-23 09:45:00,SHORT,13,11064.0,11073.5,-273.0,9.0,-1.17,初始止损,5.0
2019-05-24 09:30:00,2019-05-24 09:45:00,LONG,13,11114.0,11104.5,-273.0,9.25,-1.14,初始止损,15.0
2019-05-27 10:00:00,2019-05-27 12:55:00,SHORT,13,11057.0,11062.0,-156.0,9.0,-0.67,收盘平仓,175.0
2019-05-28 09:30:00,2019-05-28 10:10:00,LONG,14,11094.0,11085.5,-266.0,8.25,-1.15,初始止损,40.0
2019-05-29 09:35:00,2019-05-29 09:40:00,SHORT,14,10960.0,10968.5,-266.0,8.25,-1.15,初始止损,5.0
2019-05-30 09:30:00,2019-05-30 10:50:00,LONG,14,10998.25,10989.75,-266.0,8.25,-1.15,初始止损,80.0
2019-05-31 09:30:00,2019-05-31 09:35:00,SHORT,14,10897.75,10906.25,-266.0,8.0,-1.19,初始止损,5.0
2019-06-03 09:30:00,2019-06-03 09:35:00,LONG,14,10874.5,10866.25,-259.0,8.0,-1.16,初始止损,5.0
2019-06-04 09:35:00,2019-06-04 09:40:00,SHORT,13,10782.0,10791.0,-260.0,8.5,-1.18,初始止损,5.0
2019-06-05 09:40:00,2019-06-05 10:00:00,SHORT,12,10949.5,10959.0,-252.0,9.0,-1.17,初始止损,20.0
2019-06-06 09:35:00,2019-06-06 09:40:00,LONG,13,10985.75,10977.0,-253.5,8.75,-1.11,初始止损,5.0
2019-06-07 09:30:00,2019-06-07 15:55:00,LONG,12,11066.25,11165.0,2346.0,8.75,11.17,收盘平仓,385.0
2019-06-10 09:30:00,2019-06-10 09:35:00,LONG,13,11245.0,11235.75,-266.5,9.0,-1.14,初始止损,5.0
2019-06-11 09:30:00,2019-06-11 09:35:00,LONG,13,11334.75,11325.5,-266.5,9.25,-1.11,初始止损,5.0
2019-06-12 09:30:00,2019-06-12 09:35:00,SHORT,13,11228.5,11237.75,-266.5,9.0,-1.14,初始止损,5.0
2019-06-13 09:35:00,2019-06-13 10:05:00,LONG,13,11260.0,11251.0,-260.0,8.75,-1.14,初始止损,30.0
2019-06-14 09:30:00,2019-06-14 09:50:00,SHORT,13,11217.0,11226.0,-260.0,8.5,-1.18,初始止损,20.0
2019-06-17 09:30:00,2019-06-17 15:55:00,LONG,14,11255.0,11277.0,588.0,8.25,2.55,收盘平仓,385.0
2019-06-18 09:30:00,2019-06-18 09:35:00,SHORT,14,11353.5,11362.0,-266.0,8.0,-1.19,初始止损,5.0
2019-06-19 09:30:00,2019-06-19 14:00:00,SHORT,14,11391.5,11400.0,-266.0,8.25,-1.15,初始止损,270.0
2019-06-20 09:30:00,2019-06-20 09:40:00,SHORT,14,11503.0,11511.25,-259.0,8.0,-1.16,初始止损,10.0
2019-06-21 10:00:00,2019-06-21 11:50:00,LONG,14,11480.75,11480.75,-28.0,8.0,-0.12,保本止损,110.0
2019-06-24 09:40:00,2019-06-24 10:10:00,SHORT,14,11486.25,11494.5,-259.0,8.0,-1.16,初始止损,30.0
2019-06-25 09:30:00,2019-06-25 15:55:00,SHORT,15,11465.25,11342.75,3645.0,7.5,16.2,收盘平仓,385.0
2019-06-26 09:30:00,2019-06-26 11:10:00,LONG,16,11407.5,11399.5,-288.0,7.75,-1.16,初始止损,100.0
2019-06-27 09:30:00,2019-06-27 09:35:00,LONG,16,11415.25,11407.25,-288.0,7.75,-1.16,初始止损,5.0
2019-06-28 09:35:00,2019-06-28 12:00:00,SHORT,16,11410.0,11417.75,-280.0,7.5,-1.17,初始止损,145.0
2019-07-01 09:45:00,2019-07-01 09:50:00,SHORT,17,11542.25,11549.5,-280.5,7.0,-1.18,初始止损,5.0
2019-07-02 09:30:00,2019-07-02 09:35:00,SHORT,16,11500.0,11507.75,-280.0,7.5,-1.17,初始止损,5.0
2019-07-03 09:30:00,2019-07-03 09:35:00,SHORT,16,11558.0,11565.75,-280.0,7.25,-1.21,初始止损,5.0
2019-07-04 09:35:00,2019-07-04 12:55:00,LONG,17,11619.75,11623.0,76.5,7.0,0.32,收盘平仓,200.0
2019-07-05 09:55:00,2019-07-05 10:05:00,SHORT,18,11529.75,11536.5,-279.0,6.75,-1.15,初始止损,10.0
2019-07-08 09:30:00,2019-07-08 15:10:00,SHORT,17,11524.75,11532.0,-280.5,6.75,-1.22,初始止损,340.0
2019-07-09 09:30:00,2019-07-09 15:55:00,LONG,17,11506.25,11571.25,2176.0,6.75,9.48,收盘平仓,385.0
2019-07-10 09:30:00,2019-07-10 10:25:00,LONG,18,11631.5,11631.5,-36.0,6.75,-0.15,保本止损,55.0
2019-07-12 09:35:00,2019-07-12 10:20:00,LONG,18,11657.5,11650.5,-288.0,6.75,-1.19,初始止损,45.0
2019-07-15 09:30:00,2019-07-15 14:05:00,SHORT,19,11695.75,11702.5,-294.5,6.5,-1.19,初始止损,275.0
2019-07-17 09:30:00,2019-07-17 09:35:00,LONG,20,11674.75,11668.5,-290.0,6.0,-1.21,初始止损,5.0
2019-07-18 09:30:00,2019-07-18 10:50:00,LONG,20,11607.0,11600.75,-290.0,6.0,-1.21,初始止损,80.0
2019-07-19 09:30:00,2019-07-19 15:55:00,SHORT,20,11680.5,11574.25,4210.0,6.0,17.54,收盘平仓,385.0
2019-07-22 09:30:00,2019-07-22 15:55:00,LONG,22,11604.25,11642.25,1628.0,6.25,5.92,收盘平仓,385.0
2019-07-23 09:30:00,2019-07-23 13:40:00,SHORT,23,11673.5,11673.5,-46.0,6.25,-0.16,保本止损,250.0
2019-07-24 09:30:00,2019-07-24 15:55:00,LONG,23,11674.5,11746.75,3277.5,6.0,11.88,收盘平仓,385.0
2019-07-25 09:35:00,2019-07-25 09:40:00,SHORT,24,11695.0,11701.5,-360.0,6.25,-1.2,初始止损,5.0
2019-07-26 09:30:00,2019-07-26 10:10:00,LONG,24,11739.25,11732.75,-360.0,6.25,-1.2,初始止损,40.0
2019-07-29 09:30:00,2019-07-29 15:40:00,SHORT,24,11728.5,11728.5,-48.0,6.25,-0.16,保本止损,370.0
2019-07-30 09:30:00,2019-07-30 15:55:00,LONG,24,11668.5,11688.0,888.0,6.25,2.96,收盘平仓,385.0
2019-07-31 09:30:00,2019-07-31 09:40:00,SHORT,24,11693.25,11699.75,-360.0,6.25,-1.2,初始止损,10.0
2019-08-01 09:30:00,2019-08-01 13:30:00,LONG,22,11631.0,11631.0,-44.0,6.75,-0.15,保本止损,240.0
2019-08-02 09:30:00,2019-08-02 09:35:00,SHORT,20,11463.0,11470.75,-350.0,7.5,-1.17,初始止损,5.0
2019-08-05 09:30:00,2019-08-05 15:55:00,SHORT,19,11246.5,11144.0,3857.0,8.0,12.69,收盘平仓,385.0
2019-08-06 09:30:00,2019-08-06 09:35:00,LONG,18,11238.75,11229.5,-369.0,9.25,-1.11,初始止损,5.0
2019-08-07 09:35:00,2019-08-07 09:40:00,LONG,17,11177.5,11167.75,-365.5,9.25,-1.16,初始止损,5.0
2019-08-08 09:55:00,2019-08-08 15:55:00,LONG,17,11340.25,11453.25,3808.0,9.5,11.79,收盘平仓,360.0
2019-08-09 09:30:00,2019-08-09 09:40:00,LONG,18,11430.25,11420.5,-387.0,9.75,-1.1,初始止损,10.0
2019-08-12 09:30:00,2019-08-12 09:35:00,SHORT,18,11314.75,11324.5,-387.0,9.75,-1.1,初始止损,5.0
2019-08-13 09:30:00,2019-08-13 15:55:00,LONG,17,11289.75,11459.0,5720.5,9.75,17.26,收盘平仓,385.0
2019-08-14 10:00:00,2019-08-14 10:05:00,SHORT,18,11312.75,11323.5,-423.0,10.25,-1.15,初始止损,5.0
2019-08-15 09:35:00,2019-08-15 09:40:00,SHORT,17,11207.25,11218.5,-416.5,11.0,-1.11,初始止损,5.0
2019-08-19 09:30:00,2019-08-19 09:50:00,LONG,17,11451.5,11440.25,-416.5,10.75,-1.14,初始止损,20.0
2019-08-20 09:30:00,2019-08-20 10:10:00,SHORT,17,11419.5,11430.75,-416.5,10.75,-1.14,初始止损,40.0
2019-08-21 09:40:00,2019-08-21 10:10:00,LONG,18,11481.5,11471.0,-414.0,10.25,-1.12,初始止损,30.0
2019-08-22 09:40:00,2019-08-22 09:45:00,LONG,18,11490.0,11479.5,-414.0,10.0,-1.15,初始止损,5.0
2019-08-23 09:45:00,2019-08-23 09:55:00,SHORT,18,11360.5,11370.75,-405.0,10.0,-1.12,初始止损,10.0
2019-08-26 09:30:00,2019-08-26 11:10:00,SHORT,17,11273.25,11284.0,-399.5,10.75,-1.09,初始止损,100.0
2019-08-27 09:40:00,2019-08-27 09:45:00,SHORT,17,11347.75,11358.5,-399.5,10.5,-1.12,初始止损,5.0
2019-08-28 09:30:00,2019-08-28 09:40:00,SHORT,17,11238.75,11249.5,-399.5,10.5,-1.12,初始止损,10.0
2019-08-29 09:30:00,2019-08-29 09:40:00,LONG,17,11431.75,11421.25,-391.0,10.25,-1.12,初始止损,10.0
2019-08-30 09:30:00,2019-08-30 15:55:00,SHORT,17,11462.5,11412.25,1674.5,10.25,4.8,收盘平仓,385.0
2019-09-02 09:30:00,2019-09-02 10:15:00,SHORT,18,11374.25,11384.5,-405.0,10.0,-1.12,初始止损,45.0
2019-09-03 09:35:00,2019-09-03 09:40:00,LONG,18,11382.75,11372.5,-405.0,10.0,-1.12,初始止损,5.0
2019-09-04 10:05:00,2019-09-04 11:00:00,SHORT,18,11397.25,11407.25,-396.0,9.75,-1.13,初始止损,55.0
2019-09-05 09:30:00,2019-09-05 15:55:00,LONG,19,11539.0,11586.5,1767.0,9.5,4.89,收盘平仓,385.0
2019-09-06 09:30:00,2019-09-06 09:45:00,SHORT,19,11574.75,11584.5,-408.5,9.75,-1.1,初始止损,15.0
2019-09-09 09:30:00,2019-09-09 15:55:00,SHORT,20,11591.0,11558.5,1260.0,9.25,3.41,收盘平仓,385.0
2019-09-10 09:30:00,2019-09-10 11:50:00,SHORT,21,11500.0,11509.0,-420.0,9.0,-1.11,初始止损,140.0
2019-09-11 09:30:00,2019-09-11 09:35:00,SHORT,20,11544.25,11553.75,-420.0,9.0,-1.17,初始止损,5.0
2019-09-12 09:30:00,2019-09-12 09:35:00,LONG,21,11673.0,11664.0,-420.0,8.75,-1.14,初始止损,5.0
2019-09-13 09:30:00,2019-09-13 09:35:00,SHORT,21,11610.75,11619.5,-409.5,8.75,-1.11,初始止损,5.0
2019-09-16 09:30:00,2019-09-16 11:55:00,LONG,22,11568.25,11560.0,-407.0,8.25,-1.12,初始止损,145.0
2019-09-17 09:35:00,2019-09-17 09:50:00,LONG,22,11582.75,11574.5,-407.0,8.0,-1.16,初始止损,15.0
2019-09-18 09:30:00,2019-09-18 09:35:00,SHORT,23,11592.25,11600.0,-402.5,7.75,-1.13,初始止损,5.0
2019-09-19 09:30:00,2019-09-19 12:25:00,LONG,23,11645.5,11637.75,-402.5,7.75,-1.13,初始止损,175.0
2019-09-20 09:30:00,2019-09-20 09:35:00,SHORT,23,11630.5,11638.25,-402.5,7.5,-1.17,初始止损,5.0
2019-09-23 10:05:00,2019-09-23 10:20:00,SHORT,22,11517.25,11525.25,-396.0,7.75,-1.16,初始止损,15.0
2019-09-24 09:35:00,2019-09-24 10:05:00,LONG,23,11582.5,11574.75,-402.5,7.5,-1.17,初始止损,30.0
2019-09-25 09:40:00,2019-09-25 10:05:00,SHORT,21,11416.75,11416.75,-42.0,8.0,-0.12,保本止损,25.0
2019-09-26 09:30:00,2019-09-26 14:00:00,SHORT,21,11489.5,11489.5,-42.0,8.25,-0.12,保本止损,270.0
2019-09-27 09:30:00,2019-09-27 11:10:00,SHORT,21,11492.0,11492.0,-42.0,8.25,-0.12,保本止损,100.0
2019-09-30 09:30:00,2019-09-30 09:35:00,LONG,20,11432.0,11423.25,-390.0,8.5,-1.15,初始止损,5.0
2019-10-01 09:30:00,2019-10-01 10:00:00,LONG,20,11519.25,11510.75,-380.0,8.5,-1.12,初始止损,30.0
2019-10-02 09:30:00,2019-10-02 15:55:00,SHORT,20,11326.0,11266.25,2350.0,8.5,6.91,收盘平仓,385.0
2019-10-03 09:30:00,2019-10-03 09:35:00,LONG,19,11280.0,11270.5,-399.0,9.0,-1.17,初始止损,5.0
2019-10-04 09:30:00,2019-10-04 15:55:00,LONG,19,11394.25,11465.5,2669.5,9.25,7.59,收盘平仓,385.0
2019-10-07 09:30:00,2019-10-07 09:35:00,LONG,20,11451.75,11442.5,-410.0,9.25,-1.11,初始止损,5.0
2019-10-08 09:35:00,2019-10-08 12:45:00,SHORT,20,11367.25,11376.5,-410.0,9.0,-1.14,初始止损,190.0
2019-10-09 09:45:00,2019-10-09 09:50:00,LONG,20,11389.5,11380.25,-410.0,9.0,-1.14,初始止损,5.0
2019-10-10 09:30:00,2019-10-10 09:35:00,LONG,20,11409.0,11399.75,-410.0,9.0,-1.14,初始止损,5.0
2019-10-11 09:30:00,2019-10-11 12:30:00,LONG,20,11553.0,11553.0,-40.0,8.75,-0.11,保本止损,180.0
2019-10-14 09:30:00,2019-10-14 09:35:00,LONG,20,11549.0,11540.0,-400.0,9.0,-1.11,初始止损,5.0
2019-10-15 09:30:00,2019-10-15 15:55:00,LONG,20,11591.75,11653.25,2420.0,8.75,6.91,收盘平仓,385.0
2019-10-16 09:55:00,2019-10-16 10:15:00,SHORT,21,11621.0,11630.0,-420.0,8.75,-1.14,初始止损,20.0
2019-10-17 09:35:00,2019-10-17 09:40:00,SHORT,22,11670.75,11679.25,-418.0,8.25,-1.15,初始止损,5.0
2019-10-18 09:45:00,2019-10-18 09:55:00,LONG,23,11653.75,11645.75,-414.0,8.0,-1.12,初始止损,10.0
2019-10-21 09:30:00,2019-10-21 09:35:00,SHORT,22,11612.75,11621.0,-407.0,8.25,-1.12,初始止损,5.0
2019-10-22 09:30:00,2019-10-22 09:35:00,LONG,22,11683.75,11675.5,-407.0,8.0,-1.16,初始止损,5.0
2019-10-23 09:30:00,2019-10-23 09:35:00,SHORT,22,11557.5,11565.75,-407.0,8.0,-1.16,初始止损,5.0
2019-10-24 09:50:00,2019-10-24 11:00:00,SHORT,23,11636.75,11644.5,-402.5,7.75,-1.13,初始止损,70.0
2019-10-25 09:30:00,2019-10-25 15:55:00,LONG,23,11648.25,11736.0,3990.5,7.5,11.57,收盘平仓,385.0
2019-10-28 09:30:00,2019-10-28 09:40:00,LONG,24,11792.5,11784.5,-432.0,7.75,-1.16,初始止损,10.0
2019-10-29 09:40:00,2019-10-29 09:50:00,SHORT,25,11792.75,11800.5,-437.5,7.5,-1.17,初始止损,10.0
2019-10-30 09:30:00,2019-10-30 10:45:00,SHORT,25,11754.25,11761.75,-425.0,7.5,-1.13,初始止损,75.0
2019-10-31 09:40:00,2019-10-31 09:45:00,SHORT,25,11793.0,11800.5,-425.0,7.25,-1.17,初始止损,5.0
2019-11-01 09:30:00,2019-11-01 09:35:00,SHORT,25,11821.75,11829.25,-425.0,7.25,-1.17,初始止损,5.0
2019-11-04 09:30:00,2019-11-04 09:45:00,LONG,26,11925.25,11918.25,-416.0,7.0,-1.14,初始止损,15.0
2019-11-05 09:30:00,2019-11-05 10:00:00,SHORT,26,11919.25,11926.25,-416.0,7.0,-1.14,初始止损,30.0
2019-11-06 09:30:00,2019-11-06 09:55:00,SHORT,26,11894.25,11901.25,-416.0,6.75,-1.19,初始止损,25.0
2019-11-07 09:35:00,2019-11-07 14:40:00,LONG,27,11952.25,11945.5,-418.5,6.5,-1.19,初始止损,305.0
2019-11-08 09:35:00,2019-11-08 09:55:00,LONG,27,11924.5,11917.75,-418.5,6.5,-1.19,初始止损,20.0
2019-11-11 09:35:00,2019-11-11 09:45:00,SHORT,28,11915.25,11921.5,-406.0,6.25,-1.16,初始止损,10.0
2019-11-12 09:30:00,2019-11-12 14:15:00,LONG,28,11961.75,11961.75,-56.0,6.25,-0.16,保本止损,285.0
2019-11-13 09:35:00,2019-11-13 09:45:00,LONG,29,11957.5,11951.5,-406.0,6.0,-1.17,初始止损,10.0
2019-11-14 09:30:00,2019-11-14 09:40:00,LONG,30,11949.75,11944.0,-405.0,5.75,-1.17,初始止损,10.0
2019-11-15 09:30:00,2019-11-15 10:15:00,SHORT,30,12001.0,12006.75,-405.0,5.75,-1.17,初始止损,45.0
2019-11-18 09:30:00,2019-11-18 10:40:00,SHORT,29,12001.25,12007.25,-406.0,5.75,-1.22,初始止损,70.0
2019-11-19 09:30:00,2019-11-19 11:35:00,SHORT,30,12055.25,12055.25,-60.0,5.5,-0.18,保本止损,125.0
2019-11-20 09:30:00,2019-11-20 09:40:00,LONG,30,12025.5,12019.75,-405.0,5.5,-1.23,初始止损,10.0
2019-11-21 09:30:00,2019-11-21 09:35:00,SHORT,29,11968.5,11974.25,-391.5,5.75,-1.17,初始止损,5.0
2019-11-22 09:30:00,2019-11-22 09:35:00,SHORT,30,11990.25,11995.75,-390.0,5.5,-1.18,初始止损,5.0
2019-11-25 09:30:00,2019-11-25 15:55:00,LONG,30,12036.25,12077.0,2385.0,5.5,7.23,收盘平仓,385.0
2019-11-26 09:40:00,2019-11-26 09:45:00,SHORT,30,12074.5,12080.25,-405.0,5.75,-1.17,初始止损,5.0
2019-11-27 09:35:00,2019-11-27 09:45:00,SHORT,31,12109.25,12114.75,-403.0,5.5,-1.18,初始止损,10.0
2019-11-29 09:30:00,2019-11-29 09:35:00,SHORT,34,12126.5,12131.5,-408.0,5.0,-1.2,初始止损,5.0
2019-12-02 09:30:00,2019-12-02 15:55:00,SHORT,33,12098.5,12016.25,5362.5,5.0,16.25,收盘平仓,385.0
2019-12-03 09:35:00,2019-12-03 09:40:00,SHORT,35,11896.75,11902.25,-455.0,5.25,-1.24,初始止损,5.0
2019-12-04 09:30:00,2019-12-04 09:35:00,SHORT,32,11993.0,11998.75,-432.0,5.75,-1.17,初始止损,5.0
2019-12-05 09:30:00,2019-12-05 09:35:00,SHORT,32,12013.75,12019.5,-432.0,5.75,-1.17,初始止损,5.0
2019-12-06 09:40:00,2019-12-06 10:15:00,LONG,33,12083.5,12078.0,-429.0,5.5,-1.18,初始止损,35.0
2019-12-09 09:30:00,2019-12-09 11:15:00,LONG,31,12098.5,12098.5,-62.0,5.75,-0.17,保本止损,105.0
2019-12-10 09:30:00,2019-12-10 09:50:00,SHORT,33,12061.5,12067.0,-429.0,5.5,-1.18,初始止损,20.0
2019-12-11 09:30:00,2019-12-11 09:45:00,SHORT,32,12073.5,12079.25,-432.0,5.5,-1.23,初始止损,15.0
2019-12-12 09:35:00,2019-12-12 09:40:00,LONG,32,12155.75,12150.25,-416.0,5.5,-1.18,初始止损,5.0
2019-12-13 10:00:00,2019-12-13 10:05:00,LONG,30,12217.75,12211.75,-420.0,5.75,-1.22,初始止损,5.0
2019-12-16 09:30:00,2019-12-16 15:55:00,LONG,30,12260.75,12278.25,990.0,5.75,2.87,收盘平仓,385.0
2019-12-17 09:40:00,2019-12-17 10:05:00,SHORT,31,12278.5,12284.25,-418.5,5.75,-1.17,初始止损,25.0
2019-12-18 09:30:00,2019-12-18 09:45:00,LONG,32,12299.25,12293.75,-416.0,5.5,-1.18,初始止损,15.0
2019-12-19 09:30:00,2019-12-19 10:05:00,LONG,33,12309.0,12303.75,-412.5,5.25,-1.19,初始止损,35.0
2019-12-20 09:40:00,2019-12-20 09:55:00,SHORT,33,12368.75,12374.0,-412.5,5.25,-1.19,初始止损,15.0
2019-12-23 09:40:00,2019-12-23 10:55:00,SHORT,33,12404.25,12409.5,-412.5,5.25,-1.19,初始止损,75.0
2019-12-24 09:30:00,2019-12-24 13:00:00,SHORT,34,12399.75,12404.75,-408.0,5.0,-1.2,初始止损,210.0
2019-12-26 09:35:00,2019-12-26 15:55:00,LONG,36,12428.5,12478.0,3492.0,4.75,10.21,收盘平仓,380.0
2019-12-27 09:35:00,2019-12-27 09:40:00,SHORT,38,12498.0,12502.75,-437.0,4.75,-1.21,初始止损,5.0
2019-12-30 09:30:00,2019-12-30 15:55:00,SHORT,38,12443.5,12408.25,2603.0,4.75,7.21,收盘平仓,385.0
2019-12-31 09:30:00,2019-12-31 10:05:00,LONG,38,12395.0,12395.0,-76.0,5.0,-0.2,保本止损,35.0
2020-01-02 09:30:00,2020-01-02 10:10:00,LONG,38,12511.5,12506.5,-456.0,5.0,-1.2,初始止损,40.0
2020-01-03 09:30:00,2020-01-03 09:35:00,LONG,34,12501.0,12495.5,-442.0,5.5,-1.18,初始止损,5.0
2020-01-06 09:30:00,2020-01-06 09:35:00,LONG,32,12440.75,12435.0,-432.0,5.75,-1.17,初始止损,5.0
2020-01-07 09:35:00,2020-01-07 09:50:00,SHORT,31,12522.0,12528.0,-434.0,6.0,-1.17,初始止损,15.0
2020-01-08 09:30:00,2020-01-08 09:35:00,LONG,32,12551.5,12545.75,-432.0,5.75,-1.17,初始止损,5.0
2020-01-09 09:30:00,2020-01-09 09:35:00,LONG,30,12689.25,12683.25,-420.0,6.0,-1.17,初始止损,5.0
2020-01-10 09:30:00,2020-01-10 09:35:00,SHORT,29,12695.75,12702.0,-420.5,6.25,-1.16,初始止损,5.0
2020-01-13 09:30:00,2020-01-13 09:40:00,LONG,30,12695.5,12689.5,-420.0,6.0,-1.17,初始止损,10.0
2020-01-14 09:35:00,2020-01-14 10:10:00,SHORT,28,12743.75,12743.75,-56.0,6.25,-0.16,保本止损,35.0
2020-01-15 09:30:00,2020-01-15 12:50:00,LONG,29,12742.75,12742.75,-58.0,6.0,-0.17,保本止损,200.0
2020-01-16 09:30:00,2020-01-16 09:35:00,LONG,29,12782.25,12776.0,-420.5,6.0,-1.21,初始止损,5.0
2020-01-17 09:30:00,2020-01-17 10:25:00,SHORT,29,12835.5,12841.5,-406.0,6.0,-1.17,初始止损,55.0
2020-01-20 09:30:00,2020-01-20 10:30:00,LONG,29,12846.0,12840.0,-406.0,6.0,-1.17,初始止损,60.0
2020-01-21 09:30:00,2020-01-21 09:35:00,LONG,30,12839.75,12834.0,-405.0,5.75,-1.17,初始止损,5.0
2020-01-22 09:35:00,2020-01-22 09:50:00,LONG,31,12910.75,12905.25,-403.0,5.5,-1.18,初始止损,15.0
2020-01-23 09:30:00,2020-01-23 09:35:00,SHORT,31,12841.75,12847.25,-403.0,5.5,-1.18,初始止损,5.0
2020-01-24 09:30:00,2020-01-24 09:35:00,SHORT,30,12940.75,12946.5,-405.0,5.5,-1.23,初始止损,5.0
2020-01-27 09:50:00,2020-01-27 09:55:00,LONG,28,12665.5,12659.5,-392.0,6.0,-1.17,初始止损,5.0
2020-01-28 09:35:00,2020-01-28 09:40:00,SHORT,24,12683.75,12690.75,-384.0,6.75,-1.19,初始止损,5.0
2020-01-29 09:45:00,2020-01-29 11:10:00,SHORT,22,12797.25,12797.25,-44.0,7.25,-0.14,保本止损,85.0
2020-01-30 09:30:00,2020-01-30 10:00:00,LONG,22,12767.0,12759.5,-374.0,7.25,-1.17,初始止损,30.0
2020-01-31 09:30:00,2020-01-31 15:55:00,SHORT,22,12827.25,12672.0,6787.0,7.25,21.28,收盘平仓,385.0
2020-02-03 09:30:00,2020-02-03 15:55:00,LONG,23,12746.0,12808.25,2817.5,8.0,7.66,收盘平仓,385.0
2020-02-04 09:30:00,2020-02-04 09:40:00,SHORT,23,12919.75,12928.25,-437.0,8.25,-1.15,初始止损,10.0
2020-02-05 09:30:00,2020-02-05 15:55:00,SHORT,21,13105.75,13052.5,2194.5,9.0,5.81,收盘平仓,385.0
2020-02-06 09:30:00,2020-02-06 09:45:00,SHORT,22,13057.0,13066.25,-451.0,9.0,-1.14,初始止损,15.0
2020-02-07 09:30:00,2020-02-07 09:35:00,SHORT,23,13067.0,13075.75,-448.5,8.75,-1.11,初始止损,5.0
2020-02-10 09:30:00,2020-02-10 15:55:00,LONG,22,13091.75,13201.75,4796.0,8.75,12.46,收盘平仓,385.0
2020-02-11 09:30:00,2020-02-11 09:40:00,SHORT,24,13230.0,13239.0,-480.0,8.75,-1.14,初始止损,10.0
2020-02-12 09:30:00,2020-02-12 09:35:00,LONG,24,13275.0,13266.0,-480.0,8.75,-1.14,初始止损,5.0
2020-02-13 09:30:00,2020-02-13 10:00:00,LONG,24,13246.5,13237.5,-480.0,8.75,-1.14,初始止损,30.0
2020-02-14 09:30:00,2020-02-14 09:35:00,LONG,24,13314.75,13306.0,-468.0,8.5,-1.15,初始止损,5.0
2020-02-17 09:30:00,2020-02-17 12:55:00,LONG,25,13338.0,13343.25,212.5,8.25,0.52,收盘平仓,205.0
2020-02-18 09:30:00,2020-02-18 09:35:00,LONG,26,13286.0,13277.75,-481.0,8.0,-1.16,初始止损,5.0
2020-02-19 09:35:00,2020-02-19 15:55:00,LONG,27,13380.75,13405.0,1255.5,7.75,3.0,收盘平仓,380.0
2020-02-20 09:30:00,2020-02-20 09:35:00,LONG,26,13391.5,13383.25,-481.0,8.0,-1.16,初始止损,5.0
2020-02-21 09:30:00,2020-02-21 15:55:00,SHORT,25,13255.25,13128.75,6275.0,8.5,14.76,收盘平仓,385.0
2020-02-24 09:40:00,2020-02-24 09:45:00,LONG,26,12854.0,12845.0,-520.0,9.0,-1.11,初始止损,5.0
2020-02-25 09:30:00,2020-02-25 09:35:00,SHORT,22,12812.0,12822.5,-506.0,10.5,-1.1,初始止损,5.0
2020-02-26 09:35:00,2020-02-26 09:50:00,LONG,19,12640.0,12627.75,-503.5,12.0,-1.1,初始止损,15.0
2020-02-27 09:30:00,2020-02-27 09:35:00,SHORT,18,12315.0,12327.75,-495.0,12.25,-1.12,初始止损,5.0
2020-02-28 09:30:00,2020-02-28 09:40:00,LONG,16,11951.75,11937.5,-488.0,13.75,-1.11,初始止损,10.0
2020-03-02 09:35:00,2020-03-02 09:40:00,SHORT,15,12170.25,12185.25,-480.0,14.75,-1.08,初始止损,5.0
2020-03-03 09:35:00,2020-03-03 09:40:00,SHORT,14,12501.75,12517.75,-476.0,16.0,-1.06,初始止损,5.0
2020-03-04 09:35:00,2020-03-04 09:40:00,SHORT,12,12378.25,12396.75,-468.0,17.5,-1.11,初始止损,5.0
2020-03-05 09:30:00,2020-03-05 09:45:00,LONG,12,12436.5,12418.0,-468.0,18.25,-1.07,初始止损,15.0
2020-03-06 09:30:00,2020-03-06 09:45:00,LONG,11,12100.5,12080.5,-462.0,18.75,-1.12,初始止损,15.0
2020-03-09 09:30:00,2020-03-09 09:45:00,SHORT,11,11527.5,11547.25,-456.5,19.25,-1.08,初始止损,15.0
2020-03-10 09:35:00,2020-03-10 09:55:00,SHORT,9,11846.75,11870.75,-450.0,21.75,-1.15,初始止损,20.0
2020-03-11 09:30:00,2020-03-11 09:35:00,LONG,9,11875.75,11852.0,-445.5,22.5,-1.1,初始止损,5.0
2020-03-12 09:30:00,2020-03-12 09:55:00,SHORT,9,11135.75,11135.75,-18.0,23.5,-0.04,保本止损,25.0
2020-03-13 09:30:00,2020-03-13 09:35:00,LONG,8,11322.75,11296.25,-440.0,25.75,-1.07,初始止损,5.0
2020-03-16 09:30:00,2020-03-16 10:35:00,SHORT,7,11186.75,11186.75,-14.0,27.75,-0.04,保本止损,65.0
2020-03-17 09:35:00,2020-03-17 09:45:00,SHORT,6,10882.5,10917.75,-435.0,30.5,-1.19,初始止损,10.0
2020-03-18 09:30:00,2020-03-18 09:35:00,LONG,6,10930.75,10895.75,-432.0,31.5,-1.14,初始止损,5.0
2020-03-19 09:30:00,2020-03-19 09:50:00,SHORT,6,10901.0,10935.75,-429.0,32.75,-1.09,初始止损,20.0
2020-03-20 09:35:00,2020-03-20 10:00:00,SHORT,6,11176.0,11210.5,-426.0,33.0,-1.08,初始止损,25.0
2020-03-23 09:30:00,2020-03-23 09:55:00,SHORT,6,10782.75,10817.0,-423.0,33.5,-1.05,初始止损,25.0
2020-03-24 09:30:00,2020-03-24 09:35:00,LONG,6,11221.75,11187.75,-420.0,33.25,-1.05,初始止损,5.0
2020-03-25 09:30:00,2020-03-25 09:45:00,LONG,5,11407.0,11366.5,-415.0,33.75,-1.23,初始止损,15.0
2020-03-26 09:30:00,2020-03-26 09:50:00,LONG,6,11377.0,11343.5,-414.0,33.25,-1.04,初始止损,20.0
2020-03-27 09:40:00,2020-03-27 09:55:00,SHORT,5,11405.5,11445.25,-407.5,33.25,-1.23,初始止损,15.0
2020-03-30 09:30:00,2020-03-30 09:35:00,LONG,6,11515.0,11482.0,-408.0,32.5,-1.05,初始止损,5.0
2020-03-31 10:00:00,2020-03-31 12:35:00,LONG,6,11661.5,11628.75,-405.0,32.0,-1.05,初始止损,155.0
2020-04-01 09:30:00,2020-04-01 12:10:00,LONG,6,11400.75,11368.25,-402.0,31.0,-1.08,初始止损,160.0
2020-04-02 09:30:00,2020-04-02 09:40:00,LONG,6,11301.75,11269.5,-399.0,30.75,-1.08,初始止损,10.0
2020-04-03 09:40:00,2020-04-03 09:50:00,LONG,6,11448.0,11416.0,-396.0,29.75,-1.11,初始止损,10.0
2020-04-06 09:30:00,2020-04-06 09:45:00,SHORT,6,11572.0,11603.75,-393.0,29.0,-1.13,初始止损,15.0
2020-04-07 09:30:00,2020-04-07 15:55:00,SHORT,6,12065.0,11846.0,2616.0,30.0,7.27,收盘平仓,385.0
2020-04-08 09:45:00,2020-04-08 10:50:00,SHORT,6,11899.25,11932.25,-408.0,29.25,-1.16,初始止损,65.0
2020-04-09 09:30:00,2020-04-09 09:35:00,SHORT,6,12051.25,12084.0,-405.0,28.25,-1.19,初始止损,5.0
2020-04-13 09:35:00,2020-04-13 09:40:00,LONG,7,12042.0,12014.0,-406.0,27.25,-1.06,初始止损,5.0
2020-04-14 09:30:00,2020-04-14 15:55:00,LONG,7,12311.75,12487.5,2446.5,26.25,6.66,收盘平仓,385.0
2020-04-15 09:30:00,2020-04-15 09:40:00,LONG,7,12355.0,12326.0,-420.0,26.5,-1.13,初始止损,10.0
2020-04-16 09:30:00,2020-04-16 10:45:00,SHORT,7,12475.75,12504.5,-416.5,25.75,-1.16,初始止损,75.0
2020-04-17 09:30:00,2020-04-17 10:05:00,SHORT,7,12623.0,12651.5,-413.0,25.0,-1.18,初始止损,35.0
2020-04-20 09:30:00,2020-04-20 09:55:00,LONG,8,12563.75,12539.0,-412.0,24.0,-1.07,初始止损,25.0
2020-04-21 09:35:00,2020-04-21 09:45:00,SHORT,8,12354.5,12379.0,-408.0,23.0,-1.11,初始止损,10.0
2020-04-22 09:30:00,2020-04-22 09:35:00,SHORT,8,12357.25,12381.75,-408.0,23.5,-1.09,初始止损,5.0
2020-04-23 09:30:00,2020-04-23 12:40:00,LONG,8,12525.75,12501.5,-404.0,23.5,-1.07,初始止损,190.0
2020-04-24 09:30:00,2020-04-24 10:35:00,SHORT,8,12436.75,12460.75,-400.0,22.75,-1.1,初始止损,65.0
2020-04-27 09:30:00,2020-04-27 09:50:00,SHORT,8,12637.75,12661.75,-400.0,22.25,-1.12,初始止损,20.0
2020-04-28 09:30:00,2020-04-28 15:55:00,SHORT,8,12692.25,12472.0,3508.0,21.25,10.32,收盘平仓,385.0
2020-04-29 09:30:00,2020-04-29 09:45:00,SHORT,9,12653.25,12675.75,-423.0,21.0,-1.12,初始止损,15.0
2020-04-30 09:35:00,2020-04-30 09:45:00,SHORT,9,12765.75,12788.0,-418.5,21.25,-1.09,初始止损,10.0
2020-05-01 09:30:00,2020-05-01 09:35:00,LONG,9,12646.0,12623.75,-418.5,20.5,-1.13,初始止损,5.0
2020-05-04 09:50:00,2020-05-04 15:55:00,LONG,9,12522.0,12623.5,1809.0,20.5,4.9,收盘平仓,365.0
2020-05-05 09:30:00,2020-05-05 15:35:00,LONG,10,12736.25,12715.75,-430.0,20.0,-1.07,初始止损,365.0
2020-05-06 09:30:00,2020-05-06 09:55:00,LONG,10,12808.5,12788.25,-425.0,19.75,-1.08,初始止损,25.0
2020-05-07 09:45:00,2020-05-07 11:40:00,SHORT,10,12882.5,12902.5,-420.0,19.0,-1.11,初始止损,115.0
2020-05-08 09:30:00,2020-05-08 09:45:00,SHORT,10,12940.5,12960.5,-420.0,18.5,-1.14,初始止损,15.0
2020-05-11 09:30:00,2020-05-11 15:55:00,LONG,11,12984.0,13092.25,2359.5,18.0,5.96,收盘平仓,385.0
2020-05-12 09:30:00,2020-05-12 11:05:00,SHORT,11,13109.25,13128.0,-434.5,17.75,-1.11,初始止损,95.0
2020-05-13 09:30:00,2020-05-13 09:40:00,SHORT,11,12879.0,12897.75,-434.5,17.75,-1.11,初始止损,10.0
2020-05-14 09:30:00,2020-05-14 09:40:00,LONG,11,12748.0,12729.5,-429.0,18.25,-1.07,初始止损,10.0
2020-05-15 09:35:00,2020-05-15 09:45:00,LONG,11,12794.5,12776.25,-423.5,18.25,-1.05,初始止损,10.0
2020-05-18 09:30:00,2020-05-18 09:35:00,SHORT,11,13059.25,13077.5,-423.5,18.0,-1.07,初始止损,5.0
2020-05-19 09:35:00,2020-05-19 09:45:00,LONG,11,13166.5,13148.5,-418.0,17.75,-1.07,初始止损,10.0
2020-05-20 09:30:00,2020-05-20 15:55:00,LONG,11,13221.75,13285.5,1380.5,17.25,3.64,收盘平仓,385.0
2020-05-21 09:35:00,2020-05-21 09:50:00,LONG,11,13302.0,13283.5,-429.0,17.25,-1.13,初始止损,15.0
2020-05-22 09:35:00,2020-05-22 09:40:00,SHORT,11,13125.75,13144.0,-423.5,16.75,-1.15,初始止损,5.0
2020-05-25 09:35:00,2020-05-25 12:55:00,LONG,12,13329.5,13336.0,132.0,16.0,0.34,收盘平仓,200.0
2020-05-26 09:30:00,2020-05-26 15:55:00,SHORT,12,13342.75,13193.5,3558.0,15.5,9.56,收盘平仓,385.0
2020-05-27 09:30:00,2020-05-27 14:00:00,SHORT,13,13161.5,13161.5,-26.0,15.5,-0.06,保本止损,270.0
2020-05-28 09:30:00,2020-05-28 15:50:00,LONG,13,13207.0,13207.0,-26.0,16.0,-0.06,保本止损,380.0
2020-05-29 09:45:00,2020-05-29 09:55:00,LONG,13,13278.75,13262.5,-448.5,15.75,-1.1,初始止损,10.0
2020-06-01 09:30:00,2020-06-01 09:35:00,LONG,13,13343.75,13327.5,-448.5,15.75,-1.1,初始止损,5.0
2020-06-02 09:30:00,2020-06-02 10:05:00,SHORT,13,13391.0,13407.0,-442.0,15.0,-1.13,初始止损,35.0
2020-06-03 09:55:00,2020-06-03 10:05:00,LONG,14,13502.75,13488.0,-441.0,14.75,-1.07,初始止损,10.0
2020-06-04 09:35:00,2020-06-04 11:10:00,LONG,14,13496.5,13481.75,-441.0,14.25,-1.11,初始止损,95.0
2020-06-05 09:35:00,2020-06-05 15:55:00,LONG,14,13532.5,13621.5,2464.0,14.25,6.18,收盘平仓,380.0
2020-06-08 09:40:00,2020-06-08 11:15:00,SHORT,14,13607.5,13622.75,-455.0,14.25,-1.14,初始止损,95.0
2020-06-09 09:30:00,2020-06-09 15:55:00,LONG,15,13672.75,13769.5,2872.5,14.0,6.84,收盘平仓,385.0
2020-06-10 09:30:00,2020-06-10 09:35:00,SHORT,15,13833.75,13848.5,-472.5,14.0,-1.12,初始止损,5.0
2020-06-11 09:35:00,2020-06-11 09:45:00,SHORT,15,13696.0,13710.75,-472.5,14.0,-1.12,初始止损,10.0
2020-06-12 09:30:00,2020-06-12 09:35:00,LONG,13,13611.25,13594.5,-461.5,15.75,-1.13,初始止损,5.0
2020-06-15 09:30:00,2020-06-15 09:35:00,SHORT,13,13404.5,13421.25,-461.5,16.5,-1.08,初始止损,5.0
2020-06-16 09:30:00,2020-06-16 09:40:00,SHORT,12,13874.5,13892.5,-456.0,17.0,-1.12,初始止损,10.0
2020-06-17 09:35:00,2020-06-17 09:40:00,SHORT,12,13909.0,13926.75,-450.0,17.0,-1.1,初始止损,5.0
2020-06-18 09:30:00,2020-06-18 09:35:00,LONG,12,13892.75,13875.0,-450.0,16.5,-1.14,初始止损,5.0
2020-06-22 09:35:00,2020-06-22 09:40:00,SHORT,13,13894.0,13910.25,-448.5,15.5,-1.11,初始止损,5.0
2020-06-23 09:30:00,2020-06-23 09:35:00,SHORT,13,14082.5,14098.5,-442.0,15.25,-1.11,初始止损,5.0
2020-06-24 09:30:00,2020-06-24 09:50:00,LONG,13,14101.5,14085.5,-442.0,15.25,-1.11,初始止损,20.0
2020-06-25 09:35:00,2020-06-25 10:15:00,SHORT,13,13891.0,13891.0,-26.0,15.75,-0.06,保本止损,40.0
2020-06-26 09:35:00,2020-06-26 15:55:00,SHORT,13,13961.25,13758.5,5245.5,15.75,12.81,收盘平仓,380.0
2020-06-29 09:30:00,2020-06-29 10:00:00,SHORT,13,13729.5,13729.5,-26.0,16.0,-0.06,保本止损,30.0
2020-06-30 09:30:00,2020-06-30 15:55:00,LONG,13,13892.25,14065.75,4485.0,16.0,10.78,收盘平仓,385.0
2020-07-01 09:30:00,2020-07-01 09:35:00,LONG,14,14092.0,14075.0,-504.0,16.0,-1.12,初始止损,5.0
2020-07-02 09:30:00,2020-07-02 10:25:00,LONG,14,14312.0,14295.0,-504.0,16.0,-1.12,初始止损,55.0
2020-07-06 09:50:00,2020-07-06 15:55:00,LONG,15,14414.75,14508.75,2790.0,14.75,6.31,收盘平仓,365.0
2020-07-07 09:30:00,2020-07-07 09:35:00,LONG,16,14531.25,14516.0,-520.0,15.25,-1.07,初始止损,5.0
2020-07-08 09:30:00,2020-07-08 11:00:00,LONG,15,14523.0,14506.75,-517.5,15.25,-1.13,初始止损,90.0
2020-07-09 09:30:00,2020-07-09 09:35:00,LONG,16,14659.5,14644.5,-512.0,15.0,-1.07,初始止损,5.0
2020-07-10 09:30:00,2020-07-10 10:15:00,SHORT,16,14609.75,14624.75,-512.0,15.0,-1.07,初始止损,45.0
2020-07-13 09:30:00,2020-07-13 13:55:00,LONG,15,14865.75,14865.75,-30.0,15.0,-0.07,保本止损,265.0
2020-07-14 09:30:00,2020-07-14 09:35:00,LONG,14,14498.25,14481.25,-504.0,16.5,-1.09,初始止损,5.0
2020-07-15 09:35:00,2020-07-15 09:40:00,SHORT,13,14608.75,14627.0,-500.5,17.25,-1.12,初始止损,5.0
2020-07-16 09:30:00,2020-07-16 09:35:00,SHORT,13,14463.5,14481.5,-494.0,17.0,-1.12,初始止损,5.0
2020-07-17 09:40:00,2020-07-17 09:55:00,SHORT,13,14502.75,14520.75,-494.0,17.0,-1.12,初始止损,15.0
2020-07-20 09:35:00,2020-07-20 09:45:00,SHORT,14,14556.75,14573.25,-490.0,16.5,-1.06,初始止损,10.0
2020-07-21 09:30:00,2020-07-21 15:55:00,SHORT,13,14902.5,14741.25,4166.5,17.25,9.29,收盘平仓,385.0
2020-07-22 09:50:00,2020-07-22 10:10:00,LONG,14,14801.0,14783.5,-518.0,17.25,-1.07,初始止损,20.0
2020-07-23 09:30:00,2020-07-23 09:35:00,SHORT,14,14725.75,14743.0,-511.0,16.75,-1.09,初始止损,5.0
2020-07-24 09:30:00,2020-07-24 10:00:00,SHORT,13,14323.25,14323.25,-26.0,17.5,-0.06,保本止损,30.0
2020-07-27 09:30:00,2020-07-27 11:25:00,LONG,13,14478.75,14460.25,-507.0,17.5,-1.11,初始止损,115.0
2020-07-28 09:30:00,2020-07-28 10:55:00,SHORT,13,14529.25,14547.5,-500.5,17.5,-1.1,初始止损,85.0
2020-07-29 09:40:00,2020-07-29 09:55:00,SHORT,13,14501.25,14519.5,-500.5,17.0,-1.13,初始止损,15.0
2020-07-30 09:30:00,2020-07-30 09:35:00,LONG,14,14519.25,14502.5,-497.0,16.75,-1.06,初始止损,5.0
2020-07-31 09:30:00,2020-07-31 15:05:00,SHORT,14,14753.0,14753.0,-28.0,16.5,-0.06,保本止损,335.0
2020-08-03 09:30:00,2020-08-03 10:45:00,LONG,14,14933.0,14916.25,-497.0,16.5,-1.08,初始止损,75.0
2020-08-04 09:30:00,2020-08-04 09:35:00,LONG,14,14956.0,14939.5,-490.0,16.25,-1.08,初始止损,5.0
2020-08-05 09:30:00,2020-08-05 09:35:00,SHORT,14,14989.75,15006.25,-490.0,15.75,-1.11,初始止损,5.0
2020-08-06 09:35:00,2020-08-06 09:55:00,SHORT,15,15005.25,15020.5,-487.5,15.0,-1.08,初始止损,20.0
2020-08-07 09:45:00,2020-08-07 10:00:00,LONG,15,15162.5,15147.5,-480.0,15.0,-1.07,初始止损,15.0
2020-08-10 09:30:00,2020-08-10 09:35:00,SHORT,14,15038.25,15054.25,-476.0,15.0,-1.13,初始止损,5.0
2020-08-11 09:30:00,2020-08-11 09:35:00,SHORT,14,14894.5,14910.5,-476.0,15.25,-1.11,初始止损,5.0
2020-08-12 09:30:00,2020-08-12 15:55:00,LONG,14,14910.25,15063.25,4256.0,15.25,9.97,收盘平仓,385.0
2020-08-13 09:35:00,2020-08-13 09:40:00,LONG,14,15138.75,15121.75,-504.0,16.0,-1.12,初始止损,5.0
2020-08-14 09:30:00,2020-08-14 09:35:00,SHORT,15,15084.25,15100.0,-502.5,15.5,-1.08,初始止损,5.0
2020-08-17 09:35:00,2020-08-17 15:55:00,LONG,15,15155.0,15201.5,1365.0,15.0,3.03,收盘平仓,380.0
2020-08-18 09:35:00,2020-08-18 09:40:00,LONG,16,15292.75,15278.0,-504.0,14.75,-1.07,初始止损,5.0
2020-08-19 09:35:00,2020-08-19 09:40:00,LONG,16,15313.5,15298.75,-504.0,14.5,-1.09,初始止损,5.0
2020-08-20 09:35:00,2020-08-20 15:55:00,LONG,16,15233.75,15391.25,5008.0,14.25,10.98,收盘平仓,380.0
2020-08-24 09:35:00,2020-08-24 09:45:00,LONG,17,15631.75,15617.0,-535.5,14.0,-1.12,初始止损,10.0
2020-08-26 09:30:00,2020-08-26 09:50:00,LONG,18,15697.25,15683.5,-531.0,13.75,-1.07,初始止损,20.0
2020-08-27 09:35:00,2020-08-27 09:40:00,SHORT,17,15837.75,15852.25,-527.0,14.25,-1.09,初始止损,5.0
2020-08-28 09:30:00,2020-08-28 09:35:00,LONG,17,15911.75,15897.25,-527.0,14.25,-1.09,初始止损,5.0
2020-08-31 09:40:00,2020-08-31 09:45:00,LONG,17,15958.0,15943.75,-518.5,13.75,-1.11,初始止损,5.0
2020-09-01 09:30:00,2020-09-01 09:35:00,SHORT,17,16062.0,16076.25,-518.5,13.75,-1.11,初始止损,5.0
2020-09-02 09:30:00,2020-09-02 13:30:00,SHORT,17,16314.5,16314.5,-34.0,14.0,-0.07,保本止损,240.0
2020-09-03 09:30:00,2020-09-03 09:35:00,SHORT,16,16096.75,16111.75,-512.0,14.25,-1.12,初始止损,5.0
2020-09-04 09:30:00,2020-09-04 09:35:00,LONG,13,15724.25,15706.0,-500.5,17.25,-1.12,初始止损,5.0
2020-09-07 09:30:00,2020-09-07 12:55:00,LONG,11,15378.5,15418.5,858.0,19.75,1.97,收盘平仓,205.0
2020-09-08 09:35:00,2020-09-08 09:40:00,LONG,12,15159.75,15139.75,-504.0,19.25,-1.09,初始止损,5.0
2020-09-10 09:30:00,2020-09-10 09:35:00,LONG,11,15457.75,15436.0,-500.5,21.0,-1.08,初始止损,5.0
2020-09-11 09:30:00,2020-09-11 09:35:00,SHORT,10,15108.25,15132.0,-495.0,22.25,-1.11,初始止损,5.0
2020-09-14 09:40:00,2020-09-14 13:05:00,LONG,10,15161.5,15138.0,-490.0,22.5,-1.09,初始止损,205.0
2020-09-15 09:35:00,2020-09-15 10:15:00,LONG,10,15331.0,15307.75,-485.0,22.0,-1.1,初始止损,40.0
2020-09-16 09:40:00,2020-09-16 09:55:00,SHORT,10,15318.25,15341.25,-480.0,21.75,-1.1,初始止损,15.0
2020-09-17 09:30:00,2020-09-17 12:10:00,LONG,10,14875.5,14875.5,-20.0,21.5,-0.05,保本止损,160.0
2020-09-18 09:30:00,2020-09-18 15:55:00,SHORT,10,14979.0,14812.25,3315.0,21.75,7.62,收盘平仓,385.0
2020-09-21 09:30:00,2020-09-21 09:35:00,LONG,10,14674.25,14650.25,-500.0,22.25,-1.12,初始止损,5.0
2020-09-22 09:30:00,2020-09-22 12:05:00,SHORT,10,14934.0,14934.0,-20.0,22.25,-0.04,保本止损,155.0
2020-09-23 09:30:00,2020-09-23 09:40:00,SHORT,10,15014.5,15038.5,-500.0,22.25,-1.12,初始止损,10.0
2020-09-24 09:40:00,2020-09-24 15:55:00,LONG,10,14655.0,14772.75,2335.0,22.5,5.19,收盘平仓,375.0
2020-09-25 09:30:00,2020-09-25 09:40:00,SHORT,10,14770.5,14795.0,-510.0,22.75,-1.12,初始止损,10.0
2020-09-28 09:30:00,2020-09-28 14:50:00,SHORT,10,15206.5,15231.0,-510.0,22.75,-1.12,初始止损,320.0
2020-09-29 10:05:00,2020-09-29 10:25:00,LONG,10,15267.5,15243.25,-505.0,22.5,-1.12,初始止损,20.0
2020-09-30 09:30:00,2020-09-30 09:35:00,LONG,11,15237.75,15216.0,-500.5,21.25,-1.07,初始止损,5.0
2020-10-01 09:45:00,2020-10-01 13:05:00,SHORT,11,15433.75,15455.5,-500.5,21.0,-1.08,初始止损,200.0
2020-10-02 09:30:00,2020-10-02 11:30:00,LONG,11,15256.25,15256.25,-22.0,20.5,-0.05,保本止损,120.0
2020-10-05 09:30:00,2020-10-05 15:55:00,LONG,11,15240.5,15383.0,3113.0,21.0,6.74,收盘平仓,385.0
2020-10-06 09:30:00,2020-10-06 09:40:00,LONG,11,15362.0,15339.5,-517.0,21.0,-1.12,初始止损,10.0
2020-10-07 09:30:00,2020-10-07 10:00:00,LONG,11,15314.25,15292.0,-511.5,21.0,-1.11,初始止损,30.0
2020-10-08 09:30:00,2020-10-08 15:55:00,SHORT,11,15445.75,15430.75,308.0,20.75,0.67,收盘平仓,385.0
2020-10-09 09:40:00,2020-10-09 15:55:00,LONG,12,15514.25,15605.75,2172.0,19.75,4.58,收盘平仓,375.0
2020-10-12 09:30:00,2020-10-12 09:35:00,SHORT,13,15796.25,15815.75,-533.0,19.25,-1.06,初始止损,5.0
2020-10-13 09:30:00,2020-10-13 10:50:00,SHORT,12,15990.5,16011.5,-528.0,20.5,-1.07,初始止损,80.0
2020-10-14 09:30:00,2020-10-14 09:35:00,SHORT,12,15982.25,16003.0,-522.0,20.0,-1.09,初始止损,5.0
2020-10-15 09:30:00,2020-10-15 10:15:00,LONG,12,15710.75,15690.25,-516.0,19.75,-1.09,初始止损,45.0
2020-10-16 09:35:00,2020-10-16 09:40:00,SHORT,12,15834.5,15855.0,-516.0,19.75,-1.09,初始止损,5.0
2020-10-19 09:35:00,2020-10-19 09:50:00,LONG,12,15829.5,15809.25,-510.0,19.25,-1.1,初始止损,15.0
2020-10-20 09:35:00,2020-10-20 09:40:00,SHORT,12,15543.75,15564.0,-510.0,20.0,-1.06,初始止损,5.0
2020-10-21 09:30:00,2020-10-21 11:10:00,LONG,12,15587.0,15567.0,-504.0,19.5,-1.08,初始止损,100.0
2020-10-22 09:30:00,2020-10-22 09:35:00,LONG,12,15600.75,15581.0,-498.0,19.0,-1.09,初始止损,5.0
2020-10-23 09:30:00,2020-10-23 14:30:00,SHORT,12,15522.25,15542.0,-498.0,18.75,-1.11,初始止损,300.0
2020-10-26 09:30:00,2020-10-26 10:30:00,LONG,13,15507.5,15489.5,-494.0,18.0,-1.06,初始止损,60.0
2020-10-27 09:30:00,2020-10-27 09:35:00,SHORT,12,15406.75,15426.25,-492.0,18.75,-1.09,初始止损,5.0
2020-10-28 09:30:00,2020-10-28 15:55:00,SHORT,12,15256.25,15031.75,5364.0,18.0,12.42,收盘平仓,385.0
2020-10-29 09:30:00,2020-10-29 09:35:00,LONG,12,15119.75,15099.0,-522.0,19.25,-1.13,初始止损,5.0
2020-10-30 09:40:00,2020-10-30 15:55:00,SHORT,12,15071.75,14949.5,2910.0,19.5,6.22,收盘平仓,375.0
2020-11-02 09:35:00,2020-11-02 10:05:00,LONG,12,15059.5,15038.0,-540.0,20.25,-1.11,初始止损,30.0
2020-11-03 09:30:00,2020-11-03 09:35:00,SHORT,12,15004.0,15025.5,-540.0,20.25,-1.11,初始止损,5.0
2020-11-04 09:35:00,2020-11-04 09:40:00,SHORT,12,15474.75,15496.0,-534.0,20.25,-1.1,初始止损,5.0
2020-11-05 09:30:00,2020-11-05 09:35:00,SHORT,11,15890.25,15913.25,-528.0,22.0,-1.09,初始止损,5.0
2020-11-06 09:30:00,2020-11-06 10:25:00,SHORT,11,15874.25,15897.0,-522.5,22.25,-1.07,初始止损,55.0
2020-11-09 09:30:00,2020-11-09 09:35:00,SHORT,11,15988.0,16010.75,-522.5,22.0,-1.08,初始止损,5.0
2020-11-10 09:30:00,2020-11-10 09:35:00,LONG,10,15621.25,15596.5,-515.0,22.75,-1.13,初始止损,5.0
2020-11-11 09:35:00,2020-11-11 15:55:00,LONG,10,15669.5,15774.25,2075.0,22.75,4.56,收盘平仓,380.0
2020-11-12 09:30:00,2020-11-12 09:45:00,LONG,11,15816.25,15793.25,-528.0,22.75,-1.05,初始止损,15.0
2020-11-13 09:30:00,2020-11-13 09:35:00,SHORT,11,15782.75,15805.5,-522.5,22.25,-1.07,初始止损,5.0
2020-11-16 09:35:00,2020-11-16 15:55:00,LONG,11,15845.5,15907.75,1347.5,21.25,2.88,收盘平仓,380.0
2020-11-17 09:35:00,2020-11-17 10:50:00,SHORT,12,15903.25,15924.5,-534.0,20.75,-1.07,初始止损,75.0
2020-11-18 09:50:00,2020-11-18 10:20:00,SHORT,12,15826.75,15847.75,-528.0,19.75,-1.11,初始止损,30.0
2020-11-19 09:30:00,2020-11-19 09:35:00,SHORT,13,15749.5,15768.75,-526.5,19.0,-1.07,初始止损,5.0
2020-11-20 09:30:00,2020-11-20 10:35:00,SHORT,13,15873.25,15892.25,-520.0,18.5,-1.08,初始止损,65.0
2020-11-23 09:30:00,2020-11-23 10:05:00,LONG,13,15857.25,15838.25,-520.0,17.75,-1.13,初始止损,35.0
2020-11-24 09:30:00,2020-11-24 10:40:00,SHORT,13,15828.5,15847.25,-513.5,17.5,-1.13,初始止损,70.0
2020-11-25 09:30:00,2020-11-25 10:00:00,LONG,13,16015.75,15997.0,-513.5,17.5,-1.13,初始止损,30.0
2020-11-26 09:30:00,2020-11-26 10:15:00,LONG,14,16096.5,16079.25,-511.0,16.75,-1.09,初始止损,45.0
2020-11-27 09:55:00,2020-11-27 13:10:00,LONG,14,16142.75,16167.5,665.0,16.0,1.48,收盘平仓,195.0
2020-11-30 09:35:00,2020-11-30 14:40:00,SHORT,15,16162.25,16162.25,-30.0,15.75,-0.06,保本止损,305.0
2020-12-01 09:30:00,2020-12-01 09:35:00,SHORT,15,16239.25,16255.25,-510.0,15.75,-1.08,初始止损,5.0
2020-12-02 09:30:00,2020-12-02 09:55:00,SHORT,15,16251.75,16267.75,-510.0,15.75,-1.08,初始止损,25.0
2020-12-03 09:30:00,2020-12-03 09:45:00,LONG,15,16388.75,16373.0,-502.5,15.5,-1.08,初始止损,15.0
2020-12-04 09:30:00,2020-12-04 09:35:00,SHORT,15,16353.0,16368.75,-502.5,15.0,-1.12,初始止损,5.0
2020-12-07 09:30:00,2020-12-07 15:55:00,LONG,16,16447.25,16491.5,1384.0,14.25,3.04,收盘平仓,385.0
2020-12-08 09:35:00,2020-12-08 10:05:00,SHORT,17,16443.75,16457.75,-510.0,13.75,-1.09,初始止损,30.0
2020-12-09 09:30:00,2020-12-09 09:40:00,SHORT,17,16489.75,16503.75,-510.0,13.75,-1.09,初始止损,10.0
2020-12-10 09:30:00,2020-12-10 09:35:00,SHORT,16,16119.5,16134.25,-504.0,14.5,-1.09,初始止损,5.0
2020-12-11 09:30:00,2020-12-11 09:35:00,SHORT,15,16210.0,16225.5,-495.0,14.75,-1.12,初始止损,5.0
2020-12-14 09:30:00,2020-12-14 15:55:00,LONG,16,16267.75,16287.25,592.0,14.5,1.28,收盘平仓,385.0
2020-12-15 09:45:00,2020-12-15 09:55:00,LONG,16,16401.0,16386.25,-504.0,14.25,-1.11,初始止损,10.0
2020-12-16 09:30:00,2020-12-16 10:05:00,SHORT,16,16430.75,16445.25,-496.0,14.0,-1.11,初始止损,35.0
2020-12-17 09:30:00,2020-12-17 09:35:00,LONG,17,16585.0,16571.5,-493.0,13.5,-1.07,初始止损,5.0
2020-12-18 09:30:00,2020-12-18 15:55:00,SHORT,17,16586.0,16531.25,1827.5,13.0,4.13,收盘平仓,385.0
2020-12-21 09:30:00,2020-12-21 09:40:00,LONG,18,16457.25,16444.25,-504.0,13.0,-1.08,初始止损,10.0
2020-12-22 09:30:00,2020-12-22 09:35:00,SHORT,17,16515.0,16528.75,-501.5,13.5,-1.09,初始止损,5.0
2020-12-23 09:30:00,2020-12-23 09:35:00,SHORT,17,16517.0,16530.75,-501.5,13.5,-1.09,初始止损,5.0
2020-12-24 09:30:00,2020-12-24 11:25:00,LONG,17,16515.75,16502.25,-493.0,13.0,-1.12,初始止损,115.0
2020-12-28 09:30:00,2020-12-28 10:50:00,SHORT,18,16636.5,16636.5,-36.0,12.25,-0.08,保本止损,80.0
2020-12-29 09:30:00,2020-12-29 09:35:00,LONG,18,16736.25,16723.5,-495.0,12.25,-1.12,初始止损,5.0
2020-12-30 09:30:00,2020-12-30 15:55:00,SHORT,18,16702.75,16671.5,1089.0,12.0,2.52,收盘平仓,385.0
2020-12-31 09:30:00,2020-12-31 09:35:00,SHORT,19,16663.75,16675.75,-494.0,11.75,-1.11,初始止损,5.0
2021-01-04 09:30:00,2021-01-04 15:55:00,SHORT,20,16733.0,16516.75,8610.0,11.25,19.13,收盘平仓,385.0
2021-01-05 09:30:00,2021-01-05 11:15:00,LONG,20,16523.25,16523.25,-40.0,12.75,-0.08,保本止损,105.0
2021-01-06 09:30:00,2021-01-06 09:35:00,SHORT,20,16384.75,16397.75,-560.0,12.75,-1.1,初始止损,5.0
2021-01-07 09:30:00,2021-01-07 15:55:00,LONG,19,16590.5,16754.25,6184.5,13.0,12.52,收盘平仓,385.0
2021-01-08 09:40:00,2021-01-08 09:45:00,LONG,19,16867.25,16852.5,-598.5,14.0,-1.12,初始止损,5.0
2021-01-11 09:30:00,2021-01-11 09:40:00,SHORT,19,16763.0,16777.5,-589.0,14.0,-1.11,初始止损,10.0
2021-01-12 09:30:00,2021-01-12 09:40:00,LONG,19,16758.5,16744.0,-589.0,14.0,-1.11,初始止损,10.0
2021-01-13 09:30:00,2021-01-13 09:35:00,LONG,19,16730.75,16716.5,-579.5,14.0,-1.09,初始止损,5.0
2021-01-14 09:30:00,2021-01-14 09:35:00,LONG,19,16824.0,16809.75,-579.5,13.75,-1.11,初始止损,5.0
2021-01-15 09:30:00,2021-01-15 09:55:00,LONG,19,16739.5,16725.5,-570.0,13.5,-1.11,初始止损,25.0
2021-01-18 09:35:00,2021-01-18 09:50:00,SHORT,19,16619.75,16633.75,-570.0,13.75,-1.09,初始止损,15.0
2021-01-19 09:30:00,2021-01-19 09:35:00,LONG,20,16744.25,16731.0,-570.0,12.75,-1.12,初始止损,5.0
2021-01-20 09:30:00,2021-01-20 15:55:00,LONG,20,16972.75,17114.25,5620.0,13.0,10.81,收盘平仓,385.0
2021-01-21 09:30:00,2021-01-21 09:35:00,SHORT,20,17127.25,17141.25,-600.0,13.75,-1.09,初始止损,5.0
2021-01-22 09:35:00,2021-01-22 10:25:00,LONG,20,17178.75,17164.75,-600.0,13.5,-1.11,初始止损,50.0
2021-01-25 09:30:00,2021-01-25 09:45:00,LONG,21,17364.0,17350.75,-598.5,13.0,-1.1,初始止损,15.0
2021-01-26 09:30:00,2021-01-26 09:35:00,LONG,19,17330.5,17316.0,-589.0,14.0,-1.11,初始止损,5.0
2021-01-27 09:30:00,2021-01-27 09:55:00,SHORT,19,17102.0,17102.0,-38.0,13.75,-0.07,保本止损,25.0
2021-01-28 09:40:00,2021-01-28 09:45:00,LONG,17,17065.5,17049.5,-578.0,15.25,-1.11,初始止损,5.0
2021-01-29 09:35:00,2021-01-29 09:45:00,SHORT,17,16881.0,16897.0,-578.0,15.5,-1.1,初始止损,10.0
2021-02-01 09:30:00,2021-02-01 09:40:00,LONG,16,16916.25,16899.5,-568.0,16.25,-1.09,初始止损,10.0
2021-02-02 09:30:00,2021-02-02 15:55:00,LONG,15,17201.5,17277.25,2242.5,17.0,4.4,收盘平仓,385.0
2021-02-03 09:30:00,2021-02-03 10:00:00,SHORT,15,17341.75,17360.0,-577.5,17.25,-1.12,初始止损,30.0
2021-02-04 10:00:00,2021-02-04 10:05:00,SHORT,16,17221.75,17238.75,-576.0,17.0,-1.06,初始止损,5.0
2021-02-05 09:30:00,2021-02-05 09:45:00,SHORT,16,17388.75,17405.75,-576.0,16.5,-1.09,初始止损,15.0
2021-02-08 09:30:00,2021-02-08 09:40:00,SHORT,16,17474.25,17491.0,-568.0,16.0,-1.11,初始止损,10.0
2021-02-09 09:30:00,2021-02-09 09:40:00,LONG,17,17500.5,17484.75,-569.5,15.5,-1.08,初始止损,10.0
2021-02-10 09:30:00,2021-02-10 09:45:00,SHORT,17,17557.0,17572.5,-561.0,14.75,-1.12,初始止损,15.0
2021-02-11 09:50:00,2021-02-11 09:55:00,SHORT,17,17518.25,17533.75,-561.0,15.0,-1.1,初始止损,5.0
2021-02-12 09:30:00,2021-02-12 09:35:00,SHORT,18,17494.75,17509.25,-558.0,14.5,-1.07,初始止损,5.0
2021-02-15 09:40:00,2021-02-15 12:55:00,LONG,17,17683.75,17700.75,544.0,14.5,1.1,收盘平仓,195.0
2021-02-16 09:40:00,2021-02-16 10:00:00,LONG,18,17684.5,17670.0,-558.0,13.75,-1.13,初始止损,20.0
2021-02-18 09:40:00,2021-02-18 09:55:00,LONG,18,17391.5,17377.0,-558.0,14.0,-1.11,初始止损,15.0
2021-02-19 09:30:00,2021-02-19 11:00:00,SHORT,18,17502.75,17517.0,-549.0,14.25,-1.07,初始止损,90.0
2021-02-22 09:30:00,2021-02-22 09:35:00,SHORT,18,17197.25,17211.5,-549.0,14.0,-1.09,初始止损,5.0
2021-02-23 09:30:00,2021-02-23 10:05:00,SHORT,16,16778.0,16778.0,-32.0,15.0,-0.07,保本止损,35.0
2021-02-24 09:40:00,2021-02-24 09:45:00,SHORT,15,16858.0,16874.75,-532.5,16.5,-1.08,初始止损,5.0
2021-02-25 09:30:00,2021-02-25 09:50:00,LONG,14,17075.25,17057.25,-532.0,17.25,-1.1,初始止损,20.0
2021-02-26 09:35:00,2021-02-26 09:40:00,LONG,13,16827.25,16808.0,-526.5,18.75,-1.08,初始止损,5.0
2021-03-01 09:35:00,2021-03-01 09:40:00,SHORT,12,16880.75,16901.5,-522.0,19.25,-1.13,初始止损,5.0
2021-03-02 09:35:00,2021-03-02 15:55:00,SHORT,12,17063.75,16887.0,4218.0,20.0,8.79,收盘平仓,380.0
2021-03-03 09:30:00,2021-03-03 09:35:00,LONG,13,16857.5,16837.5,-546.0,20.0,-1.05,初始止损,5.0
2021-03-04 09:30:00,2021-03-04 09:40:00,LONG,12,16575.0,16553.5,-540.0,20.5,-1.1,初始止损,10.0
2021-03-05 09:35:00,2021-03-05 09:40:00,SHORT,11,16292.25,16315.5,-533.5,21.75,-1.11,初始止损,5.0
2021-03-08 09:30:00,2021-03-08 09:35:00,SHORT,11,16370.75,16394.0,-533.5,22.75,-1.07,初始止损,5.0
2021-03-09 09:30:00,2021-03-09 09:40:00,LONG,10,16466.75,16441.5,-525.0,23.5,-1.12,初始止损,10.0
2021-03-11 09:30:00,2021-03-11 09:35:00,LONG,10,16825.0,16800.0,-520.0,24.5,-1.06,初始止损,5.0
2021-03-12 09:35:00,2021-03-12 09:40:00,SHORT,10,16635.0,16660.0,-520.0,24.75,-1.05,初始止损,5.0
2021-03-15 09:35:00,2021-03-15 09:45:00,SHORT,10,16723.25,16748.0,-515.0,24.5,-1.05,初始止损,10.0
2021-03-16 09:30:00,2021-03-16 09:35:00,LONG,10,16996.5,16972.0,-510.0,23.75,-1.07,初始止损,5.0
2021-03-17 09:30:00,2021-03-17 09:45:00,SHORT,10,16790.75,16815.25,-510.0,23.25,-1.1,初始止损,15.0
2021-03-18 09:30:00,2021-03-18 09:40:00,LONG,10,16819.25,16795.0,-505.0,23.5,-1.07,初始止损,10.0
2021-03-19 10:00:00,2021-03-19 10:10:00,SHORT,10,16528.0,16552.0,-500.0,24.0,-1.04,初始止损,10.0
2021-03-22 09:30:00,2021-03-22 09:40:00,LONG,10,16790.5,16766.75,-495.0,23.5,-1.05,初始止损,10.0
2021-03-23 09:30:00,2021-03-23 10:05:00,SHORT,10,16911.25,16935.0,-495.0,23.5,-1.05,初始止损,35.0
2021-03-24 09:30:00,2021-03-24 11:05:00,SHORT,10,16854.25,16854.25,-20.0,22.75,-0.04,保本止损,95.0
2021-03-25 09:35:00,2021-03-25 09:45:00,LONG,10,16600.75,16577.25,-490.0,22.75,-1.08,初始止损,10.0
2021-03-26 09:30:00,2021-03-26 11:20:00,LONG,10,16606.0,16582.75,-485.0,22.25,-1.09,初始止损,110.0
2021-03-29 09:30:00,2021-03-29 09:40:00,LONG,10,16769.0,16745.75,-485.0,22.25,-1.09,初始止损,10.0
2021-03-30 09:30:00,2021-03-30 10:40:00,SHORT,10,16657.25,16680.25,-480.0,21.5,-1.12,初始止损,70.0
2021-03-31 09:30:00,2021-03-31 15:55:00,LONG,10,16790.75,16902.75,2220.0,21.0,5.29,收盘平仓,385.0
2021-04-01 09:30:00,2021-04-01 15:55:00,LONG,11,17085.25,17132.5,1017.5,21.0,2.2,收盘平仓,385.0
2021-04-05 09:30:00,2021-04-05 15:55:00,LONG,11,17254.75,17400.0,3173.5,20.75,6.95,收盘平仓,385.0
2021-04-06 09:30:00,2021-04-06 09:35:00,SHORT,12,17370.0,17391.0,-528.0,20.75,-1.06,初始止损,5.0
2021-04-07 09:30:00,2021-04-07 09:40:00,SHORT,12,17339.25,17360.0,-522.0,20.0,-1.09,初始止损,10.0
2021-04-08 09:30:00,2021-04-08 09:45:00,LONG,12,17551.0,17530.5,-516.0,19.25,-1.12,初始止损,15.0
2021-04-09 09:40:00,2021-04-09 15:55:00,LONG,13,17520.25,17647.5,3282.5,18.75,6.73,收盘平仓,375.0
2021-04-12 09:45:00,2021-04-12 10:00:00,SHORT,14,17581.75,17600.0,-539.0,18.25,-1.05,初始止损,15.0
2021-04-13 09:35:00,2021-04-13 09:40:00,LONG,14,17749.75,17731.5,-539.0,17.5,-1.1,初始止损,5.0
2021-04-14 09:30:00,2021-04-14 15:55:00,SHORT,14,17781.75,17626.75,4312.0,17.25,8.93,收盘平仓,385.0
2021-04-15 09:30:00,2021-04-15 10:00:00,LONG,15,17773.0,17755.25,-562.5,17.25,-1.09,初始止损,30.0
2021-04-16 09:30:00,2021-04-16 09:40:00,SHORT,15,17801.25,17819.0,-562.5,17.25,-1.09,初始止损,10.0
2021-04-19 09:30:00,2021-04-19 10:00:00,LONG,16,17816.75,17800.25,-560.0,16.5,-1.06,初始止损,30.0
2021-04-20 09:35:00,2021-04-20 09:40:00,LONG,16,17707.0,17690.5,-560.0,16.25,-1.08,初始止损,5.0
2021-04-21 09:35:00,2021-04-21 09:40:00,SHORT,16,17529.75,17546.0,-552.0,16.25,-1.06,初始止损,5.0
2021-04-22 09:30:00,2021-04-22 10:25:00,SHORT,15,17709.25,17726.5,-547.5,16.25,-1.12,初始止损,55.0
2021-04-23 09:30:00,2021-04-23 09:45:00,LONG,15,17631.0,17614.0,-540.0,16.5,-1.09,初始止损,15.0
2021-04-26 09:40:00,2021-04-26 09:50:00,LONG,15,17755.25,17738.25,-540.0,16.5,-1.09,初始止损,10.0
2021-04-27 09:30:00,2021-04-27 15:55:00,SHORT,15,17839.75,17769.75,2070.0,16.0,4.31,收盘平仓,385.0
2021-04-28 09:30:00,2021-04-28 09:45:00,SHORT,16,17722.25,17738.5,-552.0,15.5,-1.11,初始止损,15.0
2021-04-29 09:30:00,2021-04-29 15:55:00,SHORT,17,17843.5,17773.25,2354.5,15.0,4.62,收盘平仓,385.0
2021-04-30 09:30:00,2021-04-30 11:20:00,LONG,17,17682.5,17682.5,-34.0,15.25,-0.07,保本止损,110.0
2021-05-03 09:30:00,2021-05-03 10:05:00,SHORT,18,17710.25,17725.0,-567.0,14.75,-1.07,初始止损,35.0
2021-05-04 09:30:00,2021-05-04 15:55:00,SHORT,17,17458.25,17361.5,3255.5,14.75,6.49,收盘平仓,385.0
2021-05-05 09:30:00,2021-05-05 09:35:00,LONG,17,17461.25,17445.0,-586.5,15.75,-1.1,初始止损,5.0
2021-05-06 09:30:00,2021-05-06 09:35:00,SHORT,17,17249.25,17265.25,-578.0,15.75,-1.08,初始止损,5.0
2021-05-07 09:30:00,2021-05-07 09:35:00,SHORT,17,17491.5,17507.5,-578.0,15.75,-1.08,初始止损,5.0
2021-05-10 09:30:00,2021-05-10 09:35:00,SHORT,17,17386.5,17402.25,-569.5,15.75,-1.06,初始止损,5.0
2021-05-11 09:35:00,2021-05-11 10:30:00,LONG,16,16981.75,16981.75,-32.0,16.5,-0.06,保本止损,55.0
2021-05-13 09:30:00,2021-05-13 09:35:00,LONG,15,16957.75,16940.0,-562.5,17.75,-1.06,初始止损,5.0
2021-05-14 09:30:00,2021-05-14 09:35:00,LONG,14,17067.25,17048.25,-560.0,17.75,-1.13,初始止损,5.0
2021-05-17 09:30:00,2021-05-17 09:35:00,SHORT,14,17109.0,17127.75,-553.0,18.25,-1.08,初始止损,5.0
2021-05-18 09:30:00,2021-05-18 09:35:00,SHORT,14,17142.25,17161.0,-553.0,18.0,-1.1,初始止损,5.0
2021-05-19 09:30:00,2021-05-19 09:35:00,LONG,14,16848.0,16829.5,-546.0,17.75,-1.1,初始止损,5.0
2021-05-20 09:30:00,2021-05-20 15:55:00,LONG,14,17147.5,17304.75,4375.0,18.0,8.68,收盘平仓,385.0
2021-05-21 09:35:00,2021-05-21 09:55:00,SHORT,14,17324.5,17344.0,-574.0,18.25,-1.12,初始止损,20.0
2021-05-24 09:30:00,2021-05-24 15:55:00,LONG,15,17347.5,17455.75,3217.5,18.0,5.96,收盘平仓,385.0
2021-05-25 09:30:00,2021-05-25 15:55:00,SHORT,15,17510.25,17474.5,1042.5,18.0,1.93,收盘平仓,385.0
2021-05-26 09:45:00,2021-05-26 10:20:00,SHORT,16,17488.75,17506.5,-600.0,17.5,-1.07,初始止损,35.0
2021-05-27 09:45:00,2021-05-27 09:50:00,SHORT,17,17469.75,17486.5,-603.5,16.5,-1.08,初始止损,5.0
2021-05-28 09:35:00,2021-05-28 10:25:00,LONG,17,17535.25,17518.75,-595.0,15.75,-1.11,初始止损,50.0
2021-05-31 09:45:00,2021-05-31 12:55:00,SHORT,18,17486.75,17473.0,459.0,15.25,0.84,收盘平仓,190.0
2021-06-01 09:40:00,2021-06-01 09:45:00,LONG,19,17571.5,17556.75,-598.5,14.5,-1.09,初始止损,5.0
2021-06-02 09:30:00,2021-06-02 09:35:00,LONG,19,17496.25,17481.5,-598.5,14.25,-1.11,初始止损,5.0
2021-06-03 09:35:00,2021-06-03 10:05:00,SHORT,19,17337.5,17352.0,-589.0,14.0,-1.11,初始止损,30.0
2021-06-04 09:30:00,2021-06-04 15:55:00,LONG,19,17460.75,17584.75,4674.0,14.0,8.79,收盘平仓,385.0
2021-06-08 09:35:00,2021-06-08 09:50:00,LONG,20,17717.5,17703.0,-620.0,14.0,-1.11,初始止损,15.0
2021-06-09 09:40:00,2021-06-09 09:45:00,LONG,21,17701.25,17687.5,-619.5,13.75,-1.07,初始止损,5.0
2021-06-10 09:30:00,2021-06-10 10:45:00,LONG,21,17687.75,17687.75,-42.0,13.25,-0.08,保本止损,75.0
2021-06-11 09:30:00,2021-06-11 09:35:00,SHORT,21,17770.5,17784.25,-619.5,13.25,-1.11,初始止损,5.0
2021-06-14 09:30:00,2021-06-14 09:35:00,SHORT,22,17781.25,17794.25,-616.0,12.75,-1.1,初始止损,5.0
2021-06-15 09:30:00,2021-06-15 09:35:00,SHORT,22,17880.25,17893.0,-605.0,12.75,-1.08,初始止损,5.0
2021-06-16 09:30:00,2021-06-16 09:35:00,LONG,22,17864.75,17852.0,-605.0,12.5,-1.1,初始止损,5.0
2021-06-17 09:30:00,2021-06-17 15:55:00,LONG,21,17786.0,17964.25,7444.5,13.0,13.63,收盘平仓,385.0
2021-06-18 09:40:00,2021-06-18 09:45:00,LONG,22,17922.75,17909.0,-649.0,13.5,-1.09,初始止损,5.0
2021-06-21 09:30:00,2021-06-21 09:40:00,SHORT,22,17805.25,17819.0,-649.0,13.25,-1.11,初始止损,10.0
2021-06-22 09:30:00,2021-06-22 09:40:00,LONG,22,17958.5,17945.0,-638.0,13.25,-1.09,初始止损,10.0
2021-06-23 09:30:00,2021-06-23 09:35:00,LONG,22,18103.25,18089.75,-638.0,13.25,-1.09,初始止损,5.0
2021-06-24 09:30:00,2021-06-24 13:20:00,LONG,23,18167.5,18154.75,-632.5,12.75,-1.08,初始止损,230.0
2021-06-25 09:30:00,2021-06-25 09:35:00,LONG,22,18195.0,18181.75,-627.0,12.75,-1.12,初始止损,5.0
2021-06-28 09:30:00,2021-06-28 15:55:00,LONG,23,18247.5,18319.25,3254.5,12.25,5.78,收盘平仓,385.0
2021-06-29 09:35:00,2021-06-29 10:00:00,LONG,24,18324.75,18312.25,-648.0,12.25,-1.1,初始止损,25.0
2021-06-30 09:30:00,2021-06-30 09:35:00,SHORT,24,18341.5,18354.0,-648.0,12.0,-1.12,初始止损,5.0
2021-07-01 09:30:00,2021-07-01 09:40:00,LONG,25,18361.5,18349.5,-650.0,11.5,-1.13,初始止损,10.0
2021-07-02 09:35:00,2021-07-02 09:40:00,LONG,26,18464.0,18452.75,-637.0,11.25,-1.09,初始止损,5.0
2021-07-05 09:35:00,2021-07-05 12:55:00,SHORT,26,18505.75,18501.25,182.0,11.25,0.31,收盘平仓,200.0
2021-07-06 09:30:00,2021-07-06 09:40:00,LONG,27,18569.0,18558.0,-648.0,10.75,-1.12,初始止损,10.0
2021-07-07 09:30:00,2021-07-07 09:35:00,SHORT,27,18636.0,18646.75,-634.5,10.75,-1.09,初始止损,5.0
2021-07-08 09:35:00,2021-07-08 09:40:00,LONG,26,18439.75,18428.75,-624.0,10.75,-1.12,初始止损,5.0
2021-07-09 09:35:00,2021-07-09 09:40:00,SHORT,24,18492.25,18504.25,-624.0,11.5,-1.13,初始止损,5.0
2021-07-12 09:30:00,2021-07-12 15:35:00,SHORT,24,18674.5,18674.5,-48.0,11.5,-0.09,保本止损,365.0
2021-07-13 09:30:00,2021-07-13 09:35:00,LONG,25,18672.75,18661.25,-625.0,11.25,-1.11,初始止损,5.0
2021-07-14 09:30:00,2021-07-14 09:35:00,LONG,25,18791.25,18780.0,-612.5,11.25,-1.09,初始止损,5.0
2021-07-15 09:30:00,2021-07-15 09:45:00,SHORT,24,18642.5,18654.25,-612.0,11.25,-1.13,初始止损,15.0
2021-07-16 09:30:00,2021-07-16 09:35:00,LONG,24,18672.5,18661.0,-600.0,11.5,-1.09,初始止损,5.0
2021-07-19 09:30:00,2021-07-19 09:35:00,SHORT,23,18308.0,18320.0,-598.0,11.75,-1.11,初始止损,5.0
2021-07-20 09:30:00,2021-07-20 09:35:00,SHORT,22,18359.25,18371.75,-594.0,12.0,-1.12,初始止损,5.0
2021-07-21 09:30:00,2021-07-21 15:55:00,LONG,21,18526.25,18636.0,4567.5,12.75,8.53,收盘平仓,385.0
2021-07-22 09:30:00,2021-07-22 12:20:00,LONG,23,18676.5,18664.0,-621.0,12.5,-1.08,初始止损,170.0
2021-07-23 09:30:00,2021-07-23 09:45:00,SHORT,23,18758.0,18770.5,-621.0,12.25,-1.1,初始止损,15.0
2021-07-26 09:30:00,2021-07-26 09:35:00,SHORT,23,18856.75,18869.0,-609.5,12.25,-1.08,初始止损,5.0
2021-07-27 09:30:00,2021-07-27 09:35:00,SHORT,23,18876.5,18888.75,-609.5,12.0,-1.1,初始止损,5.0
2021-07-28 09:30:00,2021-07-28 10:00:00,SHORT,21,18796.75,18796.75,-42.0,13.0,-0.08,保本止损,30.0
2021-07-29 09:30:00,2021-07-29 15:55:00,LONG,21,18834.75,18843.25,315.0,13.0,0.58,收盘平仓,385.0
2021-07-30 09:30:00,2021-07-30 15:55:00,LONG,22,18703.5,18762.75,2563.0,12.5,4.66,收盘平仓,385.0
2021-08-02 09:35:00,2021-08-02 10:10:00,SHORT,23,18794.25,18806.75,-621.0,12.5,-1.08,初始止损,35.0
2021-08-03 09:30:00,2021-08-03 09:35:00,SHORT,23,18776.25,18788.75,-621.0,12.25,-1.1,初始止损,5.0
2021-08-04 09:35:00,2021-08-04 09:50:00,LONG,22,18857.5,18844.5,-616.0,12.5,-1.12,初始止损,15.0
2021-08-05 09:45:00,2021-08-05 10:25:00,LONG,23,18925.75,18913.5,-609.5,12.25,-1.08,初始止损,40.0
2021-08-06 09:30:00,2021-08-06 09:40:00,LONG,23,18950.25,18938.0,-609.5,12.0,-1.1,初始止损,10.0
2021-08-09 09:30:00,2021-08-09 09:35:00,LONG,23,18925.25,18913.25,-598.0,11.75,-1.11,初始止损,5.0
2021-08-10 09:30:00,2021-08-10 09:45:00,SHORT,24,18942.0,18953.5,-600.0,11.25,-1.11,初始止损,15.0
2021-08-11 09:40:00,2021-08-11 15:55:00,SHORT,24,18878.75,18829.75,2304.0,11.25,4.27,收盘平仓,375.0
2021-08-12 09:35:00,2021-08-12 09:50:00,SHORT,25,18779.25,18790.5,-612.5,11.25,-1.09,初始止损,15.0
2021-08-13 09:40:00,2021-08-13 09:45:00,SHORT,24,18882.25,18894.0,-612.0,11.25,-1.13,初始止损,5.0
2021-08-16 09:30:00,2021-08-16 09:45:00,LONG,25,18900.75,18889.75,-600.0,11.0,-1.09,初始止损,15.0
2021-08-17 09:30:00,2021-08-17 09:35:00,SHORT,24,18816.75,18828.25,-600.0,11.25,-1.11,初始止损,5.0
2021-08-18 09:35:00,2021-08-18 09:40:00,LONG,23,18808.5,18796.5,-598.0,11.75,-1.11,初始止损,5.0
2021-08-19 09:30:00,2021-08-19 09:35:00,LONG,22,18623.0,18610.75,-583.0,12.0,-1.1,初始止损,5.0
2021-08-20 09:30:00,2021-08-20 09:35:00,LONG,21,18796.25,18783.5,-577.5,12.5,-1.1,初始止损,5.0
2021-08-23 09:30:00,2021-08-23 15:55:00,LONG,21,18957.75,19114.25,6531.0,12.5,12.44,收盘平仓,385.0
2021-08-24 09:30:00,2021-08-24 09:35:00,SHORT,22,19131.25,19144.5,-627.0,13.0,-1.1,初始止损,5.0
2021-08-25 09:30:00,2021-08-25 09:50:00,LONG,23,19187.0,19174.5,-621.0,12.25,-1.1,初始止损,20.0
2021-08-26 09:30:00,2021-08-26 09:35:00,LONG,24,19161.25,19149.25,-624.0,11.75,-1.11,初始止损,5.0
2021-08-27 09:35:00,2021-08-27 09:40:00,SHORT,24,19097.25,19109.0,-612.0,11.5,-1.11,初始止损,5.0
2021-08-30 09:30:00,2021-08-30 15:55:00,LONG,23,19292.25,19407.25,5244.0,11.75,9.7,收盘平仓,385.0
2021-08-31 09:30:00,2021-08-31 10:35:00,SHORT,25,19362.5,19374.5,-650.0,11.75,-1.11,初始止损,65.0
2021-09-01 09:30:00,2021-09-01 14:30:00,LONG,25,19466.5,19454.5,-650.0,11.5,-1.13,初始止损,300.0
2021-09-02 09:30:00,2021-09-02 09:35:00,LONG,26,19477.5,19466.25,-637.0,11.25,-1.09,初始止损,5.0
2021-09-03 09:55:00,2021-09-03 10:10:00,LONG,26,19448.5,19437.25,-637.0,11.25,-1.09,初始止损,15.0
2021-09-06 09:45:00,2021-09-06 12:55:00,LONG,26,19503.75,19509.25,234.0,11.0,0.41,收盘平仓,190.0
2021-09-07 09:30:00,2021-09-07 09:35:00,SHORT,27,19441.0,19451.75,-634.5,10.5,-1.12,初始止损,5.0
2021-09-08 09:30:00,2021-09-08 09:45:00,SHORT,28,19436.5,19446.75,-630.0,10.25,-1.1,初始止损,15.0
2021-09-09 09:30:00,2021-09-09 11:15:00,LONG,28,19454.0,19443.75,-630.0,10.25,-1.1,初始止损,105.0
2021-09-10 09:30:00,2021-09-10 09:45:00,LONG,27,19469.75,19459.25,-621.0,10.25,-1.12,初始止损,15.0
2021-09-13 09:35:00,2021-09-13 09:40:00,SHORT,26,19281.75,19292.75,-624.0,10.75,-1.12,初始止损,5.0
2021-09-14 09:35:00,2021-09-14 09:40:00,SHORT,24,19272.25,19284.0,-612.0,11.25,-1.13,初始止损,5.0
2021-09-15 09:30:00,2021-09-15 12:25:00,SHORT,24,19187.75,19187.75,-48.0,11.25,-0.09,保本止损,175.0
2021-09-16 09:30:00,2021-09-16 09:35:00,LONG,24,19268.0,19256.5,-600.0,11.5,-1.09,初始止损,5.0
2021-09-17 09:30:00,2021-09-17 15:55:00,SHORT,23,19245.0,19126.25,5416.5,11.75,10.02,收盘平仓,385.0
2021-09-20 09:35:00,2021-09-20 09:40:00,LONG,24,18927.25,18915.0,-636.0,12.25,-1.08,初始止损,5.0
2021-09-21 09:30:00,2021-09-21 09:35:00,SHORT,20,18857.5,18872.25,-630.0,14.0,-1.12,初始止损,5.0
2021-09-22 09:30:00,2021-09-22 09:50:00,SHORT,21,18835.25,18849.0,-619.5,13.75,-1.07,初始止损,20.0
2021-09-23 09:35:00,2021-09-23 15:55:00,LONG,20,19044.5,19103.75,2330.0,14.0,4.16,收盘平仓,380.0
2021-09-24 09:30:00,2021-09-24 09:35:00,LONG,21,19026.5,19012.25,-640.5,14.0,-1.09,初始止损,5.0
2021-09-27 09:30:00,2021-09-27 10:05:00,SHORT,21,18957.25,18957.25,-42.0,13.75,-0.07,保本止损,35.0
2021-09-28 09:40:00,2021-09-28 09:55:00,SHORT,21,18732.75,18746.75,-630.0,14.0,-1.07,初始止损,15.0
2021-09-29 09:40:00,2021-09-29 09:45:00,SHORT,18,18599.75,18616.0,-621.0,15.5,-1.11,初始止损,5.0
2021-09-30 09:30:00,2021-09-30 09:35:00,LONG,18,18651.25,18635.0,-621.0,15.5,-1.11,初始止损,5.0
2021-10-01 09:30:00,2021-10-01 09:35:00,SHORT,18,18483.75,18499.75,-612.0,15.5,-1.1,初始止损,5.0
2021-10-04 09:30:00,2021-10-04 15:55:00,SHORT,18,18477.0,18272.25,7335.0,15.75,12.94,收盘平仓,385.0
2021-10-05 09:30:00,2021-10-05 09:35:00,LONG,18,18333.25,18316.0,-657.0,16.75,-1.09,初始止损,5.0
2021-10-06 09:30:00,2021-10-06 09:55:00,LONG,17,18361.5,18343.25,-654.5,17.25,-1.12,初始止损,25.0
2021-10-07 09:30:00,2021-10-07 09:35:00,LONG,17,18736.75,18718.75,-646.0,17.5,-1.09,初始止损,5.0
2021-10-08 09:30:00,2021-10-08 09:40:00,SHORT,17,18673.0,18691.0,-646.0,17.5,-1.09,初始止损,10.0
2021-10-11 09:30:00,2021-10-11 13:20:00,LONG,17,18578.5,18578.5,-34.0,17.0,-0.06,保本止损,230.0
2021-10-12 09:35:00,2021-10-12 15:55:00,SHORT,17,18538.5,18454.25,2830.5,17.0,4.9,收盘平仓,380.0
2021-10-13 09:35:00,2021-10-13 09:40:00,LONG,18,18578.75,18561.5,-657.0,16.5,-1.11,初始止损,5.0
2021-10-14 09:30:00,2021-10-14 09:35:00,SHORT,19,18704.0,18720.25,-655.5,16.25,-1.06,初始止损,5.0
2021-10-15 09:30:00,2021-10-15 09:35:00,SHORT,18,18857.25,18874.25,-648.0,16.5,-1.09,初始止损,5.0
2021-10-18 09:35:00,2021-10-18 15:55:00,LONG,19,18887.5,19090.5,7676.0,16.0,12.62,收盘平仓,380.0
2021-10-19 09:30:00,2021-10-19 09:35:00,SHORT,20,19119.25,19135.75,-700.0,16.0,-1.09,初始止损,5.0
2021-10-20 09:35:00,2021-10-20 09:40:00,LONG,21,19229.75,19214.0,-703.5,15.5,-1.08,初始止损,5.0
2021-10-21 09:35:00,2021-10-21 15:55:00,LONG,21,19165.5,19279.5,4746.0,15.0,7.53,收盘平仓,380.0
2021-10-22 09:35:00,2021-10-22 09:45:00,LONG,23,19256.5,19241.5,-736.0,14.75,-1.08,初始止损,10.0
2021-10-25 09:30:00,2021-10-25 09:35:00,LONG,23,19228.25,19213.5,-724.5,14.75,-1.07,初始止损,5.0
2021-10-26 09:30:00,2021-10-26 09:35:00,LONG,22,19430.5,19415.0,-726.0,15.0,-1.1,初始止损,5.0
2021-10-27 09:35:00,2021-10-27 10:05:00,LONG,22,19389.75,19374.5,-715.0,15.0,-1.08,初始止损,30.0
2021-10-28 09:35:00,2021-10-28 09:40:00,SHORT,22,19454.75,19470.0,-715.0,14.75,-1.1,初始止损,5.0
2021-10-29 09:35:00,2021-10-29 15:55:00,LONG,22,19477.75,19644.5,7293.0,14.75,11.24,收盘平仓,380.0
2021-11-01 09:30:00,2021-11-01 11:45:00,SHORT,23,19641.5,19657.0,-759.0,15.0,-1.1,初始止损,135.0
2021-11-02 09:30:00,2021-11-02 15:55:00,LONG,24,19680.75,19766.25,4056.0,14.5,5.83,收盘平仓,385.0
2021-11-03 09:30:00,2021-11-03 09:40:00,SHORT,25,19772.75,19787.5,-787.5,14.25,-1.11,初始止损,10.0
2021-11-04 09:30:00,2021-11-04 09:40:00,SHORT,25,19977.0,19991.75,-787.5,14.25,-1.11,初始止损,10.0
2021-11-05 09:35:00,2021-11-05 09:40:00,LONG,25,20244.75,20230.25,-775.0,14.5,-1.07,初始止损,5.0
2021-11-08 09:50:00,2021-11-08 10:05:00,SHORT,24,20138.0,20153.0,-768.0,14.5,-1.1,初始止损,15.0
2021-11-09 09:30:00,2021-11-09 09:40:00,SHORT,26,20168.75,20182.5,-767.0,13.75,-1.07,初始止损,10.0
2021-11-10 09:30:00,2021-11-10 09:35:00,SHORT,25,19868.75,19883.0,-762.5,14.0,-1.09,初始止损,5.0
2021-11-11 09:30:00,2021-11-11 09:35:00,SHORT,23,19892.0,19907.25,-747.5,14.75,-1.1,初始止损,5.0
2021-11-12 09:30:00,2021-11-12 10:20:00,SHORT,24,19861.25,19875.75,-744.0,14.5,-1.07,初始止损,50.0
2021-11-15 09:40:00,2021-11-15 09:45:00,SHORT,23,20022.0,20037.0,-736.0,14.5,-1.1,初始止损,5.0
2021-11-16 09:30:00,2021-11-16 15:55:00,LONG,23,20002.25,20109.25,4876.0,14.5,7.31,收盘平仓,385.0
2021-11-17 09:35:00,2021-11-17 09:40:00,SHORT,25,20104.75,20119.25,-775.0,14.25,-1.09,初始止损,5.0
2021-11-18 09:30:00,2021-11-18 09:35:00,SHORT,25,20165.75,20180.0,-762.5,14.0,-1.09,初始止损,5.0
2021-11-19 09:45:00,2021-11-19 10:25:00,LONG,25,20384.5,20370.25,-762.5,14.0,-1.09,初始止损,40.0
2021-11-22 09:30:00,2021-11-22 11:00:00,LONG,25,20474.5,20474.5,-50.0,13.75,-0.07,保本止损,90.0
2021-11-23 09:30:00,2021-11-23 09:35:00,SHORT,23,20092.5,20107.75,-747.5,15.0,-1.08,初始止损,5.0
2021-11-24 09:30:00,2021-11-24 09:35:00,SHORT,22,19953.5,19969.5,-748.0,15.5,-1.1,初始止损,5.0
2021-11-25 09:40:00,2021-11-25 12:55:00,LONG,22,20201.5,20208.75,275.0,15.75,0.4,收盘平仓,195.0
2021-11-26 09:30:00,2021-11-26 09:35:00,LONG,23,20099.75,20084.5,-747.5,15.0,-1.08,初始止损,5.0
2021-11-29 09:30:00,2021-11-29 09:35:00,SHORT,21,20034.75,20051.25,-735.0,16.25,-1.08,初始止损,5.0
2021-11-30 09:50:00,2021-11-30 10:35:00,LONG,20,20193.25,20176.0,-730.0,17.0,-1.07,初始止损,45.0
2021-12-01 09:30:00,2021-12-01 09:35:00,SHORT,18,20090.75,20109.75,-720.0,18.0,-1.11,初始止损,5.0
2021-12-02 09:35:00,2021-12-02 09:40:00,LONG,17,19753.75,19733.75,-714.0,19.75,-1.06,初始止损,5.0
2021-12-03 09:35:00,2021-12-03 09:40:00,SHORT,16,19777.25,19798.25,-704.0,20.0,-1.1,初始止损,5.0
2021-12-06 09:30:00,2021-12-06 09:40:00,SHORT,15,19430.75,19453.0,-697.5,21.5,-1.08,初始止损,10.0
2021-12-07 09:30:00,2021-12-07 09:35:00,LONG,15,19961.75,19939.75,-690.0,21.75,-1.06,初始止损,5.0
2021-12-08 09:30:00,2021-12-08 09:40:00,SHORT,14,20100.75,20124.25,-686.0,23.0,-1.07,初始止损,10.0
2021-12-09 09:30:00,2021-12-09 09:50:00,LONG,14,20194.0,20170.75,-679.0,22.0,-1.1,初始止损,20.0
2021-12-10 09:30:00,2021-12-10 09:35:00,LONG,14,20114.5,20091.25,-679.0,22.0,-1.1,初始止损,5.0
2021-12-13 09:30:00,2021-12-13 09:35:00,SHORT,14,20091.25,20114.25,-672.0,21.5,-1.12,初始止损,5.0
2021-12-14 09:35:00,2021-12-14 09:50:00,LONG,15,19755.0,19733.75,-667.5,21.25,-1.05,初始止损,15.0
2021-12-15 09:30:00,2021-12-15 09:35:00,SHORT,14,19676.5,19699.25,-665.0,21.75,-1.09,初始止损,5.0
2021-12-16 09:35:00,2021-12-16 15:55:00,SHORT,13,20069.75,19666.25,10465.0,23.25,17.31,收盘平仓,380.0
2021-12-17 09:30:00,2021-12-17 09:35:00,LONG,14,19571.0,19546.0,-728.0,24.5,-1.06,初始止损,5.0
2021-12-20 09:35:00,2021-12-20 09:40:00,LONG,14,19434.25,19409.25,-728.0,24.25,-1.07,初始止损,5.0
2021-12-21 09:30:00,2021-12-21 11:35:00,SHORT,14,19558.25,19558.25,-28.0,24.25,-0.04,保本止损,125.0
2021-12-22 09:35:00,2021-12-22 09:40:00,LONG,14,19779.0,19754.25,-721.0,24.5,-1.05,初始止损,5.0
2021-12-23 09:30:00,2021-12-23 09:45:00,LONG,14,20015.0,19990.5,-714.0,24.0,-1.06,初始止损,15.0
2021-12-27 09:30:00,2021-12-27 15:55:00,LONG,14,20219.25,20364.5,4039.0,23.25,6.2,收盘平仓,385.0
2021-12-28 09:30:00,2021-12-28 09:55:00,SHORT,15,20375.25,20399.0,-742.5,23.0,-1.08,初始止损,25.0
2021-12-29 09:30:00,2021-12-29 09:35:00,LONG,15,20325.0,20301.5,-735.0,22.25,-1.1,初始止损,5.0
2021-12-30 09:40:00,2021-12-30 09:50:00,SHORT,16,20271.75,20293.75,-736.0,21.5,-1.07,初始止损,10.0
2021-12-31 09:30:00,2021-12-31 09:35:00,LONG,16,20259.75,20238.0,-728.0,20.75,-1.1,初始止损,5.0
2022-01-03 09:30:00,2022-01-03 09:45:00,LONG,17,20242.25,20222.0,-722.5,20.25,-1.05,初始止损,15.0
2022-01-04 09:30:00,2022-01-04 15:55:00,SHORT,17,20289.75,20076.75,7208.0,19.75,10.73,收盘平仓,385.0
2022-01-05 09:30:00,2022-01-05 09:35:00,SHORT,17,19919.5,19941.25,-773.5,20.5,-1.11,初始止损,5.0
2022-01-06 09:30:00,2022-01-06 09:45:00,LONG,16,19594.25,19571.5,-760.0,21.75,-1.09,初始止损,15.0
2022-01-07 09:40:00,2022-01-07 09:45:00,LONG,16,19605.25,19582.5,-760.0,21.75,-1.09,初始止损,5.0
2022-01-10 09:30:00,2022-01-10 11:25:00,SHORT,16,19128.5,19128.5,-32.0,22.0,-0.05,保本止损,115.0
2022-01-11 09:30:00,2022-01-11 09:35:00,SHORT,15,19336.75,19360.75,-750.0,22.75,-1.1,初始止损,5.0
2022-01-12 09:30:00,2022-01-12 09:35:00,LONG,15,19788.25,19764.5,-742.5,23.25,-1.06,初始止损,5.0
2022-01-13 09:35:00,2022-01-13 09:40:00,LONG,15,19768.75,19745.25,-735.0,22.5,-1.09,初始止损,5.0
2022-01-14 09:30:00,2022-01-14 11:15:00,LONG,14,19231.25,19231.25,-28.0,23.75,-0.04,保本止损,105.0
2022-01-17 09:40:00,2022-01-17 10:15:00,SHORT,15,19376.0,19399.5,-735.0,23.25,-1.05,初始止损,35.0
2022-01-18 09:30:00,2022-01-18 09:40:00,SHORT,15,19095.5,19118.75,-727.5,22.0,-1.1,初始止损,10.0
2022-01-19 09:35:00,2022-01-19 09:40:00,LONG,15,19125.0,19102.0,-720.0,22.5,-1.07,初始止损,5.0
2022-01-20 09:30:00,2022-01-20 09:35:00,LONG,15,19003.25,18980.25,-720.0,22.75,-1.05,初始止损,5.0
2022-01-21 09:30:00,2022-01-21 09:35:00,LONG,14,18611.0,18586.5,-714.0,24.0,-1.06,初始止损,5.0
2022-01-24 09:35:00,2022-01-24 09:40:00,LONG,13,18047.25,18021.25,-702.0,24.5,-1.1,初始止损,5.0
2022-01-25 09:35:00,2022-01-25 09:40:00,LONG,12,18064.0,18036.0,-696.0,27.25,-1.06,初始止损,5.0
2022-01-26 09:35:00,2022-01-26 09:45:00,SHORT,11,18202.5,18232.75,-687.5,28.0,-1.12,初始止损,10.0
2022-01-27 09:30:00,2022-01-27 09:40:00,SHORT,11,18080.5,18110.75,-687.5,29.5,-1.06,初始止损,10.0
2022-01-28 09:30:00,2022-01-28 10:15:00,SHORT,11,17774.25,17804.25,-682.0,29.75,-1.04,初始止损,45.0
2022-01-31 09:30:00,2022-01-31 15:55:00,LONG,10,18324.5,18702.5,7540.0,30.75,12.26,收盘平仓,385.0
2022-02-01 09:30:00,2022-02-01 11:10:00,SHORT,11,18706.25,18706.25,-22.0,31.25,-0.03,保本止损,100.0
2022-02-02 09:30:00,2022-02-02 09:35:00,SHORT,11,18929.0,18961.0,-726.0,30.5,-1.08,初始止损,5.0
2022-02-03 09:35:00,2022-02-03 09:40:00,LONG,11,18599.0,18567.0,-726.0,29.75,-1.11,初始止损,5.0
2022-02-04 09:40:00,2022-02-04 09:50:00,LONG,11,18362.5,18330.75,-720.5,31.0,-1.06,初始止损,10.0
2022-02-07 09:30:00,2022-02-07 09:35:00,SHORT,11,18482.25,18513.75,-715.0,31.0,-1.05,初始止损,5.0
2022-02-08 09:35:00,2022-02-08 09:40:00,LONG,11,18369.75,18338.5,-709.5,30.25,-1.07,初始止损,5.0
2022-02-09 09:30:00,2022-02-09 09:35:00,SHORT,11,18712.25,18743.25,-704.0,29.75,-1.08,初始止损,5.0
2022-02-10 09:35:00,2022-02-10 12:45:00,LONG,11,18630.75,18630.75,-22.0,29.25,-0.03,保本止损,190.0
2022-02-11 09:35:00,2022-02-11 09:45:00,SHORT,11,18487.25,18518.0,-698.5,29.5,-1.08,初始止损,10.0
2022-02-14 09:45:00,2022-02-14 10:00:00,LONG,11,18091.0,18060.5,-693.0,30.5,-1.03,初始止损,15.0
2022-02-15 09:45:00,2022-02-15 09:55:00,SHORT,11,18264.25,18294.5,-687.5,30.0,-1.04,初始止损,10.0
2022-02-16 09:30:00,2022-02-16 14:20:00,SHORT,11,18296.25,18326.25,-682.0,29.75,-1.04,初始止损,290.0
2022-02-17 09:45:00,2022-02-17 15:55:00,SHORT,11,18233.25,17970.25,5764.0,29.0,9.03,收盘平仓,370.0
2022-02-18 09:30:00,2022-02-18 09:50:00,SHORT,11,17954.5,17986.25,-720.5,29.25,-1.12,初始止损,20.0
2022-02-21 09:45:00,2022-02-21 09:50:00,SHORT,11,17623.5,17655.0,-715.0,29.0,-1.12,初始止损,5.0
2022-02-22 09:40:00,2022-02-22 10:55:00,LONG,12,17783.5,17754.75,-714.0,28.5,-1.04,初始止损,75.0
2022-02-23 09:40:00,2022-02-23 15:55:00,SHORT,11,17757.0,17310.75,9795.5,28.5,15.62,收盘平仓,375.0
2022-02-24 09:30:00,2022-02-24 09:35:00,LONG,12,16992.25,16961.0,-774.0,29.25,-1.1,初始止损,5.0
2022-02-25 09:35:00,2022-02-25 09:40:00,SHORT,11,17726.5,17760.5,-770.0,32.25,-1.09,初始止损,5.0
2022-02-28 09:30:00,2022-02-28 09:35:00,LONG,11,17898.0,17864.25,-764.5,31.75,-1.09,初始止损,5.0
2022-03-01 09:30:00,2022-03-01 09:40:00,LONG,11,18021.25,17987.75,-759.0,31.25,-1.1,初始止损,10.0
2022-03-02 09:30:00,2022-03-02 09:40:00,SHORT,11,17829.75,17863.0,-753.5,31.0,-1.1,初始止损,10.0
2022-03-03 09:30:00,2022-03-03 15:55:00,SHORT,11,18123.75,17839.5,6231.5,30.5,9.29,收盘平仓,385.0
2022-03-04 09:30:00,2022-03-04 09:40:00,LONG,12,17756.0,17724.0,-792.0,30.5,-1.08,初始止损,10.0
2022-03-07 09:40:00,2022-03-07 15:55:00,SHORT,12,17561.5,17124.25,10470.0,30.0,14.54,收盘平仓,375.0
2022-03-08 09:30:00,2022-03-08 09:35:00,SHORT,13,17045.75,17078.0,-864.5,30.75,-1.08,初始止损,5.0
2022-03-09 09:50:00,2022-03-09 09:55:00,SHORT,13,17319.0,17351.0,-858.0,31.5,-1.05,初始止损,5.0
2022-03-10 09:35:00,2022-03-10 09:40:00,SHORT,12,17297.25,17331.5,-846.0,32.25,-1.09,初始止损,5.0
2022-03-11 09:30:00,2022-03-11 15:55:00,SHORT,12,17477.5,17104.25,8934.0,31.75,11.72,收盘平仓,385.0
2022-03-14 09:30:00,2022-03-14 09:35:00,SHORT,13,16985.5,17019.25,-903.5,31.75,-1.09,初始止损,5.0
2022-03-15 09:40:00,2022-03-15 09:50:00,SHORT,13,16865.0,16898.5,-897.0,31.5,-1.1,初始止损,10.0
2022-03-16 09:35:00,2022-03-16 13:05:00,LONG,13,17435.0,17435.0,-26.0,31.75,-0.03,保本止损,210.0
2022-03-17 09:30:00,2022-03-17 09:35:00,LONG,13,17630.75,17597.5,-890.5,32.0,-1.07,初始止损,5.0
2022-03-18 09:40:00,2022-03-18 15:55:00,LONG,13,17822.75,18165.25,8879.0,31.5,10.84,收盘平仓,375.0
2022-03-21 09:30:00,2022-03-21 09:45:00,LONG,14,18159.0,18126.0,-952.0,31.5,-1.08,初始止损,15.0
2022-03-22 09:30:00,2022-03-22 15:55:00,LONG,14,18173.75,18410.0,6587.0,30.75,7.65,收盘平仓,385.0
2022-03-23 09:30:00,2022-03-23 10:05:00,SHORT,15,18261.75,18293.75,-990.0,30.25,-1.09,初始止损,35.0
2022-03-24 09:30:00,2022-03-24 09:40:00,SHORT,16,18254.0,18283.75,-984.0,29.5,-1.04,初始止损,10.0
2022-03-25 09:30:00,2022-03-25 09:45:00,SHORT,16,18498.75,18528.5,-984.0,29.0,-1.06,初始止损,15.0
2022-03-28 09:30:00,2022-03-28 11:35:00,LONG,16,18558.25,18528.75,-976.0,28.25,-1.08,初始止损,125.0
2022-03-29 09:30:00,2022-03-29 09:35:00,LONG,16,18959.5,18930.25,-968.0,27.75,-1.09,初始止损,5.0
2022-03-30 09:30:00,2022-03-30 09:35:00,LONG,17,18948.5,18921.25,-960.5,27.25,-1.04,初始止损,5.0
2022-03-31 09:30:00,2022-03-31 10:45:00,SHORT,17,18788.0,18815.0,-952.0,26.5,-1.06,初始止损,75.0
2022-04-01 09:35:00,2022-04-01 09:40:00,SHORT,17,18623.25,18650.25,-952.0,26.0,-1.08,初始止损,5.0
2022-04-04 09:30:00,2022-04-04 15:55:00,LONG,17,18666.75,18919.75,8568.0,25.25,9.98,收盘平仓,385.0
2022-04-05 09:40:00,2022-04-05 15:55:00,SHORT,19,18840.75,18586.5,9623.5,25.0,10.13,收盘平仓,375.0
2022-04-06 09:35:00,2022-04-06 14:00:00,SHORT,20,18339.25,18339.25,-40.0,25.25,-0.04,保本止损,265.0
2022-04-07 09:30:00,2022-04-07 09:40:00,LONG,20,18292.5,18266.5,-1080.0,25.75,-1.05,初始止损,10.0
2022-04-08 09:30:00,2022-04-08 10:50:00,SHORT,19,18171.5,18198.5,-1064.0,25.75,-1.09,初始止损,80.0
2022-04-11 09:30:00,2022-04-11 09:35:00,SHORT,20,17880.0,17905.5,-1060.0,25.0,-1.06,初始止损,5.0
2022-04-12 09:30:00,2022-04-12 09:45:00,SHORT,20,17915.25,17940.5,-1050.0,25.25,-1.04,初始止损,15.0
2022-04-13 09:35:00,2022-04-13 15:55:00,LONG,19,17748.25,17976.75,8645.0,25.5,8.92,收盘平仓,380.0
2022-04-14 09:40:00,2022-04-14 15:55:00,SHORT,20,17891.5,17648.5,9680.0,25.5,9.49,收盘平仓,375.0
2022-04-18 09:30:00,2022-04-18 09:35:00,LONG,22,17667.25,17641.5,-1177.0,25.75,-1.04,初始止损,5.0
2022-04-19 09:30:00,2022-04-19 09:35:00,LONG,22,17660.75,17635.25,-1166.0,25.0,-1.06,初始止损,5.0
2022-04-20 09:30:00,2022-04-20 15:55:00,SHORT,21,17971.0,17758.5,8883.0,25.5,8.29,收盘平仓,385.0
2022-04-21 09:30:00,2022-04-21 09:45:00,LONG,23,18014.75,17989.0,-1230.5,25.25,-1.06,初始止损,15.0
2022-04-22 09:30:00,2022-04-22 09:35:00,LONG,21,17503.75,17475.75,-1218.0,26.75,-1.08,初始止损,5.0
2022-04-25 09:40:00,2022-04-25 09:45:00,SHORT,21,17020.75,17048.5,-1207.5,27.25,-1.06,初始止损,5.0
2022-04-26 09:30:00,2022-04-26 15:55:00,SHORT,21,17128.5,16764.0,15267.0,26.75,13.59,收盘平仓,385.0
2022-04-27 09:30:00,2022-04-27 10:05:00,LONG,22,16850.75,16850.75,-44.0,27.75,-0.04,保本止损,35.0
2022-04-28 09:35:00,2022-04-28 09:40:00,SHORT,22,16931.75,16960.5,-1309.0,27.5,-1.08,初始止损,5.0
2022-04-29 09:30:00,2022-04-29 09:35:00,LONG,21,17089.25,17059.5,-1291.5,28.5,-1.08,初始止损,5.0
2022-05-02 09:40:00,2022-05-02 09:45:00,LONG,20,16669.75,16638.75,-1280.0,29.75,-1.08,初始止损,5.0
2022-05-03 09:30:00,2022-05-03 09:55:00,SHORT,20,16812.5,16843.25,-1270.0,29.75,-1.07,初始止损,25.0
2022-05-04 09:30:00,2022-05-04 09:35:00,SHORT,21,16828.25,16857.5,-1270.5,28.75,-1.05,初始止损,5.0
2022-05-05 09:30:00,2022-05-05 15:55:00,SHORT,20,17054.5,16613.75,17590.0,30.25,14.54,收盘平仓,385.0
2022-05-06 09:30:00,2022-05-06 10:05:00,SHORT,20,16439.0,16439.0,-40.0,32.5,-0.03,保本止损,35.0
2022-05-09 09:35:00,2022-05-09 09:40:00,LONG,20,16268.25,16234.75,-1380.0,32.5,-1.06,初始止损,5.0
2022-05-10 09:35:00,2022-05-10 10:00:00,SHORT,20,16208.25,16241.5,-1370.0,33.0,-1.04,初始止损,25.0
2022-05-11 09:40:00,2022-05-11 09:45:00,LONG,20,16092.0,16059.0,-1360.0,32.75,-1.04,初始止损,5.0
2022-05-12 09:30:00,2022-05-12 09:35:00,SHORT,19,15494.75,15529.25,-1349.0,33.25,-1.07,初始止损,5.0
2022-05-13 09:30:00,2022-05-13 09:35:00,SHORT,19,15846.75,15881.0,-1339.5,33.25,-1.06,初始止损,5.0
2022-05-16 09:30:00,2022-05-16 09:35:00,SHORT,19,16032.5,16066.5,-1330.0,33.5,-1.04,初始止损,5.0
2022-05-17 09:30:00,2022-05-17 09:35:00,LONG,19,16259.75,16226.0,-1320.5,32.25,-1.08,初始止损,5.0
2022-05-18 09:35:00,2022-05-18 15:55:00,SHORT,20,16108.25,15695.75,16460.0,31.75,12.96,收盘平仓,380.0
2022-05-19 09:30:00,2022-05-19 09:40:00,LONG,21,15673.25,15640.25,-1428.0,33.0,-1.03,初始止损,10.0
2022-05-20 09:30:00,2022-05-20 09:40:00,SHORT,21,15754.25,15787.0,-1417.5,32.25,-1.05,初始止损,10.0
2022-05-23 09:35:00,2022-05-23 09:40:00,SHORT,20,15589.5,15623.75,-1410.0,33.0,-1.07,初始止损,5.0
2022-05-24 09:30:00,2022-05-24 12:15:00,SHORT,21,15550.75,15550.75,-42.0,32.0,-0.03,保本止损,165.0
2022-05-25 09:30:00,2022-05-25 15:55:00,LONG,21,15535.25,15704.5,7066.5,32.25,5.22,收盘平仓,385.0
2022-05-26 09:30:00,2022-05-26 15:55:00,LONG,22,15736.75,16030.0,12859.0,31.75,9.2,收盘平仓,385.0
2022-05-27 09:30:00,2022-05-27 15:55:00,LONG,23,16201.5,16437.25,10798.5,31.75,7.39,收盘平仓,385.0
2022-05-31 09:30:00,2022-05-31 10:30:00,SHORT,25,16336.0,16367.5,-1625.0,30.25,-1.07,初始止损,60.0
2022-06-01 09:30:00,2022-06-01 09:40:00,LONG,26,16543.25,16513.25,-1612.0,29.75,-1.04,初始止损,10.0
2022-06-03 09:40:00,2022-06-03 09:45:00,SHORT,25,16378.0,16409.0,-1600.0,30.0,-1.07,初始止损,5.0
2022-06-06 09:35:00,2022-06-06 09:40:00,SHORT,25,16472.5,16503.25,-1587.5,30.0,-1.06,初始止损,5.0
2022-06-07 09:30:00,2022-06-07 15:55:00,LONG,26,16235.5,16466.5,11960.0,29.25,7.86,收盘平仓,385.0
2022-06-08 09:35:00,2022-06-08 09:40:00,LONG,27,16468.0,16438.25,-1660.5,29.0,-1.06,初始止损,5.0
2022-06-09 09:30:00,2022-06-09 09:35:00,LONG,28,16341.5,16313.0,-1652.0,28.0,-1.05,初始止损,5.0
2022-06-10 09:30:00,2022-06-10 09:35:00,SHORT,28,15738.5,15766.75,-1638.0,28.25,-1.04,初始止损,5.0
2022-06-13 09:30:00,2022-06-13 09:35:00,LONG,27,15293.0,15263.75,-1633.5,28.5,-1.06,初始止损,5.0
2022-06-14 09:30:00,2022-06-14 10:00:00,SHORT,26,15129.25,15159.25,-1612.0,29.5,-1.05,初始止损,30.0
2022-06-15 09:40:00,2022-06-15 09:50:00,LONG,27,15273.0,15244.25,-1606.5,28.75,-1.03,初始止损,10.0
2022-06-16 09:30:00,2022-06-16 09:35:00,SHORT,26,15021.75,15051.5,-1599.0,29.0,-1.06,初始止损,5.0
2022-06-17 09:30:00,2022-06-17 10:15:00,LONG,25,15002.25,14971.5,-1587.5,30.0,-1.06,初始止损,45.0
2022-06-20 09:35:00,2022-06-20 10:15:00,SHORT,25,15087.25,15117.75,-1575.0,29.25,-1.08,初始止损,40.0
2022-06-21 09:30:00,2022-06-21 15:55:00,LONG,26,15263.0,15314.75,2639.0,28.0,1.81,收盘平仓,385.0
2022-06-22 09:30:00,2022-06-22 09:40:00,LONG,28,15237.25,15210.0,-1582.0,27.25,-1.04,初始止损,10.0
2022-06-23 09:30:00,2022-06-23 10:00:00,SHORT,28,15362.75,15389.75,-1568.0,27.0,-1.04,初始止损,30.0
2022-06-24 09:30:00,2022-06-24 15:55:00,LONG,28,15640.5,15883.5,13552.0,26.25,9.22,收盘平仓,385.0
2022-06-27 09:30:00,2022-06-27 10:55:00,SHORT,30,15850.5,15877.25,-1665.0,26.5,-1.05,初始止损,85.0
2022-06-28 09:30:00,2022-06-28 09:45:00,LONG,30,15880.75,15854.25,-1650.0,25.75,-1.07,初始止损,15.0
2022-06-29 09:30:00,2022-06-29 09:35:00,SHORT,29,15327.0,15354.25,-1638.5,26.75,-1.06,初始止损,5.0
2022-06-30 09:35:00,2022-06-30 10:55:00,SHORT,30,15197.0,15223.0,-1620.0,25.75,-1.05,初始止损,80.0
2022-07-01 09:30:00,2022-07-01 09:40:00,SHORT,30,15201.5,15227.5,-1620.0,25.75,-1.05,初始止损,10.0
2022-07-04 09:30:00,2022-07-04 12:55:00,SHORT,30,15296.75,15289.75,360.0,25.25,0.24,收盘平仓,205.0
2022-07-05 09:30:00,2022-07-05 09:45:00,SHORT,32,15147.75,15172.0,-1616.0,23.75,-1.06,初始止损,15.0
2022-07-06 09:30:00,2022-07-06 09:35:00,LONG,31,15580.75,15556.0,-1596.5,24.25,-1.06,初始止损,5.0
2022-07-07 09:30:00,2022-07-07 15:55:00,LONG,32,15725.75,15871.75,9280.0,23.75,6.11,收盘平仓,385.0
2022-07-08 09:30:00,2022-07-08 09:50:00,LONG,33,15772.25,15748.25,-1650.0,23.5,-1.06,初始止损,20.0
2022-07-11 09:30:00,2022-07-11 15:55:00,SHORT,33,15747.25,15626.75,7887.0,23.25,5.14,收盘平仓,385.0
2022-07-12 09:35:00,2022-07-12 09:40:00,LONG,35,15745.5,15722.25,-1697.5,23.25,-1.04,初始止损,5.0
2022-07-13 09:35:00,2022-07-13 09:40:00,LONG,34,15391.0,15367.25,-1683.0,23.25,-1.06,初始止损,5.0
2022-07-14 09:30:00,2022-07-14 09:45:00,SHORT,34,15331.75,15355.5,-1683.0,23.25,-1.06,初始止损,15.0
2022-07-15 09:30:00,2022-07-15 09:40:00,LONG,34,15690.0,15666.5,-1666.0,23.25,-1.05,初始止损,10.0
2022-07-18 09:30:00,2022-07-18 09:35:00,LONG,34,15872.5,15849.25,-1649.0,22.75,-1.07,初始止损,5.0
2022-07-19 09:45:00,2022-07-19 09:50:00,SHORT,34,15744.75,15768.0,-1649.0,23.0,-1.05,初始止损,5.0
2022-07-20 09:30:00,2022-07-20 15:55:00,LONG,33,16030.75,16201.75,11220.0,23.25,7.31,收盘平仓,385.0
2022-07-21 09:30:00,2022-07-21 09:35:00,SHORT,35,16181.25,16204.75,-1715.0,23.0,-1.07,初始止损,5.0
2022-07-22 09:30:00,2022-07-22 09:35:00,SHORT,35,16325.25,16348.5,-1697.5,23.0,-1.05,初始止损,5.0
2022-07-25 09:30:00,2022-07-25 15:55:00,SHORT,34,16151.0,16091.25,3995.0,23.25,2.53,收盘平仓,385.0
2022-07-26 09:30:00,2022-07-26 09:40:00,SHORT,36,15967.25,15990.0,-1710.0,22.5,-1.06,初始止损,10.0
2022-07-27 09:30:00,2022-07-27 09:35:00,SHORT,36,16026.0,16048.75,-1710.0,22.25,-1.07,初始止损,5.0
2022-07-28 09:40:00,2022-07-28 10:45:00,SHORT,34,16255.0,16278.75,-1683.0,23.75,-1.04,初始止损,65.0
2022-07-29 09:30:00,2022-07-29 09:35:00,SHORT,33,16509.75,16534.0,-1666.5,23.75,-1.06,初始止损,5.0
2022-08-01 09:35:00,2022-08-01 13:35:00,LONG,33,16656.25,16656.25,-66.0,23.5,-0.04,保本止损,240.0
2022-08-02 09:30:00,2022-08-02 09:35:00,LONG,34,16641.5,16618.0,-1666.0,23.25,-1.05,初始止损,5.0
2022-08-03 09:30:00,2022-08-03 15:55:00,LONG,34,16776.25,17008.0,15691.0,23.25,9.92,收盘平仓,385.0
2022-08-04 09:35:00,2022-08-04 09:40:00,SHORT,36,16992.75,17016.25,-1764.0,23.5,-1.04,初始止损,5.0
2022-08-05 09:30:00,2022-08-05 09:40:00,LONG,36,16916.25,16893.0,-1746.0,22.75,-1.07,初始止损,10.0
2022-08-08 09:40:00,2022-08-08 09:45:00,LONG,37,17110.75,17088.25,-1739.0,22.5,-1.04,初始止损,5.0
2022-08-09 09:30:00,2022-08-09 09:35:00,SHORT,36,16779.25,16802.25,-1728.0,22.5,-1.07,初始止损,5.0
2022-08-10 09:30:00,2022-08-10 09:45:00,SHORT,37,17038.75,17061.0,-1720.5,22.0,-1.06,初始止损,15.0
2022-08-11 09:30:00,2022-08-11 09:35:00,SHORT,36,17195.25,17218.0,-1710.0,22.5,-1.06,初始止损,5.0
2022-08-12 09:40:00,2022-08-12 09:45:00,LONG,36,17163.0,17140.5,-1692.0,22.5,-1.04,初始止损,5.0
2022-08-15 09:30:00,2022-08-15 09:35:00,LONG,36,17335.75,17313.5,-1674.0,22.25,-1.04,初始止损,5.0
2022-08-16 09:35:00,2022-08-16 11:30:00,SHORT,37,17363.5,17385.0,-1665.0,21.5,-1.05,初始止损,115.0
2022-08-17 09:40:00,2022-08-17 09:45:00,SHORT,37,17236.5,17258.0,-1665.0,21.25,-1.06,初始止损,5.0
2022-08-18 09:30:00,2022-08-18 09:35:00,SHORT,37,17181.0,17202.25,-1646.5,21.0,-1.06,初始止损,5.0
2022-08-19 09:40:00,2022-08-19 15:55:00,SHORT,38,17080.0,16999.0,6080.0,20.25,3.95,收盘平仓,375.0
2022-08-22 09:30:00,2022-08-22 09:40:00,SHORT,39,16773.5,16794.0,-1677.0,20.5,-1.05,初始止损,10.0
2022-08-23 09:30:00,2022-08-23 09:35:00,LONG,37,16669.75,16648.25,-1665.0,21.0,-1.07,初始止损,5.0
2022-08-24 09:30:00,2022-08-24 09:35:00,SHORT,38,16592.5,16613.25,-1653.0,20.5,-1.06,初始止损,5.0
2022-08-25 09:30:00,2022-08-25 09:35:00,SHORT,39,16709.5,16729.75,-1657.5,19.75,-1.08,初始止损,5.0
2022-08-26 09:35:00,2022-08-26 10:05:00,SHORT,39,16872.0,16872.0,-78.0,19.5,-0.05,保本止损,30.0
2022-08-29 09:30:00,2022-08-29 09:45:00,LONG,36,16303.75,16282.0,-1638.0,21.25,-1.07,初始止损,15.0
2022-08-30 09:35:00,2022-08-30 15:55:00,SHORT,37,16288.0,16089.25,14633.5,20.75,9.53,收盘平仓,380.0
2022-08-31 09:30:00,2022-08-31 09:35:00,SHORT,39,16147.0,16168.25,-1735.5,21.0,-1.06,初始止损,5.0
2022-09-01 09:30:00,2022-09-01 09:35:00,SHORT,39,15886.0,15907.0,-1716.0,20.75,-1.06,初始止损,5.0
2022-09-02 09:30:00,2022-09-02 09:35:00,SHORT,39,16056.0,16076.75,-1696.5,20.75,-1.05,初始止损,5.0
2022-09-05 09:35:00,2022-09-05 12:55:00,LONG,37,15872.75,15871.75,-148.0,21.5,-0.09,收盘平仓,200.0
2022-09-06 09:30:00,2022-09-06 09:35:00,SHORT,39,15841.0,15861.75,-1696.5,20.5,-1.06,初始止损,5.0
2022-09-07 09:30:00,2022-09-07 10:00:00,LONG,39,15817.75,15797.25,-1677.0,20.25,-1.06,初始止损,30.0
2022-09-08 09:30:00,2022-09-08 09:35:00,SHORT,39,15864.25,15884.5,-1657.5,20.25,-1.05,初始止损,5.0
2022-09-09 09:30:00,2022-09-09 09:35:00,LONG,38,16202.75,16182.0,-1653.0,20.25,-1.07,初始止损,5.0
2022-09-12 09:30:00,2022-09-12 09:35:00,LONG,38,16417.0,16396.5,-1634.0,20.25,-1.06,初始止损,5.0
2022-09-13 09:40:00,2022-09-13 09:45:00,SHORT,39,16083.75,16103.75,-1638.0,19.75,-1.06,初始止损,5.0
2022-09-14 09:30:00,2022-09-14 09:35:00,SHORT,34,15763.75,15786.5,-1615.0,22.5,-1.06,初始止损,5.0
2022-09-15 09:45:00,2022-09-15 10:20:00,LONG,35,15862.5,15840.5,-1610.0,21.75,-1.06,初始止损,35.0
2022-09-16 09:40:00,2022-09-16 09:45:00,SHORT,34,15473.25,15495.5,-1581.0,21.75,-1.07,初始止损,5.0
2022-09-19 09:30:00,2022-09-19 12:05:00,LONG,35,15538.75,15517.25,-1575.0,21.25,-1.06,初始止损,155.0
2022-09-20 09:35:00,2022-09-20 09:45:00,SHORT,35,15570.5,15592.0,-1575.0,21.0,-1.07,初始止损,10.0
2022-09-21 09:30:00,2022-09-21 09:40:00,SHORT,36,15601.25,15622.0,-1566.0,20.5,-1.06,初始止损,10.0
2022-09-22 09:35:00,2022-09-22 15:10:00,SHORT,34,15285.25,15285.25,-68.0,21.5,-0.05,保本止损,335.0
2022-09-23 09:45:00,2022-09-23 10:25:00,SHORT,35,15045.0,15066.0,-1540.0,21.0,-1.05,初始止损,40.0
2022-09-26 09:30:00,2022-09-26 11:05:00,LONG,34,15080.25,15080.25,-68.0,21.25,-0.05,保本止损,95.0
2022-09-27 09:30:00,2022-09-27 09:45:00,LONG,34,15190.25,15168.75,-1530.0,21.0,-1.07,初始止损,15.0
2022-09-28 09:30:00,2022-09-28 09:35:00,SHORT,34,14942.5,14964.0,-1530.0,21.25,-1.06,初始止损,5.0
2022-09-29 09:35:00,2022-09-29 15:55:00,SHORT,33,14994.0,14892.25,6649.5,21.75,4.63,收盘平仓,380.0
2022-09-30 09:35:00,2022-09-30 09:40:00,SHORT,33,14827.5,14850.0,-1551.0,22.5,-1.04,初始止损,5.0
2022-10-03 09:30:00,2022-10-03 09:45:00,SHORT,32,14741.5,14764.5,-1536.0,22.75,-1.05,初始止损,15.0
2022-10-04 09:30:00,2022-10-04 13:15:00,LONG,31,15215.5,15215.5,-62.0,23.0,-0.04,保本止损,225.0
2022-10-05 09:30:00,2022-10-05 09:35:00,LONG,31,15188.25,15164.5,-1534.5,23.25,-1.06,初始止损,5.0
2022-10-06 09:30:00,2022-10-06 10:00:00,LONG,30,15312.0,15287.75,-1515.0,23.5,-1.07,初始止损,30.0
2022-10-07 09:40:00,2022-10-07 15:55:00,SHORT,31,14935.5,14760.0,10819.0,22.75,7.67,收盘平仓,375.0
2022-10-10 09:30:00,2022-10-10 13:50:00,SHORT,31,14723.75,14723.75,-62.0,24.0,-0.04,保本止损,260.0
2022-10-11 09:30:00,2022-10-11 11:00:00,SHORT,32,14555.75,14579.5,-1584.0,23.5,-1.05,初始止损,90.0
2022-10-12 09:30:00,2022-10-12 09:35:00,SHORT,32,14491.75,14515.25,-1568.0,23.25,-1.05,初始止损,5.0
2022-10-13 09:45:00,2022-10-13 15:55:00,LONG,33,14244.5,14741.75,32752.5,22.5,22.06,收盘平仓,370.0
2022-10-14 09:30:00,2022-10-14 09:35:00,SHORT,35,14786.5,14811.25,-1802.5,24.25,-1.06,初始止损,5.0
2022-10-17 09:30:00,2022-10-17 15:55:00,LONG,33,14699.25,14771.75,4719.0,25.25,2.83,收盘平仓,385.0
2022-10-18 09:50:00,2022-10-18 09:55:00,SHORT,34,14959.75,14985.5,-1819.0,25.5,-1.05,初始止损,5.0
2022-10-19 09:30:00,2022-10-19 09:40:00,LONG,34,14851.25,14825.75,-1802.0,25.5,-1.04,初始止损,10.0
2022-10-20 09:30:00,2022-10-20 09:35:00,LONG,34,14803.0,14777.75,-1785.0,25.0,-1.05,初始止损,5.0
2022-10-21 09:50:00,2022-10-21 10:35:00,LONG,34,14791.25,14766.0,-1785.0,24.75,-1.06,初始止损,45.0
2022-10-24 09:30:00,2022-10-24 09:35:00,SHORT,33,14981.25,15007.0,-1765.5,25.0,-1.07,初始止损,5.0
2022-10-25 09:30:00,2022-10-25 09:35:00,LONG,34,15213.5,15188.75,-1751.0,24.75,-1.04,初始止损,5.0
2022-10-26 09:40:00,2022-10-26 09:45:00,SHORT,34,15128.75,15153.25,-1734.0,24.5,-1.04,初始止损,5.0
2022-10-27 09:35:00,2022-10-27 10:10:00,SHORT,34,15055.5,15055.5,-68.0,24.25,-0.04,保本止损,35.0
2022-10-28 09:30:00,2022-10-28 10:10:00,LONG,34,14946.25,14921.75,-1734.0,23.75,-1.07,初始止损,40.0
2022-10-31 09:40:00,2022-10-31 11:50:00,SHORT,34,15133.0,15157.25,-1717.0,24.25,-1.04,初始止损,130.0
2022-11-01 09:40:00,2022-11-01 15:55:00,SHORT,34,15242.75,14990.5,17085.0,23.75,10.58,收盘平仓,375.0
2022-11-02 09:30:00,2022-11-02 09:35:00,SHORT,37,14948.25,14972.0,-1831.5,23.5,-1.05,初始止损,5.0
2022-11-03 09:40:00,2022-11-03 10:15:00,SHORT,35,14451.25,14476.25,-1820.0,24.75,-1.05,初始止损,35.0
2022-11-04 09:30:00,2022-11-04 10:00:00,SHORT,35,14525.0,14525.0,-70.0,24.25,-0.04,保本止损,30.0
2022-11-07 09:30:00,2022-11-07 10:05:00,SHORT,36,14571.25,14595.25,-1800.0,24.0,-1.04,初始止损,35.0
2022-11-08 09:30:00,2022-11-08 09:50:00,SHORT,36,14707.25,14731.0,-1782.0,23.5,-1.05,初始止损,20.0
2022-11-09 09:30:00,2022-11-09 09:40:00,SHORT,36,14644.5,14668.25,-1782.0,23.25,-1.06,初始止损,10.0
2022-11-10 09:45:00,2022-11-10 15:55:00,LONG,36,15037.0,15289.25,18090.0,23.25,10.81,收盘平仓,370.0
2022-11-11 09:30:00,2022-11-11 09:40:00,SHORT,35,15248.25,15274.25,-1890.0,25.75,-1.05,初始止损,10.0
2022-11-14 09:30:00,2022-11-14 09:35:00,SHORT,35,15404.0,15429.75,-1872.5,25.75,-1.04,初始止损,5.0
2022-11-15 09:35:00,2022-11-15 10:00:00,SHORT,36,15674.0,15699.0,-1872.0,24.75,-1.05,初始止损,25.0
2022-11-16 09:40:00,2022-11-16 12:45:00,SHORT,35,15461.25,15486.75,-1855.0,24.75,-1.07,初始止损,185.0
2022-11-17 09:30:00,2022-11-17 15:55:00,LONG,36,15242.25,15372.75,9324.0,24.0,5.4,收盘平仓,385.0
2022-11-18 09:30:00,2022-11-18 15:55:00,SHORT,38,15430.75,15368.0,4693.0,23.5,2.63,收盘平仓,385.0
2022-11-21 09:30:00,2022-11-21 09:40:00,SHORT,40,15299.75,15323.0,-1940.0,23.25,-1.04,初始止损,10.0
2022-11-22 09:30:00,2022-11-22 10:15:00,SHORT,41,15253.5,15276.0,-1927.0,22.25,-1.06,初始止损,45.0
2022-11-23 09:30:00,2022-11-23 11:55:00,LONG,41,15429.0,15429.0,-82.0,22.0,-0.05,保本止损,145.0
2022-11-25 09:30:00,2022-11-25 09:35:00,SHORT,45,15430.25,15450.75,-1935.0,20.0,-1.07,初始止损,5.0
2022-11-28 09:30:00,2022-11-28 10:20:00,LONG,46,15408.5,15388.75,-1909.0,19.5,-1.06,初始止损,50.0
2022-11-29 09:35:00,2022-11-29 09:40:00,SHORT,47,15251.0,15270.25,-1903.5,19.25,-1.05,初始止损,5.0
2022-11-30 09:30:00,2022-11-30 09:35:00,LONG,47,15226.5,15207.25,-1903.5,18.75,-1.08,初始止损,5.0
2022-12-01 09:40:00,2022-12-01 10:00:00,LONG,44,15759.75,15739.5,-1870.0,20.25,-1.05,初始止损,20.0
2022-12-02 09:30:00,2022-12-02 09:40:00,LONG,44,15562.25,15542.0,-1870.0,20.0,-1.06,初始止损,10.0
2022-12-05 09:30:00,2022-12-05 10:00:00,LONG,44,15605.0,15585.0,-1848.0,19.75,-1.06,初始止损,30.0
2022-12-06 09:30:00,2022-12-06 15:55:00,SHORT,44,15430.75,15223.0,18194.0,19.75,10.47,收盘平仓,385.0
2022-12-07 09:30:00,2022-12-07 09:40:00,LONG,46,15215.0,15194.75,-1955.0,20.0,-1.06,初始止损,10.0
2022-12-08 09:30:00,2022-12-08 09:50:00,SHORT,47,15178.25,15198.0,-1950.5,19.5,-1.06,初始止损,20.0
2022-12-09 09:40:00,2022-12-09 09:50:00,LONG,48,15300.5,15281.25,-1944.0,19.0,-1.07,初始止损,10.0
2022-12-12 09:35:00,2022-12-12 09:40:00,SHORT,48,15208.5,15227.5,-1920.0,18.75,-1.07,初始止损,5.0
2022-12-13 09:30:00,2022-12-13 09:40:00,SHORT,49,15763.0,15781.5,-1911.0,18.25,-1.07,初始止损,10.0
2022-12-14 09:30:00,2022-12-14 09:45:00,LONG,46,15533.75,15514.25,-1886.0,19.5,-1.05,初始止损,15.0
2022-12-15 09:30:00,2022-12-15 15:55:00,SHORT,44,15187.75,15006.75,15840.0,20.0,9.0,收盘平仓,385.0
2022-12-16 09:30:00,2022-12-16 09:35:00,LONG,45,14984.0,14962.75,-2002.5,21.0,-1.06,初始止损,5.0
2022-12-19 09:30:00,2022-12-19 09:35:00,SHORT,45,14842.25,14863.25,-1980.0,20.75,-1.06,初始止损,5.0
2022-12-20 09:35:00,2022-12-20 09:40:00,LONG,45,14687.0,14666.25,-1957.5,20.5,-1.06,初始止损,5.0
2022-12-21 09:30:00,2022-12-21 09:35:00,SHORT,46,14733.25,14753.5,-1955.0,20.0,-1.06,初始止损,5.0
2022-12-22 09:30:00,2022-12-22 15:55:00,SHORT,46,14688.75,14601.0,7981.0,19.75,4.39,收盘平仓,385.0
2022-12-23 09:30:00,2022-12-23 09:40:00,SHORT,45,14534.75,14556.0,-2002.5,20.75,-1.07,初始止损,10.0
2022-12-27 09:30:00,2022-12-27 15:55:00,SHORT,46,14565.0,14465.0,9108.0,20.25,4.89,收盘平仓,385.0
2022-12-28 09:30:00,2022-12-28 09:50:00,LONG,49,14522.25,14502.25,-2058.0,19.75,-1.06,初始止损,20.0
2022-12-29 09:35:00,2022-12-29 15:55:00,LONG,49,14468.5,14578.25,10657.5,19.75,5.51,收盘平仓,380.0
2022-12-30 09:30:00,2022-12-30 09:40:00,LONG,50,14484.75,14464.5,-2125.0,19.75,-1.08,初始止损,10.0
2023-01-03 09:35:00,2023-01-03 09:40:00,LONG,51,14696.25,14676.75,-2091.0,19.5,-1.05,初始止损,5.0
2023-01-04 09:30:00,2023-01-04 09:35:00,SHORT,50,14528.0,14547.75,-2075.0,19.75,-1.05,初始止损,5.0
2023-01-05 09:30:00,2023-01-05 10:00:00,SHORT,50,14417.5,14437.25,-2075.0,19.5,-1.06,初始止损,30.0
2023-01-06 09:35:00,2023-01-06 09:55:00,SHORT,51,14372.25,14391.5,-2065.5,19.0,-1.07,初始止损,20.0
2023-01-09 09:30:00,2023-01-09 09:35:00,LONG,48,14766.25,14746.0,-2040.0,20.0,-1.06,初始止损,5.0
2023-01-10 09:30:00,2023-01-10 09:35:00,LONG,48,14786.0,14766.0,-2016.0,20.0,-1.05,初始止损,5.0
2023-01-11 09:35:00,2023-01-11 09:50:00,LONG,49,14887.5,14868.0,-2009.0,19.5,-1.05,初始止损,15.0
2023-01-12 09:40:00,2023-01-12 10:00:00,SHORT,49,14903.25,14922.5,-1984.5,19.0,-1.07,初始止损,20.0
2023-01-13 09:30:00,2023-01-13 09:35:00,LONG,49,14997.0,14977.75,-1984.5,19.0,-1.07,初始止损,5.0
2023-01-16 09:30:00,2023-01-16 11:35:00,LONG,49,15142.5,15123.5,-1960.0,18.75,-1.07,初始止损,125.0
2023-01-17 09:50:00,2023-01-17 09:55:00,LONG,52,15165.75,15148.0,-1950.0,17.75,-1.06,初始止损,5.0
2023-01-18 09:55:00,2023-01-18 10:15:00,LONG,53,15265.5,15248.0,-1961.0,17.25,-1.07,初始止损,20.0
2023-01-19 09:30:00,2023-01-19 09:35:00,LONG,52,14976.75,14959.25,-1924.0,17.5,-1.06,初始止损,5.0
2023-01-20 09:30:00,2023-01-20 09:35:00,SHORT,52,14941.25,14958.75,-1924.0,17.25,-1.07,初始止损,5.0
2023-01-23 09:35:00,2023-01-23 15:55:00,LONG,50,15268.75,15477.75,20800.0,17.75,11.72,收盘平仓,380.0
2023-01-24 09:30:00,2023-01-24 09:35:00,LONG,53,15417.25,15399.0,-2040.5,18.25,-1.05,初始止损,5.0
2023-01-25 09:30:00,2023-01-25 09:35:00,SHORT,55,15233.75,15251.25,-2035.0,17.5,-1.06,初始止损,5.0
2023-01-26 09:30:00,2023-01-26 09:40:00,LONG,54,15582.25,15564.5,-2025.0,17.75,-1.06,初始止损,10.0
2023-01-27 09:30:00,2023-01-27 15:55:00,LONG,53,15628.75,15769.5,14813.5,17.75,7.87,收盘平仓,385.0
2023-01-30 09:30:00,2023-01-30 09:35:00,SHORT,55,15618.0,15636.25,-2117.5,18.0,-1.07,初始止损,5.0
2023-01-31 09:30:00,2023-01-31 09:35:00,LONG,55,15570.75,15552.75,-2090.0,18.0,-1.06,初始止损,5.0
2023-02-01 09:30:00,2023-02-01 09:35:00,SHORT,55,15658.25,15676.25,-2090.0,17.75,-1.07,初始止损,5.0
2023-02-02 09:30:00,2023-02-02 09:35:00,LONG,51,16258.75,16239.5,-2065.5,19.0,-1.07,初始止损,5.0
2023-02-03 09:30:00,2023-02-03 09:35:00,LONG,47,16171.0,16150.25,-2044.5,20.5,-1.06,初始止损,5.0
2023-02-06 09:30:00,2023-02-06 09:35:00,LONG,46,16102.75,16081.75,-2024.0,20.75,-1.06,初始止损,5.0
2023-02-07 09:35:00,2023-02-07 09:55:00,LONG,48,16069.0,16049.0,-2016.0,20.0,-1.05,初始止损,20.0
2023-02-08 09:40:00,2023-02-08 09:45:00,LONG,46,16288.75,16268.0,-2001.0,20.5,-1.06,初始止损,5.0
2023-02-09 09:30:00,2023-02-09 15:55:00,SHORT,46,16239.5,15973.5,24380.0,20.5,12.93,收盘平仓,385.0
2023-02-10 09:30:00,2023-02-10 09:35:00,LONG,49,15917.0,15896.0,-2156.0,21.0,-1.05,初始止损,5.0
2023-02-13 09:30:00,2023-02-13 09:35:00,SHORT,49,15918.0,15939.0,-2156.0,20.5,-1.07,初始止损,5.0
2023-02-14 09:30:00,2023-02-14 09:35:00,SHORT,50,15992.5,16012.75,-2125.0,20.25,-1.05,初始止损,5.0
2023-02-15 09:40:00,2023-02-15 09:50:00,LONG,49,16142.25,16121.75,-2107.0,20.25,-1.06,初始止损,10.0
2023-02-16 09:45:00,2023-02-16 10:00:00,LONG,50,16106.5,16086.5,-2100.0,20.0,-1.05,初始止损,15.0
2023-02-17 09:35:00,2023-02-17 10:15:00,SHORT,49,15908.0,15928.25,-2082.5,20.0,-1.06,初始止损,40.0
2023-02-20 09:35:00,2023-02-20 12:55:00,SHORT,50,15931.5,15913.0,1750.0,19.5,0.9,收盘平仓,200.0
2023-02-21 09:35:00,2023-02-21 09:45:00,LONG,53,15813.5,15794.75,-2093.5,18.5,-1.07,初始止损,10.0
2023-02-22 09:30:00,2023-02-22 10:00:00,LONG,53,15683.5,15665.0,-2067.0,18.5,-1.05,初始止损,30.0
2023-02-23 09:35:00,2023-02-23 09:45:00,SHORT,54,15759.0,15777.25,-2079.0,18.0,-1.07,初始止损,10.0
2023-02-24 09:30:00,2023-02-24 09:40:00,LONG,53,15562.25,15544.0,-2040.5,18.0,-1.07,初始止损,10.0
2023-02-27 09:35:00,2023-02-27 09:40:00,SHORT,52,15663.0,15681.5,-2028.0,18.25,-1.07,初始止损,5.0
2023-02-28 09:30:00,2023-02-28 09:35:00,SHORT,53,15598.0,15616.0,-2014.0,18.0,-1.06,初始止损,5.0
2023-03-01 09:30:00,2023-03-01 09:40:00,SHORT,54,15569.5,15587.0,-1998.0,17.5,-1.06,初始止损,10.0
2023-03-02 09:30:00,2023-03-02 09:35:00,LONG,55,15425.75,15408.5,-2007.5,17.0,-1.07,初始止损,5.0
2023-03-03 09:30:00,2023-03-03 09:35:00,SHORT,55,15669.75,15686.75,-1980.0,17.0,-1.06,初始止损,5.0
2023-03-06 09:30:00,2023-03-06 09:35:00,LONG,53,15923.5,15906.0,-1961.0,17.25,-1.07,初始止损,5.0
2023-03-07 09:35:00,2023-03-07 09:55:00,LONG,54,15894.5,15877.5,-1944.0,17.0,-1.06,初始止损,20.0
2023-03-08 09:40:00,2023-03-08 09:55:00,SHORT,53,15704.0,15721.25,-1934.5,17.0,-1.07,初始止损,15.0
2023-03-09 09:35:00,2023-03-09 09:40:00,LONG,55,15833.75,15817.25,-1925.0,16.5,-1.06,初始止损,5.0
2023-03-10 09:30:00,2023-03-10 10:00:00,SHORT,52,15508.5,15508.5,-104.0,17.25,-0.06,保本止损,30.0
2023-03-13 09:40:00,2023-03-13 09:45:00,SHORT,51,15257.75,15275.5,-1912.5,17.5,-1.07,初始止损,5.0
2023-03-14 09:35:00,2023-03-14 09:50:00,LONG,48,15673.75,15655.0,-1896.0,18.5,-1.07,初始止损,15.0
2023-03-15 09:30:00,2023-03-15 09:35:00,LONG,47,15672.75,15653.75,-1880.0,18.75,-1.07,初始止损,5.0
2023-03-16 09:55:00,2023-03-16 10:05:00,LONG,47,15835.0,15816.25,-1856.5,18.75,-1.05,初始止损,10.0
2023-03-17 09:35:00,2023-03-17 09:40:00,LONG,44,16170.5,16150.5,-1848.0,19.75,-1.06,初始止损,5.0
2023-03-20 09:30:00,2023-03-20 09:35:00,SHORT,44,15997.5,16017.25,-1826.0,19.5,-1.06,初始止损,5.0
2023-03-21 09:30:00,2023-03-21 09:35:00,LONG,44,16224.75,16205.25,-1804.0,19.25,-1.06,初始止损,5.0
2023-03-22 09:35:00,2023-03-22 09:40:00,LONG,45,16296.5,16277.5,-1800.0,19.0,-1.05,初始止损,5.0
2023-03-23 09:30:00,2023-03-23 09:40:00,LONG,43,16287.0,16267.25,-1784.5,19.5,-1.06,初始止损,10.0
2023-03-24 09:40:00,2023-03-24 09:50:00,SHORT,42,16191.5,16211.5,-1764.0,20.0,-1.05,初始止损,10.0
2023-03-27 09:30:00,2023-03-27 09:40:00,SHORT,42,16330.5,16350.5,-1764.0,19.5,-1.08,初始止损,10.0
2023-03-28 09:30:00,2023-03-28 15:55:00,SHORT,43,16156.0,16150.25,408.5,19.25,0.25,收盘平仓,385.0
2023-03-29 09:30:00,2023-03-29 10:25:00,LONG,44,16322.25,16303.25,-1760.0,18.75,-1.07,初始止损,55.0
2023-03-30 09:55:00,2023-03-30 10:05:00,LONG,44,16497.0,16478.25,-1738.0,18.75,-1.05,初始止损,10.0
2023-03-31 09:30:00,2023-03-31 15:55:00,LONG,44,16540.75,16719.25,15620.0,18.25,9.73,收盘平仓,385.0
2023-04-03 09:30:00,2023-04-03 09:55:00,LONG,48,16655.25,16637.0,-1848.0,18.0,-1.07,初始止损,25.0
2023-04-04 09:30:00,2023-04-04 10:00:00,SHORT,49,16695.5,16713.25,-1837.5,17.5,-1.07,初始止损,30.0
2023-04-05 09:30:00,2023-04-05 15:55:00,SHORT,49,16580.0,16497.25,8011.5,17.25,4.74,收盘平仓,385.0
2023-04-06 09:30:00,2023-04-06 09:55:00,SHORT,52,16386.25,16403.5,-1898.0,17.0,-1.07,初始止损,25.0
2023-04-10 09:30:00,2023-04-10 11:00:00,SHORT,51,16445.0,16462.25,-1861.5,17.25,-1.06,初始止损,90.0
2023-04-11 09:40:00,2023-04-11 14:30:00,SHORT,51,16530.0,16547.25,-1861.5,17.0,-1.07,初始止损,290.0
2023-04-12 09:35:00,2023-04-12 15:55:00,SHORT,52,16552.5,16376.25,18226.0,16.5,10.62,收盘平仓,380.0
2023-04-13 09:30:00,2023-04-13 15:55:00,LONG,56,16475.0,16627.5,16968.0,16.5,9.18,收盘平仓,385.0
2023-04-14 09:30:00,2023-04-14 10:15:00,LONG,59,16571.25,16571.25,-118.0,16.75,-0.06,保本止损,45.0
2023-04-17 09:35:00,2023-04-17 09:40:00,LONG,59,16611.0,16594.25,-2094.5,16.75,-1.06,初始止损,5.0
2023-04-18 09:30:00,2023-04-18 09:40:00,SHORT,60,16683.75,16700.25,-2100.0,16.25,-1.08,初始止损,10.0
2023-04-19 09:30:00,2023-04-19 09:50:00,LONG,62,16535.0,16519.25,-2077.0,15.75,-1.06,初始止损,20.0
2023-04-20 09:30:00,2023-04-20 14:35:00,LONG,62,16504.0,16504.0,-124.0,15.5,-0.06,保本止损,305.0
2023-04-21 09:45:00,2023-04-21 10:20:00,SHORT,63,16467.75,16483.25,-2079.0,15.25,-1.08,初始止损,35.0
2023-04-24 09:35:00,2023-04-24 10:00:00,LONG,64,16526.0,16511.0,-2048.0,15.0,-1.07,初始止损,25.0
2023-04-25 09:40:00,2023-04-25 09:45:00,LONG,64,16430.25,16415.25,-2048.0,14.75,-1.08,初始止损,5.0
2023-04-26 09:30:00,2023-04-26 09:35:00,SHORT,62,16331.5,16346.75,-2015.0,15.25,-1.07,初始止损,5.0
2023-04-27 09:50:00,2023-04-27 09:55:00,LONG,61,16468.75,16453.25,-2013.0,15.25,-1.08,初始止损,5.0
2023-04-28 09:30:00,2023-04-28 09:50:00,SHORT,58,16622.5,16638.75,-2001.0,16.0,-1.08,初始止损,20.0
2023-05-01 09:45:00,2023-05-01 10:00:00,LONG,58,16733.25,16717.25,-1972.0,15.75,-1.08,初始止损,15.0
2023-05-02 09:30:00,2023-05-02 09:35:00,LONG,60,16724.5,16709.25,-1950.0,15.25,-1.07,初始止损,5.0
2023-05-03 09:40:00,2023-05-03 10:10:00,LONG,59,16635.25,16619.75,-1947.0,15.25,-1.08,初始止损,30.0
2023-05-04 09:30:00,2023-05-04 11:05:00,SHORT,59,16489.25,16504.75,-1947.0,15.25,-1.08,初始止损,95.0
2023-05-05 09:30:00,2023-05-05 15:55:00,LONG,61,16572.0,16741.75,20587.5,14.75,11.44,收盘平仓,385.0
2023-05-08 09:35:00,2023-05-08 11:10:00,SHORT,62,16706.75,16722.5,-2077.0,15.5,-1.08,初始止损,95.0
2023-05-09 09:30:00,2023-05-09 11:10:00,LONG,64,16700.75,16685.75,-2048.0,15.0,-1.07,初始止损,100.0
2023-05-10 09:40:00,2023-05-10 09:55:00,SHORT,66,16773.75,16788.25,-2046.0,14.5,-1.07,初始止损,15.0
2023-05-11 09:30:00,2023-05-11 09:35:00,SHORT,65,16799.75,16814.5,-2047.5,14.5,-1.09,初始止损,5.0
2023-05-12 09:30:00,2023-05-12 09:35:00,LONG,67,16897.75,16883.75,-2010.0,14.0,-1.07,初始止损,5.0
2023-05-15 09:30:00,2023-05-15 09:45:00,SHORT,66,16824.5,16838.75,-2013.0,14.0,-1.09,初始止损,15.0
2023-05-16 09:30:00,2023-05-16 10:10:00,LONG,68,16885.25,16871.5,-2006.0,13.5,-1.09,初始止损,40.0
2023-05-17 09:45:00,2023-05-17 10:25:00,SHORT,69,16923.25,16936.75,-2001.0,13.25,-1.09,初始止损,40.0
2023-05-18 09:30:00,2023-05-18 15:55:00,LONG,69,17093.0,17307.5,29463.0,13.25,16.11,收盘平仓,385.0
2023-05-19 09:45:00,2023-05-19 10:15:00,SHORT,74,17305.25,17319.0,-2183.0,13.75,-1.07,初始止损,30.0
2023-05-22 09:30:00,2023-05-22 10:05:00,LONG,74,17305.5,17291.75,-2183.0,13.5,-1.09,初始止损,35.0
2023-05-23 09:30:00,2023-05-23 09:35:00,LONG,77,17271.5,17258.5,-2156.0,13.0,-1.08,初始止损,5.0
2023-05-24 09:30:00,2023-05-24 09:45:00,LONG,76,17078.0,17065.0,-2128.0,13.0,-1.08,初始止损,15.0
2023-05-25 09:30:00,2023-05-25 10:05:00,SHORT,76,17313.75,17326.75,-2128.0,13.0,-1.08,初始止损,35.0
2023-05-26 09:35:00,2023-05-26 15:55:00,LONG,70,17483.5,17750.75,37275.0,14.0,19.02,收盘平仓,380.0
2023-05-29 09:30:00,2023-05-29 10:30:00,SHORT,72,17787.75,17803.25,-2376.0,15.25,-1.08,初始止损,60.0
2023-05-30 09:35:00,2023-05-30 09:40:00,LONG,76,17958.5,17944.0,-2356.0,14.5,-1.07,初始止损,5.0
2023-05-31 09:30:00,2023-05-31 09:35:00,LONG,74,17770.5,17755.75,-2331.0,14.75,-1.07,初始止损,5.0
2023-06-01 09:30:00,2023-06-01 09:40:00,SHORT,74,17693.0,17707.75,-2331.0,14.5,-1.09,初始止损,10.0
2023-06-02 09:30:00,2023-06-02 09:35:00,LONG,71,18036.5,18021.25,-2307.5,15.0,-1.08,初始止损,5.0
2023-06-05 09:30:00,2023-06-05 09:50:00,LONG,72,18024.0,18009.0,-2304.0,14.75,-1.08,初始止损,20.0
2023-06-06 09:30:00,2023-06-06 09:40:00,SHORT,73,17936.75,17951.25,-2263.0,14.5,-1.07,初始止损,10.0
2023-06-07 09:30:00,2023-06-07 09:35:00,LONG,75,18086.75,18072.75,-2250.0,14.0,-1.07,初始止损,5.0
2023-06-08 09:40:00,2023-06-08 09:45:00,LONG,69,17800.25,17785.0,-2242.5,15.0,-1.08,初始止损,5.0
2023-06-09 09:30:00,2023-06-09 10:45:00,LONG,69,18005.25,18005.25,-138.0,15.0,-0.07,保本止损,75.0
2023-06-12 09:50:00,2023-06-12 10:00:00,SHORT,69,18031.5,18046.5,-2208.0,15.0,-1.07,初始止损,10.0
2023-06-13 09:40:00,2023-06-13 11:10:00,SHORT,67,18328.5,18328.5,-134.0,15.25,-0.07,保本止损,90.0
2023-06-14 09:30:00,2023-06-14 09:40:00,SHORT,68,18318.5,18333.75,-2210.0,15.0,-1.08,初始止损,10.0
2023-06-15 09:35:00,2023-06-15 15:55:00,LONG,67,18393.0,18619.0,30150.0,15.25,14.75,收盘平仓,380.0
2023-06-16 09:35:00,2023-06-16 10:25:00,SHORT,70,18628.75,18644.75,-2380.0,16.0,-1.06,初始止损,50.0
2023-06-19 09:30:00,2023-06-19 12:55:00,SHORT,70,18487.0,18480.75,735.0,16.0,0.33,收盘平仓,205.0
2023-06-20 09:30:00,2023-06-20 09:50:00,LONG,74,18510.75,18495.5,-2405.0,15.0,-1.08,初始止损,20.0
2023-06-21 09:45:00,2023-06-21 15:55:00,SHORT,74,18398.25,18286.75,16354.0,15.0,7.37,收盘平仓,370.0
2023-06-22 09:30:00,2023-06-22 15:55:00,LONG,76,18249.5,18455.0,31084.0,15.25,13.41,收盘平仓,385.0
2023-06-23 09:30:00,2023-06-23 09:35:00,LONG,82,18324.25,18308.75,-2706.0,15.5,-1.06,初始止损,5.0
2023-06-26 09:35:00,2023-06-26 10:35:00,LONG,80,18317.25,18301.25,-2720.0,15.75,-1.08,初始止损,60.0
2023-06-27 09:30:00,2023-06-27 09:40:00,LONG,77,18177.75,18161.25,-2695.0,16.25,-1.08,初始止损,10.0
2023-06-28 09:30:00,2023-06-28 09:45:00,LONG,75,18306.5,18289.75,-2662.5,16.5,-1.08,初始止损,15.0
2023-06-29 09:40:00,2023-06-29 09:45:00,SHORT,76,18329.0,18345.25,-2622.0,16.25,-1.06,初始止损,5.0
2023-06-30 09:35:00,2023-06-30 15:55:00,LONG,78,18510.5,18572.5,9516.0,15.75,3.87,收盘平仓,380.0
2023-07-03 09:30:00,2023-07-03 09:35:00,LONG,77,18602.75,18586.25,-2695.0,16.25,-1.08,初始止损,5.0
2023-07-04 09:30:00,2023-07-04 10:25:00,LONG,81,18606.5,18591.0,-2673.0,15.5,-1.06,初始止损,55.0
2023-07-05 09:30:00,2023-07-05 14:20:00,LONG,86,18573.5,18573.5,-172.0,14.5,-0.07,保本止损,290.0
2023-07-06 09:30:00,2023-07-06 09:35:00,SHORT,87,18400.75,18415.0,-2653.5,14.25,-1.07,初始止损,5.0
2023-07-07 09:50:00,2023-07-07 10:15:00,LONG,85,18503.5,18489.0,-2635.0,14.5,-1.07,初始止损,25.0
2023-07-10 09:30:00,2023-07-10 09:40:00,LONG,84,18426.0,18411.25,-2646.0,14.5,-1.09,初始止损,10.0
2023-07-11 09:40:00,2023-07-11 10:30:00,SHORT,85,18408.25,18422.5,-2592.5,14.25,-1.07,初始止损,50.0
2023-07-12 09:45:00,2023-07-12 09:50:00,LONG,84,18692.25,18677.75,-2604.0,14.25,-1.09,初始止损,5.0
2023-07-13 09:30:00,2023-07-13 10:20:00,LONG,82,18831.0,18816.25,-2583.0,14.5,-1.09,初始止损,50.0
2023-07-14 09:30:00,2023-07-14 10:50:00,LONG,79,18999.25,18999.25,-158.0,15.0,-0.07,保本止损,80.0
2023-07-17 09:30:00,2023-07-17 09:45:00,LONG,79,18992.5,18977.5,-2528.0,15.0,-1.07,初始止损,15.0
2023-07-18 09:30:00,2023-07-18 10:15:00,SHORT,80,19015.75,19030.5,-2520.0,14.75,-1.07,初始止损,45.0
2023-07-19 09:30:00,2023-07-19 09:35:00,SHORT,75,19227.75,19243.5,-2512.5,15.5,-1.08,初始止损,5.0
2023-07-20 09:30:00,2023-07-20 10:00:00,LONG,77,19110.75,19095.5,-2502.5,15.0,-1.08,初始止损,30.0
2023-07-21 09:35:00,2023-07-21 09:40:00,SHORT,71,18900.75,18917.0,-2449.5,16.25,-1.06,初始止损,5.0
2023-07-24 09:30:00,2023-07-24 09:35:00,LONG,71,18848.0,18831.75,-2449.5,16.0,-1.08,初始止损,5.0
2023-07-25 09:30:00,2023-07-25 10:50:00,LONG,72,18863.0,18847.25,-2412.0,15.75,-1.06,初始止损,80.0
2023-07-26 09:30:00,2023-07-26 09:40:00,SHORT,72,18821.25,18837.0,-2412.0,15.5,-1.08,初始止损,10.0
2023-07-27 09:30:00,2023-07-27 10:05:00,LONG,73,19095.5,19080.0,-2409.0,15.25,-1.08,初始止损,35.0
2023-07-28 09:35:00,2023-07-28 15:55:00,LONG,68,19005.25,19091.25,11560.0,16.25,5.23,收盘平仓,380.0
2023-07-31 09:30:00,2023-07-31 09:35:00,SHORT,67,19092.0,19109.25,-2445.5,17.0,-1.07,初始止损,5.0
2023-08-01 10:00:00,2023-08-01 10:10:00,LONG,70,19043.75,19027.5,-2415.0,16.25,-1.06,初始止损,10.0
2023-08-02 09:30:00,2023-08-02 15:55:00,SHORT,72,18867.0,18709.75,22500.0,15.75,9.92,收盘平仓,385.0
2023-08-03 09:35:00,2023-08-03 10:20:00,LONG,72,18643.75,18626.75,-2592.0,16.75,-1.07,初始止损,45.0
2023-08-04 09:30:00,2023-08-04 09:40:00,LONG,73,18796.25,18779.75,-2555.0,16.5,-1.06,初始止损,10.0
2023-08-07 09:30:00,2023-08-07 09:35:00,SHORT,71,18664.25,18681.25,-2556.0,16.75,-1.07,初始止损,5.0
2023-08-08 09:40:00,2023-08-08 14:55:00,SHORT,72,18572.0,18572.0,-144.0,16.5,-0.06,保本止损,315.0
2023-08-09 09:30:00,2023-08-09 15:55:00,SHORT,70,18595.75,18421.75,24220.0,16.75,10.33,收盘平仓,385.0
2023-08-10 09:45:00,2023-08-10 10:40:00,LONG,76,18618.75,18602.0,-2698.0,16.75,-1.06,初始止损,55.0
2023-08-11 09:40:00,2023-08-11 09:45:00,SHORT,73,18311.5,18328.75,-2664.5,17.25,-1.06,初始止损,5.0
2023-08-14 09:40:00,2023-08-14 09:45:00,LONG,74,18339.75,18322.75,-2664.0,16.75,-1.07,初始止损,5.0
2023-08-15 09:35:00,2023-08-15 09:40:00,LONG,73,18499.25,18482.25,-2628.0,17.0,-1.06,初始止损,5.0
2023-08-16 09:30:00,2023-08-16 09:35:00,SHORT,73,18301.25,18318.25,-2628.0,16.75,-1.07,初始止损,5.0
2023-08-17 09:30:00,2023-08-17 15:55:00,SHORT,73,18211.25,18013.75,28689.0,16.75,11.73,收盘平仓,385.0
2023-08-18 09:35:00,2023-08-18 09:40:00,LONG,79,17911.25,17894.5,-2804.5,16.75,-1.06,初始止损,5.0
2023-08-21 09:30:00,2023-08-21 10:25:00,LONG,78,18087.75,18087.75,-156.0,16.75,-0.06,保本止损,55.0
2023-08-22 09:30:00,2023-08-22 15:55:00,SHORT,77,18320.25,18201.75,18095.0,17.0,6.91,收盘平仓,385.0
2023-08-23 09:30:00,2023-08-23 09:35:00,LONG,83,18263.5,18246.75,-2946.5,16.5,-1.08,初始止损,5.0
2023-08-24 09:30:00,2023-08-24 15:55:00,SHORT,81,18498.0,18100.75,64192.5,16.75,23.66,收盘平仓,385.0
2023-08-25 09:30:00,2023-08-25 10:05:00,LONG,87,18163.5,18145.25,-3349.5,18.25,-1.05,初始止损,35.0
2023-08-28 09:35:00,2023-08-28 10:20:00,SHORT,85,18310.25,18329.0,-3357.5,18.5,-1.07,初始止损,45.0
2023-08-29 09:30:00,2023-08-29 09:35:00,LONG,87,18352.25,18334.25,-3306.0,18.0,-1.06,初始止损,5.0
2023-08-30 09:30:00,2023-08-30 09:35:00,LONG,83,18680.25,18661.5,-3278.5,18.75,-1.05,初始止损,5.0
2023-08-31 09:30:00,2023-08-31 12:45:00,LONG,84,18757.0,18757.0,-168.0,18.25,-0.05,保本止损,195.0
2023-09-01 09:35:00,2023-09-01 10:05:00,SHORT,88,18796.75,18814.25,-3256.0,17.5,-1.06,初始止损,30.0
2023-09-04 09:30:00,2023-09-04 10:30:00,LONG,89,18805.5,18788.25,-3248.5,17.25,-1.06,初始止损,60.0
2023-09-06 09:30:00,2023-09-06 09:40:00,SHORT,95,18713.75,18729.75,-3230.0,16.0,-1.06,初始止损,10.0
2023-09-07 09:40:00,2023-09-07 09:45:00,LONG,94,18468.75,18452.75,-3196.0,16.0,-1.06,初始止损,5.0
2023-09-08 09:30:00,2023-09-08 09:55:00,LONG,92,18580.75,18564.5,-3174.0,16.25,-1.06,初始止损,25.0
2023-09-11 09:35:00,2023-09-11 13:05:00,SHORT,94,18628.25,18644.0,-3149.0,15.75,-1.06,初始止损,210.0
2023-09-12 09:35:00,2023-09-12 10:25:00,LONG,94,18662.25,18646.5,-3149.0,15.75,-1.06,初始止损,50.0
2023-09-13 09:30:00,2023-09-13 10:00:00,LONG,93,18561.25,18545.5,-3115.5,15.75,-1.06,初始止损,30.0
2023-09-14 09:30:00,2023-09-14 09:35:00,SHORT,94,18637.25,18652.75,-3102.0,15.5,-1.06,初始止损,5.0
2023-09-15 09:30:00,2023-09-15 15:55:00,SHORT,94,18628.0,18432.0,36660.0,15.25,12.79,收盘平仓,385.0
2023-09-18 09:30:00,2023-09-18 09:40:00,LONG,98,18447.75,18431.75,-3332.0,16.0,-1.06,初始止损,10.0
2023-09-19 09:50:00,2023-09-19 13:30:00,SHORT,100,18365.5,18381.25,-3350.0,15.5,-1.08,初始止损,220.0
2023-09-20 09:30:00,2023-09-20 09:35:00,SHORT,101,18431.0,18446.25,-3282.5,15.25,-1.07,初始止损,5.0
2023-09-21 09:30:00,2023-09-21 09:45:00,LONG,99,18037.5,18022.0,-3267.0,15.5,-1.06,初始止损,15.0
2023-09-22 09:30:00,2023-09-22 09:45:00,SHORT,95,17960.5,17976.5,-3230.0,16.0,-1.06,初始止损,15.0
2023-09-25 09:35:00,2023-09-25 10:25:00,LONG,96,17882.5,17866.75,-3216.0,15.75,-1.06,初始止损,50.0
2023-09-26 09:45:00,2023-09-26 15:55:00,SHORT,97,17840.75,17750.0,17411.5,15.5,5.79,收盘平仓,370.0
2023-09-27 09:40:00,2023-09-27 09:45:00,LONG,98,17832.75,17816.75,-3332.0,16.0,-1.06,初始止损,5.0
2023-09-28 09:40:00,2023-09-28 09:45:00,SHORT,97,17709.25,17725.25,-3298.0,16.0,-1.06,初始止损,5.0
2023-09-29 09:45:00,2023-09-29 10:20:00,LONG,93,18058.75,18042.25,-3255.0,16.5,-1.06,初始止损,35.0
2023-10-02 09:30:00,2023-10-02 10:30:00,LONG,92,17949.75,17949.75,-184.0,16.5,-0.06,保本止损,60.0
2023-10-03 09:30:00,2023-10-03 09:35:00,LONG,92,17948.25,17931.5,-3266.0,16.5,-1.08,初始止损,5.0
2023-10-04 09:30:00,2023-10-04 10:00:00,LONG,89,17837.5,17820.5,-3204.0,17.0,-1.06,初始止损,30.0
2023-10-05 09:40:00,2023-10-05 14:00:00,SHORT,87,17913.0,17913.0,-174.0,17.25,-0.06,保本止损,260.0
2023-10-09 09:30:00,2023-10-09 09:40:00,SHORT,82,18018.75,18037.25,-3198.0,18.25,-1.07,初始止损,10.0
2023-10-10 09:40:00,2023-10-10 15:55:00,LONG,80,18247.75,18311.5,10040.0,18.5,3.39,收盘平仓,375.0
2023-10-11 09:30:00,2023-10-11 09:40:00,LONG,84,18409.75,18391.5,-3234.0,18.25,-1.05,初始止损,10.0
2023-10-12 09:45:00,2023-10-12 09:50:00,SHORT,86,18411.5,18429.25,-3225.0,17.5,-1.07,初始止损,5.0
2023-10-13 10:00:00,2023-10-13 15:55:00,SHORT,85,18352.25,18162.75,32045.0,17.75,10.62,收盘平仓,355.0
2023-10-16 09:30:00,2023-10-16 09:40:00,LONG,90,18273.5,18255.5,-3420.0,18.0,-1.06,初始止损,10.0
2023-10-17 09:30:00,2023-10-17 10:05:00,SHORT,89,18167.75,18185.75,-3382.0,18.0,-1.06,初始止损,35.0
2023-10-18 09:30:00,2023-10-18 09:35:00,LONG,88,18231.75,18213.5,-3388.0,18.0,-1.07,初始止损,5.0
2023-10-19 09:30:00,2023-10-19 10:10:00,SHORT,86,18119.0,18137.5,-3354.0,18.25,-1.07,初始止损,40.0
2023-10-20 09:30:00,2023-10-20 09:35:00,SHORT,85,17862.25,17880.75,-3315.0,18.5,-1.05,初始止损,5.0
2023-10-23 09:30:00,2023-10-23 09:45:00,SHORT,85,17622.5,17641.0,-3315.0,18.25,-1.07,初始止损,15.0
2023-10-24 09:30:00,2023-10-24 09:35:00,LONG,82,17853.25,17834.25,-3280.0,18.75,-1.07,初始止损,5.0
2023-10-25 09:30:00,2023-10-25 15:55:00,SHORT,83,17713.5,17517.5,32370.0,18.5,10.54,收盘平仓,385.0
2023-10-26 09:35:00,2023-10-26 09:40:00,SHORT,85,17412.25,17431.75,-3485.0,19.25,-1.06,初始止损,5.0
2023-10-27 09:40:00,2023-10-27 09:45:00,LONG,83,17383.75,17364.0,-3444.5,19.75,-1.05,初始止损,5.0
2023-10-30 09:30:00,2023-10-30 10:15:00,LONG,84,17437.5,17418.0,-3444.0,19.25,-1.06,初始止损,45.0
2023-10-31 09:30:00,2023-10-31 10:10:00,SHORT,85,17420.0,17439.0,-3400.0,19.0,-1.05,初始止损,40.0
2023-11-01 09:30:00,2023-11-01 15:55:00,LONG,85,17580.5,17784.0,34425.0,18.75,10.8,收盘平仓,385.0
2023-11-02 09:30:00,2023-11-02 09:35:00,SHORT,90,17953.25,17972.5,-3645.0,19.0,-1.07,初始止损,5.0
2023-11-03 09:30:00,2023-11-03 10:25:00,LONG,90,18098.0,18098.0,-180.0,19.0,-0.05,保本止损,55.0
2023-11-06 09:35:00,2023-11-06 09:40:00,LONG,91,18287.75,18269.0,-3594.5,18.75,-1.05,初始止损,5.0
2023-11-07 09:30:00,2023-11-07 09:40:00,SHORT,93,18278.5,18296.75,-3580.5,18.25,-1.05,初始止损,10.0
2023-11-08 09:30:00,2023-11-08 09:35:00,LONG,95,18452.0,18434.25,-3562.5,17.75,-1.06,初始止损,5.0
2023-11-09 09:30:00,2023-11-09 09:50:00,SHORT,97,18427.0,18444.25,-3540.5,17.25,-1.06,初始止损,20.0
2023-11-10 09:35:00,2023-11-10 10:25:00,LONG,96,18385.75,18368.5,-3504.0,17.25,-1.06,初始止损,50.0
2023-11-13 09:30:00,2023-11-13 10:30:00,SHORT,93,18551.75,18569.5,-3487.5,17.75,-1.06,初始止损,60.0
2023-11-14 09:35:00,2023-11-14 15:55:00,LONG,95,18876.0,18920.0,8170.0,17.25,2.49,收盘平仓,380.0
2023-11-15 09:45:00,2023-11-15 10:25:00,SHORT,92,18982.25,19000.25,-3496.0,18.0,-1.06,初始止损,40.0
2023-11-16 09:50:00,2023-11-16 10:15:00,LONG,94,18925.5,18908.0,-3478.0,17.5,-1.06,初始止损,25.0
2023-11-17 09:35:00,2023-11-17 09:50:00,SHORT,98,18886.75,18903.5,-3479.0,16.75,-1.06,初始止损,15.0
2023-11-20 09:30:00,2023-11-20 10:20:00,LONG,100,19002.0,18985.75,-3450.0,16.25,-1.06,初始止损,50.0
2023-11-21 09:45:00,2023-11-21 15:55:00,SHORT,99,19035.25,19029.75,891.0,16.25,0.28,收盘平仓,370.0
2023-11-22 09:30:00,2023-11-22 09:50:00,LONG,101,19178.5,19162.5,-3434.0,16.0,-1.06,初始止损,20.0
2023-11-23 09:30:00,2023-11-23 10:55:00,SHORT,100,19099.75,19115.75,-3400.0,16.0,-1.06,初始止损,85.0
2023-11-24 09:35:00,2023-11-24 13:10:00,SHORT,106,19063.25,19052.25,2120.0,15.0,0.67,收盘平仓,215.0
2023-11-27 09:55:00,2023-11-27 14:40:00,LONG,112,19049.25,19049.25,-224.0,14.25,-0.07,保本止损,285.0
2023-11-28 09:30:00,2023-11-28 09:35:00,LONG,114,19039.0,19025.0,-3420.0,14.0,-1.07,初始止损,5.0
2023-11-29 09:30:00,2023-11-29 10:00:00,LONG,117,19228.75,19215.25,-3393.0,13.5,-1.07,初始止损,30.0
2023-11-30 09:35:00,2023-11-30 10:15:00,SHORT,117,19033.0,19033.0,-234.0,13.5,-0.07,保本止损,40.0
2023-12-01 09:30:00,2023-12-01 09:35:00,SHORT,114,18934.0,18947.75,-3363.0,13.75,-1.07,初始止损,5.0
2023-12-04 09:40:00,2023-12-04 09:45:00,SHORT,114,18876.0,18889.75,-3363.0,13.75,-1.07,初始止损,5.0
2023-12-05 09:35:00,2023-12-05 15:55:00,LONG,109,18849.75,18953.25,22345.0,14.25,7.19,收盘平仓,380.0
2023-12-06 09:30:00,2023-12-06 15:55:00,SHORT,114,19007.25,18856.25,34200.0,14.25,10.53,收盘平仓,385.0
2023-12-07 09:30:00,2023-12-07 09:35:00,LONG,120,19004.75,18990.25,-3720.0,14.5,-1.07,初始止损,5.0
2023-12-08 09:40:00,2023-12-08 09:45:00,LONG,118,19064.0,19049.25,-3717.0,14.75,-1.07,初始止损,5.0
2023-12-11 09:30:00,2023-12-11 09:35:00,LONG,117,19155.5,19140.75,-3685.5,14.75,-1.07,初始止损,5.0
2023-12-12 09:30:00,2023-12-12 09:35:00,SHORT,118,19247.75,19262.25,-3658.0,14.5,-1.07,初始止损,5.0
2023-12-13 09:30:00,2023-12-13 09:40:00,LONG,117,19475.75,19461.25,-3627.0,14.5,-1.07,初始止损,10.0
2023-12-14 10:00:00,2023-12-14 10:10:00,SHORT,114,19647.75,19662.5,-3591.0,14.75,-1.07,初始止损,10.0
2023-12-15 09:35:00,2023-12-15 09:45:00,LONG,111,19656.25,19641.25,-3552.0,15.0,-1.07,初始止损,10.0
2023-12-18 09:30:00,2023-12-18 09:45:00,LONG,112,19697.25,19682.5,-3528.0,14.75,-1.07,初始止损,15.0
2023-12-19 09:30:00,2023-12-19 09:35:00,LONG,113,19807.0,19792.5,-3503.0,14.5,-1.07,初始止损,5.0
2023-12-20 09:30:00,2023-12-20 14:30:00,LONG,119,19823.5,19823.5,-238.0,13.75,-0.07,保本止损,300.0
2023-12-21 09:50:00,2023-12-21 10:20:00,SHORT,113,19743.0,19757.5,-3503.0,14.5,-1.07,初始止损,30.0
2023-12-22 09:40:00,2023-12-22 09:45:00,LONG,112,19865.5,19851.0,-3472.0,14.5,-1.07,初始止损,5.0
2023-12-26 09:30:00,2023-12-26 15:55:00,LONG,113,19864.0,19917.0,11752.0,14.25,3.65,收盘平仓,385.0
2023-12-27 09:30:00,2023-12-27 09:45:00,LONG,118,19943.25,19929.25,-3540.0,14.0,-1.07,初始止损,15.0
2023-12-28 09:30:00,2023-12-28 10:45:00,SHORT,121,19961.25,19974.75,-3509.0,13.5,-1.07,初始止损,75.0
2023-12-29 09:40:00,2023-12-29 10:00:00,LONG,127,19929.5,19916.75,-3492.5,12.75,-1.08,初始止损,20.0
2024-01-02 09:30:00,2024-01-02 15:55:00,SHORT,126,19664.25,19553.5,27657.0,12.75,8.61,收盘平仓,385.0
2024-01-03 09:40:00,2024-01-03 09:45:00,LONG,122,19466.0,19452.0,-3660.0,14.0,-1.07,初始止损,5.0
2024-01-04 09:30:00,2024-01-04 09:40:00,LONG,119,19312.75,19298.5,-3629.5,14.25,-1.07,初始止损,10.0
2024-01-05 09:30:00,2024-01-05 09:35:00,LONG,120,19318.0,19304.0,-3600.0,14.0,-1.07,初始止损,5.0
2024-01-08 09:30:00,2024-01-08 15:55:00,LONG,122,19378.0,19633.75,62159.0,13.75,18.53,收盘平仓,385.0
2024-01-09 09:30:00,2024-01-09 09:35:00,LONG,128,19543.5,19528.75,-4032.0,14.75,-1.07,初始止损,5.0
2024-01-10 09:30:00,2024-01-10 09:50:00,LONG,127,19690.0,19675.25,-4000.5,14.75,-1.07,初始止损,20.0
2024-01-11 09:30:00,2024-01-11 09:40:00,LONG,126,19847.25,19832.5,-3969.0,14.75,-1.07,初始止损,10.0
2024-01-12 09:40:00,2024-01-12 09:50:00,LONG,121,19868.5,19853.25,-3932.5,15.25,-1.07,初始止损,10.0
2024-01-16 09:30:00,2024-01-16 09:35:00,LONG,131,19757.5,19743.5,-3930.0,14.0,-1.07,初始止损,5.0
2024-01-17 09:30:00,2024-01-17 09:35:00,SHORT,130,19593.5,19607.5,-3900.0,14.0,-1.07,初始止损,5.0
2024-01-18 09:30:00,2024-01-18 09:35:00,LONG,124,19864.75,19850.25,-3844.0,14.5,-1.07,初始止损,5.0
2024-01-19 09:45:00,2024-01-19 09:50:00,SHORT,121,20017.75,20032.5,-3811.5,14.75,-1.07,初始止损,5.0
2024-01-22 09:30:00,2024-01-22 09:35:00,LONG,115,20405.75,20390.25,-3795.0,15.5,-1.06,初始止损,5.0
2024-01-23 09:30:00,2024-01-23 09:35:00,SHORT,116,20253.25,20268.5,-3770.0,15.25,-1.07,初始止损,5.0
2024-01-24 09:35:00,2024-01-24 09:40:00,SHORT,119,20470.75,20485.5,-3748.5,14.75,-1.07,初始止损,5.0
2024-01-25 09:35:00,2024-01-25 10:10:00,SHORT,114,20524.25,20539.5,-3705.0,15.25,-1.07,初始止损,35.0
2024-01-26 09:50:00,2024-01-26 09:55:00,SHORT,113,20360.0,20375.25,-3672.5,15.25,-1.07,初始止损,5.0
2024-01-29 09:35:00,2024-01-29 09:45:00,LONG,116,20406.0,20391.25,-3654.0,14.75,-1.07,初始止损,10.0
2024-01-30 09:35:00,2024-01-30 09:45:00,LONG,115,20512.75,20498.0,-3622.5,14.75,-1.07,初始止损,10.0
2024-01-31 09:30:00,2024-01-31 09:35:00,LONG,114,20247.25,20232.5,-3591.0,14.75,-1.07,初始止损,5.0
2024-02-01 10:05:00,2024-02-01 10:10:00,LONG,108,20185.25,20169.75,-3564.0,15.5,-1.06,初始止损,5.0
2024-02-02 09:35:00,2024-02-02 15:55:00,LONG,107,20386.0,20562.25,37503.5,15.5,11.31,收盘平仓,380.0
2024-02-05 09:30:00,2024-02-05 09:35:00,LONG,110,20564.75,20548.5,-3795.0,16.25,-1.06,初始止损,5.0
2024-02-06 09:30:00,2024-02-06 15:55:00,SHORT,111,20562.25,20494.25,14874.0,16.0,4.19,收盘平仓,385.0
2024-02-07 09:35:00,2024-02-07 09:40:00,SHORT,114,20560.75,20577.0,-3933.0,16.0,-1.08,初始止损,5.0
2024-02-08 09:35:00,2024-02-08 09:40:00,LONG,114,20672.75,20656.75,-3876.0,16.0,-1.06,初始止损,5.0
2024-02-09 09:30:00,2024-02-09 09:50:00,SHORT,116,20729.75,20745.25,-3828.0,15.5,-1.06,初始止损,20.0
2024-02-12 09:30:00,2024-02-12 09:40:00,LONG,116,20878.0,20862.5,-3828.0,15.5,-1.06,初始止损,10.0
2024-02-13 09:50:00,2024-02-13 09:55:00,LONG,117,20510.75,20495.5,-3802.5,15.25,-1.07,初始止损,5.0
2024-02-14 09:35:00,2024-02-14 09:40:00,SHORT,107,20585.0,20601.5,-3745.0,16.5,-1.06,初始止损,5.0
2024-02-15 09:30:00,2024-02-15 12:30:00,SHORT,108,20706.5,20706.5,-216.0,16.25,-0.06,保本止损,180.0
2024-02-16 09:30:00,2024-02-16 15:55:00,SHORT,109,20741.25,20579.5,35043.5,16.0,10.05,收盘平仓,385.0
2024-02-19 09:30:00,2024-02-19 10:20:00,LONG,117,20627.0,20611.0,-3978.0,16.0,-1.06,初始止损,50.0
2024-02-20 09:30:00,2024-02-20 09:35:00,LONG,122,20516.5,20501.25,-3965.0,15.25,-1.07,初始止损,5.0
2024-02-21 09:40:00,2024-02-21 09:55:00,SHORT,115,20300.25,20316.25,-3910.0,16.0,-1.06,初始止损,15.0
2024-02-22 09:40:00,2024-02-22 15:55:00,LONG,114,20734.75,20877.25,32262.0,16.0,8.84,收盘平仓,375.0
2024-02-23 09:30:00,2024-02-23 09:40:00,LONG,109,20968.25,20950.25,-4142.0,17.75,-1.07,初始止损,10.0
2024-02-26 09:35:00,2024-02-26 09:40:00,LONG,109,20858.75,20841.0,-4087.5,17.75,-1.06,初始止损,5.0
2024-02-27 09:35:00,2024-02-27 10:00:00,SHORT,113,20813.75,20830.75,-4068.0,17.0,-1.06,初始止损,25.0
2024-02-28 09:45:00,2024-02-28 10:10:00,SHORT,117,20737.5,20753.75,-4036.5,16.25,-1.06,初始止损,25.0
2024-02-29 09:30:00,2024-02-29 09:35:00,LONG,118,20892.5,20876.5,-4012.0,16.0,-1.06,初始止损,5.0
2024-03-01 09:30:00,2024-03-01 09:35:00,LONG,117,20966.5,20950.5,-3978.0,16.0,-1.06,初始止损,5.0
2024-03-04 09:30:00,2024-03-04 09:35:00,SHORT,113,21140.5,21157.0,-3955.0,16.5,-1.06,初始止损,5.0
2024-03-05 09:30:00,2024-03-05 15:55:00,SHORT,117,20907.0,20764.25,33169.5,15.75,9.0,收盘平仓,385.0
2024-03-06 09:45:00,2024-03-06 10:55:00,SHORT,115,20913.25,20913.25,-230.0,17.0,-0.06,保本止损,70.0
2024-03-07 09:30:00,2024-03-07 09:40:00,LONG,115,21022.5,21005.5,-4140.0,17.0,-1.06,初始止损,10.0
2024-03-08 09:35:00,2024-03-08 09:40:00,SHORT,111,21133.25,21150.75,-4107.0,17.5,-1.06,初始止损,5.0
2024-03-11 09:30:00,2024-03-11 09:35:00,SHORT,104,20753.25,20772.0,-4108.0,18.5,-1.07,初始止损,5.0
2024-03-12 09:30:00,2024-03-12 09:55:00,SHORT,106,20856.75,20856.75,-212.0,18.0,-0.06,保本止损,25.0
2024-03-13 09:30:00,2024-03-13 13:10:00,SHORT,105,20983.75,20983.75,-210.0,18.25,-0.05,保本止损,220.0
2024-03-14 09:45:00,2024-03-14 10:10:00,SHORT,106,20867.5,20885.75,-4081.0,18.0,-1.07,初始止损,25.0
2024-03-15 09:35:00,2024-03-15 09:40:00,SHORT,106,20705.75,20723.75,-4028.0,18.0,-1.06,初始止损,5.0
2024-03-18 09:30:00,2024-03-18 09:55:00,LONG,103,20909.5,20891.0,-4017.0,18.25,-1.07,初始止损,25.0
2024-03-19 09:35:00,2024-03-19 09:50:00,SHORT,100,20670.5,20689.25,-3950.0,18.75,-1.05,初始止损,15.0
2024-03-20 09:35:00,2024-03-20 10:25:00,SHORT,100,20866.5,20885.25,-3950.0,18.5,-1.07,初始止损,50.0
2024-03-21 09:45:00,2024-03-21 10:05:00,SHORT,100,21230.0,21248.5,-3900.0,18.5,-1.05,初始止损,20.0
2024-03-22 09:40:00,2024-03-22 09:50:00,SHORT,99,21100.25,21118.75,-3861.0,18.5,-1.05,初始止损,10.0
2024-03-25 09:35:00,2024-03-25 09:45:00,SHORT,102,21040.0,21058.0,-3876.0,17.75,-1.07,初始止损,10.0
2024-03-26 09:30:00,2024-03-26 09:35:00,LONG,103,21180.0,21162.5,-3811.0,17.5,-1.06,初始止损,5.0
2024-03-27 09:30:00,2024-03-27 15:55:00,SHORT,105,21112.5,21098.75,2677.5,17.0,0.75,收盘平仓,385.0
2024-03-28 09:30:00,2024-03-28 09:35:00,SHORT,106,21070.0,21087.0,-3816.0,17.0,-1.06,初始止损,5.0
2024-04-01 09:30:00,2024-04-01 10:15:00,LONG,110,21142.5,21126.25,-3795.0,16.25,-1.06,初始止损,45.0
2024-04-02 09:30:00,2024-04-02 09:35:00,SHORT,111,20859.5,20875.5,-3774.0,16.0,-1.06,初始止损,5.0
2024-04-03 10:00:00,2024-04-03 10:05:00,LONG,107,20944.25,20927.75,-3745.0,16.5,-1.06,初始止损,5.0
2024-04-04 09:50:00,2024-04-04 11:55:00,SHORT,106,21110.0,21126.5,-3710.0,16.5,-1.06,初始止损,125.0
2024-04-05 09:35:00,2024-04-05 09:40:00,SHORT,96,20698.75,20717.0,-3696.0,18.0,-1.07,初始止损,5.0
2024-04-08 09:30:00,2024-04-08 10:00:00,SHORT,93,20883.0,20901.5,-3627.0,18.5,-1.05,初始止损,30.0
2024-04-09 09:30:00,2024-04-09 09:35:00,SHORT,96,20944.75,20962.75,-3648.0,17.75,-1.07,初始止损,5.0
2024-04-10 09:30:00,2024-04-10 09:45:00,LONG,94,20745.5,20727.25,-3619.0,18.0,-1.07,初始止损,15.0
2024-04-11 09:40:00,2024-04-11 09:45:00,SHORT,94,20828.75,20846.75,-3572.0,18.0,-1.06,初始止损,5.0
2024-04-12 09:50:00,2024-04-12 10:00:00,LONG,90,20925.75,20907.0,-3555.0,18.5,-1.07,初始止损,10.0
2024-04-15 09:30:00,2024-04-15 09:35:00,SHORT,86,20862.0,20881.5,-3526.0,19.25,-1.06,初始止损,5.0
2024-04-16 09:35:00,2024-04-16 09:55:00,SHORT,80,20454.5,20475.25,-3480.0,20.5,-1.06,初始止损,20.0
2024-04-17 09:45:00,2024-04-17 15:55:00,SHORT,82,20497.0,20246.25,40959.0,20.0,12.49,收盘平仓,370.0
2024-04-18 09:30:00,2024-04-18 10:15:00,SHORT,88,20226.0,20246.25,-3740.0,20.25,-1.05,初始止损,45.0
2024-04-19 09:35:00,2024-04-19 09:40:00,SHORT,88,20034.25,20054.5,-3740.0,20.0,-1.06,初始止损,5.0
2024-04-22 09:30:00,2024-04-22 09:40:00,SHORT,83,19863.25,19884.5,-3693.5,21.0,-1.06,初始止损,10.0
2024-04-23 09:35:00,2024-04-23 15:55:00,LONG,83,20033.0,20199.0,27390.0,21.0,7.86,收盘平仓,380.0
2024-04-24 09:35:00,2024-04-24 09:55:00,LONG,86,20358.75,20337.25,-3870.0,21.25,-1.06,初始止损,20.0
2024-04-25 09:30:00,2024-04-25 09:35:00,SHORT,87,19905.5,19926.5,-3828.0,21.0,-1.05,初始止损,5.0
2024-04-26 09:35:00,2024-04-26 09:40:00,LONG,85,20346.0,20324.75,-3782.5,21.25,-1.05,初始止损,5.0
2024-04-29 09:30:00,2024-04-29 09:35:00,LONG,83,20528.0,20506.25,-3776.5,21.5,-1.06,初始止损,5.0
2024-04-30 09:30:00,2024-04-30 09:35:00,LONG,85,20444.25,20423.25,-3740.0,21.0,-1.05,初始止损,5.0
2024-05-01 09:30:00,2024-05-01 09:40:00,SHORT,83,20075.5,20097.0,-3735.0,21.25,-1.06,初始止损,10.0
2024-05-02 09:30:00,2024-05-02 11:05:00,SHORT,81,20136.75,20136.75,-162.0,21.75,-0.05,保本止损,95.0
2024-05-03 09:40:00,2024-05-03 10:00:00,LONG,81,20565.0,20543.25,-3685.5,21.75,-1.05,初始止损,20.0
2024-05-06 09:35:00,2024-05-06 15:55:00,LONG,77,20676.5,20789.25,17209.5,22.5,4.97,收盘平仓,380.0
2024-05-07 09:30:00,2024-05-07 09:45:00,LONG,82,20818.25,20796.25,-3772.0,22.0,-1.05,初始止损,15.0
2024-05-08 09:30:00,2024-05-08 15:55:00,LONG,86,20693.75,20775.0,13803.0,20.75,3.87,收盘平仓,385.0
2024-05-09 09:30:00,2024-05-09 10:35:00,SHORT,91,20770.5,20790.75,-3867.5,20.25,-1.05,初始止损,65.0
2024-05-10 09:30:00,2024-05-10 09:35:00,LONG,93,20905.75,20886.0,-3859.5,19.5,-1.06,初始止损,5.0
2024-05-13 09:30:00,2024-05-13 09:35:00,SHORT,95,20884.75,20904.0,-3847.5,19.0,-1.07,初始止损,5.0
2024-05-14 09:35:00,2024-05-14 10:00:00,LONG,98,20888.0,20869.5,-3822.0,18.25,-1.07,初始止损,25.0
2024-05-15 09:30:00,2024-05-15 09:35:00,LONG,100,21115.0,21097.0,-3800.0,17.75,-1.07,初始止损,5.0
2024-05-16 09:45:00,2024-05-16 10:05:00,LONG,98,21296.75,21278.5,-3773.0,18.0,-1.07,初始止损,20.0
2024-05-17 09:30:00,2024-05-17 09:35:00,SHORT,100,21233.75,21251.5,-3750.0,17.5,-1.07,初始止损,5.0
2024-05-20 09:30:00,2024-05-20 15:55:00,LONG,104,21280.25,21358.25,16016.0,16.75,4.6,收盘平仓,385.0
2024-05-21 10:00:00,2024-05-21 10:05:00,LONG,109,21315.25,21298.75,-3815.0,16.5,-1.06,初始止损,5.0
2024-05-22 09:30:00,2024-05-22 09:35:00,LONG,112,21410.0,21394.0,-3808.0,16.0,-1.06,初始止损,5.0
2024-05-23 09:30:00,2024-05-23 09:35:00,SHORT,113,21529.5,21545.25,-3785.5,15.75,-1.06,初始止损,5.0
2024-05-24 09:30:00,2024-05-24 09:35:00,LONG,107,21364.75,21348.25,-3745.0,16.5,-1.06,初始止损,5.0
2024-05-27 09:30:00,2024-05-27 09:50:00,LONG,106,21493.75,21477.25,-3710.0,16.5,-1.06,初始止损,20.0
2024-05-28 09:40:00,2024-05-28 10:00:00,SHORT,110,21464.5,21480.25,-3685.0,15.75,-1.06,初始止损,20.0
2024-05-29 09:30:00,2024-05-29 09:40:00,LONG,111,21386.75,21371.25,-3663.0,15.5,-1.06,初始止损,10.0
2024-05-30 09:30:00,2024-05-30 09:35:00,SHORT,112,21310.0,21325.25,-3640.0,15.25,-1.07,初始止损,5.0
2024-05-31 09:30:00,2024-05-31 09:35:00,SHORT,109,21169.0,21184.75,-3651.5,15.5,-1.08,初始止损,5.0
2024-06-03 09:30:00,2024-06-03 09:35:00,LONG,102,21310.75,21294.25,-3570.0,16.5,-1.06,初始止损,5.0
2024-06-04 09:30:00,2024-06-04 09:35:00,SHORT,98,21186.75,21203.75,-3528.0,17.0,-1.06,初始止损,5.0
2024-06-05 09:35:00,2024-06-05 09:40:00,SHORT,97,21412.25,21429.5,-3540.5,17.0,-1.07,初始止损,5.0
2024-06-06 09:45:00,2024-06-06 10:20:00,SHORT,93,21658.75,21676.5,-3487.5,17.75,-1.06,初始止损,35.0
2024-06-07 09:50:00,2024-06-07 09:55:00,LONG,96,21646.75,21629.75,-3456.0,17.0,-1.06,初始止损,5.0
2024-06-10 09:30:00,2024-06-10 09:45:00,LONG,98,21604.75,21588.25,-3430.0,16.5,-1.06,初始止损,15.0
2024-06-11 09:30:00,2024-06-11 09:35:00,LONG,99,21668.75,21652.5,-3415.5,16.25,-1.06,初始止损,5.0
2024-06-12 09:30:00,2024-06-12 09:35:00,LONG,97,22028.25,22011.75,-3395.0,16.5,-1.06,初始止损,5.0
2024-06-13 09:35:00,2024-06-13 09:40:00,LONG,92,22250.0,22232.75,-3358.0,17.25,-1.06,初始止损,5.0
2024-06-14 09:30:00,2024-06-14 11:50:00,LONG,94,22175.0,22158.25,-3337.0,16.75,-1.06,初始止损,140.0
2024-06-17 09:30:00,2024-06-17 09:35:00,SHORT,96,22270.25,22286.5,-3312.0,16.25,-1.06,初始止损,5.0
2024-06-18 09:45:00,2024-06-18 09:50:00,SHORT,90,22505.5,22522.75,-3285.0,17.25,-1.06,初始止损,5.0
2024-06-19 09:45:00,2024-06-19 12:55:00,SHORT,93,22570.25,22561.3,1479.5,16.5,0.48,收盘平仓,190.0
2024-06-20 09:30:00,2024-06-20 09:35:00,SHORT,100,22532.5,22548.0,-3300.0,15.5,-1.06,初始止损,5.0
2024-06-21 09:35:00,2024-06-21 10:10:00,SHORT,96,22326.0,22326.0,-192.0,16.0,-0.06,保本止损,35.0
2024-06-24 09:30:00,2024-06-24 09:35:00,LONG,97,22289.0,22273.25,-3249.5,15.75,-1.06,初始止损,5.0
2024-06-25 09:30:00,2024-06-25 09:40:00,SHORT,95,22146.75,22162.75,-3230.0,16.0,-1.06,初始止损,10.0
2024-06-26 09:35:00,2024-06-26 09:40:00,LONG,93,22267.75,22251.5,-3208.5,16.25,-1.06,初始止损,5.0
2024-06-27 09:30:00,2024-06-27 09:50:00,LONG,97,22380.0,22364.5,-3201.0,15.5,-1.06,初始止损,20.0
2024-06-28 09:30:00,2024-06-28 09:35:00,SHORT,96,22372.0,22387.5,-3168.0,15.5,-1.06,初始止损,5.0
2024-07-01 09:30:00,2024-07-01 09:35:00,SHORT,91,22264.0,22280.25,-3139.5,16.25,-1.06,初始止损,5.0
2024-07-02 09:30:00,2024-07-02 09:35:00,LONG,89,22353.0,22336.5,-3115.0,16.5,-1.06,初始止损,5.0
2024-07-03 09:30:00,2024-07-03 09:35:00,LONG,87,22592.0,22575.25,-3088.5,16.75,-1.06,初始止损,5.0
2024-07-04 09:30:00,2024-07-04 12:55:00,SHORT,86,22720.25,22711.6,1315.0,16.75,0.46,收盘平仓,205.0
2024-07-05 09:30:00,2024-07-05 09:45:00,LONG,92,22791.25,22775.5,-3082.0,15.75,-1.06,初始止损,15.0
2024-07-08 09:30:00,2024-07-08 09:50:00,SHORT,90,22954.25,22970.25,-3060.0,16.0,-1.06,初始止损,20.0
2024-07-09 09:30:00,2024-07-09 09:35:00,LONG,92,23092.75,23077.25,-3036.0,15.5,-1.06,初始止损,5.0
2024-07-10 09:30:00,2024-07-10 09:40:00,SHORT,93,23071.25,23086.5,-3022.5,15.25,-1.07,初始止损,10.0
2024-07-11 09:45:00,2024-07-11 15:55:00,SHORT,91,23190.0,22760.0,78078.0,15.5,27.68,收盘平仓,370.0
2024-07-12 09:35:00,2024-07-12 09:40:00,LONG,99,22787.25,22770.25,-3564.0,17.0,-1.06,初始止损,5.0
2024-07-15 09:30:00,2024-07-15 09:35:00,LONG,95,22957.75,22940.25,-3515.0,17.5,-1.06,初始止损,5.0
2024-07-16 09:30:00,2024-07-16 09:35:00,LONG,92,22996.0,22978.0,-3496.0,18.0,-1.06,初始止损,5.0
2024-07-17 09:30:00,2024-07-17 09:35:00,SHORT,92,22564.25,22582.25,-3496.0,17.75,-1.07,初始止损,5.0
2024-07-18 09:30:00,2024-07-18 15:55:00,SHORT,82,22429.75,22221.5,33989.0,19.75,10.49,收盘平仓,385.0
2024-07-19 10:00:00,2024-07-19 10:05:00,SHORT,85,22189.0,22209.75,-3697.5,20.5,-1.06,初始止损,5.0
2024-07-22 09:30:00,2024-07-22 09:35:00,SHORT,83,22240.75,22261.75,-3652.0,20.75,-1.06,初始止损,5.0
2024-07-23 09:35:00,2024-07-23 10:00:00,LONG,82,22331.5,22310.5,-3608.0,21.0,-1.05,初始止损,25.0
2024-07-24 09:30:00,2024-07-24 15:55:00,SHORT,83,21912.5,21534.75,62540.5,20.5,18.38,收盘平仓,385.0
2024-07-25 09:30:00,2024-07-25 09:40:00,SHORT,84,21490.0,21513.0,-4032.0,23.0,-1.04,初始止损,10.0
2024-07-26 09:30:00,2024-07-26 09:35:00,SHORT,79,21427.75,21452.0,-3989.5,24.25,-1.04,初始止损,5.0
2024-07-29 09:30:00,2024-07-29 09:35:00,SHORT,79,21589.0,21613.25,-3989.5,24.0,-1.05,初始止损,5.0
2024-07-30 09:40:00,2024-07-30 15:55:00,SHORT,79,21590.0,21269.0,50560.0,23.75,13.47,收盘平仓,375.0
2024-07-31 09:30:00,2024-07-31 09:35:00,SHORT,83,21641.5,21666.5,-4316.0,24.75,-1.05,初始止损,5.0
2024-08-01 09:40:00,2024-08-01 09:50:00,LONG,77,21962.25,21935.5,-4273.5,26.5,-1.05,初始止损,10.0
2024-08-02 09:30:00,2024-08-02 09:35:00,SHORT,70,20873.0,20902.25,-4235.0,29.0,-1.04,初始止损,5.0
2024-08-05 09:35:00,2024-08-05 09:40:00,LONG,66,20190.0,20159.25,-4191.0,30.25,-1.05,初始止损,5.0
2024-08-06 09:40:00,2024-08-06 09:45:00,SHORT,59,20329.0,20363.0,-4130.0,33.75,-1.04,初始止损,5.0
2024-08-07 09:30:00,2024-08-07 10:15:00,LONG,58,20823.75,20789.25,-4118.0,34.25,-1.04,初始止损,45.0
2024-08-08 09:40:00,2024-08-08 09:45:00,SHORT,56,20462.5,20498.0,-4088.0,35.0,-1.04,初始止损,5.0
2024-08-09 09:30:00,2024-08-09 09:35:00,LONG,55,20823.5,20787.75,-4042.5,35.5,-1.04,初始止损,5.0
2024-08-12 09:35:00,2024-08-12 10:10:00,SHORT,56,20953.75,20988.75,-4032.0,34.5,-1.04,初始止损,35.0
2024-08-13 09:30:00,2024-08-13 09:40:00,LONG,58,21194.0,21160.5,-4002.0,33.25,-1.04,初始止损,10.0
2024-08-14 09:30:00,2024-08-14 11:25:00,SHORT,57,21438.0,21438.0,-114.0,33.5,-0.03,保本止损,115.0
2024-08-15 09:30:00,2024-08-15 15:55:00,LONG,59,21694.25,21917.5,26225.5,32.5,6.84,收盘平仓,385.0
2024-08-16 09:30:00,2024-08-16 09:45:00,LONG,61,21843.75,21810.75,-4148.0,32.75,-1.04,初始止损,15.0
2024-08-19 09:30:00,2024-08-19 09:45:00,SHORT,63,21919.5,21951.25,-4126.5,31.5,-1.04,初始止损,15.0
2024-08-20 09:30:00,2024-08-20 10:10:00,LONG,64,22193.75,22162.75,-4096.0,31.0,-1.03,初始止损,40.0
2024-08-21 09:30:00,2024-08-21 09:40:00,SHORT,66,22150.75,22180.75,-4092.0,29.75,-1.04,初始止损,10.0
2024-08-22 09:45:00,2024-08-22 09:55:00,SHORT,68,22304.25,22333.0,-4046.0,28.75,-1.03,初始止损,10.0
2024-08-23 09:30:00,2024-08-23 09:45:00,SHORT,65,22044.75,22074.75,-4030.0,29.5,-1.05,初始止损,15.0
2024-08-26 09:30:00,2024-08-26 09:40:00,LONG,66,22122.75,22093.5,-3993.0,29.0,-1.04,初始止损,10.0
2024-08-27 09:35:00,2024-08-27 09:45:00,SHORT,67,21801.25,21829.75,-3953.0,28.5,-1.04,初始止损,10.0
2024-08-28 09:35:00,2024-08-28 09:40:00,SHORT,68,21916.5,21944.5,-3944.0,27.75,-1.05,初始止损,5.0
2024-08-29 09:30:00,2024-08-29 09:35:00,LONG,68,21919.25,21891.5,-3910.0,27.75,-1.04,初始止损,5.0
2024-08-30 09:45:00,2024-08-30 09:50:00,LONG,67,21894.25,21866.25,-3886.0,27.75,-1.05,初始止损,5.0
2024-09-02 09:40:00,2024-09-02 10:00:00,LONG,68,21970.75,21943.25,-3876.0,27.25,-1.05,初始止损,20.0
2024-09-03 09:30:00,2024-09-03 15:55:00,SHORT,71,21751.75,21342.5,57971.5,25.75,15.85,收盘平仓,385.0
2024-09-04 09:30:00,2024-09-04 09:35:00,LONG,73,21252.25,21224.25,-4234.0,27.75,-1.05,初始止损,5.0
2024-09-05 09:35:00,2024-09-05 09:45:00,LONG,74,21328.75,21301.25,-4218.0,27.25,-1.05,初始止损,10.0
2024-09-06 09:35:00,2024-09-06 09:40:00,SHORT,74,21144.75,21172.0,-4181.0,27.0,-1.05,初始止损,5.0
2024-09-09 09:30:00,2024-09-09 10:20:00,LONG,71,20984.75,20956.5,-4153.5,28.0,-1.04,初始止损,50.0
2024-09-10 09:35:00,2024-09-10 09:40:00,SHORT,72,21059.25,21087.0,-4140.0,27.5,-1.05,初始止损,5.0
2024-09-11 09:30:00,2024-09-11 09:35:00,SHORT,73,21177.25,21204.25,-4088.0,27.0,-1.04,初始止损,5.0
2024-09-12 09:45:00,2024-09-12 09:50:00,SHORT,67,21538.5,21567.75,-4053.5,29.0,-1.04,初始止损,5.0
2024-09-13 09:35:00,2024-09-13 10:00:00,LONG,67,21801.0,21772.0,-4020.0,28.75,-1.04,初始止损,25.0
2024-09-16 09:30:00,2024-09-16 09:35:00,SHORT,70,21670.25,21698.0,-4025.0,27.5,-1.05,初始止损,5.0
2024-09-17 09:30:00,2024-09-17 09:40:00,SHORT,71,21863.25,21890.25,-3976.0,26.75,-1.05,初始止损,10.0
2024-09-18 09:30:00,2024-09-18 10:45:00,SHORT,72,21789.0,21815.5,-3960.0,26.5,-1.04,初始止损,75.0
2024-09-20 09:55:00,2024-09-20 12:05:00,SHORT,68,22092.75,22092.75,-136.0,27.75,-0.04,保本止损,130.0
2024-09-23 09:30:00,2024-09-23 09:45:00,SHORT,70,22143.5,22170.5,-3920.0,27.0,-1.04,初始止损,15.0
2024-09-24 09:40:00,2024-09-24 11:10:00,SHORT,73,22196.75,22196.75,-146.0,25.75,-0.04,保本止损,90.0
2024-09-25 09:30:00,2024-09-25 09:40:00,LONG,74,22276.25,22250.75,-3922.0,25.25,-1.05,初始止损,10.0
2024-09-26 09:30:00,2024-09-26 15:55:00,SHORT,76,22541.25,22432.5,16378.0,24.25,4.44,收盘平仓,385.0
2024-09-27 09:30:00,2024-09-27 15:55:00,SHORT,79,22449.75,22314.0,21290.5,24.25,5.56,收盘平仓,385.0
2024-09-30 09:30:00,2024-09-30 09:55:00,LONG,85,22315.75,22292.25,-4165.0,23.5,-1.04,初始止损,25.0
2024-10-01 09:30:00,2024-10-01 15:55:00,SHORT,85,22266.0,22069.25,33277.5,23.25,8.42,收盘平仓,385.0
2024-10-02 09:35:00,2024-10-02 09:45:00,SHORT,87,21988.0,22012.25,-4393.5,24.0,-1.05,初始止损,10.0
2024-10-03 09:30:00,2024-10-03 09:40:00,LONG,88,22067.0,22043.25,-4356.0,23.5,-1.05,初始止损,10.0
2024-10-04 09:30:00,2024-10-04 15:30:00,SHORT,88,22307.0,22307.0,-176.0,23.25,-0.04,保本止损,360.0
2024-10-07 09:30:00,2024-10-07 09:40:00,LONG,90,22242.25,22219.25,-4320.0,22.75,-1.05,初始止损,10.0
2024-10-08 09:50:00,2024-10-08 15:55:00,LONG,90,22229.75,22391.0,28845.0,22.75,7.04,收盘平仓,365.0
2024-10-09 09:30:00,2024-10-09 09:40:00,SHORT,93,22350.5,22373.75,-4510.5,23.0,-1.05,初始止损,10.0
2024-10-10 09:45:00,2024-10-10 09:50:00,SHORT,95,22403.0,22425.5,-4465.0,22.5,-1.04,初始止损,5.0
2024-10-11 09:35:00,2024-10-11 09:40:00,SHORT,96,22410.5,22432.5,-4416.0,22.0,-1.05,初始止损,5.0
2024-10-14 09:30:00,2024-10-14 10:55:00,LONG,98,22672.25,22650.75,-4410.0,21.5,-1.05,初始止损,85.0
2024-10-15 09:35:00,2024-10-15 09:55:00,SHORT,98,22712.25,22733.5,-4361.0,21.25,-1.05,初始止损,20.0
2024-10-16 09:30:00,2024-10-16 10:20:00,SHORT,95,22393.5,22415.25,-4322.5,21.75,-1.05,初始止损,50.0
2024-10-17 09:30:00,2024-10-17 09:50:00,SHORT,97,22572.25,22593.5,-4316.5,21.25,-1.05,初始止损,20.0
2024-10-18 09:30:00,2024-10-18 09:35:00,SHORT,97,22526.75,22547.75,-4268.0,21.0,-1.05,初始止损,5.0
2024-10-21 09:30:00,2024-10-21 10:40:00,LONG,100,22534.75,22534.75,-200.0,20.25,-0.05,保本止损,70.0
2024-10-22 09:35:00,2024-10-22 15:55:00,LONG,101,22516.25,22630.75,22927.0,20.0,5.67,收盘平仓,380.0
2024-10-23 09:30:00,2024-10-23 09:35:00,SHORT,106,22508.5,22528.5,-4452.0,19.75,-1.06,初始止损,5.0
2024-10-24 09:30:00,2024-10-24 09:35:00,SHORT,100,22417.25,22438.25,-4400.0,20.75,-1.06,初始止损,5.0
2024-10-25 09:30:00,2024-10-25 13:35:00,LONG,102,22626.75,22626.75,-204.0,20.25,-0.05,保本止损,245.0
2024-10-28 09:30:00,2024-10-28 10:30:00,SHORT,100,22677.75,22698.5,-4350.0,20.75,-1.05,初始止损,60.0
2024-10-29 09:30:00,2024-10-29 09:35:00,SHORT,103,22534.0,22554.0,-4326.0,20.0,-1.05,初始止损,5.0
2024-10-30 09:30:00,2024-10-30 09:35:00,SHORT,101,22709.75,22730.0,-4292.5,20.25,-1.05,初始止损,5.0
2024-10-31 09:30:00,2024-10-31 09:35:00,SHORT,102,22373.5,22393.5,-4284.0,19.75,-1.06,初始止损,5.0
2024-11-01 09:35:00,2024-11-01 15:55:00,LONG,95,22211.0,22238.0,4940.0,21.25,1.22,收盘平仓,380.0
2024-11-04 09:30:00,2024-11-04 09:40:00,SHORT,96,22139.25,22160.5,-4272.0,21.0,-1.06,初始止损,10.0
2024-11-05 09:30:00,2024-11-05 15:55:00,LONG,97,22301.5,22432.25,25171.5,20.75,6.25,收盘平仓,385.0
2024-11-06 09:30:00,2024-11-06 09:45:00,LONG,101,22812.5,22791.5,-4444.0,20.75,-1.06,初始止损,15.0
2024-11-07 09:30:00,2024-11-07 15:55:00,LONG,93,23130.75,23312.75,33666.0,22.5,8.04,收盘平仓,385.0
2024-11-08 09:30:00,2024-11-08 09:40:00,LONG,97,23302.25,23279.5,-4607.5,22.75,-1.04,初始止损,10.0
2024-11-11 09:30:00,2024-11-11 15:55:00,SHORT,100,23361.25,23311.25,9800.0,21.75,2.25,收盘平仓,385.0
2024-11-12 09:50:00,2024-11-12 10:00:00,LONG,104,23320.5,23299.0,-4680.0,21.25,-1.06,初始止损,10.0
2024-11-13 09:35:00,2024-11-13 09:40:00,SHORT,106,23237.75,23258.75,-4664.0,20.75,-1.06,初始止损,5.0
2024-11-14 09:30:00,2024-11-14 09:35:00,LONG,107,23253.75,23233.25,-4601.0,20.5,-1.05,初始止损,5.0
2024-11-15 09:30:00,2024-11-15 15:55:00,SHORT,109,22824.25,22582.75,52429.0,20.0,12.03,收盘平仓,385.0
2024-11-18 09:30:00,2024-11-18 09:35:00,SHORT,108,22619.0,22641.0,-4968.0,21.75,-1.06,初始止损,5.0
2024-11-19 09:30:00,2024-11-19 15:55:00,LONG,109,22616.25,22856.25,52102.0,21.5,11.12,收盘平仓,385.0
2024-11-20 09:30:00,2024-11-20 15:35:00,SHORT,117,22813.75,22813.75,-234.0,21.5,-0.05,保本止损,365.0
2024-11-21 09:30:00,2024-11-21 12:25:00,SHORT,117,22886.75,22886.75,-234.0,21.5,-0.05,保本止损,175.0
2024-11-22 09:30:00,2024-11-22 09:35:00,LONG,114,22916.75,22894.5,-5301.0,22.0,-1.06,初始止损,5.0
2024-11-25 09:35:00,2024-11-25 09:45:00,LONG,118,23145.25,23124.0,-5251.0,21.25,-1.05,初始止损,10.0
2024-11-26 09:30:00,2024-11-26 09:35:00,LONG,115,23081.75,23060.0,-5232.5,21.5,-1.06,初始止损,5.0
2024-11-27 09:30:00,2024-11-27 15:55:00,SHORT,119,22977.25,22907.25,16422.0,20.75,3.33,收盘平仓,385.0
2024-11-28 09:30:00,2024-11-28 12:55:00,LONG,120,22980.75,22980.96,-189.5,21.0,-0.04,收盘平仓,205.0
2024-11-29 09:40:00,2024-11-29 09:45:00,LONG,126,22965.75,22945.75,-5292.0,20.0,-1.05,初始止损,5.0
2024-12-02 09:30:00,2024-12-02 15:55:00,LONG,128,23204.75,23308.0,26176.0,19.5,5.24,收盘平仓,385.0
2024-12-04 09:30:00,2024-12-04 09:35:00,SHORT,136,23498.25,23517.5,-5508.0,19.0,-1.07,初始止损,5.0
2024-12-05 09:30:00,2024-12-05 09:40:00,LONG,134,23631.75,23612.5,-5427.0,19.25,-1.05,初始止损,10.0
2024-12-06 09:30:00,2024-12-06 15:55:00,LONG,138,23611.75,23749.5,37743.0,18.5,7.39,收盘平仓,385.0
2024-12-09 09:30:00,2024-12-09 09:35:00,SHORT,149,23682.25,23700.25,-5662.0,18.0,-1.06,初始止损,5.0
2024-12-10 09:35:00,2024-12-10 09:50:00,LONG,148,23631.75,23613.75,-5624.0,18.0,-1.06,初始止损,15.0
2024-12-11 09:30:00,2024-12-11 15:55:00,LONG,147,23697.5,23882.75,54169.5,18.0,10.24,收盘平仓,385.0
2024-12-12 09:45:00,2024-12-12 10:20:00,SHORT,149,23761.75,23780.75,-5960.0,19.0,-1.05,初始止损,35.0
2024-12-13 09:35:00,2024-12-13 10:25:00,LONG,152,23924.0,23905.5,-5928.0,18.5,-1.05,初始止损,50.0
2024-12-16 09:30:00,2024-12-16 09:35:00,LONG,149,24013.75,23995.0,-5885.5,18.75,-1.05,初始止损,5.0
2024-12-17 09:30:00,2024-12-17 09:40:00,SHORT,144,24092.75,24112.0,-5832.0,19.25,-1.05,初始止损,10.0
2024-12-18 09:30:00,2024-12-18 09:35:00,SHORT,147,24025.0,24043.75,-5806.5,18.75,-1.05,初始止损,5.0
2024-12-19 09:40:00,2024-12-19 09:45:00,SHORT,123,23380.0,23402.25,-5719.5,22.25,-1.04,初始止损,5.0
2024-12-20 09:35:00,2024-12-20 09:40:00,LONG,121,23100.0,23077.5,-5687.0,22.5,-1.04,初始止损,5.0
2024-12-23 09:30:00,2024-12-23 09:40:00,LONG,110,23437.25,23412.75,-5610.0,24.5,-1.04,初始止损,10.0
2024-12-24 09:40:00,2024-12-24 13:10:00,LONG,110,23662.0,23840.5,39050.0,24.25,7.32,收盘平仓,210.0
2024-12-26 09:30:00,2024-12-26 09:45:00,LONG,117,23777.0,23753.0,-5850.0,24.0,-1.04,初始止损,15.0
2024-12-27 09:30:00,2024-12-27 15:55:00,SHORT,119,23569.25,23497.0,16957.5,23.5,3.03,收盘平仓,385.0
2024-12-30 09:30:00,2024-12-30 09:35:00,SHORT,116,23143.0,23167.75,-5974.0,24.5,-1.05,初始止损,5.0
2024-12-31 09:35:00,2024-12-31 09:40:00,SHORT,112,23175.5,23200.75,-5880.0,25.25,-1.04,初始止损,5.0
2025-01-02 09:30:00,2025-01-02 09:45:00,SHORT,112,23060.75,23086.0,-5880.0,25.0,-1.05,初始止损,15.0
2025-01-03 09:30:00,2025-01-03 10:15:00,LONG,108,23125.75,23099.75,-5832.0,25.75,-1.05,初始止损,45.0
2025-01-06 09:30:00,2025-01-06 13:00:00,LONG,106,23573.5,23547.25,-5777.0,26.0,-1.05,初始止损,210.0
2025-01-07 09:30:00,2025-01-07 09:45:00,SHORT,105,23543.5,23569.75,-5722.5,26.25,-1.04,初始止损,15.0
2025-01-08 09:35:00,2025-01-08 09:40:00,SHORT,100,23094.75,23122.0,-5650.0,27.25,-1.04,初始止损,5.0
2025-01-10 09:45:00,2025-01-10 09:50:00,SHORT,102,22829.25,22856.0,-5661.0,26.5,-1.05,初始止损,5.0
2025-01-13 09:35:00,2025-01-13 09:40:00,SHORT,98,22519.75,22547.25,-5586.0,27.25,-1.05,初始止损,5.0
2025-01-14 09:35:00,2025-01-14 09:40:00,LONG,99,22905.75,22878.75,-5544.0,27.0,-1.04,初始止损,5.0
2025-01-15 09:45:00,2025-01-15 09:50:00,LONG,98,23138.5,23111.5,-5488.0,27.0,-1.04,初始止损,5.0
2025-01-16 09:30:00,2025-01-16 09:40:00,SHORT,94,23222.0,23250.0,-5452.0,28.0,-1.04,初始止损,10.0
2025-01-17 09:35:00,2025-01-17 09:40:00,SHORT,96,23318.25,23345.5,-5424.0,27.25,-1.04,初始止损,5.0
2025-01-20 09:30:00,2025-01-20 10:15:00,LONG,94,23523.25,23495.5,-5405.0,27.5,-1.05,初始止损,45.0
2025-01-21 09:30:00,2025-01-21 12:25:00,SHORT,97,23483.75,23483.75,-194.0,26.5,-0.04,保本止损,175.0
2025-01-22 09:30:00,2025-01-22 09:35:00,LONG,99,23754.5,23728.5,-5346.0,26.0,-1.04,初始止损,5.0
2025-01-23 09:35:00,2025-01-23 09:55:00,LONG,97,23703.5,23677.0,-5335.0,26.25,-1.05,初始止损,20.0
2025-01-24 09:45:00,2025-01-24 10:00:00,LONG,100,23857.5,23832.0,-5300.0,25.25,-1.05,初始止损,15.0
2025-01-27 09:30:00,2025-01-27 09:35:00,LONG,102,23031.75,23007.0,-5253.0,24.75,-1.04,初始止损,5.0
2025-01-28 09:30:00,2025-01-28 09:55:00,SHORT,91,23052.75,23080.25,-5187.0,27.25,-1.05,初始止损,25.0
2025-01-29 09:30:00,2025-01-29 09:35:00,SHORT,89,23331.75,23359.75,-5162.0,27.75,-1.05,初始止损,5.0
2025-01-30 09:45:00,2025-01-30 09:50:00,LONG,90,23529.75,23502.25,-5130.0,27.25,-1.05,初始止损,5.0
2025-01-31 09:30:00,2025-01-31 09:35:00,LONG,90,23606.0,23578.75,-5085.0,27.0,-1.05,初始止损,5.0
2025-02-03 09:35:00,2025-02-03 09:40:00,LONG,89,23101.75,23074.5,-5028.5,27.25,-1.04,初始止损,5.0
2025-02-04 09:30:00,2025-02-04 15:55:00,LONG,86,23246.0,23462.25,37023.0,28.0,7.69,收盘平仓,385.0
2025-02-05 09:35:00,2025-02-05 09:55:00,LONG,92,23362.25,23334.5,-5290.0,27.5,-1.05,初始止损,20.0
2025-02-06 09:40:00,2025-02-06 10:35:00,LONG,93,23582.5,23555.25,-5254.5,27.0,-1.05,初始止损,55.0
2025-02-07 09:30:00,2025-02-07 09:55:00,LONG,96,23739.5,23713.25,-5232.0,26.0,-1.05,初始止损,25.0
2025-02-10 09:40:00,2025-02-10 09:45:00,LONG,94,23593.0,23566.5,-5170.0,26.25,-1.05,初始止损,5.0
2025-02-11 09:30:00,2025-02-11 12:00:00,LONG,95,23568.25,23542.25,-5130.0,26.0,-1.04,初始止损,150.0
2025-02-12 09:30:00,2025-02-12 15:55:00,LONG,98,23385.25,23596.0,41111.0,25.0,8.39,收盘平仓,385.0
2025-02-13 09:30:00,2025-02-13 09:35:00,LONG,103,23731.25,23706.0,-5407.5,25.0,-1.05,初始止损,5.0
2025-02-14 09:45:00,2025-02-14 12:30:00,LONG,103,23916.25,23891.25,-5356.0,25.0,-1.04,初始止损,165.0
2025-02-17 09:30:00,2025-02-17 11:00:00,SHORT,107,24011.5,24035.5,-5350.0,23.75,-1.05,初始止损,90.0
2025-02-18 09:30:00,2025-02-18 15:55:00,SHORT,113,24044.25,24032.75,2373.0,22.5,0.47,收盘平仓,385.0
2025-02-19 09:40:00,2025-02-19 10:45:00,SHORT,117,23976.0,23997.75,-5323.5,21.75,-1.05,初始止损,65.0
2025-02-20 09:30:00,2025-02-20 09:35:00,SHORT,119,23967.75,23989.0,-5295.5,21.25,-1.05,初始止损,5.0
2025-02-21 09:30:00,2025-02-21 09:35:00,SHORT,118,23947.5,23968.75,-5251.0,21.25,-1.05,初始止损,5.0
2025-02-24 09:35:00,2025-02-24 09:45:00,SHORT,110,23495.25,23518.0,-5225.0,22.5,-1.06,初始止损,10.0
2025-02-25 09:30:00,2025-02-25 09:35:00,SHORT,107,23141.0,23164.25,-5189.5,23.0,-1.05,初始止损,5.0
2025-02-26 09:30:00,2025-02-26 09:35:00,SHORT,103,23001.25,23025.25,-5150.0,23.75,-1.05,初始止损,5.0
2025-02-27 09:40:00,2025-02-27 09:45:00,SHORT,102,22985.5,23009.5,-5100.0,23.75,-1.05,初始止损,5.0
2025-02-28 09:30:00,2025-02-28 09:35:00,SHORT,92,22259.25,22285.5,-5014.0,26.25,-1.04,初始止损,5.0
2025-03-03 09:35:00,2025-03-03 10:30:00,SHORT,89,22776.5,22776.5,-178.0,27.0,-0.04,保本止损,55.0
2025-03-04 09:30:00,2025-03-04 09:35:00,SHORT,81,22102.5,22132.25,-4981.5,29.5,-1.04,初始止损,5.0
2025-03-05 09:35:00,2025-03-05 09:40:00,SHORT,77,22170.5,22201.5,-4928.0,30.75,-1.04,初始止损,5.0
2025-03-06 09:30:00,2025-03-06 09:35:00,SHORT,75,22075.0,22106.5,-4875.0,31.25,-1.04,初始止损,5.0
2025-03-07 09:40:00,2025-03-07 10:00:00,LONG,71,21943.5,21910.25,-4863.5,32.75,-1.05,初始止损,20.0
2025-03-10 09:30:00,2025-03-10 09:35:00,SHORT,70,21612.5,21646.0,-4830.0,33.0,-1.05,初始止损,5.0
2025-03-11 09:35:00,2025-03-11 09:40:00,LONG,64,21331.5,21295.25,-4768.0,35.75,-1.04,初始止损,5.0
2025-03-12 09:30:00,2025-03-12 09:40:00,LONG,64,21529.75,21493.75,-4736.0,35.75,-1.03,初始止损,10.0
2025-03-13 09:35:00,2025-03-13 10:20:00,SHORT,64,21334.0,21334.0,-128.0,35.25,-0.03,保本止损,45.0
2025-03-14 09:30:00,2025-03-14 10:00:00,LONG,64,21331.75,21296.0,-4704.0,35.25,-1.04,初始止损,30.0
2025-03-17 09:30:00,2025-03-17 10:00:00,LONG,64,21552.0,21516.5,-4672.0,35.25,-1.04,初始止损,30.0
2025-03-18 09:30:00,2025-03-18 15:55:00,SHORT,65,21438.25,21300.75,17745.0,34.5,3.96,收盘平仓,385.0
2025-03-19 09:40:00,2025-03-19 09:45:00,SHORT,67,21320.25,21354.75,-4757.0,34.5,-1.03,初始止损,5.0
2025-03-20 09:30:00,2025-03-20 12:40:00,LONG,67,21460.5,21460.5,-134.0,34.25,-0.03,保本止损,190.0
2025-03-21 09:40:00,2025-03-21 15:55:00,LONG,68,21278.0,21547.5,36516.0,33.75,7.96,收盘平仓,375.0
2025-03-24 09:30:00,2025-03-24 09:35:00,SHORT,72,21828.5,21862.25,-5004.0,33.25,-1.05,初始止损,5.0
2025-03-25 09:40:00,2025-03-25 10:00:00,SHORT,72,21988.5,22022.0,-4968.0,33.25,-1.04,初始止损,20.0
2025-03-26 09:30:00,2025-03-26 09:35:00,SHORT,75,22023.0,22055.0,-4950.0,31.75,-1.04,初始止损,5.0
2025-03-27 09:30:00,2025-03-27 09:50:00,SHORT,74,21591.25,21623.25,-4884.0,31.75,-1.04,初始止损,20.0
2025-03-28 10:00:00,2025-03-28 15:55:00,SHORT,76,21434.0,21056.0,57304.0,31.0,12.16,收盘平仓,355.0
2025-03-31 09:30:00,2025-03-31 09:35:00,SHORT,80,20627.75,20659.75,-5280.0,31.75,-1.04,初始止损,5.0
2025-04-01 09:30:00,2025-04-01 09:40:00,SHORT,78,20963.25,20995.75,-5226.0,32.25,-1.04,初始止损,10.0
2025-04-02 09:30:00,2025-04-02 15:55:00,LONG,78,21012.5,21341.0,51090.0,32.0,10.23,收盘平仓,385.0
2025-04-03 09:30:00,2025-04-03 09:35:00,LONG,82,20645.25,20612.25,-5576.0,32.75,-1.04,初始止损,5.0
2025-04-04 09:35:00,2025-04-04 09:45:00,SHORT,73,19697.75,19734.5,-5511.5,36.25,-1.04,初始止损,10.0
2025-04-07 09:30:00,2025-04-07 09:45:00,SHORT,66,18501.75,18501.75,-132.0,39.75,-0.03,保本止损,15.0
2025-04-08 09:50:00,2025-04-08 10:55:00,LONG,57,19808.5,19761.75,-5443.5,46.0,-1.04,初始止损,65.0
2025-04-09 09:35:00,2025-04-09 09:40:00,LONG,52,19029.75,18979.0,-5382.0,50.25,-1.03,初始止损,5.0
2025-04-10 09:40:00,2025-04-10 09:45:00,SHORT,45,20324.0,20382.25,-5332.5,58.25,-1.02,初始止损,5.0
2025-04-11 09:45:00,2025-04-11 10:00:00,LONG,42,20167.25,20105.25,-5292.0,61.25,-1.03,初始止损,15.0
2025-04-14 09:35:00,2025-04-14 10:00:00,SHORT,42,20694.75,20756.25,-5250.0,60.25,-1.04,初始止损,25.0
2025-04-15 09:30:00,2025-04-15 10:20:00,LONG,43,20608.25,20548.5,-5224.5,58.75,-1.03,初始止损,50.0
2025-04-16 09:35:00,2025-04-16 09:45:00,LONG,45,20249.75,20193.0,-5197.5,56.0,-1.03,初始止损,10.0
2025-04-17 09:30:00,2025-04-17 09:50:00,SHORT,44,20006.0,20063.5,-5148.0,56.5,-1.04,初始止损,20.0
2025-04-21 09:30:00,2025-04-21 09:35:00,LONG,46,19746.0,19691.5,-5106.0,53.75,-1.03,初始止损,5.0
2025-04-22 09:30:00,2025-04-22 09:40:00,SHORT,46,19705.5,19759.75,-5083.0,53.5,-1.03,初始止损,10.0
2025-04-23 09:30:00,2025-04-23 09:35:00,LONG,46,20582.0,20528.25,-5037.0,53.0,-1.03,初始止损,5.0
2025-04-24 09:30:00,2025-04-24 15:55:00,LONG,46,20479.25,20914.25,39928.0,53.25,8.15,收盘平仓,385.0
2025-04-25 09:30:00,2025-04-25 09:45:00,LONG,49,20921.5,20868.5,-5292.0,52.5,-1.03,初始止损,15.0
2025-04-28 09:30:00,2025-04-28 09:40:00,SHORT,51,21091.75,21142.25,-5253.0,50.5,-1.02,初始止损,10.0
2025-04-29 09:40:00,2025-04-29 15:55:00,LONG,52,21066.5,21239.25,17862.0,48.75,3.52,收盘平仓,375.0
2025-04-30 09:35:00,2025-04-30 10:10:00,SHORT,56,20786.5,20833.25,-5348.0,46.75,-1.02,初始止损,35.0
2025-05-01 09:35:00,2025-05-01 09:45:00,SHORT,55,21505.0,21552.25,-5307.5,46.75,-1.03,初始止损,10.0
2025-05-02 09:45:00,2025-05-02 10:00:00,SHORT,56,21652.5,21698.75,-5292.0,46.0,-1.03,初始止损,15.0
2025-05-05 09:30:00,2025-05-05 09:40:00,LONG,57,21625.0,21580.0,-5244.0,44.75,-1.03,初始止损,10.0
2025-05-06 09:35:00,2025-05-06 09:45:00,LONG,59,21456.25,21413.0,-5221.5,42.75,-1.04,初始止损,10.0
2025-05-07 09:45:00,2025-05-07 09:55:00,SHORT,61,21468.75,21510.25,-5185.0,41.5,-1.02,初始止损,10.0
2025-05-08 09:30:00,2025-05-08 11:20:00,SHORT,62,21706.75,21747.25,-5146.0,40.5,-1.02,初始止损,110.0
2025-05-09 09:30:00,2025-05-09 09:45:00,LONG,62,21855.0,21814.75,-5115.0,39.75,-1.04,初始止损,15.0
2025-05-12 09:30:00,2025-05-12 09:50:00,SHORT,65,22400.5,22438.5,-5070.0,38.0,-1.03,初始止损,20.0
2025-05-13 09:30:00,2025-05-13 15:55:00,LONG,61,22632.0,22865.25,28334.5,39.75,5.84,收盘平仓,385.0
2025-05-14 09:30:00,2025-05-14 09:40:00,LONG,65,22990.0,22950.75,-5232.5,39.0,-1.03,初始止损,10.0
2025-05-15 09:30:00,2025-05-15 09:35:00,LONG,68,22927.0,22889.75,-5202.0,37.0,-1.03,初始止损,5.0
2025-05-16 09:40:00,2025-05-16 10:15:00,SHORT,70,23009.75,23045.75,-5180.0,36.0,-1.03,初始止损,35.0
2025-05-19 09:30:00,2025-05-19 15:55:00,LONG,73,22842.25,23117.75,40077.0,34.25,8.01,收盘平仓,385.0
2025-05-20 09:45:00,2025-05-20 09:50:00,SHORT,78,22969.25,23003.25,-5460.0,33.75,-1.04,初始止损,5.0
2025-05-21 09:30:00,2025-05-21 13:20:00,LONG,80,22913.75,22913.75,-160.0,32.5,-0.03,保本止损,230.0
2025-05-22 09:30:00,2025-05-22 09:35:00,SHORT,80,22718.75,22751.5,-5400.0,32.75,-1.03,初始止损,5.0
2025-05-23 09:30:00,2025-05-23 09:40:00,LONG,82,22503.5,22471.75,-5371.0,31.75,-1.03,初始止损,10.0
2025-05-26 09:30:00,2025-05-26 10:00:00,LONG,82,22894.0,22862.5,-5330.0,31.25,-1.04,初始止损,30.0
2025-05-27 09:30:00,2025-05-27 09:45:00,SHORT,83,22829.0,22860.0,-5312.0,30.75,-1.04,初始止损,15.0
2025-05-28 09:30:00,2025-05-28 09:45:00,LONG,84,23119.5,23089.25,-5250.0,30.25,-1.03,初始止损,15.0
2025-05-29 09:30:00,2025-05-29 15:55:00,SHORT,86,23204.5,23006.0,33970.0,29.25,6.75,收盘平仓,385.0
2025-05-30 09:40:00,2025-05-30 10:05:00,SHORT,90,22894.75,22924.25,-5490.0,29.25,-1.04,初始止损,25.0
2025-06-02 09:30:00,2025-06-02 09:45:00,LONG,90,22999.75,22970.5,-5445.0,29.0,-1.04,初始止损,15.0
2025-06-03 09:40:00,2025-06-03 15:55:00,LONG,91,23158.25,23299.0,25434.5,28.5,4.9,收盘平仓,375.0
2025-06-04 09:30:00,2025-06-04 10:00:00,LONG,96,23349.5,23321.25,-5616.0,28.0,-1.04,初始止损,30.0
2025-06-05 09:35:00,2025-06-05 09:40:00,SHORT,100,23343.0,23369.75,-5550.0,26.75,-1.04,初始止损,5.0
2025-06-06 09:35:00,2025-06-06 10:25:00,LONG,97,23411.5,23384.0,-5529.0,27.25,-1.05,初始止损,50.0
2025-06-09 09:30:00,2025-06-09 09:50:00,SHORT,98,23373.25,23400.25,-5488.0,26.75,-1.05,初始止损,20.0
2025-06-10 09:30:00,2025-06-10 09:35:00,SHORT,102,23420.25,23446.0,-5457.0,25.5,-1.05,初始止损,5.0
2025-06-11 09:30:00,2025-06-11 09:35:00,SHORT,103,23566.75,23592.0,-5407.5,25.25,-1.04,初始止损,5.0
2025-06-12 09:40:00,2025-06-12 09:55:00,LONG,104,23474.5,23449.75,-5356.0,24.75,-1.04,初始止损,15.0
2025-06-13 09:30:00,2025-06-13 09:35:00,LONG,106,23358.25,23334.0,-5353.0,24.0,-1.05,初始止损,5.0
2025-06-16 09:30:00,2025-06-16 15:55:00,LONG,106,23453.0,23557.75,21995.0,24.0,4.32,收盘平仓,385.0
2025-06-17 09:30:00,2025-06-17 09:40:00,LONG,108,23465.75,23441.5,-5454.0,24.25,-1.04,初始止损,10.0
2025-06-18 09:30:00,2025-06-18 09:35:00,SHORT,108,23312.25,23336.5,-5454.0,24.0,-1.05,初始止损,5.0
2025-06-19 09:35:00,2025-06-19 12:55:00,SHORT,111,23116.0,23084.75,6715.5,23.25,1.3,收盘平仓,200.0
2025-06-20 09:35:00,2025-06-20 09:45:00,LONG,112,23502.25,23479.0,-5432.0,23.25,-1.04,初始止损,10.0
2025-06-23 09:30:00,2025-06-23 09:35:00,SHORT,107,23165.75,23190.0,-5403.5,24.0,-1.05,初始止损,5.0
2025-06-24 09:40:00,2025-06-24 09:50:00,LONG,107,23693.0,23669.0,-5350.0,24.0,-1.04,初始止损,10.0
2025-06-25 09:30:00,2025-06-25 09:50:00,LONG,104,23899.75,23875.25,-5304.0,24.5,-1.04,初始止损,20.0
2025-06-26 09:35:00,2025-06-26 09:55:00,SHORT,107,23897.0,23920.75,-5296.5,23.5,-1.05,初始止损,20.0
2025-06-27 09:35:00,2025-06-27 13:45:00,LONG,109,24119.25,24096.25,-5232.0,23.0,-1.04,初始止损,250.0
2025-06-30 09:30:00,2025-06-30 10:10:00,SHORT,111,24207.0,24229.5,-5217.0,22.5,-1.04,初始止损,40.0
2025-07-01 09:45:00,2025-07-01 10:00:00,LONG,112,24201.25,24179.0,-5208.0,22.0,-1.06,初始止损,15.0
2025-07-02 09:30:00,2025-07-02 15:55:00,LONG,111,24049.75,24226.25,38961.0,22.0,7.98,收盘平仓,385.0
2025-07-03 09:30:00,2025-07-03 09:40:00,LONG,120,24345.75,24324.0,-5460.0,21.5,-1.06,初始止损,10.0
2025-07-04 09:35:00,2025-07-04 09:40:00,SHORT,121,24279.75,24301.0,-5384.5,21.25,-1.05,初始止损,5.0
2025-07-07 09:30:00,2025-07-07 09:35:00,SHORT,123,24308.0,24328.75,-5350.5,20.75,-1.05,初始止损,5.0
2025-07-08 09:30:00,2025-07-08 09:50:00,SHORT,125,24284.0,24304.25,-5312.5,20.25,-1.05,初始止损,20.0
2025-07-09 09:30:00,2025-07-09 10:30:00,LONG,129,24406.25,24386.75,-5289.0,19.5,-1.05,初始止损,60.0
2025-07-10 09:30:00,2025-07-10 13:40:00,SHORT,130,24413.75,24413.75,-260.0,19.25,-0.05,保本止损,250.0
2025-07-11 09:30:00,2025-07-11 09:35:00,LONG,131,24312.5,24293.5,-5240.0,19.0,-1.05,初始止损,5.0
2025-07-14 09:40:00,2025-07-14 09:45:00,SHORT,134,24235.5,24254.0,-5226.0,18.5,-1.05,初始止损,5.0
2025-07-15 09:30:00,2025-07-15 09:35:00,SHORT,135,24543.25,24561.5,-5197.5,18.25,-1.05,初始止损,5.0
2025-07-16 09:30:00,2025-07-16 09:35:00,SHORT,136,24408.75,24426.75,-5168.0,18.0,-1.06,初始止损,5.0
2025-07-17 09:30:00,2025-07-17 09:40:00,SHORT,133,24466.5,24484.75,-5120.5,18.25,-1.05,初始止损,10.0
2025-07-18 10:00:00,2025-07-18 15:55:00,SHORT,134,24629.25,24608.25,5360.0,18.0,1.11,收盘平仓,355.0
2025-07-21 09:30:00,2025-07-21 15:55:00,LONG,138,24682.0,24726.5,12006.0,17.5,2.49,收盘平仓,385.0
2025-07-22 09:30:00,2025-07-22 09:35:00,SHORT,143,24671.25,24688.5,-5219.5,17.25,-1.06,初始止损,5.0
2025-07-23 09:30:00,2025-07-23 09:35:00,SHORT,142,24602.0,24619.25,-5183.0,17.25,-1.06,初始止损,5.0
2025-07-24 09:45:00,2025-07-24 09:50:00,LONG,143,24773.0,24756.0,-5148.0,17.0,-1.06,初始止损,5.0
2025-07-25 09:45:00,2025-07-25 15:55:00,LONG,146,24765.5,24804.25,11023.0,16.5,2.29,收盘平仓,370.0
2025-07-28 09:55:00,2025-07-28 10:10:00,LONG,153,24901.75,24885.75,-5202.0,16.0,-1.06,初始止损,15.0
2025-07-29 09:30:00,2025-07-29 09:40:00,LONG,157,25013.25,24997.75,-5181.0,15.5,-1.06,初始止损,10.0
2025-07-30 09:40:00,2025-07-30 09:45:00,LONG,153,24889.75,24874.0,-5125.5,15.75,-1.06,初始止损,5.0
2025-07-31 09:30:00,2025-07-31 09:55:00,SHORT,152,25060.25,25076.0,-5092.0,15.75,-1.06,初始止损,25.0
2025-08-01 09:30:00,2025-08-01 09:35:00,SHORT,140,24394.75,24411.75,-5040.0,17.0,-1.06,初始止损,5.0
2025-08-04 09:30:00,2025-08-04 15:55:00,LONG,124,24511.25,24678.5,41230.0,19.0,8.75,收盘平仓,385.0
2025-08-05 09:30:00,2025-08-05 09:35:00,SHORT,127,24690.5,24710.25,-5270.5,19.75,-1.05,初始止损,5.0
2025-08-06 09:30:00,2025-08-06 09:35:00,LONG,124,24601.25,24581.25,-5208.0,20.0,-1.05,初始止损,5.0
2025-08-07 09:35:00,2025-08-07 09:40:00,LONG,122,25015.0,24994.75,-5185.0,20.25,-1.05,初始止损,5.0
2025-08-08 09:35:00,2025-08-08 15:55:00,LONG,119,24960.0,25096.25,32189.5,20.5,6.6,收盘平仓,380.0
2025-08-11 09:30:00,2025-08-11 09:35:00,SHORT,126,25068.75,25089.25,-5418.0,20.25,-1.06,初始止损,5.0
2025-08-12 09:35:00,2025-08-12 09:40:00,LONG,127,25175.75,25155.75,-5334.0,20.0,-1.05,初始止损,5.0
2025-08-13 09:30:00,2025-08-13 09:40:00,LONG,125,25440.0,25419.75,-5312.5,20.25,-1.05,初始止损,10.0
2025-08-14 09:30:00,2025-08-14 11:25:00,LONG,125,25284.5,25284.5,-250.0,20.0,-0.05,保本止损,115.0
2025-08-15 09:30:00,2025-08-15 09:35:00,SHORT,130,25238.25,25257.5,-5265.0,19.25,-1.05,初始止损,5.0
2025-08-18 09:30:00,2025-08-18 09:35:00,LONG,131,25196.75,25177.75,-5240.0,19.0,-1.05,初始止损,5.0
2025-08-19 09:30:00,2025-08-19 09:35:00,SHORT,135,25049.25,25067.5,-5197.5,18.25,-1.05,初始止损,5.0
2025-08-20 09:30:00,2025-08-20 09:35:00,SHORT,129,24752.75,24771.75,-5160.0,19.0,-1.05,初始止损,5.0
2025-08-21 09:35:00,2025-08-21 09:40:00,LONG,123,24658.25,24638.5,-5104.5,19.75,-1.05,初始止损,5.0
2025-08-22 09:30:00,2025-08-22 09:35:00,SHORT,122,24615.25,24635.0,-5063.0,19.75,-1.05,初始止损,5.0
2025-08-25 09:30:00,2025-08-25 09:35:00,SHORT,115,24851.5,24872.5,-5060.0,20.75,-1.06,初始止损,5.0
2025-08-26 09:30:00,2025-08-26 09:35:00,LONG,119,24884.25,24864.25,-4998.0,20.0,-1.05,初始止损,5.0
2025-08-27 09:40:00,2025-08-27 10:00:00,SHORT,121,24906.5,24926.0,-4961.0,19.5,-1.05,初始止损,20.0
2025-08-28 09:30:00,2025-08-28 09:35:00,LONG,123,25110.5,25091.5,-4920.0,19.0,-1.05,初始止损,5.0
2025-08-29 09:30:00,2025-08-29 15:55:00,SHORT,122,25020.0,24855.25,39955.0,19.0,8.62,收盘平仓,385.0
2025-09-01 09:30:00,2025-09-01 09:35:00,SHORT,126,24841.0,24860.75,-5229.0,19.5,-1.06,初始止损,5.0
2025-09-02 09:35:00,2025-09-02 11:05:00,LONG,132,24515.0,24515.0,-264.0,18.5,-0.05,保本止损,90.0
2025-09-03 09:30:00,2025-09-03 09:35:00,SHORT,124,24779.5,24799.25,-5146.0,19.75,-1.05,初始止损,5.0
2025-09-04 09:30:00,2025-09-04 09:35:00,LONG,123,24916.75,24897.0,-5104.5,19.75,-1.05,初始止损,5.0
2025-09-05 09:30:00,2025-09-05 09:40:00,SHORT,122,25229.25,25249.0,-5063.0,19.75,-1.05,初始止损,10.0
2025-09-08 09:30:00,2025-09-08 09:35:00,LONG,117,25201.75,25181.25,-5031.0,20.5,-1.05,初始止损,5.0
2025-09-09 09:30:00,2025-09-09 09:40:00,LONG,119,25224.5,25204.5,-4998.0,20.0,-1.05,初始止损,10.0
2025-09-10 09:30:00,2025-09-10 10:20:00,SHORT,121,25344.5,25364.0,-4961.0,19.5,-1.05,初始止损,50.0
2025-09-11 09:30:00,2025-09-11 09:35:00,LONG,122,25366.75,25347.5,-4941.0,19.25,-1.05,初始止损,5.0
2025-09-12 09:30:00,2025-09-12 10:00:00,SHORT,124,25416.25,25435.0,-4898.0,18.75,-1.05,初始止损,30.0
2025-09-15 09:30:00,2025-09-15 15:55:00,LONG,126,25586.25,25696.75,27594.0,18.25,6.0,收盘平仓,385.0
2025-09-16 09:30:00,2025-09-16 15:55:00,SHORT,133,25713.75,25667.75,11970.0,18.0,2.5,收盘平仓,385.0
2025-09-17 09:30:00,2025-09-17 09:50:00,SHORT,142,25644.75,25662.0,-5183.0,17.25,-1.06,初始止损,20.0
2025-09-18 09:30:00,2025-09-18 09:35:00,LONG,137,25841.75,25824.0,-5137.5,17.75,-1.06,初始止损,5.0
2025-09-19 09:45:00,2025-09-19 10:15:00,LONG,132,25936.75,25918.5,-5082.0,18.25,-1.05,初始止损,30.0
2025-09-22 09:30:00,2025-09-22 09:35:00,LONG,133,25993.5,25975.5,-5054.0,18.0,-1.06,初始止损,5.0
2025-09-23 09:30:00,2025-09-23 15:55:00,SHORT,132,26135.75,25975.0,42174.0,18.0,8.88,收盘平仓,385.0
2025-09-24 09:30:00,2025-09-24 15:55:00,SHORT,142,25984.25,25883.0,28471.0,17.75,5.65,收盘平仓,385.0
2025-09-25 09:30:00,2025-09-25 09:50:00,SHORT,146,25662.25,25662.25,-292.0,18.0,-0.06,保本止损,20.0
2025-09-26 09:45:00,2025-09-26 09:50:00,LONG,142,25843.0,25824.5,-5538.0,18.5,-1.05,初始止损,5.0
2025-09-29 09:40:00,2025-09-29 11:10:00,LONG,142,26058.0,26039.75,-5467.0,18.25,-1.05,初始止损,90.0
2025-09-30 09:30:00,2025-09-30 09:35:00,SHORT,141,25906.0,25924.25,-5428.5,18.25,-1.05,初始止损,5.0
2025-10-01 09:30:00,2025-10-01 09:45:00,LONG,142,25959.5,25941.5,-5396.0,18.0,-1.06,初始止损,15.0
2025-10-02 09:30:00,2025-10-02 14:55:00,SHORT,137,26260.5,26260.5,-274.0,18.5,-0.05,保本止损,325.0
2025-10-03 09:30:00,2025-10-03 09:40:00,LONG,141,26288.75,26270.75,-5358.0,18.0,-1.06,初始止损,10.0
2025-10-06 09:30:00,2025-10-06 09:35:00,SHORT,140,26305.25,26323.25,-5320.0,18.0,-1.06,初始止损,5.0
2025-10-07 10:00:00,2025-10-07 10:05:00,SHORT,137,26363.0,26381.25,-5274.5,18.25,-1.05,初始止损,5.0
2025-10-08 09:30:00,2025-10-08 15:55:00,LONG,136,26267.0,26473.5,55896.0,18.25,11.26,收盘平仓,385.0
2025-10-09 09:30:00,2025-10-09 15:55:00,SHORT,143,26450.25,26438.0,3217.5,18.75,0.6,收盘平仓,385.0
2025-10-10 09:30:00,2025-10-10 10:15:00,LONG,148,26471.75,26453.5,-5698.0,18.25,-1.05,初始止损,45.0
2025-10-13 09:30:00,2025-10-13 09:40:00,SHORT,120,25903.0,25925.25,-5580.0,22.25,-1.04,初始止损,10.0
2025-10-14 09:30:00,2025-10-14 09:55:00,SHORT,112,25705.25,25705.25,-224.0,23.75,-0.04,保本止损,25.0
2025-10-15 09:30:00,2025-10-15 09:35:00,SHORT,107,26104.5,26129.25,-5510.5,24.75,-1.04,初始止损,5.0
2025-10-16 09:40:00,2025-10-16 09:45:00,LONG,103,26235.5,26209.75,-5510.5,25.5,-1.05,初始止损,5.0
2025-10-17 09:30:00,2025-10-17 09:35:00,LONG,98,25922.5,25895.75,-5439.0,26.5,-1.05,初始止损,5.0
2025-10-20 09:30:00,2025-10-20 15:55:00,LONG,97,26329.5,26443.75,21970.5,26.75,4.23,收盘平仓,385.0
2025-10-21 09:40:00,2025-10-21 10:20:00,SHORT,100,26400.0,26426.75,-5550.0,26.75,-1.04,初始止损,40.0
2025-10-22 09:30:00,2025-10-22 09:35:00,SHORT,104,26328.0,26353.5,-5512.0,25.5,-1.04,初始止损,5.0
2025-10-23 09:30:00,2025-10-23 15:55:00,LONG,99,26175.0,26396.5,43659.0,26.5,8.32,收盘平仓,385.0
2025-10-24 09:35:00,2025-10-24 09:45:00,LONG,107,26649.75,26623.75,-5778.0,26.0,-1.04,初始止损,10.0
2025-10-27 09:55:00,2025-10-27 15:55:00,LONG,106,26992.25,27104.5,23585.0,26.0,4.28,收盘平仓,360.0
2025-10-28 09:30:00,2025-10-28 09:35:00,LONG,107,27213.75,27187.0,-5938.5,26.5,-1.05,初始止损,5.0
2025-10-29 09:30:00,2025-10-29 10:50:00,LONG,108,27421.5,27395.25,-5886.0,26.25,-1.04,初始止损,80.0
2025-10-30 09:30:00,2025-10-30 09:45:00,SHORT,109,27187.25,27213.0,-5831.5,25.75,-1.04,初始止损,15.0
2025-10-31 09:30:00,2025-10-31 15:55:00,SHORT,107,27303.25,27136.25,35524.0,26.0,6.38,收盘平仓,385.0
2025-11-03 09:35:00,2025-11-03 15:55:00,SHORT,112,27319.75,27253.75,14560.0,26.0,2.5,收盘平仓,380.0
2025-11-04 09:30:00,2025-11-04 09:35:00,SHORT,116,26821.25,26846.75,-6148.0,25.5,-1.04,初始止损,5.0
2025-11-05 09:30:00,2025-11-05 09:35:00,SHORT,110,26645.0,26671.75,-6105.0,26.75,-1.04,初始止损,5.0
2025-11-06 09:30:00,2025-11-06 09:45:00,SHORT,108,26789.0,26816.0,-6048.0,27.0,-1.04,初始止损,15.0
2025-11-07 09:30:00,2025-11-07 14:40:00,SHORT,103,26202.0,26202.0,-206.0,28.0,-0.04,保本止损,310.0
2025-11-10 09:30:00,2025-11-10 10:50:00,LONG,100,26714.0,26685.0,-6000.0,29.0,-1.03,初始止损,80.0
2025-11-11 09:45:00,2025-11-11 09:55:00,SHORT,96,26726.5,26756.5,-5952.0,30.0,-1.03,初始止损,10.0
2025-11-12 09:30:00,2025-11-12 15:55:00,SHORT,97,26822.0,26768.75,10136.5,29.25,1.79,收盘平仓,385.0
2025-11-13 09:30:00,2025-11-13 10:05:00,SHORT,100,26578.0,26578.0,-200.0,28.75,-0.03,保本止损,35.0
2025-11-14 09:30:00,2025-11-14 09:35:00,SHORT,96,25787.0,25817.25,-6000.0,30.0,-1.04,初始止损,5.0
2025-11-17 09:30:00,2025-11-17 10:05:00,LONG,92,26238.0,26238.0,-184.0,31.25,-0.03,保本止损,35.0
2025-11-18 09:40:00,2025-11-18 09:45:00,SHORT,89,25799.25,25831.5,-5918.5,32.0,-1.04,初始止损,5.0
2025-11-19 09:35:00,2025-11-19 11:25:00,LONG,87,25821.5,25821.5,-174.0,32.5,-0.03,保本止损,110.0
2025-11-20 09:30:00,2025-11-20 09:35:00,SHORT,87,26332.75,26365.5,-5872.5,32.75,-1.03,初始止损,5.0
2025-11-21 09:35:00,2025-11-21 09:40:00,SHORT,77,25319.25,25356.0,-5813.5,36.75,-1.03,初始止损,5.0
2025-11-24 09:30:00,2025-11-24 09:40:00,LONG,74,25825.5,25787.5,-5772.0,37.75,-1.03,初始止损,10.0
2025-11-25 09:35:00,2025-11-25 10:40:00,SHORT,72,25980.0,25980.0,-144.0,38.75,-0.03,保本止损,65.0
2025-11-26 09:30:00,2025-11-26 09:35:00,LONG,72,26384.0,26345.25,-5724.0,38.75,-1.03,初始止损,5.0
2025-11-27 09:30:00,2025-11-27 12:55:00,LONG,73,26455.0,26445.2,-1577.0,37.5,-0.29,收盘平仓,205.0
2025-11-28 09:30:00,2025-11-28 09:40:00,LONG,79,26540.0,26505.0,-5688.0,35.0,-1.03,初始止损,10.0
2025-12-01 09:50:00,2025-12-01 10:25:00,LONG,81,26489.5,26455.5,-5670.0,33.75,-1.04,初始止损,35.0
2025-12-02 09:30:00,2025-12-02 11:20:00,LONG,83,26669.5,26636.5,-5644.0,32.75,-1.04,初始止损,110.0
2025-12-04 09:30:00,2025-12-04 09:35:00,SHORT,87,26710.0,26741.25,-5611.5,31.0,-1.04,初始止损,5.0
2025-12-05 09:30:00,2025-12-05 09:40:00,LONG,89,26901.75,26871.5,-5562.5,30.0,-1.04,初始止损,10.0
2025-12-08 09:30:00,2025-12-08 09:40:00,LONG,92,26974.5,26945.5,-5520.0,29.0,-1.03,初始止损,10.0
2025-12-09 09:30:00,2025-12-09 09:35:00,SHORT,93,26724.0,26752.5,-5487.0,28.5,-1.04,初始止损,5.0
2025-12-10 09:30:00,2025-12-10 09:35:00,SHORT,95,26759.25,26787.0,-5462.5,27.5,-1.05,初始止损,5.0
2025-12-11 09:30:00,2025-12-11 09:35:00,SHORT,94,26717.0,26744.75,-5405.0,27.5,-1.05,初始止损,5.0
2025-12-12 09:40:00,2025-12-12 15:55:00,SHORT,94,26696.5,26353.0,64390.0,27.5,12.45,收盘平仓,375.0
2025-12-15 09:30:00,2025-12-15 09:35:00,SHORT,98,26459.0,26487.75,-5831.0,28.75,-1.03,初始止损,5.0
2025-12-16 09:35:00,2025-12-16 09:40:00,LONG,97,26192.75,26164.0,-5771.5,28.75,-1.03,初始止损,5.0
2025-12-17 09:30:00,2025-12-17 15:55:00,SHORT,98,26285.25,25777.5,99323.0,28.25,17.94,收盘平仓,385.0
2025-12-18 09:35:00,2025-12-18 09:50:00,SHORT,106,26099.25,26128.75,-6466.0,29.25,-1.04,初始止损,15.0
2025-12-19 09:30:00,2025-12-19 09:35:00,LONG,103,26338.25,26308.0,-6437.5,30.0,-1.04,初始止损,5.0
2025-12-22 09:30:00,2025-12-22 09:50:00,SHORT,103,26591.75,26621.75,-6386.0,29.75,-1.04,初始止损,20.0
2025-12-23 09:30:00,2025-12-23 09:55:00,LONG,106,26591.0,26562.25,-6307.0,28.75,-1.03,初始止损,25.0
2025-12-26 09:35:00,2025-12-26 09:50:00,LONG,115,26802.5,26776.0,-6325.0,26.25,-1.05,初始止损,15.0
2025-12-29 09:30:00,2025-12-29 10:05:00,LONG,120,26605.75,26580.75,-6240.0,25.0,-1.04,初始止损,35.0
2025-12-30 09:45:00,2025-12-30 10:10:00,LONG,123,26621.75,26597.5,-6211.5,24.25,-1.04,初始止损,25.0
2025-12-31 09:30:00,2025-12-31 15:55:00,SHORT,127,26551.5,26340.5,53340.0,23.25,9.03,收盘平仓,385.0
2026-01-02 09:35:00,2026-01-02 09:40:00,SHORT,137,26537.75,26560.75,-6576.0,23.0,-1.04,初始止损,5.0
2026-01-05 09:35:00,2026-01-05 09:40:00,SHORT,129,26453.75,26478.0,-6514.5,24.25,-1.04,初始止损,5.0
2026-01-06 09:30:00,2026-01-06 09:40:00,LONG,128,26533.5,26509.25,-6464.0,24.25,-1.04,初始止损,10.0
2026-01-07 09:30:00,2026-01-07 09:35:00,LONG,130,26707.25,26683.5,-6435.0,23.75,-1.04,初始止损,5.0
2026-01-08 09:30:00,2026-01-08 09:35:00,SHORT,131,26591.25,26614.75,-6419.0,23.25,-1.05,初始止损,5.0
2026-01-09 09:30:00,2026-01-09 09:35:00,SHORT,132,26560.75,26583.75,-6336.0,23.0,-1.04,初始止损,5.0
2026-01-12 09:30:00,2026-01-12 15:55:00,LONG,128,26740.75,26837.5,24512.0,23.5,4.07,收盘平仓,385.0
2026-01-13 09:35:00,2026-01-13 09:40:00,LONG,133,26893.75,26870.5,-6450.5,23.25,-1.04,初始止损,5.0
2026-01-14 09:30:00,2026-01-14 09:35:00,LONG,135,26665.0,26642.25,-6412.5,22.75,-1.04,初始止损,5.0
2026-01-15 09:30:00,2026-01-15 09:40:00,SHORT,128,26774.0,26798.0,-6400.0,23.75,-1.05,初始止损,10.0
2026-01-16 09:40:00,2026-01-16 15:55:00,SHORT,127,26705.75,26569.75,34290.0,23.75,5.68,收盘平仓,375.0
2026-01-19 09:30:00,2026-01-19 09:50:00,SHORT,133,26151.75,26175.5,-6583.5,23.75,-1.04,初始止损,20.0
2026-01-20 09:30:00,2026-01-20 09:35:00,LONG,128,26232.25,26207.75,-6528.0,24.5,-1.04,初始止损,5.0
2026-01-21 09:50:00,2026-01-21 11:45:00,LONG,127,26174.0,26174.0,-254.0,24.5,-0.04,保本止损,115.0
2026-01-22 09:30:00,2026-01-22 09:35:00,SHORT,122,26551.75,26577.25,-6466.0,25.5,-1.04,初始止损,5.0
2026-01-23 09:40:00,2026-01-23 09:45:00,LONG,123,26499.75,26474.5,-6457.5,25.0,-1.05,初始止损,5.0
2026-01-26 09:30:00,2026-01-26 15:55:00,LONG,123,26655.25,26730.25,18204.0,24.75,2.99,收盘平仓,385.0
2026-01-27 09:30:00,2026-01-27 09:45:00,SHORT,129,26847.0,26871.25,-6514.5,24.25,-1.04,初始止损,15.0
2026-01-28 09:40:00,2026-01-28 09:45:00,LONG,129,27170.25,27146.25,-6450.0,24.0,-1.04,初始止损,5.0
2026-01-29 09:30:00,2026-01-29 15:55:00,SHORT,131,26982.5,26876.75,27444.5,23.5,4.46,收盘平仓,385.0
2026-01-30 09:30:00,2026-01-30 09:35:00,LONG,126,26775.25,26750.0,-6615.0,25.25,-1.04,初始止损,5.0
2026-02-02 09:30:00,2026-02-02 15:55:00,LONG,122,26522.75,26741.75,53192.0,25.75,8.47,收盘平仓,385.0
2026-02-03 09:30:00,2026-02-03 15:55:00,SHORT,128,26760.5,26330.75,109760.0,26.0,16.49,收盘平仓,385.0
2026-02-04 09:30:00,2026-02-04 09:35:00,SHORT,133,26172.25,26200.25,-7714.0,28.0,-1.04,初始止损,5.0
2026-02-05 09:35:00,2026-02-05 09:40:00,LONG,124,25786.5,25756.75,-7626.0,29.75,-1.03,初始止损,5.0
2026-02-06 09:30:00,2026-02-06 09:35:00,LONG,122,25742.0,25711.75,-7625.0,30.0,-1.04,初始止损,5.0
2026-02-09 09:35:00,2026-02-09 09:50:00,LONG,117,26011.0,25979.75,-7546.5,31.0,-1.04,初始止损,15.0
2026-02-10 09:30:00,2026-02-10 09:55:00,SHORT,115,26247.5,26279.0,-7475.0,31.25,-1.04,初始止损,25.0
2026-02-11 09:30:00,2026-02-11 09:35:00,SHORT,118,26270.5,26301.0,-7434.0,30.25,-1.04,初始止损,5.0
2026-02-12 09:40:00,2026-02-12 15:55:00,SHORT,117,26193.5,25648.75,127237.5,30.5,17.83,收盘平仓,375.0
2026-02-13 09:35:00,2026-02-13 09:40:00,SHORT,126,25557.0,25588.75,-8253.0,31.75,-1.03,初始止损,5.0
2026-02-16 09:35:00,2026-02-16 09:55:00,SHORT,125,25616.25,25648.25,-8250.0,31.75,-1.04,初始止损,20.0
2026-02-17 09:30:00,2026-02-17 09:40:00,LONG,130,25643.5,25613.0,-8190.0,30.25,-1.04,初始止损,10.0
2026-02-18 09:30:00,2026-02-18 09:35:00,SHORT,128,25653.0,25683.75,-8128.0,30.5,-1.04,初始止损,5.0
2026-02-19 09:35:00,2026-02-19 09:40:00,SHORT,128,25700.25,25730.75,-8064.0,30.25,-1.04,初始止损,5.0
2026-02-20 09:30:00,2026-02-20 15:55:00,LONG,132,25690.5,25960.0,70884.0,29.25,9.18,收盘平仓,385.0
2026-02-23 09:30:00,2026-02-23 09:35:00,LONG,139,25890.25,25860.5,-8548.5,29.5,-1.04,初始止损,5.0
2026-02-24 09:30:00,2026-02-24 09:35:00,SHORT,137,25624.25,25654.0,-8425.5,29.75,-1.03,初始止损,5.0
2026-02-25 09:30:00,2026-02-25 15:55:00,LONG,137,26108.25,26269.75,43977.0,29.5,5.44,收盘平仓,385.0
2026-02-26 09:30:00,2026-02-26 15:55:00,SHORT,142,26157.0,25968.5,53250.0,29.5,6.36,收盘平仓,385.0
2026-02-27 09:30:00,2026-02-27 09:35:00,LONG,145,25765.75,25735.5,-9062.5,30.25,-1.03,初始止损,5.0
2026-03-02 09:30:00,2026-03-02 09:35:00,LONG,148,25718.0,25688.5,-9028.0,29.5,-1.03,初始止损,5.0
2026-03-03 09:35:00,2026-03-03 09:40:00,LONG,143,25479.0,25448.75,-8937.5,30.25,-1.03,初始止损,5.0
2026-03-04 09:30:00,2026-03-04 09:35:00,LONG,136,25849.75,25818.0,-8908.0,31.5,-1.04,初始止损,5.0
2026-03-05 09:30:00,2026-03-05 09:40:00,LONG,134,25979.0,25947.0,-8844.0,31.75,-1.04,初始止损,10.0
2026-03-06 09:30:00,2026-03-06 09:35:00,LONG,133,25591.0,25559.0,-8778.0,31.75,-1.04,初始止损,5.0
2026-03-09 09:30:00,2026-03-09 09:35:00,LONG,131,25362.5,25330.25,-8711.5,32.0,-1.04,初始止损,5.0
2026-03-10 09:30:00,2026-03-10 09:40:00,LONG,123,25910.25,25876.25,-8610.0,33.75,-1.04,初始止损,10.0
2026-03-11 09:30:00,2026-03-11 09:45:00,LONG,125,25961.75,25928.5,-8562.5,33.0,-1.04,初始止损,15.0
2026-03-12 09:45:00,2026-03-12 15:55:00,SHORT,127,25621.75,25440.5,45783.5,32.25,5.59,收盘平仓,370.0
2026-03-13 09:40:00,2026-03-13 09:50:00,LONG,132,25655.0,25622.5,-8844.0,32.25,-1.04,初始止损,10.0
2026-03-16 09:30:00,2026-03-16 10:35:00,LONG,130,25556.75,25524.0,-8775.0,32.5,-1.04,初始止损,65.0
2026-03-17 09:30:00,2026-03-17 10:15:00,LONG,130,25707.75,25675.25,-8710.0,32.25,-1.04,初始止损,45.0
2026-03-18 09:30:00,2026-03-18 10:10:00,LONG,134,25595.75,25564.5,-8643.0,31.25,-1.03,初始止损,40.0
2026-03-19 09:30:00,2026-03-19 09:35:00,SHORT,134,25008.5,25039.5,-8576.0,31.0,-1.03,初始止损,5.0
2026-03-20 09:30:00,2026-03-20 09:40:00,SHORT,134,25051.75,25082.5,-8509.0,30.75,-1.03,初始止损,10.0
2026-03-23 09:30:00,2026-03-23 09:35:00,SHORT,129,25128.5,25160.25,-8449.5,31.75,-1.03,初始止损,5.0
2026-03-24 09:30:00,2026-03-24 09:35:00,LONG,125,24955.5,24923.0,-8375.0,32.5,-1.03,初始止损,5.0
2026-03-25 09:45:00,2026-03-25 10:10:00,SHORT,127,25069.5,25101.25,-8318.5,31.75,-1.03,初始止损,25.0
2026-03-26 09:35:00,2026-03-26 09:40:00,SHORT,129,24719.75,24750.75,-8256.0,31.0,-1.03,初始止损,5.0
2026-03-27 09:30:00,2026-03-27 09:35:00,SHORT,124,24215.25,24247.5,-8246.0,32.0,-1.04,初始止损,5.0
2026-03-30 09:30:00,2026-03-30 15:55:00,SHORT,121,24115.0,23786.75,79194.5,32.5,10.07,收盘平仓,385.0
2026-03-31 09:30:00,2026-03-31 09:35:00,LONG,128,24109.25,24076.25,-8704.0,33.0,-1.03,初始止损,5.0
2026-04-01 09:30:00,2026-04-01 09:40:00,LONG,120,24808.75,24773.75,-8640.0,35.0,-1.03,初始止损,10.0
2026-04-02 09:30:00,2026-04-02 09:35:00,LONG,119,24440.25,24405.25,-8568.0,35.0,-1.03,初始止损,5.0
2026-04-06 09:30:00,2026-04-06 09:35:00,LONG,116,25006.0,24970.25,-8526.0,35.5,-1.04,初始止损,5.0
2026-04-07 09:45:00,2026-04-07 09:50:00,SHORT,119,24817.75,24852.25,-8449.0,34.5,-1.03,初始止损,5.0
2026-04-08 09:30:00,2026-04-08 15:55:00,SHORT,119,25814.75,25731.25,19635.0,34.25,2.41,收盘平仓,385.0
2026-04-09 09:40:00,2026-04-09 09:45:00,LONG,113,25751.25,25714.5,-8531.5,36.5,-1.03,初始止损,5.0
2026-04-10 09:30:00,2026-04-10 09:40:00,LONG,116,25987.25,25951.75,-8468.0,35.5,-1.03,初始止损,10.0
2026-04-13 09:30:00,2026-04-13 09:35:00,LONG,120,25872.25,25838.25,-8400.0,34.0,-1.03,初始止损,5.0
2026-04-14 09:30:00,2026-04-14 15:55:00,LONG,120,26369.75,26652.0,67500.0,33.75,8.33,收盘平仓,385.0
2026-04-15 09:35:00,2026-04-15 09:40:00,LONG,127,26702.75,26669.0,-8826.5,33.75,-1.03,初始止损,5.0
2026-04-16 09:30:00,2026-04-16 11:00:00,SHORT,127,27045.25,27078.75,-8763.0,33.5,-1.03,初始止损,90.0
2026-04-17 09:30:00,2026-04-17 09:35:00,SHORT,130,27323.25,27355.75,-8710.0,32.5,-1.03,初始止损,5.0
2026-04-20 09:30:00,2026-04-20 09:35:00,LONG,129,27463.5,27431.0,-8643.0,32.5,-1.03,初始止损,5.0
2026-04-21 09:30:00,2026-04-21 09:50:00,SHORT,132,27410.25,27442.0,-8646.0,31.5,-1.04,初始止损,20.0
2026-04-22 10:05:00,2026-04-22 15:55:00,LONG,133,27540.5,27731.25,50473.5,31.0,6.12,收盘平仓,350.0
2026-04-23 09:35:00,2026-04-23 09:55:00,LONG,138,27697.25,27666.0,-8901.0,31.25,-1.03,初始止损,20.0
2026-04-24 09:50:00,2026-04-24 10:00:00,SHORT,136,27824.5,27856.0,-8840.0,31.5,-1.03,初始止损,10.0
2026-04-27 09:30:00,2026-04-27 09:35:00,SHORT,132,28020.25,28052.5,-8778.0,32.25,-1.03,初始止损,5.0
2026-04-28 09:40:00,2026-04-28 09:50:00,LONG,137,27864.25,27833.25,-8768.0,30.75,-1.04,初始止损,10.0
2026-04-29 09:30:00,2026-04-29 09:35:00,SHORT,136,27798.25,27829.25,-8704.0,30.75,-1.04,初始止损,5.0
2026-04-30 09:30:00,2026-04-30 10:50:00,SHORT,140,27996.5,27996.5,-280.0,29.75,-0.03,保本止损,80.0
2026-05-01 09:30:00,2026-05-01 15:55:00,LONG,138,28387.5,28488.5,27600.0,30.0,3.33,收盘平仓,385.0
2026-05-04 09:55:00,2026-05-04 10:05:00,LONG,143,28547.25,28517.5,-8794.5,29.75,-1.03,初始止损,10.0
2026-05-05 09:30:00,2026-05-05 15:55:00,LONG,143,28676.5,28787.0,31317.0,29.5,3.71,收盘平仓,385.0
2026-05-06 09:40:00,2026-05-06 09:50:00,LONG,147,29133.0,29103.5,-8967.0,29.5,-1.03,初始止损,10.0
2026-05-07 09:35:00,2026-05-07 09:40:00,LONG,141,29424.5,29394.0,-8883.0,30.5,-1.03,初始止损,5.0
2026-05-08 09:30:00,2026-05-08 15:55:00,LONG,140,29614.75,29991.0,105070.0,30.5,12.3,收盘平仓,385.0
2026-05-11 09:30:00,2026-05-11 09:35:00,LONG,146,30078.0,30046.25,-9563.0,31.75,-1.03,初始止损,5.0
2026-05-12 09:40:00,2026-05-12 09:45:00,LONG,150,29936.0,29905.25,-9525.0,30.75,-1.03,初始止损,5.0
2026-05-13 09:35:00,2026-05-13 09:40:00,SHORT,142,29855.5,29887.75,-9443.0,32.25,-1.03,初始止损,5.0
2026-05-14 09:30:00,2026-05-14 15:55:00,LONG,139,30201.25,30338.0,37738.5,32.5,4.18,收盘平仓,385.0
2026-05-15 09:55:00,2026-05-15 10:00:00,SHORT,146,29794.5,29826.5,-9636.0,32.0,-1.03,初始止损,5.0
2026-05-18 09:30:00,2026-05-18 15:55:00,SHORT,140,29939.5,29750.0,52780.0,33.0,5.71,收盘平仓,385.0
2026-05-19 09:30:00,2026-05-19 09:40:00,LONG,144,29609.0,29575.5,-9936.0,33.5,-1.03,初始止损,10.0
2026-05-20 09:30:00,2026-05-20 09:35:00,LONG,143,29786.75,29753.25,-9867.0,33.5,-1.03,初始止损,5.0
2026-05-21 09:30:00,2026-05-21 09:35:00,LONG,141,29915.75,29882.0,-9799.5,33.75,-1.03,初始止损,5.0
2026-05-22 09:30:00,2026-05-22 09:40:00,LONG,141,30300.25,30266.75,-9729.0,33.5,-1.03,初始止损,10.0
2026-05-25 09:35:00,2026-05-25 10:30:00,LONG,143,30623.25,30590.5,-9652.5,32.75,-1.03,初始止损,55.0
2026-05-26 09:30:00,2026-05-26 09:40:00,SHORT,142,30504.0,30536.75,-9585.0,32.75,-1.03,初始止损,10.0
2026-05-27 09:30:00,2026-05-27 15:55:00,SHORT,144,30792.0,30698.5,26640.0,32.0,2.89,收盘平仓,385.0
2026-05-28 09:30:00,2026-05-28 10:05:00,SHORT,149,30662.0,30693.75,-9759.5,31.5,-1.04,初始止损,35.0
2026-05-29 09:35:00,2026-05-29 10:15:00,LONG,148,31080.5,31048.75,-9694.0,31.5,-1.04,初始止损,40.0
2026-06-02 09:30:00,2026-06-02 09:45:00,SHORT,152,31128.0,31158.5,-9576.0,30.5,-1.03,初始止损,15.0
2026-06-03 09:40:00,2026-06-03 10:10:00,SHORT,153,31275.0,31305.25,-9562.5,30.0,-1.04,初始止损,30.0
2026-06-04 09:30:00,2026-06-04 09:35:00,LONG,155,30994.75,30965.25,-9455.0,29.5,-1.03,初始止损,5.0
2026-06-05 09:35:00,2026-06-05 15:55:00,SHORT,151,30655.0,29667.0,298074.0,30.0,32.9,收盘平仓,380.0
2026-06-08 09:30:00,2026-06-08 09:35:00,SHORT,155,30068.75,30104.75,-11470.0,36.0,-1.03,初始止损,5.0
2026-06-09 09:30:00,2026-06-09 09:35:00,SHORT,149,30301.0,30338.25,-11398.5,37.25,-1.03,初始止损,5.0
2026-06-10 09:30:00,2026-06-10 09:35:00,SHORT,127,29431.5,29475.0,-11303.0,43.25,-1.03,初始止损,5.0
2026-06-11 09:30:00,2026-06-11 09:35:00,SHORT,123,29337.75,29382.25,-11193.0,44.25,-1.03,初始止损,5.0
2026-06-12 09:30:00,2026-06-12 09:35:00,SHORT,116,29990.25,30037.0,-11078.0,46.5,-1.03,初始止损,5.0
2026-06-15 09:30:00,2026-06-15 15:55:00,LONG,117,30659.25,30872.75,49725.0,46.0,4.62,收盘平仓,385.0
2026-06-16 09:35:00,2026-06-16 09:40:00,SHORT,121,30781.5,30827.5,-11374.0,46.0,-1.02,初始止损,5.0
2026-06-17 09:30:00,2026-06-17 09:40:00,SHORT,120,30441.25,30487.25,-11280.0,46.0,-1.02,初始止损,10.0
2026-06-18 09:35:00,2026-06-18 09:45:00,SHORT,119,30451.0,30497.25,-11245.5,46.0,-1.03,初始止损,10.0
2026-06-19 09:45:00,2026-06-19 12:55:00,LONG,116,30670.5,30647.0,-5684.0,47.0,-0.52,收盘平仓,190.0
2026-06-22 09:30:00,2026-06-22 09:35:00,SHORT,123,30783.75,30828.0,-11131.5,44.0,-1.03,初始止损,5.0
2026-06-23 09:30:00,2026-06-23 09:35:00,LONG,124,29768.25,29724.75,-11036.0,43.25,-1.03,初始止损,5.0
2026-06-24 09:30:00,2026-06-24 09:35:00,LONG,116,29808.25,29762.0,-10962.0,46.0,-1.03,初始止损,5.0
2026-06-25 09:30:00,2026-06-25 15:55:00,SHORT,114,30057.75,29749.5,70053.0,46.25,6.64,收盘平仓,385.0
2026-06-26 09:55:00,2026-06-26 14:45:00,LONG,116,29440.5,29440.5,-232.0,47.75,-0.02,保本止损,290.0
2026-06-29 09:30:00,2026-06-29 09:35:00,LONG,117,29760.25,29712.75,-11349.0,47.25,-1.03,初始止损,5.0
2026-06-30 09:30:00,2026-06-30 15:55:00,LONG,114,30179.0,30513.5,76038.0,48.25,6.91,收盘平仓,385.0
2026-07-01 09:30:00,2026-07-01 09:40:00,SHORT,121,30117.5,30165.25,-11797.5,47.75,-1.02,初始止损,10.0
2026-07-02 09:35:00,2026-07-02 09:40:00,SHORT,122,30054.75,30101.75,-11712.0,46.75,-1.03,初始止损,5.0
2026-07-03 09:30:00,2026-07-03 12:55:00,LONG,117,29930.0,29901.71,-6854.0,48.75,-0.6,收盘平仓,205.0
2026-07-06 09:45:00,2026-07-06 10:00:00,LONG,119,29952.0,29904.25,-11602.5,47.5,-1.03,初始止损,15.0
2026-07-07 09:30:00,2026-07-07 09:40:00,SHORT,123,29532.5,29578.25,-11500.5,45.75,-1.02,初始止损,10.0
2026-07-08 09:30:00,2026-07-08 09:35:00,LONG,120,29303.5,29256.75,-11460.0,46.5,-1.03,初始止损,5.0
2026-07-09 09:30:00,2026-07-09 10:15:00,LONG,122,29778.75,29733.25,-11346.0,45.5,-1.02,初始止损,45.0
2026-07-10 09:30:00,2026-07-10 09:35:00,LONG,122,29902.75,29857.5,-11285.0,45.25,-1.02,初始止损,5.0
2026-07-13 09:30:00,2026-07-13 10:25:00,SHORT,123,29644.75,29689.25,-11193.0,44.25,-1.03,初始止损,55.0
2026-07-14 09:30:00,2026-07-14 09:35:00,SHORT,122,29694.5,29739.0,-11102.0,44.5,-1.02,初始止损,5.0
2026-07-15 09:35:00,2026-07-15 15:55:00,SHORT,124,29882.25,29701.0,44702.0,43.5,4.14,收盘平仓,380.0
2026-07-16 09:35:00,2026-07-16 09:40:00,SHORT,127,29384.75,29428.5,-11366.5,43.5,-1.03,初始止损,5.0
2026-07-17 09:30:00,2026-07-17 09:50:00,SHORT,126,28553.25,28597.0,-11277.0,43.75,-1.02,初始止损,20.0
2026-07-20 09:30:00,2026-07-20 09:50:00,LONG,121,29136.5,29091.25,-11192.5,45.0,-1.03,初始止损,20.0
2026-07-21 09:30:00,2026-07-21 09:35:00,SHORT,123,29147.25,29191.5,-11131.5,44.0,-1.03,初始止损,5.0
2026-07-22 09:30:00,2026-07-22 15:55:00,LONG,122,29151.0,29160.5,2074.0,44.0,0.19,收盘平仓,385.0
2026-07-23 09:40:00,2026-07-23 09:45:00,LONG,128,28857.0,28814.75,-11072.0,42.25,-1.02,初始止损,5.0
2026-07-24 09:35:00,2026-07-24 11:15:00,SHORT,124,28528.25,28528.25,-248.0,43.0,-0.02,保本止损,100.0
2026-07-27 09:30:00,2026-07-27 09:35:00,SHORT,127,28536.5,28578.75,-10985.5,42.25,-1.02,初始止损,5.0
2026-07-28 09:30:00,2026-07-28 09:35:00,SHORT,124,27877.0,27920.0,-10912.0,43.0,-1.02,初始止损,5.0
2026-07-29 09:30:00,2026-07-29 09:35:00,LONG,123,27957.25,27914.25,-10824.0,43.0,-1.02,初始止损,5.0
2026-07-30 09:35:00,2026-07-30 15:55:00,LONG,119,27889.25,28229.0,80622.5,44.0,7.7,收盘平仓,380.0
2026-07-31 09:30:00,2026-07-31 09:35:00,LONG,120,28682.25,28636.0,-11340.0,46.0,-1.03,初始止损,5.0
2026-08-03 09:30:00,2026-08-03 09:35:00,SHORT,118,28380.75,28427.25,-11210.0,46.25,-1.03,初始止损,5.0
2026-08-04 09:30:00,2026-08-04 15:55:00,LONG,117,29382.75,29877.75,115596.0,46.5,10.62,收盘平仓,385.0
2026-08-05 09:30:00,2026-08-05 09:35:00,LONG,120,30013.0,29964.25,-11940.0,48.75,-1.02,初始止损,5.0
2026-08-06 09:40:00,2026-08-06 15:55:00,LONG,121,29458.75,29496.75,8954.0,48.0,0.77,收盘平仓,375.0
2026-08-07 09:55:00,2026-08-07 10:20:00,SHORT,125,29677.25,29724.0,-11937.5,46.75,-1.02,初始止损,25.0
2026-08-10 09:30:00,2026-08-10 09:35:00,SHORT,127,29740.75,29786.5,-11874.5,45.5,-1.03,初始止损,5.0
2026-08-11 09:30:00,2026-08-11 10:05:00,SHORT,133,29737.5,29781.0,-11837.0,43.25,-1.03,初始止损,35.0
2026-08-12 09:30:00,2026-08-12 09:35:00,SHORT,137,29878.5,29920.25,-11713.5,41.75,-1.02,初始止损,5.0
2026-08-13 09:30:00,2026-08-13 15:55:00,LONG,139,29945.5,30194.75,69013.5,40.75,6.09,收盘平仓,385.0
2026-08-14 09:30:00,2026-08-14 09:40:00,SHORT,148,30206.25,30246.25,-12136.0,40.0,-1.02,初始止损,10.0
2026-08-17 09:30:00,2026-08-17 09:35:00,SHORT,152,30196.5,30235.25,-12084.0,38.5,-1.03,初始止损,5.0
2026-08-18 09:35:00,2026-08-18 09:40:00,LONG,157,29734.25,29697.0,-12010.5,37.0,-1.03,初始止损,5.0
2026-08-19 09:30:00,2026-08-19 15:55:00,SHORT,154,29673.0,29522.0,46200.0,37.5,4.0,收盘平仓,385.0
2026-08-20 09:30:00,2026-08-20 09:45:00,LONG,162,29403.25,29366.5,-12231.0,36.75,-1.03,初始止损,15.0
2026-08-21 09:30:00,2026-08-21 11:30:00,SHORT,165,29362.25,29398.25,-12210.0,35.75,-1.03,初始止损,120.0
2026-08-24 09:30:00,2026-08-24 11:35:00,SHORT,169,29112.75,29147.5,-12083.5,34.75,-1.03,初始止损,125.0
2026-08-25 09:30:00,2026-08-25 09:35:00,LONG,169,29375.25,29340.75,-11999.0,34.5,-1.03,初始止损,5.0
2026-08-26 09:30:00,2026-08-26 09:35:00,LONG,171,29256.0,29222.0,-11970.0,33.75,-1.04,初始止损,5.0
2026-08-27 09:30:00,2026-08-27 09:40:00,SHORT,176,29463.5,29496.25,-11880.0,32.5,-1.04,初始止损,10.0
2026-08-28 09:30:00,2026-08-28 09:35:00,SHORT,175,29605.75,29638.5,-11812.5,32.5,-1.04,初始止损,5.0
