entry_time_et,exit_time_et,side,qty,entry_price,exit_price,pnl_usd,stop_dist_pt,r_multiple,exit_reason,duration_min
2020-01-02 09:30:00,2020-01-02 10:10:00,LONG,17,12511.5,12506.25,-212.5,5.0,-1.25,初始止损,40.0
2020-01-03 09:30:00,2020-01-03 09:35:00,LONG,15,12501.0,12495.25,-202.5,5.5,-1.23,初始止损,5.0
2020-01-06 09:30:00,2020-01-06 09:35:00,LONG,14,12440.75,12434.5,-203.0,5.75,-1.26,初始止损,5.0
2020-01-07 09:35:00,2020-01-07 09:50:00,SHORT,14,12522.0,12528.0,-196.0,6.0,-1.17,初始止损,15.0
2020-01-08 09:30:00,2020-01-08 09:35:00,LONG,14,12551.5,12545.5,-196.0,5.75,-1.22,初始止损,5.0
2020-01-09 09:30:00,2020-01-09 09:35:00,LONG,13,12689.25,12682.75,-195.0,6.0,-1.25,初始止损,5.0
2020-01-10 09:30:00,2020-01-10 09:35:00,SHORT,13,12695.75,12702.25,-195.0,6.25,-1.2,初始止损,5.0
2020-01-13 09:30:00,2020-01-13 09:40:00,LONG,13,12695.5,12689.25,-188.5,6.0,-1.21,初始止损,10.0
2020-01-14 09:35:00,2020-01-14 10:30:00,SHORT,13,12743.75,12750.0,-188.5,6.25,-1.16,初始止损,55.0
2020-01-15 09:30:00,2020-01-15 13:00:00,LONG,13,12742.75,12736.5,-188.5,6.0,-1.21,初始止损,210.0
2020-01-16 09:30:00,2020-01-16 09:35:00,LONG,13,12782.25,12776.0,-188.5,6.0,-1.21,初始止损,5.0
2020-01-17 09:30:00,2020-01-17 10:25:00,SHORT,13,12835.5,12841.75,-188.5,6.0,-1.21,初始止损,55.0
2020-01-20 09:30:00,2020-01-20 10:30:00,LONG,13,12846.0,12840.0,-182.0,6.0,-1.17,初始止损,60.0
2020-01-21 09:30:00,2020-01-21 09:35:00,LONG,13,12839.75,12833.75,-182.0,5.75,-1.22,初始止损,5.0
2020-01-22 09:35:00,2020-01-22 09:50:00,LONG,14,12910.75,12905.25,-182.0,5.5,-1.18,初始止损,15.0
2020-01-23 09:30:00,2020-01-23 09:35:00,SHORT,14,12841.75,12847.25,-182.0,5.5,-1.18,初始止损,5.0
2020-01-24 09:30:00,2020-01-24 09:35:00,SHORT,13,12940.75,12946.75,-182.0,5.5,-1.27,初始止损,5.0
2020-01-27 09:50:00,2020-01-27 09:55:00,LONG,12,12665.5,12659.25,-174.0,6.0,-1.21,初始止损,5.0
2020-01-28 09:35:00,2020-01-28 09:40:00,SHORT,11,12683.75,12690.5,-170.5,6.75,-1.15,初始止损,5.0
2020-01-29 09:45:00,2020-01-29 11:55:00,SHORT,10,12797.25,12804.75,-170.0,7.25,-1.17,初始止损,130.0
2020-01-30 09:30:00,2020-01-30 10:00:00,LONG,10,12767.0,12759.5,-170.0,7.25,-1.17,初始止损,30.0
2020-01-31 09:30:00,2020-01-31 15:55:00,SHORT,10,12827.25,12672.0,3085.0,7.25,21.28,收盘平仓,385.0
2020-02-03 09:30:00,2020-02-03 15:55:00,LONG,10,12746.0,12808.25,1225.0,8.0,7.66,收盘平仓,385.0
2020-02-04 09:30:00,2020-02-04 09:40:00,SHORT,10,12919.75,12928.75,-200.0,8.25,-1.21,初始止损,10.0
2020-02-05 09:30:00,2020-02-05 15:55:00,SHORT,9,13105.75,13052.5,940.5,9.0,5.81,收盘平仓,385.0
2020-02-06 09:30:00,2020-02-06 09:45:00,SHORT,10,13057.0,13066.25,-205.0,9.0,-1.14,初始止损,15.0
2020-02-07 09:30:00,2020-02-07 09:35:00,SHORT,10,13067.0,13076.0,-200.0,8.75,-1.14,初始止损,5.0
2020-02-10 09:30:00,2020-02-10 15:55:00,LONG,10,13091.75,13201.75,2180.0,8.75,12.46,收盘平仓,385.0
2020-02-11 09:30:00,2020-02-11 09:40:00,SHORT,11,13230.0,13238.75,-214.5,8.75,-1.11,初始止损,10.0
2020-02-12 09:30:00,2020-02-12 09:35:00,LONG,11,13275.0,13266.25,-214.5,8.75,-1.11,初始止损,5.0
2020-02-13 09:30:00,2020-02-13 10:00:00,LONG,10,13246.5,13237.0,-210.0,8.75,-1.2,初始止损,30.0
2020-02-14 09:30:00,2020-02-14 09:35:00,LONG,11,13314.75,13306.0,-214.5,8.5,-1.15,初始止损,5.0
2020-02-17 09:30:00,2020-02-17 12:55:00,LONG,11,13338.0,13343.25,93.5,8.25,0.52,收盘平仓,205.0
2020-02-18 09:30:00,2020-02-18 09:35:00,LONG,11,13286.0,13277.25,-214.5,8.0,-1.22,初始止损,5.0
2020-02-19 09:35:00,2020-02-19 15:55:00,LONG,12,13380.75,13405.0,558.0,7.75,3.0,收盘平仓,380.0
2020-02-20 09:30:00,2020-02-20 09:35:00,LONG,12,13391.5,13383.5,-216.0,8.0,-1.12,初始止损,5.0
2020-02-21 09:30:00,2020-02-21 15:55:00,SHORT,11,13255.25,13128.75,2761.0,8.5,14.76,收盘平仓,385.0
2020-02-24 09:40:00,2020-02-24 09:45:00,LONG,11,12854.0,12844.5,-231.0,9.0,-1.17,初始止损,5.0
2020-02-25 09:30:00,2020-02-25 09:35:00,SHORT,9,12812.0,12823.5,-225.0,10.5,-1.19,初始止损,5.0
2020-02-26 09:35:00,2020-02-26 09:50:00,LONG,8,12640.0,12627.0,-224.0,12.0,-1.17,初始止损,15.0
2020-02-27 09:30:00,2020-02-27 09:35:00,SHORT,8,12315.0,12327.75,-220.0,12.25,-1.12,初始止损,5.0
2020-02-28 09:30:00,2020-02-28 09:40:00,LONG,7,11951.75,11937.25,-217.0,13.75,-1.13,初始止损,10.0
2020-03-02 09:35:00,2020-03-02 09:40:00,SHORT,6,12170.25,12187.0,-213.0,14.75,-1.2,初始止损,5.0
2020-03-03 09:35:00,2020-03-03 09:40:00,SHORT,6,12501.75,12518.5,-213.0,16.0,-1.11,初始止损,5.0
2020-03-04 09:35:00,2020-03-04 09:40:00,SHORT,5,12378.25,12398.25,-210.0,17.5,-1.2,初始止损,5.0
2020-03-05 09:30:00,2020-03-05 09:45:00,LONG,5,12436.5,12416.75,-207.5,18.25,-1.14,初始止损,15.0
2020-03-06 09:30:00,2020-03-06 09:45:00,LONG,5,12100.5,12080.75,-207.5,18.75,-1.11,初始止损,15.0
2020-03-09 09:30:00,2020-03-09 09:45:00,SHORT,5,11527.5,11547.0,-205.0,19.25,-1.06,初始止损,15.0
2020-03-10 09:35:00,2020-03-10 09:55:00,SHORT,4,11846.75,11871.0,-202.0,21.75,-1.16,初始止损,20.0
2020-03-11 09:30:00,2020-03-11 09:35:00,LONG,4,11875.75,11851.75,-200.0,22.5,-1.11,初始止损,5.0
2020-03-12 09:30:00,2020-03-12 09:55:00,SHORT,4,11135.75,11159.5,-198.0,23.5,-1.05,初始止损,25.0
2020-03-13 09:30:00,2020-03-13 09:35:00,LONG,3,11322.75,11291.25,-195.0,25.75,-1.26,初始止损,5.0
2020-03-16 09:30:00,2020-03-16 10:35:00,SHORT,3,11186.75,11186.75,-6.0,27.75,-0.04,保本止损,65.0
2020-03-17 09:35:00,2020-03-17 09:45:00,SHORT,3,10882.5,10913.75,-193.5,30.5,-1.06,初始止损,10.0
2020-03-18 09:30:00,2020-03-18 11:40:00,LONG,2,10930.75,10884.0,-191.0,31.5,-1.52,初始止损,130.0
2020-03-19 09:30:00,2020-03-19 09:50:00,SHORT,2,10901.0,10947.25,-189.0,32.75,-1.44,初始止损,20.0
2020-03-20 09:35:00,2020-03-20 10:20:00,SHORT,2,11176.0,11222.0,-188.0,33.0,-1.42,初始止损,45.0
2020-03-23 09:30:00,2020-03-23 09:55:00,SHORT,2,10782.75,10828.5,-187.0,33.5,-1.4,初始止损,25.0
2020-03-24 09:30:00,2020-03-24 09:35:00,LONG,2,11221.75,11176.5,-185.0,33.25,-1.39,初始止损,5.0
2020-03-25 09:30:00,2020-03-25 09:45:00,LONG,2,11407.0,11362.0,-184.0,33.75,-1.36,初始止损,15.0
2020-03-26 09:30:00,2020-03-26 15:55:00,LONG,2,11377.0,11673.5,1182.0,33.25,8.89,收盘平仓,385.0
2020-03-27 09:40:00,2020-03-27 10:05:00,SHORT,2,11405.5,11452.25,-191.0,33.25,-1.44,初始止损,25.0
2020-03-30 09:30:00,2020-03-30 09:35:00,LONG,2,11515.0,11468.5,-190.0,32.5,-1.46,初始止损,5.0
2020-03-31 10:00:00,2020-03-31 15:10:00,LONG,2,11661.5,11615.5,-188.0,32.0,-1.47,初始止损,310.0
2020-04-01 09:30:00,2020-04-01 12:30:00,LONG,2,11400.75,11355.0,-187.0,31.0,-1.51,初始止损,180.0
2020-04-02 09:30:00,2020-04-02 09:40:00,LONG,2,11301.75,11256.25,-186.0,30.75,-1.51,初始止损,10.0
2020-04-03 09:40:00,2020-04-03 09:50:00,LONG,3,11448.0,11418.0,-186.0,29.75,-1.04,初始止损,10.0
2020-04-06 09:30:00,2020-04-06 09:45:00,SHORT,3,11572.0,11601.75,-184.5,29.0,-1.06,初始止损,15.0
2020-04-07 09:30:00,2020-04-07 15:55:00,SHORT,2,12065.0,11846.0,872.0,30.0,7.27,收盘平仓,385.0
2020-04-08 09:45:00,2020-04-08 10:50:00,SHORT,3,11899.25,11930.0,-190.5,29.25,-1.09,初始止损,65.0
2020-04-09 09:30:00,2020-04-09 09:35:00,SHORT,3,12051.25,12081.75,-189.0,28.25,-1.12,初始止损,5.0
2020-04-13 09:35:00,2020-04-13 09:40:00,LONG,3,12042.0,12011.75,-187.5,27.25,-1.15,初始止损,5.0
2020-04-14 09:30:00,2020-04-14 15:55:00,LONG,3,12311.75,12487.5,1048.5,26.25,6.66,收盘平仓,385.0
2020-04-15 09:30:00,2020-04-15 09:40:00,LONG,3,12355.0,12323.75,-193.5,26.5,-1.22,初始止损,10.0
2020-04-16 09:30:00,2020-04-16 10:45:00,SHORT,3,12475.75,12506.75,-192.0,25.75,-1.24,初始止损,75.0
2020-04-17 09:30:00,2020-04-17 15:55:00,SHORT,3,12623.0,12621.25,4.5,25.0,0.03,收盘平仓,385.0
2020-04-20 09:30:00,2020-04-20 15:05:00,LONG,3,12563.75,12533.0,-190.5,24.0,-1.32,初始止损,335.0
2020-04-21 09:35:00,2020-04-21 09:45:00,SHORT,3,12354.5,12385.0,-189.0,23.0,-1.37,初始止损,10.0
2020-04-22 09:30:00,2020-04-22 09:35:00,SHORT,3,12357.25,12387.5,-187.5,23.5,-1.33,初始止损,5.0
2020-04-23 09:30:00,2020-04-23 12:40:00,LONG,3,12525.75,12495.75,-186.0,23.5,-1.32,初始止损,190.0
2020-04-24 09:30:00,2020-04-24 10:35:00,SHORT,3,12436.75,12466.75,-186.0,22.75,-1.36,初始止损,65.0
2020-04-27 09:30:00,2020-04-27 09:55:00,SHORT,3,12637.75,12667.5,-184.5,22.25,-1.38,初始止损,25.0
2020-04-28 09:30:00,2020-04-28 15:55:00,SHORT,4,12692.25,12472.0,1754.0,21.25,10.32,收盘平仓,385.0
2020-04-29 09:30:00,2020-04-29 09:45:00,SHORT,4,12653.25,12676.75,-196.0,21.0,-1.17,初始止损,15.0
2020-04-30 09:35:00,2020-04-30 09:45:00,SHORT,4,12765.75,12789.25,-196.0,21.25,-1.15,初始止损,10.0
2020-05-01 09:30:00,2020-05-01 09:35:00,LONG,4,12646.0,12622.75,-194.0,20.5,-1.18,初始止损,5.0
2020-05-04 09:50:00,2020-05-04 15:55:00,LONG,4,12522.0,12623.5,804.0,20.5,4.9,收盘平仓,365.0
2020-05-05 09:30:00,2020-05-05 15:35:00,LONG,4,12736.25,12712.5,-198.0,20.0,-1.24,初始止损,365.0
2020-05-06 09:30:00,2020-05-06 09:55:00,LONG,4,12808.5,12784.75,-198.0,19.75,-1.25,初始止损,25.0
2020-05-07 09:45:00,2020-05-07 11:45:00,SHORT,4,12882.5,12906.0,-196.0,19.0,-1.29,初始止损,120.0
2020-05-08 09:30:00,2020-05-08 09:45:00,SHORT,5,12940.5,12959.25,-197.5,18.5,-1.07,初始止损,15.0
2020-05-11 09:30:00,2020-05-11 15:55:00,LONG,5,12984.0,13092.25,1072.5,18.0,5.96,收盘平仓,385.0
2020-05-12 09:30:00,2020-05-12 11:05:00,SHORT,5,13109.25,13128.5,-202.5,17.75,-1.14,初始止损,95.0
2020-05-13 09:30:00,2020-05-13 09:40:00,SHORT,5,12879.0,12898.0,-200.0,17.75,-1.13,初始止损,10.0
2020-05-14 09:30:00,2020-05-14 09:40:00,LONG,5,12748.0,12729.0,-200.0,18.25,-1.1,初始止损,10.0
2020-05-15 09:35:00,2020-05-15 09:45:00,LONG,5,12794.5,12775.75,-197.5,18.25,-1.08,初始止损,10.0
2020-05-18 09:30:00,2020-05-18 09:35:00,SHORT,5,13059.25,13078.0,-197.5,18.0,-1.1,初始止损,5.0
2020-05-19 09:35:00,2020-05-19 09:45:00,LONG,5,13166.5,13148.0,-195.0,17.75,-1.1,初始止损,10.0
2020-05-20 09:30:00,2020-05-20 15:55:00,LONG,5,13221.75,13285.5,627.5,17.25,3.64,收盘平仓,385.0
2020-05-21 09:35:00,2020-05-21 09:50:00,LONG,5,13302.0,13283.25,-197.5,17.25,-1.14,初始止损,15.0
2020-05-22 09:35:00,2020-05-22 09:40:00,SHORT,5,13125.75,13144.5,-197.5,16.75,-1.18,初始止损,5.0
2020-05-25 09:35:00,2020-05-25 12:55:00,LONG,5,13329.5,13336.0,55.0,16.0,0.34,收盘平仓,200.0
2020-05-26 09:30:00,2020-05-26 15:55:00,SHORT,6,13342.75,13193.5,1779.0,15.5,9.56,收盘平仓,385.0
2020-05-27 09:30:00,2020-05-27 14:00:00,SHORT,6,13161.5,13161.5,-12.0,15.5,-0.06,保本止损,270.0
2020-05-28 09:30:00,2020-05-28 15:50:00,LONG,6,13207.0,13207.0,-12.0,16.0,-0.06,保本止损,380.0
2020-05-29 09:45:00,2020-05-29 09:55:00,LONG,6,13278.75,13262.25,-210.0,15.75,-1.11,初始止损,10.0
2020-06-01 09:30:00,2020-06-01 09:35:00,LONG,6,13343.75,13327.25,-210.0,15.75,-1.11,初始止损,5.0
2020-06-02 09:30:00,2020-06-02 10:05:00,SHORT,6,13391.0,13407.25,-207.0,15.0,-1.15,初始止损,35.0
2020-06-03 09:55:00,2020-06-03 10:10:00,LONG,6,13502.75,13486.5,-207.0,14.75,-1.17,初始止损,15.0
2020-06-04 09:35:00,2020-06-04 11:10:00,LONG,6,13496.5,13480.5,-204.0,14.25,-1.19,初始止损,95.0
2020-06-05 09:35:00,2020-06-05 15:55:00,LONG,6,13532.5,13621.5,1056.0,14.25,6.18,收盘平仓,380.0
2020-06-08 09:40:00,2020-06-08 11:15:00,SHORT,6,13607.5,13624.0,-210.0,14.25,-1.23,初始止损,95.0
2020-06-09 09:30:00,2020-06-09 15:55:00,LONG,7,13672.75,13769.5,1340.5,14.0,6.84,收盘平仓,385.0
2020-06-10 09:30:00,2020-06-10 09:35:00,SHORT,7,13833.75,13848.5,-220.5,14.0,-1.12,初始止损,5.0
2020-06-11 09:35:00,2020-06-11 09:45:00,SHORT,7,13696.0,13710.75,-220.5,14.0,-1.12,初始止损,10.0
2020-06-12 09:30:00,2020-06-12 09:35:00,LONG,6,13611.25,13594.25,-216.0,15.75,-1.14,初始止损,5.0
2020-06-15 09:30:00,2020-06-15 09:35:00,SHORT,6,13404.5,13421.25,-213.0,16.5,-1.08,初始止损,5.0
2020-06-16 09:30:00,2020-06-16 09:40:00,SHORT,5,13874.5,13894.5,-210.0,17.0,-1.24,初始止损,10.0
2020-06-17 09:35:00,2020-06-17 09:40:00,SHORT,5,13909.0,13929.0,-210.0,17.0,-1.24,初始止损,5.0
2020-06-18 09:30:00,2020-06-18 09:35:00,LONG,5,13892.75,13873.0,-207.5,16.5,-1.26,初始止损,5.0
2020-06-22 09:35:00,2020-06-22 09:40:00,SHORT,6,13894.0,13910.25,-207.0,15.5,-1.11,初始止损,5.0
2020-06-23 09:30:00,2020-06-23 09:35:00,SHORT,6,14082.5,14098.75,-207.0,15.25,-1.13,初始止损,5.0
2020-06-24 09:30:00,2020-06-24 09:50:00,LONG,6,14101.5,14085.5,-204.0,15.25,-1.11,初始止损,20.0
2020-06-25 09:35:00,2020-06-25 10:20:00,SHORT,6,13891.0,13907.0,-204.0,15.75,-1.08,初始止损,45.0
2020-06-26 09:35:00,2020-06-26 15:55:00,SHORT,6,13961.25,13758.5,2421.0,15.75,12.81,收盘平仓,380.0
2020-06-29 09:30:00,2020-06-29 10:10:00,SHORT,6,13729.5,13746.75,-219.0,16.0,-1.14,初始止损,40.0
2020-06-30 09:30:00,2020-06-30 15:55:00,LONG,6,13892.25,14065.75,2070.0,16.0,10.78,收盘平仓,385.0
2020-07-01 09:30:00,2020-07-01 09:35:00,LONG,6,14092.0,14073.75,-231.0,16.0,-1.2,初始止损,5.0
2020-07-02 09:30:00,2020-07-02 10:25:00,LONG,6,14312.0,14293.75,-231.0,16.0,-1.2,初始止损,55.0
2020-07-03 10:25:00,2020-07-03 12:55:00,SHORT,6,14258.25,14243.25,168.0,15.75,0.89,收盘平仓,150.0
2020-07-06 09:50:00,2020-07-06 15:55:00,LONG,7,14414.75,14508.75,1302.0,14.75,6.31,收盘平仓,365.0
2020-07-07 09:30:00,2020-07-07 09:35:00,LONG,7,14531.25,14515.0,-241.5,15.25,-1.13,初始止损,5.0
2020-07-08 09:30:00,2020-07-08 11:00:00,LONG,7,14523.0,14507.0,-238.0,15.25,-1.11,初始止损,90.0
2020-07-09 09:30:00,2020-07-09 09:35:00,LONG,7,14659.5,14643.5,-238.0,15.0,-1.13,初始止损,5.0
2020-07-10 09:30:00,2020-07-10 10:15:00,SHORT,7,14609.75,14625.5,-234.5,15.0,-1.12,初始止损,45.0
2020-07-13 09:30:00,2020-07-13 13:55:00,LONG,7,14865.75,14865.75,-14.0,15.0,-0.07,保本止损,265.0
2020-07-14 09:30:00,2020-07-14 09:35:00,LONG,6,14498.25,14480.0,-231.0,16.5,-1.17,初始止损,5.0
2020-07-15 09:35:00,2020-07-15 09:40:00,SHORT,6,14608.75,14627.0,-231.0,17.25,-1.12,初始止损,5.0
2020-07-16 09:30:00,2020-07-16 09:35:00,SHORT,6,14463.5,14481.5,-228.0,17.0,-1.12,初始止损,5.0
2020-07-17 09:40:00,2020-07-17 09:55:00,SHORT,6,14502.75,14520.75,-228.0,17.0,-1.12,初始止损,15.0
2020-07-20 09:35:00,2020-07-20 09:45:00,SHORT,6,14556.75,14574.5,-225.0,16.5,-1.14,初始止损,10.0
2020-07-21 09:30:00,2020-07-21 15:55:00,SHORT,6,14902.5,14741.25,1923.0,17.25,9.29,收盘平仓,385.0
2020-07-22 09:50:00,2020-07-22 10:10:00,LONG,6,14801.0,14782.25,-237.0,17.25,-1.14,初始止损,20.0
2020-07-23 09:30:00,2020-07-23 09:35:00,SHORT,6,14725.75,14744.5,-237.0,16.75,-1.18,初始止损,5.0
2020-07-24 09:30:00,2020-07-24 10:05:00,SHORT,6,14323.25,14341.75,-234.0,17.5,-1.11,初始止损,35.0
2020-07-27 09:30:00,2020-07-27 11:25:00,LONG,6,14478.75,14460.25,-234.0,17.5,-1.11,初始止损,115.0
2020-07-28 09:30:00,2020-07-28 10:55:00,SHORT,6,14529.25,14547.5,-231.0,17.5,-1.1,初始止损,85.0
2020-07-29 09:40:00,2020-07-29 09:55:00,SHORT,6,14501.25,14519.5,-231.0,17.0,-1.13,初始止损,15.0
2020-07-30 09:30:00,2020-07-30 09:35:00,LONG,6,14519.25,14501.25,-228.0,16.75,-1.13,初始止损,5.0
2020-07-31 09:30:00,2020-07-31 15:05:00,SHORT,6,14753.0,14753.0,-12.0,16.5,-0.06,保本止损,335.0
2020-08-03 09:30:00,2020-08-03 10:45:00,LONG,6,14933.0,14915.25,-225.0,16.5,-1.14,初始止损,75.0
2020-08-04 09:30:00,2020-08-04 09:35:00,LONG,6,14956.0,14938.25,-225.0,16.25,-1.15,初始止损,5.0
2020-08-05 09:30:00,2020-08-05 09:35:00,SHORT,6,14989.75,15007.25,-222.0,15.75,-1.17,初始止损,5.0
2020-08-06 09:35:00,2020-08-06 09:55:00,SHORT,6,15005.25,15022.75,-222.0,15.0,-1.23,初始止损,20.0
2020-08-07 09:45:00,2020-08-07 10:05:00,LONG,6,15162.5,15145.25,-219.0,15.0,-1.22,初始止损,20.0
2020-08-10 09:30:00,2020-08-10 09:35:00,SHORT,6,15038.25,15055.5,-219.0,15.0,-1.22,初始止损,5.0
2020-08-11 09:30:00,2020-08-11 09:35:00,SHORT,6,14894.5,14911.5,-216.0,15.25,-1.18,初始止损,5.0
2020-08-12 09:30:00,2020-08-12 15:55:00,LONG,6,14910.25,15063.25,1824.0,15.25,9.97,收盘平仓,385.0
2020-08-13 09:35:00,2020-08-13 09:40:00,LONG,6,15138.75,15120.75,-228.0,16.0,-1.19,初始止损,5.0
2020-08-14 09:30:00,2020-08-14 09:35:00,SHORT,6,15084.25,15102.25,-228.0,15.5,-1.23,初始止损,5.0
2020-08-17 09:35:00,2020-08-17 15:55:00,LONG,7,15155.0,15201.5,637.0,15.0,3.03,收盘平仓,380.0
2020-08-18 09:35:00,2020-08-18 09:40:00,LONG,7,15292.75,15277.25,-231.0,14.75,-1.12,初始止损,5.0
2020-08-19 09:35:00,2020-08-19 09:40:00,LONG,7,15313.5,15298.0,-231.0,14.5,-1.14,初始止损,5.0
2020-08-20 09:35:00,2020-08-20 15:55:00,LONG,7,15233.75,15391.25,2191.0,14.25,10.98,收盘平仓,380.0
2020-08-21 10:20:00,2020-08-21 11:55:00,LONG,7,15420.75,15404.25,-245.0,14.5,-1.21,初始止损,95.0
2020-08-24 09:35:00,2020-08-24 09:45:00,LONG,8,15631.75,15617.5,-244.0,14.0,-1.09,初始止损,10.0
2020-08-25 10:15:00,2020-08-25 10:20:00,LONG,8,15555.75,15541.5,-244.0,14.0,-1.09,初始止损,5.0
2020-08-26 09:30:00,2020-08-26 09:50:00,LONG,8,15697.25,15683.25,-240.0,13.75,-1.09,初始止损,20.0
2020-08-27 09:35:00,2020-08-27 09:40:00,SHORT,7,15837.75,15853.75,-238.0,14.25,-1.19,初始止损,5.0
2020-08-28 09:30:00,2020-08-28 09:35:00,LONG,7,15911.75,15896.0,-234.5,14.25,-1.18,初始止损,5.0
2020-08-31 09:40:00,2020-08-31 09:45:00,LONG,7,15958.0,15942.25,-234.5,13.75,-1.22,初始止损,5.0
2020-09-01 09:30:00,2020-09-01 09:35:00,SHORT,7,16062.0,16077.5,-231.0,13.75,-1.2,初始止损,5.0
2020-09-02 09:30:00,2020-09-02 13:30:00,SHORT,7,16314.5,16314.5,-14.0,14.0,-0.07,保本止损,240.0
2020-09-03 09:30:00,2020-09-03 09:35:00,SHORT,7,16096.75,16112.25,-231.0,14.25,-1.16,初始止损,5.0
2020-09-04 09:30:00,2020-09-04 09:35:00,LONG,6,15724.25,15706.25,-228.0,17.25,-1.1,初始止损,5.0
2020-09-07 09:30:00,2020-09-07 12:55:00,LONG,5,15378.5,15418.5,390.0,19.75,1.97,收盘平仓,205.0
2020-09-08 09:35:00,2020-09-08 09:40:00,LONG,5,15159.75,15138.25,-225.0,19.25,-1.17,初始止损,5.0
2020-09-09 10:25:00,2020-09-09 11:15:00,LONG,5,15263.0,15241.5,-225.0,20.25,-1.11,初始止损,50.0
2020-09-10 09:30:00,2020-09-10 09:35:00,LONG,5,15457.75,15436.5,-222.5,21.0,-1.06,初始止损,5.0
2020-09-11 09:30:00,2020-09-11 09:35:00,SHORT,4,15108.25,15134.75,-220.0,22.25,-1.24,初始止损,5.0
2020-09-14 09:40:00,2020-09-14 13:05:00,LONG,4,15161.5,15135.25,-218.0,22.5,-1.21,初始止损,205.0
2020-09-15 09:35:00,2020-09-15 10:20:00,LONG,4,15331.0,15305.0,-216.0,22.0,-1.23,初始止损,45.0
2020-09-16 09:40:00,2020-09-16 10:00:00,SHORT,4,15318.25,15344.0,-214.0,21.75,-1.23,初始止损,20.0
2020-09-17 09:30:00,2020-09-17 12:10:00,LONG,4,14875.5,14875.5,-8.0,21.5,-0.05,保本止损,160.0
2020-09-18 09:30:00,2020-09-18 15:55:00,SHORT,4,14979.0,14812.25,1326.0,21.75,7.62,收盘平仓,385.0
2020-09-21 09:30:00,2020-09-21 09:35:00,LONG,4,14674.25,14647.5,-222.0,22.25,-1.25,初始止损,5.0
2020-09-22 09:30:00,2020-09-22 13:20:00,SHORT,4,14934.0,14960.5,-220.0,22.25,-1.24,初始止损,230.0
2020-09-23 09:30:00,2020-09-23 15:55:00,SHORT,4,15014.5,14715.0,2388.0,22.25,13.42,收盘平仓,385.0
2020-09-24 09:40:00,2020-09-24 15:55:00,LONG,5,14655.0,14772.75,1167.5,22.5,5.19,收盘平仓,375.0
2020-09-25 09:30:00,2020-09-25 09:40:00,SHORT,5,14770.5,14794.0,-245.0,22.75,-1.08,初始止损,10.0
2020-09-28 09:30:00,2020-09-28 14:50:00,SHORT,5,15206.5,15230.0,-245.0,22.75,-1.08,初始止损,320.0
2020-09-29 10:05:00,2020-09-29 10:25:00,LONG,5,15267.5,15244.25,-242.5,22.5,-1.08,初始止损,20.0
2020-09-30 09:30:00,2020-09-30 09:35:00,LONG,5,15237.75,15214.75,-240.0,21.25,-1.13,初始止损,5.0
2020-10-01 09:45:00,2020-10-01 13:05:00,SHORT,5,15433.75,15456.75,-240.0,21.0,-1.14,初始止损,200.0
2020-10-02 09:30:00,2020-10-02 11:35:00,LONG,5,15256.25,15233.5,-237.5,20.5,-1.16,初始止损,125.0
2020-10-05 09:30:00,2020-10-05 15:55:00,LONG,5,15240.5,15383.0,1415.0,21.0,6.74,收盘平仓,385.0
2020-10-06 09:30:00,2020-10-06 09:40:00,LONG,5,15362.0,15338.5,-245.0,21.0,-1.17,初始止损,10.0
2020-10-07 09:30:00,2020-10-07 10:00:00,LONG,5,15314.25,15290.75,-245.0,21.0,-1.17,初始止损,30.0
2020-10-08 09:30:00,2020-10-08 15:55:00,SHORT,5,15445.75,15430.75,140.0,20.75,0.67,收盘平仓,385.0
2020-10-09 09:40:00,2020-10-09 15:55:00,LONG,5,15514.25,15605.75,905.0,19.75,4.58,收盘平仓,375.0
2020-10-12 09:30:00,2020-10-12 09:35:00,SHORT,6,15796.25,15816.25,-252.0,19.25,-1.09,初始止损,5.0
2020-10-13 09:30:00,2020-10-13 10:55:00,SHORT,5,15990.5,16014.25,-247.5,20.5,-1.21,初始止损,85.0
2020-10-14 09:30:00,2020-10-14 09:35:00,SHORT,5,15982.25,16005.75,-245.0,20.0,-1.23,初始止损,5.0
2020-10-15 09:30:00,2020-10-15 10:25:00,LONG,5,15710.75,15687.25,-245.0,19.75,-1.24,初始止损,55.0
2020-10-16 09:35:00,2020-10-16 09:40:00,SHORT,5,15834.5,15857.75,-242.5,19.75,-1.23,初始止损,5.0
2020-10-19 09:35:00,2020-10-19 09:50:00,LONG,5,15829.5,15806.5,-240.0,19.25,-1.25,初始止损,15.0
2020-10-20 09:35:00,2020-10-20 09:40:00,SHORT,5,15543.75,15566.75,-240.0,20.0,-1.2,初始止损,5.0
2020-10-21 09:30:00,2020-10-21 11:10:00,LONG,5,15587.0,15564.25,-237.5,19.5,-1.22,初始止损,100.0
2020-10-22 09:30:00,2020-10-22 09:35:00,LONG,5,15600.75,15578.25,-235.0,19.0,-1.24,初始止损,5.0
2020-10-23 09:30:00,2020-10-23 15:40:00,SHORT,5,15522.25,15544.75,-235.0,18.75,-1.25,初始止损,370.0
2020-10-26 09:30:00,2020-10-26 10:30:00,LONG,6,15507.5,15489.0,-234.0,18.0,-1.08,初始止损,60.0
2020-10-27 09:30:00,2020-10-27 09:35:00,SHORT,5,15406.75,15428.75,-230.0,18.75,-1.23,初始止损,5.0
2020-10-28 09:30:00,2020-10-28 15:55:00,SHORT,6,15256.25,15031.75,2682.0,18.0,12.42,收盘平仓,385.0
2020-10-29 09:30:00,2020-10-29 09:35:00,LONG,6,15119.75,15100.0,-249.0,19.25,-1.08,初始止损,5.0
2020-10-30 09:40:00,2020-10-30 15:55:00,SHORT,6,15071.75,14949.5,1455.0,19.5,6.22,收盘平仓,375.0
2020-11-02 09:35:00,2020-11-02 10:05:00,LONG,6,15059.5,15039.0,-258.0,20.25,-1.06,初始止损,30.0
2020-11-03 09:30:00,2020-11-03 09:35:00,SHORT,6,15004.0,15024.5,-258.0,20.25,-1.06,初始止损,5.0
2020-11-04 09:35:00,2020-11-04 09:40:00,SHORT,6,15474.75,15495.0,-255.0,20.25,-1.05,初始止损,5.0
2020-11-05 09:30:00,2020-11-05 09:35:00,SHORT,5,15890.25,15914.5,-252.5,22.0,-1.15,初始止损,5.0
2020-11-06 09:30:00,2020-11-06 10:30:00,SHORT,5,15874.25,15898.25,-250.0,22.25,-1.12,初始止损,60.0
2020-11-09 09:30:00,2020-11-09 09:35:00,SHORT,5,15988.0,16011.75,-247.5,22.0,-1.12,初始止损,5.0
2020-11-10 09:30:00,2020-11-10 09:35:00,LONG,5,15621.25,15597.75,-245.0,22.75,-1.08,初始止损,5.0
2020-11-11 09:35:00,2020-11-11 15:55:00,LONG,5,15669.5,15774.25,1037.5,22.75,4.56,收盘平仓,380.0
2020-11-12 09:30:00,2020-11-12 09:45:00,LONG,5,15816.25,15792.0,-252.5,22.75,-1.11,初始止损,15.0
2020-11-13 09:30:00,2020-11-13 09:35:00,SHORT,5,15782.75,15806.75,-250.0,22.25,-1.12,初始止损,5.0
2020-11-16 09:35:00,2020-11-16 15:55:00,LONG,5,15845.5,15907.75,612.5,21.25,2.88,收盘平仓,380.0
2020-11-17 09:35:00,2020-11-17 10:50:00,SHORT,5,15903.25,15927.5,-252.5,20.75,-1.22,初始止损,75.0
2020-11-18 09:50:00,2020-11-18 10:20:00,SHORT,6,15826.75,15846.75,-252.0,19.75,-1.06,初始止损,30.0
2020-11-19 09:30:00,2020-11-19 09:35:00,SHORT,6,15749.5,15769.5,-252.0,19.0,-1.11,初始止损,5.0
2020-11-20 09:30:00,2020-11-20 10:35:00,SHORT,6,15873.25,15893.0,-249.0,18.5,-1.12,初始止损,65.0
2020-11-23 09:30:00,2020-11-23 10:05:00,LONG,6,15857.25,15837.75,-246.0,17.75,-1.15,初始止损,35.0
2020-11-24 09:30:00,2020-11-24 10:40:00,SHORT,6,15828.5,15848.0,-246.0,17.5,-1.17,初始止损,70.0
2020-11-25 09:30:00,2020-11-25 10:00:00,LONG,6,16015.75,15996.5,-243.0,17.5,-1.16,初始止损,30.0
2020-11-26 09:30:00,2020-11-26 10:50:00,LONG,6,16096.5,16077.25,-243.0,16.75,-1.21,初始止损,80.0
2020-11-27 09:55:00,2020-11-27 12:20:00,LONG,7,16142.75,16126.5,-241.5,16.0,-1.08,初始止损,145.0
2020-11-30 09:35:00,2020-11-30 14:40:00,SHORT,7,16162.25,16162.25,-14.0,15.75,-0.06,保本止损,305.0
2020-12-01 09:30:00,2020-12-01 09:35:00,SHORT,7,16239.25,16255.5,-241.5,15.75,-1.1,初始止损,5.0
2020-12-02 09:30:00,2020-12-02 09:55:00,SHORT,7,16251.75,16267.75,-238.0,15.75,-1.08,初始止损,25.0
2020-12-03 09:30:00,2020-12-03 09:45:00,LONG,7,16388.75,16372.75,-238.0,15.5,-1.1,初始止损,15.0
2020-12-04 09:30:00,2020-12-04 09:35:00,SHORT,7,16353.0,16368.75,-234.5,15.0,-1.12,初始止损,5.0
2020-12-07 09:30:00,2020-12-07 15:55:00,LONG,7,16447.25,16491.5,605.5,14.25,3.04,收盘平仓,385.0
2020-12-08 09:35:00,2020-12-08 10:05:00,SHORT,8,16443.75,16457.75,-240.0,13.75,-1.09,初始止损,30.0
2020-12-09 09:30:00,2020-12-09 09:40:00,SHORT,8,16489.75,16503.75,-240.0,13.75,-1.09,初始止损,10.0
2020-12-10 09:30:00,2020-12-10 09:35:00,SHORT,7,16119.5,16135.25,-234.5,14.5,-1.16,初始止损,5.0
2020-12-11 09:30:00,2020-12-11 09:35:00,SHORT,7,16210.0,16225.75,-234.5,14.75,-1.14,初始止损,5.0
2020-12-14 09:30:00,2020-12-14 15:55:00,LONG,7,16267.75,16287.25,259.0,14.5,1.28,收盘平仓,385.0
2020-12-15 09:45:00,2020-12-15 09:55:00,LONG,7,16401.0,16385.25,-234.5,14.25,-1.18,初始止损,10.0
2020-12-16 09:30:00,2020-12-16 10:05:00,SHORT,7,16430.75,16446.25,-231.0,14.0,-1.18,初始止损,35.0
2020-12-17 09:30:00,2020-12-17 09:35:00,LONG,8,16585.0,16571.5,-232.0,13.5,-1.07,初始止损,5.0
2020-12-18 09:30:00,2020-12-18 15:55:00,SHORT,8,16586.0,16531.25,860.0,13.0,4.13,收盘平仓,385.0
2020-12-21 09:30:00,2020-12-21 09:40:00,LONG,8,16457.25,16443.5,-236.0,13.0,-1.13,初始止损,10.0
2020-12-22 09:30:00,2020-12-22 09:35:00,SHORT,8,16515.0,16528.75,-236.0,13.5,-1.09,初始止损,5.0
2020-12-23 09:30:00,2020-12-23 09:35:00,SHORT,8,16517.0,16530.5,-232.0,13.5,-1.07,初始止损,5.0
2020-12-24 09:30:00,2020-12-24 11:25:00,LONG,8,16515.75,16502.25,-232.0,13.0,-1.12,初始止损,115.0
2020-12-28 09:30:00,2020-12-28 11:00:00,SHORT,8,16636.5,16649.75,-228.0,12.25,-1.16,初始止损,90.0
2020-12-29 09:30:00,2020-12-29 09:35:00,LONG,8,16736.25,16723.0,-228.0,12.25,-1.16,初始止损,5.0
2020-12-30 09:30:00,2020-12-30 15:55:00,SHORT,8,16702.75,16671.5,484.0,12.0,2.52,收盘平仓,385.0
2020-12-31 09:30:00,2020-12-31 09:35:00,SHORT,9,16663.75,16675.75,-234.0,11.75,-1.11,初始止损,5.0
2021-01-04 09:30:00,2021-01-04 15:55:00,SHORT,9,16733.0,16516.75,3874.5,11.25,19.13,收盘平仓,385.0
2021-01-05 09:30:00,2021-01-05 11:15:00,LONG,9,16523.25,16523.25,-18.0,12.75,-0.08,保本止损,105.0
2021-01-06 09:30:00,2021-01-06 09:35:00,SHORT,9,16384.75,16398.0,-256.5,12.75,-1.12,初始止损,5.0
2021-01-07 09:30:00,2021-01-07 15:55:00,LONG,9,16590.5,16754.25,2929.5,13.0,12.52,收盘平仓,385.0
2021-01-08 09:40:00,2021-01-08 09:45:00,LONG,9,16867.25,16853.0,-274.5,14.0,-1.09,初始止损,5.0
2021-01-11 09:30:00,2021-01-11 09:40:00,SHORT,9,16763.0,16777.25,-274.5,14.0,-1.09,初始止损,10.0
2021-01-12 09:30:00,2021-01-12 09:40:00,LONG,9,16758.5,16744.25,-274.5,14.0,-1.09,初始止损,10.0
2021-01-13 09:30:00,2021-01-13 09:35:00,LONG,9,16730.75,16716.75,-270.0,14.0,-1.07,初始止损,5.0
2021-01-14 09:30:00,2021-01-14 09:35:00,LONG,9,16824.0,16810.0,-270.0,13.75,-1.09,初始止损,5.0
2021-01-15 09:30:00,2021-01-15 09:40:00,LONG,9,16739.5,16725.75,-265.5,13.5,-1.09,初始止损,10.0
2021-01-18 09:35:00,2021-01-18 09:55:00,SHORT,8,16619.75,16635.25,-264.0,13.75,-1.2,初始止损,20.0
2021-01-19 09:30:00,2021-01-19 09:35:00,LONG,9,16744.25,16730.75,-261.0,12.75,-1.14,初始止损,5.0
2021-01-20 09:30:00,2021-01-20 15:55:00,LONG,9,16972.75,17114.25,2529.0,13.0,10.81,收盘平仓,385.0
2021-01-21 09:30:00,2021-01-21 09:35:00,SHORT,9,17127.25,17141.75,-279.0,13.75,-1.13,初始止损,5.0
2021-01-22 09:35:00,2021-01-22 10:35:00,LONG,9,17178.75,17164.25,-279.0,13.5,-1.15,初始止损,60.0
2021-01-25 09:30:00,2021-01-25 09:45:00,LONG,9,17364.0,17349.75,-274.5,13.0,-1.17,初始止损,15.0
2021-01-26 09:30:00,2021-01-26 09:35:00,LONG,9,17330.5,17316.25,-274.5,14.0,-1.09,初始止损,5.0
2021-01-27 09:30:00,2021-01-27 09:55:00,SHORT,9,17102.0,17102.0,-18.0,13.75,-0.07,保本止损,25.0
2021-01-28 09:40:00,2021-01-28 09:45:00,LONG,8,17065.5,17049.75,-268.0,15.25,-1.1,初始止损,5.0
2021-01-29 09:35:00,2021-01-29 09:45:00,SHORT,8,16881.0,16896.75,-268.0,15.5,-1.08,初始止损,10.0
2021-02-01 09:30:00,2021-02-01 09:40:00,LONG,7,16916.25,16898.5,-262.5,16.25,-1.15,初始止损,10.0
2021-02-02 09:30:00,2021-02-02 15:55:00,LONG,7,17201.5,17277.25,1046.5,17.0,4.4,收盘平仓,385.0
2021-02-03 09:30:00,2021-02-03 10:00:00,SHORT,7,17341.75,17360.0,-269.5,17.25,-1.12,初始止损,30.0
2021-02-04 10:00:00,2021-02-04 10:05:00,SHORT,7,17221.75,17239.75,-266.0,17.0,-1.12,初始止损,5.0
2021-02-05 09:30:00,2021-02-05 09:45:00,SHORT,7,17388.75,17406.75,-266.0,16.5,-1.15,初始止损,15.0
2021-02-08 09:30:00,2021-02-08 09:40:00,SHORT,7,17474.25,17492.0,-262.5,16.0,-1.17,初始止损,10.0
2021-02-09 09:30:00,2021-02-09 15:55:00,LONG,7,17500.5,17509.25,108.5,15.5,0.5,收盘平仓,385.0
2021-02-10 09:30:00,2021-02-10 09:45:00,SHORT,8,17557.0,17572.5,-264.0,14.75,-1.12,初始止损,15.0
2021-02-11 09:50:00,2021-02-11 09:55:00,SHORT,8,17518.25,17533.75,-264.0,15.0,-1.1,初始止损,5.0
2021-02-12 09:30:00,2021-02-12 09:35:00,SHORT,8,17494.75,17510.0,-260.0,14.5,-1.12,初始止损,5.0
2021-02-15 09:40:00,2021-02-15 12:55:00,LONG,8,17683.75,17700.75,256.0,14.5,1.1,收盘平仓,195.0
2021-02-16 09:40:00,2021-02-16 10:10:00,LONG,8,17684.5,17669.25,-260.0,13.75,-1.18,初始止损,30.0
2021-02-17 10:20:00,2021-02-17 10:35:00,SHORT,8,17430.5,17445.75,-260.0,13.75,-1.18,初始止损,15.0
2021-02-18 09:40:00,2021-02-18 09:55:00,LONG,8,17391.5,17376.5,-256.0,14.0,-1.14,初始止损,15.0
2021-02-19 09:30:00,2021-02-19 11:00:00,SHORT,8,17502.75,17517.75,-256.0,14.25,-1.12,初始止损,90.0
2021-02-22 09:30:00,2021-02-22 09:35:00,SHORT,8,17197.25,17212.0,-252.0,14.0,-1.12,初始止损,5.0
2021-02-23 09:30:00,2021-02-23 10:05:00,SHORT,7,16778.0,16778.0,-14.0,15.0,-0.07,保本止损,35.0
2021-02-24 09:40:00,2021-02-24 09:45:00,SHORT,7,16858.0,16874.75,-248.5,16.5,-1.08,初始止损,5.0
2021-02-25 09:30:00,2021-02-25 09:50:00,LONG,6,17075.25,17055.75,-246.0,17.25,-1.19,初始止损,20.0
2021-02-26 09:35:00,2021-02-26 09:40:00,LONG,6,16827.25,16808.0,-243.0,18.75,-1.08,初始止损,5.0
2021-03-01 09:35:00,2021-03-01 09:40:00,SHORT,5,16880.75,16903.75,-240.0,19.25,-1.25,初始止损,5.0
2021-03-02 09:35:00,2021-03-02 15:55:00,SHORT,5,17063.75,16887.0,1757.5,20.0,8.79,收盘平仓,380.0
2021-03-03 09:30:00,2021-03-03 09:35:00,LONG,6,16857.5,16837.5,-252.0,20.0,-1.05,初始止损,5.0
2021-03-04 09:30:00,2021-03-04 09:40:00,LONG,5,16575.0,16551.0,-250.0,20.5,-1.22,初始止损,10.0
2021-03-05 09:35:00,2021-03-05 09:40:00,SHORT,5,16292.25,16316.0,-247.5,21.75,-1.14,初始止损,5.0
2021-03-08 09:30:00,2021-03-08 09:35:00,SHORT,5,16370.75,16394.25,-245.0,22.75,-1.08,初始止损,5.0
2021-03-09 09:30:00,2021-03-09 09:40:00,LONG,4,16466.75,16437.5,-242.0,23.5,-1.29,初始止损,10.0
2021-03-10 10:20:00,2021-03-10 15:55:00,SHORT,4,16675.75,16581.0,750.0,25.0,3.75,收盘平仓,335.0
2021-03-11 09:30:00,2021-03-11 09:40:00,LONG,4,16825.0,16795.25,-246.0,24.5,-1.26,初始止损,10.0
2021-03-12 09:35:00,2021-03-12 09:40:00,SHORT,4,16635.0,16664.5,-244.0,24.75,-1.23,初始止损,5.0
2021-03-15 09:35:00,2021-03-15 09:50:00,SHORT,4,16723.25,16752.5,-242.0,24.5,-1.23,初始止损,15.0
2021-03-16 09:30:00,2021-03-16 14:05:00,LONG,4,16996.5,16967.5,-240.0,23.75,-1.26,初始止损,275.0
2021-03-17 09:30:00,2021-03-17 09:45:00,SHORT,4,16790.75,16819.5,-238.0,23.25,-1.28,初始止损,15.0
2021-03-18 09:30:00,2021-03-18 09:40:00,LONG,4,16819.25,16790.75,-236.0,23.5,-1.26,初始止损,10.0
2021-03-19 10:00:00,2021-03-19 10:10:00,SHORT,4,16528.0,16556.5,-236.0,24.0,-1.23,初始止损,10.0
2021-03-22 09:30:00,2021-03-22 15:55:00,LONG,4,16790.5,16889.0,780.0,23.5,4.15,收盘平仓,385.0
2021-03-23 09:30:00,2021-03-23 10:05:00,SHORT,4,16911.25,16940.0,-238.0,23.5,-1.27,初始止损,35.0
2021-03-24 09:30:00,2021-03-24 15:55:00,SHORT,5,16854.25,16608.25,2450.0,22.75,10.77,收盘平仓,385.0
2021-03-25 09:35:00,2021-03-25 09:45:00,LONG,5,16600.75,16576.0,-257.5,22.75,-1.13,初始止损,10.0
2021-03-26 09:30:00,2021-03-26 11:20:00,LONG,5,16606.0,16581.5,-255.0,22.25,-1.15,初始止损,110.0
2021-03-29 09:30:00,2021-03-29 09:40:00,LONG,5,16769.0,16744.75,-252.5,22.25,-1.13,初始止损,10.0
2021-03-30 09:30:00,2021-03-30 10:40:00,SHORT,5,16657.25,16681.25,-250.0,21.5,-1.16,初始止损,70.0
2021-03-31 09:30:00,2021-03-31 15:55:00,LONG,5,16790.75,16902.75,1110.0,21.0,5.29,收盘平仓,385.0
2021-04-01 09:30:00,2021-04-01 15:55:00,LONG,5,17085.25,17132.5,462.5,21.0,2.2,收盘平仓,385.0
2021-04-05 09:30:00,2021-04-05 15:55:00,LONG,6,17254.75,17400.0,1731.0,20.75,6.95,收盘平仓,385.0
2021-04-06 09:30:00,2021-04-06 09:35:00,SHORT,6,17370.0,17391.75,-273.0,20.75,-1.1,初始止损,5.0
2021-04-07 09:30:00,2021-04-07 09:40:00,SHORT,6,17339.25,17361.0,-273.0,20.0,-1.14,初始止损,10.0
2021-04-08 09:30:00,2021-04-08 09:45:00,LONG,6,17551.0,17529.5,-270.0,19.25,-1.17,初始止损,15.0
2021-04-09 09:40:00,2021-04-09 15:55:00,LONG,6,17520.25,17647.5,1515.0,18.75,6.73,收盘平仓,375.0
2021-04-12 09:45:00,2021-04-12 10:00:00,SHORT,7,17581.75,17600.75,-280.0,18.25,-1.1,初始止损,15.0
2021-04-13 09:35:00,2021-04-13 09:40:00,LONG,7,17749.75,17730.75,-280.0,17.5,-1.14,初始止损,5.0
2021-04-14 09:30:00,2021-04-14 15:55:00,SHORT,7,17781.75,17626.75,2156.0,17.25,8.93,收盘平仓,385.0
2021-04-15 09:30:00,2021-04-15 10:00:00,LONG,8,17773.0,17755.5,-296.0,17.25,-1.07,初始止损,30.0
2021-04-16 09:30:00,2021-04-16 09:40:00,SHORT,8,17801.25,17818.5,-292.0,17.25,-1.06,初始止损,10.0
2021-04-19 09:30:00,2021-04-19 10:00:00,LONG,8,17816.75,17799.5,-292.0,16.5,-1.11,初始止损,30.0
2021-04-20 09:35:00,2021-04-20 09:40:00,LONG,8,17707.0,17690.0,-288.0,16.25,-1.11,初始止损,5.0
2021-04-21 09:35:00,2021-04-21 09:40:00,SHORT,8,17529.75,17546.75,-288.0,16.25,-1.11,初始止损,5.0
2021-04-22 09:30:00,2021-04-22 10:25:00,SHORT,8,17709.25,17726.0,-284.0,16.25,-1.09,初始止损,55.0
2021-04-23 09:30:00,2021-04-23 09:45:00,LONG,8,17631.0,17614.25,-284.0,16.5,-1.08,初始止损,15.0
2021-04-26 09:40:00,2021-04-26 09:50:00,LONG,8,17755.25,17738.75,-280.0,16.5,-1.06,初始止损,10.0
2021-04-27 09:30:00,2021-04-27 15:55:00,SHORT,8,17839.75,17769.75,1104.0,16.0,4.31,收盘平仓,385.0
2021-04-28 09:30:00,2021-04-28 09:45:00,SHORT,8,17722.25,17739.25,-288.0,15.5,-1.16,初始止损,15.0
2021-04-29 09:30:00,2021-04-29 15:55:00,SHORT,8,17843.5,17773.25,1108.0,15.0,4.62,收盘平仓,385.0
2021-04-30 09:30:00,2021-04-30 13:50:00,LONG,9,17682.5,17667.25,-292.5,15.25,-1.07,初始止损,260.0
2021-05-03 09:30:00,2021-05-03 10:05:00,SHORT,9,17710.25,17725.5,-292.5,14.75,-1.1,初始止损,35.0
2021-05-04 09:30:00,2021-05-04 09:35:00,SHORT,9,17458.25,17473.25,-288.0,14.75,-1.08,初始止损,5.0
2021-05-05 09:30:00,2021-05-05 09:35:00,LONG,8,17461.25,17444.5,-284.0,15.75,-1.13,初始止损,5.0
2021-05-06 09:30:00,2021-05-06 09:35:00,SHORT,8,17249.25,17266.0,-284.0,15.75,-1.13,初始止损,5.0
2021-05-07 09:30:00,2021-05-07 09:35:00,SHORT,8,17491.5,17508.0,-280.0,15.75,-1.11,初始止损,5.0
2021-05-10 09:30:00,2021-05-10 15:55:00,SHORT,8,17386.5,17174.5,3376.0,15.75,13.4,收盘平仓,385.0
2021-05-11 09:35:00,2021-05-11 10:30:00,LONG,8,16981.75,16981.75,-16.0,16.5,-0.06,保本止损,55.0
2021-05-12 10:10:00,2021-05-12 10:20:00,SHORT,8,16939.75,16957.75,-304.0,17.0,-1.12,初始止损,10.0
2021-05-13 09:30:00,2021-05-13 09:35:00,LONG,8,16957.75,16940.0,-300.0,17.75,-1.06,初始止损,5.0
2021-05-14 09:30:00,2021-05-14 09:35:00,LONG,7,17067.25,17047.0,-297.5,17.75,-1.2,初始止损,5.0
2021-05-17 09:30:00,2021-05-17 09:35:00,SHORT,7,17109.0,17129.0,-294.0,18.25,-1.15,初始止损,5.0
2021-05-18 09:30:00,2021-05-18 09:35:00,SHORT,7,17142.25,17162.25,-294.0,18.0,-1.17,初始止损,5.0
2021-05-19 09:30:00,2021-05-19 09:35:00,LONG,7,16848.0,16828.25,-290.5,17.75,-1.17,初始止损,5.0
2021-05-20 09:30:00,2021-05-20 15:55:00,LONG,7,17147.5,17304.75,2187.5,18.0,8.68,收盘平仓,385.0
2021-05-21 09:35:00,2021-05-21 09:55:00,SHORT,7,17324.5,17345.25,-304.5,18.25,-1.19,初始止损,20.0
2021-05-24 09:30:00,2021-05-24 15:55:00,LONG,8,17347.5,17455.75,1716.0,18.0,5.96,收盘平仓,385.0
2021-05-25 09:30:00,2021-05-25 15:55:00,SHORT,8,17510.25,17474.5,556.0,18.0,1.93,收盘平仓,385.0
2021-05-26 09:45:00,2021-05-26 10:20:00,SHORT,8,17488.75,17507.75,-320.0,17.5,-1.14,初始止损,35.0
2021-05-27 09:45:00,2021-05-27 09:50:00,SHORT,9,17469.75,17486.5,-319.5,16.5,-1.08,初始止损,5.0
2021-05-28 09:35:00,2021-05-28 10:25:00,LONG,9,17535.25,17518.5,-319.5,15.75,-1.13,初始止损,50.0
2021-05-31 09:45:00,2021-05-31 12:55:00,SHORT,9,17486.75,17473.0,229.5,15.25,0.84,收盘平仓,190.0
2021-06-01 09:40:00,2021-06-01 09:45:00,LONG,10,17571.5,17556.5,-320.0,14.5,-1.1,初始止损,5.0
2021-06-02 09:30:00,2021-06-02 09:35:00,LONG,10,17496.25,17481.5,-315.0,14.25,-1.11,初始止损,5.0
2021-06-03 09:35:00,2021-06-03 10:05:00,SHORT,10,17337.5,17352.25,-315.0,14.0,-1.12,初始止损,30.0
2021-06-04 09:30:00,2021-06-04 15:55:00,LONG,10,17460.75,17584.75,2460.0,14.0,8.79,收盘平仓,385.0
2021-06-07 10:15:00,2021-06-07 10:20:00,SHORT,10,17533.25,17548.75,-330.0,14.5,-1.14,初始止损,5.0
2021-06-08 09:35:00,2021-06-08 09:50:00,LONG,10,17717.5,17702.25,-325.0,14.0,-1.16,初始止损,15.0
2021-06-09 09:40:00,2021-06-09 09:45:00,LONG,11,17701.25,17687.5,-324.5,13.75,-1.07,初始止损,5.0
2021-06-10 09:30:00,2021-06-10 10:45:00,LONG,11,17687.75,17687.75,-22.0,13.25,-0.08,保本止损,75.0
2021-06-11 09:30:00,2021-06-11 09:35:00,SHORT,11,17770.5,17784.25,-324.5,13.25,-1.11,初始止损,5.0
2021-06-14 09:30:00,2021-06-14 09:35:00,SHORT,11,17781.25,17795.0,-324.5,12.75,-1.16,初始止损,5.0
2021-06-15 09:30:00,2021-06-15 09:35:00,SHORT,11,17880.25,17893.75,-319.0,12.75,-1.14,初始止损,5.0
2021-06-16 09:30:00,2021-06-16 11:05:00,LONG,11,17864.75,17851.25,-319.0,12.5,-1.16,初始止损,95.0
2021-06-17 09:30:00,2021-06-17 15:55:00,LONG,11,17786.0,17964.25,3899.5,13.0,13.63,收盘平仓,385.0
2021-06-18 09:40:00,2021-06-18 09:45:00,LONG,11,17922.75,17908.25,-341.0,13.5,-1.15,初始止损,5.0
2021-06-21 09:30:00,2021-06-21 09:40:00,SHORT,12,17805.25,17818.5,-342.0,13.25,-1.08,初始止损,10.0
2021-06-22 09:30:00,2021-06-22 09:40:00,LONG,11,17958.5,17944.25,-335.5,13.25,-1.15,初始止损,10.0
2021-06-23 09:30:00,2021-06-23 09:40:00,LONG,11,18103.25,18089.0,-335.5,13.25,-1.15,初始止损,10.0
2021-06-24 09:30:00,2021-06-24 13:20:00,LONG,12,18167.5,18154.5,-336.0,12.75,-1.1,初始止损,230.0
2021-06-25 09:30:00,2021-06-25 09:35:00,LONG,12,18195.0,18182.25,-330.0,12.75,-1.08,初始止损,5.0
2021-06-28 09:30:00,2021-06-28 15:55:00,LONG,12,18247.5,18319.25,1698.0,12.25,5.78,收盘平仓,385.0
2021-06-29 09:35:00,2021-06-29 10:05:00,LONG,12,18324.75,18311.5,-342.0,12.25,-1.16,初始止损,30.0
2021-06-30 09:30:00,2021-06-30 09:35:00,SHORT,13,18341.5,18353.75,-344.5,12.0,-1.1,初始止损,5.0
2021-07-01 09:30:00,2021-07-01 09:40:00,LONG,13,18361.5,18349.5,-338.0,11.5,-1.13,初始止损,10.0
2021-07-02 09:35:00,2021-07-02 09:40:00,LONG,13,18464.0,18452.0,-338.0,11.25,-1.16,初始止损,5.0
2021-07-05 09:35:00,2021-07-05 12:55:00,SHORT,13,18505.75,18501.25,91.0,11.25,0.31,收盘平仓,200.0
2021-07-06 09:30:00,2021-07-06 09:40:00,LONG,14,18569.0,18558.0,-336.0,10.75,-1.12,初始止损,10.0
2021-07-07 09:30:00,2021-07-07 09:35:00,SHORT,14,18636.0,18647.0,-336.0,10.75,-1.12,初始止损,5.0
2021-07-08 09:35:00,2021-07-08 09:40:00,LONG,14,18439.75,18428.75,-336.0,10.75,-1.12,初始止损,5.0
2021-07-09 09:35:00,2021-07-09 09:40:00,SHORT,13,18492.25,18504.0,-331.5,11.5,-1.11,初始止损,5.0
2021-07-12 09:30:00,2021-07-12 15:55:00,SHORT,13,18674.5,18676.5,-78.0,11.5,-0.26,收盘平仓,385.0
2021-07-13 09:30:00,2021-07-13 09:35:00,LONG,13,18672.75,18661.25,-325.0,11.25,-1.11,初始止损,5.0
2021-07-14 09:30:00,2021-07-14 09:35:00,LONG,13,18791.25,18779.75,-325.0,11.25,-1.11,初始止损,5.0
2021-07-15 09:30:00,2021-07-15 09:45:00,SHORT,13,18642.5,18653.75,-318.5,11.25,-1.09,初始止损,15.0
2021-07-16 09:30:00,2021-07-16 09:35:00,LONG,12,18672.5,18660.25,-318.0,11.5,-1.15,初始止损,5.0
2021-07-19 09:30:00,2021-07-19 09:35:00,SHORT,12,18308.0,18320.0,-312.0,11.75,-1.11,初始止损,5.0
2021-07-20 09:30:00,2021-07-20 09:35:00,SHORT,12,18359.25,18371.25,-312.0,12.0,-1.08,初始止损,5.0
2021-07-21 09:30:00,2021-07-21 15:55:00,LONG,11,18526.25,18636.0,2392.5,12.75,8.53,收盘平仓,385.0
2021-07-22 09:30:00,2021-07-22 12:20:00,LONG,12,18676.5,18663.75,-330.0,12.5,-1.1,初始止损,170.0
2021-07-23 09:30:00,2021-07-23 09:45:00,SHORT,12,18758.0,18770.5,-324.0,12.25,-1.1,初始止损,15.0
2021-07-26 09:30:00,2021-07-26 09:35:00,SHORT,12,18856.75,18869.25,-324.0,12.25,-1.1,初始止损,5.0
2021-07-27 09:30:00,2021-07-27 09:35:00,SHORT,12,18876.5,18888.75,-318.0,12.0,-1.1,初始止损,5.0
2021-07-28 09:30:00,2021-07-28 10:05:00,SHORT,11,18796.75,18810.0,-313.5,13.0,-1.1,初始止损,35.0
2021-07-29 09:30:00,2021-07-29 15:55:00,LONG,11,18834.75,18843.25,165.0,13.0,0.58,收盘平仓,385.0
2021-07-30 09:30:00,2021-07-30 15:55:00,LONG,11,18703.5,18762.75,1281.5,12.5,4.66,收盘平仓,385.0
2021-08-02 09:35:00,2021-08-02 10:10:00,SHORT,12,18794.25,18806.75,-324.0,12.5,-1.08,初始止损,35.0
2021-08-03 09:30:00,2021-08-03 09:35:00,SHORT,12,18776.25,18788.75,-324.0,12.25,-1.1,初始止损,5.0
2021-08-04 09:35:00,2021-08-04 09:50:00,LONG,11,18857.5,18844.0,-319.0,12.5,-1.16,初始止损,15.0
2021-08-05 09:45:00,2021-08-05 10:25:00,LONG,12,18925.75,18913.5,-318.0,12.25,-1.08,初始止损,40.0
2021-08-06 09:30:00,2021-08-06 09:40:00,LONG,12,18950.25,18938.0,-318.0,12.0,-1.1,初始止损,10.0
2021-08-09 09:30:00,2021-08-09 09:35:00,LONG,12,18925.25,18913.25,-312.0,11.75,-1.11,初始止损,5.0
2021-08-10 09:30:00,2021-08-10 09:45:00,SHORT,12,18942.0,18954.0,-312.0,11.25,-1.16,初始止损,15.0
2021-08-11 09:40:00,2021-08-11 15:55:00,SHORT,12,18878.75,18829.75,1152.0,11.25,4.27,收盘平仓,375.0
2021-08-12 09:35:00,2021-08-12 09:50:00,SHORT,13,18779.25,18790.5,-318.5,11.25,-1.09,初始止损,15.0
2021-08-13 09:40:00,2021-08-13 09:45:00,SHORT,12,18882.25,18894.5,-318.0,11.25,-1.18,初始止损,5.0
2021-08-16 09:30:00,2021-08-16 09:45:00,LONG,13,18900.75,18889.5,-318.5,11.0,-1.11,初始止损,15.0
2021-08-17 09:30:00,2021-08-17 09:35:00,SHORT,12,18816.75,18828.75,-312.0,11.25,-1.16,初始止损,5.0
2021-08-18 09:35:00,2021-08-18 09:40:00,LONG,12,18808.5,18796.5,-312.0,11.75,-1.11,初始止损,5.0
2021-08-19 09:30:00,2021-08-19 09:35:00,LONG,11,18623.0,18610.0,-308.0,12.0,-1.17,初始止损,5.0
2021-08-20 09:30:00,2021-08-20 09:35:00,LONG,11,18796.25,18783.5,-302.5,12.5,-1.1,初始止损,5.0
2021-08-23 09:30:00,2021-08-23 15:55:00,LONG,11,18957.75,19114.25,3421.0,12.5,12.44,收盘平仓,385.0
2021-08-24 09:30:00,2021-08-24 09:35:00,SHORT,11,19131.25,19145.0,-324.5,13.0,-1.13,初始止损,5.0
2021-08-25 09:30:00,2021-08-25 09:50:00,LONG,12,19187.0,19174.5,-324.0,12.25,-1.1,初始止损,20.0
2021-08-26 09:30:00,2021-08-26 09:35:00,LONG,12,19161.25,19148.75,-324.0,11.75,-1.15,初始止损,5.0
2021-08-27 09:35:00,2021-08-27 09:40:00,SHORT,12,19097.25,19109.5,-318.0,11.5,-1.15,初始止损,5.0
2021-08-30 09:30:00,2021-08-30 15:55:00,LONG,12,19292.25,19407.25,2736.0,11.75,9.7,收盘平仓,385.0
2021-08-31 09:30:00,2021-08-31 10:35:00,SHORT,13,19362.5,19374.5,-338.0,11.75,-1.11,初始止损,65.0
2021-09-01 09:30:00,2021-09-01 14:30:00,LONG,13,19466.5,19454.5,-338.0,11.5,-1.13,初始止损,300.0
2021-09-02 09:30:00,2021-09-02 09:35:00,LONG,13,19477.5,19465.75,-331.5,11.25,-1.13,初始止损,5.0
2021-09-03 09:55:00,2021-09-03 10:10:00,LONG,13,19448.5,19436.75,-331.5,11.25,-1.13,初始止损,15.0
2021-09-06 09:45:00,2021-09-06 12:55:00,LONG,13,19503.75,19509.25,117.0,11.0,0.41,收盘平仓,190.0
2021-09-07 09:30:00,2021-09-07 09:35:00,SHORT,14,19441.0,19452.0,-336.0,10.5,-1.14,初始止损,5.0
2021-09-08 09:30:00,2021-09-08 09:45:00,SHORT,14,19436.5,19447.25,-329.0,10.25,-1.15,初始止损,15.0
2021-09-09 09:30:00,2021-09-09 11:15:00,LONG,14,19454.0,19443.25,-329.0,10.25,-1.15,初始止损,105.0
2021-09-10 09:30:00,2021-09-10 09:45:00,LONG,14,19469.75,19459.0,-329.0,10.25,-1.15,初始止损,15.0
2021-09-13 09:35:00,2021-09-13 09:40:00,SHORT,13,19281.75,19293.0,-318.5,10.75,-1.14,初始止损,5.0
2021-09-14 09:35:00,2021-09-14 09:40:00,SHORT,13,19272.25,19283.5,-318.5,11.25,-1.09,初始止损,5.0
2021-09-15 09:30:00,2021-09-15 12:30:00,SHORT,12,19187.75,19199.75,-312.0,11.25,-1.16,初始止损,180.0
2021-09-16 09:30:00,2021-09-16 09:35:00,LONG,12,19268.0,19256.0,-312.0,11.5,-1.13,初始止损,5.0
2021-09-17 09:30:00,2021-09-17 15:55:00,SHORT,12,19245.0,19126.25,2826.0,11.75,10.02,收盘平仓,385.0
2021-09-20 09:35:00,2021-09-20 09:40:00,LONG,12,18927.25,18914.5,-330.0,12.25,-1.12,初始止损,5.0
2021-09-21 09:30:00,2021-09-21 09:35:00,SHORT,10,18857.5,18872.75,-325.0,14.0,-1.16,初始止损,5.0
2021-09-22 09:30:00,2021-09-22 09:50:00,SHORT,10,18835.25,18850.25,-320.0,13.75,-1.16,初始止损,20.0
2021-09-23 09:35:00,2021-09-23 15:55:00,LONG,10,19044.5,19103.75,1165.0,14.0,4.16,收盘平仓,380.0
2021-09-24 09:30:00,2021-09-24 09:45:00,LONG,10,19026.5,19011.0,-330.0,14.0,-1.18,初始止损,15.0
2021-09-27 09:30:00,2021-09-27 10:20:00,SHORT,11,18957.25,18971.0,-324.5,13.75,-1.07,初始止损,50.0
2021-09-28 09:40:00,2021-09-28 09:55:00,SHORT,10,18732.75,18748.0,-325.0,14.0,-1.16,初始止损,15.0
2021-09-29 09:40:00,2021-09-29 09:45:00,SHORT,9,18599.75,18616.5,-319.5,15.5,-1.15,初始止损,5.0
2021-09-30 09:30:00,2021-09-30 09:35:00,LONG,9,18651.25,18634.75,-315.0,15.5,-1.13,初始止损,5.0
2021-10-01 09:30:00,2021-10-01 09:35:00,SHORT,9,18483.75,18500.25,-315.0,15.5,-1.13,初始止损,5.0
2021-10-04 09:30:00,2021-10-04 15:55:00,SHORT,9,18477.0,18272.25,3667.5,15.75,12.94,收盘平仓,385.0
2021-10-05 09:30:00,2021-10-05 09:35:00,LONG,9,18333.25,18315.5,-337.5,16.75,-1.12,初始止损,5.0
2021-10-06 09:30:00,2021-10-06 09:55:00,LONG,9,18361.5,18343.75,-337.5,17.25,-1.09,初始止损,25.0
2021-10-07 09:30:00,2021-10-07 09:35:00,LONG,9,18736.75,18719.25,-333.0,17.5,-1.06,初始止损,5.0
2021-10-08 09:30:00,2021-10-08 09:40:00,SHORT,8,18673.0,18692.5,-328.0,17.5,-1.17,初始止损,10.0
2021-10-11 09:30:00,2021-10-11 13:20:00,LONG,9,18578.5,18578.5,-18.0,17.0,-0.06,保本止损,230.0
2021-10-12 09:35:00,2021-10-12 09:40:00,SHORT,9,18538.5,18555.75,-328.5,17.0,-1.07,初始止损,5.0
2021-10-13 09:35:00,2021-10-13 09:40:00,LONG,9,18578.75,18561.75,-324.0,16.5,-1.09,初始止损,5.0
2021-10-14 09:30:00,2021-10-14 09:35:00,SHORT,9,18704.0,18721.0,-324.0,16.25,-1.11,初始止损,5.0
2021-10-15 09:30:00,2021-10-15 09:35:00,SHORT,9,18857.25,18874.0,-319.5,16.5,-1.08,初始止损,5.0
2021-10-18 09:35:00,2021-10-18 15:55:00,LONG,9,18887.5,19090.5,3636.0,16.0,12.62,收盘平仓,380.0
2021-10-19 09:30:00,2021-10-19 09:35:00,SHORT,10,19119.25,19135.5,-345.0,16.0,-1.08,初始止损,5.0
2021-10-20 09:35:00,2021-10-20 09:40:00,LONG,10,19229.75,19213.5,-345.0,15.5,-1.11,初始止损,5.0
2021-10-21 09:35:00,2021-10-21 15:55:00,LONG,10,19165.5,19279.5,2260.0,15.0,7.53,收盘平仓,380.0
2021-10-22 09:35:00,2021-10-22 09:45:00,LONG,11,19256.5,19241.25,-357.5,14.75,-1.1,初始止损,10.0
2021-10-25 09:30:00,2021-10-25 09:35:00,LONG,11,19228.25,19213.0,-357.5,14.75,-1.1,初始止损,5.0
2021-10-26 09:30:00,2021-10-26 09:35:00,LONG,11,19430.5,19415.5,-352.0,15.0,-1.07,初始止损,5.0
2021-10-27 09:35:00,2021-10-27 10:05:00,LONG,11,19389.75,19374.75,-352.0,15.0,-1.07,初始止损,30.0
2021-10-28 09:35:00,2021-10-28 09:40:00,SHORT,11,19454.75,19469.75,-352.0,14.75,-1.08,初始止损,5.0
2021-10-29 09:35:00,2021-10-29 15:55:00,LONG,11,19477.75,19644.5,3646.5,14.75,11.24,收盘平仓,380.0
2021-11-01 09:30:00,2021-11-01 11:45:00,SHORT,11,19641.5,19657.5,-374.0,15.0,-1.13,初始止损,135.0
2021-11-02 09:30:00,2021-11-02 15:55:00,LONG,12,19680.75,19766.25,2028.0,14.5,5.83,收盘平仓,385.0
2021-11-03 09:30:00,2021-11-03 09:40:00,SHORT,12,19772.75,19787.75,-384.0,14.25,-1.12,初始止损,10.0
2021-11-04 09:30:00,2021-11-04 09:40:00,SHORT,12,19977.0,19992.0,-384.0,14.25,-1.12,初始止损,10.0
2021-11-05 09:35:00,2021-11-05 09:40:00,LONG,12,20244.75,20230.0,-378.0,14.5,-1.09,初始止损,5.0
2021-11-08 09:50:00,2021-11-08 10:05:00,SHORT,12,20138.0,20152.75,-378.0,14.5,-1.09,初始止损,15.0
2021-11-09 09:30:00,2021-11-09 09:40:00,SHORT,12,20168.75,20183.5,-378.0,13.75,-1.15,初始止损,10.0
2021-11-10 09:30:00,2021-11-10 09:35:00,SHORT,12,19868.75,19883.25,-372.0,14.0,-1.11,初始止损,5.0
2021-11-11 09:30:00,2021-11-11 09:35:00,SHORT,11,19892.0,19907.75,-368.5,14.75,-1.14,初始止损,5.0
2021-11-12 09:30:00,2021-11-12 10:20:00,SHORT,11,19861.25,19877.0,-368.5,14.5,-1.16,初始止损,50.0
2021-11-15 09:40:00,2021-11-15 09:45:00,SHORT,11,20022.0,20037.5,-363.0,14.5,-1.14,初始止损,5.0
2021-11-16 09:30:00,2021-11-16 15:55:00,LONG,11,20002.25,20109.25,2332.0,14.5,7.31,收盘平仓,385.0
2021-11-17 09:35:00,2021-11-17 09:40:00,SHORT,12,20104.75,20119.5,-378.0,14.25,-1.11,初始止损,5.0
2021-11-18 09:30:00,2021-11-18 09:35:00,SHORT,12,20165.75,20180.5,-378.0,14.0,-1.12,初始止损,5.0
2021-11-19 09:45:00,2021-11-19 10:25:00,LONG,12,20384.5,20370.0,-372.0,14.0,-1.11,初始止损,40.0
2021-11-22 09:30:00,2021-11-22 11:00:00,LONG,12,20474.5,20474.5,-24.0,13.75,-0.07,保本止损,90.0
2021-11-23 09:30:00,2021-11-23 09:35:00,SHORT,11,20092.5,20108.25,-368.5,15.0,-1.12,初始止损,5.0
2021-11-24 09:30:00,2021-11-24 09:35:00,SHORT,11,19953.5,19969.25,-368.5,15.5,-1.08,初始止损,5.0
2021-11-25 09:40:00,2021-11-25 12:55:00,LONG,10,20201.5,20208.75,125.0,15.75,0.4,收盘平仓,195.0
2021-11-26 09:30:00,2021-11-26 09:35:00,LONG,11,20099.75,20084.25,-363.0,15.0,-1.1,初始止损,5.0
2021-11-29 09:30:00,2021-11-29 09:35:00,SHORT,10,20034.75,20051.75,-360.0,16.25,-1.11,初始止损,5.0
2021-11-30 09:50:00,2021-11-30 10:35:00,LONG,9,20193.25,20174.5,-355.5,17.0,-1.16,初始止损,45.0
2021-12-01 09:30:00,2021-12-01 09:35:00,SHORT,9,20090.75,20109.25,-351.0,18.0,-1.08,初始止损,5.0
2021-12-02 09:35:00,2021-12-02 09:40:00,LONG,8,19753.75,19733.0,-348.0,19.75,-1.1,初始止损,5.0
2021-12-03 09:35:00,2021-12-03 09:40:00,SHORT,8,19777.25,19798.0,-348.0,20.0,-1.09,初始止损,5.0
2021-12-06 09:30:00,2021-12-06 09:40:00,SHORT,7,19430.75,19454.25,-343.0,21.5,-1.14,初始止损,10.0
2021-12-07 09:30:00,2021-12-07 09:35:00,LONG,7,19961.75,19938.5,-339.5,21.75,-1.11,初始止损,5.0
2021-12-08 09:30:00,2021-12-08 09:40:00,SHORT,7,20100.75,20123.75,-336.0,23.0,-1.04,初始止损,10.0
2021-12-09 09:30:00,2021-12-09 09:50:00,LONG,7,20194.0,20171.0,-336.0,22.0,-1.09,初始止损,20.0
2021-12-10 09:30:00,2021-12-10 09:35:00,LONG,7,20114.5,20091.75,-332.5,22.0,-1.08,初始止损,5.0
2021-12-13 09:30:00,2021-12-13 09:35:00,SHORT,7,20091.25,20113.75,-329.0,21.5,-1.09,初始止损,5.0
2021-12-14 09:35:00,2021-12-14 09:50:00,LONG,7,19755.0,19732.5,-329.0,21.25,-1.11,初始止损,15.0
2021-12-15 09:30:00,2021-12-15 09:35:00,SHORT,7,19676.5,19698.75,-325.5,21.75,-1.07,初始止损,5.0
2021-12-16 09:35:00,2021-12-16 15:55:00,SHORT,6,20069.75,19666.25,4830.0,23.25,17.31,收盘平仓,380.0
2021-12-17 09:30:00,2021-12-17 09:35:00,LONG,6,19571.0,19542.5,-354.0,24.5,-1.2,初始止损,5.0
2021-12-20 09:35:00,2021-12-20 09:40:00,LONG,7,19434.25,19410.0,-353.5,24.25,-1.04,初始止损,5.0
2021-12-21 09:30:00,2021-12-21 11:40:00,SHORT,6,19558.25,19586.5,-351.0,24.25,-1.21,初始止损,130.0
2021-12-22 09:35:00,2021-12-22 09:40:00,LONG,6,19779.0,19751.0,-348.0,24.5,-1.18,初始止损,5.0
2021-12-23 09:30:00,2021-12-23 15:55:00,LONG,6,20015.0,20097.75,981.0,24.0,3.41,收盘平仓,385.0
2021-12-27 09:30:00,2021-12-27 15:55:00,LONG,7,20219.25,20364.5,2019.5,23.25,6.2,收盘平仓,385.0
2021-12-28 09:30:00,2021-12-28 15:55:00,SHORT,7,20375.25,20298.75,1057.0,23.0,3.28,收盘平仓,385.0
2021-12-29 09:30:00,2021-12-29 09:35:00,LONG,8,20325.0,20302.5,-376.0,22.25,-1.06,初始止损,5.0
2021-12-30 09:40:00,2021-12-30 09:50:00,SHORT,8,20271.75,20294.25,-376.0,21.5,-1.09,初始止损,10.0
2021-12-31 09:30:00,2021-12-31 09:35:00,LONG,8,20259.75,20237.5,-372.0,20.75,-1.12,初始止损,5.0
2022-01-03 09:30:00,2022-01-03 09:45:00,LONG,8,20242.25,20220.25,-368.0,20.25,-1.14,初始止损,15.0
2022-01-04 09:30:00,2022-01-04 15:55:00,SHORT,8,20289.75,20076.75,3392.0,19.75,10.73,收盘平仓,385.0
2022-01-05 09:30:00,2022-01-05 09:35:00,SHORT,9,19919.5,19940.25,-391.5,20.5,-1.06,初始止损,5.0
2022-01-06 09:30:00,2022-01-06 09:45:00,LONG,8,19594.25,19571.0,-388.0,21.75,-1.11,初始止损,15.0
2022-01-07 09:40:00,2022-01-07 09:45:00,LONG,8,19605.25,19582.25,-384.0,21.75,-1.1,初始止损,5.0
2022-01-10 09:30:00,2022-01-10 11:25:00,SHORT,8,19128.5,19128.5,-16.0,22.0,-0.05,保本止损,115.0
2022-01-11 09:30:00,2022-01-11 09:35:00,SHORT,8,19336.75,19359.75,-384.0,22.75,-1.05,初始止损,5.0
2022-01-12 09:30:00,2022-01-12 09:35:00,LONG,7,19788.25,19762.25,-378.0,23.25,-1.16,初始止损,5.0
2022-01-13 09:35:00,2022-01-13 09:40:00,LONG,8,19768.75,19746.25,-376.0,22.5,-1.04,初始止损,5.0
2022-01-14 09:30:00,2022-01-14 11:15:00,LONG,7,19231.25,19231.25,-14.0,23.75,-0.04,保本止损,105.0
2022-01-17 09:40:00,2022-01-17 12:55:00,SHORT,7,19376.0,19363.25,164.5,23.25,0.51,收盘平仓,195.0
2022-01-18 09:30:00,2022-01-18 09:40:00,SHORT,8,19095.5,19118.0,-376.0,22.0,-1.07,初始止损,10.0
2022-01-19 09:35:00,2022-01-19 09:40:00,LONG,7,19125.0,19099.5,-371.0,22.5,-1.18,初始止损,5.0
2022-01-20 09:30:00,2022-01-20 13:55:00,LONG,7,19003.25,18978.0,-367.5,22.75,-1.15,初始止损,265.0
2022-01-21 09:30:00,2022-01-21 09:35:00,LONG,7,18611.0,18585.75,-367.5,24.0,-1.09,初始止损,5.0
2022-01-24 09:35:00,2022-01-24 09:40:00,LONG,7,18047.25,18022.25,-364.0,24.5,-1.06,初始止损,5.0
2022-01-25 09:35:00,2022-01-25 09:40:00,LONG,6,18064.0,18035.0,-360.0,27.25,-1.1,初始止损,5.0
2022-01-26 09:35:00,2022-01-26 09:45:00,SHORT,6,18202.5,18231.25,-357.0,28.0,-1.06,初始止损,10.0
2022-01-27 09:30:00,2022-01-27 09:40:00,SHORT,5,18080.5,18114.75,-352.5,29.5,-1.19,初始止损,10.0
2022-01-28 09:30:00,2022-01-28 10:15:00,SHORT,5,17774.25,17808.25,-350.0,29.75,-1.18,初始止损,45.0
2022-01-31 09:30:00,2022-01-31 15:55:00,LONG,5,18324.5,18702.5,3770.0,30.75,12.26,收盘平仓,385.0
2022-02-01 09:30:00,2022-02-01 11:55:00,SHORT,5,18706.25,18742.5,-372.5,31.25,-1.19,初始止损,145.0
2022-02-02 09:30:00,2022-02-02 09:35:00,SHORT,5,18929.0,18965.0,-370.0,30.5,-1.21,初始止损,5.0
2022-02-03 09:35:00,2022-02-03 09:40:00,LONG,6,18599.0,18569.25,-369.0,29.75,-1.03,初始止损,5.0
2022-02-04 09:40:00,2022-02-04 09:50:00,LONG,5,18362.5,18327.0,-365.0,31.0,-1.18,初始止损,10.0
2022-02-07 09:30:00,2022-02-07 09:35:00,SHORT,5,18482.25,18517.5,-362.5,31.0,-1.17,初始止损,5.0
2022-02-08 09:35:00,2022-02-08 09:40:00,LONG,5,18369.75,18334.75,-360.0,30.25,-1.19,初始止损,5.0
2022-02-09 09:30:00,2022-02-09 09:35:00,SHORT,5,18712.25,18747.0,-357.5,29.75,-1.2,初始止损,5.0
2022-02-10 09:35:00,2022-02-10 13:25:00,LONG,5,18630.75,18596.25,-355.0,29.25,-1.21,初始止损,230.0
2022-02-11 09:35:00,2022-02-11 09:45:00,SHORT,5,18487.25,18521.5,-352.5,29.5,-1.19,初始止损,10.0
2022-02-14 09:45:00,2022-02-14 10:00:00,LONG,5,18091.0,18057.0,-350.0,30.5,-1.15,初始止损,15.0
2022-02-15 09:45:00,2022-02-15 09:55:00,SHORT,5,18264.25,18298.0,-347.5,30.0,-1.16,初始止损,10.0
2022-02-16 09:30:00,2022-02-16 14:20:00,SHORT,5,18296.25,18329.75,-345.0,29.75,-1.16,初始止损,290.0
2022-02-17 09:45:00,2022-02-17 15:55:00,SHORT,5,18233.25,17970.25,2620.0,29.0,9.03,收盘平仓,370.0
2022-02-18 09:30:00,2022-02-18 09:50:00,SHORT,6,17954.5,17983.75,-363.0,29.25,-1.03,初始止损,20.0
2022-02-21 09:45:00,2022-02-21 09:50:00,SHORT,6,17623.5,17652.5,-360.0,29.0,-1.03,初始止损,5.0
2022-02-22 09:40:00,2022-02-22 10:55:00,LONG,6,17783.5,17754.75,-357.0,28.5,-1.04,初始止损,75.0
2022-02-23 09:40:00,2022-02-23 15:55:00,SHORT,6,17757.0,17310.75,5343.0,28.5,15.62,收盘平仓,375.0
2022-02-24 09:30:00,2022-02-24 09:35:00,LONG,6,16992.25,16960.5,-393.0,29.25,-1.12,初始止损,5.0
2022-02-25 09:35:00,2022-02-25 09:45:00,SHORT,5,17726.5,17764.25,-387.5,32.25,-1.2,初始止损,10.0
2022-02-28 09:30:00,2022-02-28 09:35:00,LONG,5,17898.0,17860.5,-385.0,31.75,-1.21,初始止损,5.0
2022-03-01 09:30:00,2022-03-01 09:40:00,LONG,5,18021.25,17984.0,-382.5,31.25,-1.22,初始止损,10.0
2022-03-02 09:30:00,2022-03-02 09:40:00,SHORT,5,17829.75,17866.75,-380.0,31.0,-1.23,初始止损,10.0
2022-03-03 09:30:00,2022-03-03 15:55:00,SHORT,6,18123.75,17839.5,3399.0,30.5,9.29,收盘平仓,385.0
2022-03-04 09:30:00,2022-03-04 09:40:00,LONG,6,17756.0,17723.5,-402.0,30.5,-1.1,初始止损,10.0
2022-03-07 09:40:00,2022-03-07 15:55:00,SHORT,6,17561.5,17124.25,5235.0,30.0,14.54,收盘平仓,375.0
2022-03-08 09:30:00,2022-03-08 09:35:00,SHORT,6,17045.75,17081.25,-438.0,30.75,-1.19,初始止损,5.0
2022-03-09 09:50:00,2022-03-09 09:55:00,SHORT,6,17319.0,17354.25,-435.0,31.5,-1.15,初始止损,5.0
2022-03-10 09:35:00,2022-03-10 09:40:00,SHORT,6,17297.25,17332.25,-432.0,32.25,-1.12,初始止损,5.0
2022-03-11 09:30:00,2022-03-11 15:55:00,SHORT,6,17477.5,17104.25,4467.0,31.75,11.72,收盘平仓,385.0
2022-03-14 09:30:00,2022-03-14 09:35:00,SHORT,7,16985.5,17017.5,-462.0,31.75,-1.04,初始止损,5.0
2022-03-15 09:40:00,2022-03-15 09:50:00,SHORT,7,16865.0,16896.75,-458.5,31.5,-1.04,初始止损,10.0
2022-03-16 09:35:00,2022-03-16 14:00:00,LONG,6,17435.0,17398.25,-453.0,31.75,-1.19,初始止损,265.0
2022-03-17 09:30:00,2022-03-17 09:35:00,LONG,6,17630.75,17594.25,-450.0,32.0,-1.17,初始止损,5.0
2022-03-18 09:40:00,2022-03-18 15:55:00,LONG,6,17822.75,18165.25,4098.0,31.5,10.84,收盘平仓,375.0
2022-03-21 09:30:00,2022-03-21 09:45:00,LONG,7,18159.0,18126.0,-476.0,31.5,-1.08,初始止损,15.0
2022-03-22 09:30:00,2022-03-22 15:55:00,LONG,7,18173.75,18410.0,3293.5,30.75,7.65,收盘平仓,385.0
2022-03-23 09:30:00,2022-03-23 10:05:00,SHORT,7,18261.75,18296.25,-497.0,30.25,-1.17,初始止损,35.0
2022-03-24 09:30:00,2022-03-24 09:40:00,SHORT,8,18254.0,18284.0,-496.0,29.5,-1.05,初始止损,10.0
2022-03-25 09:30:00,2022-03-25 09:45:00,SHORT,8,18498.75,18528.5,-492.0,29.0,-1.06,初始止损,15.0
2022-03-28 09:30:00,2022-03-28 11:35:00,LONG,8,18558.25,18528.75,-488.0,28.25,-1.08,初始止损,125.0
2022-03-29 09:30:00,2022-03-29 09:35:00,LONG,8,18959.5,18930.25,-484.0,27.75,-1.09,初始止损,5.0
2022-03-30 09:30:00,2022-03-30 09:35:00,LONG,8,18948.5,18919.5,-480.0,27.25,-1.1,初始止损,5.0
2022-03-31 09:30:00,2022-03-31 10:45:00,SHORT,8,18788.0,18817.0,-480.0,26.5,-1.13,初始止损,75.0
2022-04-01 09:35:00,2022-04-01 09:40:00,SHORT,8,18623.25,18652.0,-476.0,26.0,-1.14,初始止损,5.0
2022-04-04 09:30:00,2022-04-04 15:55:00,LONG,9,18666.75,18919.75,4536.0,25.25,9.98,收盘平仓,385.0
2022-04-05 09:40:00,2022-04-05 15:55:00,SHORT,9,18840.75,18586.5,4558.5,25.0,10.13,收盘平仓,375.0
2022-04-06 09:35:00,2022-04-06 14:00:00,SHORT,10,18339.25,18365.25,-540.0,25.25,-1.07,初始止损,265.0
2022-04-07 09:30:00,2022-04-07 09:40:00,LONG,10,18292.5,18266.75,-535.0,25.75,-1.04,初始止损,10.0
2022-04-08 09:30:00,2022-04-08 10:50:00,SHORT,9,18171.5,18200.0,-531.0,25.75,-1.15,初始止损,80.0
2022-04-11 09:30:00,2022-04-11 09:35:00,SHORT,10,17880.0,17905.5,-530.0,25.0,-1.06,初始止损,5.0
2022-04-12 09:30:00,2022-04-12 09:45:00,SHORT,9,17915.25,17943.25,-522.0,25.25,-1.15,初始止损,15.0
2022-04-13 09:35:00,2022-04-13 15:55:00,LONG,9,17748.25,17976.75,4095.0,25.5,8.92,收盘平仓,380.0
2022-04-14 09:40:00,2022-04-14 15:55:00,SHORT,10,17891.5,17648.5,4840.0,25.5,9.49,收盘平仓,375.0
2022-04-18 09:30:00,2022-04-18 09:40:00,LONG,10,17667.25,17639.0,-585.0,25.75,-1.14,初始止损,10.0
2022-04-19 09:30:00,2022-04-19 09:35:00,LONG,11,17660.75,17635.25,-583.0,25.0,-1.06,初始止损,5.0
2022-04-20 09:30:00,2022-04-20 15:55:00,SHORT,10,17971.0,17758.5,4230.0,25.5,8.29,收盘平仓,385.0
2022-04-21 09:30:00,2022-04-21 09:50:00,LONG,11,18014.75,17988.25,-605.0,25.25,-1.09,初始止损,20.0
2022-04-22 09:30:00,2022-04-22 09:35:00,LONG,10,17503.75,17474.75,-600.0,26.75,-1.12,初始止损,5.0
2022-04-25 09:40:00,2022-04-25 09:45:00,SHORT,10,17020.75,17049.5,-595.0,27.25,-1.09,初始止损,5.0
2022-04-26 09:30:00,2022-04-26 15:55:00,SHORT,10,17128.5,16764.0,7270.0,26.75,13.59,收盘平仓,385.0
2022-04-27 09:30:00,2022-04-27 10:05:00,LONG,11,16850.75,16822.5,-643.5,27.75,-1.05,初始止损,35.0
2022-04-28 09:35:00,2022-04-28 09:40:00,SHORT,11,16931.75,16959.75,-638.0,27.5,-1.05,初始止损,5.0
2022-04-29 09:30:00,2022-04-29 09:35:00,LONG,10,17089.25,17058.5,-635.0,28.5,-1.11,初始止损,5.0
2022-05-02 09:40:00,2022-05-02 09:45:00,LONG,10,16669.75,16639.25,-630.0,29.75,-1.06,初始止损,5.0
2022-05-03 09:30:00,2022-05-03 09:55:00,SHORT,10,16812.5,16842.75,-625.0,29.75,-1.05,初始止损,25.0
2022-05-04 09:30:00,2022-05-04 09:35:00,SHORT,10,16828.25,16858.25,-620.0,28.75,-1.08,初始止损,5.0
2022-05-05 09:30:00,2022-05-05 15:55:00,SHORT,9,17054.5,16613.75,7915.5,30.25,14.54,收盘平仓,385.0
2022-05-06 09:30:00,2022-05-06 10:15:00,SHORT,10,16439.0,16471.5,-670.0,32.5,-1.03,初始止损,45.0
2022-05-09 09:35:00,2022-05-09 09:40:00,LONG,9,16268.25,16232.25,-666.0,32.5,-1.14,初始止损,5.0
2022-05-10 09:35:00,2022-05-10 10:00:00,SHORT,9,16208.25,16244.0,-661.5,33.0,-1.11,初始止损,25.0
2022-05-11 09:40:00,2022-05-11 10:05:00,LONG,9,16092.0,16056.5,-657.0,32.75,-1.11,初始止损,25.0
2022-05-12 09:30:00,2022-05-12 09:35:00,SHORT,9,15494.75,15530.0,-652.5,33.25,-1.09,初始止损,5.0
2022-05-13 09:30:00,2022-05-13 09:35:00,SHORT,9,15846.75,15881.75,-648.0,33.25,-1.08,初始止损,5.0
2022-05-16 09:30:00,2022-05-16 09:35:00,SHORT,9,16032.5,16067.25,-643.5,33.5,-1.07,初始止损,5.0
2022-05-17 09:30:00,2022-05-17 09:35:00,LONG,9,16259.75,16225.25,-639.0,32.25,-1.1,初始止损,5.0
2022-05-18 09:35:00,2022-05-18 15:55:00,SHORT,9,16108.25,15695.75,7407.0,31.75,12.96,收盘平仓,380.0
2022-05-19 09:30:00,2022-05-19 09:40:00,LONG,10,15673.25,15640.0,-685.0,33.0,-1.04,初始止损,10.0
2022-05-20 09:30:00,2022-05-20 09:40:00,SHORT,10,15754.25,15787.25,-680.0,32.25,-1.05,初始止损,10.0
2022-05-23 09:35:00,2022-05-23 09:40:00,SHORT,9,15589.5,15626.0,-675.0,33.0,-1.14,初始止损,5.0
2022-05-24 09:30:00,2022-05-24 15:35:00,SHORT,10,15550.75,15583.5,-675.0,32.0,-1.05,初始止损,365.0
2022-05-25 09:30:00,2022-05-25 15:55:00,LONG,10,15535.25,15704.5,3365.0,32.25,5.22,收盘平仓,385.0
2022-05-26 09:30:00,2022-05-26 15:55:00,LONG,10,15736.75,16030.0,5845.0,31.75,9.2,收盘平仓,385.0
2022-05-27 09:30:00,2022-05-27 15:55:00,LONG,11,16201.5,16437.25,5164.5,31.75,7.39,收盘平仓,385.0
2022-05-30 10:10:00,2022-05-30 10:45:00,SHORT,11,16506.0,16540.0,-770.0,31.75,-1.1,初始止损,35.0
2022-05-31 09:30:00,2022-05-31 10:30:00,SHORT,12,16336.0,16367.0,-768.0,30.25,-1.06,初始止损,60.0
2022-06-01 09:30:00,2022-06-01 09:40:00,LONG,12,16543.25,16512.5,-762.0,29.75,-1.07,初始止损,10.0
2022-06-02 10:10:00,2022-06-02 10:15:00,LONG,12,16373.75,16343.25,-756.0,29.75,-1.06,初始止损,5.0
2022-06-03 09:40:00,2022-06-03 09:45:00,SHORT,12,16378.0,16408.25,-750.0,30.0,-1.04,初始止损,5.0
2022-06-06 09:35:00,2022-06-06 09:40:00,SHORT,12,16472.5,16502.5,-744.0,30.0,-1.03,初始止损,5.0
2022-06-07 09:30:00,2022-06-07 15:55:00,LONG,12,16235.5,16466.5,5520.0,29.25,7.86,收盘平仓,385.0
2022-06-08 09:35:00,2022-06-08 09:40:00,LONG,13,16468.0,16439.0,-780.0,29.0,-1.03,初始止损,5.0
2022-06-09 09:30:00,2022-06-09 09:35:00,LONG,13,16341.5,16312.75,-773.5,28.0,-1.06,初始止损,5.0
2022-06-10 09:30:00,2022-06-10 09:35:00,SHORT,13,15738.5,15767.25,-773.5,28.25,-1.05,初始止损,5.0
2022-06-13 09:30:00,2022-06-13 09:35:00,LONG,12,15293.0,15262.25,-762.0,28.5,-1.11,初始止损,5.0
2022-06-14 09:30:00,2022-06-14 10:00:00,SHORT,12,15129.25,15159.75,-756.0,29.5,-1.07,初始止损,30.0
2022-06-15 09:40:00,2022-06-15 09:50:00,LONG,12,15273.0,15242.75,-750.0,28.75,-1.09,初始止损,10.0
2022-06-16 09:30:00,2022-06-16 09:35:00,SHORT,12,15021.75,15052.0,-750.0,29.0,-1.08,初始止损,5.0
2022-06-17 09:30:00,2022-06-17 10:15:00,LONG,11,15002.25,14969.5,-742.5,30.0,-1.12,初始止损,45.0
2022-06-20 09:35:00,2022-06-20 10:15:00,SHORT,12,15087.25,15117.0,-738.0,29.25,-1.05,初始止损,40.0
2022-06-21 09:30:00,2022-06-21 15:55:00,LONG,12,15263.0,15314.75,1218.0,28.0,1.81,收盘平仓,385.0
2022-06-22 09:30:00,2022-06-22 09:40:00,LONG,13,15237.25,15209.75,-741.0,27.25,-1.05,初始止损,10.0
2022-06-23 09:30:00,2022-06-23 10:00:00,SHORT,13,15362.75,15390.0,-734.5,27.0,-1.05,初始止损,30.0
2022-06-24 09:30:00,2022-06-24 15:55:00,LONG,13,15640.5,15883.5,6292.0,26.25,9.22,收盘平仓,385.0
2022-06-27 09:30:00,2022-06-27 10:55:00,SHORT,14,15850.5,15877.25,-777.0,26.5,-1.05,初始止损,85.0
2022-06-28 09:30:00,2022-06-28 09:45:00,LONG,14,15880.75,15854.25,-770.0,25.75,-1.07,初始止损,15.0
2022-06-29 09:30:00,2022-06-29 09:35:00,SHORT,13,15327.0,15355.5,-767.0,26.75,-1.1,初始止损,5.0
2022-06-30 09:35:00,2022-06-30 10:55:00,SHORT,14,15197.0,15223.25,-763.0,25.75,-1.06,初始止损,80.0
2022-07-01 09:30:00,2022-07-01 09:40:00,SHORT,14,15201.5,15227.5,-756.0,25.75,-1.05,初始止损,10.0
2022-07-04 09:30:00,2022-07-04 12:55:00,SHORT,14,15296.75,15289.75,168.0,25.25,0.24,收盘平仓,205.0
2022-07-05 09:30:00,2022-07-05 09:45:00,SHORT,15,15147.75,15172.0,-757.5,23.75,-1.06,初始止损,15.0
2022-07-06 09:30:00,2022-07-06 09:35:00,LONG,14,15580.75,15555.0,-749.0,24.25,-1.1,初始止损,5.0
2022-07-07 09:30:00,2022-07-07 15:55:00,LONG,15,15725.75,15871.75,4350.0,23.75,6.11,收盘平仓,385.0
2022-07-08 09:30:00,2022-07-08 09:50:00,LONG,15,15772.25,15747.5,-772.5,23.5,-1.1,初始止损,20.0
2022-07-11 09:30:00,2022-07-11 15:55:00,SHORT,15,15747.25,15626.75,3585.0,23.25,5.14,收盘平仓,385.0
2022-07-12 09:35:00,2022-07-12 09:40:00,LONG,16,15745.5,15721.5,-800.0,23.25,-1.08,初始止损,5.0
2022-07-13 09:35:00,2022-07-13 09:40:00,LONG,16,15391.0,15367.25,-792.0,23.25,-1.06,初始止损,5.0
2022-07-14 09:30:00,2022-07-14 09:45:00,SHORT,16,15331.75,15355.25,-784.0,23.25,-1.05,初始止损,15.0
2022-07-15 09:30:00,2022-07-15 09:40:00,LONG,16,15690.0,15666.75,-776.0,23.25,-1.04,初始止损,10.0
2022-07-18 09:30:00,2022-07-18 09:35:00,LONG,16,15872.5,15849.25,-776.0,22.75,-1.07,初始止损,5.0
2022-07-19 09:45:00,2022-07-19 09:50:00,SHORT,16,15744.75,15767.75,-768.0,23.0,-1.04,初始止损,5.0
2022-07-20 09:30:00,2022-07-20 15:55:00,LONG,15,16030.75,16201.75,5100.0,23.25,7.31,收盘平仓,385.0
2022-07-21 09:30:00,2022-07-21 09:35:00,SHORT,16,16181.25,16205.25,-800.0,23.0,-1.09,初始止损,5.0
2022-07-22 09:30:00,2022-07-22 09:35:00,SHORT,16,16325.25,16349.0,-792.0,23.0,-1.08,初始止损,5.0
2022-07-25 09:30:00,2022-07-25 15:55:00,SHORT,16,16151.0,16091.25,1880.0,23.25,2.53,收盘平仓,385.0
2022-07-26 09:30:00,2022-07-26 09:40:00,SHORT,17,15967.25,15989.75,-799.0,22.5,-1.04,初始止损,10.0
2022-07-27 09:30:00,2022-07-27 09:35:00,SHORT,17,16026.0,16048.5,-799.0,22.25,-1.06,初始止损,5.0
2022-07-28 09:40:00,2022-07-28 10:50:00,SHORT,15,16255.0,16280.25,-787.5,23.75,-1.11,初始止损,70.0
2022-07-29 09:30:00,2022-07-29 09:35:00,SHORT,15,16509.75,16534.75,-780.0,23.75,-1.09,初始止损,5.0
2022-08-01 09:35:00,2022-08-01 13:35:00,LONG,15,16656.25,16656.25,-30.0,23.5,-0.04,保本止损,240.0
2022-08-02 09:30:00,2022-08-02 09:35:00,LONG,16,16641.5,16618.25,-776.0,23.25,-1.04,初始止损,5.0
2022-08-03 09:30:00,2022-08-03 15:55:00,LONG,15,16776.25,17008.0,6922.5,23.25,9.92,收盘平仓,385.0
2022-08-04 09:35:00,2022-08-04 09:40:00,SHORT,16,16992.75,17017.5,-824.0,23.5,-1.1,初始止损,5.0
2022-08-05 09:30:00,2022-08-05 09:40:00,LONG,17,16916.25,16893.25,-816.0,22.75,-1.05,初始止损,10.0
2022-08-08 09:40:00,2022-08-08 10:25:00,LONG,17,17110.75,17087.75,-816.0,22.5,-1.07,初始止损,45.0
2022-08-09 09:30:00,2022-08-09 09:35:00,SHORT,17,16779.25,16802.0,-807.5,22.5,-1.06,初始止损,5.0
2022-08-10 09:30:00,2022-08-10 09:45:00,SHORT,17,17038.75,17061.25,-799.0,22.0,-1.07,初始止损,15.0
2022-08-11 09:30:00,2022-08-11 09:35:00,SHORT,16,17195.25,17219.0,-792.0,22.5,-1.1,初始止损,5.0
2022-08-12 09:40:00,2022-08-12 09:45:00,LONG,16,17163.0,17139.5,-784.0,22.5,-1.09,初始止损,5.0
2022-08-15 09:30:00,2022-08-15 09:35:00,LONG,16,17335.75,17312.25,-784.0,22.25,-1.1,初始止损,5.0
2022-08-16 09:35:00,2022-08-16 11:30:00,SHORT,17,17363.5,17385.5,-782.0,21.5,-1.07,初始止损,115.0
2022-08-17 09:40:00,2022-08-17 09:45:00,SHORT,17,17236.5,17258.25,-773.5,21.25,-1.07,初始止损,5.0
2022-08-18 09:30:00,2022-08-18 09:35:00,SHORT,17,17181.0,17202.5,-765.0,21.0,-1.07,初始止损,5.0
2022-08-19 09:40:00,2022-08-19 15:55:00,SHORT,17,17080.0,16999.0,2720.0,20.25,3.95,收盘平仓,375.0
2022-08-22 09:30:00,2022-08-22 09:40:00,SHORT,18,16773.5,16794.25,-783.0,20.5,-1.06,初始止损,10.0
2022-08-23 09:30:00,2022-08-23 09:35:00,LONG,17,16669.75,16648.0,-773.5,21.0,-1.08,初始止损,5.0
2022-08-24 09:30:00,2022-08-24 09:35:00,SHORT,17,16592.5,16614.25,-773.5,20.5,-1.11,初始止损,5.0
2022-08-25 09:30:00,2022-08-25 09:35:00,SHORT,18,16709.5,16729.75,-765.0,19.75,-1.08,初始止损,5.0
2022-08-26 09:35:00,2022-08-26 10:05:00,SHORT,18,16872.0,16872.0,-36.0,19.5,-0.05,保本止损,30.0
2022-08-29 09:30:00,2022-08-29 09:45:00,LONG,17,16303.75,16282.5,-756.5,21.25,-1.05,初始止损,15.0
2022-08-30 09:35:00,2022-08-30 15:55:00,SHORT,17,16288.0,16089.25,6723.5,20.75,9.53,收盘平仓,380.0
2022-08-31 09:30:00,2022-08-31 09:35:00,SHORT,18,16147.0,16168.25,-801.0,21.0,-1.06,初始止损,5.0
2022-09-01 09:30:00,2022-09-01 09:35:00,SHORT,18,15886.0,15907.25,-801.0,20.75,-1.07,初始止损,5.0
2022-09-02 09:30:00,2022-09-02 09:35:00,SHORT,18,16056.0,16077.0,-792.0,20.75,-1.06,初始止损,5.0
2022-09-05 09:35:00,2022-09-05 12:55:00,LONG,17,15872.75,15871.75,-68.0,21.5,-0.09,收盘平仓,200.0
2022-09-06 09:30:00,2022-09-06 09:35:00,SHORT,18,15841.0,15861.75,-783.0,20.5,-1.06,初始止损,5.0
2022-09-07 09:30:00,2022-09-07 10:00:00,LONG,18,15817.75,15797.0,-783.0,20.25,-1.07,初始止损,30.0
2022-09-08 09:30:00,2022-09-08 09:35:00,SHORT,18,15864.25,15884.75,-774.0,20.25,-1.06,初始止损,5.0
2022-09-09 09:30:00,2022-09-09 09:35:00,LONG,18,16202.75,16182.25,-774.0,20.25,-1.06,初始止损,5.0
2022-09-12 09:30:00,2022-09-12 09:35:00,LONG,17,16417.0,16395.5,-765.0,20.25,-1.11,初始止损,5.0
2022-09-13 09:40:00,2022-09-13 09:45:00,SHORT,18,16083.75,16103.75,-756.0,19.75,-1.06,初始止损,5.0
2022-09-14 09:30:00,2022-09-14 09:35:00,SHORT,15,15763.75,15787.75,-750.0,22.5,-1.11,初始止损,5.0
2022-09-15 09:45:00,2022-09-15 10:20:00,LONG,16,15862.5,15840.25,-744.0,21.75,-1.07,初始止损,35.0
2022-09-16 09:40:00,2022-09-16 09:45:00,SHORT,16,15473.25,15495.25,-736.0,21.75,-1.06,初始止损,5.0
2022-09-19 09:30:00,2022-09-19 12:05:00,LONG,16,15538.75,15516.75,-736.0,21.25,-1.08,初始止损,155.0
2022-09-20 09:35:00,2022-09-20 09:45:00,SHORT,16,15570.5,15592.25,-728.0,21.0,-1.08,初始止损,10.0
2022-09-21 09:30:00,2022-09-21 09:40:00,SHORT,16,15601.25,15622.75,-720.0,20.5,-1.1,初始止损,10.0
2022-09-22 09:35:00,2022-09-22 15:10:00,SHORT,15,15285.25,15308.25,-720.0,21.5,-1.12,初始止损,335.0
2022-09-23 09:45:00,2022-09-23 10:25:00,SHORT,16,15045.0,15066.25,-712.0,21.0,-1.06,初始止损,40.0
2022-09-26 09:30:00,2022-09-26 11:10:00,LONG,15,15080.25,15057.75,-705.0,21.25,-1.11,初始止损,100.0
2022-09-27 09:30:00,2022-09-27 09:45:00,LONG,15,15190.25,15167.75,-705.0,21.0,-1.12,初始止损,15.0
2022-09-28 09:30:00,2022-09-28 09:35:00,SHORT,15,14942.5,14964.75,-697.5,21.25,-1.09,初始止损,5.0
2022-09-29 09:35:00,2022-09-29 15:55:00,SHORT,15,14994.0,14892.25,3022.5,21.75,4.63,收盘平仓,380.0
2022-09-30 09:35:00,2022-09-30 09:40:00,SHORT,15,14827.5,14850.25,-712.5,22.5,-1.06,初始止损,5.0
2022-10-03 09:30:00,2022-10-03 09:45:00,SHORT,14,14741.5,14765.75,-707.0,22.75,-1.11,初始止损,15.0
2022-10-04 09:30:00,2022-10-04 13:15:00,LONG,14,15215.5,15191.5,-700.0,23.0,-1.09,初始止损,225.0
2022-10-05 09:30:00,2022-10-05 09:35:00,LONG,14,15188.25,15164.5,-693.0,23.25,-1.06,初始止损,5.0
2022-10-06 09:30:00,2022-10-06 10:00:00,LONG,14,15312.0,15288.25,-693.0,23.5,-1.05,初始止损,30.0
2022-10-07 09:40:00,2022-10-07 15:55:00,SHORT,14,14935.5,14760.0,4886.0,22.75,7.67,收盘平仓,375.0
2022-10-10 09:30:00,2022-10-10 13:50:00,SHORT,14,14723.75,14723.75,-28.0,24.0,-0.04,保本止损,260.0
2022-10-11 09:30:00,2022-10-11 11:00:00,SHORT,14,14555.75,14580.5,-721.0,23.5,-1.1,初始止损,90.0
2022-10-12 09:30:00,2022-10-12 09:35:00,SHORT,14,14491.75,14516.25,-714.0,23.25,-1.1,初始止损,5.0
2022-10-13 09:45:00,2022-10-13 15:55:00,LONG,15,14244.5,14741.75,14887.5,22.5,22.06,收盘平仓,370.0
2022-10-14 09:30:00,2022-10-14 09:35:00,SHORT,16,14786.5,14811.0,-816.0,24.25,-1.05,初始止损,5.0
2022-10-17 09:30:00,2022-10-17 15:55:00,LONG,15,14699.25,14771.75,2145.0,25.25,2.83,收盘平仓,385.0
2022-10-18 09:50:00,2022-10-18 09:55:00,SHORT,15,14959.75,14986.25,-825.0,25.5,-1.08,初始止损,5.0
2022-10-19 09:30:00,2022-10-19 09:40:00,LONG,15,14851.25,14825.0,-817.5,25.5,-1.07,初始止损,10.0
2022-10-20 09:30:00,2022-10-20 09:35:00,LONG,15,14803.0,14776.75,-817.5,25.0,-1.09,初始止损,5.0
2022-10-21 09:50:00,2022-10-21 10:35:00,LONG,15,14791.25,14765.25,-810.0,24.75,-1.09,初始止损,45.0
2022-10-24 09:30:00,2022-10-24 09:35:00,SHORT,15,14981.25,15007.0,-802.5,25.0,-1.07,初始止损,5.0
2022-10-25 09:30:00,2022-10-25 09:40:00,LONG,15,15213.5,15188.0,-795.0,24.75,-1.07,初始止损,10.0
2022-10-26 09:40:00,2022-10-26 09:45:00,SHORT,15,15128.75,15154.25,-795.0,24.5,-1.08,初始止损,5.0
2022-10-27 09:35:00,2022-10-27 10:15:00,SHORT,15,15055.5,15080.75,-787.5,24.25,-1.08,初始止损,40.0
2022-10-28 09:30:00,2022-10-28 10:10:00,LONG,15,14946.25,14921.25,-780.0,23.75,-1.09,初始止损,40.0
2022-10-31 09:40:00,2022-10-31 11:50:00,SHORT,15,15133.0,15157.75,-772.5,24.25,-1.06,初始止损,130.0
2022-11-01 09:40:00,2022-11-01 15:55:00,SHORT,15,15242.75,14990.5,7537.5,23.75,10.58,收盘平仓,375.0
2022-11-02 09:30:00,2022-11-02 09:35:00,SHORT,16,14948.25,14973.0,-824.0,23.5,-1.1,初始止损,5.0
2022-11-03 09:40:00,2022-11-03 10:25:00,SHORT,15,14451.25,14477.5,-817.5,24.75,-1.1,初始止损,45.0
2022-11-04 09:30:00,2022-11-04 10:10:00,SHORT,16,14525.0,14549.5,-816.0,24.25,-1.05,初始止损,40.0
2022-11-07 09:30:00,2022-11-07 10:05:00,SHORT,16,14571.25,14595.5,-808.0,24.0,-1.05,初始止损,35.0
2022-11-08 09:30:00,2022-11-08 09:50:00,SHORT,16,14707.25,14731.25,-800.0,23.5,-1.06,初始止损,20.0
2022-11-09 09:30:00,2022-11-09 09:40:00,SHORT,16,14644.5,14668.5,-800.0,23.25,-1.08,初始止损,10.0
2022-11-10 09:45:00,2022-11-10 15:55:00,LONG,16,15037.0,15289.25,8040.0,23.25,10.81,收盘平仓,370.0
2022-11-11 09:30:00,2022-11-11 09:40:00,SHORT,15,15248.25,15275.5,-847.5,25.75,-1.1,初始止损,10.0
2022-11-14 09:30:00,2022-11-14 09:35:00,SHORT,15,15404.0,15431.0,-840.0,25.75,-1.09,初始止损,5.0
2022-11-15 09:35:00,2022-11-15 10:00:00,SHORT,16,15674.0,15699.0,-832.0,24.75,-1.05,初始止损,25.0
2022-11-16 09:40:00,2022-11-16 12:45:00,SHORT,16,15461.25,15486.25,-832.0,24.75,-1.05,初始止损,185.0
2022-11-17 09:30:00,2022-11-17 15:55:00,LONG,16,15242.25,15372.75,4144.0,24.0,5.4,收盘平仓,385.0
2022-11-18 09:30:00,2022-11-18 15:55:00,SHORT,17,15430.75,15368.0,2099.5,23.5,2.63,收盘平仓,385.0
2022-11-21 09:30:00,2022-11-21 09:40:00,SHORT,17,15299.75,15324.25,-867.0,23.25,-1.1,初始止损,10.0
2022-11-22 09:30:00,2022-11-22 10:15:00,SHORT,18,15253.5,15276.5,-864.0,22.25,-1.08,初始止损,45.0
2022-11-23 09:30:00,2022-11-23 12:55:00,LONG,18,15429.0,15406.25,-855.0,22.0,-1.08,初始止损,205.0
2022-11-25 09:30:00,2022-11-25 09:35:00,SHORT,20,15430.25,15450.75,-860.0,20.0,-1.07,初始止损,5.0
2022-11-28 09:30:00,2022-11-28 10:20:00,LONG,20,15408.5,15388.25,-850.0,19.5,-1.09,初始止损,50.0
2022-11-29 09:35:00,2022-11-29 09:40:00,SHORT,20,15251.0,15271.25,-850.0,19.25,-1.1,初始止损,5.0
2022-11-30 09:30:00,2022-11-30 09:35:00,LONG,21,15226.5,15207.5,-840.0,18.75,-1.07,初始止损,5.0
2022-12-01 09:40:00,2022-12-01 10:00:00,LONG,19,15759.75,15738.75,-836.0,20.25,-1.09,初始止损,20.0
2022-12-02 09:30:00,2022-12-02 09:40:00,LONG,19,15562.25,15541.5,-826.5,20.0,-1.09,初始止损,10.0
2022-12-05 09:30:00,2022-12-05 10:00:00,LONG,19,15605.0,15584.5,-817.0,19.75,-1.09,初始止损,30.0
2022-12-06 09:30:00,2022-12-06 15:55:00,SHORT,19,15430.75,15223.0,7856.5,19.75,10.47,收盘平仓,385.0
2022-12-07 09:30:00,2022-12-07 09:40:00,LONG,20,15215.0,15194.25,-870.0,20.0,-1.09,初始止损,10.0
2022-12-08 09:30:00,2022-12-08 09:50:00,SHORT,21,15178.25,15198.0,-871.5,19.5,-1.06,初始止损,20.0
2022-12-09 09:40:00,2022-12-09 09:50:00,LONG,21,15300.5,15281.0,-861.0,19.0,-1.08,初始止损,10.0
2022-12-12 09:35:00,2022-12-12 09:40:00,SHORT,21,15208.5,15227.75,-850.5,18.75,-1.08,初始止损,5.0
2022-12-13 09:30:00,2022-12-13 09:40:00,SHORT,22,15763.0,15781.25,-847.0,18.25,-1.05,初始止损,10.0
2022-12-14 09:30:00,2022-12-14 09:45:00,LONG,20,15533.75,15513.75,-840.0,19.5,-1.08,初始止损,15.0
2022-12-15 09:30:00,2022-12-15 15:55:00,SHORT,19,15187.75,15006.75,6840.0,20.0,9.0,收盘平仓,385.0
2022-12-16 09:30:00,2022-12-16 09:35:00,LONG,20,14984.0,14963.0,-880.0,21.0,-1.05,初始止损,5.0
2022-12-19 09:30:00,2022-12-19 09:35:00,SHORT,20,14842.25,14863.25,-880.0,20.75,-1.06,初始止损,5.0
2022-12-20 09:35:00,2022-12-20 09:40:00,LONG,20,14687.0,14666.25,-870.0,20.5,-1.06,初始止损,5.0
2022-12-21 09:30:00,2022-12-21 09:35:00,SHORT,20,14733.25,14753.75,-860.0,20.0,-1.07,初始止损,5.0
2022-12-22 09:30:00,2022-12-22 15:55:00,SHORT,20,14688.75,14601.0,3470.0,19.75,4.39,收盘平仓,385.0
2022-12-23 09:30:00,2022-12-23 09:40:00,SHORT,20,14534.75,14555.75,-880.0,20.75,-1.06,初始止损,10.0
2022-12-27 09:30:00,2022-12-27 15:55:00,SHORT,20,14565.0,14465.0,3960.0,20.25,4.89,收盘平仓,385.0
2022-12-28 09:30:00,2022-12-28 09:50:00,LONG,21,14522.25,14501.75,-903.0,19.75,-1.09,初始止损,20.0
2022-12-29 09:35:00,2022-12-29 15:55:00,LONG,21,14468.5,14578.25,4567.5,19.75,5.51,收盘平仓,380.0
2022-12-30 09:30:00,2022-12-30 09:40:00,LONG,22,14484.75,14464.5,-935.0,19.75,-1.08,初始止损,10.0
2023-01-03 09:35:00,2023-01-03 09:40:00,LONG,22,14696.25,14676.25,-924.0,19.5,-1.08,初始止损,5.0
2023-01-04 09:30:00,2023-01-04 09:35:00,SHORT,22,14528.0,14548.0,-924.0,19.75,-1.06,初始止损,5.0
2023-01-05 09:30:00,2023-01-05 10:00:00,SHORT,22,14417.5,14437.25,-913.0,19.5,-1.06,初始止损,30.0
2023-01-06 09:35:00,2023-01-06 09:55:00,SHORT,22,14372.25,14392.0,-913.0,19.0,-1.09,初始止损,20.0
2023-01-09 09:30:00,2023-01-09 09:35:00,LONG,21,14766.25,14745.75,-903.0,20.0,-1.07,初始止损,5.0
2023-01-10 09:30:00,2023-01-10 09:35:00,LONG,21,14786.0,14765.75,-892.5,20.0,-1.06,初始止损,5.0
2023-01-11 09:35:00,2023-01-11 09:50:00,LONG,21,14887.5,14867.5,-882.0,19.5,-1.08,初始止损,15.0
2023-01-12 09:40:00,2023-01-12 10:00:00,SHORT,22,14903.25,14922.25,-880.0,19.0,-1.05,初始止损,20.0
2023-01-13 09:30:00,2023-01-13 09:35:00,LONG,21,14997.0,14977.25,-871.5,19.0,-1.09,初始止损,5.0
2023-01-16 09:30:00,2023-01-16 11:30:00,LONG,22,15142.5,15123.75,-869.0,18.75,-1.05,初始止损,120.0
2023-01-17 09:50:00,2023-01-17 09:55:00,LONG,23,15165.75,15148.0,-862.5,17.75,-1.06,初始止损,5.0
2023-01-18 09:55:00,2023-01-18 10:15:00,LONG,23,15265.5,15247.75,-862.5,17.25,-1.09,初始止损,20.0
2023-01-19 09:30:00,2023-01-19 09:35:00,LONG,23,14976.75,14959.25,-851.0,17.5,-1.06,初始止损,5.0
2023-01-20 09:30:00,2023-01-20 09:35:00,SHORT,23,14941.25,14958.75,-851.0,17.25,-1.07,初始止损,5.0
2023-01-23 09:35:00,2023-01-23 15:55:00,LONG,22,15268.75,15477.75,9152.0,17.75,11.72,收盘平仓,380.0
2023-01-24 09:30:00,2023-01-24 09:35:00,LONG,23,15417.25,15398.5,-908.5,18.25,-1.08,初始止损,5.0
2023-01-25 09:30:00,2023-01-25 09:35:00,SHORT,24,15233.75,15251.5,-900.0,17.5,-1.07,初始止损,5.0
2023-01-26 09:30:00,2023-01-26 09:40:00,LONG,23,15582.25,15563.75,-897.0,17.75,-1.1,初始止损,10.0
2023-01-27 09:30:00,2023-01-27 15:55:00,LONG,23,15628.75,15769.5,6428.5,17.75,7.87,收盘平仓,385.0
2023-01-30 09:30:00,2023-01-30 09:35:00,SHORT,24,15618.0,15636.5,-936.0,18.0,-1.08,初始止损,5.0
2023-01-31 09:30:00,2023-01-31 09:35:00,LONG,24,15570.75,15552.5,-924.0,18.0,-1.07,初始止损,5.0
2023-02-01 09:30:00,2023-02-01 09:35:00,SHORT,24,15658.25,15676.5,-924.0,17.75,-1.08,初始止损,5.0
2023-02-02 09:30:00,2023-02-02 09:35:00,LONG,22,16258.75,16239.0,-913.0,19.0,-1.09,初始止损,5.0
2023-02-03 09:30:00,2023-02-03 09:35:00,LONG,20,16171.0,16149.5,-900.0,20.5,-1.1,初始止损,5.0
2023-02-06 09:30:00,2023-02-06 09:35:00,LONG,20,16102.75,16081.5,-890.0,20.75,-1.07,初始止损,5.0
2023-02-07 09:35:00,2023-02-07 09:55:00,LONG,21,16069.0,16048.75,-892.5,20.0,-1.06,初始止损,20.0
2023-02-08 09:40:00,2023-02-08 09:45:00,LONG,20,16288.75,16267.75,-880.0,20.5,-1.07,初始止损,5.0
2023-02-09 09:30:00,2023-02-09 15:55:00,SHORT,20,16239.5,15973.5,10600.0,20.5,12.93,收盘平仓,385.0
2023-02-10 09:30:00,2023-02-10 09:35:00,LONG,21,15917.0,15895.25,-955.5,21.0,-1.08,初始止损,5.0
2023-02-13 09:30:00,2023-02-13 09:35:00,SHORT,22,15918.0,15938.5,-946.0,20.5,-1.05,初始止损,5.0
2023-02-14 09:30:00,2023-02-14 09:35:00,SHORT,22,15992.5,16013.0,-946.0,20.25,-1.06,初始止损,5.0
2023-02-15 09:40:00,2023-02-15 09:50:00,LONG,21,16142.25,16121.0,-934.5,20.25,-1.1,初始止损,10.0
2023-02-16 09:45:00,2023-02-16 10:00:00,LONG,22,16106.5,16086.5,-924.0,20.0,-1.05,初始止损,15.0
2023-02-17 09:35:00,2023-02-17 10:15:00,SHORT,21,15908.0,15929.0,-924.0,20.0,-1.1,初始止损,40.0
2023-02-20 09:35:00,2023-02-20 12:55:00,SHORT,22,15931.5,15913.0,770.0,19.5,0.9,收盘平仓,200.0
2023-02-21 09:35:00,2023-02-21 09:45:00,LONG,23,15813.5,15794.5,-920.0,18.5,-1.08,初始止损,10.0
2023-02-22 09:30:00,2023-02-22 10:00:00,LONG,23,15683.5,15664.5,-920.0,18.5,-1.08,初始止损,30.0
2023-02-23 09:35:00,2023-02-23 09:45:00,SHORT,23,15759.0,15777.75,-908.5,18.0,-1.1,初始止损,10.0
2023-02-24 09:30:00,2023-02-24 09:40:00,LONG,23,15562.25,15543.5,-908.5,18.0,-1.1,初始止损,10.0
2023-02-27 09:35:00,2023-02-27 09:40:00,SHORT,23,15663.0,15681.5,-897.0,18.25,-1.07,初始止损,5.0
2023-02-28 09:30:00,2023-02-28 09:35:00,SHORT,23,15598.0,15616.25,-885.5,18.0,-1.07,初始止损,5.0
2023-03-01 09:30:00,2023-03-01 09:40:00,SHORT,23,15569.5,15587.75,-885.5,17.5,-1.1,初始止损,10.0
2023-03-02 09:30:00,2023-03-02 09:35:00,LONG,24,15425.75,15408.5,-876.0,17.0,-1.07,初始止损,5.0
2023-03-03 09:30:00,2023-03-03 09:35:00,SHORT,24,15669.75,15687.0,-876.0,17.0,-1.07,初始止损,5.0
2023-03-06 09:30:00,2023-03-06 09:35:00,LONG,23,15923.5,15905.75,-862.5,17.25,-1.09,初始止损,5.0
2023-03-07 09:35:00,2023-03-07 09:55:00,LONG,23,15894.5,15876.75,-862.5,17.0,-1.1,初始止损,20.0
2023-03-08 09:40:00,2023-03-08 09:55:00,SHORT,23,15704.0,15721.5,-851.0,17.0,-1.09,初始止损,15.0
2023-03-09 09:35:00,2023-03-09 09:40:00,LONG,24,15833.75,15817.0,-852.0,16.5,-1.08,初始止损,5.0
2023-03-10 09:30:00,2023-03-10 10:05:00,SHORT,23,15508.5,15525.75,-839.5,17.25,-1.06,初始止损,35.0
2023-03-13 09:40:00,2023-03-13 09:45:00,SHORT,22,15257.75,15275.75,-836.0,17.5,-1.09,初始止损,5.0
2023-03-14 09:35:00,2023-03-14 09:50:00,LONG,21,15673.75,15655.0,-829.5,18.5,-1.07,初始止损,15.0
2023-03-15 09:30:00,2023-03-15 09:35:00,LONG,20,15672.75,15653.25,-820.0,18.75,-1.09,初始止损,5.0
2023-03-16 09:55:00,2023-03-16 10:05:00,LONG,20,15835.0,15815.75,-810.0,18.75,-1.08,初始止损,10.0
2023-03-17 09:35:00,2023-03-17 09:40:00,LONG,19,16170.5,16150.25,-807.5,19.75,-1.08,初始止损,5.0
2023-03-20 09:30:00,2023-03-20 09:35:00,SHORT,19,15997.5,16017.5,-798.0,19.5,-1.08,初始止损,5.0
2023-03-21 09:30:00,2023-03-21 09:35:00,LONG,19,16224.75,16204.75,-798.0,19.25,-1.09,初始止损,5.0
2023-03-22 09:35:00,2023-03-22 09:40:00,LONG,19,16296.5,16276.75,-788.5,19.0,-1.09,初始止损,5.0
2023-03-23 09:30:00,2023-03-23 09:40:00,LONG,19,16287.0,16267.5,-779.0,19.5,-1.05,初始止损,10.0
2023-03-24 09:40:00,2023-03-24 09:50:00,SHORT,18,16191.5,16212.0,-774.0,20.0,-1.07,初始止损,10.0
2023-03-27 09:30:00,2023-03-27 09:40:00,SHORT,18,16330.5,16350.75,-765.0,19.5,-1.09,初始止损,10.0
2023-03-28 09:30:00,2023-03-28 15:55:00,SHORT,18,16156.0,16150.25,171.0,19.25,0.25,收盘平仓,385.0
2023-03-29 09:30:00,2023-03-29 10:25:00,LONG,19,16322.25,16303.0,-769.5,18.75,-1.08,初始止损,55.0
2023-03-30 09:55:00,2023-03-30 10:05:00,LONG,19,16497.0,16478.0,-760.0,18.75,-1.07,初始止损,10.0
2023-03-31 09:30:00,2023-03-31 15:55:00,LONG,19,16540.75,16719.25,6745.0,18.25,9.73,收盘平仓,385.0
2023-04-03 09:30:00,2023-04-03 09:55:00,LONG,21,16655.25,16637.0,-808.5,18.0,-1.07,初始止损,25.0
2023-04-04 09:30:00,2023-04-04 10:00:00,SHORT,21,16695.5,16713.5,-798.0,17.5,-1.09,初始止损,30.0
2023-04-05 09:30:00,2023-04-05 15:55:00,SHORT,21,16580.0,16497.25,3433.5,17.25,4.74,收盘平仓,385.0
2023-04-06 09:30:00,2023-04-06 09:55:00,SHORT,22,16386.25,16404.0,-825.0,17.0,-1.1,初始止损,25.0
2023-04-10 09:30:00,2023-04-10 11:00:00,SHORT,22,16445.0,16462.5,-814.0,17.25,-1.07,初始止损,90.0
2023-04-11 09:40:00,2023-04-11 14:30:00,SHORT,22,16530.0,16547.5,-814.0,17.0,-1.09,初始止损,290.0
2023-04-12 09:35:00,2023-04-12 15:55:00,SHORT,23,16552.5,16376.25,8061.5,16.5,10.62,收盘平仓,380.0
2023-04-13 09:30:00,2023-04-13 15:55:00,LONG,24,16475.0,16627.5,7272.0,16.5,9.18,收盘平仓,385.0
2023-04-14 09:30:00,2023-04-14 10:25:00,LONG,25,16571.25,16554.0,-912.5,16.75,-1.09,初始止损,55.0
2023-04-17 09:35:00,2023-04-17 09:40:00,LONG,25,16611.0,16593.75,-912.5,16.75,-1.09,初始止损,5.0
2023-04-18 09:30:00,2023-04-18 09:40:00,SHORT,26,16683.75,16700.25,-910.0,16.25,-1.08,初始止损,10.0
2023-04-19 09:30:00,2023-04-19 09:50:00,LONG,26,16535.0,16518.75,-897.0,15.75,-1.1,初始止损,20.0
2023-04-20 09:30:00,2023-04-20 14:35:00,LONG,27,16504.0,16504.0,-54.0,15.5,-0.06,保本止损,305.0
2023-04-21 09:45:00,2023-04-21 10:20:00,SHORT,27,16467.75,16483.25,-891.0,15.25,-1.08,初始止损,35.0
2023-04-24 09:35:00,2023-04-24 10:00:00,LONG,27,16526.0,16510.5,-891.0,15.0,-1.1,初始止损,25.0
2023-04-25 09:40:00,2023-04-25 09:45:00,LONG,28,16430.25,16415.5,-882.0,14.75,-1.07,初始止损,5.0
2023-04-26 09:30:00,2023-04-26 09:35:00,SHORT,27,16331.5,16346.75,-877.5,15.25,-1.07,初始止损,5.0
2023-04-27 09:50:00,2023-04-27 09:55:00,LONG,26,16468.75,16453.0,-871.0,15.25,-1.1,初始止损,5.0
2023-04-28 09:30:00,2023-04-28 09:50:00,SHORT,25,16622.5,16638.75,-862.5,16.0,-1.08,初始止损,20.0
2023-05-01 09:45:00,2023-05-01 10:00:00,LONG,25,16733.25,16717.25,-850.0,15.75,-1.08,初始止损,15.0
2023-05-02 09:30:00,2023-05-02 09:35:00,LONG,26,16724.5,16709.0,-858.0,15.25,-1.08,初始止损,5.0
2023-05-03 09:40:00,2023-05-03 10:10:00,LONG,26,16635.25,16620.0,-845.0,15.25,-1.07,初始止损,30.0
2023-05-04 09:30:00,2023-05-04 11:05:00,SHORT,25,16489.25,16505.0,-837.5,15.25,-1.1,初始止损,95.0
2023-05-05 09:30:00,2023-05-05 15:55:00,LONG,26,16572.0,16741.75,8775.0,14.75,11.44,收盘平仓,385.0
2023-05-08 09:35:00,2023-05-08 11:10:00,SHORT,27,16706.75,16722.25,-891.0,15.5,-1.06,初始止损,95.0
2023-05-09 09:30:00,2023-05-09 11:10:00,LONG,27,16700.75,16685.25,-891.0,15.0,-1.1,初始止损,100.0
2023-05-10 09:40:00,2023-05-10 09:55:00,SHORT,28,16773.75,16788.5,-882.0,14.5,-1.09,初始止损,15.0
2023-05-11 09:30:00,2023-05-11 09:35:00,SHORT,28,16799.75,16814.5,-882.0,14.5,-1.09,初始止损,5.0
2023-05-12 09:30:00,2023-05-12 09:35:00,LONG,29,16897.75,16883.75,-870.0,14.0,-1.07,初始止损,5.0
2023-05-15 09:30:00,2023-05-15 09:45:00,SHORT,29,16824.5,16838.5,-870.0,14.0,-1.07,初始止损,15.0
2023-05-16 09:30:00,2023-05-16 10:10:00,LONG,29,16885.25,16871.25,-870.0,13.5,-1.11,初始止损,40.0
2023-05-17 09:45:00,2023-05-17 10:25:00,SHORT,30,16923.25,16936.5,-855.0,13.25,-1.08,初始止损,40.0
2023-05-18 09:30:00,2023-05-18 15:55:00,LONG,29,17093.0,17307.5,12383.0,13.25,16.11,收盘平仓,385.0
2023-05-19 09:45:00,2023-05-19 10:15:00,SHORT,32,17305.25,17319.0,-944.0,13.75,-1.07,初始止损,30.0
2023-05-22 09:30:00,2023-05-22 10:05:00,LONG,32,17305.5,17291.75,-944.0,13.5,-1.09,初始止损,35.0
2023-05-23 09:30:00,2023-05-23 09:35:00,LONG,33,17271.5,17258.25,-940.5,13.0,-1.1,初始止损,5.0
2023-05-24 09:30:00,2023-05-24 09:45:00,LONG,33,17078.0,17065.0,-924.0,13.0,-1.08,初始止损,15.0
2023-05-25 09:30:00,2023-05-25 10:05:00,SHORT,32,17313.75,17327.0,-912.0,13.0,-1.1,初始止损,35.0
2023-05-26 09:35:00,2023-05-26 15:55:00,LONG,30,17483.5,17750.75,15975.0,14.0,19.02,收盘平仓,380.0
2023-05-29 09:30:00,2023-05-29 10:30:00,SHORT,31,17787.75,17803.25,-1023.0,15.25,-1.08,初始止损,60.0
2023-05-30 09:35:00,2023-05-30 09:40:00,LONG,32,17958.5,17943.5,-1024.0,14.5,-1.1,初始止损,5.0
2023-05-31 09:30:00,2023-05-31 09:35:00,LONG,32,17770.5,17755.75,-1008.0,14.75,-1.07,初始止损,5.0
2023-06-01 09:30:00,2023-06-01 09:40:00,SHORT,32,17693.0,17707.75,-1008.0,14.5,-1.09,初始止损,10.0
2023-06-02 09:30:00,2023-06-02 09:35:00,LONG,31,18036.5,18021.5,-992.0,15.0,-1.07,初始止损,5.0
2023-06-05 09:30:00,2023-06-05 09:50:00,LONG,31,18024.0,18009.0,-992.0,14.75,-1.08,初始止损,20.0
2023-06-06 09:30:00,2023-06-06 09:40:00,SHORT,31,17936.75,17951.5,-976.5,14.5,-1.09,初始止损,10.0
2023-06-07 09:30:00,2023-06-07 09:35:00,LONG,32,18086.75,18072.5,-976.0,14.0,-1.09,初始止损,5.0
2023-06-08 09:40:00,2023-06-08 09:45:00,LONG,30,17800.25,17785.25,-960.0,15.0,-1.07,初始止损,5.0
2023-06-09 09:30:00,2023-06-09 10:50:00,LONG,29,18005.25,17989.75,-957.0,15.0,-1.1,初始止损,80.0
2023-06-12 09:50:00,2023-06-12 10:00:00,SHORT,29,18031.5,18046.75,-942.5,15.0,-1.08,初始止损,10.0
2023-06-13 09:40:00,2023-06-13 11:10:00,SHORT,28,18328.5,18328.5,-56.0,15.25,-0.07,保本止损,90.0
2023-06-14 09:30:00,2023-06-14 09:40:00,SHORT,29,18318.5,18333.75,-942.5,15.0,-1.08,初始止损,10.0
2023-06-15 09:35:00,2023-06-15 15:55:00,LONG,28,18393.0,18619.0,12600.0,15.25,14.75,收盘平仓,380.0
2023-06-16 09:35:00,2023-06-16 10:25:00,SHORT,30,18628.75,18644.75,-1020.0,16.0,-1.06,初始止损,50.0
2023-06-19 09:30:00,2023-06-19 12:55:00,SHORT,29,18487.0,18480.75,304.5,16.0,0.33,收盘平仓,205.0
2023-06-20 09:30:00,2023-06-20 09:50:00,LONG,32,18510.75,18495.75,-1024.0,15.0,-1.07,初始止损,20.0
2023-06-21 09:45:00,2023-06-21 15:55:00,SHORT,31,18398.25,18286.75,6851.0,15.0,7.37,收盘平仓,370.0
2023-06-22 09:30:00,2023-06-22 15:55:00,LONG,32,18249.5,18455.0,13088.0,15.25,13.41,收盘平仓,385.0
2023-06-23 09:30:00,2023-06-23 09:35:00,LONG,35,18324.25,18308.75,-1155.0,15.5,-1.06,初始止损,5.0
2023-06-26 09:35:00,2023-06-26 10:35:00,LONG,34,18317.25,18301.25,-1156.0,15.75,-1.08,初始止损,60.0
2023-06-27 09:30:00,2023-06-27 09:40:00,LONG,33,18177.75,18161.5,-1138.5,16.25,-1.06,初始止损,10.0
2023-06-28 09:30:00,2023-06-28 09:45:00,LONG,32,18306.5,18289.75,-1136.0,16.5,-1.08,初始止损,15.0
2023-06-29 09:40:00,2023-06-29 09:45:00,SHORT,32,18329.0,18345.5,-1120.0,16.25,-1.08,初始止损,5.0
2023-06-30 09:35:00,2023-06-30 15:55:00,LONG,33,18510.5,18572.5,4026.0,15.75,3.87,收盘平仓,380.0
2023-07-03 09:30:00,2023-07-03 09:35:00,LONG,33,18602.75,18586.25,-1155.0,16.25,-1.08,初始止损,5.0
2023-07-04 09:30:00,2023-07-04 10:25:00,LONG,34,18606.5,18590.75,-1139.0,15.5,-1.08,初始止损,55.0
2023-07-05 09:30:00,2023-07-05 15:55:00,LONG,36,18573.5,18601.25,1926.0,14.5,1.84,收盘平仓,385.0
2023-07-06 09:30:00,2023-07-06 09:35:00,SHORT,37,18400.75,18415.25,-1147.0,14.25,-1.09,初始止损,5.0
2023-07-07 09:50:00,2023-07-07 10:15:00,LONG,36,18503.5,18488.75,-1134.0,14.5,-1.09,初始止损,25.0
2023-07-10 09:30:00,2023-07-10 09:40:00,LONG,36,18426.0,18411.25,-1134.0,14.5,-1.09,初始止损,10.0
2023-07-11 09:40:00,2023-07-11 10:30:00,SHORT,37,18408.25,18422.5,-1128.5,14.25,-1.07,初始止损,50.0
2023-07-12 09:45:00,2023-07-12 09:50:00,LONG,36,18692.25,18677.75,-1116.0,14.25,-1.09,初始止损,5.0
2023-07-13 09:30:00,2023-07-13 10:20:00,LONG,35,18831.0,18816.25,-1102.5,14.5,-1.09,初始止损,50.0
2023-07-14 09:30:00,2023-07-14 13:00:00,LONG,34,18999.25,18984.0,-1105.0,15.0,-1.08,初始止损,210.0
2023-07-17 09:30:00,2023-07-17 09:45:00,LONG,34,18992.5,18977.5,-1088.0,15.0,-1.07,初始止损,15.0
2023-07-18 09:30:00,2023-07-18 10:15:00,SHORT,34,19015.75,19030.75,-1088.0,14.75,-1.08,初始止损,45.0
2023-07-19 09:30:00,2023-07-19 09:35:00,SHORT,32,19227.75,19243.5,-1072.0,15.5,-1.08,初始止损,5.0
2023-07-20 09:30:00,2023-07-20 10:00:00,LONG,33,19110.75,19095.5,-1072.5,15.0,-1.08,初始止损,30.0
2023-07-21 09:35:00,2023-07-21 09:40:00,SHORT,30,18900.75,18917.25,-1050.0,16.25,-1.08,初始止损,5.0
2023-07-24 09:30:00,2023-07-24 09:35:00,LONG,30,18848.0,18831.5,-1050.0,16.0,-1.09,初始止损,5.0
2023-07-25 09:30:00,2023-07-25 10:50:00,LONG,31,18863.0,18847.25,-1038.5,15.75,-1.06,初始止损,80.0
2023-07-26 09:30:00,2023-07-26 09:40:00,SHORT,31,18821.25,18837.0,-1038.5,15.5,-1.08,初始止损,10.0
2023-07-27 09:30:00,2023-07-27 10:05:00,LONG,31,19095.5,19080.0,-1023.0,15.25,-1.08,初始止损,35.0
2023-07-28 09:35:00,2023-07-28 15:55:00,LONG,29,19005.25,19091.25,4930.0,16.25,5.23,收盘平仓,380.0
2023-07-31 09:30:00,2023-07-31 09:35:00,SHORT,29,19092.0,19109.0,-1044.0,17.0,-1.06,初始止损,5.0
2023-08-01 10:00:00,2023-08-01 10:10:00,LONG,30,19043.75,19027.25,-1050.0,16.25,-1.08,初始止损,10.0
2023-08-02 09:30:00,2023-08-02 15:55:00,SHORT,31,18867.0,18709.75,9687.5,15.75,9.92,收盘平仓,385.0
2023-08-03 09:35:00,2023-08-03 09:45:00,LONG,31,18643.75,18627.0,-1100.5,16.75,-1.06,初始止损,10.0
2023-08-04 09:30:00,2023-08-04 09:40:00,LONG,31,18796.25,18779.5,-1100.5,16.5,-1.08,初始止损,10.0
2023-08-07 09:30:00,2023-08-07 09:35:00,SHORT,30,18664.25,18681.5,-1095.0,16.75,-1.09,初始止损,5.0
2023-08-08 09:40:00,2023-08-08 15:40:00,SHORT,30,18572.0,18589.0,-1080.0,16.5,-1.09,初始止损,360.0
2023-08-09 09:30:00,2023-08-09 15:55:00,SHORT,30,18595.75,18421.75,10380.0,16.75,10.33,收盘平仓,385.0
2023-08-10 09:45:00,2023-08-10 10:40:00,LONG,32,18618.75,18601.75,-1152.0,16.75,-1.07,初始止损,55.0
2023-08-11 09:40:00,2023-08-11 09:45:00,SHORT,31,18311.5,18329.0,-1147.0,17.25,-1.07,初始止损,5.0
2023-08-14 09:40:00,2023-08-14 09:45:00,LONG,31,18339.75,18322.5,-1131.5,16.75,-1.09,初始止损,5.0
2023-08-15 09:35:00,2023-08-15 09:40:00,LONG,31,18499.25,18482.0,-1131.5,17.0,-1.07,初始止损,5.0
2023-08-16 09:30:00,2023-08-16 09:35:00,SHORT,31,18301.25,18318.25,-1116.0,16.75,-1.07,初始止损,5.0
2023-08-17 09:30:00,2023-08-17 15:55:00,SHORT,31,18211.25,18013.75,12183.0,16.75,11.73,收盘平仓,385.0
2023-08-18 09:35:00,2023-08-18 09:40:00,LONG,33,17911.25,17894.0,-1204.5,16.75,-1.09,初始止损,5.0
2023-08-21 09:30:00,2023-08-21 10:25:00,LONG,33,18087.75,18070.75,-1188.0,16.75,-1.07,初始止损,55.0
2023-08-22 09:30:00,2023-08-22 15:55:00,SHORT,32,18320.25,18201.75,7520.0,17.0,6.91,收盘平仓,385.0
2023-08-23 09:30:00,2023-08-23 09:35:00,LONG,35,18263.5,18246.75,-1242.5,16.5,-1.08,初始止损,5.0
2023-08-24 09:30:00,2023-08-24 15:55:00,SHORT,34,18498.0,18100.75,26945.0,16.75,23.66,收盘平仓,385.0
2023-08-25 09:30:00,2023-08-25 10:05:00,LONG,36,18163.5,18144.75,-1422.0,18.25,-1.08,初始止损,35.0
2023-08-28 09:35:00,2023-08-28 10:20:00,SHORT,36,18310.25,18328.75,-1404.0,18.5,-1.05,初始止损,45.0
2023-08-29 09:30:00,2023-08-29 09:35:00,LONG,36,18352.25,18333.75,-1404.0,18.0,-1.08,初始止损,5.0
2023-08-30 09:30:00,2023-08-30 09:35:00,LONG,35,18680.25,18661.5,-1382.5,18.75,-1.05,初始止损,5.0
2023-08-31 09:30:00,2023-08-31 12:45:00,LONG,35,18757.0,18738.25,-1382.5,18.25,-1.08,初始止损,195.0
2023-09-01 09:35:00,2023-09-01 10:05:00,SHORT,37,18796.75,18814.25,-1369.0,17.5,-1.06,初始止损,30.0
2023-09-04 09:30:00,2023-09-04 10:30:00,LONG,37,18805.5,18788.0,-1369.0,17.25,-1.07,初始止损,60.0
2023-09-05 10:20:00,2023-09-05 10:25:00,LONG,38,18752.0,18735.25,-1349.0,16.5,-1.08,初始止损,5.0
2023-09-06 09:30:00,2023-09-06 09:40:00,SHORT,39,18713.75,18730.0,-1345.5,16.0,-1.08,初始止损,10.0
2023-09-07 09:40:00,2023-09-07 09:45:00,LONG,39,18468.75,18452.5,-1345.5,16.0,-1.08,初始止损,5.0
2023-09-08 09:30:00,2023-09-08 09:55:00,LONG,38,18580.75,18564.25,-1330.0,16.25,-1.08,初始止损,25.0
2023-09-11 09:35:00,2023-09-11 13:05:00,SHORT,39,18628.25,18644.25,-1326.0,15.75,-1.08,初始止损,210.0
2023-09-12 09:35:00,2023-09-12 10:25:00,LONG,39,18662.25,18646.5,-1306.5,15.75,-1.06,初始止损,50.0
2023-09-13 09:30:00,2023-09-13 10:00:00,LONG,38,18561.25,18545.25,-1292.0,15.75,-1.08,初始止损,30.0
2023-09-14 09:30:00,2023-09-14 09:35:00,SHORT,39,18637.25,18652.75,-1287.0,15.5,-1.06,初始止损,5.0
2023-09-15 09:30:00,2023-09-15 15:55:00,SHORT,39,18628.0,18432.0,15210.0,15.25,12.79,收盘平仓,385.0
2023-09-18 09:30:00,2023-09-18 09:40:00,LONG,41,18447.75,18431.75,-1394.0,16.0,-1.06,初始止损,10.0
2023-09-19 09:50:00,2023-09-19 13:30:00,SHORT,42,18365.5,18381.0,-1386.0,15.5,-1.06,初始止损,220.0
2023-09-20 09:30:00,2023-09-20 09:35:00,SHORT,42,18431.0,18446.5,-1386.0,15.25,-1.08,初始止损,5.0
2023-09-21 09:30:00,2023-09-21 09:45:00,LONG,41,18037.5,18021.75,-1373.5,15.5,-1.08,初始止损,15.0
2023-09-22 09:30:00,2023-09-22 09:45:00,SHORT,39,17960.5,17976.75,-1345.5,16.0,-1.08,初始止损,15.0
2023-09-25 09:35:00,2023-09-25 10:25:00,LONG,40,17882.5,17866.75,-1340.0,15.75,-1.06,初始止损,50.0
2023-09-26 09:45:00,2023-09-26 15:55:00,SHORT,40,17840.75,17750.0,7180.0,15.5,5.79,收盘平仓,370.0
2023-09-27 09:40:00,2023-09-27 09:45:00,LONG,40,17832.75,17816.5,-1380.0,16.0,-1.08,初始止损,5.0
2023-09-28 09:40:00,2023-09-28 09:45:00,SHORT,40,17709.25,17725.5,-1380.0,16.0,-1.08,初始止损,5.0
2023-09-29 09:45:00,2023-09-29 10:20:00,LONG,38,18058.75,18041.75,-1368.0,16.5,-1.09,初始止损,35.0
2023-10-02 09:30:00,2023-10-02 12:00:00,LONG,38,17949.75,17949.75,-76.0,16.5,-0.06,保本止损,150.0
2023-10-03 09:30:00,2023-10-03 09:35:00,LONG,38,17948.25,17931.5,-1349.0,16.5,-1.08,初始止损,5.0
2023-10-04 09:30:00,2023-10-04 10:00:00,LONG,37,17837.5,17820.5,-1332.0,17.0,-1.06,初始止损,30.0
2023-10-05 09:40:00,2023-10-05 14:00:00,SHORT,36,17913.0,17913.0,-72.0,17.25,-0.06,保本止损,260.0
2023-10-06 10:10:00,2023-10-06 10:20:00,LONG,36,17820.25,17802.75,-1332.0,17.0,-1.09,初始止损,10.0
2023-10-09 09:30:00,2023-10-09 09:40:00,SHORT,34,18018.75,18037.0,-1309.0,18.25,-1.05,初始止损,10.0
2023-10-10 09:40:00,2023-10-10 15:55:00,LONG,33,18247.75,18311.5,4141.5,18.5,3.39,收盘平仓,375.0
2023-10-11 09:30:00,2023-10-11 09:40:00,LONG,34,18409.75,18391.0,-1343.0,18.25,-1.08,初始止损,10.0
2023-10-12 09:45:00,2023-10-12 09:50:00,SHORT,35,18411.5,18429.5,-1330.0,17.5,-1.09,初始止损,5.0
2023-10-13 10:00:00,2023-10-13 15:55:00,SHORT,35,18352.25,18162.75,13195.0,17.75,10.62,收盘平仓,355.0
2023-10-16 09:30:00,2023-10-16 09:40:00,LONG,37,18273.5,18255.5,-1406.0,18.0,-1.06,初始止损,10.0
2023-10-17 09:30:00,2023-10-17 10:05:00,SHORT,36,18167.75,18186.25,-1404.0,18.0,-1.08,初始止损,35.0
2023-10-18 09:30:00,2023-10-18 09:35:00,LONG,36,18231.75,18213.5,-1386.0,18.0,-1.07,初始止损,5.0
2023-10-19 09:30:00,2023-10-19 10:10:00,SHORT,35,18119.0,18137.75,-1382.5,18.25,-1.08,初始止损,40.0
2023-10-20 09:30:00,2023-10-20 09:35:00,SHORT,35,17862.25,17880.75,-1365.0,18.5,-1.05,初始止损,5.0
2023-10-23 09:30:00,2023-10-23 09:45:00,SHORT,35,17622.5,17641.0,-1365.0,18.25,-1.07,初始止损,15.0
2023-10-24 09:30:00,2023-10-24 09:35:00,LONG,34,17853.25,17834.5,-1343.0,18.75,-1.05,初始止损,5.0
2023-10-25 09:30:00,2023-10-25 15:55:00,SHORT,34,17713.5,17517.5,13260.0,18.5,10.54,收盘平仓,385.0
2023-10-26 09:35:00,2023-10-26 09:40:00,SHORT,35,17412.25,17431.75,-1435.0,19.25,-1.06,初始止损,5.0
2023-10-27 09:40:00,2023-10-27 09:45:00,LONG,34,17383.75,17363.75,-1428.0,19.75,-1.06,初始止损,5.0
2023-10-30 09:30:00,2023-10-30 10:15:00,LONG,34,17437.5,17417.75,-1411.0,19.25,-1.08,初始止损,45.0
2023-10-31 09:30:00,2023-10-31 10:10:00,SHORT,35,17420.0,17439.0,-1400.0,19.0,-1.05,初始止损,40.0
2023-11-01 09:30:00,2023-11-01 15:55:00,LONG,35,17580.5,17784.0,14175.0,18.75,10.8,收盘平仓,385.0
2023-11-02 09:30:00,2023-11-02 09:35:00,SHORT,37,17953.25,17972.5,-1498.5,19.0,-1.07,初始止损,5.0
2023-11-03 09:30:00,2023-11-03 15:55:00,LONG,37,18098.0,18215.75,8639.5,19.0,6.14,收盘平仓,385.0
2023-11-06 09:35:00,2023-11-06 09:40:00,LONG,39,18287.75,18268.75,-1560.0,18.75,-1.07,初始止损,5.0
2023-11-07 09:30:00,2023-11-07 09:40:00,SHORT,40,18278.5,18296.75,-1540.0,18.25,-1.05,初始止损,10.0
2023-11-08 09:30:00,2023-11-08 09:35:00,LONG,40,18452.0,18433.75,-1540.0,17.75,-1.08,初始止损,5.0
2023-11-09 09:30:00,2023-11-09 09:50:00,SHORT,41,18427.0,18444.5,-1517.0,17.25,-1.07,初始止损,20.0
2023-11-10 09:35:00,2023-11-10 10:25:00,LONG,41,18385.75,18368.25,-1517.0,17.25,-1.07,初始止损,50.0
2023-11-13 09:30:00,2023-11-13 10:30:00,SHORT,40,18551.75,18569.5,-1500.0,17.75,-1.06,初始止损,60.0
2023-11-14 09:35:00,2023-11-14 15:55:00,LONG,40,18876.0,18920.0,3440.0,17.25,2.49,收盘平仓,380.0
2023-11-15 09:45:00,2023-11-15 10:25:00,SHORT,39,18982.25,19000.75,-1521.0,18.0,-1.08,初始止损,40.0
2023-11-16 09:50:00,2023-11-16 10:15:00,LONG,40,18925.5,18907.75,-1500.0,17.5,-1.07,初始止损,25.0
2023-11-17 09:35:00,2023-11-17 09:50:00,SHORT,42,18886.75,18903.5,-1491.0,16.75,-1.06,初始止损,15.0
2023-11-20 09:30:00,2023-11-20 10:20:00,LONG,43,19002.0,18985.75,-1483.5,16.25,-1.06,初始止损,50.0
2023-11-21 09:45:00,2023-11-21 15:55:00,SHORT,42,19035.25,19029.75,378.0,16.25,0.28,收盘平仓,370.0
2023-11-22 09:30:00,2023-11-22 09:50:00,LONG,43,19178.5,19162.25,-1483.5,16.0,-1.08,初始止损,20.0
2023-11-23 09:30:00,2023-11-23 10:55:00,SHORT,43,19099.75,19115.75,-1462.0,16.0,-1.06,初始止损,85.0
2023-11-24 09:35:00,2023-11-24 13:10:00,SHORT,45,19063.25,19052.25,900.0,15.0,0.67,收盘平仓,215.0
2023-11-27 09:55:00,2023-11-27 15:55:00,LONG,48,19049.25,19048.75,-144.0,14.25,-0.11,收盘平仓,360.0
2023-11-28 09:30:00,2023-11-28 09:35:00,LONG,49,19039.0,19025.0,-1470.0,14.0,-1.07,初始止损,5.0
2023-11-29 09:30:00,2023-11-29 10:00:00,LONG,50,19228.75,19215.0,-1475.0,13.5,-1.09,初始止损,30.0
2023-11-30 09:35:00,2023-11-30 15:55:00,SHORT,50,19033.0,19022.25,975.0,13.5,0.72,收盘平仓,380.0
2023-12-01 09:30:00,2023-12-01 09:35:00,SHORT,49,18934.0,18948.0,-1470.0,13.75,-1.09,初始止损,5.0
2023-12-04 09:40:00,2023-12-04 09:45:00,SHORT,49,18876.0,18889.75,-1445.5,13.75,-1.07,初始止损,5.0
2023-12-05 09:35:00,2023-12-05 15:55:00,LONG,47,18849.75,18953.25,9635.0,14.25,7.19,收盘平仓,380.0
2023-12-06 09:30:00,2023-12-06 15:55:00,SHORT,49,19007.25,18856.25,14700.0,14.25,10.53,收盘平仓,385.0
2023-12-07 09:30:00,2023-12-07 09:35:00,LONG,52,19004.75,18990.25,-1612.0,14.5,-1.07,初始止损,5.0
2023-12-08 09:40:00,2023-12-08 09:45:00,LONG,51,19064.0,19049.25,-1606.5,14.75,-1.07,初始止损,5.0
2023-12-11 09:30:00,2023-12-11 09:35:00,LONG,50,19155.5,19140.5,-1600.0,14.75,-1.08,初始止损,5.0
2023-12-12 09:30:00,2023-12-12 09:35:00,SHORT,51,19247.75,19262.25,-1581.0,14.5,-1.07,初始止损,5.0
2023-12-13 09:30:00,2023-12-13 09:40:00,LONG,50,19475.75,19461.0,-1575.0,14.5,-1.09,初始止损,10.0
2023-12-14 10:00:00,2023-12-14 10:10:00,SHORT,49,19647.75,19662.75,-1568.0,14.75,-1.08,初始止损,10.0
2023-12-15 09:35:00,2023-12-15 09:45:00,LONG,48,19656.25,19641.25,-1536.0,15.0,-1.07,初始止损,10.0
2023-12-18 09:30:00,2023-12-18 09:45:00,LONG,48,19697.25,19682.25,-1536.0,14.75,-1.08,初始止损,15.0
2023-12-19 09:30:00,2023-12-19 09:35:00,LONG,49,19807.0,19792.5,-1519.0,14.5,-1.07,初始止损,5.0
2023-12-20 09:30:00,2023-12-20 14:35:00,LONG,51,19823.5,19809.5,-1530.0,13.75,-1.09,初始止损,305.0
2023-12-21 09:50:00,2023-12-21 10:20:00,SHORT,48,19743.0,19757.75,-1512.0,14.5,-1.09,初始止损,30.0
2023-12-22 09:40:00,2023-12-22 09:45:00,LONG,48,19865.5,19851.0,-1488.0,14.5,-1.07,初始止损,5.0
2023-12-26 09:30:00,2023-12-26 15:55:00,LONG,48,19864.0,19917.0,4992.0,14.25,3.65,收盘平仓,385.0
2023-12-27 09:30:00,2023-12-27 09:45:00,LONG,50,19943.25,19929.0,-1525.0,14.0,-1.09,初始止损,15.0
2023-12-28 09:30:00,2023-12-28 10:45:00,SHORT,52,19961.25,19974.75,-1508.0,13.5,-1.07,初始止损,75.0
2023-12-29 09:40:00,2023-12-29 10:30:00,LONG,54,19929.5,19916.5,-1512.0,12.75,-1.1,初始止损,50.0
2024-01-02 09:30:00,2024-01-02 15:55:00,SHORT,54,19664.25,19553.5,11853.0,12.75,8.61,收盘平仓,385.0
2024-01-03 09:40:00,2024-01-03 09:45:00,LONG,52,19466.0,19451.75,-1586.0,14.0,-1.09,初始止损,5.0
2024-01-04 09:30:00,2024-01-04 09:40:00,LONG,51,19312.75,19298.5,-1555.5,14.25,-1.07,初始止损,10.0
2024-01-05 09:30:00,2024-01-05 09:35:00,LONG,51,19318.0,19303.75,-1555.5,14.0,-1.09,初始止损,5.0
2024-01-08 09:30:00,2024-01-08 15:55:00,LONG,52,19378.0,19633.75,26494.0,13.75,18.53,收盘平仓,385.0
2024-01-09 09:30:00,2024-01-09 09:35:00,LONG,55,19543.5,19528.75,-1732.5,14.75,-1.07,初始止损,5.0
2024-01-10 09:30:00,2024-01-10 09:50:00,LONG,54,19690.0,19675.0,-1728.0,14.75,-1.08,初始止损,20.0
2024-01-11 09:30:00,2024-01-11 09:40:00,LONG,54,19847.25,19832.5,-1701.0,14.75,-1.07,初始止损,10.0
2024-01-12 09:40:00,2024-01-12 09:50:00,LONG,52,19868.5,19853.25,-1690.0,15.25,-1.07,初始止损,10.0
2024-01-16 09:30:00,2024-01-16 09:35:00,LONG,56,19757.5,19743.5,-1680.0,14.0,-1.07,初始止损,5.0
2024-01-17 09:30:00,2024-01-17 09:35:00,SHORT,55,19593.5,19607.75,-1677.5,14.0,-1.09,初始止损,5.0
2024-01-18 09:30:00,2024-01-18 09:35:00,LONG,53,19864.75,19850.0,-1669.5,14.5,-1.09,初始止损,5.0
2024-01-19 09:45:00,2024-01-19 09:50:00,SHORT,52,20017.75,20032.5,-1638.0,14.75,-1.07,初始止损,5.0
2024-01-22 09:30:00,2024-01-22 09:35:00,LONG,49,20405.75,20390.25,-1617.0,15.5,-1.06,初始止损,5.0
2024-01-23 09:30:00,2024-01-23 09:35:00,SHORT,49,20253.25,20268.75,-1617.0,15.25,-1.08,初始止损,5.0
2024-01-24 09:35:00,2024-01-24 09:40:00,SHORT,51,20470.75,20485.5,-1606.5,14.75,-1.07,初始止损,5.0
2024-01-25 09:35:00,2024-01-25 10:10:00,SHORT,49,20524.25,20539.5,-1592.5,15.25,-1.07,初始止损,35.0
2024-01-26 09:50:00,2024-01-26 09:55:00,SHORT,48,20360.0,20375.5,-1584.0,15.25,-1.08,初始止损,5.0
2024-01-29 09:35:00,2024-01-29 09:45:00,LONG,49,20406.0,20391.0,-1568.0,14.75,-1.08,初始止损,10.0
2024-01-30 09:35:00,2024-01-30 09:45:00,LONG,49,20512.75,20497.75,-1568.0,14.75,-1.08,初始止损,10.0
2024-01-31 09:30:00,2024-01-31 09:35:00,LONG,49,20247.25,20232.5,-1543.5,14.75,-1.07,初始止损,5.0
2024-02-01 10:05:00,2024-02-01 10:10:00,LONG,46,20185.25,20169.5,-1541.0,15.5,-1.08,初始止损,5.0
2024-02-02 09:35:00,2024-02-02 15:55:00,LONG,46,20386.0,20562.25,16123.0,15.5,11.31,收盘平仓,380.0
2024-02-05 09:30:00,2024-02-05 09:35:00,LONG,47,20564.75,20548.25,-1645.0,16.25,-1.08,初始止损,5.0
2024-02-06 09:30:00,2024-02-06 15:55:00,SHORT,47,20562.25,20494.25,6298.0,16.0,4.19,收盘平仓,385.0
2024-02-07 09:35:00,2024-02-07 09:40:00,SHORT,49,20560.75,20576.75,-1666.0,16.0,-1.06,初始止损,5.0
2024-02-08 09:35:00,2024-02-08 09:40:00,LONG,48,20672.75,20656.5,-1656.0,16.0,-1.08,初始止损,5.0
2024-02-09 09:30:00,2024-02-09 09:50:00,SHORT,50,20729.75,20745.25,-1650.0,15.5,-1.06,初始止损,20.0
2024-02-12 09:30:00,2024-02-12 09:40:00,LONG,49,20878.0,20862.25,-1641.5,15.5,-1.08,初始止损,10.0
2024-02-13 09:50:00,2024-02-13 09:55:00,LONG,50,20510.75,20495.5,-1625.0,15.25,-1.07,初始止损,5.0
2024-02-14 09:35:00,2024-02-14 09:40:00,SHORT,45,20585.0,20601.5,-1575.0,16.5,-1.06,初始止损,5.0
2024-02-15 09:30:00,2024-02-15 13:10:00,SHORT,46,20706.5,20723.0,-1610.0,16.25,-1.08,初始止损,220.0
2024-02-16 09:30:00,2024-02-16 15:55:00,SHORT,46,20741.25,20579.5,14789.0,16.0,10.05,收盘平仓,385.0
2024-02-19 09:30:00,2024-02-19 10:25:00,LONG,49,20627.0,20610.75,-1690.5,16.0,-1.08,初始止损,55.0
2024-02-20 09:30:00,2024-02-20 09:35:00,LONG,52,20516.5,20501.25,-1690.0,15.25,-1.07,初始止损,5.0
2024-02-21 09:40:00,2024-02-21 09:55:00,SHORT,49,20300.25,20316.25,-1666.0,16.0,-1.06,初始止损,15.0
2024-02-22 09:40:00,2024-02-22 15:55:00,LONG,48,20734.75,20877.25,13584.0,16.0,8.84,收盘平仓,375.0
2024-02-23 09:30:00,2024-02-23 09:40:00,LONG,46,20968.25,20950.25,-1748.0,17.75,-1.07,初始止损,10.0
2024-02-26 09:35:00,2024-02-26 09:40:00,LONG,46,20858.75,20840.75,-1748.0,17.75,-1.07,初始止损,5.0
2024-02-27 09:35:00,2024-02-27 10:00:00,SHORT,48,20813.75,20830.75,-1728.0,17.0,-1.06,初始止损,25.0
2024-02-28 09:45:00,2024-02-28 10:10:00,SHORT,49,20737.5,20754.0,-1715.0,16.25,-1.08,初始止损,25.0
2024-02-29 09:30:00,2024-02-29 09:35:00,LONG,50,20892.5,20876.5,-1700.0,16.0,-1.06,初始止损,5.0
2024-03-01 09:30:00,2024-03-01 09:35:00,LONG,49,20966.5,20950.25,-1690.5,16.0,-1.08,初始止损,5.0
2024-03-04 09:30:00,2024-03-04 09:35:00,SHORT,48,21140.5,21157.0,-1680.0,16.5,-1.06,初始止损,5.0
2024-03-05 09:30:00,2024-03-05 15:55:00,SHORT,49,20907.0,20764.25,13891.5,15.75,9.0,收盘平仓,385.0
2024-03-06 09:45:00,2024-03-06 11:00:00,SHORT,49,20913.25,20930.25,-1764.0,17.0,-1.06,初始止损,75.0
2024-03-07 09:30:00,2024-03-07 09:40:00,LONG,48,21022.5,21005.25,-1752.0,17.0,-1.07,初始止损,10.0
2024-03-08 09:35:00,2024-03-08 09:40:00,SHORT,47,21133.25,21150.75,-1739.0,17.5,-1.06,初始止损,5.0
2024-03-11 09:30:00,2024-03-11 09:35:00,SHORT,44,20753.25,20771.75,-1716.0,18.5,-1.05,初始止损,5.0
2024-03-12 09:30:00,2024-03-12 09:55:00,SHORT,45,20856.75,20874.75,-1710.0,18.0,-1.06,初始止损,25.0
2024-03-13 09:30:00,2024-03-13 15:55:00,SHORT,44,20983.75,20922.5,5302.0,18.25,3.3,收盘平仓,385.0
2024-03-14 09:45:00,2024-03-14 10:10:00,SHORT,45,20867.5,20885.75,-1732.5,18.0,-1.07,初始止损,25.0
2024-03-15 09:35:00,2024-03-15 09:40:00,SHORT,45,20705.75,20724.0,-1732.5,18.0,-1.07,初始止损,5.0
2024-03-18 09:30:00,2024-03-18 09:55:00,LONG,44,20909.5,20891.0,-1716.0,18.25,-1.07,初始止损,25.0
2024-03-19 09:35:00,2024-03-19 09:50:00,SHORT,42,20670.5,20689.75,-1701.0,18.75,-1.08,初始止损,15.0
2024-03-20 09:35:00,2024-03-20 10:25:00,SHORT,43,20866.5,20885.0,-1677.0,18.5,-1.05,初始止损,50.0
2024-03-21 09:45:00,2024-03-21 10:05:00,SHORT,42,21230.0,21249.0,-1680.0,18.5,-1.08,初始止损,20.0
2024-03-22 09:40:00,2024-03-22 09:50:00,SHORT,42,21100.25,21119.0,-1659.0,18.5,-1.07,初始止损,10.0
2024-03-25 09:35:00,2024-03-25 09:45:00,SHORT,44,21040.0,21057.75,-1650.0,17.75,-1.06,初始止损,10.0
2024-03-26 09:30:00,2024-03-26 09:35:00,LONG,44,21180.0,21162.25,-1650.0,17.5,-1.07,初始止损,5.0
2024-03-27 09:30:00,2024-03-27 15:55:00,SHORT,45,21112.5,21098.75,1147.5,17.0,0.75,收盘平仓,385.0
2024-03-28 09:30:00,2024-03-28 09:35:00,SHORT,45,21070.0,21087.25,-1642.5,17.0,-1.07,初始止损,5.0
2024-04-01 09:30:00,2024-04-01 10:15:00,LONG,47,21142.5,21126.25,-1621.5,16.25,-1.06,初始止损,45.0
2024-04-02 09:30:00,2024-04-02 09:35:00,SHORT,47,20859.5,20875.75,-1621.5,16.0,-1.08,初始止损,5.0
2024-04-03 10:00:00,2024-04-03 10:05:00,LONG,45,20944.25,20927.5,-1597.5,16.5,-1.08,初始止损,5.0
2024-04-04 09:50:00,2024-04-04 11:55:00,SHORT,45,21110.0,21126.75,-1597.5,16.5,-1.08,初始止损,125.0
2024-04-05 09:35:00,2024-04-05 09:40:00,SHORT,41,20698.75,20717.0,-1578.5,18.0,-1.07,初始止损,5.0
2024-04-08 09:30:00,2024-04-08 10:00:00,SHORT,40,20883.0,20901.5,-1560.0,18.5,-1.05,初始止损,30.0
2024-04-09 09:30:00,2024-04-09 09:35:00,SHORT,41,20944.75,20962.75,-1558.0,17.75,-1.07,初始止损,5.0
2024-04-10 09:30:00,2024-04-10 09:45:00,LONG,40,20745.5,20727.25,-1540.0,18.0,-1.07,初始止损,15.0
2024-04-11 09:40:00,2024-04-11 09:45:00,SHORT,40,20828.75,20846.75,-1520.0,18.0,-1.06,初始止损,5.0
2024-04-12 09:50:00,2024-04-12 10:00:00,LONG,38,20925.75,20906.75,-1520.0,18.5,-1.08,初始止损,10.0
2024-04-15 09:30:00,2024-04-15 09:35:00,SHORT,37,20862.0,20881.25,-1498.5,19.25,-1.05,初始止损,5.0
2024-04-16 09:35:00,2024-04-16 09:55:00,SHORT,34,20454.5,20475.25,-1479.0,20.5,-1.06,初始止损,20.0
2024-04-17 09:45:00,2024-04-17 15:55:00,SHORT,35,20497.0,20246.25,17482.5,20.0,12.49,收盘平仓,370.0
2024-04-18 09:30:00,2024-04-18 10:15:00,SHORT,37,20226.0,20246.75,-1609.5,20.25,-1.07,初始止损,45.0
2024-04-19 09:35:00,2024-04-19 09:40:00,SHORT,37,20034.25,20054.75,-1591.0,20.0,-1.07,初始止损,5.0
2024-04-22 09:30:00,2024-04-22 09:40:00,SHORT,35,19863.25,19884.75,-1575.0,21.0,-1.07,初始止损,10.0
2024-04-23 09:35:00,2024-04-23 15:55:00,LONG,35,20033.0,20199.0,11550.0,21.0,7.86,收盘平仓,380.0
2024-04-24 09:35:00,2024-04-24 09:55:00,LONG,37,20358.75,20337.5,-1646.5,21.25,-1.05,初始止损,20.0
2024-04-25 09:30:00,2024-04-25 09:35:00,SHORT,37,19905.5,19926.75,-1646.5,21.0,-1.06,初始止损,5.0
2024-04-26 09:35:00,2024-04-26 09:40:00,LONG,36,20346.0,20324.5,-1620.0,21.25,-1.06,初始止损,5.0
2024-04-29 09:30:00,2024-04-29 09:35:00,LONG,35,20528.0,20506.0,-1610.0,21.5,-1.07,初始止损,5.0
2024-04-30 09:30:00,2024-04-30 09:35:00,LONG,36,20444.25,20423.0,-1602.0,21.0,-1.06,初始止损,5.0
2024-05-01 09:30:00,2024-05-01 09:40:00,SHORT,35,20075.5,20097.25,-1592.5,21.25,-1.07,初始止损,10.0
2024-05-02 09:30:00,2024-05-02 11:05:00,SHORT,34,20136.75,20136.75,-68.0,21.75,-0.05,保本止损,95.0
2024-05-03 09:40:00,2024-05-03 10:00:00,LONG,34,20565.0,20542.75,-1581.0,21.75,-1.07,初始止损,20.0
2024-05-06 09:35:00,2024-05-06 15:55:00,LONG,33,20676.5,20789.25,7375.5,22.5,4.97,收盘平仓,380.0
2024-05-07 09:30:00,2024-05-07 09:45:00,LONG,35,20818.25,20796.0,-1627.5,22.0,-1.06,初始止损,15.0
2024-05-08 09:30:00,2024-05-08 15:55:00,LONG,37,20693.75,20775.0,5938.5,20.75,3.87,收盘平仓,385.0
2024-05-09 09:30:00,2024-05-09 10:35:00,SHORT,39,20770.5,20790.75,-1657.5,20.25,-1.05,初始止损,65.0
2024-05-10 09:30:00,2024-05-10 09:35:00,LONG,40,20905.75,20886.25,-1640.0,19.5,-1.05,初始止损,5.0
2024-05-13 09:30:00,2024-05-13 09:35:00,SHORT,40,20884.75,20904.25,-1640.0,19.0,-1.08,初始止损,5.0
2024-05-14 09:35:00,2024-05-14 10:00:00,LONG,42,20888.0,20869.5,-1638.0,18.25,-1.07,初始止损,25.0
2024-05-15 09:30:00,2024-05-15 09:35:00,LONG,43,21115.0,21097.25,-1612.5,17.75,-1.06,初始止损,5.0
2024-05-16 09:45:00,2024-05-16 10:05:00,LONG,42,21296.75,21278.5,-1617.0,18.0,-1.07,初始止损,20.0
2024-05-17 09:30:00,2024-05-17 09:35:00,SHORT,43,21233.75,21251.25,-1591.0,17.5,-1.06,初始止损,5.0
2024-05-20 09:30:00,2024-05-20 15:55:00,LONG,44,21280.25,21358.25,6776.0,16.75,4.6,收盘平仓,385.0
2024-05-21 10:00:00,2024-05-21 10:05:00,LONG,46,21315.25,21298.5,-1633.0,16.5,-1.08,初始止损,5.0
2024-05-22 09:30:00,2024-05-22 09:35:00,LONG,48,21410.0,21394.0,-1632.0,16.0,-1.06,初始止损,5.0
2024-05-23 09:30:00,2024-05-23 09:35:00,SHORT,48,21529.5,21545.5,-1632.0,15.75,-1.08,初始止损,5.0
2024-05-24 09:30:00,2024-05-24 09:35:00,LONG,45,21364.75,21348.0,-1597.5,16.5,-1.08,初始止损,5.0
2024-05-27 09:30:00,2024-05-27 09:50:00,LONG,45,21493.75,21477.0,-1597.5,16.5,-1.08,初始止损,20.0
2024-05-28 09:40:00,2024-05-28 10:00:00,SHORT,47,21464.5,21480.25,-1574.5,15.75,-1.06,初始止损,20.0
2024-05-29 09:30:00,2024-05-29 15:55:00,LONG,47,21386.75,21402.75,1410.0,15.5,0.97,收盘平仓,385.0
2024-05-30 09:30:00,2024-05-30 09:35:00,SHORT,48,21310.0,21325.5,-1584.0,15.25,-1.08,初始止损,5.0
2024-05-31 09:30:00,2024-05-31 09:35:00,SHORT,47,21169.0,21184.75,-1574.5,15.5,-1.08,初始止损,5.0
2024-06-03 09:30:00,2024-06-03 09:35:00,LONG,44,21310.75,21294.0,-1562.0,16.5,-1.08,初始止损,5.0
2024-06-04 09:30:00,2024-06-04 09:35:00,SHORT,42,21186.75,21204.0,-1533.0,17.0,-1.07,初始止损,5.0
2024-06-05 09:35:00,2024-06-05 09:40:00,SHORT,42,21412.25,21429.5,-1533.0,17.0,-1.07,初始止损,5.0
2024-06-06 09:45:00,2024-06-06 10:20:00,SHORT,40,21658.75,21676.75,-1520.0,17.75,-1.07,初始止损,35.0
2024-06-07 09:50:00,2024-06-07 09:55:00,LONG,41,21646.75,21629.5,-1496.5,17.0,-1.07,初始止损,5.0
2024-06-10 09:30:00,2024-06-10 09:45:00,LONG,42,21604.75,21588.0,-1491.0,16.5,-1.08,初始止损,15.0
2024-06-11 09:30:00,2024-06-11 09:35:00,LONG,43,21668.75,21652.5,-1483.5,16.25,-1.06,初始止损,5.0
2024-06-12 09:30:00,2024-06-12 09:35:00,LONG,42,22028.25,22011.75,-1470.0,16.5,-1.06,初始止损,5.0
2024-06-13 09:35:00,2024-06-13 09:40:00,LONG,40,22250.0,22232.75,-1460.0,17.25,-1.06,初始止损,5.0
2024-06-14 09:30:00,2024-06-14 11:50:00,LONG,40,22175.0,22157.75,-1460.0,16.75,-1.09,初始止损,140.0
2024-06-17 09:30:00,2024-06-17 09:35:00,SHORT,41,22270.25,22286.75,-1435.0,16.25,-1.08,初始止损,5.0
2024-06-18 09:45:00,2024-06-18 09:50:00,SHORT,39,22505.5,22522.75,-1423.5,17.25,-1.06,初始止损,5.0
2024-06-19 09:45:00,2024-06-19 12:55:00,SHORT,40,22570.25,22561.25,640.0,16.5,0.48,收盘平仓,190.0
2024-06-20 09:30:00,2024-06-20 09:35:00,SHORT,43,22532.5,22548.25,-1440.5,15.5,-1.08,初始止损,5.0
2024-06-21 09:35:00,2024-06-21 10:55:00,SHORT,41,22326.0,22342.25,-1414.5,16.0,-1.08,初始止损,80.0
2024-06-24 09:30:00,2024-06-24 09:35:00,LONG,42,22289.0,22273.25,-1407.0,15.75,-1.06,初始止损,5.0
2024-06-25 09:30:00,2024-06-25 09:40:00,SHORT,41,22146.75,22162.75,-1394.0,16.0,-1.06,初始止损,10.0
2024-06-26 09:35:00,2024-06-26 09:40:00,LONG,40,22267.75,22251.5,-1380.0,16.25,-1.06,初始止损,5.0
2024-06-27 09:30:00,2024-06-27 09:50:00,LONG,41,22380.0,22364.25,-1373.5,15.5,-1.08,初始止损,20.0
2024-06-28 09:30:00,2024-06-28 09:35:00,SHORT,41,22372.0,22387.75,-1373.5,15.5,-1.08,初始止损,5.0
2024-07-01 09:30:00,2024-07-01 09:35:00,SHORT,39,22264.0,22280.5,-1365.0,16.25,-1.08,初始止损,5.0
2024-07-02 09:30:00,2024-07-02 09:35:00,LONG,38,22353.0,22336.25,-1349.0,16.5,-1.08,初始止损,5.0
2024-07-03 09:30:00,2024-07-03 09:35:00,LONG,37,22592.0,22575.0,-1332.0,16.75,-1.07,初始止损,5.0
2024-07-04 09:30:00,2024-07-04 12:55:00,SHORT,37,22720.25,22711.5,573.5,16.75,0.46,收盘平仓,205.0
2024-07-05 09:30:00,2024-07-05 09:45:00,LONG,39,22791.25,22775.25,-1326.0,15.75,-1.08,初始止损,15.0
2024-07-08 09:30:00,2024-07-08 09:50:00,SHORT,38,22954.25,22970.75,-1330.0,16.0,-1.09,初始止损,20.0
2024-07-09 09:30:00,2024-07-09 09:35:00,LONG,39,23092.75,23077.0,-1306.5,15.5,-1.08,初始止损,5.0
2024-07-10 09:30:00,2024-07-10 09:40:00,SHORT,40,23071.25,23086.5,-1300.0,15.25,-1.07,初始止损,10.0
2024-07-11 09:45:00,2024-07-11 15:55:00,SHORT,39,23190.0,22760.0,33462.0,15.5,27.68,收盘平仓,370.0
2024-07-12 09:35:00,2024-07-12 09:40:00,LONG,42,22787.25,22770.0,-1533.0,17.0,-1.07,初始止损,5.0
2024-07-15 09:30:00,2024-07-15 09:35:00,LONG,41,22957.75,22940.25,-1517.0,17.5,-1.06,初始止损,5.0
2024-07-16 09:30:00,2024-07-16 09:35:00,LONG,39,22996.0,22977.75,-1501.5,18.0,-1.07,初始止损,5.0
2024-07-17 09:30:00,2024-07-17 09:35:00,SHORT,39,22564.25,22582.5,-1501.5,17.75,-1.08,初始止损,5.0
2024-07-18 09:30:00,2024-07-18 15:55:00,SHORT,35,22429.75,22221.5,14507.5,19.75,10.49,收盘平仓,385.0
2024-07-19 10:00:00,2024-07-19 10:05:00,SHORT,36,22189.0,22210.0,-1584.0,20.5,-1.07,初始止损,5.0
2024-07-22 09:30:00,2024-07-22 09:35:00,SHORT,36,22240.75,22261.5,-1566.0,20.75,-1.05,初始止损,5.0
2024-07-23 09:35:00,2024-07-23 10:00:00,LONG,35,22331.5,22310.25,-1557.5,21.0,-1.06,初始止损,25.0
2024-07-24 09:30:00,2024-07-24 15:55:00,SHORT,36,21912.5,21534.75,27126.0,20.5,18.38,收盘平仓,385.0
2024-07-25 09:30:00,2024-07-25 09:40:00,SHORT,36,21490.0,21513.25,-1746.0,23.0,-1.05,初始止损,10.0
2024-07-26 09:30:00,2024-07-26 09:35:00,SHORT,34,21427.75,21452.0,-1717.0,24.25,-1.04,初始止损,5.0
2024-07-29 09:30:00,2024-07-29 09:35:00,SHORT,34,21589.0,21613.25,-1717.0,24.0,-1.05,初始止损,5.0
2024-07-30 09:40:00,2024-07-30 15:55:00,SHORT,34,21590.0,21269.0,21760.0,23.75,13.47,收盘平仓,375.0
2024-07-31 09:30:00,2024-07-31 09:35:00,SHORT,36,21641.5,21666.25,-1854.0,24.75,-1.04,初始止损,5.0
2024-08-01 09:40:00,2024-08-01 09:50:00,LONG,33,21962.25,21935.5,-1831.5,26.5,-1.05,初始止损,10.0
2024-08-02 09:30:00,2024-08-02 09:35:00,SHORT,30,20873.0,20902.25,-1815.0,29.0,-1.04,初始止损,5.0
2024-08-05 09:35:00,2024-08-05 09:40:00,LONG,28,20190.0,20158.75,-1806.0,30.25,-1.07,初始止损,5.0
2024-08-06 09:40:00,2024-08-06 09:45:00,SHORT,25,20329.0,20363.75,-1787.5,33.75,-1.06,初始止损,5.0
2024-08-07 09:30:00,2024-08-07 10:15:00,LONG,25,20823.75,20789.25,-1775.0,34.25,-1.04,初始止损,45.0
2024-08-08 09:40:00,2024-08-08 09:45:00,SHORT,24,20462.5,20498.0,-1752.0,35.0,-1.04,初始止损,5.0
2024-08-09 09:30:00,2024-08-09 09:35:00,LONG,23,20823.5,20786.75,-1736.5,35.5,-1.06,初始止损,5.0
2024-08-12 09:35:00,2024-08-12 10:10:00,SHORT,24,20953.75,20988.75,-1728.0,34.5,-1.04,初始止损,35.0
2024-08-13 09:30:00,2024-08-13 09:40:00,LONG,25,21194.0,21160.5,-1725.0,33.25,-1.04,初始止损,10.0
2024-08-14 09:30:00,2024-08-14 11:30:00,SHORT,24,21438.0,21472.5,-1704.0,33.5,-1.06,初始止损,120.0
2024-08-15 09:30:00,2024-08-15 15:55:00,LONG,25,21694.25,21917.5,11112.5,32.5,6.84,收盘平仓,385.0
2024-08-16 09:30:00,2024-08-16 09:45:00,LONG,26,21843.75,21810.5,-1781.0,32.75,-1.05,初始止损,15.0
2024-08-19 09:30:00,2024-08-19 09:45:00,SHORT,27,21919.5,21951.25,-1768.5,31.5,-1.04,初始止损,15.0
2024-08-20 09:30:00,2024-08-20 10:10:00,LONG,27,22193.75,22162.25,-1755.0,31.0,-1.05,初始止损,40.0
2024-08-21 09:30:00,2024-08-21 09:40:00,SHORT,28,22150.75,22181.0,-1750.0,29.75,-1.05,初始止损,10.0
2024-08-22 09:45:00,2024-08-22 09:55:00,SHORT,29,22304.25,22333.25,-1740.0,28.75,-1.04,初始止损,10.0
2024-08-23 09:30:00,2024-08-23 09:45:00,SHORT,28,22044.75,22074.5,-1722.0,29.5,-1.04,初始止损,15.0
2024-08-26 09:30:00,2024-08-26 09:40:00,LONG,28,22122.75,22093.25,-1708.0,29.0,-1.05,初始止损,10.0
2024-08-27 09:35:00,2024-08-27 09:45:00,SHORT,28,21801.25,21830.5,-1694.0,28.5,-1.06,初始止损,10.0
2024-08-28 09:35:00,2024-08-28 09:40:00,SHORT,29,21916.5,21944.5,-1682.0,27.75,-1.05,初始止损,5.0
2024-08-29 09:30:00,2024-08-29 09:35:00,LONG,29,21919.25,21891.5,-1667.5,27.75,-1.04,初始止损,5.0
2024-08-30 09:45:00,2024-08-30 09:50:00,LONG,28,21894.25,21865.5,-1666.0,27.75,-1.07,初始止损,5.0
2024-09-02 09:40:00,2024-09-02 10:00:00,LONG,29,21970.75,21943.25,-1653.0,27.25,-1.05,初始止损,20.0
2024-09-03 09:30:00,2024-09-03 15:55:00,SHORT,30,21751.75,21342.5,24495.0,25.75,15.85,收盘平仓,385.0
2024-09-04 09:30:00,2024-09-04 09:35:00,LONG,31,21252.25,21224.0,-1813.5,27.75,-1.05,初始止损,5.0
2024-09-05 09:35:00,2024-09-05 09:45:00,LONG,31,21328.75,21300.75,-1798.0,27.25,-1.06,初始止损,10.0
2024-09-06 09:35:00,2024-09-06 09:40:00,SHORT,31,21144.75,21172.5,-1782.5,27.0,-1.06,初始止损,5.0
2024-09-09 09:30:00,2024-09-09 10:20:00,LONG,30,20984.75,20956.25,-1770.0,28.0,-1.05,初始止损,50.0
2024-09-10 09:35:00,2024-09-10 09:40:00,SHORT,30,21059.25,21087.5,-1755.0,27.5,-1.06,初始止损,5.0
2024-09-11 09:30:00,2024-09-11 09:35:00,SHORT,31,21177.25,21204.5,-1751.5,27.0,-1.05,初始止损,5.0
2024-09-12 09:45:00,2024-09-12 09:50:00,SHORT,28,21538.5,21568.5,-1736.0,29.0,-1.07,初始止损,5.0
2024-09-13 09:35:00,2024-09-13 10:00:00,LONG,28,21801.0,21771.25,-1722.0,28.75,-1.07,初始止损,25.0
2024-09-16 09:30:00,2024-09-16 09:35:00,SHORT,30,21670.25,21697.75,-1710.0,27.5,-1.04,初始止损,5.0
2024-09-17 09:30:00,2024-09-17 09:40:00,SHORT,30,21863.25,21890.5,-1695.0,26.75,-1.06,初始止损,10.0
2024-09-18 09:30:00,2024-09-18 13:30:00,SHORT,30,21789.0,21816.25,-1695.0,26.5,-1.07,初始止损,240.0
2024-09-19 10:10:00,2024-09-19 15:55:00,LONG,30,22151.5,22172.5,1200.0,26.25,0.76,收盘平仓,345.0
2024-09-20 09:55:00,2024-09-20 12:50:00,SHORT,29,22092.75,22120.75,-1682.0,27.75,-1.05,初始止损,175.0
2024-09-23 09:30:00,2024-09-23 09:45:00,SHORT,29,22143.5,22171.25,-1667.5,27.0,-1.06,初始止损,15.0
2024-09-24 09:40:00,2024-09-24 11:30:00,SHORT,31,22196.75,22222.5,-1658.5,25.75,-1.04,初始止损,110.0
2024-09-25 09:30:00,2024-09-25 09:40:00,LONG,31,22276.25,22250.5,-1658.5,25.25,-1.06,初始止损,10.0
2024-09-26 09:30:00,2024-09-26 15:55:00,SHORT,32,22541.25,22432.5,6896.0,24.25,4.44,收盘平仓,385.0
2024-09-27 09:30:00,2024-09-27 15:55:00,SHORT,33,22449.75,22314.0,8893.5,24.25,5.56,收盘平仓,385.0
2024-09-30 09:30:00,2024-09-30 09:55:00,LONG,35,22315.75,22291.5,-1767.5,23.5,-1.07,初始止损,25.0
2024-10-01 09:30:00,2024-10-01 15:55:00,SHORT,36,22266.0,22069.25,14094.0,23.25,8.42,收盘平仓,385.0
2024-10-02 09:35:00,2024-10-02 09:45:00,SHORT,37,21988.0,22012.0,-1850.0,24.0,-1.04,初始止损,10.0
2024-10-03 09:30:00,2024-10-03 09:40:00,LONG,37,22067.0,22043.25,-1831.5,23.5,-1.05,初始止损,10.0
2024-10-04 09:30:00,2024-10-04 15:30:00,SHORT,37,22307.0,22307.0,-74.0,23.25,-0.04,保本止损,360.0
2024-10-07 09:30:00,2024-10-07 09:40:00,LONG,38,22242.25,22219.25,-1824.0,22.75,-1.05,初始止损,10.0
2024-10-08 09:50:00,2024-10-08 15:55:00,LONG,38,22229.75,22391.0,12179.0,22.75,7.04,收盘平仓,365.0
2024-10-09 09:30:00,2024-10-09 09:40:00,SHORT,39,22350.5,22373.75,-1891.5,23.0,-1.05,初始止损,10.0
2024-10-10 09:45:00,2024-10-10 09:50:00,SHORT,40,22403.0,22425.5,-1880.0,22.5,-1.04,初始止损,5.0
2024-10-11 09:35:00,2024-10-11 09:40:00,SHORT,40,22410.5,22433.0,-1880.0,22.0,-1.07,初始止损,5.0
2024-10-14 09:30:00,2024-10-14 10:55:00,LONG,41,22672.25,22650.5,-1865.5,21.5,-1.06,初始止损,85.0
2024-10-15 09:35:00,2024-10-15 09:55:00,SHORT,41,22712.25,22733.75,-1845.0,21.25,-1.06,初始止损,20.0
2024-10-16 09:30:00,2024-10-16 10:20:00,SHORT,40,22393.5,22415.5,-1840.0,21.75,-1.06,初始止损,50.0
2024-10-17 09:30:00,2024-10-17 09:50:00,SHORT,41,22572.25,22593.5,-1824.5,21.25,-1.05,初始止损,20.0
2024-10-18 09:30:00,2024-10-18 09:35:00,SHORT,41,22526.75,22547.75,-1804.0,21.0,-1.05,初始止损,5.0
2024-10-21 09:30:00,2024-10-21 10:40:00,LONG,42,22534.75,22514.25,-1806.0,20.25,-1.06,初始止损,70.0
2024-10-22 09:35:00,2024-10-22 15:55:00,LONG,42,22516.25,22630.75,9534.0,20.0,5.67,收盘平仓,380.0
2024-10-23 09:30:00,2024-10-23 09:35:00,SHORT,44,22508.5,22528.75,-1870.0,19.75,-1.08,初始止损,5.0
2024-10-24 09:30:00,2024-10-24 09:35:00,SHORT,42,22417.25,22438.25,-1848.0,20.75,-1.06,初始止损,5.0
2024-10-25 09:30:00,2024-10-25 13:35:00,LONG,43,22626.75,22626.75,-86.0,20.25,-0.05,保本止损,245.0
2024-10-28 09:30:00,2024-10-28 10:30:00,SHORT,42,22677.75,22698.5,-1827.0,20.75,-1.05,初始止损,60.0
2024-10-29 09:30:00,2024-10-29 09:35:00,SHORT,43,22534.0,22554.25,-1827.5,20.0,-1.06,初始止损,5.0
2024-10-30 09:30:00,2024-10-30 09:35:00,SHORT,42,22709.75,22730.25,-1806.0,20.25,-1.06,初始止损,5.0
2024-10-31 09:30:00,2024-10-31 09:35:00,SHORT,43,22373.5,22393.25,-1784.5,19.75,-1.05,初始止损,5.0
2024-11-01 09:35:00,2024-11-01 15:55:00,LONG,39,22211.0,22238.0,2028.0,21.25,1.22,收盘平仓,380.0
2024-11-04 09:30:00,2024-11-04 09:40:00,SHORT,40,22139.25,22160.5,-1780.0,21.0,-1.06,初始止损,10.0
2024-11-05 09:30:00,2024-11-05 15:55:00,LONG,40,22301.5,22432.25,10380.0,20.75,6.25,收盘平仓,385.0
2024-11-06 09:30:00,2024-11-06 09:45:00,LONG,42,22812.5,22791.5,-1848.0,20.75,-1.06,初始止损,15.0
2024-11-07 09:30:00,2024-11-07 15:55:00,LONG,39,23130.75,23312.75,14118.0,22.5,8.04,收盘平仓,385.0
2024-11-08 09:30:00,2024-11-08 09:40:00,LONG,40,23302.25,23279.0,-1940.0,22.75,-1.07,初始止损,10.0
2024-11-11 09:30:00,2024-11-11 15:55:00,SHORT,42,23361.25,23311.25,4116.0,21.75,2.25,收盘平仓,385.0
2024-11-12 09:50:00,2024-11-12 10:00:00,LONG,44,23320.5,23299.25,-1958.0,21.25,-1.05,初始止损,10.0
2024-11-13 09:35:00,2024-11-13 09:40:00,SHORT,44,23237.75,23258.75,-1936.0,20.75,-1.06,初始止损,5.0
2024-11-14 09:30:00,2024-11-14 09:40:00,LONG,44,23253.75,23232.75,-1936.0,20.5,-1.07,初始止损,10.0
2024-11-15 09:30:00,2024-11-15 15:55:00,SHORT,45,22824.25,22582.75,21645.0,20.0,12.03,收盘平仓,385.0
2024-11-18 09:30:00,2024-11-18 09:35:00,SHORT,45,22619.0,22641.0,-2070.0,21.75,-1.06,初始止损,5.0
2024-11-19 09:30:00,2024-11-19 15:55:00,LONG,45,22616.25,22856.25,21510.0,21.5,11.12,收盘平仓,385.0
2024-11-20 09:30:00,2024-11-20 15:35:00,SHORT,49,22813.75,22813.75,-98.0,21.5,-0.05,保本止损,365.0
2024-11-21 09:30:00,2024-11-21 12:25:00,SHORT,49,22886.75,22886.75,-98.0,21.5,-0.05,保本止损,175.0
2024-11-22 09:30:00,2024-11-22 09:35:00,LONG,48,22916.75,22894.75,-2208.0,22.0,-1.05,初始止损,5.0
2024-11-25 09:35:00,2024-11-25 09:45:00,LONG,49,23145.25,23123.75,-2205.0,21.25,-1.06,初始止损,10.0
2024-11-26 09:30:00,2024-11-26 09:35:00,LONG,48,23081.75,23060.0,-2184.0,21.5,-1.06,初始止损,5.0
2024-11-27 09:30:00,2024-11-27 15:55:00,SHORT,49,22977.25,22907.25,6762.0,20.75,3.33,收盘平仓,385.0
2024-11-28 09:30:00,2024-11-28 12:55:00,LONG,50,22980.75,22981.0,-75.0,21.0,-0.04,收盘平仓,205.0
2024-11-29 09:40:00,2024-11-29 09:45:00,LONG,52,22965.75,22945.5,-2210.0,20.0,-1.06,初始止损,5.0
2024-12-02 09:30:00,2024-12-02 15:55:00,LONG,53,23204.75,23308.0,10838.5,19.5,5.24,收盘平仓,385.0
2024-12-03 10:10:00,2024-12-03 10:20:00,LONG,55,23305.5,23285.75,-2282.5,19.75,-1.05,初始止损,10.0
2024-12-04 09:30:00,2024-12-04 09:35:00,SHORT,56,23498.25,23517.5,-2268.0,19.0,-1.07,初始止损,5.0
2024-12-05 09:30:00,2024-12-05 09:40:00,LONG,55,23631.75,23612.25,-2255.0,19.25,-1.06,初始止损,10.0
2024-12-06 09:30:00,2024-12-06 15:55:00,LONG,57,23611.75,23749.5,15589.5,18.5,7.39,收盘平仓,385.0
2024-12-09 09:30:00,2024-12-09 09:35:00,SHORT,62,23682.25,23700.25,-2356.0,18.0,-1.06,初始止损,5.0
2024-12-10 09:35:00,2024-12-10 09:50:00,LONG,61,23631.75,23613.5,-2348.5,18.0,-1.07,初始止损,15.0
2024-12-11 09:30:00,2024-12-11 15:55:00,LONG,61,23697.5,23882.75,22478.5,18.0,10.24,收盘平仓,385.0
2024-12-12 09:45:00,2024-12-12 10:20:00,SHORT,62,23761.75,23780.75,-2480.0,19.0,-1.05,初始止损,35.0
2024-12-13 09:35:00,2024-12-13 10:25:00,LONG,63,23924.0,23905.5,-2457.0,18.5,-1.05,初始止损,50.0
2024-12-16 09:30:00,2024-12-16 09:35:00,LONG,62,24013.75,23995.0,-2449.0,18.75,-1.05,初始止损,5.0
2024-12-17 09:30:00,2024-12-17 09:40:00,SHORT,60,24092.75,24112.0,-2430.0,19.25,-1.05,初始止损,10.0
2024-12-18 09:30:00,2024-12-18 09:35:00,SHORT,61,24025.0,24043.75,-2409.5,18.75,-1.05,初始止损,5.0
2024-12-19 09:40:00,2024-12-19 09:45:00,SHORT,51,23380.0,23402.25,-2371.5,22.25,-1.04,初始止损,5.0
2024-12-20 09:35:00,2024-12-20 09:40:00,LONG,50,23100.0,23077.5,-2350.0,22.5,-1.04,初始止损,5.0
2024-12-23 09:30:00,2024-12-23 09:40:00,LONG,45,23437.25,23412.25,-2340.0,24.5,-1.06,初始止损,10.0
2024-12-24 09:40:00,2024-12-24 13:10:00,LONG,45,23662.0,23840.5,15975.0,24.25,7.32,收盘平仓,210.0
2024-12-26 09:30:00,2024-12-26 09:45:00,LONG,48,23777.0,23752.5,-2448.0,24.0,-1.06,初始止损,15.0
2024-12-27 09:30:00,2024-12-27 15:55:00,SHORT,49,23569.25,23497.0,6982.5,23.5,3.03,收盘平仓,385.0
2024-12-30 09:30:00,2024-12-30 09:35:00,SHORT,48,23143.0,23167.75,-2472.0,24.5,-1.05,初始止损,5.0
2024-12-31 09:35:00,2024-12-31 09:40:00,SHORT,46,23175.5,23201.0,-2438.0,25.25,-1.05,初始止损,5.0
2025-01-02 09:30:00,2025-01-02 09:45:00,SHORT,46,23060.75,23086.25,-2438.0,25.0,-1.06,初始止损,15.0
2025-01-03 09:30:00,2025-01-03 10:15:00,LONG,45,23125.75,23100.0,-2407.5,25.75,-1.04,初始止损,45.0
2025-01-06 09:30:00,2025-01-06 13:00:00,LONG,44,23573.5,23547.25,-2398.0,26.0,-1.05,初始止损,210.0
2025-01-07 09:30:00,2025-01-07 09:45:00,SHORT,43,23543.5,23570.0,-2365.0,26.25,-1.05,初始止损,15.0
2025-01-08 09:35:00,2025-01-08 09:40:00,SHORT,41,23094.75,23122.5,-2357.5,27.25,-1.06,初始止损,5.0
2025-01-10 09:45:00,2025-01-10 09:50:00,SHORT,42,22829.25,22856.0,-2331.0,26.5,-1.05,初始止损,5.0
2025-01-13 09:35:00,2025-01-13 09:40:00,SHORT,41,22519.75,22547.0,-2316.5,27.25,-1.04,初始止损,5.0
2025-01-14 09:35:00,2025-01-14 09:40:00,LONG,41,22905.75,22878.75,-2296.0,27.0,-1.04,初始止损,5.0
2025-01-15 09:45:00,2025-01-15 09:50:00,LONG,40,23138.5,23111.0,-2280.0,27.0,-1.06,初始止损,5.0
2025-01-16 09:30:00,2025-01-16 09:40:00,SHORT,39,23222.0,23250.0,-2262.0,28.0,-1.04,初始止损,10.0
2025-01-17 09:35:00,2025-01-17 09:40:00,SHORT,39,23318.25,23346.0,-2242.5,27.25,-1.06,初始止损,5.0
2025-01-20 09:30:00,2025-01-20 10:15:00,LONG,39,23523.25,23495.5,-2242.5,27.5,-1.05,初始止损,45.0
2025-01-21 09:30:00,2025-01-21 12:40:00,SHORT,40,23483.75,23510.5,-2220.0,26.5,-1.05,初始止损,190.0
2025-01-22 09:30:00,2025-01-22 09:35:00,LONG,40,23754.5,23728.0,-2200.0,26.0,-1.06,初始止损,5.0
2025-01-23 09:35:00,2025-01-23 09:55:00,LONG,40,23703.5,23677.0,-2200.0,26.25,-1.05,初始止损,20.0
2025-01-24 09:45:00,2025-01-24 10:00:00,LONG,41,23857.5,23832.0,-2173.0,25.25,-1.05,初始止损,15.0
2025-01-27 09:30:00,2025-01-27 09:35:00,LONG,42,23031.75,23007.0,-2163.0,24.75,-1.04,初始止损,5.0
2025-01-28 09:30:00,2025-01-28 09:55:00,SHORT,37,23052.75,23080.75,-2146.0,27.25,-1.06,初始止损,25.0
2025-01-29 09:30:00,2025-01-29 09:35:00,SHORT,36,23331.75,23360.25,-2124.0,27.75,-1.06,初始止损,5.0
2025-01-30 09:45:00,2025-01-30 09:50:00,LONG,37,23529.75,23502.25,-2109.0,27.25,-1.05,初始止损,5.0
2025-01-31 09:30:00,2025-01-31 09:35:00,LONG,37,23606.0,23578.75,-2090.5,27.0,-1.05,初始止损,5.0
2025-02-03 09:35:00,2025-02-03 09:40:00,LONG,36,23101.75,23074.0,-2070.0,27.25,-1.06,初始止损,5.0
2025-02-04 09:30:00,2025-02-04 15:55:00,LONG,35,23246.0,23462.25,15067.5,28.0,7.69,收盘平仓,385.0
2025-02-05 09:35:00,2025-02-05 09:55:00,LONG,38,23362.25,23334.75,-2166.0,27.5,-1.04,初始止损,20.0
2025-02-06 09:40:00,2025-02-06 10:35:00,LONG,38,23582.5,23555.0,-2166.0,27.0,-1.06,初始止损,55.0
2025-02-07 09:30:00,2025-02-07 09:55:00,LONG,39,23739.5,23713.0,-2145.0,26.0,-1.06,初始止损,25.0
2025-02-10 09:40:00,2025-02-10 09:45:00,LONG,39,23593.0,23566.75,-2125.5,26.25,-1.04,初始止损,5.0
2025-02-11 09:30:00,2025-02-11 12:00:00,LONG,39,23568.25,23542.25,-2106.0,26.0,-1.04,初始止损,150.0
2025-02-12 09:30:00,2025-02-12 15:55:00,LONG,40,23385.25,23596.0,16780.0,25.0,8.39,收盘平仓,385.0
2025-02-13 09:30:00,2025-02-13 09:35:00,LONG,42,23731.25,23705.75,-2226.0,25.0,-1.06,初始止损,5.0
2025-02-14 09:45:00,2025-02-14 12:30:00,LONG,42,23916.25,23891.0,-2205.0,25.0,-1.05,初始止损,165.0
2025-02-17 09:30:00,2025-02-17 11:00:00,SHORT,44,24011.5,24035.5,-2200.0,23.75,-1.05,初始止损,90.0
2025-02-18 09:30:00,2025-02-18 15:55:00,SHORT,46,24044.25,24032.75,966.0,22.5,0.47,收盘平仓,385.0
2025-02-19 09:40:00,2025-02-19 10:45:00,SHORT,48,23976.0,23997.75,-2184.0,21.75,-1.05,初始止损,65.0
2025-02-20 09:30:00,2025-02-20 09:35:00,SHORT,49,23967.75,23989.0,-2180.5,21.25,-1.05,初始止损,5.0
2025-02-21 09:30:00,2025-02-21 09:35:00,SHORT,48,23947.5,23969.0,-2160.0,21.25,-1.06,初始止损,5.0
2025-02-24 09:35:00,2025-02-24 09:45:00,SHORT,45,23495.25,23518.0,-2137.5,22.5,-1.06,初始止损,10.0
2025-02-25 09:30:00,2025-02-25 09:35:00,SHORT,44,23141.0,23164.25,-2134.0,23.0,-1.05,初始止损,5.0
2025-02-26 09:30:00,2025-02-26 09:35:00,SHORT,42,23001.25,23025.25,-2100.0,23.75,-1.05,初始止损,5.0
2025-02-27 09:40:00,2025-02-27 09:45:00,SHORT,42,22985.5,23009.5,-2100.0,23.75,-1.05,初始止损,5.0
2025-02-28 09:30:00,2025-02-28 09:35:00,SHORT,37,22259.25,22286.25,-2072.0,26.25,-1.07,初始止损,5.0
2025-03-03 09:35:00,2025-03-03 10:30:00,SHORT,36,22776.5,22776.5,-72.0,27.0,-0.04,保本止损,55.0
2025-03-04 09:30:00,2025-03-04 09:35:00,SHORT,33,22102.5,22132.5,-2046.0,29.5,-1.05,初始止损,5.0
2025-03-05 09:35:00,2025-03-05 09:40:00,SHORT,31,22170.5,22202.25,-2030.5,30.75,-1.07,初始止损,5.0
2025-03-06 09:30:00,2025-03-06 09:35:00,SHORT,31,22075.0,22106.5,-2015.0,31.25,-1.04,初始止损,5.0
2025-03-07 09:40:00,2025-03-07 10:00:00,LONG,29,21943.5,21910.0,-2001.0,32.75,-1.05,初始止损,20.0
2025-03-10 09:30:00,2025-03-10 09:35:00,SHORT,29,21612.5,21645.75,-1986.5,33.0,-1.04,初始止损,5.0
2025-03-11 09:35:00,2025-03-11 09:40:00,LONG,26,21331.5,21294.75,-1963.0,35.75,-1.06,初始止损,5.0
2025-03-12 09:30:00,2025-03-12 09:40:00,LONG,26,21529.75,21493.25,-1950.0,35.75,-1.05,初始止损,10.0
2025-03-13 09:35:00,2025-03-13 15:55:00,SHORT,26,21334.0,21045.5,14950.0,35.25,8.16,收盘平仓,380.0
2025-03-14 09:30:00,2025-03-14 10:00:00,LONG,28,21331.75,21296.25,-2044.0,35.25,-1.04,初始止损,30.0
2025-03-17 09:30:00,2025-03-17 10:00:00,LONG,27,21552.0,21515.5,-2025.0,35.25,-1.06,初始止损,30.0
2025-03-18 09:30:00,2025-03-18 15:55:00,SHORT,28,21438.25,21300.75,7644.0,34.5,3.96,收盘平仓,385.0
2025-03-19 09:40:00,2025-03-19 09:45:00,SHORT,29,21320.25,21355.0,-2073.5,34.5,-1.04,初始止损,5.0
2025-03-20 09:30:00,2025-03-20 13:25:00,LONG,29,21460.5,21426.0,-2059.0,34.25,-1.04,初始止损,235.0
2025-03-21 09:40:00,2025-03-21 15:55:00,LONG,29,21278.0,21547.5,15573.0,33.75,7.96,收盘平仓,375.0
2025-03-24 09:30:00,2025-03-24 09:35:00,SHORT,31,21828.5,21862.25,-2154.5,33.25,-1.05,初始止损,5.0
2025-03-25 09:40:00,2025-03-25 10:00:00,SHORT,31,21988.5,22022.0,-2139.0,33.25,-1.04,初始止损,20.0
2025-03-26 09:30:00,2025-03-26 09:35:00,SHORT,32,22023.0,22055.25,-2128.0,31.75,-1.05,初始止损,5.0
2025-03-27 09:30:00,2025-03-27 09:50:00,SHORT,32,21591.25,21623.25,-2112.0,31.75,-1.04,初始止损,20.0
2025-03-28 10:00:00,2025-03-28 15:55:00,SHORT,32,21434.0,21056.0,24128.0,31.0,12.16,收盘平仓,355.0
2025-03-31 09:30:00,2025-03-31 09:35:00,SHORT,34,20627.75,20660.0,-2261.0,31.75,-1.05,初始止损,5.0
2025-04-01 09:30:00,2025-04-01 09:40:00,SHORT,33,20963.25,20996.25,-2244.0,32.25,-1.05,初始止损,10.0
2025-04-02 09:30:00,2025-04-02 15:55:00,LONG,33,21012.5,21341.0,21615.0,32.0,10.23,收盘平仓,385.0
2025-04-03 09:30:00,2025-04-03 09:35:00,LONG,35,20645.25,20612.0,-2397.5,32.75,-1.05,初始止损,5.0
2025-04-04 09:35:00,2025-04-04 09:45:00,SHORT,31,19697.75,19735.0,-2371.5,36.25,-1.06,初始止损,10.0
2025-04-07 09:30:00,2025-04-07 09:45:00,SHORT,28,18501.75,18542.5,-2338.0,39.75,-1.05,初始止损,15.0
2025-04-08 09:50:00,2025-04-08 10:55:00,LONG,24,19808.5,19761.25,-2316.0,46.0,-1.05,初始止损,65.0
2025-04-09 09:35:00,2025-04-09 09:40:00,LONG,22,19029.75,18978.5,-2299.0,50.25,-1.04,初始止损,5.0
2025-04-10 09:40:00,2025-04-10 09:45:00,SHORT,19,20324.0,20383.0,-2280.0,58.25,-1.03,初始止损,5.0
2025-04-11 09:45:00,2025-04-11 10:00:00,LONG,18,20167.25,20105.5,-2259.0,61.25,-1.02,初始止损,15.0
2025-04-14 09:35:00,2025-04-14 10:00:00,SHORT,18,20694.75,20756.0,-2241.0,60.25,-1.03,初始止损,25.0
2025-04-15 09:30:00,2025-04-15 10:20:00,LONG,18,20608.25,20547.5,-2223.0,58.75,-1.05,初始止损,50.0
2025-04-16 09:35:00,2025-04-16 09:45:00,LONG,19,20249.75,20192.5,-2213.5,56.0,-1.04,初始止损,10.0
2025-04-17 09:30:00,2025-04-17 09:50:00,SHORT,19,20006.0,20062.75,-2194.5,56.5,-1.02,初始止损,20.0
2025-04-21 09:30:00,2025-04-21 09:35:00,LONG,19,19746.0,19689.5,-2185.0,53.75,-1.07,初始止损,5.0
2025-04-22 09:30:00,2025-04-22 09:40:00,SHORT,19,19705.5,19761.5,-2166.0,53.5,-1.07,初始止损,10.0
2025-04-23 09:30:00,2025-04-23 09:35:00,LONG,19,20582.0,20526.25,-2156.5,53.0,-1.07,初始止损,5.0
2025-04-24 09:30:00,2025-04-24 15:55:00,LONG,19,20479.25,20914.25,16492.0,53.25,8.15,收盘平仓,385.0
2025-04-25 09:30:00,2025-04-25 09:45:00,LONG,21,20921.5,20868.75,-2257.5,52.5,-1.02,初始止损,15.0
2025-04-28 09:30:00,2025-04-28 09:40:00,SHORT,21,21091.75,21144.0,-2236.5,50.5,-1.05,初始止损,10.0
2025-04-29 09:40:00,2025-04-29 15:55:00,LONG,22,21066.5,21239.25,7557.0,48.75,3.52,收盘平仓,375.0
2025-04-30 09:35:00,2025-04-30 10:10:00,SHORT,23,20786.5,20835.0,-2277.0,46.75,-1.06,初始止损,35.0
2025-05-01 09:35:00,2025-05-01 09:45:00,SHORT,23,21505.0,21553.25,-2265.5,46.75,-1.05,初始止损,10.0
2025-05-02 09:45:00,2025-05-02 10:00:00,SHORT,23,21652.5,21700.5,-2254.0,46.0,-1.07,初始止损,15.0
2025-05-05 09:30:00,2025-05-05 15:55:00,LONG,24,21625.0,21660.0,1632.0,44.75,0.76,收盘平仓,385.0
2025-05-06 09:35:00,2025-05-06 09:45:00,LONG,25,21456.25,21412.25,-2250.0,42.75,-1.05,初始止损,10.0
2025-05-07 09:45:00,2025-05-07 09:55:00,SHORT,26,21468.75,21510.75,-2236.0,41.5,-1.04,初始止损,10.0
2025-05-08 09:30:00,2025-05-08 11:20:00,SHORT,26,21706.75,21748.5,-2223.0,40.5,-1.06,初始止损,110.0
2025-05-09 09:30:00,2025-05-09 09:45:00,LONG,27,21855.0,21815.25,-2200.5,39.75,-1.03,初始止损,15.0
2025-05-12 09:30:00,2025-05-12 09:50:00,SHORT,28,22400.5,22438.75,-2198.0,38.0,-1.03,初始止损,20.0
2025-05-13 09:30:00,2025-05-13 15:55:00,LONG,26,22632.0,22865.25,12077.0,39.75,5.84,收盘平仓,385.0
2025-05-14 09:30:00,2025-05-14 09:40:00,LONG,28,22990.0,22950.5,-2268.0,39.0,-1.04,初始止损,10.0
2025-05-15 09:30:00,2025-05-15 09:35:00,LONG,29,22927.0,22889.25,-2247.5,37.0,-1.05,初始止损,5.0
2025-05-16 09:40:00,2025-05-16 10:15:00,SHORT,30,23009.75,23046.0,-2235.0,36.0,-1.03,初始止损,35.0
2025-05-19 09:30:00,2025-05-19 15:55:00,LONG,31,22842.25,23117.75,17019.0,34.25,8.01,收盘平仓,385.0
2025-05-20 09:45:00,2025-05-20 09:50:00,SHORT,33,22969.25,23003.75,-2343.0,33.75,-1.05,初始止损,5.0
2025-05-21 09:30:00,2025-05-21 13:20:00,LONG,34,22913.75,22913.75,-68.0,32.5,-0.03,保本止损,230.0
2025-05-22 09:30:00,2025-05-22 09:35:00,SHORT,34,22718.75,22752.0,-2329.0,32.75,-1.05,初始止损,5.0
2025-05-23 09:30:00,2025-05-23 09:40:00,LONG,35,22503.5,22471.5,-2310.0,31.75,-1.04,初始止损,10.0
2025-05-26 09:30:00,2025-05-26 10:05:00,LONG,35,22894.0,22862.25,-2292.5,31.25,-1.05,初始止损,35.0
2025-05-27 09:30:00,2025-05-27 09:45:00,SHORT,35,22829.0,22860.5,-2275.0,30.75,-1.06,初始止损,15.0
2025-05-28 09:30:00,2025-05-28 09:45:00,LONG,36,23119.5,23089.0,-2268.0,30.25,-1.04,初始止损,15.0
2025-05-29 09:30:00,2025-05-29 15:55:00,SHORT,37,23204.5,23006.0,14615.0,29.25,6.75,收盘平仓,385.0
2025-05-30 09:40:00,2025-05-30 10:05:00,SHORT,39,22894.75,22924.0,-2359.5,29.25,-1.03,初始止损,25.0
2025-06-02 09:30:00,2025-06-02 09:45:00,LONG,39,22999.75,22970.75,-2340.0,29.0,-1.03,初始止损,15.0
2025-06-03 09:40:00,2025-06-03 15:55:00,LONG,39,23158.25,23299.0,10900.5,28.5,4.9,收盘平仓,375.0
2025-06-04 09:30:00,2025-06-04 10:00:00,LONG,41,23349.5,23321.0,-2419.0,28.0,-1.05,初始止损,30.0
2025-06-05 09:35:00,2025-06-05 09:40:00,SHORT,43,23343.0,23369.75,-2386.5,26.75,-1.04,初始止损,5.0
2025-06-06 09:35:00,2025-06-06 10:25:00,LONG,42,23411.5,23384.25,-2373.0,27.25,-1.04,初始止损,50.0
2025-06-09 09:30:00,2025-06-09 09:50:00,SHORT,42,23373.25,23400.25,-2352.0,26.75,-1.05,初始止损,20.0
2025-06-10 09:30:00,2025-06-10 09:35:00,SHORT,44,23420.25,23446.0,-2354.0,25.5,-1.05,初始止损,5.0
2025-06-11 09:30:00,2025-06-11 09:35:00,SHORT,44,23566.75,23592.25,-2332.0,25.25,-1.05,初始止损,5.0
2025-06-12 09:40:00,2025-06-12 09:55:00,LONG,44,23474.5,23449.25,-2310.0,24.75,-1.06,初始止损,15.0
2025-06-13 09:30:00,2025-06-13 09:35:00,LONG,46,23358.25,23334.25,-2300.0,24.0,-1.04,初始止损,5.0
2025-06-16 09:30:00,2025-06-16 15:55:00,LONG,45,23453.0,23557.75,9337.5,24.0,4.32,收盘平仓,385.0
2025-06-17 09:30:00,2025-06-17 09:40:00,LONG,46,23465.75,23441.25,-2346.0,24.25,-1.05,初始止损,10.0
2025-06-18 09:30:00,2025-06-18 09:35:00,SHORT,46,23312.25,23336.75,-2346.0,24.0,-1.06,初始止损,5.0
2025-06-19 09:35:00,2025-06-19 12:55:00,SHORT,47,23116.0,23084.75,2843.5,23.25,1.3,收盘平仓,200.0
2025-06-20 09:35:00,2025-06-20 09:45:00,LONG,48,23502.25,23478.75,-2352.0,23.25,-1.05,初始止损,10.0
2025-06-23 09:30:00,2025-06-23 09:35:00,SHORT,46,23165.75,23190.0,-2323.0,24.0,-1.05,初始止损,5.0
2025-06-24 09:40:00,2025-06-24 09:50:00,LONG,46,23693.0,23669.0,-2300.0,24.0,-1.04,初始止损,10.0
2025-06-25 09:30:00,2025-06-25 09:50:00,LONG,44,23899.75,23874.75,-2288.0,24.5,-1.06,初始止损,20.0
2025-06-26 09:35:00,2025-06-26 09:55:00,SHORT,46,23897.0,23920.75,-2277.0,23.5,-1.05,初始止损,20.0
2025-06-27 09:35:00,2025-06-27 13:45:00,LONG,47,24119.25,24096.25,-2256.0,23.0,-1.04,初始止损,250.0
2025-06-30 09:30:00,2025-06-30 10:10:00,SHORT,47,24207.0,24230.0,-2256.0,22.5,-1.07,初始止损,40.0
2025-07-01 09:45:00,2025-07-01 10:00:00,LONG,48,24201.25,24179.0,-2232.0,22.0,-1.06,初始止损,15.0
2025-07-02 09:30:00,2025-07-02 15:55:00,LONG,48,24049.75,24226.25,16848.0,22.0,7.98,收盘平仓,385.0
2025-07-03 09:30:00,2025-07-03 09:40:00,LONG,52,24345.75,24324.25,-2340.0,21.5,-1.05,初始止损,10.0
2025-07-04 09:35:00,2025-07-04 09:40:00,SHORT,52,24279.75,24301.0,-2314.0,21.25,-1.05,初始止损,5.0
2025-07-07 09:30:00,2025-07-07 09:35:00,SHORT,53,24308.0,24328.75,-2305.5,20.75,-1.05,初始止损,5.0
2025-07-08 09:30:00,2025-07-08 09:50:00,SHORT,54,24284.0,24304.25,-2295.0,20.25,-1.05,初始止损,20.0
2025-07-09 09:30:00,2025-07-09 10:30:00,LONG,55,24406.25,24386.5,-2282.5,19.5,-1.06,初始止损,60.0
2025-07-10 09:30:00,2025-07-10 15:55:00,SHORT,56,24413.75,24396.75,1792.0,19.25,0.83,收盘平仓,385.0
2025-07-11 09:30:00,2025-07-11 09:35:00,LONG,57,24312.5,24293.5,-2280.0,19.0,-1.05,初始止损,5.0
2025-07-14 09:40:00,2025-07-14 09:45:00,SHORT,58,24235.5,24254.0,-2262.0,18.5,-1.05,初始止损,5.0
2025-07-15 09:30:00,2025-07-15 09:35:00,SHORT,58,24543.25,24561.75,-2262.0,18.25,-1.07,初始止损,5.0
2025-07-16 09:30:00,2025-07-16 09:35:00,SHORT,58,24408.75,24427.0,-2233.0,18.0,-1.07,初始止损,5.0
2025-07-17 09:30:00,2025-07-17 09:40:00,SHORT,57,24466.5,24485.0,-2223.0,18.25,-1.07,初始止损,10.0
2025-07-18 10:00:00,2025-07-18 15:55:00,SHORT,58,24629.25,24608.25,2320.0,18.0,1.11,收盘平仓,355.0
2025-07-21 09:30:00,2025-07-21 15:55:00,LONG,60,24682.0,24726.5,5220.0,17.5,2.49,收盘平仓,385.0
2025-07-22 09:30:00,2025-07-22 09:35:00,SHORT,62,24671.25,24688.5,-2263.0,17.25,-1.06,初始止损,5.0
2025-07-23 09:30:00,2025-07-23 09:35:00,SHORT,61,24602.0,24619.5,-2257.0,17.25,-1.07,初始止损,5.0
2025-07-24 09:45:00,2025-07-24 09:50:00,LONG,62,24773.0,24756.0,-2232.0,17.0,-1.06,初始止损,5.0
2025-07-25 09:45:00,2025-07-25 15:55:00,LONG,63,24765.5,24804.25,4756.5,16.5,2.29,收盘平仓,370.0
2025-07-28 09:55:00,2025-07-28 10:10:00,LONG,66,24901.75,24885.5,-2277.0,16.0,-1.08,初始止损,15.0
2025-07-29 09:30:00,2025-07-29 09:40:00,LONG,68,25013.25,24997.75,-2244.0,15.5,-1.06,初始止损,10.0
2025-07-30 09:40:00,2025-07-30 09:45:00,LONG,66,24889.75,24873.75,-2244.0,15.75,-1.08,初始止损,5.0
2025-07-31 09:30:00,2025-07-31 09:55:00,SHORT,66,25060.25,25076.0,-2211.0,15.75,-1.06,初始止损,25.0
2025-08-01 09:30:00,2025-08-01 09:35:00,SHORT,60,24394.75,24412.0,-2190.0,17.0,-1.07,初始止损,5.0
2025-08-04 09:30:00,2025-08-04 15:55:00,LONG,53,24511.25,24678.5,17622.5,19.0,8.75,收盘平仓,385.0
2025-08-05 09:30:00,2025-08-05 09:35:00,SHORT,55,24690.5,24710.25,-2282.5,19.75,-1.05,初始止损,5.0
2025-08-06 09:30:00,2025-08-06 09:35:00,LONG,53,24601.25,24581.0,-2252.5,20.0,-1.06,初始止损,5.0
2025-08-07 09:35:00,2025-08-07 09:40:00,LONG,52,25015.0,24994.5,-2236.0,20.25,-1.06,初始止损,5.0
2025-08-08 09:35:00,2025-08-08 15:55:00,LONG,51,24960.0,25096.25,13795.5,20.5,6.6,收盘平仓,380.0
2025-08-11 09:30:00,2025-08-11 09:35:00,SHORT,54,25068.75,25089.25,-2322.0,20.25,-1.06,初始止损,5.0
2025-08-12 09:35:00,2025-08-12 09:40:00,LONG,55,25175.75,25155.75,-2310.0,20.0,-1.05,初始止损,5.0
2025-08-13 09:30:00,2025-08-13 09:40:00,LONG,54,25440.0,25419.75,-2295.0,20.25,-1.05,初始止损,10.0
2025-08-14 09:30:00,2025-08-14 11:25:00,LONG,54,25284.5,25264.25,-2295.0,20.0,-1.06,初始止损,115.0
2025-08-15 09:30:00,2025-08-15 09:35:00,SHORT,56,25238.25,25257.5,-2268.0,19.25,-1.05,初始止损,5.0
2025-08-18 09:30:00,2025-08-18 09:35:00,LONG,56,25196.75,25177.5,-2268.0,19.0,-1.07,初始止损,5.0
2025-08-19 09:30:00,2025-08-19 09:35:00,SHORT,58,25049.25,25067.5,-2233.0,18.25,-1.05,初始止损,5.0
2025-08-20 09:30:00,2025-08-20 09:35:00,SHORT,55,24752.75,24772.0,-2227.5,19.0,-1.07,初始止损,5.0
2025-08-21 09:35:00,2025-08-21 09:40:00,LONG,53,24658.25,24638.5,-2199.5,19.75,-1.05,初始止损,5.0
2025-08-22 09:30:00,2025-08-22 09:35:00,SHORT,52,24615.25,24635.25,-2184.0,19.75,-1.06,初始止损,5.0
2025-08-25 09:30:00,2025-08-25 09:35:00,SHORT,49,24851.5,24872.5,-2156.0,20.75,-1.06,初始止损,5.0
2025-08-26 09:30:00,2025-08-26 09:35:00,LONG,51,24884.25,24864.25,-2142.0,20.0,-1.05,初始止损,5.0
2025-08-27 09:40:00,2025-08-27 10:00:00,SHORT,52,24906.5,24926.0,-2132.0,19.5,-1.05,初始止损,20.0
2025-08-28 09:30:00,2025-08-28 09:35:00,LONG,53,25110.5,25091.5,-2120.0,19.0,-1.05,初始止损,5.0
2025-08-29 09:30:00,2025-08-29 15:55:00,SHORT,52,25020.0,24855.25,17030.0,19.0,8.62,收盘平仓,385.0
2025-09-01 09:30:00,2025-09-01 09:35:00,SHORT,54,24841.0,24860.75,-2241.0,19.5,-1.06,初始止损,5.0
2025-09-02 09:35:00,2025-09-02 11:05:00,LONG,57,24515.0,24515.0,-114.0,18.5,-0.05,保本止损,90.0
2025-09-03 09:30:00,2025-09-03 09:35:00,SHORT,53,24779.5,24799.5,-2226.0,19.75,-1.06,初始止损,5.0
2025-09-04 09:30:00,2025-09-04 09:35:00,LONG,52,24916.75,24896.75,-2184.0,19.75,-1.06,初始止损,5.0
2025-09-05 09:30:00,2025-09-05 09:40:00,SHORT,52,25229.25,25249.25,-2184.0,19.75,-1.06,初始止损,10.0
2025-09-08 09:30:00,2025-09-08 09:35:00,LONG,50,25201.75,25181.25,-2150.0,20.5,-1.05,初始止损,5.0
2025-09-09 09:30:00,2025-09-09 09:40:00,LONG,51,25224.5,25204.5,-2142.0,20.0,-1.05,初始止损,10.0
2025-09-10 09:30:00,2025-09-10 10:20:00,SHORT,52,25344.5,25364.0,-2132.0,19.5,-1.05,初始止损,50.0
2025-09-11 09:30:00,2025-09-11 09:35:00,LONG,52,25366.75,25347.25,-2132.0,19.25,-1.06,初始止损,5.0
2025-09-12 09:30:00,2025-09-12 10:00:00,SHORT,53,25416.25,25435.25,-2120.0,18.75,-1.07,初始止损,30.0
2025-09-15 09:30:00,2025-09-15 15:55:00,LONG,54,25586.25,25696.75,11826.0,18.25,6.0,收盘平仓,385.0
2025-09-16 09:30:00,2025-09-16 15:55:00,SHORT,57,25713.75,25667.75,5130.0,18.0,2.5,收盘平仓,385.0
2025-09-17 09:30:00,2025-09-17 09:50:00,SHORT,61,25644.75,25662.0,-2226.5,17.25,-1.06,初始止损,20.0
2025-09-18 09:30:00,2025-09-18 09:35:00,LONG,58,25841.75,25823.75,-2204.0,17.75,-1.07,初始止损,5.0
2025-09-19 09:45:00,2025-09-19 10:15:00,LONG,56,25936.75,25918.25,-2184.0,18.25,-1.07,初始止损,30.0
2025-09-22 09:30:00,2025-09-22 09:35:00,LONG,57,25993.5,25975.5,-2166.0,18.0,-1.06,初始止损,5.0
2025-09-23 09:30:00,2025-09-23 15:55:00,SHORT,56,26135.75,25975.0,17892.0,18.0,8.88,收盘平仓,385.0
2025-09-24 09:30:00,2025-09-24 15:55:00,SHORT,61,25984.25,25883.0,12230.5,17.75,5.65,收盘平仓,385.0
2025-09-25 09:30:00,2025-09-25 10:05:00,SHORT,62,25662.25,25680.5,-2387.0,18.0,-1.07,初始止损,35.0
2025-09-26 09:45:00,2025-09-26 09:50:00,LONG,60,25843.0,25824.25,-2370.0,18.5,-1.07,初始止损,5.0
2025-09-29 09:40:00,2025-09-29 11:10:00,LONG,60,26058.0,26039.5,-2340.0,18.25,-1.07,初始止损,90.0
2025-09-30 09:30:00,2025-09-30 09:35:00,SHORT,60,25906.0,25924.5,-2340.0,18.25,-1.07,初始止损,5.0
2025-10-01 09:30:00,2025-10-01 09:45:00,LONG,60,25959.5,25941.25,-2310.0,18.0,-1.07,初始止损,15.0
2025-10-02 09:30:00,2025-10-02 15:55:00,SHORT,58,26260.5,26253.0,754.0,18.5,0.35,收盘平仓,385.0
2025-10-03 09:30:00,2025-10-03 09:40:00,LONG,60,26288.75,26270.5,-2310.0,18.0,-1.07,初始止损,10.0
2025-10-06 09:30:00,2025-10-06 09:35:00,SHORT,60,26305.25,26323.25,-2280.0,18.0,-1.06,初始止损,5.0
2025-10-07 10:00:00,2025-10-07 10:05:00,SHORT,58,26363.0,26381.5,-2262.0,18.25,-1.07,初始止损,5.0
2025-10-08 09:30:00,2025-10-08 15:55:00,LONG,58,26267.0,26473.5,23838.0,18.25,11.26,收盘平仓,385.0
2025-10-09 09:30:00,2025-10-09 15:55:00,SHORT,61,26450.25,26438.0,1372.5,18.75,0.6,收盘平仓,385.0
2025-10-10 09:30:00,2025-10-10 10:15:00,LONG,63,26471.75,26453.5,-2425.5,18.25,-1.05,初始止损,45.0
2025-10-13 09:30:00,2025-10-13 09:40:00,SHORT,51,25903.0,25925.5,-2397.0,22.25,-1.06,初始止损,10.0
2025-10-14 09:30:00,2025-10-14 09:55:00,SHORT,47,25705.25,25729.5,-2373.5,23.75,-1.06,初始止损,25.0
2025-10-15 09:30:00,2025-10-15 09:35:00,SHORT,45,26104.5,26129.5,-2340.0,24.75,-1.05,初始止损,5.0
2025-10-16 09:40:00,2025-10-16 09:45:00,LONG,43,26235.5,26209.5,-2322.0,25.5,-1.06,初始止损,5.0
2025-10-17 09:30:00,2025-10-17 09:35:00,LONG,41,25922.5,25895.5,-2296.0,26.5,-1.06,初始止损,5.0
2025-10-20 09:30:00,2025-10-20 15:55:00,LONG,41,26329.5,26443.75,9286.5,26.75,4.23,收盘平仓,385.0
2025-10-21 09:40:00,2025-10-21 10:20:00,SHORT,42,26400.0,26427.0,-2352.0,26.75,-1.05,初始止损,40.0
2025-10-22 09:30:00,2025-10-22 09:35:00,SHORT,44,26328.0,26353.75,-2354.0,25.5,-1.05,初始止损,5.0
2025-10-23 09:30:00,2025-10-23 15:55:00,LONG,42,26175.0,26396.5,18522.0,26.5,8.32,收盘平仓,385.0
2025-10-24 09:35:00,2025-10-24 09:45:00,LONG,45,26649.75,26623.5,-2452.5,26.0,-1.05,初始止损,10.0
2025-10-27 09:55:00,2025-10-27 15:55:00,LONG,45,26992.25,27104.5,10012.5,26.0,4.28,收盘平仓,360.0
2025-10-28 09:30:00,2025-10-28 09:35:00,LONG,45,27213.75,27186.75,-2520.0,26.5,-1.06,初始止损,5.0
2025-10-29 09:30:00,2025-10-29 10:50:00,LONG,45,27421.5,27394.75,-2497.5,26.25,-1.06,初始止损,80.0
2025-10-30 09:30:00,2025-10-30 09:45:00,SHORT,46,27187.25,27213.25,-2484.0,25.75,-1.05,初始止损,15.0
2025-10-31 09:30:00,2025-10-31 15:55:00,SHORT,45,27303.25,27136.25,14940.0,26.0,6.38,收盘平仓,385.0
2025-11-03 09:35:00,2025-11-03 15:55:00,SHORT,47,27319.75,27253.75,6110.0,26.0,2.5,收盘平仓,380.0
2025-11-04 09:30:00,2025-11-04 09:35:00,SHORT,49,26821.25,26847.0,-2621.5,25.5,-1.05,初始止损,5.0
2025-11-05 09:30:00,2025-11-05 09:35:00,SHORT,46,26645.0,26672.25,-2599.0,26.75,-1.06,初始止损,5.0
2025-11-06 09:30:00,2025-11-06 09:45:00,SHORT,45,26789.0,26816.5,-2565.0,27.0,-1.06,初始止损,15.0
2025-11-07 09:30:00,2025-11-07 14:40:00,SHORT,43,26202.0,26202.0,-86.0,28.0,-0.04,保本止损,310.0
2025-11-10 09:30:00,2025-11-10 10:50:00,LONG,42,26714.0,26684.75,-2541.0,29.0,-1.04,初始止损,80.0
2025-11-11 09:45:00,2025-11-11 09:55:00,SHORT,40,26726.5,26757.0,-2520.0,30.0,-1.05,初始止损,10.0
2025-11-12 09:30:00,2025-11-12 15:55:00,SHORT,41,26822.0,26768.75,4284.5,29.25,1.79,收盘平仓,385.0
2025-11-13 09:30:00,2025-11-13 10:10:00,SHORT,42,26578.0,26607.25,-2541.0,28.75,-1.05,初始止损,40.0
2025-11-14 09:30:00,2025-11-14 09:35:00,SHORT,40,25787.0,25817.5,-2520.0,30.0,-1.05,初始止损,5.0
2025-11-17 09:30:00,2025-11-17 10:05:00,LONG,38,26238.0,26206.25,-2489.0,31.25,-1.05,初始止损,35.0
2025-11-18 09:40:00,2025-11-18 09:45:00,SHORT,37,25799.25,25831.75,-2479.0,32.0,-1.05,初始止损,5.0
2025-11-19 09:35:00,2025-11-19 11:25:00,LONG,36,25821.5,25821.5,-72.0,32.5,-0.03,保本止损,110.0
2025-11-20 09:30:00,2025-11-20 09:35:00,SHORT,36,26332.75,26366.0,-2466.0,32.75,-1.05,初始止损,5.0
2025-11-21 09:35:00,2025-11-21 09:40:00,SHORT,32,25319.25,25356.25,-2432.0,36.75,-1.03,初始止损,5.0
2025-11-24 09:30:00,2025-11-24 09:40:00,LONG,31,25825.5,25787.5,-2418.0,37.75,-1.03,初始止损,10.0
2025-11-25 09:35:00,2025-11-25 11:20:00,SHORT,30,25980.0,26019.0,-2400.0,38.75,-1.03,初始止损,105.0
2025-11-26 09:30:00,2025-11-26 09:35:00,LONG,29,26384.0,26344.0,-2378.0,38.75,-1.06,初始止损,5.0
2025-11-27 09:30:00,2025-11-27 12:55:00,LONG,30,26455.0,26445.25,-645.0,37.5,-0.29,收盘平仓,205.0
2025-11-28 09:30:00,2025-11-28 09:40:00,LONG,32,26540.0,26504.0,-2368.0,35.0,-1.06,初始止损,10.0
2025-12-01 09:50:00,2025-12-01 10:25:00,LONG,33,26489.5,26455.0,-2343.0,33.75,-1.05,初始止损,35.0
2025-12-02 09:30:00,2025-12-02 11:20:00,LONG,34,26669.5,26636.25,-2329.0,32.75,-1.05,初始止损,110.0
2025-12-04 09:30:00,2025-12-04 09:35:00,SHORT,36,26710.0,26741.25,-2322.0,31.0,-1.04,初始止损,5.0
2025-12-05 09:30:00,2025-12-05 09:40:00,LONG,37,26901.75,26871.5,-2312.5,30.0,-1.04,初始止损,10.0
2025-12-08 09:30:00,2025-12-08 09:40:00,LONG,38,26974.5,26945.25,-2299.0,29.0,-1.04,初始止损,10.0
2025-12-09 09:30:00,2025-12-09 09:35:00,SHORT,38,26724.0,26753.0,-2280.0,28.5,-1.05,初始止损,5.0
2025-12-10 09:30:00,2025-12-10 09:35:00,SHORT,39,26759.25,26787.25,-2262.0,27.5,-1.05,初始止损,5.0
2025-12-11 09:30:00,2025-12-11 09:35:00,SHORT,39,26717.0,26744.75,-2242.5,27.5,-1.05,初始止损,5.0
2025-12-12 09:40:00,2025-12-12 15:55:00,SHORT,39,26696.5,26353.0,26715.0,27.5,12.45,收盘平仓,375.0
2025-12-15 09:30:00,2025-12-15 09:35:00,SHORT,40,26459.0,26488.25,-2420.0,28.75,-1.05,初始止损,5.0
2025-12-16 09:35:00,2025-12-16 09:40:00,LONG,40,26192.75,26163.75,-2400.0,28.75,-1.04,初始止损,5.0
2025-12-17 09:30:00,2025-12-17 15:55:00,SHORT,40,26285.25,25777.5,40540.0,28.25,17.94,收盘平仓,385.0
2025-12-18 09:35:00,2025-12-18 09:50:00,SHORT,44,26099.25,26128.75,-2684.0,29.25,-1.04,初始止损,15.0
2025-12-19 09:30:00,2025-12-19 09:35:00,LONG,42,26338.25,26307.75,-2646.0,30.0,-1.05,初始止损,5.0
2025-12-22 09:30:00,2025-12-22 09:50:00,SHORT,42,26591.75,26622.25,-2646.0,29.75,-1.06,初始止损,20.0
2025-12-23 09:30:00,2025-12-23 09:55:00,LONG,44,26591.0,26562.25,-2618.0,28.75,-1.03,初始止损,25.0
2025-12-24 10:10:00,2025-12-24 13:10:00,LONG,45,26713.5,26750.0,3195.0,27.75,1.28,收盘平仓,180.0
2025-12-26 09:35:00,2025-12-26 09:50:00,LONG,48,26802.5,26776.0,-2640.0,26.25,-1.05,初始止损,15.0
2025-12-29 09:30:00,2025-12-29 10:05:00,LONG,50,26605.75,26580.5,-2625.0,25.0,-1.05,初始止损,35.0
2025-12-30 09:45:00,2025-12-30 10:10:00,LONG,51,26621.75,26597.25,-2601.0,24.25,-1.05,初始止损,25.0
2025-12-31 09:30:00,2025-12-31 15:55:00,SHORT,53,26551.5,26340.5,22260.0,23.25,9.03,收盘平仓,385.0
2026-01-02 09:35:00,2026-01-02 09:40:00,SHORT,57,26537.75,26561.0,-2764.5,23.0,-1.05,初始止损,5.0
2026-01-05 09:35:00,2026-01-05 09:40:00,SHORT,53,26453.75,26478.5,-2729.5,24.25,-1.06,初始止损,5.0
2026-01-06 09:30:00,2026-01-06 09:40:00,LONG,53,26533.5,26509.0,-2703.0,24.25,-1.05,初始止损,10.0
2026-01-07 09:30:00,2026-01-07 09:35:00,LONG,54,26707.25,26683.25,-2700.0,23.75,-1.05,初始止损,5.0
2026-01-08 09:30:00,2026-01-08 09:35:00,SHORT,55,26591.25,26614.5,-2667.5,23.25,-1.04,初始止损,5.0
2026-01-09 09:30:00,2026-01-09 09:35:00,SHORT,55,26560.75,26583.75,-2640.0,23.0,-1.04,初始止损,5.0
2026-01-12 09:30:00,2026-01-12 15:55:00,LONG,53,26740.75,26837.5,10149.5,23.5,4.07,收盘平仓,385.0
2026-01-13 09:35:00,2026-01-13 09:40:00,LONG,55,26893.75,26870.25,-2695.0,23.25,-1.05,初始止损,5.0
2026-01-14 09:30:00,2026-01-14 09:35:00,LONG,56,26665.0,26642.0,-2688.0,22.75,-1.05,初始止损,5.0
2026-01-15 09:30:00,2026-01-15 09:40:00,SHORT,53,26774.0,26798.25,-2676.5,23.75,-1.06,初始止损,10.0
2026-01-16 09:40:00,2026-01-16 15:55:00,SHORT,53,26705.75,26569.75,14310.0,23.75,5.68,收盘平仓,375.0
2026-01-19 09:30:00,2026-01-19 09:50:00,SHORT,55,26151.75,26175.75,-2750.0,23.75,-1.05,初始止损,20.0
2026-01-20 09:30:00,2026-01-20 09:35:00,LONG,53,26232.25,26207.5,-2729.5,24.5,-1.05,初始止损,5.0
2026-01-21 09:50:00,2026-01-21 11:45:00,LONG,53,26174.0,26174.0,-106.0,24.5,-0.04,保本止损,115.0
2026-01-22 09:30:00,2026-01-22 09:35:00,SHORT,50,26551.75,26577.75,-2700.0,25.5,-1.06,初始止损,5.0
2026-01-23 09:40:00,2026-01-23 09:45:00,LONG,51,26499.75,26474.5,-2677.5,25.0,-1.05,初始止损,5.0
2026-01-26 09:30:00,2026-01-26 15:55:00,LONG,51,26655.25,26730.25,7548.0,24.75,2.99,收盘平仓,385.0
2026-01-27 09:30:00,2026-01-27 09:50:00,SHORT,53,26847.0,26871.75,-2729.5,24.25,-1.06,初始止损,20.0
2026-01-28 09:40:00,2026-01-28 09:45:00,LONG,54,27170.25,27146.25,-2700.0,24.0,-1.04,初始止损,5.0
2026-01-29 09:30:00,2026-01-29 15:55:00,SHORT,54,26982.5,26876.75,11313.0,23.5,4.46,收盘平仓,385.0
2026-01-30 09:30:00,2026-01-30 09:35:00,LONG,52,26775.25,26749.75,-2756.0,25.25,-1.05,初始止损,5.0
2026-02-02 09:30:00,2026-02-02 15:55:00,LONG,51,26522.75,26741.75,22236.0,25.75,8.47,收盘平仓,385.0
2026-02-03 09:30:00,2026-02-03 15:55:00,SHORT,53,26760.5,26330.75,45447.5,26.0,16.49,收盘平仓,385.0
2026-02-04 09:30:00,2026-02-04 09:35:00,SHORT,55,26172.25,26200.5,-3217.5,28.0,-1.04,初始止损,5.0
2026-02-05 09:35:00,2026-02-05 09:40:00,LONG,51,25786.5,25756.25,-3187.5,29.75,-1.05,初始止损,5.0
2026-02-06 09:30:00,2026-02-06 09:35:00,LONG,51,25742.0,25712.0,-3162.0,30.0,-1.03,初始止损,5.0
2026-02-09 09:35:00,2026-02-09 09:50:00,LONG,49,26011.0,25980.0,-3136.0,31.0,-1.03,初始止损,15.0
2026-02-10 09:30:00,2026-02-10 09:55:00,SHORT,48,26247.5,26279.0,-3120.0,31.25,-1.04,初始止损,25.0
2026-02-11 09:30:00,2026-02-11 09:35:00,SHORT,49,26270.5,26301.0,-3087.0,30.25,-1.04,初始止损,5.0
2026-02-12 09:40:00,2026-02-12 15:55:00,SHORT,48,26193.5,25648.75,52200.0,30.5,17.83,收盘平仓,375.0
2026-02-13 09:35:00,2026-02-13 09:40:00,SHORT,52,25557.0,25589.25,-3458.0,31.75,-1.05,初始止损,5.0
2026-02-16 09:35:00,2026-02-16 09:55:00,SHORT,52,25616.25,25648.25,-3432.0,31.75,-1.04,初始止损,20.0
2026-02-17 09:30:00,2026-02-17 09:40:00,LONG,54,25643.5,25613.0,-3402.0,30.25,-1.04,初始止损,10.0
2026-02-18 09:30:00,2026-02-18 09:35:00,SHORT,53,25653.0,25683.75,-3365.5,30.5,-1.04,初始止损,5.0
2026-02-19 09:35:00,2026-02-19 09:40:00,SHORT,53,25700.25,25731.0,-3365.5,30.25,-1.05,初始止损,5.0
2026-02-20 09:30:00,2026-02-20 15:55:00,LONG,55,25690.5,25960.0,29535.0,29.25,9.18,收盘平仓,385.0
2026-02-23 09:30:00,2026-02-23 09:35:00,LONG,58,25890.25,25860.75,-3538.0,29.5,-1.03,初始止损,5.0
2026-02-24 09:30:00,2026-02-24 09:35:00,SHORT,57,25624.25,25654.25,-3534.0,29.75,-1.04,初始止损,5.0
2026-02-25 09:30:00,2026-02-25 15:55:00,LONG,57,26108.25,26269.75,18297.0,29.5,5.44,收盘平仓,385.0
2026-02-26 09:30:00,2026-02-26 15:55:00,SHORT,59,26157.0,25968.5,22125.0,29.5,6.36,收盘平仓,385.0
2026-02-27 09:30:00,2026-02-27 09:35:00,LONG,60,25765.75,25735.25,-3780.0,30.25,-1.04,初始止损,5.0
2026-03-02 09:30:00,2026-03-02 09:35:00,LONG,61,25718.0,25688.25,-3751.5,29.5,-1.04,初始止损,5.0
2026-03-03 09:35:00,2026-03-03 09:40:00,LONG,59,25479.0,25448.5,-3717.0,30.25,-1.04,初始止损,5.0
2026-03-04 09:30:00,2026-03-04 09:35:00,LONG,56,25849.75,25817.75,-3696.0,31.5,-1.05,初始止损,5.0
2026-03-05 09:30:00,2026-03-05 09:40:00,LONG,56,25979.0,25947.25,-3668.0,31.75,-1.03,初始止损,10.0
2026-03-06 09:30:00,2026-03-06 09:35:00,LONG,55,25591.0,25558.75,-3657.5,31.75,-1.05,初始止损,5.0
2026-03-09 09:30:00,2026-03-09 09:35:00,LONG,54,25362.5,25330.0,-3618.0,32.0,-1.05,初始止损,5.0
2026-03-10 09:30:00,2026-03-10 09:40:00,LONG,51,25910.25,25876.0,-3595.5,33.75,-1.04,初始止损,10.0
2026-03-11 09:30:00,2026-03-11 09:45:00,LONG,52,25961.75,25928.5,-3562.0,33.0,-1.04,初始止损,15.0
2026-03-12 09:45:00,2026-03-12 15:55:00,SHORT,53,25621.75,25440.5,19106.5,32.25,5.59,收盘平仓,370.0
2026-03-13 09:40:00,2026-03-13 09:50:00,LONG,55,25655.0,25622.5,-3685.0,32.25,-1.04,初始止损,10.0
2026-03-16 09:30:00,2026-03-16 10:35:00,LONG,54,25556.75,25524.0,-3645.0,32.5,-1.04,初始止损,65.0
2026-03-17 09:30:00,2026-03-17 10:15:00,LONG,54,25707.75,25675.25,-3618.0,32.25,-1.04,初始止损,45.0
2026-03-18 09:30:00,2026-03-18 10:10:00,LONG,55,25595.75,25564.0,-3602.5,31.25,-1.05,初始止损,40.0
2026-03-19 09:30:00,2026-03-19 09:35:00,SHORT,55,25008.5,25040.0,-3575.0,31.0,-1.05,初始止损,5.0
2026-03-20 09:30:00,2026-03-20 09:40:00,SHORT,55,25051.75,25083.0,-3547.5,30.75,-1.05,初始止损,10.0
2026-03-23 09:30:00,2026-03-23 09:35:00,SHORT,53,25128.5,25160.75,-3524.5,31.75,-1.05,初始止损,5.0
2026-03-24 09:30:00,2026-03-24 09:35:00,LONG,52,24955.5,24923.0,-3484.0,32.5,-1.03,初始止损,5.0
2026-03-25 09:45:00,2026-03-25 10:10:00,SHORT,53,25069.5,25101.25,-3471.5,31.75,-1.03,初始止损,25.0
2026-03-26 09:35:00,2026-03-26 09:40:00,SHORT,53,24719.75,24751.25,-3445.0,31.0,-1.05,初始止损,5.0
2026-03-27 09:30:00,2026-03-27 09:35:00,SHORT,51,24215.25,24247.75,-3417.0,32.0,-1.05,初始止损,5.0
2026-03-30 09:30:00,2026-03-30 15:55:00,SHORT,50,24115.0,23786.75,32725.0,32.5,10.07,收盘平仓,385.0
2026-03-31 09:30:00,2026-03-31 09:35:00,LONG,53,24109.25,24076.0,-3630.5,33.0,-1.04,初始止损,5.0
2026-04-01 09:30:00,2026-04-01 09:40:00,LONG,49,24808.75,24773.0,-3601.5,35.0,-1.05,初始止损,10.0
2026-04-02 09:30:00,2026-04-02 09:35:00,LONG,49,24440.25,24404.75,-3577.0,35.0,-1.04,初始止损,5.0
2026-04-06 09:30:00,2026-04-06 09:35:00,LONG,48,25006.0,24970.0,-3552.0,35.5,-1.04,初始止损,5.0
2026-04-07 09:45:00,2026-04-07 09:50:00,SHORT,49,24817.75,24852.75,-3528.0,34.5,-1.04,初始止损,5.0
2026-04-08 09:30:00,2026-04-08 15:55:00,SHORT,49,25814.75,25731.25,8085.0,34.25,2.41,收盘平仓,385.0
2026-04-09 09:40:00,2026-04-09 09:45:00,LONG,47,25751.25,25714.5,-3548.5,36.5,-1.03,初始止损,5.0
2026-04-10 09:30:00,2026-04-10 09:40:00,LONG,48,25987.25,25951.5,-3528.0,35.5,-1.04,初始止损,10.0
2026-04-13 09:30:00,2026-04-13 09:35:00,LONG,50,25872.25,25838.25,-3500.0,34.0,-1.03,初始止损,5.0
2026-04-14 09:30:00,2026-04-14 15:55:00,LONG,50,26369.75,26652.0,28125.0,33.75,8.33,收盘平仓,385.0
2026-04-15 09:35:00,2026-04-15 09:40:00,LONG,53,26702.75,26669.0,-3683.5,33.75,-1.03,初始止损,5.0
2026-04-16 09:30:00,2026-04-16 11:00:00,SHORT,53,27045.25,27078.75,-3657.0,33.5,-1.03,初始止损,90.0
2026-04-17 09:30:00,2026-04-17 09:35:00,SHORT,54,27323.25,27356.0,-3645.0,32.5,-1.04,初始止损,5.0
2026-04-20 09:30:00,2026-04-20 09:35:00,LONG,53,27463.5,27430.5,-3604.0,32.5,-1.05,初始止损,5.0
2026-04-21 09:30:00,2026-04-21 09:50:00,SHORT,55,27410.25,27441.75,-3575.0,31.5,-1.03,初始止损,20.0
2026-04-22 10:05:00,2026-04-22 15:55:00,LONG,55,27540.5,27731.25,20872.5,31.0,6.12,收盘平仓,350.0
2026-04-23 09:35:00,2026-04-23 09:55:00,LONG,57,27697.25,27665.75,-3705.0,31.25,-1.04,初始止损,20.0
2026-04-24 09:50:00,2026-04-24 10:00:00,SHORT,56,27824.5,27856.5,-3696.0,31.5,-1.05,初始止损,10.0
2026-04-27 09:30:00,2026-04-27 09:35:00,SHORT,54,28020.25,28053.0,-3645.0,32.25,-1.05,初始止损,5.0
2026-04-28 09:40:00,2026-04-28 09:50:00,LONG,57,27864.25,27833.5,-3619.5,30.75,-1.03,初始止损,10.0
2026-04-29 09:30:00,2026-04-29 09:35:00,SHORT,56,27798.25,27829.5,-3612.0,30.75,-1.05,初始止损,5.0
2026-04-30 09:30:00,2026-04-30 10:55:00,SHORT,58,27996.5,28026.5,-3596.0,29.75,-1.04,初始止损,85.0
2026-05-01 09:30:00,2026-05-01 15:55:00,LONG,57,28387.5,28488.5,11400.0,30.0,3.33,收盘平仓,385.0
2026-05-04 09:55:00,2026-05-04 10:05:00,LONG,59,28547.25,28517.5,-3628.5,29.75,-1.03,初始止损,10.0
2026-05-05 09:30:00,2026-05-05 15:55:00,LONG,59,28676.5,28787.0,12921.0,29.5,3.71,收盘平仓,385.0
2026-05-06 09:40:00,2026-05-06 09:50:00,LONG,60,29133.0,29103.0,-3720.0,29.5,-1.05,初始止损,10.0
2026-05-07 09:35:00,2026-05-07 09:40:00,LONG,58,29424.5,29393.75,-3683.0,30.5,-1.04,初始止损,5.0
2026-05-08 09:30:00,2026-05-08 15:55:00,LONG,57,29614.75,29991.0,42778.5,30.5,12.3,收盘平仓,385.0
2026-05-11 09:30:00,2026-05-11 09:35:00,LONG,60,30078.0,30046.0,-3960.0,31.75,-1.04,初始止损,5.0
2026-05-12 09:40:00,2026-05-12 09:45:00,LONG,61,29936.0,29904.75,-3934.5,30.75,-1.05,初始止损,5.0
2026-05-13 09:35:00,2026-05-13 09:40:00,SHORT,58,29855.5,29888.0,-3886.0,32.25,-1.04,初始止损,5.0
2026-05-14 09:30:00,2026-05-14 15:55:00,LONG,57,30201.25,30338.0,15475.5,32.5,4.18,收盘平仓,385.0
2026-05-15 09:55:00,2026-05-15 10:00:00,SHORT,60,29794.5,29826.75,-3990.0,32.0,-1.04,初始止损,5.0
2026-05-18 09:30:00,2026-05-18 15:55:00,SHORT,58,29939.5,29750.0,21866.0,33.0,5.71,收盘平仓,385.0
2026-05-19 09:30:00,2026-05-19 09:40:00,LONG,59,29609.0,29575.25,-4100.5,33.5,-1.04,初始止损,10.0
2026-05-20 09:30:00,2026-05-20 09:35:00,LONG,59,29786.75,29753.25,-4071.0,33.5,-1.03,初始止损,5.0
2026-05-21 09:30:00,2026-05-21 09:35:00,LONG,58,29915.75,29881.75,-4060.0,33.75,-1.04,初始止损,5.0
2026-05-22 09:30:00,2026-05-22 09:45:00,LONG,58,30300.25,30266.5,-4031.0,33.5,-1.04,初始止损,15.0
2026-05-25 09:35:00,2026-05-25 10:30:00,LONG,59,30623.25,30590.5,-3982.5,32.75,-1.03,初始止损,55.0
2026-05-26 09:30:00,2026-05-26 09:40:00,SHORT,58,30504.0,30537.25,-3973.0,32.75,-1.05,初始止损,10.0
2026-05-27 09:30:00,2026-05-27 15:55:00,SHORT,59,30792.0,30698.5,10915.0,32.0,2.89,收盘平仓,385.0
2026-05-28 09:30:00,2026-05-28 10:05:00,SHORT,61,30662.0,30694.0,-4026.0,31.5,-1.05,初始止损,35.0
2026-05-29 09:35:00,2026-05-29 10:15:00,LONG,61,31080.5,31048.75,-3995.5,31.5,-1.04,初始止损,40.0
2026-06-02 09:30:00,2026-06-02 09:45:00,SHORT,62,31128.0,31159.0,-3968.0,30.5,-1.05,初始止损,15.0
2026-06-03 09:40:00,2026-06-03 10:10:00,SHORT,63,31275.0,31305.25,-3937.5,30.0,-1.04,初始止损,30.0
2026-06-04 09:30:00,2026-06-04 09:35:00,LONG,64,30994.75,30965.25,-3904.0,29.5,-1.03,初始止损,5.0
2026-06-05 09:35:00,2026-06-05 15:55:00,SHORT,62,30655.0,29667.0,122388.0,30.0,32.9,收盘平仓,380.0
2026-06-08 09:30:00,2026-06-08 09:35:00,SHORT,64,30068.75,30104.75,-4736.0,36.0,-1.03,初始止损,5.0
2026-06-09 09:30:00,2026-06-09 09:35:00,SHORT,61,30301.0,30338.5,-4697.0,37.25,-1.03,初始止损,5.0
2026-06-10 09:30:00,2026-06-10 09:35:00,SHORT,52,29431.5,29475.25,-4654.0,43.25,-1.03,初始止损,5.0
2026-06-11 09:30:00,2026-06-11 09:35:00,SHORT,50,29337.75,29383.0,-4625.0,44.25,-1.05,初始止损,5.0
2026-06-12 09:30:00,2026-06-12 09:35:00,SHORT,48,29990.25,30037.0,-4584.0,46.5,-1.03,初始止损,5.0
2026-06-15 09:30:00,2026-06-15 15:55:00,LONG,48,30659.25,30872.75,20400.0,46.0,4.62,收盘平仓,385.0
2026-06-16 09:35:00,2026-06-16 09:40:00,SHORT,49,30781.5,30828.25,-4679.5,46.0,-1.04,初始止损,5.0
2026-06-17 09:30:00,2026-06-17 09:40:00,SHORT,49,30441.25,30487.75,-4655.0,46.0,-1.03,初始止损,10.0
2026-06-18 09:35:00,2026-06-18 09:45:00,SHORT,49,30451.0,30497.25,-4630.5,46.0,-1.03,初始止损,10.0
2026-06-19 09:45:00,2026-06-19 12:55:00,LONG,47,30670.5,30647.0,-2303.0,47.0,-0.52,收盘平仓,190.0
2026-06-22 09:30:00,2026-06-22 09:35:00,SHORT,50,30783.75,30828.5,-4575.0,44.0,-1.04,初始止损,5.0
2026-06-23 09:30:00,2026-06-23 09:35:00,LONG,51,29768.25,29724.75,-4539.0,43.25,-1.03,初始止损,5.0
2026-06-24 09:30:00,2026-06-24 09:35:00,LONG,47,29808.25,29761.25,-4512.0,46.0,-1.04,初始止损,5.0
2026-06-25 09:30:00,2026-06-25 15:55:00,SHORT,47,30057.75,29749.5,28881.5,46.25,6.64,收盘平仓,385.0
2026-06-26 09:55:00,2026-06-26 14:55:00,LONG,48,29440.5,29392.75,-4680.0,47.75,-1.02,初始止损,300.0
2026-06-29 09:30:00,2026-06-29 09:35:00,LONG,48,29760.25,29712.75,-4656.0,47.25,-1.03,初始止损,5.0
2026-06-30 09:30:00,2026-06-30 15:55:00,LONG,46,30179.0,30513.5,30682.0,48.25,6.91,收盘平仓,385.0
2026-07-01 09:30:00,2026-07-01 09:40:00,SHORT,49,30117.5,30165.75,-4826.5,47.75,-1.03,初始止损,10.0
2026-07-02 09:35:00,2026-07-02 09:40:00,SHORT,50,30054.75,30101.75,-4800.0,46.75,-1.03,初始止损,5.0
2026-07-03 09:30:00,2026-07-03 12:55:00,LONG,47,29930.0,29901.75,-2749.5,48.75,-0.6,收盘平仓,205.0
2026-07-06 09:45:00,2026-07-06 10:00:00,LONG,48,29952.0,29903.5,-4752.0,47.5,-1.04,初始止损,15.0
2026-07-07 09:30:00,2026-07-07 09:40:00,SHORT,50,29532.5,29578.75,-4725.0,45.75,-1.03,初始止损,10.0
2026-07-08 09:30:00,2026-07-08 09:35:00,LONG,49,29303.5,29256.75,-4679.5,46.5,-1.03,初始止损,5.0
2026-07-09 09:30:00,2026-07-09 10:15:00,LONG,49,29778.75,29732.25,-4655.0,45.5,-1.04,初始止损,45.0
2026-07-10 09:30:00,2026-07-10 09:35:00,LONG,49,29902.75,29856.75,-4606.0,45.25,-1.04,初始止损,5.0
2026-07-13 09:30:00,2026-07-13 10:25:00,SHORT,50,29644.75,29689.5,-4575.0,44.25,-1.03,初始止损,55.0
2026-07-14 09:30:00,2026-07-14 09:35:00,SHORT,50,29694.5,29739.0,-4550.0,44.5,-1.02,初始止损,5.0
2026-07-15 09:35:00,2026-07-15 15:55:00,SHORT,50,29882.25,29701.0,18025.0,43.5,4.14,收盘平仓,380.0
2026-07-16 09:35:00,2026-07-16 09:40:00,SHORT,52,29384.75,29428.5,-4654.0,43.5,-1.03,初始止损,5.0
2026-07-17 09:30:00,2026-07-17 09:50:00,SHORT,51,28553.25,28597.5,-4615.5,43.75,-1.03,初始止损,20.0
2026-07-20 09:30:00,2026-07-20 09:50:00,LONG,49,29136.5,29090.75,-4581.5,45.0,-1.04,初始止损,20.0
2026-07-21 09:30:00,2026-07-21 09:35:00,SHORT,50,29147.25,29191.75,-4550.0,44.0,-1.03,初始止损,5.0
2026-07-22 09:30:00,2026-07-22 15:55:00,LONG,50,29151.0,29160.5,850.0,44.0,0.19,收盘平仓,385.0
2026-07-23 09:40:00,2026-07-23 09:45:00,LONG,52,28857.0,28814.5,-4524.0,42.25,-1.03,初始止损,5.0
2026-07-24 09:35:00,2026-07-24 11:40:00,SHORT,51,28528.25,28571.25,-4488.0,43.0,-1.02,初始止损,125.0
2026-07-27 09:30:00,2026-07-27 09:35:00,SHORT,51,28536.5,28579.25,-4462.5,42.25,-1.04,初始止损,5.0
2026-07-28 09:30:00,2026-07-28 09:35:00,SHORT,50,27877.0,27920.25,-4425.0,43.0,-1.03,初始止损,5.0
2026-07-29 09:30:00,2026-07-29 09:35:00,LONG,49,27957.25,27913.5,-4385.5,43.0,-1.04,初始止损,5.0
2026-07-30 09:35:00,2026-07-30 15:55:00,LONG,48,27889.25,28229.0,32520.0,44.0,7.7,收盘平仓,380.0
2026-07-31 09:30:00,2026-07-31 09:35:00,LONG,48,28682.25,28635.5,-4584.0,46.0,-1.04,初始止损,5.0
2026-08-03 09:30:00,2026-08-03 09:35:00,SHORT,48,28380.75,28427.25,-4560.0,46.25,-1.03,初始止损,5.0
2026-08-04 09:30:00,2026-08-04 15:55:00,LONG,47,29382.75,29877.75,46436.0,46.5,10.62,收盘平仓,385.0
2026-08-05 09:30:00,2026-08-05 09:35:00,LONG,48,30013.0,29963.5,-4848.0,48.75,-1.04,初始止损,5.0
2026-08-06 09:40:00,2026-08-06 15:55:00,LONG,49,29458.75,29496.75,3626.0,48.0,0.77,收盘平仓,375.0
2026-08-07 09:55:00,2026-08-07 10:20:00,SHORT,50,29677.25,29724.75,-4850.0,46.75,-1.04,初始止损,25.0
2026-08-10 09:30:00,2026-08-10 09:35:00,SHORT,51,29740.75,29787.0,-4819.5,45.5,-1.04,初始止损,5.0
2026-08-11 09:30:00,2026-08-11 10:05:00,SHORT,54,29737.5,29780.75,-4779.0,43.25,-1.02,初始止损,35.0
2026-08-12 09:30:00,2026-08-12 09:35:00,SHORT,55,29878.5,29920.75,-4757.5,41.75,-1.04,初始止损,5.0
2026-08-13 09:30:00,2026-08-13 15:55:00,LONG,56,29945.5,30194.75,27804.0,40.75,6.09,收盘平仓,385.0
2026-08-14 09:30:00,2026-08-14 09:40:00,SHORT,60,30206.25,30246.25,-4920.0,40.0,-1.02,初始止损,10.0
2026-08-17 09:30:00,2026-08-17 09:35:00,SHORT,61,30196.5,30235.5,-4880.0,38.5,-1.04,初始止损,5.0
2026-08-18 09:35:00,2026-08-18 09:40:00,LONG,64,29734.25,29697.25,-4864.0,37.0,-1.03,初始止损,5.0
2026-08-19 09:30:00,2026-08-19 15:55:00,SHORT,62,29673.0,29522.0,18600.0,37.5,4.0,收盘平仓,385.0
2026-08-20 09:30:00,2026-08-20 09:45:00,LONG,65,29403.25,29366.0,-4972.5,36.75,-1.04,初始止损,15.0
2026-08-21 09:30:00,2026-08-21 11:30:00,SHORT,67,29362.25,29398.0,-4924.5,35.75,-1.03,初始止损,120.0
2026-08-24 09:30:00,2026-08-24 11:35:00,SHORT,68,29112.75,29147.75,-4896.0,34.75,-1.04,初始止损,125.0
2026-08-25 09:30:00,2026-08-25 09:35:00,LONG,68,29375.25,29340.5,-4862.0,34.5,-1.04,初始止损,5.0
2026-08-26 09:30:00,2026-08-26 09:35:00,LONG,69,29256.0,29222.0,-4830.0,33.75,-1.04,初始止损,5.0
2026-08-27 09:30:00,2026-08-27 09:40:00,SHORT,71,29463.5,29496.25,-4792.5,32.5,-1.04,初始止损,10.0
2026-08-28 09:30:00,2026-08-28 09:35:00,SHORT,71,29605.75,29638.25,-4757.0,32.5,-1.03,初始止损,5.0
