date,pnl_pc,stop_pt,r,exit_reason
2019-01-02,273.0,14.747138110729008,9.256033202855267,
2019-01-03,-31.5,14.785288959962651,-1.0652480342216988,
2019-01-04,326.0,14.933214748536749,10.91526524896267,
2019-01-07,-33.0,15.491110123641265,-1.0651270224216565,
2019-01-08,-32.0,14.992637971952604,-1.0671904457328933,
2019-01-09,-31.0,14.559235259670274,-1.0646163568038278,
2019-01-10,-30.0,13.9733077411224,-1.0734752485165786,
2019-01-11,-29.0,13.57119647389937,-1.0684393249988635,
2019-01-14,-28.0,12.917896725763702,-1.0837677601244582,
2019-01-15,167.5,12.485368388209151,6.707851734602502,
2019-01-16,-26.5,12.326145646194213,-1.074950789997442,
2019-01-17,123.0,11.773831671466056,5.223448212619311,
2019-01-18,-25.0,11.552932980647052,-1.0819763276511196,
2019-01-21,-24.5,11.252723482029406,-1.0886253465272868,
2019-01-22,116.0,10.736903947598735,5.4019296701421515,
2019-01-23,-23.5,10.773553665627396,-1.0906336353517148,
2019-01-24,-23.5,10.711156975225439,-1.096987004034893,
2019-01-25,-22.5,10.25143147699505,-1.0974077157171473,
2019-01-28,-22.0,10.068293514352549,-1.0925386694695864,
2019-01-29,-22.5,10.12591540618451,-1.1110106640955093,
2019-01-30,-22.0,9.900850020028473,-1.1110157186249718,
2019-01-31,97.0,10.246325018597869,4.733404407138049,
2019-02-01,-22.5,10.20283751726945,-1.1026344368376062,
2019-02-04,-21.5,9.832991980321633,-1.0932582902043995,
2019-02-05,-21.0,9.61143898172723,-1.0924482816737489,
2019-02-06,-20.5,9.30392548303243,-1.1016855217394987,
2019-02-07,-20.0,8.995609377101543,-1.1116534278884038,
2019-02-08,-20.5,9.139226564451432,-1.1215391070256546,
2019-02-11,-20.0,8.916335381276332,-1.1215369961295183,
2019-02-12,72.5,8.637043568328021,4.197037992598358,
2019-02-13,-19.0,8.624129742018878,-1.1015604222317839,
2019-02-14,-18.5,8.30410261758896,-1.113907236696176,
2019-02-15,-18.5,8.155595287761177,-1.1341906597402105,
2019-02-18,20.5,7.887784910063949,1.2994776248173454,
2019-02-19,32.5,7.447585987916526,2.1819150562833536,
2019-02-20,-16.5,7.231686988779631,-1.1408126503263123,
2019-02-21,-16.0,7.104870061009658,-1.1259882209391368,
2019-02-22,-16.0,6.954968628080397,-1.1502568060048945,
2019-02-25,-15.5,6.772917297503226,-1.1442631970210189,
2019-02-26,41.0,6.680208919110139,3.068766298813717,
2019-02-27,-15.0,6.524479710602272,-1.14951694735329,
2019-02-28,-15.0,6.507106159844966,-1.1525860829322463,
2019-03-04,-14.5,6.166235668437752,-1.175757851278627,
2019-03-05,-15.0,6.459718834977912,-1.1610412452302414,
2019-03-06,83.5,6.307685346765204,6.618909743399109,
2019-03-07,119.5,6.183922107710547,9.662152750193847,
2019-03-08,-14.5,6.354266957159794,-1.140965598216002,
2019-03-11,197.0,6.365122888791237,15.474956528090779,
2019-03-12,-15.5,6.724756968163292,-1.1524580050536353,
2019-03-13,-15.0,6.557810041865914,-1.1436744815905038,
2019-03-14,-15.0,6.584930753161206,-1.138964141179389,
2019-03-15,-14.5,6.264578556506835,-1.1573005166436354,
2019-03-18,-14.5,6.29523365961349,-1.1516649566975932,
2019-03-19,-14.5,6.15494911249824,-1.177913881575097,
2019-03-20,-14.0,6.090309890176938,-1.1493668017271668,
2019-03-21,247.0,6.236537755164299,19.80265410848081,
2019-03-22,-15.0,6.595981486938277,-1.1370559506347782,
2019-03-25,-16.0,7.055643523585544,-1.1338441310502252,
2019-03-26,-2.0,6.969526129043719,-0.1434817778833995,
2019-03-27,-16.0,7.0449171198263105,-1.1355704920198177,
2019-03-28,-16.5,7.2314408969815736,-1.1408514731059445,
2019-03-29,-16.0,7.095266547197176,-1.1275122571907068,
2019-04-01,-16.0,6.908551079540236,-1.1579852139607254,
2019-04-02,-16.0,6.9735652881445045,-1.1471893743650037,
2019-04-03,-15.5,6.723221338991326,-1.1527212342473199,
2019-04-04,-15.5,6.7291519576348025,-1.151705303846937,
2019-04-05,18.5,6.655641103518031,1.389798496663326,
2019-04-08,-15.0,6.409256024695315,-1.1701826188721391,
2019-04-09,-14.5,6.315737737217078,-1.1479260700262373,
2019-04-10,-14.0,6.107024327415858,-1.1462210766993945,
2019-04-11,-14.0,5.9011654468861545,-1.1862063626251427,
2019-04-12,-13.5,5.731439343537144,-1.1777146359598833,
2019-04-15,-13.0,5.516247247570205,-1.1783373203336958,
2019-04-16,-13.0,5.4449974441723334,-1.1937562995473605,
2019-04-17,-12.5,5.285086912445738,-1.1825727946463866,
2019-04-18,-2.0,5.206241418699614,-0.19207714732709696,
2019-04-22,93.5,5.112938460221071,9.143470112874905,
2019-04-23,139.5,5.086567855919565,13.71258616334538,
2019-04-24,-12.5,5.29511658049674,-1.1803328415884815,
2019-04-25,-12.5,5.149929681889829,-1.2136088036267103,
2019-04-26,-12.5,5.171809704611984,-1.2084744716006341,
2019-04-29,-12.5,5.269805439996843,-1.1860020395750595,
2019-04-30,-12.0,5.11035505142564,-1.1740867199288187,
2019-05-01,-12.5,5.360061833466665,-1.16603132467182,
2019-05-02,-13.0,5.53702170250476,-1.1739162945775743,
2019-05-03,-13.5,5.799109438040135,-1.1639718256948823,
2019-05-06,164.5,6.066583763894411,13.557877580050102,
2019-05-07,-15.0,6.602899209330526,-1.1358646803818822,
2019-05-08,-16.5,7.348674265806917,-1.1226514744825355,
2019-05-09,-2.0,7.316626103963565,-0.13667501739063578,
2019-05-10,-17.0,7.584188525109025,-1.1207527307448901,
2019-05-13,-18.0,8.120585773315524,-1.1082944323516977,
2019-05-14,-20.0,9.082061789507271,-1.101071566321344,
2019-05-15,-20.0,9.10298594739961,-1.0985406390588393,
2019-05-16,84.0,9.392951236871067,4.47143809659453,
2019-05-17,-21.0,9.414436862808847,-1.1153083453647241,
2019-05-20,-20.5,9.339298515465359,-1.0975128360043926,
2019-05-21,-21.0,9.490509335789262,-1.1063684390893427,
2019-05-22,-20.5,9.332258668947173,-1.0983407515381658,
2019-05-23,-20.0,8.953615192593803,-1.1168672971641376,
2019-05-24,-20.5,9.184606964551389,-1.115997673015358,
2019-05-27,-12.0,8.953117181369148,-0.6701576533015348,
2019-05-28,-18.5,8.36718023984278,-1.105509829458844,
2019-05-29,-18.5,8.25970307985401,-1.1198949781332206,
2019-05-30,-18.5,8.206777859864438,-1.1271171412153702,
2019-05-31,-18.0,7.954061584159836,-1.1314973997590243,
2019-06-03,-18.0,8.035467899576991,-1.1200343418052587,
2019-06-04,-19.0,8.486059478178634,-1.1194830798003066,
2019-06-05,-20.0,8.921876658308733,-1.1208404221422672,
2019-06-06,-19.5,8.776117611286681,-1.1109696145663364,
2019-06-07,195.5,8.659519924766204,11.28815463781488,
2019-06-10,-20.0,8.959732787282904,-1.1161047139925435,
2019-06-11,-20.5,9.162162588191268,-1.1187315114022098,
2019-06-12,-20.0,9.086293831891892,-1.100558729996283,
2019-06-13,-19.5,8.739951415328186,-1.1155668420422091,
2019-06-14,-19.0,8.4411155999476,-1.1254436558194953,
2019-06-17,42.0,8.156928771379915,2.5744983913163937,
2019-06-18,-18.0,7.941255287709922,-1.1333220849767438,
2019-06-19,-18.5,8.261969195730641,-1.119587810225669,
2019-06-20,-18.0,8.119149967464168,-1.1084904252373289,
2019-06-21,-2.0,8.112424969788155,-0.12326770401256651,
2019-06-24,-18.0,7.889216043374715,-1.1407977612120421,
2019-06-25,243.0,7.473022040276521,16.25848275907188,
2019-06-26,-17.5,7.707984751685341,-1.1351864698599492,
2019-06-27,-17.5,7.678396555136389,-1.1395608363241896,
2019-06-28,-17.0,7.37770751548379,-1.1521194059483688,
2019-07-01,-16.0,7.098496264377805,-1.1269992547782532,
2019-07-02,-17.0,7.427175102636533,-1.1444458872368084,
2019-07-03,-16.5,7.20068045244821,-1.1457250539697292,
2019-07-04,4.5,7.047953277273338,0.3192416168897283,
2019-07-05,-15.5,6.643635186039528,-1.1665300370925407,
2019-07-08,-15.5,6.730250529893848,-1.1515173121084745,
2019-07-09,128.0,6.737018349187145,9.499751475030779,
2019-07-10,-2.0,6.754017038530921,-0.1480600351309614,
2019-07-12,-15.5,6.657513415876152,-1.1640982925424677,
2019-07-15,-15.0,6.436441029027855,-1.1652402261087418,
2019-07-17,-14.0,6.0456111423760595,-1.1578647443819625,
2019-07-18,-14.0,5.904406775063484,-1.1855551737328829,
2019-07-19,210.5,5.94873486255895,17.692837625431658,
2019-07-22,74.0,6.196146658090453,5.9714532340334845,
2019-07-23,-2.0,6.199546896798278,-0.1613021107262604,
2019-07-24,142.5,6.0928828327412585,11.693971795604643,
2019-07-25,-14.5,6.127766201831168,-1.1831391344260938,
2019-07-26,-14.5,6.190961473128942,-1.171062044476884,
2019-07-29,-2.0,6.252321367905446,-0.15994059504574126,
2019-07-30,37.0,6.215548413055057,2.976406709525879,
2019-07-31,-14.5,6.139884240693982,-1.1808040210185693,
2019-08-01,-2.0,6.830338937787269,-0.1464056189756165,
2019-08-02,-17.0,7.616118299373893,-1.1160540928964784,
2019-08-05,203.0,7.946663420847187,12.772656223708436,
2019-08-06,-20.5,9.203151747929532,-1.1137488852453163,
2019-08-07,-20.5,9.220783765934565,-1.1116191703646485,
2019-08-08,224.0,9.58001349693924,11.69100649344423,
2019-08-09,-21.5,9.829208961443578,-1.0936790582200817,
2019-08-12,-21.5,9.85301546419761,-1.09103655008578,
2019-08-13,336.5,9.801460788183494,17.16580861118578,
2019-08-14,-22.5,10.356267160456103,-1.0862987431375357,
2019-08-15,-24.0,10.951801648994952,-1.0957101292188982,
2019-08-19,-23.5,10.6826440238783,-1.0999149624134157,
2019-08-20,-23.5,10.656205165029851,-1.1026439354376942,
2019-08-21,-22.5,10.267369081813435,-1.0957042559156753,
2019-08-22,-22.0,10.022824861683903,-1.097494982881695,
2019-08-23,-22.0,9.947087371563624,-1.1058513501596865,
2019-08-26,-23.5,10.758009702166223,-1.0922094630230748,
2019-08-27,-23.0,10.578866152011493,-1.0870730222646177,
2019-08-28,-23.0,10.420554284010672,-1.1035881284785045,
2019-08-29,-22.5,10.21997897800991,-1.1007850431205741,
2019-08-30,98.5,10.222569765294917,4.817770984278448,
2019-09-02,-22.0,10.053546924916711,-1.0941412102765045,
2019-09-03,-22.0,9.927400715994088,-1.1080443224456369,
2019-09-04,-21.5,9.696425664851652,-1.1086559492708148,
2019-09-05,93.0,9.622573831647964,4.832386928231696,
2019-09-06,-21.5,9.809800700815966,-1.0958428542901824,
2019-09-09,63.0,9.32874350790054,3.376660530254965,
2019-09-10,-20.0,9.12044040019336,-1.0964382816193825,
2019-09-11,-20.0,8.96853394303669,-1.115009438946725,
2019-09-12,-19.5,8.77390651853407,-1.1112495875587485,
2019-09-13,-19.5,8.645413195781636,-1.1277656462686279,
2019-09-16,-18.5,8.268955110368662,-1.118641941640387,
2019-09-17,-18.0,8.007779745342328,-1.123907036183755,
2019-09-18,-17.5,7.73177762067502,-1.1316931796644307,
2019-09-19,-17.5,7.731293504912519,-1.1317640436804253,
2019-09-20,-17.0,7.531290397418768,-1.128624651482466,
2019-09-23,-17.5,7.697805369031713,-1.1366876116667313,
2019-09-24,-17.0,7.458676414100878,-1.1396123826917153,
2019-09-25,-2.0,7.955824527379386,-0.12569407439273872,
2019-09-26,-2.0,8.35853348970943,-0.1196382118024825,
2019-09-27,-2.0,8.235602526158756,-0.12142402414683062,
2019-09-30,-19.0,8.558059488575989,-1.1100647305246467,
2019-10-01,-19.0,8.390073096534847,-1.1322904926684798,
2019-10-02,117.5,8.597032161068071,6.833753660484279,
2019-10-03,-20.0,8.924476292420353,-1.1205139295952973,
2019-10-04,140.5,9.252638700104614,7.59242874134983,
2019-10-07,-20.5,9.242628792954283,-1.1089918495713733,
2019-10-08,-20.0,8.986905307743264,-1.112730095351493,
2019-10-09,-20.0,9.001233500047318,-1.110958848023155,
2019-10-10,-20.0,8.977038250043938,-1.1139531459555778,
2019-10-11,-2.0,8.846089089326515,-0.11304430578328413,
2019-10-14,-20.0,9.094136297231763,-1.0996096466075596,
2019-10-15,121.0,8.673572990286639,6.9752108004109425,
2019-10-16,-19.5,8.684835633837594,-1.1226464623017556,
2019-10-17,-18.5,8.308240231420623,-1.113352496117983,
2019-10-18,-18.0,8.09113378631915,-1.112328659701265,
2019-10-21,-18.5,8.170784944439209,-1.1320821760576716,
2019-10-22,-18.0,7.994300305550695,-1.1258020909911297,
2019-10-23,-18.0,8.00051099801136,-1.1249281454943414,
2019-10-24,-17.5,7.675474498153406,-1.1399946677049226,
2019-10-25,173.5,7.565172748285305,11.467021690900904,
2019-10-28,-17.5,7.626142551979212,-1.1473690585195149,
2019-10-29,-17.0,7.5729359411235535,-1.1224180510813753,
2019-10-30,-17.0,7.378886945329015,-1.1519352529693754,
2019-10-31,-16.5,7.307180734948371,-1.1290264055660162,
2019-11-01,-16.5,7.168274968166345,-1.1509045114253427,
2019-11-04,-16.0,7.055362470440177,-1.1338892981781683,
2019-11-05,-16.0,6.917033008265879,-1.156565248487317,
2019-11-06,-15.5,6.645280650532602,-1.1662411879291896,
2019-11-07,-15.0,6.459903461208845,-1.1610080622778411,
2019-11-08,-15.0,6.429731785408213,-1.1664561213922917,
2019-11-11,-14.5,6.3548402293076265,-1.140862671348372,
2019-11-12,-2.0,6.195565927214226,-0.1614057556239483,
2019-11-13,-14.0,6.0597219324132094,-1.1551685173138524,
2019-11-14,-13.5,5.866616794383694,-1.1505779628323427,
2019-11-15,-13.5,5.746233451927718,-1.1746825214237586,
2019-11-18,-13.5,5.638466776790023,-1.1971339492121247,
2019-11-19,-2.0,5.59196914987645,-0.17882788212844383,
2019-11-20,-13.0,5.47111421059956,-1.1880578159759687,
2019-11-21,-13.5,5.707106052699592,-1.1827360377869789,
2019-11-22,-13.0,5.547223477506764,-1.1717573712969407,
2019-11-25,79.5,5.501886086256281,7.224795166024166,
2019-11-26,-13.5,5.64326922295226,-1.196115183118759,
2019-11-27,-13.0,5.420982135598528,-1.199044718726478,
2019-11-29,-12.0,5.032568780184445,-1.192234078076544,
2019-12-02,162.5,4.876671010171271,16.660955768912217,
2019-12-03,-12.5,5.310480223730466,-1.1769180444493863,
2019-12-04,-13.5,5.722678064892576,-1.1795176879527485,
2019-12-05,-13.5,5.642040345971678,-1.196375705611426,
2019-12-06,-13.0,5.528323178402272,-1.175763389773199,
2019-12-09,-2.0,5.653085808516395,-0.1768945375804302,
2019-12-10,-13.0,5.597508250765223,-1.1612309815017063,
2019-12-11,-13.0,5.5164362328534216,-1.1782969521679438,
2019-12-12,-13.0,5.400976501935321,-1.203486072874205,
2019-12-13,-13.5,5.636621037511369,-1.1975259566110905,
2019-12-16,33.0,5.666594534831987,2.9118017706359893,
2019-12-17,-13.5,5.793534210915416,-1.165091937712655,
2019-12-18,-13.0,5.535067481564314,-1.1743307595886758,
2019-12-19,-12.5,5.3312233757382925,-1.1723387972154649,
2019-12-20,-12.5,5.275868134614128,-1.1846391608984215,
2019-12-23,-12.5,5.146788267855976,-1.2143495466938246,
2019-12-24,-12.0,4.9546069630091205,-1.2109941403618367,
2019-12-26,97.0,4.749367179937041,10.211886797230727,
2019-12-27,-11.5,4.797180238512967,-1.1986207968250926,
2019-12-30,68.5,4.796042364333469,7.141304725476481,
2019-12-31,-2.0,4.9985571954525065,-0.20005772884018636,
2020-01-02,-12.0,4.980356681491614,-1.2047329907710553,
2020-01-03,-13.0,5.385331204242213,-1.2069824033997618,
2020-01-06,-13.5,5.635486118224913,-1.1977671239701573,
2020-01-07,-14.0,5.968219252637419,-1.1728791627262396,
2020-01-08,-13.5,5.8285250203061745,-1.1580974563004311,
2020-01-09,-14.0,6.0778268045700194,-1.1517274554017536,
2020-01-10,-14.5,6.139232032815019,-1.180929464996237,
2020-01-13,-14.0,6.10919760189966,-1.145813322165802,
2020-01-14,-2.0,6.22996920176397,-0.16051443716878366,
2020-01-15,-2.0,6.1063999730665435,-0.16376261044325513,
2020-01-16,-14.0,6.061299974990362,-1.1548677724057257,
2020-01-17,-14.0,6.089064262491051,-1.149601925392767,
2020-01-20,-14.0,5.971541815170262,-1.1722265734147612,
2020-01-21,-13.5,5.658842399800958,-1.1928234651379268,
2020-01-22,-13.0,5.511782228386603,-1.1792918752348214,
2020-01-23,-13.0,5.515851354930418,-1.178421893873171,
2020-01-24,-13.0,5.561147686721102,-1.168823481440834,
2020-01-27,-14.0,6.094726423383881,-1.1485339150159093,
2020-01-28,-15.5,6.871442393142176,-1.1278563592026385,
2020-01-29,-2.0,7.229732222203448,-0.13831770932384882,
2020-01-30,-16.5,7.176715634903203,-1.1495509115446894,
2020-01-31,308.5,7.327039518124402,21.052158872412548,
2020-02-03,122.5,7.971536695401231,7.683587536558044,
2020-02-04,-18.5,8.261962645729714,-1.1195886978236296,
2020-02-05,104.5,8.894590313891877,5.874357126757615,
2020-02-06,-20.0,9.009262434328171,-1.109968776344754,
2020-02-07,-19.5,8.866636546161873,-1.0996277956403335,
2020-02-10,218.0,8.653841078578882,12.595562942542479,
2020-02-11,-19.5,8.823209572966105,-1.1050400559308413,
2020-02-12,-19.5,8.772891032039956,-1.1113782177837945,
2020-02-13,-19.5,8.676613101179958,-1.1237103563686697,
2020-02-14,-19.0,8.62203359395282,-1.1018282283964835,
2020-02-17,8.5,8.296799051527618,0.5122457436422405,
2020-02-18,-18.0,7.9171169764185025,-1.1367774439618505,
2020-02-19,46.5,7.844465763817181,2.963872964713707,
2020-02-20,-18.0,7.8908432092588106,-1.1405625180132521,
2020-02-21,251.0,8.458907980026039,14.83643045844006,
2020-02-24,-20.0,9.046664552881323,-1.1053797719088683,
2020-02-25,-23.0,10.600920656246943,-1.0848114397708697,
2020-02-26,-26.0,11.88478346651502,-1.0938356627722388,
2020-02-27,-26.5,12.218459647478232,-1.0844247460222751,
2020-02-28,-29.5,13.753748244086928,-1.0724349274272478,
2020-03-02,-31.5,14.760176940937864,-1.0670603789522894,
2020-03-03,-34.0,16.045610730870873,-1.0594797720782878,
2020-03-04,-37.0,17.532531392951526,-1.0551813417791693,
2020-03-05,-38.5,18.17931486488356,-1.0588957913471564,
2020-03-06,-39.5,18.664720945963307,-1.0581460101749558,
2020-03-09,-40.5,19.237330164108783,-1.0526408720572131,
2020-03-10,-45.5,21.65609229524387,-1.0505127005298354,
2020-03-11,-47.0,22.440924988440738,-1.047193910772608,
2020-03-12,-2.0,23.375948203552113,-0.042779013338506804,
2020-03-13,-53.5,25.72677333186982,-1.0397728333410015,
2020-03-16,-2.0,27.66861095102197,-0.0361420384192819,
2020-03-17,-63.0,30.55121016880612,-1.0310557200828212,
2020-03-18,-65.0,31.61407015674854,-1.028023276941528,
2020-03-19,-67.5,32.71619014555222,-1.0315993350646402,
2020-03-20,-68.0,33.01771227801277,-1.0297503265434096,
2020-03-23,-69.0,33.475822115297575,-1.0305945551142837,
2020-03-24,-68.5,33.13245982134775,-1.0337294660486451,
2020-03-25,-69.5,33.670766262680054,-1.0320525445990858,
2020-03-26,-68.5,33.35231867248862,-1.02691511005056,
2020-03-27,-68.5,33.277599481596575,-1.0292208733067176,
2020-03-30,-67.0,32.55062809005397,-1.0291660089421169,
2020-03-31,-66.0,31.890315369335827,-1.0347969161738422,
2020-04-01,-64.0,30.93832855724041,-1.0343157336633537,
2020-04-02,-63.5,30.825769374580386,-1.0299824025213709,
2020-04-03,-61.5,29.785089419253215,-1.0323957590714186,
2020-04-06,-60.0,28.92588660359227,-1.0371332920967178,
2020-04-07,436.0,29.991001846192823,7.26884687340559,
2020-04-08,-60.5,29.280483857179053,-1.033111342952867,
2020-04-09,-58.5,28.268485010237693,-1.034721174106318,
2020-04-13,-56.5,27.18145036664929,-1.0393117224775388,
2020-04-14,349.5,26.269828911888627,6.652117932938476,
2020-04-15,-55.0,26.501448275325153,-1.037679137921099,
2020-04-16,-53.5,25.65580911280193,-1.0426488551730018,
2020-04-17,-52.0,24.913429890458936,-1.0436138305451546,
2020-04-20,-50.0,24.108899183997583,-1.0369614891663694,
2020-04-21,-48.0,23.1167456708549,-1.0382084200657486,
2020-04-22,-49.0,23.447692408650976,-1.044878940452186,
2020-04-23,-49.0,23.42955366517591,-1.0456878671323189,
2020-04-24,-47.5,22.714942689091917,-1.0455672428971232,
2020-04-27,-46.5,22.149143211299638,-1.0497020032873663,
2020-04-28,438.5,21.136257981921094,10.37317013198531,
2020-04-29,-44.0,20.9698288403553,-1.049126350409794,
2020-04-30,-44.5,21.337608923187066,-1.0427597618879152,
2020-05-01,-43.0,20.41215471438799,-1.053293995701748,
2020-05-04,201.0,20.614857949074562,4.8751245460079256,
2020-05-05,-42.0,20.093260952712097,-1.0451265252276294,
2020-05-06,-41.5,19.740170884661232,-1.051156047292551,
2020-05-07,-40.0,19.06810510718543,-1.0488719192377118,
2020-05-08,-39.0,18.532436885243616,-1.0522091682139656,
2020-05-11,214.5,17.9024413934405,5.990803021944072,
2020-05-12,-37.5,17.64958843676618,-1.0623477180318568,
2020-05-13,-37.5,17.701403548425738,-1.0592380400065802,
2020-05-14,-38.5,18.1754104378239,-1.0591232624898432,
2020-05-15,-38.5,18.173595406550767,-1.0592290391290013,
2020-05-18,-38.0,17.97369573465428,-1.057100347112639,
2020-05-19,-37.5,17.844324610750405,-1.0507542543080597,
2020-05-20,125.5,17.258122852839662,3.6359690178978576,
2020-05-21,-36.5,17.12763193477969,-1.0655296698045693,
2020-05-22,-35.5,16.738604653723996,-1.0604229185884373,
2020-05-25,11.0,16.067990035600854,0.34229545747875056,
2020-05-26,296.5,15.618044318772224,9.492225593303626,
2020-05-27,-2.0,15.556487581717064,-0.06428186277571173,
2020-05-28,-2.0,15.881024183022989,-0.06296823104576671,
2020-05-29,-33.5,15.72836174137849,-1.0649551603288576,
2020-06-01,-33.5,15.673657331280028,-1.068672081185028,
2020-06-02,-32.0,15.089824664760027,-1.0603171577841821,
2020-06-03,-31.5,14.822247902991455,-1.0625918621170345,
2020-06-04,-30.5,14.232265909920637,-1.0715089288326147,
2020-06-05,176.0,14.12772905921202,6.228885026827393,
2020-06-08,-30.5,14.29048055498259,-1.0671439593179293,
2020-06-09,191.5,14.094731943912405,6.793318268202679,
2020-06-10,-30.0,13.908947519347235,-1.07844249028441,
2020-06-11,-30.0,13.941344125108147,-1.0759364280367507,
2020-06-12,-33.5,15.652230259028993,-1.0701350365285969,
2020-06-15,-35.0,16.433320954812636,-1.064909524259914,
2020-06-16,-36.0,17.00995874375459,-1.0582036247800375,
2020-06-17,-36.0,17.06192597634355,-1.0549805470353755,
2020-06-18,-35.0,16.43919912089044,-1.0645287444545597,
2020-06-22,-33.0,15.599519905257575,-1.0577248594964088,
2020-06-23,-32.5,15.25803634059632,-1.0650125374760322,
2020-06-24,-32.5,15.140498030553726,-1.0732804143699424,
2020-06-25,-2.0,15.635373171228458,-0.06395753967933154,
2020-06-26,403.5,15.65829294471214,12.884546272851004,
2020-06-29,-2.0,15.94743273437556,-0.0627060177431848,
2020-06-30,345.0,16.005651824777306,10.777442986293378,
2020-07-01,-34.0,16.085158837293214,-1.056874860357968,
2020-07-02,-34.0,15.924611777486557,-1.067529949083831,
2020-07-06,186.0,14.775653777526674,6.294137734971173,
2020-07-07,-32.5,15.265785650560485,-1.064471909403718,
2020-07-08,-32.5,15.186533104091877,-1.0700269698567069,
2020-07-09,-32.0,14.879905739513887,-1.0752756287636742,
2020-07-10,-32.0,14.964823186691467,-1.069174008967185,
2020-07-13,-2.0,14.990103673356364,-0.06671067937824973,
2020-07-14,-35.0,16.581881982402336,-1.0553687463565369,
2020-07-15,-36.5,17.167997555087883,-1.063024382514049,
2020-07-16,-36.0,17.09483701543875,-1.0529494948529652,
2020-07-17,-36.0,17.010830800050268,-1.05814937621664,
2020-07-20,-35.0,16.504253600046678,-1.0603327132558424,
2020-07-21,320.5,17.247253342900486,9.291334499122666,
2020-07-22,-36.5,17.183163818407596,-1.0620861322668382,
2020-07-23,-35.5,16.695080688521337,-1.063187434140643,
2020-07-24,-2.0,17.416414210769812,-0.0574171002077815,
2020-07-27,-37.0,17.62417033857197,-1.0496948023426216,
2020-07-28,-37.0,17.488961742959688,-1.057810078831427,
2020-07-29,-36.0,17.024571618462566,-1.05729532603802,
2020-07-30,-35.5,16.661655788572386,-1.0653202914066962,
2020-07-31,-2.0,16.609930375102927,-0.060204948330122264,
2020-08-03,-35.0,16.55252463402415,-1.0572405350195517,
2020-08-04,-34.5,16.309040731593853,-1.0576955618599517,
2020-08-05,-33.5,15.661073536480007,-1.0695307675417978,
2020-08-06,-32.0,14.885282569588579,-1.0748872199906268,
2020-08-07,-32.0,14.886780243189396,-1.0747790817507294,
2020-08-10,-32.0,15.070313797247296,-1.0616899034260665,
2020-08-11,-32.5,15.164398526015347,-1.071588825110488,
2020-08-12,304.0,15.360245059871396,9.895675453583722,
2020-08-13,-34.0,15.961298984166296,-1.0650762207301612,
2020-08-14,-33.0,15.553795485297277,-1.0608343163311587,
2020-08-17,91.0,15.0361136649189,3.026047888036194,
2020-08-18,-31.5,14.71612340313898,-1.070254683827977,
2020-08-19,-31.0,14.453811017200483,-1.0723815318710421,
2020-08-20,313.0,14.166038801686161,11.047548449561782,
2020-08-24,-30.0,13.988382946351845,-1.0723183700023013,
2020-08-26,-29.5,13.805831469048274,-1.0683891102878147,
2020-08-27,-30.5,14.208539935544826,-1.0732981762503129,
2020-08-28,-30.5,14.325340654434482,-1.064547110457669,
2020-08-31,-29.5,13.798977036260592,-1.0689198163922105,
2020-09-01,-29.5,13.744139390813407,-1.0731846920774764,
2020-09-02,-2.0,13.876700862898163,-0.07206323822066947,
2020-09-03,-30.5,14.29845437269115,-1.0665488452462542,
2020-09-04,-36.5,17.304368346070355,-1.0546469905759022,
2020-09-07,78.0,19.8236991784939,1.9673422023226552,
2020-09-08,-40.5,19.330488522887194,-1.047567937873071,
2020-09-10,-44.0,21.097685256979265,-1.0427684237408104,
2020-09-11,-46.5,22.155439881480746,-1.0494036735165062,
2020-09-14,-47.0,22.407729889946406,-1.0487452372649162,
2020-09-15,-46.0,22.09690989780738,-1.040869520053672,
2020-09-16,-45.5,21.69846990510685,-1.0484610251087643,
2020-09-17,-2.0,21.491882769027793,-0.04652919480098374,
2020-09-18,331.5,21.676391142668667,7.646568052268218,
2020-09-21,-46.5,22.233434632478048,-1.0457223719288506,
2020-09-22,-2.0,22.311403587301044,-0.04482012958472809,
2020-09-23,-46.5,22.161481902493826,-1.049117568143477,
2020-09-24,233.5,22.60753676660141,5.164207016682916,
2020-09-25,-47.5,22.64137342612988,-1.0489646344771064,
2020-09-28,-47.5,22.822793181406315,-1.0406263515260297,
2020-09-29,-47.0,22.41536152559158,-1.048388176705073,
2020-09-30,-44.5,21.331228559477896,-1.0430716607794197,
2020-10-01,-44.0,20.96605151951519,-1.049315364866027,
2020-10-02,-2.0,20.523833553835537,-0.048723840864179975,
2020-10-05,283.0,21.029274014275856,6.728715404247518,
2020-10-06,-44.0,20.88387944182758,-1.0534441199625477,
2020-10-07,-44.0,20.92431662455418,-1.051408291833222,
2020-10-08,28.0,20.66588329422888,0.6774450334726131,
2020-10-09,181.0,19.708052344641107,4.592031643583908,
2020-10-12,-40.5,19.25390574859531,-1.0517346591601218,
2020-10-13,-43.0,20.479519623695648,-1.0498293121643154,
2020-10-14,-42.0,19.888571793431677,-1.0558827560928925,
2020-10-15,-41.5,19.813941665329413,-1.0472424089300973,
2020-10-16,-41.5,19.6348208320916,-1.0567959940885088,
2020-10-19,-40.5,19.35465505837077,-1.0462599275951445,
2020-10-20,-42.0,19.896733268487147,-1.0554496417389396,
2020-10-21,-41.0,19.51214517788092,-1.0506276892219373,
2020-10-22,-40.0,18.917974093746572,-1.0571956542963603,
2020-10-23,-39.5,18.70776165847896,-1.055711546926228,
2020-10-26,-38.0,18.069260825730463,-1.051509532307164,
2020-10-27,-39.5,18.66565290960686,-1.05809317764797,
2020-10-28,447.0,18.066320558920655,12.371085704534442,
2020-10-29,-40.5,19.253547661854892,-1.0517542198271999,
2020-10-30,242.5,19.593919257436685,6.188144311862504,
2020-11-02,-42.5,20.231407167619782,-1.0503471075413118,
2020-11-03,-42.5,20.231395941361225,-1.050347690371495,
2020-11-04,-42.5,20.276921231263994,-1.0479894732359893,
2020-11-05,-46.0,21.950444714745135,-1.0478147617915836,
2020-11-06,-46.5,22.270948663691915,-1.043960917475609,
2020-11-09,-46.0,21.889541616285346,-1.0507300885135253,
2020-11-10,-47.5,22.72734221512211,-1.0449968049584542,
2020-11-11,207.5,22.831639199756246,4.5441327752370775,
2020-11-12,-47.5,22.695450685487945,-1.0464652290507876,
2020-11-13,-46.5,22.145775636524522,-1.049861625151404,
2020-11-16,122.5,21.372863091058488,2.865783575136662,
2020-11-17,-43.5,20.628372870268596,-1.0543730296512135,
2020-11-18,-41.5,19.63036409382084,-1.057035921536045,
2020-11-19,-40.0,18.963463087119354,-1.0546596846851617,
2020-11-20,-39.0,18.456697866610828,-1.0565270202139767,
2020-11-23,-37.5,17.745058733281486,-1.0566321747266867,
2020-11-24,-37.0,17.514161680904238,-1.0562880677395268,
2020-11-25,-37.0,17.45377513226822,-1.0599426118305797,
2020-11-26,-35.5,16.74011262282049,-1.0603273944407523,
2020-11-27,-34.0,16.013140292619024,-1.061628118491902,
2020-11-30,-2.0,15.693005271717666,-0.0637226574951979,
2020-12-01,-33.5,15.718504895166406,-1.0656229782484459,
2020-12-02,-33.5,15.872093831225948,-1.0553113015906512,
2020-12-03,-33.0,15.591497843281237,-1.0582690749696162,
2020-12-04,-32.0,14.993444425904007,-1.067133044649632,
2020-12-07,86.5,14.373823395482294,3.008941936325273,
2020-12-08,-29.5,13.810514581519273,-1.0680268220952398,
2020-12-09,-29.5,13.630299254267896,-1.082147920954964,
2020-12-10,-31.0,14.450010021820189,-1.0726636159140566,
2020-12-11,-31.5,14.654027163118748,-1.0747898734376307,
2020-12-14,37.0,14.484543080038838,1.277223582254028,
2020-12-15,-30.5,14.136986431464637,-1.0787306102280847,
2020-12-16,-30.0,13.87988025778859,-1.0807009658158155,
2020-12-17,-29.0,13.599620953660835,-1.0662061868788184,
2020-12-18,107.5,13.107683742685062,4.100648219407643,
2020-12-21,-28.0,13.1236527610647,-1.0667761678010295,
2020-12-22,-29.0,13.482677563845792,-1.0754540358424196,
2020-12-23,-29.0,13.38078988071395,-1.0836430531578105,
2020-12-24,-28.0,12.895108460662954,-1.0856829969835122,
2020-12-28,-2.0,12.370457856329887,-0.08083775165106813,
2020-12-29,-26.5,12.30381800944918,-1.076901494302351,
2020-12-30,60.5,12.014259580202811,2.5178413865675235,
2020-12-31,-25.5,11.634223181616894,-1.095904711553594,
2021-01-04,430.5,11.336242954358545,18.987772303983743,
2021-01-05,-2.0,12.769814886190078,-0.0783096708066967,
2021-01-06,-27.5,12.670631680033644,-1.08518662267385,
2021-01-07,325.5,13.076747274316956,12.445755552655276,
2021-01-08,-30.0,13.966801040437174,-1.0739753474379332,
2021-01-11,-30.0,13.928100966120233,-1.076959453157838,
2021-01-12,-30.0,14.113147325683073,-1.062838759764311,
2021-01-13,-30.0,14.07336894527714,-1.0658428737515495,
2021-01-14,-29.5,13.810092592043057,-1.0680594573637028,
2021-01-15,-29.0,13.615175264039982,-1.0649881267630092,
2021-01-18,-29.5,13.648466316608557,-1.0807075064581437,
2021-01-19,-27.5,12.83964729399366,-1.0709016910793334,
2021-01-20,281.0,12.95377963013697,10.8462552252415,
2021-01-21,-29.5,13.860652513698616,-1.0641634645571292,
2021-01-22,-29.0,13.621945191291571,-1.0644588416983034,
2021-01-25,-28.0,13.046716963342172,-1.0730668902633744,
2021-01-26,-30.0,14.072844323103448,-1.0658826073542529,
2021-01-27,-2.0,13.636837585738917,-0.07333078462749872,
2021-01-28,-32.5,15.147152758186136,-1.0728088809441656,
2021-01-29,-33.0,15.534409704029985,-1.0621581582027877,
2021-02-01,-34.5,16.3359697251707,-1.0559520059235266,
2021-02-02,149.5,17.085632601944223,4.375020916199145,
2021-02-03,-36.5,17.27415884466249,-1.0564913848548425,
2021-02-04,-36.0,16.90279035575803,-1.0649129298268911,
2021-02-05,-35.0,16.572680330346742,-1.0559547189210676,
2021-02-08,-34.0,16.02641744960769,-1.060748607943951,
2021-02-09,-33.0,15.401316203207141,-1.0713370066750574,
2021-02-10,-31.5,14.783365045835204,-1.0653866661053004,
2021-02-11,-32.0,15.041249685418403,-1.0637414001252201,
2021-02-12,-31.0,14.605713993602803,-1.0612285032274962,
2021-02-15,32.0,14.442359422631174,1.1078522235728328,
2021-02-16,-29.5,13.80853017815752,-1.0681803066434765,
2021-02-18,-30.0,13.886372959737862,-1.0801956740965397,
2021-02-19,-30.5,14.134667748328015,-1.078907567657819,
2021-02-22,-30.0,14.012995052018871,-1.070434974416046,
2021-02-23,-2.0,14.939298976874666,-0.0669375451651348,
2021-02-24,-35.0,16.55077762138362,-1.0573521317445522,
2021-02-25,-36.5,17.24893636271336,-1.058036253148375,
2021-02-26,-39.5,18.86285162251955,-1.0470315090864268,
2021-03-01,-40.5,19.323540792339582,-1.0479445882934506,
2021-03-02,351.5,20.052662878601044,8.764422015369814,
2021-03-03,-42.0,19.985061958700967,-1.050784833361858,
2021-03-04,-43.0,20.609343247365185,-1.0432161637537227,
2021-03-05,-45.5,21.764925872553384,-1.0452597051427976,
2021-03-08,-47.5,22.837966881656715,-1.0399349523129322,
2021-03-09,-49.0,23.531683532966948,-1.0411494768606964,
2021-03-11,-51.0,24.500788352405177,-1.0407828365856127,
2021-03-12,-51.5,24.71680347009052,-1.0418013814431843,
2021-03-15,-51.0,24.4419425079412,-1.0432886008022904,
2021-03-16,-49.5,23.784928757373972,-1.0405749057510558,
2021-03-17,-48.5,23.259219560418686,-1.0425973209035515,
2021-03-18,-49.0,23.40186459181735,-1.046925124443572,
2021-03-19,-50.0,24.03923140668754,-1.0399666934877618,
2021-03-22,-49.0,23.44446487763843,-1.0450227858844563,
2021-03-23,-49.0,23.481467386378544,-1.0433760206234939,
2021-03-24,-2.0,22.838148287351505,-0.043786387031816934,
2021-03-25,-47.5,22.728280552540685,-1.044953662248995,
2021-03-26,-46.5,22.322242655930634,-1.0415620132067187,
2021-03-29,-46.5,22.195653894792734,-1.0475023673645687,
2021-03-30,-45.0,21.614714330878964,-1.0409575465846572,
2021-03-31,222.0,21.03375259295904,5.277232367806627,
2021-04-01,92.5,20.938930979176252,2.2088042625478628,
2021-04-05,288.5,20.712935909235092,6.9642469146869965,
2021-04-06,-43.5,20.844601201432585,-1.0434356498269293,
2021-04-07,-42.0,19.978468972758833,-1.0511315971526172,
2021-04-08,-40.5,19.239828331847487,-1.0525041934225778,
2021-04-09,252.5,18.670465593858385,6.762016692370527,
2021-04-12,-38.5,18.309182337154212,-1.0513850179391473,
2021-04-13,-37.0,17.5223657416432,-1.0557935082951373,
2021-04-14,308.0,17.245768188668684,8.929726893881455,
2021-04-15,-36.5,17.16973117519235,-1.0629170494159206,
2021-04-16,-36.5,17.152696805535754,-1.0639726339773061,
2021-04-19,-35.0,16.39491489085463,-1.0674041382039627,
2021-04-20,-34.5,16.350188827222155,-1.055033686906399,
2021-04-21,-34.5,16.30999676813486,-1.0576335633432892,
2021-04-22,-34.5,16.355711284696657,-1.0546774579067124,
2021-04-23,-35.0,16.489231907218322,-1.0612986765222947,
2021-04-26,-35.0,16.54625105670273,-1.0576413920004506,
2021-04-27,138.0,16.028661695509676,4.304788591260236,
2021-04-28,-33.0,15.53866800297327,-1.0618670787510733,
2021-04-29,138.5,14.987245288475181,4.6205956242840385,
2021-04-30,-2.0,15.214495625012669,-0.06572679270129714,
2021-05-03,-31.5,14.833549508940337,-1.061782278780093,
2021-05-04,-31.5,14.714188829730313,-1.0703953974123812,
2021-05-05,-33.5,15.858264627606719,-1.05623158607411,
2021-05-06,-33.5,15.81169215420624,-1.0593426583722192,
2021-05-07,-33.5,15.834071286048651,-1.0578454332688505,
2021-05-10,-33.5,15.849494765616605,-1.056816021437915,
2021-05-11,-2.0,16.61381656807256,-0.06019086559085648,
2021-05-13,-37.5,17.83123724491971,-1.0515254630096997,
2021-05-14,-37.5,17.770970298854017,-1.0550915163708938,
2021-05-17,-38.5,18.262775991793017,-1.0540566236288844,
2021-05-18,-38.0,18.039095563807802,-1.0532678832369002,
2021-05-19,-37.5,17.783178023535815,-1.0543672213810495,
2021-05-20,312.5,17.978129593283256,8.691115457215082,
2021-05-21,-38.5,18.259602479477312,-1.054239818289354,
2021-05-24,214.5,17.88882730237179,5.995362255287704,
2021-05-25,-38.0,18.09498249505952,-1.0500148317461804,
2021-05-26,-37.0,17.476144459698123,-1.058585893625622,
2021-05-27,-35.0,16.596151998291116,-1.0544612993302274,
2021-05-28,-33.5,15.821873284127467,-1.0586609878113251,
2021-05-31,25.5,15.287721620975503,0.8340026274750042,
2021-06-01,-31.0,14.40467007662011,-1.0760399174402262,
2021-06-02,-30.5,14.344068642575817,-1.0631572101331985,
2021-06-03,-30.0,13.906099453820401,-1.0786633627792064,
2021-06-04,246.0,14.04852092140466,8.755370098256698,
2021-06-08,-30.0,13.898533345496874,-1.0792505674607746,
2021-06-09,-29.5,13.84595953510424,-1.0652927276440256,
2021-06-10,-2.0,13.369908854025365,-0.07479482552335602,
2021-06-11,-28.5,13.237236793023554,-1.0765086568150088,
2021-06-14,-27.5,12.639934164950443,-1.0878221215841206,
2021-06-15,-27.5,12.629046010311125,-1.0887599893747841,
2021-06-16,-27.0,12.384560581003187,-1.0900669354961046,
2021-06-17,354.5,12.922270539502959,13.716629709783009,
2021-06-18,-29.0,13.429608358109892,-1.0797038613001486,
2021-06-21,-28.5,13.253832761102041,-1.0751606917677095,
2021-06-22,-28.5,13.300880421023324,-1.071357650691792,
2021-06-23,-28.5,13.27090681952166,-1.0737774135402776,
2021-06-24,-27.5,12.772984903841541,-1.0764907422590484,
2021-06-25,-27.5,12.712414553567145,-1.0816198560911237,
2021-06-28,-26.5,12.21822422831235,-1.084445640578178,
2021-06-29,-26.5,12.315136783432896,-1.0759117201056785,
2021-06-30,-26.0,11.951109156044835,-1.087765146335781,
2021-07-01,-25.0,11.41085135918449,-1.0954484995494105,
2021-07-02,-24.5,11.126147690671312,-1.101010011782513,
2021-07-05,7.0,11.302404998480505,0.3096686059710778,
2021-07-06,-23.5,10.631697498589041,-1.1051856960338997,
2021-07-07,-23.5,10.754879820118395,-1.0925273175084769,
2021-07-08,-23.5,10.830424118681368,-1.084906728604696,
2021-07-09,-25.0,11.459054538775556,-1.0908404317042089,
2021-07-12,-2.0,11.519122071720158,-0.08681217142884826,
2021-07-13,-24.5,11.158381209454433,-1.0978294942657671,
2021-07-14,-24.5,11.225193265921975,-1.0912952418546937,
2021-07-15,-24.5,11.14125088978469,-1.0995174708103839,
2021-07-16,-25.0,11.384732969085784,-1.097961632823767,
2021-07-19,-25.5,11.715287757008229,-1.08832153886897,
2021-07-20,-26.0,12.101249345793354,-1.0742692451436076,
2021-07-21,217.5,12.660535106808114,8.589684328707438,
2021-07-22,-27.0,12.50755045632182,-1.0793480343848267,
2021-07-23,-26.5,12.164600423727405,-1.0892260771801012,
2021-07-26,-26.5,12.304182536318304,-1.0768695897423435,
2021-07-27,-26.0,11.927544498009855,-1.0899141899800993,
2021-07-28,-2.0,12.911737748152007,-0.07744890885373854,
2021-07-29,15.0,12.916256480426863,0.580663601049221,
2021-07-30,116.5,12.53875601753923,4.645596414709706,
2021-08-02,-27.0,12.549827016286429,-1.0757120382998502,
2021-08-03,-26.5,12.292250086551684,-1.0779149388195528,
2021-08-04,-27.0,12.491017937512279,-1.0807766082424402,
2021-08-05,-26.5,12.193445227689972,-1.0866494048712916,
2021-08-06,-26.0,11.875609854283548,-1.0946806235227475,
2021-08-09,-25.5,11.664852007549008,-1.0930271547164703,
2021-08-10,-24.5,11.241469721295507,-1.0897151621370258,
2021-08-11,96.0,11.310382598345829,4.243888266610903,
2021-08-12,-24.5,11.338212412749698,-1.0804172257546532,
2021-08-13,-24.5,11.327893668981863,-1.0814013935832623,
2021-08-16,-24.0,10.91250840691173,-1.0996555102215984,
2021-08-17,-24.5,11.310275663560892,-1.0830858914842088,
2021-08-18,-25.5,11.772041687592257,-1.0830746558974993,
2021-08-19,-26.0,11.97582442419281,-1.0855202564374786,
2021-08-20,-27.0,12.380676251036181,-1.0904089345580084,
2021-08-23,311.0,12.412413661676455,12.527780997189046,
2021-08-24,-28.0,12.886526971556707,-1.0864059828455692,
2021-08-25,-26.5,12.363828616445515,-1.0716745120824274,
2021-08-26,-25.5,11.823555143842265,-1.0783558620809774,
2021-08-27,-25.0,11.566961919282102,-1.0806640574447233,
2021-08-30,228.0,11.651464639333382,9.78417765738697,
2021-08-31,-25.5,11.85448502223814,-1.0755422927340952,
2021-09-01,-25.0,11.497914663506846,-1.087153659234719,
2021-09-02,-24.5,11.290027901827786,-1.0850283193734889,
2021-09-03,-24.5,11.181365194554372,-1.095572838097273,
2021-09-06,9.0,11.001446252086202,0.4090371299270463,
2021-09-07,-23.0,10.511610805508617,-1.0940283285577332,
2021-09-08,-22.5,10.268370747972288,-1.095597371396193,
2021-09-09,-22.5,10.335808551688553,-1.0884489533392234,
2021-09-10,-22.5,10.243072226567943,-1.0983032972100246,
2021-09-13,-23.5,10.767674210384518,-1.091229152221945,
2021-09-14,-24.5,11.149001052499909,-1.0987531476870045,
2021-09-15,-2.0,11.315590263035629,-0.08837364881146999,
2021-09-16,-25.0,11.614923101390227,-1.0762017011118943,
2021-09-17,235.5,11.716089308433784,10.050281873085254,
2021-09-20,-26.5,12.132797214974229,-1.0920812212740956,
2021-09-21,-30.0,14.02241884247607,-1.069715586769002,
2021-09-22,-29.5,13.863228210870636,-1.0639657499422837,
2021-09-23,116.5,14.01005119580845,4.15772927492423,
2021-09-24,-30.0,14.001743967536417,-1.0712951211490567,
2021-09-27,-2.0,13.775726541283817,-0.0725914525816949,
2021-09-28,-30.0,14.033263931192115,-1.0688888966635264,
2021-09-29,-33.0,15.46035222182125,-1.067246060326579,
2021-09-30,-33.0,15.40202349169116,-1.0712878089623197,
2021-10-01,-33.0,15.41884324228465,-1.0701191873298501,
2021-10-04,407.5,15.822854439264319,12.876943334218861,
2021-10-05,-35.5,16.850239836459725,-1.053397469251056,
2021-10-06,-36.5,17.182811990998317,-1.0621078790573253,
2021-10-07,-37.0,17.46216470592701,-1.059433369891462,
2021-10-08,-37.0,17.539420798360794,-1.054766871305635,
2021-10-11,-2.0,17.10223002704931,-0.05847190678749937,
2021-10-12,-36.0,16.957427882260074,-1.0614817367927956,
2021-10-13,-35.0,16.58993303352721,-1.0548565786633135,
2021-10-14,-34.5,16.185741388275268,-1.0657528491401491,
2021-10-15,-35.0,16.54300986054132,-1.057848610834798,
2021-10-18,404.0,15.901098441931225,12.703524900350635,
2021-10-19,-34.0,16.063073553221855,-1.058327968409895,
2021-10-20,-33.0,15.545175442277436,-1.0614225655585574,
2021-10-21,226.0,15.11784148211476,7.474612042577984,
2021-10-22,-31.5,14.84022780482085,-1.0613044629196062,
2021-10-25,-31.5,14.85967581876222,-1.059915451191313,
2021-10-26,-32.0,14.971484688850632,-1.06869828427339,
2021-10-27,-32.0,14.972182211075586,-1.068648495886197,
2021-10-28,-31.5,14.826847767427331,-1.0622622048228427,
2021-10-29,331.5,14.769572926896807,11.22239626158407,
2021-11-01,-32.0,14.952103432118465,-1.0700835553097205,
2021-11-02,169.0,14.583203186967147,5.794337424820135,
2021-11-03,-30.5,14.16431367361235,-1.076649412841672,
2021-11-04,-30.5,14.280255554068612,-1.0679080596463904,
2021-11-05,-31.0,14.579433728777996,-1.063141428422211,
2021-11-08,-31.0,14.376438462436711,-1.0781529820823823,
2021-11-09,-29.5,13.839728572262661,-1.0657723468335707,
2021-11-10,-30.0,14.092694388529614,-1.0643812734780416,
2021-11-11,-31.5,14.824466217920357,-1.0624328571750412,
2021-11-12,-31.0,14.475397202354616,-1.070782361500845,
2021-11-15,-31.0,14.574475973615002,-1.063503074008323,
2021-11-16,212.0,14.454870546928216,7.333168405477412,
2021-11-17,-30.5,14.35720122214763,-1.0621847367072579,
2021-11-18,-30.0,14.009365420565656,-1.0707123092085313,
2021-11-19,-30.0,14.07878574766811,-1.065432791495138,
2021-11-22,-2.0,13.863336765691818,-0.07213270635354845,
2021-11-23,-32.0,14.965062710999545,-1.0691568962313642,
2021-11-24,-33.0,15.504611803071008,-1.0641994917107074,
2021-11-25,12.5,15.82481810285165,0.39494924740232834,
2021-11-26,-32.0,14.993134666933676,-1.0671550916758519,
2021-11-29,-34.5,16.153446476438415,-1.0678835643626288,
2021-11-30,-36.0,17.111682442407098,-1.0519129291104319,
2021-12-01,-38.0,17.96531226794945,-1.057593640267331,
2021-12-02,-41.5,19.730289963095917,-1.0516824658335675,
2021-12-03,-42.0,19.946876394303356,-1.0527964170870086,
2021-12-06,-45.0,21.481920937567402,-1.047392366138551,
2021-12-07,-45.5,21.75821229916973,-1.0455822237228614,
2021-12-08,-48.0,22.890661420657608,-1.0484624956420556,
2021-12-09,-46.0,22.039096319182068,-1.0435999583150601,
2021-12-10,-46.0,21.93808943924049,-1.048404878815932,
2021-12-13,-45.0,21.450547336437598,-1.048924283707191,
2021-12-14,-44.5,21.348722526692054,-1.0422169276021593,
2021-12-15,-45.5,21.717563774785482,-1.0475392284291665,
2021-12-16,805.0,23.15157707658652,17.385424702106075,
2021-12-17,-51.0,24.43896442825891,-1.043415733709003,
2021-12-20,-50.5,24.32591339766899,-1.0379877452996096,
2021-12-21,-2.0,24.12852672640692,-0.04144471858306925,
2021-12-22,-51.0,24.452828388806427,-1.0428241508320946,
2021-12-23,-50.0,24.014679932463114,-1.0410299063034743,
2021-12-27,288.5,23.303809937287177,6.189974960669127,
2021-12-28,-48.0,23.084341370338095,-1.0396657896784731,
2021-12-29,-46.5,22.27251341531395,-1.043887574179839,
2021-12-30,-45.0,21.549476742791523,-1.044108878770174,
2021-12-31,-43.5,20.847281975449267,-1.043301473334213,
2022-01-03,-42.5,20.163101120060034,-1.0539053429067329,
2022-01-04,424.0,19.826451040055748,10.692786095287172,
2022-01-05,-43.0,20.405811680051762,-1.0536214063475795,
2022-01-06,-45.5,21.70048584576235,-1.0483636247454153,
2022-01-07,-45.5,21.742861856779328,-1.046320403903346,
2022-01-10,-2.0,21.892032438437948,-0.04567871908705031,
2022-01-11,-47.5,22.81670869283524,-1.040903853387839,
2022-01-12,-48.5,23.13158664334701,-1.0483500493890532,
2022-01-13,-47.0,22.61504474025079,-1.039131262834698,
2022-01-14,-2.0,23.79343440166145,-0.042028400907528164,
2022-01-17,-48.5,23.311314087257063,-1.0402673958760678,
2022-01-18,-46.0,22.011845223881558,-1.0448919554934155,
2022-01-19,-47.0,22.520820565032874,-1.0434788524751828,
2022-01-20,-47.5,22.773797667530527,-1.0428651534856341,
2022-01-21,-50.0,23.952901405564063,-1.0437148960247757,
2022-01-24,-51.0,24.62055130516663,-1.0357201056927112,
2022-01-25,-56.5,27.2333690690833,-1.0373303401550429,
2022-01-26,-58.0,27.89303913557735,-1.0396859180185472,
2022-01-27,-61.0,29.45514348303611,-1.0354728035042724,
2022-01-28,-61.5,29.838258234247817,-1.0305561322847492,
2022-01-31,754.0,30.803382646087258,12.238915587015496,
2022-02-01,-2.0,31.27367674279531,-0.031975773370822975,
2022-02-02,-63.0,30.594753404024218,-1.0295882952224322,
2022-02-03,-61.5,29.676378160879633,-1.0361776573037356,
2022-02-04,-64.0,31.078958292245375,-1.0296355398753645,
2022-02-07,-64.0,30.93090769994214,-1.0345638838157944,
2022-02-08,-62.5,30.300575007089126,-1.0313335635607161,
2022-02-09,-61.5,29.788926792297048,-1.032262767114909,
2022-02-10,-2.0,29.325878449990114,-0.03409957528485688,
2022-02-11,-61.0,29.48786927499082,-1.0343236303569612,
2022-02-14,-63.0,30.519539326777192,-1.0321256707948594,
2022-02-15,-62.0,29.90385794629311,-1.0366555397526147,
2022-02-16,-61.5,29.691082378700745,-1.0356645004649234,
2022-02-17,524.0,28.984576494507834,9.039290260102481,
2022-02-18,-60.5,29.343713887757275,-1.0308851877342236,
2022-02-21,-60.0,28.932555752917473,-1.0368942258747704,
2022-02-22,-59.0,28.412819627709084,-1.0382637269562174,
2022-02-23,890.5,28.512796797158433,15.615795362606216,
2022-02-24,-60.5,29.350275597361403,-1.030654717351938,
2022-02-25,-66.5,32.21052376897845,-1.0322713234493461,
2022-02-28,-65.5,31.81289707119427,-1.0294566988573401,
2022-03-01,-64.5,31.12894013753754,-1.036013428581547,
2022-03-02,-64.0,30.903658699142003,-1.035476100468597,
2022-03-03,566.5,30.512325934917573,9.283133662250753,
2022-03-04,-63.0,30.478409796709176,-1.033518487680454,
2022-03-07,872.5,29.91789838265852,14.58157235579308,
2022-03-08,-63.5,30.813048498182912,-1.0304076210399091,
2022-03-09,-65.0,31.54649146259842,-1.0302255018924074,
2022-03-10,-66.5,32.19272421526996,-1.0328420725645995,
2022-03-11,744.5,31.744136771322108,11.726574979235014,
2022-03-14,-65.5,31.843216287656247,-1.028476511422474,
2022-03-15,-65.0,31.570932981395085,-1.0294279240702966,
2022-03-16,-2.0,31.662294911295437,-0.03158330761562241,
2022-03-17,-66.0,32.09534527477433,-1.0281864774309404,
2022-03-18,683.0,31.42603489800474,10.866786125209899,
2022-03-21,-65.0,31.479532405290115,-1.0324168599956205,
2022-03-22,470.5,30.747065804912253,7.651136583004147,
2022-03-23,-62.5,30.25441824741852,-1.0329069871527419,
2022-03-24,-61.0,29.385799086888625,-1.03791630473675,
2022-03-25,-60.0,29.082795580682294,-1.031537697838338,
2022-03-28,-58.5,28.267060182062135,-1.0347733302156983,
2022-03-29,-57.5,27.785484454771986,-1.0347129288603196,
2022-03-30,-56.5,27.308842708002558,-1.0344634630643519,
2022-03-31,-55.0,26.58633608600238,-1.034365920563182,
2022-04-01,-54.0,25.97168707985935,-1.039593612728304,
2022-04-04,504.0,25.225495145583686,9.98989310400587,
2022-04-05,506.5,25.069656206613423,10.101853727582917,
2022-04-06,-2.0,25.338787906141036,-0.03946518687887367,
2022-04-07,-53.5,25.868606627130962,-1.0340719307217976,
2022-04-08,-53.5,25.71772401090732,-1.040138699235394,
2022-04-11,-52.0,25.12494015298537,-1.0348283355775736,
2022-04-12,-52.5,25.21333728491499,-1.0411156485700621,
2022-04-13,455.0,25.535152478849632,8.909286920782428,
2022-04-14,484.0,25.562105873217515,9.467138630919822,
2022-04-18,-53.5,25.67150902513055,-1.0420112029181332,
2022-04-19,-52.0,24.997651237621223,-1.040097717695583,
2022-04-20,423.0,25.400497577791135,8.326608537973073,
2022-04-21,-52.5,25.265640607948914,-1.0389603971387684,
2022-04-22,-55.5,26.69130913595256,-1.039664253958282,
2022-04-25,-56.5,27.129876340527378,-1.0412874590880221,
2022-04-26,727.0,26.838010173346852,13.544223198819568,
2022-04-27,-2.0,27.73083087525065,-0.036060946190129665,
2022-04-28,-57.0,27.491128669875604,-1.0366980687566278,
2022-04-29,-59.0,28.421673050598773,-1.0379403051847613,
2022-05-02,-61.5,29.773249975556006,-1.0328062950885748,
2022-05-03,-61.5,29.640785691587723,-1.0374218929266468,
2022-05-04,-59.5,28.676711713617173,-1.0374271742555885,
2022-05-05,879.5,30.229714448358802,14.546945216807181,
2022-05-06,-2.0,32.504824130618886,-0.030764664222810555,
2022-05-09,-67.0,32.37814026414611,-1.0346486773700272,
2022-05-10,-68.0,33.05470167384996,-1.0285979990222656,
2022-05-11,-67.5,32.71329441143211,-1.0316906507650785,
2022-05-12,-68.5,33.26948766775839,-1.0294718194050168,
2022-05-13,-68.5,33.27032783434708,-1.0294458224316487,
2022-05-16,-69.0,33.486732989036575,-1.0302587598287107,
2022-05-17,-66.5,32.23455563267682,-1.0315017330747318,
2022-05-18,823.0,31.70262308748562,12.97999849616345,
2022-05-19,-68.0,33.05823929552236,-1.0284879268995186,
2022-05-20,-66.5,32.20497220298505,-1.032449268716279,
2022-05-23,-68.0,32.91399204562897,-1.0329953277276571,
2022-05-24,-2.0,32.01076047094119,-0.031239495259969923,
2022-05-25,336.5,32.18052758015968,5.228317018137747,
2022-05-26,584.5,31.639061324433992,9.236999701198569,
2022-05-27,469.5,31.757699801260134,7.3919081504349125,
2022-05-31,-62.5,30.236071512311035,-1.033533737584796,
2022-06-01,-61.5,29.844209261431676,-1.0303506362200354,
2022-06-03,-62.0,30.01423528154058,-1.03284323952327,
2022-06-06,-62.0,29.96634347571625,-1.034493915653119,
2022-06-07,460.0,29.311158227450804,7.846841063571412,
2022-06-08,-60.0,28.97330763977575,-1.035435800875381,
2022-06-09,-58.0,27.99530352264891,-1.035888036596505,
2022-06-10,-58.5,28.155906842459704,-1.0388583881763092,
2022-06-13,-59.0,28.546109925141153,-1.0334157640869566,
2022-06-14,-61.0,29.566030644773925,-1.0315892710268555,
2022-06-15,-59.5,28.628724884432934,-1.039166086512528,
2022-06-16,-60.0,28.961048106973436,-1.0358741123314663,
2022-06-17,-62.0,29.90981252790391,-1.0364491576494843,
2022-06-20,-60.5,29.25732591876792,-1.0339290775919923,
2022-06-21,101.5,27.909481210284497,1.8183784792566797,
2022-06-22,-56.5,27.295411123835603,-1.0349725040532842,
2022-06-23,-56.0,26.947524614990204,-1.0390564773591238,
2022-06-24,484.0,26.221362142490904,9.229116271112648,
2022-06-27,-55.0,26.57162198945584,-1.0349387030612043,
2022-06-28,-53.5,25.84016684735185,-1.0352100339762857,
2022-06-29,-55.5,26.70917278682672,-1.0389689048582826,
2022-06-30,-53.5,25.789767587767667,-1.0372330773809602,
2022-07-01,-53.5,25.755677045784264,-1.0386059722851855,
2022-07-04,12.0,25.141432256799675,0.23864988830846176,
2022-07-05,-49.5,23.7835620955997,-1.0406346997357097,
2022-07-06,-50.5,24.364200517342578,-1.0363565995948403,
2022-07-07,290.0,23.807829051818107,6.090433515983555,
2022-07-08,-49.0,23.622001976688242,-1.0371686542139071,
2022-07-11,239.0,23.181591121210513,5.154952452364705,
2022-07-12,-48.5,23.146298898266906,-1.047683696930732,
2022-07-13,-48.5,23.17245611981927,-1.0465010646523185,
2022-07-14,-48.5,23.29585211126075,-1.0409578445202283,
2022-07-15,-48.5,23.366237674742127,-1.0378221918975505,
2022-07-18,-47.5,22.84230998368912,-1.0397372252175472,
2022-07-19,-48.0,22.975894984854182,-1.0445730194980831,
2022-07-20,340.0,23.370473914507453,7.274135758730627,
2022-07-21,-48.0,23.094011492042636,-1.0392304519407352,
2022-07-22,-48.0,22.904260671182453,-1.0478399780961356,
2022-07-25,117.5,23.168688480383707,2.535749921698935,
2022-07-26,-47.0,22.464675017499157,-1.046086799906714,
2022-07-27,-46.5,22.36407323053493,-1.0396138377983606,
2022-07-28,-49.5,23.872442999782436,-1.036760251149225,
2022-07-29,-49.5,23.85744707122655,-1.037411921154377,
2022-08-01,-2.0,23.617182994710365,-0.04234205240413194,
2022-08-02,-48.5,23.30702706651677,-1.0404587393661167,
2022-08-03,461.5,23.126167990337,9.977874418987884,
2022-08-04,-49.0,23.551530991027214,-1.040272074428373,
2022-08-05,-47.5,22.737135920239556,-1.044546687116333,
2022-08-08,-47.0,22.429572640222446,-1.0477239302303059,
2022-08-09,-47.0,22.427906737349414,-1.047801753199964,
2022-08-10,-46.0,21.99644911325303,-1.0456233131802317,
2022-08-11,-47.0,22.439559890877813,-1.047257616204553,
2022-08-12,-47.0,22.39030561295797,-1.0495613774204053,
2022-08-15,-46.5,22.214658783460973,-1.0466062173914572,
2022-08-16,-45.0,21.547986727499474,-1.0441810775428764,
2022-08-17,-44.5,21.176701961249513,-1.050682964737119,
2022-08-18,-44.0,20.98997324973169,-1.0481194872547643,
2022-08-19,160.0,20.310332303322284,3.9388818855964223,
2022-08-22,-43.0,20.466737138799264,-1.0504849822516142,
2022-08-23,-44.0,21.08741662888503,-1.0432762052922564,
2022-08-24,-43.0,20.398136869678957,-1.054017831989299,
2022-08-25,-41.5,19.79693066470189,-1.0481422777823555,
2022-08-26,-2.0,19.600274902937468,-0.051019692578400076,
2022-08-29,-44.5,21.319451695584792,-1.0436478535049718,
2022-08-30,395.5,20.711365860185882,9.547897581208833,
2022-08-31,-44.0,21.052071870172604,-1.0450277832829584,
2022-09-01,-43.5,20.816656022303135,-1.0448364029600563,
2022-09-02,-43.5,20.839127020710055,-1.0437097474565376,
2022-09-05,-4.0,21.607314376373623,-0.0925612487124678,
2022-09-06,-43.0,20.402774063775507,-1.053778272150383,
2022-09-07,-42.5,20.225790202077256,-1.0506388026222855,
2022-09-08,-42.5,20.305198044786025,-1.046530053690197,
2022-09-09,-42.5,20.267773184444167,-1.0484624929743,
2022-09-12,-42.5,20.360253671269582,-1.0437001592954582,
2022-09-13,-41.5,19.83407483760747,-1.0461793741271883,
2022-09-14,-47.0,22.397712349206937,-1.0492142962462903,
2022-09-15,-45.5,21.656357895692153,-1.0504998167085793,
2022-09-16,-45.5,21.697868045999858,-1.0484901074967183,
2022-09-19,-44.5,21.357395328428442,-1.0417937046088868,
2022-09-20,-44.0,20.983652804969267,-1.0484351892626647,
2022-09-21,-43.0,20.549552604614323,-1.0462514884714453,
2022-09-22,-2.0,21.425477418570445,-0.04667340570592159,
2022-09-23,-44.0,20.933032602958267,-1.050970512360973,
2022-09-26,-2.0,21.227101702746968,-0.04710958726271102,
2022-09-27,-44.0,21.02204086683647,-1.046520656075135,
2022-09-28,-44.5,21.313770090633863,-1.0439260583831462,
2022-09-29,201.5,21.652965084160016,4.652942431136258,
2022-09-30,-47.0,22.582664006720012,-1.0406212479186252,
2022-10-03,-47.5,22.753545149097157,-1.0437933888707616,
2022-10-04,-2.0,22.885434781304504,-0.043695914434490744,
2022-10-05,-48.5,23.309243011211326,-1.040359825856901,
2022-10-06,-49.0,23.4898327961248,-1.0430044442054032,
2022-10-07,349.0,22.856630453544458,7.634546148640194,
2022-10-10,-2.0,23.897228278291283,-0.04184585711592419,
2022-10-11,-49.0,23.525551258413333,-1.0414208675020178,
2022-10-12,-48.5,23.303636882812384,-1.0406101039913476,
2022-10-13,992.5,22.390430676897214,22.16348614107,
2022-10-14,-50.5,24.316114199975985,-1.0384060459801976,
2022-10-17,143.0,25.15469532854913,2.8424116876045646,
2022-10-18,-53.0,25.491413519367054,-1.0395657337662612,
2022-10-19,-53.0,25.546937553697976,-1.0373063285686885,
2022-10-20,-52.0,24.983763442719553,-1.0406758797412718,
2022-10-21,-51.5,24.7393874825253,-1.040850345150564,
2022-10-24,-52.0,25.00264551948778,-1.039889958034035,
2022-10-25,-51.5,24.866742268095795,-1.0355196399424396,
2022-10-26,-51.0,24.41911782037467,-1.0442637685593814,
2022-10-27,-2.0,24.172216547490763,-0.04136980975804665,
2022-10-28,-49.5,23.751433222669995,-1.042042379841605,
2022-10-31,-50.5,24.193741563907853,-1.0436583334290002,
2022-11-01,502.5,23.62945645220015,10.63291491737238,
2022-11-02,-49.0,23.566191705614425,-1.0396249129282567,
2022-11-03,-51.5,24.686017298070542,-1.043100622068049,
2022-11-04,-2.0,24.157551776779787,-0.04139492317930987,
2022-11-07,-50.0,24.10076236415266,-1.0373115846818548,
2022-11-08,-49.0,23.40383290957033,-1.046837075562158,
2022-11-09,-48.5,23.352666273172446,-1.038425322245041,
2022-11-10,502.5,23.141761539374414,10.85699546132269,
2022-11-11,-53.5,25.848153572276242,-1.0348901682745744,
2022-11-14,-53.5,25.649178317113655,-1.0429183995399904,
2022-11-15,-51.5,24.86977272303411,-1.0353934588292653,
2022-11-16,-51.5,24.814342528531675,-1.037706317239415,
2022-11-17,259.0,24.10796091935084,5.371669567294415,
2022-11-18,123.5,23.624802996540065,2.6137784094556684,
2022-11-21,-48.5,23.19892421107292,-1.0453070918014982,
2022-11-22,-46.5,22.369536767424854,-1.0393599224574601,
2022-11-23,-2.0,22.014569855465933,-0.045424462370392986,
2022-11-25,-42.0,20.034437783539506,-1.04819512416035,
2022-11-28,-41.0,19.37751365614383,-1.0579272637230357,
2022-11-29,-40.5,19.135816252133555,-1.0582250442409122,
2022-11-30,-39.5,18.698436519838303,-1.0562380431671936,
2022-12-01,-42.5,20.340066054135566,-1.0447360369156433,
2022-12-02,-42.0,19.968007764554454,-1.05168228336116,
2022-12-05,-41.5,19.73502506708628,-1.0514301314269154,
2022-12-06,413.5,19.762433990865834,10.461768023896223,
2022-12-07,-42.0,19.97806370580399,-1.0511529199848892,
2022-12-08,-41.0,19.38543415538942,-1.0574950158802978,
2022-12-09,-40.0,19.117724572861604,-1.046149604456109,
2022-12-12,-39.5,18.65351210337149,-1.0587818471155535,
2022-12-13,-38.5,18.322904095987813,-1.0505976508502926,
2022-12-14,-41.0,19.530643089131537,-1.0496326161122618,
2022-12-15,360.0,19.959704297050713,9.018169674317127,
2022-12-16,-44.0,20.991600418689945,-1.0480382420204712,
2022-12-19,-43.5,20.649343245926378,-1.0533022644335555,
2022-12-20,-43.0,20.391800871217352,-1.0543453290752192,
2022-12-21,-42.0,19.900868666130396,-1.055230319455363,
2022-12-22,173.5,19.62714590426394,4.4198988698175325,
2022-12-23,-43.5,20.720296196816516,-1.0496954190906638,
2022-12-27,198.0,20.242060754186767,4.89080638588259,
2022-12-28,-41.5,19.78191355745914,-1.048937957378538,
2022-12-29,217.5,19.64258044621206,5.536441624754638,
2022-12-30,-41.5,19.85337827148263,-1.0451621742283164,
2023-01-03,-41.0,19.380815537805297,-1.057747026177075,
2023-01-04,-41.5,19.803167999390634,-1.0478121480683547,
2023-01-05,-41.0,19.486870285148445,-1.051990376085363,
2023-01-06,-40.0,19.119504550494984,-1.046052210567466,
2023-01-09,-42.0,19.89400422545963,-1.0555944274468867,
2023-01-10,-42.0,19.924789637926796,-1.053963448629166,
2023-01-11,-41.0,19.388197520932025,-1.057344292983793,
2023-01-12,-40.0,19.039933412294026,-1.0504238416656468,
2023-01-13,-40.0,19.09154531141588,-1.0475841360018616,
2023-01-16,-39.5,18.85688136060046,-1.0473630088836228,
2023-01-17,-37.5,17.781836263414714,-1.054446780537353,
2023-01-18,-36.5,17.23759795888509,-1.0587321994357728,
2023-01-19,-37.0,17.554555247536157,-1.0538575167033377,
2023-01-20,-36.5,17.216729872712147,-1.0600154695419568,
2023-01-23,416.0,17.734731310375565,11.72839871999139,
2023-01-24,-38.5,18.135375502491595,-1.0614613409772116,
2023-01-25,-37.0,17.446687966599338,-1.0603731800223153,
2023-01-26,-37.5,17.814335254699387,-1.052523135549152,
2023-01-27,279.5,17.800811307935145,7.850765764687536,
2023-01-30,-38.0,17.958342643082634,-1.0580040918931124,
2023-01-31,-38.0,18.085871740005306,-1.0505437765530912,
2023-02-01,-37.5,17.795809472862068,-1.0536188324893585,
2023-02-02,-40.0,18.99432308194335,-1.052946183642242,
2023-02-03,-43.0,20.389817861804538,-1.05444786931006,
2023-02-06,-43.5,20.645009443104218,-1.0535233737693865,
2023-02-07,-42.0,20.07438376859677,-1.0461093223121105,
2023-02-08,-43.0,20.565052785125577,-1.0454629134504658,
2023-02-09,530.0,20.486299014759464,12.935474572985552,
2023-02-10,-44.0,20.96227765656236,-1.0495042743178613,
2023-02-13,-43.0,20.450686395379336,-1.051309456530405,
2023-02-14,-42.5,20.173851652852242,-1.053343722639876,
2023-02-15,-42.5,20.248933677648512,-1.0494379772430436,
2023-02-16,-42.0,19.928920557816472,-1.0537449802700645,
2023-02-17,-42.0,19.888908375115296,-1.05586488729944,
2023-02-20,35.0,19.624075634035634,0.8917617484947074,
2023-02-21,-39.0,18.381730945890233,-1.0608358950199839,
2023-02-22,-39.0,18.55000016404093,-1.051212928709329,
2023-02-23,-38.0,18.06339300946658,-1.0518511106990014,
2023-02-24,-38.0,18.01198993736182,-1.0548529099824098,
2023-02-27,-38.5,18.24282994183598,-1.0552090909894574,
2023-02-28,-38.0,17.965663517419124,-1.0575729630902864,
2023-03-01,-37.0,17.38552683760347,-1.0641035024596444,
2023-03-02,-36.0,16.972721349203226,-1.0605252763926982,
2023-03-03,-36.0,17.099669824260136,-1.0526519041006581,
2023-03-06,-36.5,17.247014836812987,-1.0581541311744098,
2023-03-07,-36.0,16.94588877704063,-1.0622045403949274,
2023-03-08,-36.0,16.916718150109155,-1.0640361706259116,
2023-03-09,-35.0,16.491863282244218,-1.0611293399964807,
2023-03-10,-2.0,17.328158762083916,-0.05770953589068676,
2023-03-13,-37.0,17.61454027907792,-1.0502686818329174,
2023-03-14,-39.0,18.453680259143784,-1.0566997870431707,
2023-03-15,-39.5,18.754756669204944,-1.0530661820011364,
2023-03-16,-39.5,18.782541907118876,-1.0515083686577291,
2023-03-17,-41.5,19.700306770896102,-1.0532830905280441,
2023-03-20,-41.0,19.588231287260665,-1.046546760622145,
2023-03-21,-40.5,19.14532190959919,-1.057699635222479,
2023-03-22,-40.0,18.877352487484963,-1.0594706017837678,
2023-03-23,-41.0,19.596827309807466,-1.0460876996012782,
2023-03-24,-42.0,19.975625359106935,-1.0512812301230934,
2023-03-27,-41.0,19.448794976313582,-1.0540498794381177,
2023-03-28,9.5,19.129684620862612,0.2483051913370127,
2023-03-29,-39.5,18.649885719372428,-1.0589877223475337,
2023-03-30,-39.5,18.718643882274396,-1.0550978011127317,
2023-03-31,355.0,18.14633003354051,9.781592182657342,
2023-04-03,-38.0,18.089002888287617,-1.0503619308006324,
2023-04-04,-37.0,17.587109824838503,-1.0519067762840835,
2023-04-05,163.5,17.17999483735004,4.7584414764940455,
2023-04-06,-36.0,17.118030920396468,-1.0515228114556476,
2023-04-10,-36.5,17.168975140368147,-1.0629638549065237,
2023-04-11,-36.0,17.034137630341853,-1.0567015713162795,
2023-04-12,350.5,16.41205637103172,10.678125643616903,
2023-04-13,303.0,16.54021305881517,9.159495071876206,
2023-04-14,-2.0,16.8025192688998,-0.05951488488103834,
2023-04-17,-35.5,16.657696463978386,-1.0655735046189416,
2023-04-18,-34.5,16.16027171655136,-1.0674325470859836,
2023-04-19,-33.5,15.861770165369121,-1.0559981531298532,
2023-04-20,-2.0,15.512268724985613,-0.06446510292780706,
2023-04-21,-32.5,15.359160244629498,-1.0580005508883206,
2023-04-24,-32.0,15.009398798584535,-1.0659987261787518,
2023-04-25,-31.5,14.830602455828496,-1.0619932701257309,
2023-04-26,-32.5,15.127970137555032,-1.0741692277445432,
2023-04-27,-32.5,15.138918699158243,-1.0733923817758224,
2023-04-28,-34.0,16.043728077789797,-1.0596040968516551,
2023-05-01,-33.5,15.712033215090527,-1.0660619011365482,
2023-05-02,-32.5,15.150905842584061,-1.072543131667201,
2023-05-03,-32.5,15.156198282399485,-1.0721686070094978,
2023-05-04,-32.5,15.260219833656665,-1.0648601512384743,
2023-05-05,337.5,14.863954131252617,11.352968295642814,
2023-05-08,-33.0,15.46831455044886,-1.0666966944709049,
2023-05-09,-32.0,14.971470653988227,-1.0686992861144062,
2023-05-10,-31.0,14.459222750131925,-1.0719801657290728,
2023-05-11,-31.0,14.41481398226536,-1.0752826931426067,
2023-05-12,-30.0,13.967773697817835,-1.073900560283521,
2023-05-15,-30.0,13.916950576545133,-1.077822323036785,
2023-05-16,-29.0,13.611275535363339,-1.0652932535475954,
2023-05-17,-28.5,13.281898711408815,-1.0728887721271063,
2023-05-18,427.0,13.369798803451044,15.968826692058439,
2023-05-19,-29.5,13.788920317490254,-1.0696994152102457,
2023-05-22,-29.0,13.418729580526666,-1.080579194400227,
2023-05-23,-28.0,12.994623896203333,-1.077368618886339,
2023-05-24,-28.0,13.11107933218881,-1.0677991983183883,
2023-05-25,-28.0,13.026359379889609,-1.0747438782944618,
2023-05-26,532.5,14.123583709897494,18.851447725226983,
2023-05-29,-32.5,15.205381302047673,-1.0687005920602366,
2023-05-30,-31.0,14.543836209044269,-1.0657435752996949,
2023-05-31,-31.5,14.698294336969678,-1.0715529053180703,
2023-06-01,-31.0,14.510916170043274,-1.068161363374052,
2023-06-02,-32.0,14.954332872183041,-1.0699240238099843,
2023-06-05,-31.5,14.740630524169967,-1.0684753256772148,
2023-06-06,-31.0,14.497996201014969,-1.069113261246053,
2023-06-07,-30.0,14.101264329513901,-1.0637344034892706,
2023-06-08,-32.0,15.073495448834336,-1.0614658062763611,
2023-06-09,-2.0,15.044138631060456,-0.06647107052944715,
2023-06-12,-32.0,14.994110871698995,-1.0670856136057787,
2023-06-13,-2.0,15.305245809434782,-0.06533707543485247,
2023-06-14,-32.0,15.106656823046583,-1.0591357298585442,
2023-06-15,450.0,15.31332419282897,14.693086698011955,
2023-06-16,-34.0,15.968622464769759,-1.0645877587441048,
2023-06-19,10.5,15.99050657442906,0.3283198049770009,
2023-06-20,-32.0,15.085381104826984,-1.0606294855143141,
2023-06-21,221.0,14.9949074544822,7.3691685217416865,
2023-06-22,409.0,15.269824779162045,13.392426105574621,
2023-06-23,-33.0,15.539837294936184,-1.061787178774175,
2023-06-26,-33.5,15.652616773869314,-1.0701086113577298,
2023-06-27,-34.5,16.13635843287865,-1.0690144292315822,
2023-06-28,-35.0,16.49447568767303,-1.0609612776645236,
2023-06-29,-34.5,16.352905995696386,-1.0548583844693844,
2023-06-30,122.0,15.807609138860931,3.858901081381087,
2023-07-03,-34.5,16.143672771799437,-1.068530082580288,
2023-07-04,-33.0,15.429839002385192,-1.0693565887142036,
2023-07-05,-2.0,14.477707645071964,-0.069071708347446,
2023-07-06,-30.5,14.190907098995396,-1.0746317972217279,
2023-07-07,-31.0,14.507181591924297,-1.0684363397386833,
2023-07-10,-31.0,14.475418621072562,-1.0707807771055344,
2023-07-11,-30.5,14.25306729099595,-1.0699451345208928,
2023-07-12,-30.5,14.14168748449624,-1.0783720130089722,
2023-07-13,-31.0,14.466834807032221,-1.071416118781253,
2023-07-14,-2.0,14.984382320815634,-0.06673615091967086,
2023-07-17,-32.0,14.954694297900232,-1.0698981658385713,
2023-07-18,-31.5,14.849448276621645,-1.0606454668619671,
2023-07-19,-33.0,15.37850554257724,-1.0729261015849536,
2023-07-20,-32.0,15.091648003821724,-1.060189052643439,
2023-07-21,-34.5,16.21010171783446,-1.0641512496507928,
2023-07-24,-34.0,16.107594452274856,-1.0554027822322725,
2023-07-25,-33.5,15.680266277112365,-1.068221655422336,
2023-07-26,-33.0,15.484354400175768,-1.0655917304380933,
2023-07-27,-32.5,15.286364800163213,-1.0630388723829551,
2023-07-28,170.0,16.29849945729441,5.215204026770584,
2023-07-31,-36.0,16.902178067487668,-1.0649515067306063,
2023-08-01,-34.5,16.256040348381408,-1.0611440197192645,
2023-08-02,312.5,15.816769609211306,9.87875551459027,
2023-08-03,-35.5,16.844589637124784,-1.0537508115294023,
2023-08-04,-35.0,16.564172520187302,-1.0564970860254066,
2023-08-07,-35.5,16.84753519731678,-1.053566577669293,
2023-08-08,-2.0,16.485211254651297,-0.06066042979690966,
2023-08-09,346.0,16.746089022176204,10.330770353059913,
2023-08-10,-35.5,16.73922552059219,-1.060383586932644,
2023-08-11,-36.5,17.184191554835603,-1.062022611989825,
2023-08-14,-35.5,16.831302872347347,-1.0545826508274656,
2023-08-15,-36.0,16.906745524322538,-1.0646638038116014,
2023-08-16,-35.5,16.758495844013787,-1.0591642689901901,
2023-08-17,393.0,16.663692569441373,11.792104251872152,
2023-08-18,-35.5,16.828785957338418,-1.0547403743203396,
2023-08-21,-2.0,16.663336960385674,-0.06001198933786999,
2023-08-22,235.0,16.884705748929555,6.958960478624224,
2023-08-23,-35.0,16.537137481148875,-1.058224255555033,
2023-08-24,792.5,16.8679669467811,23.49127202170716,
2023-08-25,-38.5,18.261326450582448,-1.0541402921684266,
2023-08-28,-39.0,18.548017418397986,-1.0513253012506734,
2023-08-29,-38.0,18.021373317083846,-1.054303668521668,
2023-08-30,-39.5,18.704221651577857,-1.0559113534849456,
2023-08-31,-2.0,18.159723676465156,-0.055066917196322285,
2023-09-01,-37.0,17.4947434138605,-1.05746049326697,
2023-09-04,-36.5,17.309851027156178,-1.0543129441939674,
2023-09-06,-34.0,16.027562875456095,-1.0606728004812918,
2023-09-07,-34.0,16.0787190986378,-1.057298152651989,
2023-09-08,-34.5,16.218632020163675,-1.0635915518987105,
2023-09-11,-33.5,15.783372590151982,-1.0612434005677052,
2023-09-12,-33.5,15.730095976569698,-1.0648377495566124,
2023-09-13,-33.5,15.625714121100433,-1.0719510078186678,
2023-09-14,-33.0,15.396198826736118,-1.071693096827711,
2023-09-15,390.0,15.279506053397824,12.762192659797162,
2023-09-18,-34.0,15.879630621012266,-1.07055386902421,
2023-09-19,-33.0,15.37751414808282,-1.0729952735603319,
2023-09-20,-32.5,15.161709566076905,-1.0717788735617293,
2023-09-21,-33.0,15.620248168499984,-1.056321245476377,
2023-09-22,-34.0,16.074159013607126,-1.0575980980161468,
2023-09-25,-33.5,15.863504798349474,-1.055882682479017,
2023-09-26,179.5,15.570129455610228,5.764242375496838,
2023-09-27,-34.0,15.907084494495212,-1.0687062111151167,
2023-09-28,-34.0,16.032471316316983,-1.0603480689030342,
2023-09-29,-35.0,16.43818765086577,-1.0645942467433935,
2023-10-02,-2.0,16.601977818661073,-0.060233787258526086,
2023-10-03,-35.0,16.478175831613854,-1.0620107576729305,
2023-10-04,-36.0,17.103841843641437,-1.0523951381538132,
2023-10-05,-2.0,17.14910314052419,-0.058312087332249456,
2023-10-09,-38.5,18.286184595656067,-1.0527072992893711,
2023-10-10,125.5,18.390296410252063,3.4121255362158642,
2023-10-11,-38.5,18.166882380948344,-1.0596204453983544,
2023-10-12,-37.0,17.58844435373775,-1.0518269625174972,
2023-10-13,377.0,17.68480547132791,10.658867597136538,
2023-10-16,-38.0,18.052855080518775,-1.052465104010241,
2023-10-17,-38.0,17.91649043191029,-1.0604755474967307,
2023-10-18,-38.0,18.02424111534527,-1.0541359205311562,
2023-10-19,-38.5,18.139027464249178,-1.06124763513041,
2023-10-20,-39.0,18.375525502517096,-1.0611941409419214,
2023-10-23,-38.5,18.317898680908733,-1.0508847294838857,
2023-10-24,-39.5,18.82822734655811,-1.048956953646005,
2023-10-25,390.0,18.404782536089673,10.595072211129217,
2023-10-26,-40.5,19.206226640654695,-1.0543455713021683,
2023-10-27,-41.5,19.634353309179364,-1.0568211579598628,
2023-10-30,-40.5,19.37431021566655,-1.0451985012413678,
2023-10-31,-40.0,19.118109485976085,-1.0461285418765291,
2023-11-01,405.0,18.783780236977794,10.780577575186811,
2023-11-02,-40.0,18.901903077193666,-1.0580945166379176,
2023-11-03,-2.0,18.975427857394116,-0.05269973396728085,
2023-11-06,-39.5,18.846825867580254,-1.047921816584158,
2023-11-07,-38.5,18.140802591324523,-1.061143789151089,
2023-11-08,-37.5,17.853513120515625,-1.0502134719051017,
2023-11-09,-36.5,17.27870861190737,-1.0562131933530774,
2023-11-10,-36.5,17.207015139628272,-1.0606139328586806,
2023-11-13,-37.5,17.830174772511967,-1.0515881217780372,
2023-11-14,86.0,17.26373371733254,2.4907705774463276,
2023-11-15,-38.0,18.018109880380216,-1.0544946238056276,
2023-11-16,-37.0,17.50654846035306,-1.0567474246506559,
2023-11-17,-35.5,16.845366427470697,-1.053702219920492,
2023-11-20,-34.5,16.258197396937078,-1.0610032329444943,
2023-11-21,9.0,16.28618329715586,0.27630783209874954,
2023-11-22,-34.0,16.04297377593044,-1.0596539168757728,
2023-11-23,-34.0,15.888118506221124,-1.069981948670858,
2023-11-24,20.0,14.896556470062473,0.6712960824266296,
2023-11-27,-2.0,14.265106007915156,-0.0701011264441455,
2023-11-28,-30.0,13.883669864492644,-1.080405983893521,
2023-11-29,-29.0,13.49733630274317,-1.0742860424284644,
2023-11-30,-2.0,13.577883709690088,-0.07364917990027658,
2023-12-01,-29.5,13.655356301855083,-1.0801622216182092,
2023-12-04,-29.5,13.676402280294006,-1.0785000102880065,
2023-12-05,205.0,14.326748545987291,7.154449571791272,
2023-12-06,300.0,14.2556415069882,10.522150120460669,
2023-12-07,-31.0,14.500327827917614,-1.0689413497367768,
2023-12-08,-31.5,14.809232983066357,-1.063525708455621,
2023-12-11,-31.5,14.670180627133046,-1.073606412921037,
2023-12-12,-31.0,14.575882010909258,-1.0634004850203296,
2023-12-13,-31.0,14.516444010130026,-1.067754609130419,
2023-12-14,-31.5,14.714376580835024,-1.0703817394828565,
2023-12-15,-32.0,14.998617539346808,-1.0667649840411093,
2023-12-18,-31.5,14.633091286536324,-1.0763275982902756,
2023-12-19,-31.0,14.414209766069444,-1.0753277669433166,
2023-12-20,-2.0,13.862748354207342,-0.07213576806337252,
2023-12-21,-31.0,14.550677043192533,-1.0652425281648048,
2023-12-22,-31.0,14.59214654010735,-1.0622152099005697,
2023-12-26,104.0,14.329314644385397,3.628924431523665,
2023-12-27,-30.0,14.007577884072154,-1.070848945059682,
2023-12-28,-29.0,13.394090178067,-1.082566998372457,
2023-12-29,-27.5,12.872637308205071,-1.0681571826183354,
2024-01-02,219.5,12.859859643333282,8.534307764151674,
2024-01-03,-30.0,14.06540538309519,-1.0664463335004957,
2024-01-04,-30.5,14.126804998588392,-1.0795080700500814,
2024-01-05,-30.0,13.90926535583208,-1.0784178471158854,
2024-01-08,509.5,13.84521068755836,18.399864454856182,
2024-01-09,-31.5,14.717874209875621,-1.0701273686271777,
2024-01-10,-31.5,14.780883194884504,-1.065565554665292,
2024-01-11,-31.5,14.697427252392755,-1.0716161223003084,
2024-01-12,-32.5,15.203861020078987,-1.0688074547997661,
2024-01-16,-30.0,13.980178634659943,-1.0729476634019322,
2024-01-17,-30.0,13.939183732184233,-1.0761031842464666,
2024-01-18,-31.0,14.436831322742503,-1.073642799689893,
2024-01-19,-31.5,14.782414799689468,-1.0654551515041275,
2024-01-22,-33.0,15.542599456854505,-1.0615984826607152,
2024-01-23,-32.5,15.24134235279347,-1.0661790558770343,
2024-01-24,-31.5,14.846425041879652,-1.0608614501855829,
2024-01-25,-32.5,15.200251824602535,-1.069061235794685,
2024-01-26,-32.5,15.23951955141664,-1.0663065817248436,
2024-01-29,-31.5,14.871518154886882,-1.059071430096358,
2024-01-30,-31.5,14.861945429537819,-1.0597535884297618,
2024-01-31,-31.5,14.65618147028512,-1.0746318904369845,
2024-02-01,-33.0,15.501722079550467,-1.0643978723993794,
2024-02-02,350.5,15.543563359582576,11.27476344682307,
2024-02-05,-34.5,16.22929097675525,-1.062893013915807,
2024-02-06,134.0,16.094609478415588,4.162884479418616,
2024-02-07,-34.0,16.05392308710019,-1.0589311975500872,
2024-02-08,-34.0,16.052303580878746,-1.0590380324136242,
2024-02-09,-33.0,15.37981761081598,-1.0728345691431505,
2024-02-12,-33.0,15.382152067186269,-1.07267175151638,
2024-02-13,-32.5,15.275837633815822,-1.0637714532935132,
2024-02-14,-35.0,16.442742088543266,-1.0642993672079424,
2024-02-15,-2.0,16.374510510790177,-0.06107052783904827,
2024-02-16,321.5,16.021866902876592,10.03316286263361,
2024-02-19,-34.0,16.018519266956837,-1.0612716267144475,
2024-02-20,-32.5,15.198446462174205,-1.069188225286242,
2024-02-21,-34.0,15.914182429161762,-1.0682295540893476,
2024-02-22,283.0,16.061830112793068,8.809705930540058,
2024-02-23,-37.5,17.860985104736418,-1.0497741244422085,
2024-02-26,-37.5,17.649932597255248,-1.062327003045656,
2024-02-27,-36.0,16.890115983165586,-1.0657120423530921,
2024-02-28,-34.5,16.346625555796617,-1.055263665343031,
2024-02-29,-34.0,15.938384444668287,-1.0666074757461912,
2024-03-01,-34.0,15.931624841477696,-1.0670600248971975,
2024-03-04,-35.0,16.431598067086433,-1.0650211822703748,
2024-03-05,283.5,15.762823205151689,8.992678415226564,
2024-03-06,-2.0,16.919050119069425,-0.05910497297202886,
2024-03-07,-36.0,17.00965368199304,-1.0582226032653077,
2024-03-08,-37.0,17.486196276136393,-1.0579773730006197,
2024-03-11,-39.0,18.508610827840936,-1.053563672680815,
2024-03-12,-2.0,17.9526386258523,-0.055702118270234226,
2024-03-13,-2.0,18.368521581148563,-0.05444096279508365,
2024-03-14,-38.0,18.09577003963795,-1.049969134133633,
2024-03-15,-38.0,18.071518608235245,-1.0513781609555295,
2024-03-18,-38.5,18.23783870764701,-1.0554978749718078,
2024-03-19,-39.5,18.662814514243653,-1.0582541012196525,
2024-03-20,-39.0,18.594042048940537,-1.0487230236801086,
2024-03-21,-39.0,18.62125333115907,-1.047190522206715,
2024-03-22,-39.0,18.493842378933422,-1.0544050068369084,
2024-03-25,-37.5,17.847853637581036,-1.0505464903925128,
2024-03-26,-37.0,17.415417663468105,-1.0622771361267433,
2024-03-27,25.5,17.078155687506097,0.746567734437949,
2024-03-28,-36.0,16.89355528125566,-1.0654950778757626,
2024-04-01,-34.5,16.16901561830883,-1.0668552994943692,
2024-04-02,-34.0,16.045335931286772,-1.059497917201704,
2024-04-03,-35.0,16.472901221909147,-1.0623508126622407,
2024-04-04,-35.0,16.43331899177278,-1.0649096514685346,
2024-04-05,-38.0,17.931385492360437,-1.05959464248286,
2024-04-08,-39.0,18.435840100048978,-1.0577223437703929,
2024-04-09,-37.5,17.860958664331193,-1.049775678471517,
2024-04-10,-38.0,17.893658045450394,-1.0618287189650917,
2024-04-11,-38.0,17.97893247077537,-1.0567924447619106,
2024-04-12,-39.0,18.565705151434273,-1.0503236931183058,
2024-04-15,-40.5,19.178869069188966,-1.0558495355981035,
2024-04-16,-43.0,20.474128421389754,-1.0501057509016354,
2024-04-17,499.5,19.92240496271906,12.536137101286666,
2024-04-18,-42.5,20.343572465381982,-1.0445559665668582,
2024-04-19,-42.0,20.093138717854696,-1.0451328831637174,
2024-04-22,-44.0,20.970860952293645,-1.049074716104767,
2024-04-23,330.0,21.077406598558387,7.828287566046449,
2024-04-24,-44.5,21.21518112723279,-1.0487772820114587,
2024-04-25,-44.0,20.922578903859023,-1.0514956163430815,
2024-04-26,-44.5,21.303108982154804,-1.04444848959081,
2024-04-29,-45.0,21.572083340572316,-1.0430146984312116,
2024-04-30,-44.0,20.87630953053144,-1.053826106947934,
2024-05-01,-44.5,21.214608849779196,-1.0488055734400958,
2024-05-02,-2.0,21.809993931937825,-0.04585054003777752,
2024-05-03,-45.5,21.855262222513694,-1.04093923780812,
2024-05-06,223.5,22.447743492334144,4.978228659738668,
2024-05-07,-46.0,21.898351100024563,-1.0503073904945384,
2024-05-08,160.5,20.86855816430852,3.8454980630742144,
2024-05-09,-42.5,20.255179009715057,-1.049114401299924,
2024-05-10,-41.0,19.507487651878268,-1.0508785326862,
2024-05-13,-40.0,18.968559962458393,-1.054376296333669,
2024-05-14,-38.5,18.15607353656851,-1.0602512686032137,
2024-05-15,-37.5,17.75653256967076,-1.055949404898237,
2024-05-16,-38.0,18.072583814694276,-1.051316192239854,
2024-05-17,-37.0,17.408470685073254,-1.0627010456388146,
2024-05-20,154.0,16.872151350425167,4.563733361605937,
2024-05-21,-35.0,16.520122682537657,-1.0593141671095523,
2024-05-22,-34.0,16.04056034807068,-1.0598133501018696,
2024-05-23,-33.5,15.722484608922775,-1.0653532451540193,
2024-05-24,-35.0,16.533378565428293,-1.0584648461744495,
2024-05-27,-35.0,16.580547953611987,-1.0554536586462884,
2024-05-28,-33.5,15.83416952835399,-1.0578388699202725,
2024-05-29,-33.0,15.406282419185848,-1.0709916611324817,
2024-05-30,-32.5,15.280833674958288,-1.063423655126222,
2024-05-31,-33.0,15.606309841032697,-1.0572646684623408,
2024-06-03,-35.0,16.582198423816077,-1.0553486065433721,
2024-06-04,-36.0,17.110702107829216,-1.0519731970416266,
2024-06-05,-36.0,16.88225910012713,-1.0662080171405766,
2024-06-06,-37.5,17.700044164403764,-1.0593193907226393,
2024-06-07,-36.0,16.96343386694635,-1.061105914119984,
2024-06-10,-35.0,16.622295733593038,-1.0528028306362733,
2024-06-11,-34.5,16.249274609764967,-1.0615858500928803,
2024-06-12,-35.0,16.44396928049604,-1.0642199399360652,
2024-06-13,-36.5,17.12698933188918,-1.0655696483689552,
2024-06-14,-35.5,16.821043665325668,-1.0552258440770386,
2024-06-17,-34.5,16.344094117802406,-1.0554271087567257,
2024-06-18,-36.5,17.14406953795938,-1.064508048079946,
2024-06-19,15.908602150537634,16.468600285247994,0.4829980045355771,
2024-06-20,-33.0,15.576200264873137,-1.0593084140815896,
2024-06-21,-2.0,16.097543103096484,-0.062121281092121595,
2024-06-24,-33.5,15.796825738589595,-1.060339607284641,
2024-06-25,-34.0,16.03455247154748,-1.0602104442993128,
2024-06-26,-34.5,16.156191580722663,-1.0677021198846426,
2024-06-27,-33.0,15.6236064678139,-1.0560941888796005,
2024-06-28,-33.0,15.379509577255767,-1.0728560567627778,
2024-07-01,-34.5,16.247044607451784,-1.0617315589869314,
2024-07-02,-35.0,16.491452135490942,-1.061155794906537,
2024-07-03,-35.5,16.82688412581302,-1.0548595846554198,
2024-07-04,15.290697674418604,16.799517402540662,0.45509336095887276,
2024-07-05,-33.5,15.866069730930613,-1.0557119869041154,
2024-07-08,-34.0,16.116261178721285,-1.0548352258305131,
2024-07-09,-33.0,15.500813951669764,-1.064460231020488,
2024-07-10,-32.5,15.22932724083621,-1.067020213238766,
2024-07-11,858.0,15.412500295062195,27.834549345471324,
2024-07-12,-36.0,17.12410741684347,-1.0511496781604508,
2024-07-15,-37.0,17.592474744211792,-1.0515859916801529,
2024-07-16,-38.0,17.89345869105381,-1.0618405489990277,
2024-07-17,-37.5,17.79392592740711,-1.0537303615005105,
2024-07-18,414.5,19.800163361163744,10.467085357815906,
2024-07-19,-43.0,20.47783026393776,-1.0499159199430577,
2024-07-22,-43.5,20.742806673656492,-1.0485562702381375,
2024-07-23,-44.0,21.045106196966742,-1.0453736747202012,
2024-07-24,753.5,20.510187897183403,18.368919967414723,
2024-07-25,-48.0,23.095174475956018,-1.0391781203032686,
2024-07-26,-50.5,24.162929870530586,-1.0449891687512292,
2024-07-29,-50.0,24.080309879778405,-1.0381926198131657,
2024-07-30,640.0,23.774573459794233,13.45975777614517,
2024-07-31,-51.5,24.844693212666073,-1.0364386382067456,
2024-08-01,-55.0,26.469179411761353,-1.0389441838072475,
2024-08-02,-60.0,28.937898739492685,-1.036702777560619,
2024-08-05,-62.5,30.307513115243207,-1.0310974668615343,
2024-08-06,-69.5,33.77706574986869,-1.0288045817045282,
2024-08-07,-70.5,34.13540033916379,-1.0326523096188043,
2024-08-08,-72.0,34.94760388636637,-1.0301135413190425,
2024-08-09,-73.0,35.57322146591164,-1.0260527018891572,
2024-08-12,-71.0,34.47870564691795,-1.029621017782416,
2024-08-13,-68.5,33.31103024356667,-1.028187953046414,
2024-08-14,-2.0,33.43479594045476,-0.029908960765931882,
2024-08-15,444.5,32.535881944707995,6.830919794265767,
2024-08-16,-67.5,32.86903323437171,-1.0268023327411724,
2024-08-19,-65.0,31.583298717630875,-1.029024874525136,
2024-08-20,-64.0,31.107259523514387,-1.0286987825401586,
2024-08-21,-61.5,29.86031241469193,-1.0297949858311035,
2024-08-22,-59.5,28.853772242213935,-1.0310610255831596,
2024-08-23,-61.0,29.381627796341512,-1.0380636570380128,
2024-08-26,-60.0,28.99052938231712,-1.034820703146546,
2024-08-27,-59.0,28.50549156929447,-1.0348883101450106,
2024-08-28,-57.5,27.823402885773437,-1.0333027961400203,
2024-08-29,-57.5,27.861016965361046,-1.0319077740681255,
2024-08-30,-57.5,27.780765753549545,-1.0348886799971169,
2024-09-02,-56.5,27.201336056867436,-1.0385519277781141,
2024-09-03,816.5,25.70168705280548,15.884171306001381,
2024-09-04,-57.5,27.80870940617652,-1.0338487694655263,
2024-09-05,-56.5,27.303623020021053,-1.0346612235044774,
2024-09-06,-56.0,27.006042804305267,-1.036804992234415,
2024-09-09,-58.0,27.99802188971203,-1.0357874607797255,
2024-09-10,-57.0,27.4539667547326,-1.038101351786881,
2024-09-11,-56.0,27.03984412939456,-1.0355089277146265,
2024-09-12,-60.0,29.107533834437806,-1.0306610024277048,
2024-09-13,-59.5,28.62753141769225,-1.0392094088005803,
2024-09-16,-57.0,27.541636316428516,-1.0347969043146439,
2024-09-17,-55.5,26.846698008112195,-1.0336466701273601,
2024-09-18,-55.0,26.406308864675612,-1.0414177968200413,
2024-09-20,-2.0,27.787391316990707,-0.03598754516364212,
2024-09-23,-56.0,27.002577651491368,-1.0369380420410916,
2024-09-24,-2.0,25.6523935335277,-0.03898271709784115,
2024-09-25,-52.5,25.222311852561436,-1.0407452002594362,
2024-09-26,215.5,24.146611005949904,4.462323925019938,
2024-09-27,269.5,24.187031648382053,5.571167308122899,
2024-09-30,-49.0,23.58438653064048,-1.0388228656348542,
2024-10-01,391.5,23.1359482070233,8.46085918970794,
2024-10-02,-50.0,23.906148335093064,-1.0457560812212152,
2024-10-03,-49.0,23.574012739729273,-1.0392800016905972,
2024-10-04,-2.0,23.147743972605756,-0.04320075430173463,
2024-10-07,-47.5,22.87379797456249,-1.038305926563307,
2024-10-08,320.5,22.735937404950885,7.048312860199228,
2024-10-09,-48.0,22.882477590311534,-1.0488374742323194,
2024-10-10,-47.0,22.556497048146422,-1.0418284341686428,
2024-10-11,-46.0,22.052907973278824,-1.0429463555495155,
2024-10-14,-45.0,21.43930740375891,-1.0494742006476907,
2024-10-15,-44.5,21.14141044634756,-1.0524368776844764,
2024-10-16,-45.5,21.80229184303702,-1.043468281398391,
2024-10-17,-44.5,21.171770997105803,-1.0509276717116198,
2024-10-18,-44.0,20.890305211598246,-1.0531200849945292,
2024-10-21,-2.0,20.28608698219837,-0.04929486898471495,
2024-10-22,227.0,19.95940219775563,5.686543057525175,
2024-10-23,-41.5,19.780605612201654,-1.04900731589332,
2024-10-24,-43.5,20.836008782758682,-1.0438659450939387,
2024-10-25,-2.0,20.366918869704488,-0.04909922833185565,
2024-10-28,-43.5,20.665263950439883,-1.0524907909311765,
2024-10-29,-42.0,19.943191525408462,-1.0529909404542959,
2024-10-30,-42.5,20.202159987879288,-1.0518677217064605,
2024-10-31,-41.5,19.748880703030768,-1.0506924575637138,
2024-11-01,52.0,21.152085652814286,1.2291932070793548,
2024-11-04,-44.0,21.123811677613265,-1.0414787035483424,
2024-11-05,259.5,20.76005727206946,6.249982757733785,
2024-11-06,-43.5,20.817374609778785,-1.044800336627613,
2024-11-07,362.0,22.48979428050887,8.048094959982203,
2024-11-08,-47.5,22.80793397475824,-1.0413043121873446,
2024-11-11,98.0,21.734599405132652,2.2544698932168306,
2024-11-12,-44.5,21.22409230476603,-1.048336940892572,
2024-11-13,-43.5,20.763442854425602,-1.0475141407179551,
2024-11-14,-43.0,20.416054079109486,-1.0530928217906539,
2024-11-15,481.0,20.04794307345881,11.996243161643578,
2024-11-18,-45.5,21.847643568211755,-1.041302231472742,
2024-11-19,478.0,21.53263331333949,11.099432035186299,
2024-11-20,-2.0,21.518695219529523,-0.046471219086389556,
2024-11-21,-2.0,21.52584198956313,-0.04645579023040553,
2024-11-22,-46.0,22.08560327602291,-1.0414023883590176,
2024-11-25,-44.5,21.3531494705927,-1.0420008547517747,
2024-11-26,-45.0,21.439085222693222,-1.0494850767319028,
2024-11-27,138.0,20.693882706786564,3.3343186958999933,
2024-11-28,-1.5791666666666666,20.901908942016096,-0.03777565654523294,
2024-11-29,-42.0,19.908469017586377,-1.054827469729059,
2024-12-02,204.5,19.622149802044493,5.210947884484413,
2024-12-04,-40.0,19.087784778293468,-1.0477905232221552,
2024-12-05,-40.5,19.168121579843934,-1.0564415462229593,
2024-12-06,273.5,18.378880752712224,7.440605434028915,
2024-12-09,-38.0,18.10404998466135,-1.0494889274000978,
2024-12-10,-38.0,18.00286784289983,-1.0553874063733368,
2024-12-11,368.5,18.07766299697841,10.192136009549268,
2024-12-12,-40.0,18.993544211479954,-1.0529893619281299,
2024-12-13,-39.0,18.531505339231387,-1.0522620609086895,
2024-12-16,-39.5,18.626129957857717,-1.060338355025176,
2024-12-17,-40.5,19.197477818010736,-1.0548260657971333,
2024-12-18,-39.5,18.706140116724256,-1.0558030612815992,
2024-12-19,-46.5,22.307933679815378,-1.0422301022455083,
2024-12-20,-47.0,22.507813416971427,-1.044081873465347,
2024-12-23,-51.0,24.39163031575918,-1.0454405740777695,
2024-12-24,355.0,24.256513864633526,7.317622020648173,
2024-12-26,-50.0,24.100245017159704,-1.037333852091531,
2024-12-27,142.5,23.482370373076865,3.034191134370742,
2024-12-30,-51.0,24.52916534642852,-1.03957878875454,
2024-12-31,-52.5,25.187796393112198,-1.042171359110171,
2025-01-02,-52.0,25.030632365032755,-1.0387272531045373,
2025-01-03,-53.5,25.708355053244702,-1.0405177594831696,
2025-01-06,-54.0,25.96266897801294,-1.039954714319454,
2025-01-07,-54.5,26.189442622440588,-1.0404956070600244,
2025-01-08,-56.5,27.13930386369483,-1.0409257415696276,
2025-01-10,-55.0,26.623103587716628,-1.0329374225433263,
2025-01-13,-56.5,27.32234618859401,-1.0339522017985867,
2025-01-14,-56.0,27.050214317980153,-1.0351119466505865,
2025-01-15,-56.0,27.026538295267283,-1.0360187344045901,
2025-01-16,-58.0,27.934017702748193,-1.0381607224780607,
2025-01-17,-56.5,27.302123581123325,-1.0347180473365096,
2025-01-20,-57.0,27.623400468185945,-1.031733947195373,
2025-01-21,-2.0,26.603871863315522,-0.037588513624549326,
2025-01-22,-54.0,26.02279173022156,-1.0375520151684403,
2025-01-23,-54.5,26.194378035205734,-1.0402995621188444,
2025-01-24,-52.5,25.27558317554818,-1.0385517049274051,
2025-01-27,-51.5,24.725095091580453,-1.0414520107859384,
2025-01-28,-56.5,27.317052585038994,-1.0341525650344856,
2025-01-29,-57.5,27.864941686107638,-1.0317624319427023,
2025-01-30,-56.5,27.156285137099946,-1.0402748335193261,
2025-01-31,-56.0,26.980389770164237,-1.0377907894778926,
2025-02-03,-56.5,27.358129786581078,-1.0325998239052283,
2025-02-04,430.5,27.90844194468243,7.71272005892156,
2025-02-05,-57.0,27.46185680577654,-1.0378030954558428,
2025-02-06,-56.0,26.936009891078218,-1.0395006577894894,
2025-02-07,-54.0,25.926741327429774,-1.041395818279513,
2025-02-10,-54.5,26.299384804041935,-1.036145909991475,
2025-02-11,-54.0,26.05880374661037,-1.036118168068711,
2025-02-12,419.5,25.11219276470963,8.352516324052887,
2025-02-13,-52.0,24.940339710087514,-1.0424878049870303,
2025-02-14,-52.0,24.883886873652692,-1.044852845217242,
2025-02-17,-49.5,23.829680668391788,-1.0386207160899534,
2025-02-18,21.0,22.444971334935232,0.4678108001705006,
2025-02-19,-45.5,21.72702695386843,-1.0470829740444276,
2025-02-20,-44.5,21.148757171449258,-1.0520712786866462,
2025-02-21,-44.5,21.22384594491717,-1.048349109664009,
2025-02-24,-47.0,22.523035520280228,-1.0433762349146984,
2025-02-25,-48.0,23.019604411688785,-1.0425895932344256,
2025-02-26,-49.5,23.684275525139586,-1.0449971321153229,
2025-02-27,-49.5,23.83941655905819,-1.038196548925012,
2025-02-28,-54.5,26.332583233411178,-1.0348396037888448,
2025-03-03,-2.0,27.043202288167524,-0.03697786931237577,
2025-03-04,-61.0,29.420027124726985,-1.0367087654506382,
2025-03-05,-63.5,30.83957875867506,-1.0295211957481372,
2025-03-06,-64.5,31.368894561626842,-1.028088507761794,
2025-03-07,-67.5,32.637187807224926,-1.0340964484853297,
2025-03-10,-68.0,33.09569224956601,-1.0273240318895536,
2025-03-11,-73.5,35.83037494602558,-1.0256660739766115,
2025-03-12,-73.5,35.87329459273804,-1.0244389431529781,
2025-03-13,-2.0,35.37207712182818,-0.028270887133820536,
2025-03-14,-72.5,35.197285898840455,-1.0299089567356166,
2025-03-17,-72.5,35.31355119178042,-1.0265181149053497,
2025-03-18,273.0,34.56169039236753,3.949459602535648,
2025-03-19,-71.0,34.38049822148414,-1.0325621162120417,
2025-03-20,-2.0,34.26448049137813,-0.029184741331526303,
2025-03-21,537.0,33.6866604562797,7.9705140362154125,
2025-03-24,-68.5,33.24386328083115,-1.030265336813276,
2025-03-25,-68.5,33.314837332200355,-1.028070455769441,
2025-03-26,-65.5,31.650384665614617,-1.0347425582975622,
2025-03-27,-65.5,31.761517903785002,-1.0311220042823332,
2025-03-28,754.0,30.897748767800362,12.201536197125309,
2025-03-31,-65.5,31.760409570100336,-1.031157987044074,
2025-04-01,-66.5,32.24002317223603,-1.0313268021666226,
2025-04-02,655.0,31.9876108027906,10.238338899991522,
2025-04-03,-67.5,32.77644217401984,-1.0297029744964767,
2025-04-04,-74.5,36.23035701873271,-1.0281433324198292,
2025-04-07,-2.0,39.84202794596609,-0.025099124004335418,
2025-04-08,-94.0,46.03902594982565,-1.0208730317453205,
2025-04-09,-102.5,50.163470524838104,-1.0216597748081226,
2025-04-10,-118.5,58.28304405877824,-1.016590690428705,
2025-04-11,-124.5,61.35479091172265,-1.0145906957708548,
2025-04-14,-122.5,60.205341560885316,-1.0173515906069268,
2025-04-15,-119.5,58.67594216367923,-1.0183049099292625,
2025-04-16,-114.0,55.88033915198786,-1.0200367582767669,
2025-04-17,-115.0,56.406297069703015,-1.0193897310604427,
2025-04-21,-109.5,53.7942401361528,-1.017766955373441,
2025-04-22,-109.0,53.55849084071332,-1.0175790830642857,
2025-04-23,-108.0,52.902973637805225,-1.0207365727625342,
2025-04-24,868.0,53.33222552081914,8.137669031467302,
2025-04-25,-107.0,52.469209412189194,-1.0196456283477247,
2025-04-28,-103.0,50.43837302560426,-1.021048001961856,
2025-04-29,343.5,48.79500709520396,3.5198273394017243,
2025-04-30,-95.5,46.83509587411796,-1.0195345842430021,
2025-05-01,-95.5,46.76830331168097,-1.0209906414987229,
2025-05-02,-94.0,46.01654950370375,-1.0213716696906423,
2025-05-05,-91.5,44.86715311058206,-1.0196769090127475,
2025-05-06,-87.5,42.767267174111915,-1.0229786210535088,
2025-05-07,-85.0,41.46156951881821,-1.0250456143661053,
2025-05-08,-83.0,40.507618124616904,-1.0244986479414848,
2025-05-09,-81.5,39.69278825857284,-1.0266348570561512,
2025-05-12,-78.0,38.04553552581764,-1.0250874238196663,
2025-05-13,464.5,39.71014013111638,5.848632093292759,
2025-05-14,-80.0,38.99914797889378,-1.025663432997251,
2025-05-15,-76.0,37.01036955182994,-1.0267392749695234,
2025-05-16,-74.0,35.87748601241351,-1.0312874203950104,
2025-05-19,549.0,34.342040582955406,7.993118502580754,
2025-05-20,-69.5,33.72251982703002,-1.0304686653974895,
2025-05-21,-2.0,32.52046483938502,-0.03074986796587593,
2025-05-22,-67.5,32.7998066365718,-1.028969480642265,
2025-05-23,-65.5,31.65562401967382,-1.0345712970196397,
2025-05-26,-64.5,31.32843658969712,-1.0294161953362828,
2025-05-27,-63.5,30.85453040471875,-1.0290223051051297,
2025-05-28,-62.5,30.235010375810273,-1.0335700107780277,
2025-05-29,395.0,29.245902491823827,6.753082762797775,
2025-05-30,-60.5,29.18592731383641,-1.036458416233331,
2025-06-02,-60.0,29.040503934276668,-1.0330399247855624,
2025-06-03,279.5,28.62153936754262,4.882686364468545,
2025-06-04,-58.0,27.91642941271815,-1.038814798671502,
2025-06-05,-55.5,26.790255883238277,-1.0358243728967964,
2025-06-06,-56.5,27.18827332014983,-1.039050905048218,
2025-06-09,-55.5,26.782414511567698,-1.0361276421890337,
2025-06-10,-53.0,25.61938490359858,-1.034372999184603,
2025-06-11,-52.5,25.126035981912967,-1.0447330418095446,
2025-06-12,-51.5,24.807211983204898,-1.0380045938831577,
2025-06-13,-50.0,23.885714698690265,-1.04665069960711,
2025-06-16,207.5,23.980931505926673,4.326354044018645,
2025-06-17,-50.5,24.180507826931915,-1.0442295166306184,
2025-06-18,-50.0,23.88100726786535,-1.0468570156854473,
2025-06-19,60.5,23.329685320160685,1.2966312912013016,
2025-06-20,-48.5,23.26372565443492,-1.0423953738199736,
2025-06-23,-50.0,23.892209536261,-1.0463661789864063,
2025-06-24,-50.0,24.086069569385213,-1.0379443573382536,
2025-06-25,-51.0,24.37724317157198,-1.0460575800358487,
2025-06-26,-49.0,23.49181508788827,-1.0429164331636307,
2025-06-27,-48.0,23.049989010181964,-1.041215246974668,
2025-06-30,-47.0,22.61159693802611,-1.0392897089227633,
2025-07-01,-46.0,21.975500728167102,-1.0466200649762554,
2025-07-02,351.0,21.964750676155166,7.990074760580916,
2025-07-03,-45.0,21.482000627858366,-1.0473884806995801,
2025-07-04,-44.5,21.329714868725627,-1.04314568370643,
2025-07-07,-43.5,20.722235235245225,-1.049597196107817,
2025-07-08,-42.5,20.301450575584855,-1.0467232339326482,
2025-07-09,-41.0,19.503579105900226,-1.051089130291903,
2025-07-10,-2.0,19.290377026907354,-0.05183931856827584,
2025-07-11,-40.0,18.92365366784254,-1.0568783571634754,
2025-07-14,-39.0,18.421071262996648,-1.0585703579123897,
2025-07-15,-38.5,18.306619744211172,-1.0515321926696566,
2025-07-16,-38.0,18.00882547676752,-1.0550382657942439,
2025-07-17,-38.5,18.13944508556984,-1.0612232022088492,
2025-07-18,40.0,17.990199008029137,1.1117164402169135,
2025-07-21,87.0,17.457863364598484,2.4917138536099697,
2025-07-22,-36.5,17.272926695698594,-1.056566748734291,
2025-07-23,-36.5,17.334235503148694,-1.0528298174260389,
2025-07-24,-36.0,17.049647252923787,-1.0557403172615927,
2025-07-25,75.5,16.50815459200066,2.286748636234148,
2025-07-28,-34.0,16.10712569257204,-1.0554334972278585,
2025-07-29,-33.0,15.527152428816896,-1.0626546030022603,
2025-07-30,-33.5,15.656909398187118,-1.0698152217665289,
2025-07-31,-33.5,15.786773012602325,-1.0610148119966472,
2025-08-01,-36.0,17.051110654559302,-1.0556497089640888,
2025-08-04,332.5,18.936299179233636,8.779434588904095,
2025-08-05,-41.5,19.869867095002665,-1.0442948561653285,
2025-08-06,-42.0,19.97068015964533,-1.0515415515208446,
2025-08-07,-42.5,20.214292291099234,-1.0512364070918678,
2025-08-08,270.5,20.60255712744929,6.564719086244062,
2025-08-11,-42.5,20.325588761202912,-1.0454801703240983,
2025-08-12,-42.0,20.036260992545564,-1.048099743151329,
2025-08-13,-42.5,20.362242350220882,-1.0435982262910986,
2025-08-14,-2.0,19.885475039490817,-0.050287961339323665,
2025-08-15,-40.5,19.35704825095576,-1.0461305741178875,
2025-08-18,-40.0,18.97886623303035,-1.053803728548995,
2025-08-19,-38.5,18.187072216385324,-1.0584441393847355,
2025-08-20,-40.0,18.875495629500662,-1.0595748261434703,
2025-08-21,-41.5,19.858942370250613,-1.0448693396222462,
2025-08-22,-41.5,19.66857148666129,-1.054982565158436,
2025-08-25,-43.5,20.644923523328337,-1.0535277583093465,
2025-08-26,-42.0,20.0970718430906,-1.0449283439875758,
2025-08-27,-41.0,19.588352425726985,-1.0465402885581983,
2025-08-28,-40.0,19.0998986810322,-1.0471259734933398,
2025-08-29,327.5,18.974459489529902,8.630021850707113,
2025-09-01,-41.0,19.597265954563483,-1.0460642850655555,
2025-09-02,-2.0,18.54567552923752,-0.0539209261168991,
2025-09-03,-41.5,19.77634156286341,-1.0492334961975451,
2025-09-04,-41.5,19.6949957369446,-1.0535671231995438,
2025-09-05,-41.5,19.7359781843057,-1.05137935430536,
2025-09-08,-43.0,20.45305117114101,-1.051187904440205,
2025-09-09,-42.0,20.047476087488082,-1.0475134080896298,
2025-09-10,-41.0,19.49408493838179,-1.0516010402538911,
2025-09-11,-40.5,19.256114585640237,-1.0516140164174619,
2025-09-12,-39.5,18.800767115237363,-1.050489050736303,
2025-09-15,219.0,18.301605178434695,5.983081753344072,
2025-09-16,90.0,18.10997266568936,2.484818769785099,
2025-09-17,-36.5,17.358813903854404,-1.0513391122850688,
2025-09-18,-37.5,17.77291648215052,-1.0549759809444201,
2025-09-19,-38.5,18.328868876282627,-1.0502557539112143,
2025-09-22,-38.0,18.03618181369101,-1.0534380389522005,
2025-09-23,319.5,17.88895454128451,8.930091450080303,
2025-09-24,200.5,17.839297074049902,5.619616041140409,
2025-09-25,-2.0,18.02354371161777,-0.055482984700473276,
2025-09-26,-39.0,18.434362017930784,-1.057807152806953,
2025-09-29,-38.5,18.280121873792872,-1.0530564365436526,
2025-09-30,-38.5,18.31368459709338,-1.0511265440847017,
2025-10-01,-38.0,18.031457125872425,-1.053714065777738,
2025-10-02,-2.0,18.408228045452965,-0.054323533885544784,
2025-10-03,-38.0,18.03219389934918,-1.0536710123045954,
2025-10-06,-38.0,18.055340763681382,-1.0523202108829104,
2025-10-07,-38.5,18.137102137704144,-1.0613602908472528,
2025-10-08,411.0,18.341594842153846,11.204042056784862,
2025-10-09,22.5,18.633266639142857,0.6037588694387678,
2025-10-10,-38.5,18.234461879204083,-1.0556933419545609,
2025-10-13,-46.5,22.309232459260937,-1.0421694266020585,
2025-10-14,-2.0,23.730447997885154,-0.04213995454654373,
2025-10-15,-51.5,24.85595171232193,-1.0359691834786942,
2025-10-16,-53.0,25.500615875727505,-1.0391905877545393,
2025-10-17,-55.0,26.55057188460411,-1.0357592340956856,
2025-10-20,226.5,26.70722746427525,4.240425186458914,
2025-10-21,-55.5,26.757604073969873,-1.037088370217554,
2025-10-22,-53.0,25.62447164011488,-1.0341676648861897,
2025-10-23,441.0,26.400402237249533,8.352145471817337,
2025-10-24,-54.0,26.06287350601742,-1.0359563765586406,
2025-10-27,222.5,25.90347182701618,4.294791089894411,
2025-10-28,-55.0,26.580455982229314,-1.0345947420309667,
2025-10-29,-54.5,26.13095912635579,-1.0428243321736912,
2025-10-30,-53.5,25.749729903044663,-1.0388458481204133,
2025-10-31,332.0,26.11894562425576,6.355539859382438,
2025-11-03,130.0,26.007770936808917,2.499253017797277,
2025-11-04,-53.0,25.613912298465426,-1.0345940007605812,
2025-11-05,-55.5,26.81782927714647,-1.0347593652424325,
2025-11-06,-56.0,27.00227004306458,-1.036949854784216,
2025-11-07,-2.0,27.983804325702824,-0.035734955417820395,
2025-11-10,-60.0,28.926032588152623,-1.037128057868788,
2025-11-11,-62.0,30.054083831856005,-1.0314737981512305,
2025-11-12,104.5,29.163613558152008,1.7916161142313152,
2025-11-13,-2.0,28.644784018284007,-0.034910369698081804,
2025-11-14,-62.0,29.93488873126372,-1.0355809329474437,
2025-11-17,-2.0,31.371235964744884,-0.031876334140095844,
2025-11-18,-66.0,31.92820125297739,-1.033569030041198,
2025-11-19,-2.0,32.390472592050436,-0.03087327599676422,
2025-11-20,-67.5,32.65365312118969,-1.0335750145547686,
2025-11-21,-75.5,36.81410646967614,-1.025422144391709,
2025-11-24,-77.5,37.768456007556416,-1.0259884595824411,
2025-11-25,-2.0,38.71222700701667,-0.02583163194973898,
2025-11-26,-79.5,38.803764363658345,-1.024385150561007,
2025-11-27,-21.60810810810811,37.617781194825604,-0.28720604221974083,
2025-11-28,-72.0,35.102225395195205,-1.025576002509735,
2025-12-01,-69.5,33.65563786696698,-1.03251645793667,
2025-12-02,-67.5,32.786485162183624,-1.0293875611566838,
2025-12-04,-64.0,30.969309910250168,-1.0332810157131946,
2025-12-05,-62.0,29.958555630946584,-1.034762836429191,
2025-12-08,-60.0,29.104373085878972,-1.0307729326956565,
2025-12-09,-59.0,28.611203579744764,-1.0310646288534489,
2025-12-10,-57.0,27.509064038334422,-1.036022162014843,
2025-12-11,-57.0,27.376273749881964,-1.0410474508103165,
2025-12-12,685.0,27.615914910604683,12.402268804372579,
2025-12-15,-59.5,28.840224559847208,-1.0315453660308673,
2025-12-16,-59.5,28.82797637700098,-1.0319836401605564,
2025-12-17,1013.5,28.22731735007234,17.952467594257634,
2025-12-18,-60.5,29.211080396495746,-1.0355659424233035,
2025-12-19,-62.0,29.91162822531748,-1.0363862430518347,
2025-12-22,-61.5,29.642047637794803,-1.0373777269284363,
2025-12-23,-59.5,28.671187092238032,-1.0376270750245298,
2025-12-26,-54.5,26.256501880552182,-1.0378381752438883,
2025-12-29,-52.0,24.922108889084168,-1.0432503972963518,
2025-12-30,-50.5,24.31383325414959,-1.038503461632922,
2025-12-31,420.0,23.24945230742462,9.032470839450156,
2026-01-02,-48.0,22.914669999751435,-1.0473639812513267,
2026-01-05,-50.5,24.162729285483476,-1.0449978436488023,
2026-01-06,-50.5,24.164498622234657,-1.0449213283807401,
2026-01-07,-49.5,23.78310586350361,-1.0406546622651223,
2026-01-08,-48.5,23.291009016110497,-1.0411742996289326,
2026-01-09,-48.0,23.05236551495975,-1.0411079064500035,
2026-01-12,191.5,23.38791083531977,4.093995426705708,
2026-01-13,-48.5,23.20127434708264,-1.0452012090900182,
2026-01-14,-47.5,22.82707617943388,-1.040431100913293,
2026-01-15,-49.5,23.78407073804575,-1.0406124448835044,
2026-01-16,270.0,23.779404971042478,5.677181584837682,
2026-01-19,-49.5,23.685340330253734,-1.0449501529174294,
2026-01-20,-51.0,24.393530306664182,-1.0453591456187683,
2026-01-21,-2.0,24.428367427616738,-0.04093601436784845,
2026-01-22,-53.0,25.501341182786973,-1.0391610311808661,
2026-01-23,-52.0,25.07401324115933,-1.0369301375864575,
2026-01-26,148.0,24.800423009647954,2.9838200731984386,
2026-01-27,-50.5,24.273160651815957,-1.0402435991833212,
2026-01-28,-50.0,23.981774176686248,-1.042458319214081,
2026-01-29,209.5,23.474147449780087,4.4623558842381446,
2026-01-30,-52.5,25.22063691765294,-1.0408143174856368,
2026-02-02,436.0,25.683894994963442,8.487809191041675,
2026-02-03,857.5,26.044420352466055,16.462259255441758,
2026-02-04,-58.0,28.112229613004192,-1.031579508250215,
2026-02-05,-61.5,29.650641783503893,-1.0370770462414656,
2026-02-06,-62.0,29.950149513253614,-1.035053263633352,
2026-02-09,-64.0,30.93808526230693,-1.0343238674497688,
2026-02-10,-64.5,31.263489886427863,-1.0315547022151357,
2026-02-11,-62.5,30.364312037397305,-1.0291687149543143,
2026-02-12,1087.5,30.37578974901178,17.900769148485757,
2026-02-13,-65.5,31.800733338368083,-1.0298504645012891,
2026-02-16,-65.5,31.76184167134179,-1.0311114934355274,
2026-02-17,-62.5,30.19626369481738,-1.0348962479541293,
2026-02-18,-63.0,30.399209145187566,-1.0362111675193595,
2026-02-19,-62.5,30.243462063388456,-1.0332811744403436,
2026-02-20,537.0,29.210893344574995,9.191776397686429,
2026-02-23,-61.0,29.594043819962494,-1.0306127876794722,
2026-02-24,-61.5,29.65920140425089,-1.0367777466723285,
2026-02-25,321.0,29.59916916109011,5.42244949939294,
2026-02-26,375.0,29.448335649583676,6.367083091931913,
2026-02-27,-62.5,30.14532953175627,-1.0366448297431954,
2026-03-02,-61.0,29.605930993773683,-1.0301989829812934,
2026-03-03,-62.5,30.14836449421842,-1.0365404732317351,
2026-03-04,-65.0,31.590892030345678,-1.0287775340050875,
2026-03-05,-65.5,31.801364028178128,-1.0298300403398206,
2026-03-06,-65.5,31.87224874045112,-1.027539671477114,
2026-03-09,-66.0,31.98896311613318,-1.0316058035453146,
2026-03-10,-69.5,33.69510860783795,-1.0313069592515474,
2026-03-11,-68.0,33.03072585013525,-1.0293446215581963,
2026-03-12,360.5,32.313352575125585,5.578189374839249,
2026-03-13,-66.5,32.3690952483309,-1.0272143767044128,
2026-03-16,-67.0,32.49317773059298,-1.0309856511343634,
2026-03-17,-66.5,32.331165035550626,-1.02841948205204,
2026-03-18,-64.5,31.26733181872558,-1.0314279512870335,
2026-03-19,-64.0,31.008058117388043,-1.0319898098377118,
2026-03-20,-63.5,30.747214680431753,-1.0326138588483738,
2026-03-23,-65.5,31.784020774686628,-1.0303919769044039,
2026-03-24,-67.0,32.60212643363758,-1.027540337535653,
2026-03-25,-65.5,31.691706688377757,-1.0333933833866495,
2026-03-26,-64.0,31.0713169249222,-1.0298887580890692,
2026-03-27,-66.0,32.04881214457062,-1.0296793482123026,
2026-03-30,654.5,32.533271991387004,10.058932900651294,
2026-03-31,-68.0,32.96169899200222,-1.0315002272258391,
2026-04-01,-72.0,35.10595263543063,-1.0254671159006536,
2026-04-02,-72.0,34.94749173289987,-1.030116847158713,
2026-04-06,-73.0,35.605260180549884,-1.0251294279247785,
2026-04-07,-71.0,34.39863445336775,-1.0320177112880835,
2026-04-08,165.0,34.296053420984336,2.405524594544796,
2026-04-09,-75.0,36.56196031948546,-1.025656164831365,
2026-04-10,-73.0,35.60708815380792,-1.025076800504862,
2026-04-13,-70.0,33.97845685710736,-1.0300644360392417,
2026-04-14,562.5,33.642049224456834,8.360073374945872,
2026-04-15,-69.5,33.73011713699563,-1.03023656451776,
2026-04-16,-69.0,33.43823377006737,-1.0317530596033777,
2026-04-17,-67.0,32.59532421506256,-1.0277547717877702,
2026-04-20,-67.0,32.409943913986666,-1.0336333839054537,
2026-04-21,-65.0,31.482447920130475,-1.0323212503186223,
2026-04-22,379.5,31.020308782978297,6.116960386420173,
2026-04-23,-64.5,31.219304584194134,-1.0330146820864066,
2026-04-24,-65.0,31.528639971037414,-1.030808814774595,
2026-04-27,-66.5,32.149362115963314,-1.0342351391006348,
2026-04-28,-63.5,30.69003267910879,-1.0345378361754807,
2026-04-29,-63.5,30.83092320202959,-1.0298102263090814,
2026-04-30,-2.0,29.78585725902748,-0.03357298033438069,
2026-05-01,200.0,30.115885311954088,3.320506734706762,
2026-05-04,-61.5,29.783500646814513,-1.0324508312386327,
2026-05-05,219.0,29.413250600613477,3.722811921974926,
2026-05-06,-61.0,29.498018414855373,-1.0339677591576804,
2026-05-07,-63.0,30.551731385222844,-1.0310381301413187,
2026-05-08,750.5,30.473482714849787,12.313984703072352,
2026-05-11,-65.5,31.815108949503372,-1.029385128052853,
2026-05-12,-63.5,30.79215473882456,-1.031106795523073,
2026-05-13,-66.5,32.27441154319423,-1.0302279239235732,
2026-05-14,271.5,32.59677500439465,4.164522410014438,
2026-05-15,-66.0,32.00146964693789,-1.0312026405061574,
2026-05-18,377.0,32.91386467215661,5.727069788904522,
2026-05-19,-69.0,33.463767195574,-1.0309658144096536,
2026-05-20,-69.0,33.556533824461575,-1.0281157219775383,
2026-05-21,-69.5,33.68954926557146,-1.031477142245778,
2026-05-22,-69.0,33.57065288945922,-1.0276833195231834,
2026-05-25,-67.5,32.7946241116407,-1.0291320883906756,
2026-05-26,-67.5,32.81599024652351,-1.02846203166383,
2026-05-27,185.0,32.03627665748612,2.8873517665288655,
2026-05-28,-65.0,31.432792610522824,-1.0339520386464136,
2026-05-29,-65.0,31.46036099548548,-1.0330459973000217,
2026-06-02,-63.0,30.597964327740033,-1.0294802511238366,
2026-06-03,-62.0,30.006145447187176,-1.033121700171789,
2026-06-04,-61.0,29.53293862953095,-1.032745179292861,
2026-06-05,1974.0,30.02031801313588,32.87773299297236,
2026-06-08,-74.0,35.971991726483324,-1.028578019291599,
2026-06-09,-76.5,37.29854588887737,-1.0255091475672342,
2026-06-10,-88.5,43.31561403967184,-1.0215715736933193,
2026-06-11,-90.5,44.276998751123855,-1.0219753207380942,
2026-06-12,-95.0,46.56926669747216,-1.019985998675353,
2026-06-15,425.0,46.08217621908129,4.611327359839614,
2026-06-16,-94.0,46.08791363200405,-1.0197901422763165,
2026-06-17,-94.0,45.93922337257519,-1.023090869839521,
2026-06-18,-94.0,45.99401098881982,-1.021872173997278,
2026-06-19,-49.0,46.93283163247555,-0.5220226256931625,
2026-06-22,-90.0,43.97289723015587,-1.0233576324177194,
2026-06-23,-88.5,43.323047428001885,-1.0213962919745803,
2026-06-24,-94.0,45.99818689743032,-1.0217794041492023,
2026-06-25,614.5,46.15590569047101,6.656786285604888,
2026-06-26,-2.0,47.66575171258023,-0.020979423675722163,
2026-06-29,-96.5,47.303912304538784,-1.0200001997587511,
2026-06-30,667.0,48.18800785421458,6.9208090321756615,
2026-07-01,-97.5,47.78216800748497,-1.0202550874703598,
2026-07-02,-95.5,46.83076314980747,-1.019628910322302,
2026-07-03,-58.58474576271186,48.65535149624979,-0.6020380488591003,
2026-07-06,-97.0,47.413897817946236,-1.022906831794847,
2026-07-07,-93.5,45.72942297380722,-1.02231773243186,
2026-07-08,-95.0,46.43669633282099,-1.022897918050804,
2026-07-09,-93.0,45.61621802333378,-1.0193742930686218,
2026-07-10,-92.5,45.22934530738137,-1.0225662053182993,
2026-07-13,-90.5,44.156267071139844,-1.024769596739191,
2026-07-14,-91.0,44.45358728034414,-1.0235394438036398,
2026-07-15,360.5,43.57520604603385,4.136526625016524,
2026-07-16,-89.0,43.57251275703143,-1.0212860628015743,
2026-07-17,-89.5,43.795011845814905,-1.0218058658722877,
2026-07-20,-92.0,44.999385999685266,-1.0222361700740035,
2026-07-21,-90.0,44.07934057113632,-1.0208864156526547,
2026-07-22,17.0,44.03528053034087,0.19302704326235395,
2026-07-23,-86.5,42.24124263531652,-1.0238808638607637,
2026-07-24,-2.0,43.1240110185082,-0.023188937586784645,
2026-07-27,-86.5,42.284349517186186,-1.0228370660502022,
2026-07-28,-88.0,42.8894852659586,-1.0258924705473866,
2026-07-29,-88.0,42.97996846124727,-1.0237327195731296,
2026-07-30,677.5,44.09925642830104,7.681535414338745,
2026-07-31,-94.0,46.10689882627954,-1.0193702286741397,
2026-08-03,-94.5,46.274263195831,-1.0210859500893557,
2026-08-04,988.0,46.45511939612879,10.633919499541017,
2026-08-05,-99.5,48.790021582119586,-1.0196757120974962,
2026-08-06,74.0,47.88314504053962,0.7727144900084247,
2026-08-07,-95.5,46.84684896621536,-1.0192788000412998,
2026-08-10,-93.0,45.447966897199976,-1.023148078442753,
2026-08-11,-88.5,43.172665690257126,-1.024954083620229,
2026-08-12,-85.5,41.7442609980959,-1.0240928687646422,
2026-08-13,496.5,40.721903069660485,6.096227859865336,
2026-08-14,-82.0,40.06185642182759,-1.0234173765762204,
2026-08-17,-79.0,38.55029524883991,-1.024635472829191,
2026-08-18,-76.0,36.9806313024942,-1.0275649349836016,
2026-08-19,300.0,37.432907638030336,4.007169345498719,
2026-08-20,-75.5,36.7251999495996,-1.027904546518652,
2026-08-21,-73.5,35.81223923891391,-1.026185482422085,
2026-08-24,-71.5,34.69395429327721,-1.0304388971575784,
2026-08-25,-71.0,34.62117184375741,-1.0253841250726194,
2026-08-26,-69.5,33.83707028348903,-1.0269801643245822,
2026-08-27,-67.0,32.55317240609695,-1.0290855705886814,
2026-08-28,-67.0,32.41232080566146,-1.0335575845018958,
