scenario,qty,start,blew,life_days,n_payouts,total_payout,monthly_payout
Topstep XFA $50K,2,0,True,313,11,3630.823681640625,243.6015888640675
Topstep XFA $50K,2,1,True,312,11,3229.926416015625,217.39889338566707
Topstep XFA $50K,2,2,True,311,11,3289.275439453125,222.10541552577368
Topstep XFA $50K,2,3,True,310,11,2702.7404296875,183.08886781754032
Topstep XFA $50K,2,4,True,309,11,2765.688134765625,187.9593877996056
Topstep XFA $50K,2,5,True,308,11,2827.7384765625,192.80035067471593
Topstep XFA $50K,2,6,True,307,11,2889.7870605468747,197.6727305260077
Topstep XFA $50K,2,7,True,306,11,2950.9360839843753,202.5152214499081
Topstep XFA $50K,2,8,True,559,20,5413.090455436706,203.35402426506408
Topstep XFA $50K,2,9,True,558,20,5465.290363597871,205.68297067303814
Topstep XFA $50K,2,10,True,557,20,5163.790613365174,194.6851039150245
Topstep XFA $50K,2,11,True,556,20,5211.490530109405,196.83687254010343
Topstep XFA $50K,2,12,True,301,10,2581.28876953125,180.08991415334302
Topstep XFA $50K,2,13,True,300,10,2629.84130859375,184.0888916015625
Topstep XFA $50K,2,14,True,299,10,2678.39384765625,188.11461806281355
Topstep XFA $50K,2,15,True,552,19,4878.491045951844,185.59476805251583
Topstep XFA $50K,2,16,True,297,10,2514.7538085937504,177.81087535511367
Topstep XFA $50K,2,17,True,296,10,2558.8107421875,181.53724860114022
Topstep XFA $50K,2,18,True,295,10,2602.86767578125,185.28888539459746
Topstep XFA $50K,2,19,True,294,10,2642.42900390625,188.74492885044643
Topstep XFA $50K,2,20,True,293,10,2685.5868164062504,192.48233155130123
Topstep XFA $50K,2,21,True,292,10,2728.74462890625,196.24533290079194
Topstep XFA $50K,2,22,True,545,19,4963.0908845901495,191.23836436035438
Topstep XFA $50K,2,23,True,544,19,5007.190800476074,193.29229193014257
Topstep XFA $50K,2,24,True,543,19,5046.790724945069,195.1797517934557
Topstep XFA $50K,2,25,True,542,19,5086.390649414064,197.07417645331242
Topstep XFA $50K,2,26,True,541,19,5125.990573883058,198.975604531505
Topstep XFA $50K,2,27,True,540,19,5164.690500068665,200.84907500267028
Topstep XFA $50K,2,28,True,539,19,5203.390426254274,202.72949712678988
Topstep XFA $50K,2,29,True,538,19,5242.090352439881,204.6169096677277
Topstep XFA $50K,2,30,True,537,19,5111.5906013488775,199.89460452202314
Topstep XFA $50K,2,31,True,536,19,5147.590532684327,201.6779872880053
Topstep XFA $50K,2,32,True,535,19,5183.590464019776,203.46803690544917
Topstep XFA $50K,2,33,True,534,19,5218.690397071839,205.22939763765658
Topstep XFA $50K,2,34,True,533,19,5181.790467453004,204.16060003098139
Topstep XFA $50K,2,35,True,532,19,5123.290525817871,202.23515233491597
Topstep XFA $50K,2,36,True,531,19,5153.890414237975,203.8261745743832
Topstep XFA $50K,2,37,True,530,19,5184.4903026580805,205.4232006713579
Topstep XFA $50K,2,38,True,529,19,5215.0901927948,207.02626474232665
Topstep XFA $50K,2,39,True,528,19,5243.890086364746,208.56381025314332
Topstep XFA $50K,2,40,True,527,19,5170.090175628662,206.01877360190116
Topstep XFA $50K,2,41,True,526,19,5197.090076065065,207.48838706723643
Topstep XFA $50K,2,42,True,271,9,2726.722265625,211.29582132149446
Topstep XFA $50K,2,43,True,270,9,2753.616796875,214.1701953125
Topstep XFA $50K,2,44,True,269,9,2781.404296875,217.13565142890334
Topstep XFA $50K,2,45,True,268,9,2631.3908203124997,206.19107174090482
Topstep XFA $50K,2,46,True,267,9,2506.66171875,197.15316889044945
Topstep XFA $50K,2,47,True,266,9,2533.608984375,200.02176192434212
Topstep XFA $50K,2,48,True,265,8,2088.938671875,165.53853626179247
Topstep XFA $50K,2,49,True,518,18,4615.691493988038,187.12262813465017
Topstep XFA $50K,2,50,True,517,18,4643.5913875579845,188.61783198978273
Topstep XFA $50K,2,51,True,516,18,4671.491281127929,190.1188312086948
Topstep XFA $50K,2,52,True,515,18,4698.491178131103,191.5889606616566
Topstep XFA $50K,2,53,True,514,18,4725.491075134277,193.06481046268448
Topstep XFA $50K,2,54,True,513,18,4752.490972137451,194.5464140641062
Topstep XFA $50K,2,55,True,512,18,4777.690876007081,195.95997733622795
Topstep XFA $50K,2,56,True,257,8,1835.666015625,149.99605575145915
Topstep XFA $50K,2,57,True,256,8,1862.560546875,152.78816986083984
Topstep XFA $50K,2,58,True,255,8,1892.14453125,155.82366727941178
Topstep XFA $50K,2,59,True,254,8,1895.73046875,156.7336214320866
Topstep XFA $50K,2,60,True,253,8,1925.314453125,159.8087095479249
Topstep XFA $50K,2,61,True,252,8,1955.794921875,162.98291015625
Topstep XFA $50K,2,62,True,251,8,1984.482421875,166.03239386205178
Topstep XFA $50K,2,63,True,250,8,2014.962890625,169.25688281249998
Topstep XFA $50K,2,64,True,249,8,2044.546875,172.4316641566265
Topstep XFA $50K,2,65,True,248,8,2072.337890625,175.480224609375
Topstep XFA $50K,2,66,True,247,8,2100.12890625,178.55346976214574
Topstep XFA $50K,2,67,True,246,8,2066.958984375,176.44771817835368
Topstep XFA $50K,2,68,True,245,8,2094.75,179.55
Topstep XFA $50K,2,69,True,244,8,2121.64453125,182.60055391905738
Topstep XFA $50K,2,70,True,243,8,2146.74609375,185.52126736111111
Topstep XFA $50K,2,71,True,242,8,2172.744140625,188.54391302944214
Topstep XFA $50K,2,72,True,241,8,2197.845703125,191.51352599844398
Topstep XFA $50K,2,73,True,240,8,2221.154296875,194.3510009765625
Topstep XFA $50K,2,74,True,239,8,2244.35390625,197.20264448221755
Topstep XFA $50K,2,75,True,238,8,2267.54296875,200.0773207720588
Topstep XFA $50K,2,76,True,237,8,2271.11484375,201.23802412974683
Topstep XFA $50K,2,77,True,236,8,2194.0734375,195.23534825211868
Topstep XFA $50K,2,78,True,235,7,1853.16328125,165.60182513297872
Topstep XFA $50K,2,79,True,234,7,1875.4875,168.31298076923076
Topstep XFA $50K,2,80,True,233,7,1898.7046875000003,171.1278902896996
Topstep XFA $50K,2,81,True,232,7,1921.921875,173.96706627155172
Topstep XFA $50K,2,82,True,231,7,1944.24609375,176.74964488636363
Topstep XFA $50K,2,83,True,230,7,1965.6773437500003,179.47488790760872
Topstep XFA $50K,2,84,True,483,17,4486.991466522217,195.08658550096595
Topstep XFA $50K,2,85,True,482,17,4511.291281127929,196.55003506988905
Topstep XFA $50K,2,86,True,481,17,4536.4910888671875,198.05886250771505
Topstep XFA $50K,2,87,True,480,16,4240.395112609864,185.51728617668152
Topstep XFA $50K,2,88,True,479,16,4268.294686889649,187.1277420139512
Topstep XFA $50K,2,89,True,224,7,1801.37109375,168.8785400390625
Topstep XFA $50K,2,90,True,223,7,1804.9429687500003,169.97220781950676
Topstep XFA $50K,2,91,True,222,7,1837.08984375,173.7787690033784
Topstep XFA $50K,2,92,True,221,7,1871.02265625,177.78948317307692
Topstep XFA $50K,2,93,True,220,7,1909.4203125,182.26284801136362
Topstep XFA $50K,2,94,True,219,7,1946.925,186.69143835616438
Topstep XFA $50K,2,95,True,218,7,1887.4757812500002,181.82106149655965
Topstep XFA $50K,2,96,True,217,7,1925.8734375000001,186.37484879032257
Topstep XFA $50K,2,97,True,216,7,1964.27109375,190.97080078125
Topstep XFA $50K,2,98,True,215,7,2001.77578125,195.52228561046513
Topstep XFA $50K,2,99,True,214,7,2039.2804687500002,200.1163076810748
Topstep XFA $50K,2,100,True,213,7,2076.78515625,204.75346610915494
Topstep XFA $50K,2,101,True,212,7,2114.28984375,209.43437131485848
Topstep XFA $50K,2,102,True,211,7,2135.72109375,212.55991928317536
Topstep XFA $50K,2,103,True,210,7,2169.65390625,216.965390625
Topstep XFA $50K,2,104,True,209,7,2203.58671875,221.41301958732055
Topstep XFA $50K,2,105,True,208,7,2237.51953125,225.9034142127404
Topstep XFA $50K,2,106,True,207,7,2271.45234375,230.43719429347826
Topstep XFA $50K,2,107,True,206,7,2304.4921875,234.92396086165047
Topstep XFA $50K,2,108,True,205,7,2340.2109375,239.72892530487803
Topstep XFA $50K,2,109,True,204,7,2377.715625,244.76484375
Topstep XFA $50K,2,110,True,203,7,2412.54140625,249.5732489224138
Topstep XFA $50K,2,111,True,456,16,4471.691583251953,205.93316501818202
Topstep XFA $50K,2,112,True,455,16,4508.591020202637,208.08881631704477
Topstep XFA $50K,2,113,True,454,16,4545.49045715332,210.25396387713593
Topstep XFA $50K,2,114,True,453,16,4582.389894104004,212.42867058760282
Topstep XFA $50K,2,115,True,452,16,4618.389344787598,214.5711863728751
Topstep XFA $50K,2,116,True,451,16,4654.388795471192,216.72320333679608
Topstep XFA $50K,2,117,True,450,16,4578.789949035645,213.6768642883301
Topstep XFA $50K,2,118,True,449,16,4612.989427185058,215.7522894674526
Topstep XFA $50K,2,119,True,448,16,4647.188905334472,217.8369799375534
Topstep XFA $50K,2,120,True,447,16,4680.488397216796,219.88871664776897
Topstep XFA $50K,2,121,True,446,16,4684.088342285157,220.55124481611725
Topstep XFA $50K,2,122,True,445,16,4717.387834167481,222.6183022865553
Topstep XFA $50K,2,123,True,190,6,1782.6187500000003,197.02628289473688
Topstep XFA $50K,2,124,True,189,6,1814.5124999999998,201.61249999999998
Topstep XFA $50K,2,125,True,188,6,1846.40625,206.24750664893617
Topstep XFA $50K,2,126,True,187,6,1877.4140625,210.8325952540107
Topstep XFA $50K,2,127,True,186,6,1906.6500000000003,215.26693548387098
Topstep XFA $50K,2,128,True,185,6,1912.0078125000002,217.03872466216217
Topstep XFA $50K,2,129,True,184,6,1941.271875,221.55820312499998
Topstep XFA $50K,2,130,True,183,6,1931.4984375000001,221.6473616803279
Topstep XFA $50K,2,131,True,182,6,1957.528125,225.86862980769232
Topstep XFA $50K,2,132,True,181,6,1986.4265625,230.46938017955802
Topstep XFA $50K,2,133,True,180,6,1881.2250000000001,219.47625000000002
Topstep XFA $50K,2,134,True,179,6,1884.7687500000002,221.11812150837991
Topstep XFA $50K,2,135,True,178,6,1913.11875,225.70502106741574
Topstep XFA $50K,2,136,True,177,6,1940.5828125000003,230.23863877118646
Topstep XFA $50K,2,137,True,176,6,1965.6984375000002,234.54356356534092
Topstep XFA $50K,2,138,True,175,6,1990.7859375000003,238.8943125
Topstep XFA $50K,2,139,True,428,15,4021.698449707031,197.3263258033824
Topstep XFA $50K,2,140,True,427,15,3888.501333618164,191.23777050581137
Topstep XFA $50K,2,141,True,426,15,3892.1000427246095,191.86408661318498
Topstep XFA $50K,2,142,True,171,5,1148.2875000000001,141.01776315789476
Topstep XFA $50K,2,143,True,170,5,1173.121875,144.91505514705884
Topstep XFA $50K,2,144,True,169,5,1197.9,148.85147928994084
Topstep XFA $50K,2,145,True,168,5,1200.0093749999999,150.00117187499998
Topstep XFA $50K,2,146,True,167,5,1134.1125,142.6129491017964
Topstep XFA $50K,2,147,True,166,5,1158.9750000000001,146.61731927710844
Topstep XFA $50K,2,148,True,165,5,1161.16875,147.78511363636366
Topstep XFA $50K,2,149,True,164,5,1190.41875,152.43166920731707
Topstep XFA $50K,2,150,True,417,14,3323.3031738281247,167.36059148774729
Topstep XFA $50K,2,151,True,416,14,3360.2009216308593,169.62552729386547
Topstep XFA $50K,2,152,True,415,14,3398.8985595703125,171.99245723126882
Topstep XFA $50K,2,153,True,414,14,2995.7297607421874,151.95730670431385
Topstep XFA $50K,2,154,True,413,14,3034.4273986816406,154.29291857703257
Topstep XFA $50K,2,155,True,412,14,3073.1250366210934,156.63986837146348
Topstep XFA $50K,2,156,True,411,11,2463.9916992187505,125.89738609146899
Topstep XFA $50K,2,157,True,410,11,2506.2710449218753,128.36998034965703
Topstep XFA $50K,2,158,True,409,12,2550.350610351562,130.9470973530142
Topstep XFA $50K,2,159,True,408,12,2594.4398437500004,133.5373448988971
Topstep XFA $50K,2,160,True,153,3,311.175,42.71029411764706
Topstep XFA $50K,2,161,True,152,3,343.575,47.46759868421052
Topstep XFA $50K,2,162,True,405,13,2724.841625976562,141.28808430989582
Topstep XFA $50K,2,163,True,404,13,2765.336682128906,143.74274832848275
Topstep XFA $50K,2,164,True,403,13,2807.6315185546873,146.30337937878025
Topstep XFA $50K,2,165,True,402,13,2849.926354980469,148.87674988703944
Topstep XFA $50K,2,166,True,147,4,414.84375,59.263392857142854
Topstep XFA $50K,2,167,True,146,4,453.65625,65.25192636986301
Topstep XFA $50K,2,168,True,399,13,2756.3377807617185,145.07040951377465
Topstep XFA $50K,2,169,True,398,13,2796.832836914062,147.5715818472244
Topstep XFA $50K,2,170,True,397,13,2837.327893066406,150.08535454507438
Topstep XFA $50K,2,171,True,396,13,2876.9230590820316,152.56410161798652
Topstep XFA $50K,2,172,True,141,3,370.2375,55.141755319148935
Topstep XFA $50K,2,173,True,394,13,2748.242504882812,146.47993046329708
Topstep XFA $50K,2,174,True,139,3,304.875,46.060251798561154
Topstep XFA $50K,2,175,True,138,3,336.375,51.1875
Topstep XFA $50K,2,176,True,137,3,369.45000000000005,56.63102189781023
Topstep XFA $50K,2,177,True,390,13,2744.6429443359375,147.78846623347354
Topstep XFA $50K,2,178,True,389,13,2779.7386596679685,150.06301247564866
Topstep XFA $50K,2,179,True,388,13,2813.0345947265632,152.25187239499442
Topstep XFA $50K,2,180,True,387,13,2846.330529785156,154.45204425190772
Topstep XFA $50K,2,181,True,386,13,2877.8266845703124,156.56570045589783
Topstep XFA $50K,2,182,True,385,13,2909.3228393554687,158.6903366921165
Topstep XFA $50K,2,183,True,384,13,2940.818994140625,160.82603874206544
Topstep XFA $50K,2,184,True,383,13,2973.2150390624997,163.0222345177872
Topstep XFA $50K,2,185,True,382,13,3004.711193847656,165.1804583005256
Topstep XFA $50K,2,186,True,381,13,3008.310754394531,165.81240378552533
Topstep XFA $50K,2,187,True,380,13,3011.9059204101563,166.44743244371918
Topstep XFA $50K,2,188,True,379,13,3015.5013061523437,167.08582435144913
Topstep XFA $50K,2,189,True,378,13,3050.59306640625,169.47739257812498
Topstep XFA $50K,2,190,True,377,13,3084.7848266601563,171.83151554340392
Topstep XFA $50K,2,191,True,122,3,397.125,68.35758196721312
Topstep XFA $50K,2,192,True,121,3,430.20000000000005,74.66280991735537
Topstep XFA $50K,2,193,True,120,2,321.52500000000003,56.266875000000006
Topstep XFA $50K,2,194,True,373,12,2695.1407470703125,151.7371466178996
Topstep XFA $50K,2,195,True,372,12,2732.03173828125,154.22759812878024
Topstep XFA $50K,2,196,True,371,12,2768.9227294921875,156.73147525427476
Topstep XFA $50K,2,197,True,370,12,2805.8137207031255,159.24888685071792
Topstep XFA $50K,2,198,True,369,12,2809.412841796875,159.88528367949695
Topstep XFA $50K,2,199,True,368,12,2845.404052734375,162.3736008353855
Topstep XFA $50K,2,200,True,113,2,298.57500000000005,55.48738938053098
Topstep XFA $50K,2,201,True,112,2,325.57500000000005,61.04531250000001
Topstep XFA $50K,2,202,True,365,12,2697.8400878906255,155.21819683754285
Topstep XFA $50K,2,203,True,364,12,2730.232177734375,157.51339486929086
Topstep XFA $50K,2,204,True,363,12,2763.5240478515625,159.87329202447057
Topstep XFA $50K,2,205,True,362,12,2796.8159179687505,162.24622728548002
Topstep XFA $50K,2,206,True,361,12,2830.1077880859375,164.63230900222905
Topstep XFA $50K,2,207,True,360,12,2861.60009765625,166.92667236328126
Topstep XFA $50K,2,208,True,359,11,2545.851708984375,148.9216877121779
Topstep XFA $50K,2,209,True,358,11,2578.2358886718753,151.23730073214912
Topstep XFA $50K,2,210,True,357,11,2609.7205078125003,153.51297104779414
Topstep XFA $50K,2,211,True,102,2,310.72499999999997,63.972794117647055
Topstep XFA $50K,2,212,True,101,2,333.675,69.3779702970297
Topstep XFA $50K,2,213,True,100,2,230.4,48.384
Topstep XFA $50K,2,214,True,99,2,252.00000000000003,53.45454545454546
Topstep XFA $50K,2,215,True,98,2,273.6,58.628571428571426
Topstep XFA $50K,2,216,True,97,2,295.2,63.909278350515464
Topstep XFA $50K,2,217,True,96,2,290.475,63.54140625000001
Topstep XFA $50K,2,218,True,95,2,311.4,68.8357894736842
Topstep XFA $50K,2,219,True,94,2,330.975,73.94122340425533
Topstep XFA $50K,2,220,True,93,2,333.675,75.34596774193548
Topstep XFA $50K,2,221,True,92,2,352.575,80.47907608695651
Topstep XFA $50K,2,222,True,91,2,370.8,85.56923076923077
Topstep XFA $50K,2,223,True,90,2,389.025,90.7725
Topstep XFA $50K,2,224,True,89,2,407.925,96.25196629213484
Topstep XFA $50K,2,225,True,88,2,410.62500000000006,97.99005681818183
Topstep XFA $50K,2,226,True,87,2,428.85,103.5155172413793
Topstep XFA $50K,2,227,True,86,2,447.07500000000005,109.16947674418607
Topstep XFA $50K,2,228,True,85,2,464.62500000000006,114.78970588235296
Topstep XFA $50K,2,229,True,84,2,509.17500000000007,127.29375000000002
Topstep XFA $50K,2,230,True,83,2,527.4,133.43855421686746
Topstep XFA $50K,2,231,True,82,2,544.95,139.56036585365854
Topstep XFA $50K,2,232,True,81,2,561.15,145.48333333333332
Topstep XFA $50K,2,233,True,334,11,2685.2431640624995,168.83265402788172
Topstep XFA $50K,2,234,True,333,11,2708.63173828125,170.81461412584457
Topstep XFA $50K,2,235,True,332,11,2732.919873046875,172.86541365657945
Topstep XFA $50K,2,236,True,331,11,2757.2080078124995,174.9286047252643
Topstep XFA $50K,2,237,True,330,11,2780.59658203125,176.94705522017045
Topstep XFA $50K,2,238,True,329,11,2805.78427734375,179.0926134474734
Topstep XFA $50K,2,239,True,328,11,2830.072412109375,181.1936605313929
Topstep XFA $50K,2,240,True,327,11,2853.4609863281257,183.24978811281542
Topstep XFA $50K,2,241,True,326,11,2876.849560546875,185.31852997387847
Topstep XFA $50K,2,242,True,325,11,2902.037255859375,187.51625345552884
Topstep XFA $50K,2,243,True,324,11,2842.666259765625,184.24688720703125
Topstep XFA $50K,2,244,True,323,11,2866.9543945312507,186.39641574351785
Topstep XFA $50K,2,245,True,322,11,2890.34296875,188.50062839673913
Topstep XFA $50K,2,246,True,321,11,2912.831982421875,190.55910165376753
Topstep XFA $50K,2,247,True,320,11,2935.32099609375,192.63044036865236
Topstep XFA $50K,2,248,True,319,12,2955.1570312500003,194.54011804467086
Topstep XFA $50K,2,249,True,318,12,2976.7517578125,196.5779462706368
Topstep XFA $50K,2,250,True,63,1,280.35,93.45
Topstep XFA $50K,2,251,True,62,1,290.7,98.46290322580644
Topstep XFA $50K,2,252,True,61,1,229.05,78.8532786885246
Topstep XFA $50K,2,253,True,60,1,230.85,80.7975
Topstep XFA $50K,2,254,True,59,1,241.65,86.01101694915255
Topstep XFA $50K,2,255,True,58,1,253.35,91.7301724137931
Topstep XFA $50K,2,256,True,57,1,265.5,97.8157894736842
Topstep XFA $50K,2,257,True,56,1,278.55,104.45625000000001
Topstep XFA $50K,2,258,True,55,1,291.15000000000003,111.16636363636366
Topstep XFA $50K,2,259,True,54,1,303.75,118.12499999999999
Topstep XFA $50K,2,260,True,53,1,317.25,125.70283018867924
Topstep XFA $50K,2,261,True,52,1,330.3,133.39038461538462
Topstep XFA $50K,2,262,True,51,1,332.1,136.74705882352944
Topstep XFA $50K,2,263,True,50,1,333.90000000000003,140.23800000000003
Topstep XFA $50K,2,264,True,49,1,346.5,148.5
Topstep XFA $50K,2,265,True,48,1,340.65000000000003,149.034375
Topstep XFA $50K,2,266,True,47,1,335.7,149.99361702127658
Topstep XFA $50K,2,267,True,46,1,544.5,248.57608695652172
Topstep XFA $50K,2,268,True,45,1,538.2,251.16000000000003
Topstep XFA $50K,2,269,True,44,1,532.35,254.07613636363635
Topstep XFA $50K,2,270,True,43,1,526.5,257.1279069767442
Topstep XFA $50K,2,271,True,42,1,522.0,261.0
Topstep XFA $50K,2,272,True,41,1,544.0500000000001,278.659756097561
Topstep XFA $50K,2,273,True,40,1,529.65,278.06625
Topstep XFA $50K,2,274,True,39,1,586.8000000000001,315.9692307692308
Topstep XFA $50K,2,275,True,38,1,292.5,161.64473684210526
Topstep XFA $50K,2,276,True,291,10,2395.62509765625,172.8801616865335
Topstep XFA $50K,2,277,True,290,10,2429.7556640625,175.94782394935342
Topstep XFA $50K,2,278,True,35,0,0.0,0.0
Topstep XFA $50K,2,279,True,34,0,0.0,0.0
Topstep XFA $50K,2,280,True,33,0,0.0,0.0
Topstep XFA $50K,2,281,True,32,0,0.0,0.0
Topstep XFA $50K,2,282,True,31,0,0.0,0.0
Topstep XFA $50K,2,283,True,30,0,0.0,0.0
Topstep XFA $50K,2,284,True,29,0,0.0,0.0
Topstep XFA $50K,2,285,True,28,0,0.0,0.0
Topstep XFA $50K,2,286,True,27,0,0.0,0.0
Topstep XFA $50K,2,287,True,26,0,0.0,0.0
Topstep XFA $50K,2,288,True,25,0,0.0,0.0
Topstep XFA $50K,2,289,True,24,0,0.0,0.0
Topstep XFA $50K,2,290,True,23,0,0.0,0.0
Topstep XFA $50K,2,291,True,276,8,1614.6843750000003,122.85641983695655
Topstep XFA $50K,2,292,True,275,8,1657.7156249999998,126.58919318181817
Topstep XFA $50K,2,293,True,274,8,1704.3328125000003,130.6240476733577
Topstep XFA $50K,2,294,True,273,8,1752.7429687500003,134.8263822115385
Topstep XFA $50K,2,295,True,272,8,1806.5320312500003,139.47489947150737
Topstep XFA $50K,2,296,True,271,9,1866.6615234375001,144.6490479416513
Topstep XFA $50K,2,297,True,270,9,1931.3349609374998,150.21494140624998
Topstep XFA $50K,2,298,True,269,9,2000.499609375,156.17283195864312
Topstep XFA $50K,2,299,True,268,9,2078.6115234375,162.87627609025188
Topstep XFA $50K,2,300,True,267,10,2153.169140625,169.35038184691012
Topstep XFA $50K,2,301,True,266,10,2226.8970703124996,175.80766344572368
Topstep XFA $50K,2,302,True,265,10,2315.91005859375,183.52494803950472
Topstep XFA $50K,2,303,True,264,10,2404.0239257812505,191.22917591441765
Topstep XFA $50K,2,304,True,263,10,2407.6204101562503,192.24345480335077
Topstep XFA $50K,2,305,True,262,10,2505.6246093749996,200.83250685830149
Topstep XFA $50K,2,306,True,261,10,2509.2210937500004,201.89135237068967
Topstep XFA $50K,2,307,True,260,10,2637.7954101562505,213.05270620492792
Topstep XFA $50K,2,308,True,259,10,2765.4706054687504,224.22734638935813
Topstep XFA $50K,2,309,True,258,10,2892.2466796874996,235.41542741642436
Topstep XFA $50K,2,310,True,257,10,3018.1236328124996,246.61710618312256
Topstep XFA $50K,2,311,True,256,10,3143.1014648437504,257.8325420379639
Topstep XFA $50K,2,312,True,255,10,3267.18017578125,269.06189682904414
Topstep XFA $50K,2,313,True,254,10,3414.5261718750003,282.30334491879927
Topstep XFA $50K,2,314,True,253,10,2344.73818359375,194.62253697813733
Topstep XFA $50K,2,315,True,252,10,2473.3125000000005,206.10937500000003
Topstep XFA $50K,2,316,True,251,10,2600.9876953125004,217.6125163408865
Topstep XFA $50K,2,317,True,250,10,2727.7637695312496,229.13215664062497
Topstep XFA $50K,2,318,True,249,10,2853.6407226562496,240.66849468185237
Topstep XFA $50K,2,319,True,248,10,2978.6185546875004,252.22173245337703
Topstep XFA $50K,2,320,True,247,10,3102.6972656250005,263.792075215081
Topstep XFA $50K,2,321,True,246,10,3225.8768554687504,275.3797315644055
Topstep XFA $50K,2,322,True,245,10,2445.4458984374996,209.60964843749997
Topstep XFA $50K,2,323,True,244,10,2556.03779296875,219.98685923091702
Topstep XFA $50K,2,324,True,243,10,2665.7305664062496,230.37177734374998
Topstep XFA $50K,2,325,True,242,10,2774.52421875,240.76449832128097
Topstep XFA $50K,2,326,True,241,9,2149.57265625,187.3071609180498
Topstep XFA $50K,2,327,True,240,9,2261.8529296875,197.91213134765624
Topstep XFA $50K,2,328,True,239,9,2359.761328125,207.3430455674686
Topstep XFA $50K,2,329,True,238,9,2456.771484375,216.77395450367646
Topstep XFA $50K,2,330,True,237,9,2553.781640625,226.28444916930377
Topstep XFA $50K,2,331,True,236,9,2649.8935546875,235.79561291710806
Topstep XFA $50K,2,332,True,235,9,2744.9736328125,245.29551612367024
Topstep XFA $50K,2,333,True,234,9,2839.15546875,254.79600360576927
Topstep XFA $50K,2,334,True,233,9,2933.3267578125,264.3770897599249
Topstep XFA $50K,2,335,True,232,9,3026.6015625,273.95962419181035
Topstep XFA $50K,2,336,True,231,9,2235.8390625,203.2580965909091
Topstep XFA $50K,2,337,True,230,9,2312.2916015625,211.1222766644022
Topstep XFA $50K,2,338,True,229,9,2400.3193359375,220.1166203261463
Topstep XFA $50K,2,339,True,228,9,2479.01484375,228.33031455592106
Topstep XFA $50K,2,340,True,227,9,2121.7623046875,196.28638060985682
Topstep XFA $50K,2,341,True,226,9,2202.6041015625,204.6667528000553
Topstep XFA $50K,2,342,True,225,9,2282.5476562500003,213.03778125000005
Topstep XFA $50K,2,343,True,224,9,2355.2982421875004,220.80921020507816
Topstep XFA $50K,2,344,True,223,9,2427.1505859374997,228.56575024523542
Topstep XFA $50K,2,345,True,222,8,2045.3765625,193.48156672297299
Topstep XFA $50K,2,346,True,221,8,2113.509375,200.83120757918553
Topstep XFA $50K,2,347,True,220,8,2181.6421875000005,208.24766335227278
Topstep XFA $50K,2,348,True,219,8,2255.1539062500005,216.24763484589045
Topstep XFA $50K,2,349,True,218,8,2327.769140625,224.23464198681194
Topstep XFA $50K,2,350,True,217,8,2399.487890625,232.20850554435484
Topstep XFA $50K,2,351,True,216,8,2470.981640625,240.234326171875
Topstep XFA $50K,2,352,True,215,8,2239.533984375,218.74517986918605
Topstep XFA $50K,2,353,True,214,8,2306.55234375,226.34392158294395
Topstep XFA $50K,2,354,True,213,8,2372.6742187500004,233.92562720070427
Topstep XFA $50K,2,355,True,212,8,2352.708984375,233.05136165978774
Topstep XFA $50K,2,356,True,211,8,1824.4441406249998,181.57974859300947
Topstep XFA $50K,2,357,True,210,8,1828.0300781249998,182.80300781249997
Topstep XFA $50K,2,358,True,209,8,1831.6160156249998,184.0379728618421
Topstep XFA $50K,2,359,True,208,8,1892.5769531249998,191.07748084435093
Topstep XFA $50K,2,360,True,207,8,1952.6414062499998,198.09405570652171
Topstep XFA $50K,2,361,True,206,8,2012.7058593749998,205.178752654733
Topstep XFA $50K,2,362,True,205,8,2071.8738281250003,212.2407336128049
Topstep XFA $50K,2,363,True,204,8,2127.455859375,219.00280905330882
Topstep XFA $50K,2,364,True,203,7,1815.8765625000003,187.84929956896556
Topstep XFA $50K,2,365,True,202,7,1873.0265625,194.72058323019803
Topstep XFA $50K,2,366,True,201,7,1523.2429687500003,159.1447877798508
Topstep XFA $50K,2,367,True,200,7,1578.6070312499999,165.75373828124998
Topstep XFA $50K,2,368,True,199,7,1633.97109375,172.42911039572863
Topstep XFA $50K,2,369,True,198,7,1695.5859375000002,179.83487215909093
Topstep XFA $50K,2,370,True,197,7,1761.1875,187.74079949238578
Topstep XFA $50K,2,371,True,196,7,1825.89609375,195.63172433035714
Topstep XFA $50K,2,372,True,195,7,1890.6117187500001,203.6043389423077
Topstep XFA $50K,2,373,True,194,7,1954.4343750000003,211.56248389175263
Topstep XFA $50K,2,374,True,193,7,2014.2351562499998,219.16548332253885
Topstep XFA $50K,2,375,True,192,7,2073.571875,226.79692382812502
Topstep XFA $50K,2,376,True,191,7,2131.9875,234.40700261780108
Topstep XFA $50K,2,377,True,190,7,2135.0390625,235.97800164473685
Topstep XFA $50K,2,378,True,189,7,1420.1296875000003,157.79218750000004
Topstep XFA $50K,2,379,True,188,7,1483.53046875,165.71350980718086
Topstep XFA $50K,2,380,True,187,6,865.7296875000001,97.22098094919787
Topstep XFA $50K,2,381,True,186,6,925.509375,104.49299395161289
Topstep XFA $50K,2,382,True,185,6,996.9328125000001,113.16534628378378
Topstep XFA $50K,2,383,True,184,6,660.1921875,75.34802139945651
Topstep XFA $50K,2,384,True,183,6,720.4359375,82.67297643442625
Topstep XFA $50K,2,385,True,182,6,780.6796875000001,90.07842548076925
Topstep XFA $50K,2,386,True,181,6,840.0374999999999,97.46291436464088
Topstep XFA $50K,2,387,True,180,6,899.3953125,104.92945312500001
Topstep XFA $50K,2,388,True,179,6,902.9390625,105.93139839385475
Topstep XFA $50K,2,389,True,178,6,962.71875,113.57917837078652
Topstep XFA $50K,2,390,True,177,6,1028.278125,121.99909957627119
Topstep XFA $50K,2,391,True,176,6,1093.8375,130.51470170454544
Topstep XFA $50K,2,392,True,175,6,1158.5109375000002,139.02131250000002
Topstep XFA $50K,2,393,True,174,6,1223.184375,147.6257004310345
Topstep XFA $50K,2,394,True,173,6,657.5343750000001,79.81631141618499
Topstep XFA $50K,2,395,True,172,6,725.7515625,88.60920239825582
Topstep XFA $50K,2,396,True,171,6,788.653125,96.85213815789474
Topstep XFA $50K,2,397,True,170,6,792.196875,97.85961397058824
Topstep XFA $50K,2,398,True,169,6,858.6421875,106.69518306213018
Topstep XFA $50K,2,399,True,168,6,925.0875,115.6359375
Topstep XFA $50K,2,400,True,167,6,990.6468749999999,124.5723615269461
Topstep XFA $50K,2,401,True,166,6,1056.2062500000002,133.61645331325303
Topstep XFA $50K,2,402,True,165,6,1059.75,134.87727272727273
Topstep XFA $50K,2,403,True,164,6,1123.5515625,143.8694073932927
Topstep XFA $50K,2,404,True,163,6,1187.353125,152.971875
Topstep XFA $50K,2,405,True,162,6,1246.7390625,161.61432291666668
Topstep XFA $50K,2,406,True,161,6,1305.2390625,170.2485733695652
Topstep XFA $50K,2,407,True,160,6,1363.7390625000003,178.99075195312506
Topstep XFA $50K,2,408,True,159,6,1421.3671875,187.72774174528303
Topstep XFA $50K,2,409,True,158,6,1479.7828124999999,196.6799940664557
Topstep XFA $50K,2,410,True,157,5,953.5218749999999,127.54114251592355
Topstep XFA $50K,2,411,True,156,5,1014.5531249999999,136.57445913461538
Topstep XFA $50K,2,412,True,155,5,1074.7125,145.60620967741937
Topstep XFA $50K,2,413,True,154,5,906.01875,123.54801136363636
Topstep XFA $50K,2,414,True,153,5,963.5625,132.25367647058823
Topstep XFA $50K,2,415,True,152,5,1020.234375,140.9534333881579
Topstep XFA $50K,2,416,True,151,5,469.715625,65.32468956953642
Topstep XFA $50K,2,417,True,150,5,523.771875,73.3280625
Topstep XFA $50K,2,418,True,149,5,577.828125,81.43886325503357
Topstep XFA $50K,2,419,True,148,5,631.0125,89.53555743243244
Topstep XFA $50K,2,420,True,147,5,684.196875,97.74241071428571
Topstep XFA $50K,2,421,True,146,5,737.38125,106.06168664383561
Topstep XFA $50K,2,422,True,145,5,789.69375,114.36943965517241
Topstep XFA $50K,2,423,True,144,5,793.1812500000001,115.67226562500002
Topstep XFA $50K,2,424,True,143,5,848.109375,124.5475305944056
Topstep XFA $50K,2,425,True,142,5,910.7437500000001,134.6874559859155
Topstep XFA $50K,2,426,True,141,4,792.2249999999999,117.9909574468085
Topstep XFA $50K,2,427,True,140,4,860.5687500000001,129.08531250000001
Topstep XFA $50K,2,428,True,139,4,939.8812499999999,141.99644784172662
Topstep XFA $50K,2,429,True,138,4,1019.19375,155.09470108695652
Topstep XFA $50K,2,430,True,137,4,1105.2562500000001,169.41884124087593
Topstep XFA $50K,2,431,True,136,4,1182.8812500000001,182.65078125000002
Topstep XFA $50K,2,432,True,135,4,1255.44375,195.29125
Topstep XFA $50K,2,433,True,134,4,1253.7562500000001,196.48418843283582
Topstep XFA $50K,2,434,True,133,4,691.5375,109.19013157894737
Topstep XFA $50K,2,435,True,132,4,772.5375,122.90369318181818
Topstep XFA $50K,2,436,True,131,4,771.1312499999999,123.61645992366411
Topstep XFA $50K,2,437,True,130,4,846.16875,136.6887980769231
Topstep XFA $50K,2,438,True,129,4,449.6625,73.20087209302325
Topstep XFA $50K,2,439,True,128,4,532.35,87.338671875
Topstep XFA $50K,2,440,True,127,4,614.19375,101.55959645669292
Topstep XFA $50K,2,441,True,126,4,695.19375,115.86562500000001
Topstep XFA $50K,2,442,True,125,4,776.1937500000001,130.40055
Topstep XFA $50K,2,443,True,124,4,856.3500000000001,145.02701612903226
Topstep XFA $50K,2,444,True,123,4,859.7249999999999,146.78231707317073
Topstep XFA $50K,2,445,True,119,2,459.90000000000003,81.15882352941176
Topstep XFA $50K,2,446,True,118,2,520.65,92.65805084745763
Topstep XFA $50K,2,447,True,120,3,549.225,96.114375
Topstep XFA $50K,2,448,True,116,2,543.6,98.41034482758621
Topstep XFA $50K,2,449,True,115,2,246.60000000000002,45.031304347826094
Topstep XFA $50K,2,450,True,114,2,303.975,55.99539473684211
Topstep XFA $50K,2,451,True,116,3,332.325,60.16228448275862
Topstep XFA $50K,2,452,True,115,3,398.475,72.765
Topstep XFA $50K,2,453,True,114,3,463.8375,85.44375
Topstep XFA $50K,2,454,True,113,3,533.925,99.22499999999998
Topstep XFA $50K,2,455,True,112,3,598.5,112.21875
Topstep XFA $50K,2,456,True,111,3,667.8,126.34054054054053
Topstep XFA $50K,2,457,True,110,3,737.1,140.7190909090909
Topstep XFA $50K,2,458,True,109,3,800.8875,154.29942660550458
Topstep XFA $50K,2,459,True,108,3,852.5250000000001,165.76875
Topstep XFA $50K,2,460,True,107,3,904.2750000000001,177.4745327102804
Topstep XFA $50K,2,461,True,106,3,998.7750000000001,197.87051886792455
Topstep XFA $50K,2,462,True,102,2,317.925,65.45514705882354
Topstep XFA $50K,2,463,True,104,3,341.55,68.96682692307692
Topstep XFA $50K,2,464,True,100,1,111.60000000000001,23.436000000000003
Topstep XFA $50K,2,465,True,99,1,150.75,31.977272727272727
Topstep XFA $50K,2,466,True,98,1,189.9,40.69285714285714
Topstep XFA $50K,2,467,True,97,1,228.6,49.49072164948454
Topstep XFA $50K,2,468,True,99,2,238.72500000000002,50.638636363636365
Topstep XFA $50K,2,469,True,98,2,306.225,65.61964285714286
Topstep XFA $50K,2,470,True,97,2,373.05,80.76340206185569
Topstep XFA $50K,2,471,True,96,2,439.20000000000005,96.07500000000002
Topstep XFA $50K,2,472,True,92,1,216.9,49.50978260869565
Topstep XFA $50K,2,473,True,91,1,262.35,60.5423076923077
Topstep XFA $50K,2,474,True,93,2,294.75,66.55645161290322
Topstep XFA $50K,2,475,True,89,1,197.1,46.50674157303371
Topstep XFA $50K,2,476,True,88,1,238.95000000000002,57.02215909090909
Topstep XFA $50K,2,477,True,90,2,250.2,58.38
Topstep XFA $50K,2,478,True,89,2,307.575,72.57387640449438
Topstep XFA $50K,2,479,True,88,2,360.90000000000003,86.12386363636364
Topstep XFA $50K,2,480,True,87,2,413.55,99.82241379310344
Topstep XFA $50K,2,481,True,86,2,465.52500000000003,113.6747093023256
Topstep XFA $50K,2,482,True,85,2,517.5,127.8529411764706
Topstep XFA $50K,2,483,True,84,2,566.1,141.525
Topstep XFA $50K,2,484,True,83,2,501.975,127.00572289156626
Topstep XFA $50K,2,485,True,82,2,504.67499999999995,129.24603658536586
Topstep XFA $50K,2,486,True,81,2,549.9000000000001,142.5666666666667
Topstep XFA $50K,2,487,True,80,2,595.125,156.2203125
Topstep XFA $50K,2,488,True,79,2,640.35,170.21962025316458
Topstep XFA $50K,2,489,True,78,2,684.9000000000001,184.39615384615385
Topstep XFA $50K,2,490,True,583,26,20420.683374854918,735.5649243086677
Topstep XFA $50K,2,491,True,582,26,20474.683374050255,738.7772351461432
Topstep XFA $50K,2,492,True,581,26,20527.783373259008,741.9680737322533
Topstep XFA $50K,2,493,True,580,26,20583.58337242752,745.2676738292723
Topstep XFA $50K,2,494,True,579,26,20642.983371542392,748.7092414549054
Topstep XFA $50K,2,495,True,578,26,20576.383372534812,747.5848630159707
Topstep XFA $50K,2,496,True,577,26,20632.183371703322,750.9113532162388
Topstep XFA $50K,2,497,True,576,26,20687.98337087184,754.2493937297025
Topstep XFA $50K,2,498,True,575,26,20742.883369208874,757.5661752232807
Topstep XFA $50K,2,499,True,66,1,588.15,187.13863636363635
Topstep XFA $50K,2,500,True,65,1,613.35,198.15923076923076
Topstep XFA $50K,2,501,True,64,1,639.9,209.9671875
Topstep XFA $50K,2,502,True,63,1,666.0,222.0
Topstep XFA $50K,2,503,True,62,1,692.1,234.42096774193547
Topstep XFA $50K,2,504,True,61,1,693.9,238.88360655737705
Topstep XFA $50K,2,505,True,60,1,718.65,251.52749999999997
Topstep XFA $50K,2,506,True,59,1,664.2,236.41016949152547
Topstep XFA $50K,2,507,True,58,1,660.6,239.18275862068967
Topstep XFA $50K,2,508,True,59,1,232.65,82.80762711864408
Topstep XFA $50K,2,509,True,58,1,234.45000000000002,84.88706896551724
Topstep XFA $50K,2,510,True,57,1,259.65000000000003,95.66052631578948
Topstep XFA $50K,2,511,True,53,0,0.0,0.0
Topstep XFA $50K,2,512,True,52,0,0.0,0.0
Topstep XFA $50K,2,513,True,51,0,0.0,0.0
Topstep XFA $50K,2,514,True,50,0,0.0,0.0
Topstep XFA $50K,2,515,True,49,0,0.0,0.0
Topstep XFA $50K,2,516,True,48,0,0.0,0.0
Topstep XFA $50K,2,517,True,47,0,0.0,0.0
Topstep XFA $50K,2,518,True,46,0,0.0,0.0
Topstep XFA $50K,2,519,True,554,25,19878.883376410602,753.5316803332539
Topstep XFA $50K,2,520,True,44,0,0.0,0.0
Topstep XFA $50K,2,521,True,44,0,0.0,0.0
Topstep XFA $50K,2,522,True,43,0,0.0,0.0
Topstep XFA $50K,2,523,True,43,0,0.0,0.0
Topstep XFA $50K,2,524,True,42,0,0.0,0.0
Topstep XFA $50K,2,525,True,41,0,0.0,0.0
Topstep XFA $50K,2,526,True,40,0,0.0,0.0
Topstep XFA $50K,2,527,True,39,0,0.0,0.0
Topstep XFA $50K,2,528,True,38,0,0.0,0.0
Topstep XFA $50K,2,529,True,37,0,0.0,0.0
Topstep XFA $50K,2,530,True,37,0,0.0,0.0
Topstep XFA $50K,2,531,True,36,0,0.0,0.0
Topstep XFA $50K,2,532,True,541,23,19708.78338679075,765.0359540159071
Topstep XFA $50K,2,533,True,540,24,19772.68338121176,768.9376870471239
Topstep XFA $50K,2,534,True,539,24,19832.083377671242,772.6785731560224
Topstep XFA $50K,2,535,True,538,24,19891.483374130727,776.433365904731
Topstep XFA $50K,2,536,True,537,24,19949.983370643855,780.1669474553462
Topstep XFA $50K,2,537,True,536,24,20008.483367156983,783.9144602804041
Topstep XFA $50K,2,538,True,535,24,19950.88337059021,783.1187865091485
Topstep XFA $50K,2,539,True,534,24,20006.68336726427,786.7796829823029
Topstep XFA $50K,2,540,True,533,24,20061.583363991977,790.4188567426482
Topstep XFA $50K,2,541,True,532,24,20119.18336055875,794.1782905483717
Topstep XFA $50K,2,542,True,531,24,20173.989118516445,797.841377568447
Topstep XFA $50K,2,543,True,530,24,20177.58911830187,799.4893801591306
Topstep XFA $50K,2,544,True,529,24,20241.48911449313,803.5373750554929
Topstep XFA $50K,2,545,True,528,24,20308.089110523462,807.7080896230923
Topstep XFA $50K,2,546,True,527,24,20379.645265710355,812.0921263376043
Topstep XFA $50K,2,547,True,526,24,20455.245261204243,816.6542784891428
Topstep XFA $50K,2,548,True,525,24,19827.583377939463,793.1033351175786
Topstep XFA $50K,2,549,True,524,24,19906.783373218776,797.7909367129662
Topstep XFA $50K,2,550,True,523,24,19985.083368551732,802.4603264619242
Topstep XFA $50K,2,551,True,522,24,20069.68336350918,807.4010548538175
Topstep XFA $50K,2,552,True,521,24,20160.489119321108,812.6108858075686
Topstep XFA $50K,2,553,True,520,24,20250.48911395669,817.8082142174817
Topstep XFA $50K,2,554,True,519,24,20348.589108109474,823.3533165131
Topstep XFA $50K,2,555,True,518,24,20441.745262008906,828.7194025138746
Topstep XFA $50K,2,556,True,517,24,20538.945256215335,834.2705036373733
Topstep XFA $50K,2,557,True,516,24,20635.245245540144,839.8064925510523
Topstep XFA $50K,2,558,True,515,24,20722.545235776903,844.996990196728
Topstep XFA $50K,2,559,True,514,24,20817.945175158977,850.538616105717
Topstep XFA $50K,2,560,True,513,24,20917.389074206352,856.2673890025993
Topstep XFA $50K,2,561,True,512,24,21010.989047116043,861.7788476356191
Topstep XFA $50K,2,562,True,511,24,21103.78324404359,867.2787634538462
Topstep XFA $50K,2,563,True,510,24,21107.38330165744,869.1275477153064
Topstep XFA $50K,2,564,True,509,24,21200.083268558978,874.6596240466376
Topstep XFA $50K,2,565,True,508,24,21283.783237069845,879.8414330284779
Topstep XFA $50K,2,566,True,507,24,21374.683205956222,885.3419079390152
Topstep XFA $50K,2,567,True,506,23,21452.445232129096,890.3188732701799
Topstep XFA $50K,2,568,True,505,23,21052.84527118207,875.4648528610365
Topstep XFA $50K,2,569,True,504,23,20886.345266783235,870.2643861159681
Topstep XFA $50K,2,570,True,503,23,20367.04526646137,850.3140170888445
Topstep XFA $50K,2,571,True,502,23,20449.84525659084,855.4716143195371
Topstep XFA $50K,2,572,True,501,23,20526.34524747133,860.385728935924
Topstep XFA $50K,2,573,True,500,23,20601.945188033587,865.2816978974106
Topstep XFA $50K,2,574,True,499,23,20152.389119803905,848.096536103972
Topstep XFA $50K,2,575,True,498,23,20225.28909394741,852.8736364917581
Topstep XFA $50K,2,576,True,497,23,20292.88329237699,857.4457729173376
Topstep XFA $50K,2,577,True,496,23,19738.483383250234,835.7019174359978
Topstep XFA $50K,2,578,True,495,23,19805.083351707457,840.2156573451648
Topstep XFA $50K,2,579,True,494,23,19871.683321237568,844.7476715505848
Topstep XFA $50K,2,580,True,493,23,19937.383291625974,849.2597345317353
Topstep XFA $50K,2,581,True,492,22,19998.045405507095,853.5751087716444
Topstep XFA $50K,2,582,True,491,22,20062.845389199265,858.0850370125959
Topstep XFA $50K,2,583,True,490,22,20127.64535722733,862.6133724526
Topstep XFA $50K,2,584,True,489,22,20191.545325684547,867.1215784036309
Topstep XFA $50K,2,585,True,488,22,20255.44529328346,871.6482605716244
Topstep XFA $50K,2,586,True,487,22,20007.045309376714,862.7267997883183
Topstep XFA $50K,2,587,True,486,22,20068.245251655575,867.1463997628953
Topstep XFA $50K,2,588,True,485,22,19823.889158964153,858.3539635840149
Topstep XFA $50K,2,589,True,484,22,19827.48914136887,860.283619770137
Topstep XFA $50K,2,590,True,483,22,19886.983340764047,864.6514495984368
Topstep XFA $50K,2,591,True,482,22,19542.2834066391,851.427285351496
Topstep XFA $50K,2,592,True,481,22,19603.483375740052,855.8693365707715
Topstep XFA $50K,2,593,True,480,22,19664.68334591389,860.3298963837327
Topstep XFA $50K,2,594,True,479,22,19724.983316946033,864.7696234986778
Topstep XFA $50K,2,595,True,478,21,18960.34565291405,832.9858968853453
Topstep XFA $50K,2,596,True,477,21,18963.945651197435,834.890689046428
Topstep XFA $50K,2,597,True,476,21,19033.245618152618,839.7020125655566
Topstep XFA $50K,2,598,True,475,21,19101.645585536964,844.4938048342657
Topstep XFA $50K,2,599,True,474,21,19173.64555120469,849.4653092305874
Topstep XFA $50K,2,600,True,473,21,19244.745491123205,854.4178759272459
Topstep XFA $50K,2,601,True,472,21,19315.845431041722,859.3914280760089
Topstep XFA $50K,2,602,True,471,21,18758.289413022998,836.3568528099427
Topstep XFA $50K,2,603,True,470,21,18828.48937954903,841.2729297245312
Topstep XFA $50K,2,604,True,469,20,18437.44609880447,825.5572880061703
Topstep XFA $50K,2,605,True,468,20,18505.846033573147,830.390527147513
Topstep XFA $50K,2,606,True,467,20,18574.245968341827,835.244465385821
Topstep XFA $50K,2,607,True,466,20,18638.145907402042,839.9164464709075
Topstep XFA $50K,2,608,True,465,20,18699.345849037167,844.4865867307108
Topstep XFA $50K,2,609,True,464,20,18653.445892810818,844.229232217731
Topstep XFA $50K,2,610,True,463,20,18711.045837879185,848.6651459945202
Topstep XFA $50K,2,611,True,462,20,18765.945785522457,852.9975357055663
Topstep XFA $50K,2,612,True,461,20,18820.845733165737,857.3487210335802
Topstep XFA $50K,2,613,True,460,20,18378.04593057632,838.9977490045712
Topstep XFA $50K,2,614,True,459,20,18432.945878219605,843.3373931211584
Topstep XFA $50K,2,615,True,458,20,18487.84582586289,847.695987648735
Topstep XFA $50K,2,616,True,457,20,18491.445822429658,849.7163288206189
Topstep XFA $50K,2,617,True,456,20,18543.645772647855,853.9836868982565
Topstep XFA $50K,2,618,True,455,20,18593.145725440976,858.145187328045
Topstep XFA $50K,2,619,True,454,20,18642.645678234097,862.3250203588459
Topstep XFA $50K,2,620,True,453,20,18692.14563102722,866.5233073986127
Topstep XFA $50K,2,621,True,452,19,18058.989986801153,839.023871068195
Topstep XFA $50K,2,622,True,451,19,18112.089885520934,843.3567352459859
Topstep XFA $50K,2,623,True,450,19,18165.189784240723,847.7088565979005
Topstep XFA $50K,2,624,True,449,19,18217.389684677124,852.0382703301105
Topstep XFA $50K,2,625,True,448,19,18264.64611682892,856.1552867263557
Topstep XFA $50K,2,626,True,447,20,18319.08949842453,860.6283656977968
Topstep XFA $50K,2,627,True,446,20,18370.38944950104,864.9734942590176
Topstep XFA $50K,2,628,True,445,19,18115.68987865448,854.8977246106609
Topstep XFA $50K,2,629,True,444,19,18165.189784240723,859.1643816870612
Topstep XFA $50K,2,630,True,443,19,18211.98969497681,863.3223105970949
Topstep XFA $50K,2,631,True,442,19,18252.04614086151,867.1786628011124
Topstep XFA $50K,2,632,True,441,19,18297.04605503082,871.28790738242
Topstep XFA $50K,2,633,True,440,19,18284.446079063422,872.6667446825724
Topstep XFA $50K,2,634,True,439,19,18327.645996665957,876.7211069020161
Topstep XFA $50K,2,635,True,438,19,18370.845914268495,880.7939821909553
Topstep XFA $50K,2,636,True,437,19,18414.04583187103,884.8854976413995
Topstep XFA $50K,2,637,True,436,19,18459.04574604034,889.0824785936861
Topstep XFA $50K,2,638,True,435,19,18462.64573917389,891.3001391325326
Topstep XFA $50K,2,639,True,434,20,18512.683462429042,895.7750062465665
Topstep XFA $50K,2,640,True,433,20,18557.683419513698,900.0262166507797
Topstep XFA $50K,2,641,True,432,20,18601.78337745666,904.2533586263654
Topstep XFA $50K,2,642,True,431,20,18647.68333368301,908.5878190425595
Topstep XFA $50K,2,643,True,430,20,18694.48328905106,912.9863931862146
Topstep XFA $50K,2,644,True,429,20,18743.083242702483,917.4935853071146
Topstep XFA $50K,2,645,True,428,19,18346.545960617063,900.1809933947625
Topstep XFA $50K,2,646,True,427,19,18395.145867919924,904.6793049796685
Topstep XFA $50K,2,647,True,426,19,18443.745775222782,909.1987353983062
Topstep XFA $50K,2,648,True,425,19,18491.445684242255,913.6949632213821
Topstep XFA $50K,2,649,True,424,19,18539.14559326172,918.2123996662646
Topstep XFA $50K,2,650,True,423,19,18542.745586395267,920.5618376224601
Topstep XFA $50K,2,651,True,422,19,18515.74563789368,921.3996644449462
Topstep XFA $50K,2,652,True,421,19,18310.989506149297,913.3747734658795
Topstep XFA $50K,2,653,True,420,19,18359.589413452148,917.9794706726074
Topstep XFA $50K,2,654,True,419,19,18408.189320755006,922.606147340943
Topstep XFA $50K,2,655,True,418,19,18458.589224624633,927.3453916677447
Topstep XFA $50K,2,656,True,417,19,18506.289133644103,931.9713952194871
Topstep XFA $50K,2,657,True,416,19,18553.98904266358,936.619639172921
Topstep XFA $50K,2,658,True,415,19,18601.688951683045,941.2902843020336
Topstep XFA $50K,2,659,True,414,19,18646.688865852357,945.8465366736702
Topstep XFA $50K,2,660,True,413,19,18473.983499336246,939.3550931865886
Topstep XFA $50K,2,661,True,412,19,18518.983413505557,943.9287662223705
Topstep XFA $50K,2,662,True,411,19,18563.083329391477,948.4787102608783
Topstep XFA $50K,2,663,True,410,19,18607.183245277403,953.0508491483547
Topstep XFA $50K,2,664,True,409,19,18652.183159446715,957.6915558640123
Topstep XFA $50K,2,665,True,408,19,18698.983070182803,962.447658024115
Topstep XFA $50K,2,666,True,407,19,18746.68297920227,967.2735689514685
Topstep XFA $50K,2,667,True,406,19,18796.18288478851,972.2163561097507
Topstep XFA $50K,2,668,True,405,18,18231.34618034363,945.3290612030031
Topstep XFA $50K,2,669,True,404,18,18282.645984649662,950.335558608027
Topstep XFA $50K,2,670,True,403,18,18331.245799255372,955.2262079016447
Topstep XFA $50K,2,671,True,402,18,18378.045620727542,960.0471592917373
Topstep XFA $50K,2,672,True,401,18,18424.84544219971,964.8921553271668
Topstep XFA $50K,2,673,True,400,18,18019.390062332153,946.0179782724381
Topstep XFA $50K,2,674,True,399,18,18065.289887237548,950.8047309072393
Topstep XFA $50K,2,675,True,398,18,18111.189712142947,955.6155375753816
Topstep XFA $50K,2,676,True,397,18,18156.18954048157,960.4029731740881
Topstep XFA $50K,2,677,True,396,18,18201.189368820193,965.2145877404647
Topstep XFA $50K,2,678,True,395,18,18184.989430618283,966.796906437934
Topstep XFA $50K,2,679,True,394,18,18227.28926925659,971.5052656202752
Topstep XFA $50K,2,680,True,393,18,18267.78911476135,976.1414030788508
Topstep XFA $50K,2,681,True,392,18,18309.188956832888,980.8494084017618
Topstep XFA $50K,2,682,True,391,18,18350.58879890442,985.581495593332
Topstep XFA $50K,2,683,True,390,18,18393.788634109496,990.4347726058959
Topstep XFA $50K,2,684,True,389,18,18438.78846244812,995.4101740653225
Topstep XFA $50K,2,685,True,388,18,18442.38819465637,998.1704950716078
Topstep XFA $50K,2,686,True,387,18,18488.28776550293,1003.24042138388
Topstep XFA $50K,2,687,True,386,18,18064.484280395507,982.7828235448334
Topstep XFA $50K,2,688,True,385,18,18113.084095001217,987.9864051818846
Topstep XFA $50K,2,689,True,384,18,18168.883882141115,993.6108373045923
Topstep XFA $50K,2,690,True,383,18,18221.983679580688,999.1165986193067
Topstep XFA $50K,2,691,True,382,17,18007.247035217286,989.9271930355053
Topstep XFA $50K,2,692,True,381,17,18061.24662322998,995.5017823827549
Topstep XFA $50K,2,693,True,380,17,18115.246211242677,1001.1057116739374
Topstep XFA $50K,2,694,True,379,17,18171.045785522463,1006.838948538184
Topstep XFA $50K,2,695,True,378,17,18231.34532546997,1012.852518081665
Topstep XFA $50K,2,696,True,377,17,18290.744872283936,1018.847857607328
Topstep XFA $50K,2,697,True,376,17,18352.844398498535,1025.0258839586947
Topstep XFA $50K,2,698,True,375,17,17624.291569519042,986.9603278930664
Topstep XFA $50K,2,699,True,374,17,17690.891061401366,993.3388029129109
Topstep XFA $50K,2,700,True,373,17,17757.490553283693,999.7514788711998
Topstep XFA $50K,2,701,True,372,17,17826.79002456665,1006.3510497739237
Topstep XFA $50K,2,702,True,371,17,17895.189502716064,1012.9352548707205
Topstep XFA $50K,2,703,True,370,17,17898.789475250243,1015.8772404871759
Topstep XFA $50K,2,704,True,369,17,17963.588527679447,1022.3180462907002
Topstep XFA $50K,2,705,True,368,17,18028.483422088626,1028.799325717014
Topstep XFA $50K,2,706,True,367,17,18092.382501983644,1035.258944255195
Topstep XFA $50K,2,707,True,366,17,18156.281581878662,1041.753861255333
Topstep XFA $50K,2,708,True,365,17,17429.086704254147,1002.7693720255811
Topstep XFA $50K,2,709,True,364,17,17491.18579101563,1009.106872558594
Topstep XFA $50K,2,710,True,363,17,17553.284912109375,1015.4792924360796
Topstep XFA $50K,2,711,True,362,16,17141.453640747073,994.3937194908524
Topstep XFA $50K,2,712,True,361,16,17198.15277557373,1000.4465603519344
Topstep XFA $50K,2,713,True,360,16,17254.85191040039,1006.5330281066895
Topstep XFA $50K,2,714,True,359,16,17313.35101776123,1012.7586946322725
Topstep XFA $50K,2,715,True,358,16,17371.85012512207,1019.019141417775
Topstep XFA $50K,2,716,True,357,16,17429.44839477539,1025.2616702809053
Topstep XFA $50K,2,717,True,356,16,16837.69757080078,993.234969064091
Topstep XFA $50K,2,718,True,355,16,16897.09666442871,999.5465632478955
Topstep XFA $50K,2,719,True,354,15,16587.963995361326,984.0317624366888
Topstep XFA $50K,2,720,True,353,16,16649.693508911132,990.4916818332401
Topstep XFA $50K,2,721,True,352,16,16706.392643737796,996.6881974957207
Topstep XFA $50K,2,722,True,351,16,16762.191792297363,1002.8661756075345
Topstep XFA $50K,2,723,True,350,16,16819.790913391116,1009.187454803467
Topstep XFA $50K,2,724,True,349,16,16872.890103149417,1015.2741895877872
Topstep XFA $50K,2,725,True,348,16,16927.789265441897,1021.5045246387351
Topstep XFA $50K,2,726,True,347,16,16986.288372802737,1027.9886335125575
Topstep XFA $50K,2,727,True,346,16,17042.087521362308,1034.3463524526258
Topstep XFA $50K,2,728,True,345,16,17099.686642456054,1040.8504912799337
Topstep XFA $50K,2,729,True,344,15,16713.060177612304,1020.2740224705186
Topstep XFA $50K,2,730,True,343,15,16768.858474731445,1026.6648045753948
Topstep XFA $50K,2,731,True,342,15,16823.75679931641,1033.0376982036391
Topstep XFA $50K,2,732,True,341,15,16878.655123901368,1039.4479695071225
Topstep XFA $50K,2,733,True,340,15,16882.255014038088,1042.7275155729408
Topstep XFA $50K,2,734,True,339,15,16940.753228759768,1049.4271911621095
Topstep XFA $50K,2,735,True,338,15,17001.051388549804,1056.2783407087156
Topstep XFA $50K,2,736,True,337,15,16978.55207519531,1058.0106634394706
Topstep XFA $50K,2,737,True,336,15,17036.150317382813,1064.7593948364258
Topstep XFA $50K,2,738,True,335,15,17098.248422241213,1071.8304981106432
Topstep XFA $50K,2,739,True,334,15,17165.74636230469,1079.2834539173607
Topstep XFA $50K,2,740,True,333,15,17235.9442199707,1086.9514372954495
Topstep XFA $50K,2,741,True,332,15,17312.441885375974,1095.0640951593236
Topstep XFA $50K,2,742,True,331,15,17388.939550781248,1103.2257721039462
Topstep XFA $50K,2,743,True,330,15,17473.536968994144,1111.9523525723546
Topstep XFA $50K,2,744,True,329,15,17558.13172302246,1120.7318121078165
Topstep XFA $50K,2,745,True,328,15,17647.226339721678,1129.8529058968147
Topstep XFA $50K,2,746,True,327,15,17730.021313476565,1138.625221966385
Topstep XFA $50K,2,747,True,326,15,17817.31617736816,1147.7412261494828
Topstep XFA $50K,2,748,True,325,15,17899.211233520506,1156.5644181659404
Topstep XFA $50K,2,749,True,324,15,17985.164199829105,1165.7050870259604
Topstep XFA $50K,2,750,True,323,15,18070.659228515622,1174.8725814205202
Topstep XFA $50K,2,751,True,322,15,16621.70086669922,1084.0239695673404
Topstep XFA $50K,2,752,True,321,15,16716.195401000976,1093.5828767009984
Topstep XFA $50K,2,753,True,320,15,16810.692407226565,1103.2016892242434
Topstep XFA $50K,2,754,True,319,15,16814.289605712893,1106.896807899595
Topstep XFA $50K,2,755,True,318,15,16907.884057617186,1116.5583811633992
Topstep XFA $50K,2,756,True,317,15,16613.69405822754,1100.5917199456728
Topstep XFA $50K,2,757,True,316,14,16094.311358642579,1069.5586662389055
Topstep XFA $50K,2,758,True,315,14,16176.67388305664,1078.4449255371094
Topstep XFA $50K,2,759,True,314,14,16263.968554687499,1087.717642192476
Topstep XFA $50K,2,760,True,313,14,16345.863555908205,1096.687331227068
Topstep XFA $50K,2,761,True,312,14,16426.858612060547,1105.6539450425369
Topstep XFA $50K,2,762,True,311,14,16506.95372314453,1114.6174539743893
Topstep XFA $50K,2,763,True,310,14,15748.732452392578,1066.849617742723
Topstep XFA $50K,2,764,True,309,14,15826.127728271485,1075.5620786203922
Topstep XFA $50K,2,765,True,308,14,15910.722564697266,1084.821993047541
Topstep XFA $50K,2,766,True,307,14,15995.317401123048,1094.1422326501108
Topstep XFA $50K,2,767,True,306,14,15998.917181396482,1097.9649046056409
Topstep XFA $50K,2,768,True,305,14,16087.111798095704,1107.637205770524
Topstep XFA $50K,2,769,True,304,14,16175.306414794923,1117.3731404957018
Topstep XFA $50K,2,770,True,303,14,16262.601086425782,1127.1109663859454
Topstep XFA $50K,2,771,True,302,14,16266.200866699219,1131.0934377506078
Topstep XFA $50K,2,772,True,301,14,16357.995263671875,1141.2554835119913
Topstep XFA $50K,2,773,True,300,14,16444.389990234373,1151.107299316406
Topstep XFA $50K,2,774,True,299,14,16529.884771728513,1160.9618067100294
Topstep XFA $50K,2,775,True,298,14,16619.87927856445,1171.1995464760184
Topstep XFA $50K,2,776,True,297,14,16715.273455810548,1181.8880221280185
Topstep XFA $50K,2,777,True,296,14,16809.767687988282,1192.5848697559254
Topstep XFA $50K,2,778,True,295,14,16916.861151123045,1204.25113279181
Topstep XFA $50K,2,779,True,294,14,17023.954614257815,1215.9967581612725
Topstep XFA $50K,2,780,True,293,14,17138.247637939454,1228.3385679069233
Topstep XFA $50K,2,781,True,292,14,17251.640716552734,1240.7001885192035
Topstep XFA $50K,2,782,True,291,14,15894.61600341797,1147.0341445765546
Topstep XFA $50K,2,783,True,290,14,15898.215783691405,1151.250108474205
Topstep XFA $50K,2,784,True,289,14,16019.70836791992,1164.061853724285
Topstep XFA $50K,2,785,True,288,14,16131.301556396485,1176.2407384872438
Topstep XFA $50K,2,786,True,287,14,16250.994250488282,1189.0971402796304
Topstep XFA $50K,2,787,True,286,14,16369.78699951172,1201.9773670970144
Topstep XFA $50K,2,788,True,285,14,16487.679803466795,1214.8816697291322
Topstep XFA $50K,2,789,True,284,14,16605.572607421876,1227.8768477318993
Topstep XFA $50K,2,790,True,283,14,16609.17238769531,1232.4827566841043
Topstep XFA $50K,2,791,True,282,14,16726.16524658203,1245.565497085896
Topstep XFA $50K,2,792,True,281,14,16842.23756103516,1258.6725579421293
Topstep XFA $50K,2,793,True,280,13,16957.855920410155,1271.8391940307615
Topstep XFA $50K,2,794,True,279,13,17072.048693847657,1284.9929124401463
Topstep XFA $50K,2,795,True,278,13,16123.577124023439,1217.968056131267
Topstep XFA $50K,2,796,True,277,13,16238.960595703124,1231.112536136338
Topstep XFA $50K,2,797,True,276,13,16349.834619140627,1244.0091558041781
Topstep XFA $50K,2,798,True,275,13,16459.60616455078,1256.9153798384232
Topstep XFA $50K,2,799,True,274,13,14856.886889648438,1138.6665134402087
Topstep XFA $50K,2,800,True,273,13,14968.495019531252,1151.4226938100962
Topstep XFA $50K,2,801,True,272,13,15097.161840820314,1165.589700945686
Topstep XFA $50K,2,802,True,271,13,15215.123034667971,1179.0316742731638
Topstep XFA $50K,2,803,True,270,13,15332.016137695311,1192.4901440429685
Topstep XFA $50K,2,804,True,269,13,15449.094689941405,1206.0631542333438
Topstep XFA $50K,2,805,True,268,13,14429.50543212891,1130.670201771295
Topstep XFA $50K,2,806,True,267,13,14543.777856445311,1143.892640394575
Topstep XFA $50K,2,807,True,266,12,12974.04228515625,1024.266496196546
Topstep XFA $50K,2,808,True,265,12,13090.034838867186,1037.3235155328714
Topstep XFA $50K,2,809,True,264,12,13207.933081054689,1050.631040538441
Topstep XFA $50K,2,810,True,263,12,13335.915014648439,1064.84492512402
Topstep XFA $50K,2,811,True,262,12,11996.16613769531,961.5247667618379
Topstep XFA $50K,2,812,True,261,12,12119.43603515625,975.1270373114224
Topstep XFA $50K,2,813,True,260,12,12241.80615234375,988.7612661508413
Topstep XFA $50K,2,814,True,259,12,12245.427465820314,992.8724972286741
Topstep XFA $50K,2,815,True,258,12,12366.895166015625,1006.6077460710392
Topstep XFA $50K,2,816,True,257,12,11137.720825195312,910.0861374673214
Topstep XFA $50K,2,817,True,256,12,11259.11337890625,923.5991443634033
Topstep XFA $50K,2,818,True,255,12,10412.409594726561,857.4925548598345
Topstep XFA $50K,2,819,True,254,12,10524.882128906249,870.1674201064221
Topstep XFA $50K,2,820,True,253,12,10636.4548828125,882.8677965970851
Topstep XFA $50K,2,821,True,252,11,10747.985888671876,895.6654907226563
Topstep XFA $50K,2,822,True,251,11,10857.67998046875,908.4114724694971
Topstep XFA $50K,2,823,True,250,11,10955.783056640625,920.2857767578124
Topstep XFA $50K,2,824,True,249,11,11063.969824218751,933.1058887895332
Topstep XFA $50K,2,825,True,248,11,11166.472705078124,945.5480919622604
Topstep XFA $50K,2,826,True,247,11,11268.072509765625,958.014261963879
Topstep XFA $50K,2,827,True,246,11,10361.265380859375,884.4982642197028
Topstep XFA $50K,2,828,True,245,11,9449.810156250001,809.9837276785715
Topstep XFA $50K,2,829,True,244,11,9453.406640624999,813.612866611168
Topstep XFA $50K,2,830,True,243,11,9553.207763671873,825.5858561197915
Topstep XFA $50K,2,831,True,242,11,9652.105810546876,837.5794298408447
Topstep XFA $50K,2,832,True,241,11,9745.604296875,849.2020341675312
Topstep XFA $50K,2,833,True,240,11,9842.701464843753,861.2363781738284
Topstep XFA $50K,2,834,True,239,11,9024.048632812499,792.9080388663701
Topstep XFA $50K,2,835,True,238,10,8154.552832031251,719.5193675321691
Topstep XFA $50K,2,836,True,237,10,8254.351757812501,731.3982570213608
Topstep XFA $50K,2,837,True,236,10,8344.3587890625,742.5065024165784
Topstep XFA $50K,2,838,True,235,10,7588.06787109375,678.0826608211437
Topstep XFA $50K,2,839,True,234,10,7684.273828125,689.6143179086539
Topstep XFA $50K,2,840,True,233,10,7787.67275390625,701.8932524979882
Topstep XFA $50K,2,841,True,232,10,7890.172558593751,714.1966540106413
Topstep XFA $50K,2,842,True,231,10,6582.0111328125,598.3646484375
Topstep XFA $50K,2,843,True,230,10,6585.607617187501,601.2946085258153
Topstep XFA $50K,2,844,True,229,10,6688.107421875,613.3198945824236
Topstep XFA $50K,2,845,True,228,10,6797.8001953125,626.1131758840461
Topstep XFA $50K,2,846,True,227,10,6911.98857421875,639.4350663374173
Topstep XFA $50K,2,847,True,226,10,7025.27783203125,652.791302976355
Topstep XFA $50K,2,848,True,225,10,7133.17236328125,665.76275390625
Topstep XFA $50K,2,849,True,224,9,5553.3955078125,520.6308288574219
Topstep XFA $50K,2,850,True,223,9,5556.9884765625,523.3038475686659
Topstep XFA $50K,2,851,True,222,9,5673.969140625,536.7268105996623
Topstep XFA $50K,2,852,True,221,9,5800.399804687499,551.1692122101244
Topstep XFA $50K,2,853,True,220,9,5925.9322265625,565.6571670809659
Topstep XFA $50K,2,854,True,219,9,6050.5681640625,580.191467786815
Topstep XFA $50K,2,855,True,218,9,6174.3005859375,594.7720747921445
Topstep XFA $50K,2,856,True,217,9,6307.709765625001,610.4235257056451
Topstep XFA $50K,2,857,True,216,9,6429.6580078125,625.1056396484374
Topstep XFA $50K,2,858,True,215,9,4950.945703125,483.5807430959303
Topstep XFA $50K,2,859,True,214,9,5076.488671875,498.16010331483653
Topstep XFA $50K,2,860,True,213,9,5196.6439453125,512.3451777068663
Topstep XFA $50K,2,861,True,212,9,5320.3798828125,527.0187619767099
Topstep XFA $50K,2,862,True,211,9,5323.76015625,529.8529065462086
Topstep XFA $50K,2,863,True,210,9,4719.0322265625,471.90322265625
Topstep XFA $50K,2,864,True,209,8,3671.5781250000005,368.9145484449761
Topstep XFA $50K,2,865,True,208,8,2827.85625,285.5047175480769
Topstep XFA $50K,2,866,True,207,8,2935.90546875,297.84548233695654
Topstep XFA $50K,2,867,True,206,8,3048.8625,310.8063713592233
Topstep XFA $50K,2,868,True,205,8,3160.923046875,323.8018730945122
Topstep XFA $50K,2,869,True,204,8,3275.673046875,337.2016371783089
Topstep XFA $50K,2,870,True,203,7,2460.8671875,254.5724676724138
Topstep XFA $50K,2,871,True,202,7,2568.9164062500004,267.0655669863862
Topstep XFA $50K,2,872,True,201,7,2673.39375,279.3097947761194
Topstep XFA $50K,2,873,True,200,8,2775.1921875,291.3951796875
Topstep XFA $50K,2,874,True,199,8,2881.8738281250003,304.1173386463568
Topstep XFA $50K,2,875,True,198,8,2994.830859375,317.63357599431816
Topstep XFA $50K,2,876,True,197,8,3103.30546875,330.8092124048223
Topstep XFA $50K,2,877,True,196,8,3210.88359375,344.02324218749993
Topstep XFA $50K,2,878,True,195,8,3324.737109375,358.0486117788461
Topstep XFA $50K,2,879,True,194,8,3433.060546875,371.61995610502584
Topstep XFA $50K,2,880,True,193,7,3255.6093750000005,354.2372895077721
Topstep XFA $50K,2,881,True,192,7,3357.6046875,367.23801269531253
Topstep XFA $50K,2,882,True,191,7,3458.7140624999997,380.2774623691099
Topstep XFA $50K,2,883,True,190,7,2591.184375,286.39406249999996
Topstep XFA $50K,2,884,True,189,7,2689.4109375,298.82343749999995
Topstep XFA $50K,2,885,True,188,7,2782.7296875,310.8368267952128
Topstep XFA $50K,2,886,True,187,7,2882.7421875,323.73040608288767
Topstep XFA $50K,2,887,True,186,7,2979.1828124999997,336.35934979838703
Topstep XFA $50K,2,888,True,185,7,3074.0484374999996,348.94603885135126
Topstep XFA $50K,2,889,True,184,7,3051.9281250000004,348.3178838315217
Topstep XFA $50K,2,890,True,183,7,3148.678125,361.3237192622951
Topstep XFA $50K,2,891,True,182,7,3239.9859374999996,373.84453125
Topstep XFA $50K,2,892,True,181,7,2721.4031250000003,315.7429040055249
Topstep XFA $50K,2,893,True,180,7,2808.2109375,327.62460937500003
Topstep XFA $50K,2,894,True,179,6,2387.64375,280.11462988826815
Topstep XFA $50K,2,895,True,178,6,2475.3515625,292.035858497191
Topstep XFA $50K,2,896,True,177,6,2562.1734375,303.9866790254237
Topstep XFA $50K,2,897,True,176,6,2648.109375,315.9675958806818
Topstep XFA $50K,2,898,True,175,6,2734.4109375,328.12931249999997
Topstep XFA $50K,2,899,True,174,6,2818.096875,340.1151400862069
Topstep XFA $50K,2,900,True,173,6,2903.56875,352.4563222543353
Topstep XFA $50K,2,901,True,172,6,2300.0765625,280.8233012354651
Topstep XFA $50K,2,902,True,171,6,2386.0125000000003,293.0190789473685
Topstep XFA $50K,2,903,True,170,6,2472.834375,305.46777573529414
Topstep XFA $50K,2,904,True,169,6,2264.6390625,281.40485392011834
Topstep XFA $50K,2,905,True,168,6,2348.803125,293.600390625
Topstep XFA $50K,2,906,True,167,6,2432.08125,305.8305763473054
Topstep XFA $50K,2,907,True,166,6,2520.675,318.88057228915665
Topstep XFA $50K,2,908,True,165,6,2609.26875,332.08875000000006
Topstep XFA $50K,2,909,True,164,6,2612.8125,334.5674542682927
Topstep XFA $50K,2,910,True,163,6,2700.5203125000003,347.9197948619632
Topstep XFA $50K,2,911,True,162,5,1887.9750000000001,244.7375
Topstep XFA $50K,2,912,True,161,5,1975.1625000000001,257.62989130434784
Topstep XFA $50K,2,913,True,160,5,2059.734375,270.34013671875
Topstep XFA $50K,2,914,True,159,5,2143.4343750000003,283.0951061320755
Topstep XFA $50K,2,915,True,158,5,2226.2625000000003,295.89564873417726
Topstep XFA $50K,2,916,True,157,5,2306.475,308.5093949044586
Topstep XFA $50K,2,917,True,156,5,2390.175,321.7543269230769
Topstep XFA $50K,2,918,True,155,5,2473.875,335.17016129032254
Topstep XFA $50K,2,919,True,154,5,2556.703125,348.64133522727275
Topstep XFA $50K,2,920,True,153,5,2636.915625,361.9295955882353
Topstep XFA $50K,2,921,True,152,5,2714.5125000000003,375.03133223684216
Topstep XFA $50K,2,922,True,151,5,2792.109375,388.30660182119203
Topstep XFA $50K,2,923,True,150,5,2513.109375,351.8353125
Topstep XFA $50K,2,924,True,149,5,2588.0906250000003,364.76445050335576
Topstep XFA $50K,2,925,True,148,5,2666.5593750000003,378.36315456081087
Topstep XFA $50K,2,926,True,147,5,2742.4125000000004,391.77321428571435
Topstep XFA $50K,2,927,True,146,5,2816.5218750000004,405.11616010273974
Topstep XFA $50K,2,928,True,145,5,2820.009375,408.41515086206897
Topstep XFA $50K,2,929,True,144,5,2898.478125,422.6947265625
Topstep XFA $50K,2,930,True,143,5,2208.8250000000003,324.37290209790217
Topstep XFA $50K,2,931,True,142,5,2286.421875,338.1328125
Topstep XFA $50K,2,932,True,141,5,2363.146875,351.9580452127659
Topstep XFA $50K,2,933,True,140,5,2439.0,365.84999999999997
Topstep XFA $50K,2,934,True,139,5,2445.9750000000004,369.53579136690655
Topstep XFA $50K,2,935,True,138,5,2521.828125,383.7564538043478
Topstep XFA $50K,2,936,True,137,5,2596.8093750000003,398.05107208029204
Topstep XFA $50K,2,937,True,136,5,2671.790625,412.55590533088235
Topstep XFA $50K,2,938,True,135,5,2747.6437499999997,427.41124999999994
Topstep XFA $50K,2,939,True,134,5,2822.625,442.35167910447757
Topstep XFA $50K,2,940,True,133,5,2895.8625,457.2414473684211
Topstep XFA $50K,2,941,True,132,5,2979.5625,474.0213068181818
Topstep XFA $50K,2,942,True,131,5,3060.6468750000004,490.6380486641222
Topstep XFA $50K,2,943,True,130,5,3140.859375,507.3695913461538
Topstep XFA $50K,2,944,True,129,5,3218.45625,523.934738372093
Topstep XFA $50K,2,945,True,128,5,3296.0531250000004,540.7587158203125
Topstep XFA $50K,2,946,True,127,5,3372.7781250000003,557.7034694881891
Topstep XFA $50K,2,947,True,126,5,3376.265625,562.7109375
Topstep XFA $50K,2,948,True,125,5,3453.8625,580.2489
Topstep XFA $50K,2,949,True,124,5,3454.48125,585.0331149193548
Topstep XFA $50K,2,950,True,124,5,3739.303125,633.2690776209677
Topstep XFA $50K,2,951,True,123,5,3814.734375,651.2961128048781
Topstep XFA $50K,2,952,True,122,5,3460.3593750000005,595.6356301229509
Topstep XFA $50K,2,953,True,121,5,3540.2062499999997,614.4159607438016
Topstep XFA $50K,2,954,True,120,5,3621.88125,633.82921875
Topstep XFA $50K,2,955,True,119,5,3622.4156250000005,639.2498161764706
Topstep XFA $50K,2,956,True,118,5,3705.80625,659.5078919491526
Topstep XFA $50K,2,957,True,117,5,3788.3531250000005,679.9608173076924
Topstep XFA $50K,2,958,True,115,4,2682.0,489.75652173913045
Topstep XFA $50K,2,959,True,114,4,2685.375,494.6743421052631
Topstep XFA $50K,2,960,True,113,4,2768.90625,514.5754977876106
Topstep XFA $50K,2,961,True,112,4,2852.4375000000005,534.8320312500001
Topstep XFA $50K,2,962,True,111,4,1441.575,272.7304054054054
Topstep XFA $50K,2,963,True,110,4,1527.6375,291.6398863636364
Topstep XFA $50K,2,964,True,110,4,1485.50625,283.5966477272727
Topstep XFA $50K,2,965,True,109,4,1576.6312500000001,303.75464449541283
Topstep XFA $50K,2,966,True,108,4,1666.9125,324.12187499999993
Topstep XFA $50K,2,967,True,107,4,1756.35,344.70420560747664
Topstep XFA $50K,2,968,True,106,4,1843.25625,365.1734080188679
Topstep XFA $50K,2,969,True,105,4,1931.85,386.37
Topstep XFA $50K,2,970,True,104,4,2019.6000000000001,407.80384615384617
Topstep XFA $50K,2,971,True,103,4,2106.50625,429.48185679611646
Topstep XFA $50K,2,972,True,102,4,2109.88125,434.3873161764706
Topstep XFA $50K,2,973,True,101,4,2194.25625,456.23149752475246
Topstep XFA $50K,2,974,True,99,3,1771.65,375.80454545454546
Topstep XFA $50K,2,975,True,98,3,969.1875000000001,207.68303571428572
Topstep XFA $50K,2,976,True,97,3,1035.9,224.2670103092784
Topstep XFA $50K,2,977,True,96,3,1118.1375,244.59257812500002
Topstep XFA $50K,2,978,True,95,3,1111.725,245.74973684210525
Topstep XFA $50K,2,979,True,94,3,1182.7125,264.22300531914897
Topstep XFA $50K,2,980,True,93,3,1251.5625,282.61088709677415
Topstep XFA $50K,2,981,True,92,3,1319.8500000000001,301.2701086956522
Topstep XFA $50K,2,982,True,91,3,812.1375,187.41634615384618
Topstep XFA $50K,2,983,True,90,3,897.9749999999999,209.52749999999997
Topstep XFA $50K,2,984,True,89,3,983.8125,232.13553370786516
Topstep XFA $50K,2,985,True,88,3,1066.5,254.5056818181818
Topstep XFA $50K,2,986,True,87,3,1119.9375,270.3297413793103
Topstep XFA $50K,2,987,True,87,3,934.5375,225.57801724137929
Topstep XFA $50K,2,988,True,85,2,321.075,79.32441176470589
Topstep XFA $50K,2,989,True,84,2,387.225,96.80625
Topstep XFA $50K,2,990,True,83,2,450.0,113.85542168674698
Topstep XFA $50K,2,991,True,82,2,452.7,115.93536585365854
Topstep XFA $50K,2,992,True,81,2,510.07500000000005,132.24166666666667
Topstep XFA $50K,2,993,True,80,2,566.1,148.60125000000002
Topstep XFA $50K,2,994,True,79,2,620.7750000000001,165.01613924050636
Topstep XFA $50K,2,995,True,78,2,674.1,181.48846153846154
Topstep XFA $50K,2,996,True,77,2,732.1500000000001,199.67727272727276
Topstep XFA $50K,2,997,True,76,2,788.85,217.9717105263158
Topstep XFA $50K,2,998,True,75,2,825.075,231.021
Topstep XFA $50K,2,999,True,74,2,505.8,143.53783783783786
Topstep XFA $50K,2,1000,True,73,2,544.275,156.5722602739726
Topstep XFA $50K,2,1001,True,73,2,879.975,253.14349315068492
Topstep XFA $50K,2,1002,True,72,2,915.75,267.09375
Topstep XFA $50K,2,1003,True,71,2,950.4000000000001,281.1042253521127
Topstep XFA $50K,2,1004,True,70,2,983.475,295.0425
Topstep XFA $50K,2,1005,True,69,2,1020.375,310.54891304347825
Topstep XFA $50K,2,1006,True,68,2,516.375,159.46875
Topstep XFA $50K,2,1007,True,67,2,556.65,174.47238805970147
Topstep XFA $50K,2,1008,True,66,2,596.9250000000001,189.93068181818185
Topstep XFA $50K,2,1009,True,65,2,637.2,205.8646153846154
Topstep XFA $50K,2,1010,True,64,2,676.35,221.92734375
Topstep XFA $50K,2,1011,True,62,1,130.05,44.049193548387095
Topstep XFA $50K,2,1012,True,61,1,169.65,58.404098360655745
Topstep XFA $50K,2,1013,True,60,1,141.3,49.455000000000005
Topstep XFA $50K,2,1014,True,59,1,179.1,63.74745762711865
Topstep XFA $50K,2,1015,True,59,1,165.15,58.782203389830514
Topstep XFA $50K,2,1016,True,58,1,202.95000000000002,73.48189655172415
Topstep XFA $50K,2,1017,True,57,1,240.3,88.53157894736842
Topstep XFA $50K,2,1018,True,56,1,278.1,104.28750000000001
Topstep XFA $50K,2,1019,True,55,1,315.0,120.27272727272727
Topstep XFA $50K,2,1020,True,54,1,351.0,136.5
Topstep XFA $50K,2,1021,True,53,1,389.25,154.2311320754717
Topstep XFA $50K,2,1022,True,52,1,427.5,172.64423076923077
Topstep XFA $50K,2,1023,True,51,1,464.40000000000003,191.22352941176473
Topstep XFA $50K,2,1024,True,50,1,500.85,210.357
Topstep XFA $50K,2,1025,True,49,1,537.3000000000001,230.27142857142857
Topstep XFA $50K,2,1026,True,48,1,572.85,250.62187500000002
Topstep XFA $50K,2,1027,True,47,1,606.6,271.0340425531915
Topstep XFA $50K,2,1028,True,46,1,639.45,291.9228260869565
Topstep XFA $50K,2,1029,True,45,1,673.2,314.16
Topstep XFA $50K,2,1030,True,44,1,706.0500000000001,336.9784090909091
Topstep XFA $50K,2,1031,True,42,0,0.0,0.0
Topstep XFA $50K,2,1032,True,41,0,0.0,0.0
Topstep XFA $50K,2,1033,True,40,0,0.0,0.0
Topstep XFA $50K,2,1034,True,39,0,0.0,0.0
Topstep XFA $50K,2,1035,True,38,0,0.0,0.0
Topstep XFA $50K,2,1036,True,37,0,0.0,0.0
Topstep XFA $50K,2,1037,True,36,0,0.0,0.0
Topstep XFA $50K,2,1038,True,35,0,0.0,0.0
Topstep XFA $50K,2,1039,True,34,0,0.0,0.0
Topstep XFA $50K,2,1040,True,33,0,0.0,0.0
Topstep XFA $50K,2,1041,True,32,0,0.0,0.0
Topstep XFA $50K,2,1042,True,31,0,0.0,0.0
Topstep XFA $50K,2,1043,True,30,0,0.0,0.0
Topstep XFA $50K,2,1044,True,29,0,0.0,0.0
Topstep XFA $50K,2,1045,True,29,0,0.0,0.0
Topstep XFA $50K,2,1046,True,29,0,0.0,0.0
Topstep XFA $50K,2,1047,True,29,0,0.0,0.0
Topstep XFA $50K,2,1048,True,30,0,0.0,0.0
Topstep XFA $50K,2,1049,True,30,0,0.0,0.0
Topstep XFA $50K,2,1050,True,29,0,0.0,0.0
Topstep XFA $50K,2,1051,True,28,0,0.0,0.0
Topstep XFA $50K,2,1052,True,347,12,5641.129028320312,341.3939757773099
Topstep XFA $50K,2,1053,True,346,12,5711.311889648437,346.6403170017838
Topstep XFA $50K,2,1054,True,345,12,5780.594970703124,351.862302564538
Topstep XFA $50K,2,1055,True,344,12,5848.978271484374,357.0597200615461
Topstep XFA $50K,2,1056,True,343,12,5919.161132812501,362.3976203762756
Topstep XFA $50K,2,1057,True,342,12,5987.544433593749,367.6562371504934
Topstep XFA $50K,2,1058,True,341,12,6054.128173828126,372.8348728750459
Topstep XFA $50K,2,1059,True,340,12,6119.812133789063,377.9883964987363
Topstep XFA $50K,2,1060,True,338,12,6110.453100585937,379.643535835221
Topstep XFA $50K,2,1061,True,337,12,6177.036840820312,384.9192096653607
Topstep XFA $50K,2,1062,True,336,12,6241.821020507813,390.1138137817383
Topstep XFA $50K,2,1063,True,335,12,6307.50498046875,395.39583459654847
Topstep XFA $50K,2,1064,True,334,12,6370.489599609375,400.53976524490076
Topstep XFA $50K,2,1065,True,333,12,6374.088720703124,401.96955896326006
Topstep XFA $50K,2,1066,True,332,12,6440.6724609375,407.39193277014306
Topstep XFA $50K,2,1067,True,331,12,6511.755102539063,413.13249895262936
Topstep XFA $50K,2,1068,True,330,12,6583.737524414063,418.96511518998585
Topstep XFA $50K,2,1069,True,329,12,6654.820166015625,424.7757552775931
Topstep XFA $50K,2,1070,True,328,12,6729.501928710936,430.8522576308831
Topstep XFA $50K,2,1071,True,327,12,6804.183691406251,436.9659251361812
Topstep XFA $50K,2,1072,True,326,12,6877.965673828124,443.05913849813066
Topstep XFA $50K,2,1073,True,325,12,6950.847875976562,449.13170890925477
Topstep XFA $50K,2,1074,True,325,12,7098.773071289062,458.68995229867784
Topstep XFA $50K,2,1075,True,324,12,7175.2535156250015,465.0627278645834
Topstep XFA $50K,2,1076,True,323,12,7249.919677734374,471.3570069115228
Topstep XFA $50K,2,1077,True,322,12,7232.808471679688,471.7049003269362
Topstep XFA $50K,2,1078,True,321,12,7303.876391601562,477.8236891701956
Topstep XFA $50K,2,1079,True,320,12,7375.857934570314,484.04067695617687
Topstep XFA $50K,2,1080,True,319,12,6736.999658203126,443.5015448973845
Topstep XFA $50K,2,1081,True,318,12,6806.268457031249,449.47055848319576
Topstep XFA $50K,2,1082,True,317,12,6872.838354492187,455.2984398874951
Topstep XFA $50K,2,1083,True,315,11,6492.904980468751,432.8603320312501
Topstep XFA $50K,2,1084,True,314,11,6557.673339843751,438.5705099895502
Topstep XFA $50K,2,1085,True,313,11,6624.240820312501,444.4378825129793
Topstep XFA $50K,2,1086,True,312,11,6689.009179687499,450.22177170973555
Topstep XFA $50K,2,1087,True,311,11,6069.962988281251,409.8688834530748
Topstep XFA $50K,2,1088,True,311,11,5598.839355468751,378.056676735832
Topstep XFA $50K,2,1089,True,310,11,5602.43759765625,379.5199662928427
Topstep XFA $50K,2,1090,True,309,11,5666.306396484376,385.0887842270935
Topstep XFA $50K,2,1091,True,308,11,5729.275634765626,390.63242964311087
Topstep XFA $50K,2,1092,True,307,11,5789.54619140625,396.0275896401669
Topstep XFA $50K,2,1093,True,306,11,5793.1444335937485,397.5687356387867
Topstep XFA $50K,2,1094,True,305,11,5851.6158691406235,402.8981418096823
Topstep XFA $50K,2,1095,True,304,11,5910.0873046874985,408.26260986328117
Topstep XFA $50K,2,1096,True,303,11,5966.759619140625,413.5377953859839
Topstep XFA $50K,2,1097,True,302,11,6025.2310546875,418.97302035906455
Topstep XFA $50K,2,1098,True,301,11,6084.602050781251,424.5071198219477
Topstep XFA $50K,2,1099,True,300,11,6145.772167968751,430.2040517578126
Topstep XFA $50K,2,1100,True,299,11,6206.9422851562485,435.9390902618101
Topstep XFA $50K,2,1101,True,298,11,6265.4137207031235,441.5224434052537
Topstep XFA $50K,2,1102,True,297,11,6324.784716796875,447.20700017755684
Topstep XFA $50K,2,1103,True,296,11,6383.25615234375,452.8661459433066
Topstep XFA $50K,2,1104,True,294,10,5690.496972656249,406.46406947544637
Topstep XFA $50K,2,1105,True,293,10,5749.83896484375,412.1044991867534
Topstep XFA $50K,2,1106,True,292,10,5808.2818359375,417.7188991598887
Topstep XFA $50K,2,1107,True,291,10,5864.92646484375,423.2421160196521
Topstep XFA $50K,2,1108,True,290,10,5920.67197265625,428.7383152613146
Topstep XFA $50K,2,1109,True,289,10,5974.61923828125,434.14188236645754
Topstep XFA $50K,2,1110,True,288,10,6029.465625000001,439.6485351562501
Topstep XFA $50K,2,1111,True,287,10,6081.614648437499,444.99619378810974
Topstep XFA $50K,2,1112,True,286,10,6133.763671875,450.38124863417835
Topstep XFA $50K,2,1113,True,285,10,5377.3013671875,396.22220600328944
Topstep XFA $50K,2,1114,True,284,10,5431.2486328125,401.6064129896567
Topstep XFA $50K,2,1115,True,283,10,5484.296777343751,406.9619516756847
Topstep XFA $50K,2,1116,True,282,10,5534.64755859375,412.1546054271941
Topstep XFA $50K,2,1117,True,281,10,5584.99833984375,417.3842175683941
Topstep XFA $50K,2,1118,True,280,10,5635.34912109375,422.65118408203125
Topstep XFA $50K,2,1119,True,280,10,4751.453320312501,356.35899902343755
Topstep XFA $50K,2,1120,True,279,10,4809.896191406251,362.035197202621
Topstep XFA $50K,2,1121,True,278,10,4865.641699218751,367.548473681992
Topstep XFA $50K,2,1122,True,277,10,4922.286328125001,373.16972162680514
Topstep XFA $50K,2,1123,True,276,10,4978.93095703125,378.83170325237774
Topstep XFA $50K,2,1124,True,275,10,5036.474707031251,384.6035230823864
Topstep XFA $50K,2,1125,True,274,10,5093.061328125001,390.3441163891424
Topstep XFA $50K,2,1126,True,273,10,5149.647070312501,396.1266977163462
Topstep XFA $50K,2,1127,True,272,10,5203.532812500001,401.74334214154413
Topstep XFA $50K,2,1128,True,271,10,5261.01416015625,407.68006407114854
Topstep XFA $50K,2,1129,True,270,10,5264.55,409.465
Topstep XFA $50K,2,1130,True,268,9,5236.853906249999,410.35049265391785
Topstep XFA $50K,2,1131,True,267,9,5240.3255859375,412.16043934339893
Topstep XFA $50K,2,1132,True,266,9,5298.5953125000015,418.31015625000015
Topstep XFA $50K,2,1133,True,265,9,4490.1703125,355.82481721698116
Topstep XFA $50K,2,1134,True,264,9,4552.0400390625,362.09409401633525
Topstep XFA $50K,2,1135,True,263,9,4533.06796875,361.9559975047528
Topstep XFA $50K,2,1136,True,262,9,4590.446484375,367.9365502743321
Topstep XFA $50K,2,1137,True,262,9,4277.7966796875,342.8768331047233
Topstep XFA $50K,2,1138,True,260,8,3459.4066406250004,279.41361328125004
Topstep XFA $50K,2,1139,True,259,8,3518.5746093750004,285.2898331925676
Topstep XFA $50K,2,1140,True,258,8,3578.6390624999995,291.2845748546511
Topstep XFA $50K,2,1141,True,257,8,3641.3929687499995,297.54572896400776
Topstep XFA $50K,2,1142,True,256,8,3705.0433593749995,303.92933807373043
Topstep XFA $50K,2,1143,True,255,8,3766.9007812500004,310.2153584558824
Topstep XFA $50K,2,1144,True,254,8,3548.1585937499995,293.35169475885823
Topstep XFA $50K,2,1145,True,253,8,3610.0160156249995,299.64559813488137
Topstep XFA $50K,2,1146,True,252,8,3669.1839843749995,305.76533203124995
Topstep XFA $50K,2,1147,True,251,8,3672.7699218749995,307.2835392803784
Topstep XFA $50K,2,1148,True,250,8,3728.3519531250004,313.1815640625
Topstep XFA $50K,2,1149,True,249,8,3783.9339843750004,319.1269625376506
Topstep XFA $50K,2,1150,True,248,8,3839.5160156249995,325.1203077746975
Topstep XFA $50K,2,1151,True,247,8,3894.2015625000004,331.0859628036437
Topstep XFA $50K,2,1152,True,246,8,3948.8871093750004,337.1001190929879
Topstep XFA $50K,2,1153,True,245,8,4004.4691406250004,343.2402120535715
Topstep XFA $50K,2,1154,True,244,8,4008.0550781250004,344.9555600025615
Topstep XFA $50K,2,1155,True,243,8,4066.3265625000004,351.41093750000005
Topstep XFA $50K,2,1156,True,242,8,4122.805078125,357.76407702737606
Topstep XFA $50K,2,1157,True,241,8,4181.973046875,364.40429039159756
Topstep XFA $50K,2,1158,True,240,8,4240.24453125,371.02139648437503
Topstep XFA $50K,2,1159,True,239,8,4301.296875,377.9382191422594
Topstep XFA $50K,2,1160,True,238,8,4361.44921875,384.83375459558823
Topstep XFA $50K,2,1161,True,237,8,4421.63671875,391.79059533227843
Topstep XFA $50K,2,1162,True,236,8,4480.034765625,398.64716134798726
Topstep XFA $50K,2,1163,True,235,8,4537.578515625,405.485739694149
Topstep XFA $50K,2,1164,True,234,8,4248.861328125,381.30806790865387
Topstep XFA $50K,2,1165,True,233,8,4314.055078125,388.82041476663096
Topstep XFA $50K,2,1166,True,232,8,4376.794921875,396.1754024110991
Topstep XFA $50K,2,1167,True,232,8,3888.8578125000004,352.00868130387937
Topstep XFA $50K,2,1168,True,231,8,3952.2621093750004,359.29655539772733
Topstep XFA $50K,2,1169,True,229,7,3931.3335937500005,360.51530772379914
Topstep XFA $50K,2,1170,True,228,7,3995.0789062500003,367.96779399671055
Topstep XFA $50K,2,1171,True,227,7,3998.0953125,369.8678482929515
Topstep XFA $50K,2,1172,True,226,7,3379.61953125,314.03544316924774
Topstep XFA $50K,2,1173,True,225,7,3442.46484375,321.29671875
Topstep XFA $50K,2,1174,True,224,7,3507.9960937500005,328.87463378906256
Topstep XFA $50K,2,1175,True,223,7,3571.76953125,336.354978279148
Topstep XFA $50K,2,1176,True,222,7,3636.44296875,343.9878483952703
Topstep XFA $50K,2,1177,True,221,7,3699.365625,351.5234304298642
Topstep XFA $50K,2,1178,True,220,7,3010.8164062500005,287.39611150568186
Topstep XFA $50K,2,1179,True,219,7,3074.2171875,294.78794948630133
Topstep XFA $50K,2,1180,True,218,7,3077.7890625000005,296.48426748853217
Topstep XFA $50K,2,1181,True,218,7,2728.80703125,262.86673236811924
Topstep XFA $50K,2,1182,True,217,7,2791.31484375,270.12724294354837
Topstep XFA $50K,2,1183,True,215,6,1306.8703125000002,127.64779796511631
Topstep XFA $50K,2,1184,True,214,6,1375.9734375,135.0254307827103
Topstep XFA $50K,2,1185,True,213,6,1445.9625,142.55968309859156
Topstep XFA $50K,2,1186,True,212,6,1514.1796875,149.98949734669813
Topstep XFA $50K,2,1187,True,211,6,1584.16875,157.66608412322276
Topstep XFA $50K,2,1188,True,210,6,1653.271875,165.32718749999998
Topstep XFA $50K,2,1189,True,209,6,1708.1437500000002,171.6316686602871
Topstep XFA $50K,2,1190,True,208,6,1772.8171875,178.98635066105768
Topstep XFA $50K,2,1191,True,207,6,1833.0609375000004,185.96270380434785
Topstep XFA $50K,2,1192,True,206,6,1893.3046875,193.00678853155338
Topstep XFA $50K,2,1193,True,205,6,1955.3203125,200.30110518292682
Topstep XFA $50K,2,1194,True,204,6,2014.6781250000004,207.39333639705887
Topstep XFA $50K,2,1195,True,203,6,2074.0359375,214.55544181034483
Topstep XFA $50K,2,1196,True,202,6,2133.39375,221.78845915841586
Topstep XFA $50K,2,1197,True,201,6,2191.8656250000004,229.0008861940299
Topstep XFA $50K,2,1198,True,200,6,1511.521875,158.709796875
Topstep XFA $50K,2,1199,True,199,6,1571.765625,165.8647141959799
Topstep XFA $50K,2,1200,True,198,6,1630.2375000000002,172.90397727272727
Topstep XFA $50K,2,1201,True,197,6,1687.8234375000002,179.92026491116752
Topstep XFA $50K,2,1202,True,196,6,1746.2953125,187.10306919642855
Topstep XFA $50K,2,1203,True,195,6,1806.5390625,194.55036057692305
Topstep XFA $50K,2,1204,True,194,6,1864.828125,201.8628382731959
Topstep XFA $50K,2,1205,True,194,6,1618.846875,175.2360019329897
Topstep XFA $50K,2,1206,True,193,6,1679.0906250000003,182.69897992227985
Topstep XFA $50K,2,1207,True,192,6,1739.3343750000001,190.239697265625
Topstep XFA $50K,2,1208,True,191,6,1801.3500000000001,198.05418848167542
Topstep XFA $50K,2,1209,True,190,6,1804.89375,199.48825657894736
Topstep XFA $50K,2,1210,True,189,6,1866.9093750000004,207.43437500000005
Topstep XFA $50K,2,1211,True,188,6,1930.6968750000003,215.6629488031915
Topstep XFA $50K,2,1212,True,187,6,1933.1015625000002,217.08627172459896
Topstep XFA $50K,2,1213,True,186,6,2001.0375,225.9235887096774
Topstep XFA $50K,2,1214,True,184,5,1699.2843750000002,193.9400645380435
Topstep XFA $50K,2,1215,True,183,5,1766.41875,202.70379098360658
Topstep XFA $50K,2,1216,True,182,5,1831.809375,211.3626201923077
Topstep XFA $50K,2,1217,True,181,5,1176.6375,136.51595303867404
Topstep XFA $50K,2,1218,True,180,5,1242.9,145.00500000000002
Topstep XFA $50K,2,1219,True,179,5,1309.1625,153.58889664804468
Topstep XFA $50K,2,1220,True,178,5,1376.296875,162.37210323033707
Topstep XFA $50K,2,1221,True,177,5,1444.303125,171.3579978813559
Topstep XFA $50K,2,1222,True,176,5,1513.18125,180.55003551136363
Topstep XFA $50K,2,1223,True,175,5,1580.315625,189.63787499999998
Topstep XFA $50K,2,1224,True,174,5,1650.065625,199.14585129310342
Topstep XFA $50K,2,1225,True,173,4,954.16875,115.82395231213874
Topstep XFA $50K,2,1226,True,172,4,1022.5125,124.84164244186049
Topstep XFA $50K,2,1227,True,172,5,1180.6593750000002,144.1502725290698
Topstep XFA $50K,2,1228,True,171,5,1251.28125,153.66611842105263
Topstep XFA $50K,2,1229,True,170,5,1321.903125,163.2939154411765
Topstep XFA $50K,2,1230,True,168,4,545.79375,68.22421875
Topstep XFA $50K,2,1231,True,167,4,613.29375,77.12077095808384
Topstep XFA $50K,2,1232,True,166,4,616.6687499999999,78.01231174698793
Topstep XFA $50K,2,1233,True,165,4,683.325,86.96863636363638
Topstep XFA $50K,2,1234,True,164,4,748.29375,95.81810213414634
Topstep XFA $50K,2,1235,True,163,4,812.41875,104.66744631901841
Topstep XFA $50K,2,1236,True,162,4,874.0125,113.29791666666667
Topstep XFA $50K,2,1237,True,161,4,935.60625,122.03559782608696
Topstep XFA $50K,2,1238,True,160,4,998.8875,131.103984375
Topstep XFA $50K,2,1239,True,160,4,939.6,123.3225
Topstep XFA $50K,2,1240,True,159,4,1003.7249999999999,132.56745283018867
Topstep XFA $50K,2,1241,True,157,4,992.8125,132.796576433121
Topstep XFA $50K,2,1242,True,156,4,1052.7187500000002,141.71213942307696
Topstep XFA $50K,2,1243,True,155,4,1110.9375,150.5141129032258
Topstep XFA $50K,2,1244,True,154,4,1095.75,149.42045454545456
Topstep XFA $50K,2,1245,True,153,4,1153.125,158.27205882352942
Topstep XFA $50K,2,1246,True,152,4,1210.5000000000002,167.2401315789474
Topstep XFA $50K,2,1247,True,151,4,1176.7500000000002,163.6539735099338
Topstep XFA $50K,2,1248,True,150,4,1180.125,165.2175
Topstep XFA $50K,2,1249,True,149,4,1230.75,173.46140939597316
Topstep XFA $50K,2,1250,True,148,4,1279.6875,181.57728040540542
Topstep XFA $50K,2,1251,True,147,4,1283.0625,183.29464285714286
Topstep XFA $50K,2,1252,True,146,4,1332.8437500000002,191.7104023972603
Topstep XFA $50K,2,1253,True,145,4,1382.625,200.24224137931034
Topstep XFA $50K,2,1254,True,145,4,1110.0375000000001,160.76405172413794
Topstep XFA $50K,2,1255,True,143,3,517.95,76.06258741258742
Topstep XFA $50K,2,1256,True,142,3,566.7750000000001,83.81883802816903
Topstep XFA $50K,2,1257,True,141,3,616.3875,91.80239361702128
Topstep XFA $50K,2,1258,True,140,3,666.0,99.89999999999999
Topstep XFA $50K,2,1259,True,139,3,714.825,107.9951438848921
Topstep XFA $50K,2,1260,True,138,3,763.6500000000001,116.2076086956522
Topstep XFA $50K,2,1261,True,137,3,813.2625,124.66067518248175
Topstep XFA $50K,2,1262,True,136,3,863.6624999999999,133.3596507352941
Topstep XFA $50K,2,1263,True,135,3,906.1875000000001,140.9625
Topstep XFA $50K,2,1264,True,134,3,947.9250000000001,148.5554104477612
Topstep XFA $50K,2,1265,True,133,3,943.9875000000001,149.05065789473687
Topstep XFA $50K,2,1266,True,132,3,985.5,156.7840909090909
Topstep XFA $50K,2,1267,True,132,4,1050.6375,167.14687500000002
Topstep XFA $50K,2,1268,True,130,3,938.8125000000001,151.65432692307692
Topstep XFA $50K,2,1269,True,129,3,986.0625000000001,160.5218023255814
Topstep XFA $50K,2,1270,True,128,3,1031.7375,169.26943359375
Topstep XFA $50K,2,1271,True,127,3,1075.05,177.76417322834646
Topstep XFA $50K,2,1272,True,127,3,787.725,130.2537401574803
Topstep XFA $50K,2,1273,True,126,3,834.975,139.1625
Topstep XFA $50K,2,1274,True,125,3,883.0125,148.3461
Topstep XFA $50K,2,1275,True,124,3,930.2625,157.5444556451613
Topstep XFA $50K,2,1276,True,122,2,29.700000000000003,5.112295081967214
Topstep XFA $50K,2,1277,True,121,2,72.22500000000001,12.534917355371903
Topstep XFA $50K,2,1278,True,120,2,114.75,20.08125
Topstep XFA $50K,2,1279,True,119,2,157.275,27.754411764705882
Topstep XFA $50K,2,1280,True,118,2,201.15,35.797881355932205
Topstep XFA $50K,2,1281,True,117,2,241.65,43.37307692307692
Topstep XFA $50K,2,1282,True,116,2,282.15,51.078879310344824
Topstep XFA $50K,2,1283,True,115,2,324.0,59.165217391304346
Topstep XFA $50K,2,1284,True,114,2,366.525,67.51776315789473
Topstep XFA $50K,2,1285,True,113,2,411.07500000000005,76.39446902654868
Topstep XFA $50K,2,1286,True,112,2,454.95000000000005,85.30312500000001
Topstep XFA $50K,2,1287,True,111,2,497.475,94.1168918918919
Topstep XFA $50K,2,1288,True,110,2,541.35,103.34863636363637
Topstep XFA $50K,2,1289,True,110,3,609.4125,116.34238636363636
Topstep XFA $50K,2,1290,True,109,3,659.0250000000001,126.96811926605506
Topstep XFA $50K,2,1291,True,108,3,700.9875,136.303125
Topstep XFA $50K,2,1292,True,107,3,743.2875,145.87885514018694
Topstep XFA $50K,2,1293,True,106,3,787.6125,156.0364386792453
Topstep XFA $50K,2,1294,True,104,2,366.3,73.96442307692308
Topstep XFA $50K,2,1295,True,103,2,396.0,80.7378640776699
Topstep XFA $50K,2,1296,True,93,1,301.95,68.18225806451612
Topstep XFA $50K,2,1297,True,92,1,332.55,75.90815217391304
Topstep XFA $50K,2,1298,True,91,1,363.15000000000003,83.80384615384617
Topstep XFA $50K,2,1299,True,99,2,404.32500000000005,85.7659090909091
Topstep XFA $50K,2,1300,True,99,2,448.875,95.2159090909091
Topstep XFA $50K,2,1301,True,98,2,492.75,105.58928571428571
Topstep XFA $50K,2,1302,True,97,2,540.0,116.90721649484537
Topstep XFA $50K,2,1303,True,96,2,541.8,118.51875
Topstep XFA $50K,2,1304,True,94,1,10.8,2.4127659574468088
Topstep XFA $50K,2,1305,True,93,1,21.150000000000002,4.775806451612904
Topstep XFA $50K,2,1306,True,92,1,50.4,11.504347826086954
Topstep XFA $50K,2,1307,True,91,1,81.0,18.692307692307693
Topstep XFA $50K,2,1308,True,81,0,0.0,0.0
Topstep XFA $50K,2,1309,True,80,0,0.0,0.0
Topstep XFA $50K,2,1310,True,79,0,0.0,0.0
Topstep XFA $50K,2,1311,True,78,0,0.0,0.0
Topstep XFA $50K,2,1312,True,77,0,0.0,0.0
Topstep XFA $50K,2,1313,True,85,1,8.1,2.001176470588235
Topstep XFA $50K,2,1314,True,84,1,18.45,4.6125
Topstep XFA $50K,2,1315,True,83,1,49.95,12.637951807228916
Topstep XFA $50K,2,1316,True,73,0,0.0,0.0
Topstep XFA $50K,2,1317,True,72,0,0.0,0.0
Topstep XFA $50K,2,1318,True,72,0,0.0,0.0
Topstep XFA $50K,2,1319,True,73,0,0.0,0.0
Topstep XFA $50K,2,1320,True,75,0,0.0,0.0
Topstep XFA $50K,2,1321,True,74,0,0.0,0.0
Topstep XFA $50K,2,1322,True,73,0,0.0,0.0
Topstep XFA $50K,2,1323,True,74,0,0.0,0.0
Topstep XFA $50K,2,1324,True,74,0,0.0,0.0
Topstep XFA $50K,2,1325,True,74,1,24.75,7.023648648648649
Topstep XFA $50K,2,1326,True,73,1,60.75,17.476027397260275
Topstep XFA $50K,2,1327,True,72,1,95.85000000000001,27.956250000000004
Topstep XFA $50K,2,1328,True,70,1,27.900000000000002,8.370000000000001
Topstep XFA $50K,2,1329,True,69,1,63.45,19.31086956521739
Topstep XFA $50K,2,1330,True,68,1,97.2,30.01764705882353
Topstep XFA $50K,2,1331,True,67,1,130.5,40.90298507462686
Topstep XFA $50K,2,1332,True,66,1,107.55,34.220454545454544
Topstep XFA $50K,2,1333,True,65,1,139.95000000000002,45.214615384615385
Topstep XFA $50K,2,1334,True,64,1,171.0,56.109375
Topstep XFA $50K,2,1335,True,63,1,201.6,67.2
Topstep XFA $50K,2,1336,True,62,1,233.1,78.95322580645161
Topstep XFA $50K,2,1337,True,61,1,264.6,91.09180327868853
Topstep XFA $50K,2,1338,True,60,1,299.25,104.7375
Topstep XFA $50K,2,1339,True,59,1,334.35,119.00593220338985
Topstep XFA $50K,2,1340,True,58,1,368.55,133.44051724137933
Topstep XFA $50K,2,1341,True,57,1,402.75,148.3815789473684
Topstep XFA $50K,2,1342,True,56,1,436.95,163.85625000000002
Topstep XFA $50K,2,1343,True,55,1,472.05,180.23727272727274
Topstep XFA $50K,2,1344,True,54,1,508.5,197.74999999999997
Topstep XFA $50K,2,1345,True,53,1,547.65,216.9933962264151
Topstep XFA $50K,2,1346,True,53,1,201.15,79.70094339622642
Topstep XFA $50K,2,1347,True,52,1,239.4,96.68076923076923
Topstep XFA $50K,2,1348,True,53,1,239.4,94.85660377358491
Topstep XFA $50K,2,1349,True,54,1,242.1,94.14999999999999
Topstep XFA $50K,2,1350,True,48,0,0.0,0.0
Topstep XFA $50K,2,1351,True,47,0,0.0,0.0
Topstep XFA $50K,2,1352,True,46,0,0.0,0.0
Topstep XFA $50K,2,1353,True,51,1,31.95,13.155882352941177
Topstep XFA $50K,2,1354,True,50,1,72.45,30.429000000000002
Topstep XFA $50K,2,1355,True,49,1,112.5,48.21428571428571
Topstep XFA $50K,2,1356,True,49,1,121.5,52.07142857142857
Topstep XFA $50K,2,1357,True,49,1,92.7,39.72857142857143
Topstep XFA $50K,2,1358,True,187,7,4328.514950105042,486.08991418291913
Topstep XFA $50K,2,1359,True,39,0,0.0,0.0
Topstep XFA $50K,2,1360,True,38,0,0.0,0.0
Topstep XFA $50K,2,1361,True,37,0,0.0,0.0
Topstep XFA $50K,2,1362,True,37,0,0.0,0.0
Topstep XFA $50K,2,1363,True,38,0,0.0,0.0
Topstep XFA $50K,2,1364,True,39,0,0.0,0.0
Topstep XFA $50K,2,1365,True,38,0,0.0,0.0
Topstep XFA $50K,2,1366,True,37,0,0.0,0.0
Topstep XFA $50K,2,1367,True,36,0,0.0,0.0
Topstep XFA $50K,2,1368,True,35,0,0.0,0.0
Topstep XFA $50K,2,1369,True,34,0,0.0,0.0
Topstep XFA $50K,2,1370,True,34,0,0.0,0.0
Topstep XFA $50K,2,1371,True,34,0,0.0,0.0
Topstep XFA $50K,2,1372,True,34,0,0.0,0.0
Topstep XFA $50K,2,1373,True,172,6,4185.147762605042,510.9773431087552
Topstep XFA $50K,2,1374,True,171,6,4247.163387605042,521.5814686532508
Topstep XFA $50K,2,1375,True,170,6,4306.521200105042,531.9820306012111
Topstep XFA $50K,2,1376,True,169,6,4364.9930751050415,542.3955892142359
Topstep XFA $50K,2,1377,True,168,6,4422.5790126050415,552.8223765756302
Topstep XFA $50K,2,1378,True,167,6,4481.050887605043,563.4854409563227
Topstep XFA $50K,2,1379,True,166,6,4543.066512605043,574.7252817150958
Topstep XFA $50K,2,1380,True,165,6,4606.854012605042,586.3268743315508
Topstep XFA $50K,2,1381,True,164,6,4670.6415126050415,598.0699497847919
Topstep XFA $50K,2,1382,True,163,6,4737.972762605043,610.4136688018766
Topstep XFA $50K,2,1383,True,162,6,4801.760262605042,622.4504044117647
Topstep XFA $50K,2,1384,True,161,6,4863.775887605042,634.4055505571794
Topstep XFA $50K,2,1385,True,160,6,4925.791512605042,646.5101360294118
Topstep XFA $50K,2,1386,True,159,6,4987.807137605042,658.7669804384018
Topstep XFA $50K,2,1387,True,158,6,5053.366512605042,671.6499795234549
Topstep XFA $50K,2,1388,True,157,6,5116.268075105042,684.3415896637317
Topstep XFA $50K,2,1389,True,156,6,5177.397762605042,696.9573911199094
Topstep XFA $50K,2,1390,True,155,6,5242.071200105042,710.2160980787477
Topstep XFA $50K,2,1391,True,154,6,5213.965887605042,710.9953483097785
Topstep XFA $50K,2,1392,True,153,6,5272.437762605042,723.667928200692
Topstep XFA $50K,2,1393,True,152,6,5275.981512605042,728.9184984520123
Topstep XFA $50K,2,1394,True,151,6,5336.225262605041,742.1240431437475
Topstep XFA $50K,2,1395,True,150,6,5396.469012605042,755.5056617647058
Topstep XFA $50K,2,1396,True,149,6,5400.012762605042,761.075624259771
Topstep XFA $50K,2,1397,True,148,6,5459.370575105042,774.6404194405803
Topstep XFA $50K,2,1398,True,147,6,5517.842450105041,788.263207157863
Topstep XFA $50K,2,1399,True,146,6,5578.972137605042,802.4548965048348
Topstep XFA $50K,2,1400,True,145,6,5640.987762605042,816.9706414807301
Topstep XFA $50K,2,1401,True,144,6,5704.775262605042,831.9463924632354
Topstep XFA $50K,2,1402,True,143,6,5677.745128676471,833.794739176265
Topstep XFA $50K,2,1403,True,142,6,5735.752941176471,848.2451532725767
Topstep XFA $50K,2,1404,True,141,6,5794.562316176471,863.0199194305382
Topstep XFA $50K,2,1405,True,140,6,5851.627941176471,877.7441911764706
Topstep XFA $50K,2,1406,True,139,6,5927.12950367647,895.4656084691071
Topstep XFA $50K,2,1407,True,138,6,4405.398253676471,670.3866907768543
Topstep XFA $50K,2,1408,True,137,6,4467.624816176471,684.818402479605
Topstep XFA $50K,2,1409,True,136,6,4531.482628676471,699.7142294279845
Topstep XFA $50K,2,1410,True,135,6,4597.042003676471,715.0954227941177
Topstep XFA $50K,2,1411,True,134,6,4661.518566176471,730.536491714223
Topstep XFA $50K,2,1412,True,133,6,3867.5481617647056,610.6654992260062
Topstep XFA $50K,2,1413,True,132,6,3944.624724264706,627.5539334057487
Topstep XFA $50K,2,1414,True,131,6,4021.701286764706,644.7002062752582
Topstep XFA $50K,2,1415,True,130,6,4099.663786764706,662.253380938914
Topstep XFA $50K,2,1416,True,129,5,2818.8248161764704,458.8784584473324
Topstep XFA $50K,2,1417,True,128,5,2902.5248161764703,476.1954776539522
Topstep XFA $50K,2,1418,True,127,5,2991.456066176471,494.6502156669755
Topstep XFA $50K,2,1419,True,126,5,3078.643566176471,513.1072610294118
Topstep XFA $50K,2,1420,True,125,4,2030.6779411764705,341.15389411764704
Topstep XFA $50K,2,1421,True,124,4,2057.6216911764704,348.4681896347248
Topstep XFA $50K,2,1422,True,123,4,2151.2779411764704,367.29135581061695
Topstep XFA $50K,2,1423,True,122,4,2253.3716911764704,387.8754550385728
Topstep XFA $50K,2,1424,True,121,4,2359.6841911764704,409.53196706368493
Topstep XFA $50K,2,1425,True,120,4,2477.8091911764704,433.61660845588233
Topstep XFA $50K,2,1426,True,119,4,2596.7779411764704,458.2549307958477
Topstep XFA $50K,2,1427,True,118,5,2673.951286764706,475.87268662761716
Topstep XFA $50K,2,1428,True,117,5,2802.9887867647058,503.10055147058824
Topstep XFA $50K,2,1429,True,116,5,2926.795036764706,529.8508256211968
Topstep XFA $50K,2,1430,True,115,5,3046.241911764706,556.2702621483376
Topstep XFA $50K,2,1431,True,114,5,3111.690441176471,573.2061339009288
Topstep XFA $50K,2,1432,True,113,4,2331.8404411764704,433.3508784487246
Topstep XFA $50K,2,1433,True,112,4,2447.4341911764704,458.8939108455882
Topstep XFA $50K,2,1434,True,111,4,2557.1216911764704,483.7797794117647
Topstep XFA $50K,2,1435,True,110,5,2619.8950367647058,500.1617797459893
Topstep XFA $50K,2,1436,True,109,5,2727.1356617647057,525.4114577711819
Topstep XFA $50K,2,1437,True,108,5,2830.888786764706,550.4505974264705
Topstep XFA $50K,2,1438,True,107,5,2938.1294117647058,576.6422210005497
Topstep XFA $50K,2,1439,True,106,5,3043.6262867647056,602.9825662458379
Topstep XFA $50K,2,1440,True,105,5,3146.507536764706,629.3015073529411
Topstep XFA $50K,2,1441,True,104,5,3247.6450367647058,655.7744785774886
Topstep XFA $50K,2,1442,True,103,5,3347.910661764706,682.5837271559109
Topstep XFA $50K,2,1443,True,102,5,3449.0481617647056,710.098150951557
Topstep XFA $50K,2,1444,True,101,5,3548.441911764706,737.7948529411766
Topstep XFA $50K,2,1445,True,100,4,2186.7154411764704,459.2102426470588
Topstep XFA $50K,2,1446,True,99,4,2284.5904411764704,484.61009358288766
Topstep XFA $50K,2,1447,True,98,4,2380.7779411764704,510.1667016806722
Topstep XFA $50K,2,1448,True,97,4,2476.1216911764704,536.0675826258339
Topstep XFA $50K,2,1449,True,96,4,2573.9966911764704,563.061776194853
Topstep XFA $50K,2,1450,True,95,4,2670.1841911764704,590.2512422600619
Topstep XFA $50K,2,1451,True,94,4,2759.0591911764704,616.3855639862328
Topstep XFA $50K,2,1452,True,93,4,2855.584191176471,644.8093334914612
Topstep XFA $50K,2,1453,True,92,4,2956.6091911764706,674.8781849424552
Topstep XFA $50K,2,1454,True,91,4,3048.2966911764706,703.4530825791855
Topstep XFA $50K,2,1455,True,90,4,3220.365441176471,751.4186029411766
Topstep XFA $50K,2,1456,True,89,4,3308.6216911764704,780.6860170191671
Topstep XFA $50K,2,1457,True,88,4,3306.652941176471,789.0876336898397
Topstep XFA $50K,2,1458,True,87,4,3396.8216911764707,819.9224771805274
Topstep XFA $50K,2,1459,True,86,4,3395.1341911764703,829.0443955198358
Topstep XFA $50K,2,1460,True,85,4,3478.7216911764704,859.4488884083045
Topstep XFA $50K,2,1461,True,84,4,3109.9466911764707,777.4866727941177
Topstep XFA $50K,2,1462,True,83,4,2578.045036764706,652.276455085046
Topstep XFA $50K,2,1463,True,82,4,2660.732536764706,681.4071130738881
Topstep XFA $50K,2,1464,True,81,3,2047.496691176471,530.8324754901962
Topstep XFA $50K,2,1465,True,80,3,2126.2466911764704,558.1397564338235
Topstep XFA $50K,2,1466,True,79,3,2204.2091911764705,585.9290255026061
Topstep XFA $50K,2,1467,True,78,3,2207.3591911764706,594.2890130090498
Topstep XFA $50K,2,1468,True,77,3,2282.1716911764706,622.4104612299466
Topstep XFA $50K,2,1469,True,76,3,1818.8966911764705,502.5898751934984
Topstep XFA $50K,2,1470,True,75,3,1894.4966911764704,530.4590735294117
Topstep XFA $50K,2,1471,True,74,3,1969.3091911764704,558.8580137122416
Topstep XFA $50K,2,1472,True,73,3,2041.7591911764707,587.3553837630943
Topstep XFA $50K,2,1473,True,72,3,2112.6341911764707,616.1849724264706
Topstep XFA $50K,2,1474,True,71,3,2182.721691176471,645.5937396437449
Topstep XFA $50K,2,1475,True,70,3,2254.3841911764707,676.3152573529412
Topstep XFA $50K,2,1476,True,69,3,2325.2591911764707,707.6875799232737
Topstep XFA $50K,2,1477,True,68,3,2394.5591911764704,739.4962208044982
Topstep XFA $50K,2,1478,True,67,3,2344.438786764706,734.8240973441616
Topstep XFA $50K,2,1479,True,66,3,1947.7637867647059,619.7430230614973
Topstep XFA $50K,2,1480,True,65,3,2368.6262867647056,765.2484926470587
Topstep XFA $50K,2,1481,True,64,3,2409.2387867647058,790.5314769071691
Topstep XFA $50K,2,1482,True,63,3,2339.4887867647058,779.8295955882353
Topstep XFA $50K,2,1483,True,63,3,2767.5512867647058,922.5170955882353
Topstep XFA $50K,2,1484,True,63,3,2760.463786764706,920.1545955882353
Topstep XFA $50K,2,1485,True,62,3,2871.388786764706,972.5671697106261
Topstep XFA $50K,2,1486,True,59,2,2492.659191176471,887.2176782153541
Topstep XFA $50K,2,1487,True,58,2,2385.5591911764704,863.7369485294117
Topstep XFA $50K,2,1488,True,57,2,2389.8341911764705,880.4652283281733
Topstep XFA $50K,2,1489,True,56,2,1983.7091911764705,743.8909466911765
Topstep XFA $50K,2,1490,True,55,2,1985.7341911764706,758.1894184491979
Topstep XFA $50K,2,1491,True,54,2,1523.5841911764705,592.5049632352941
Topstep XFA $50K,2,1492,True,53,2,1545.126286764706,612.219849472808
Topstep XFA $50K,2,1493,True,52,2,1351.626286764706,545.8490773472851
Topstep XFA $50K,2,1494,True,51,2,1778.0012867647058,732.1181769031142
Topstep XFA $50K,2,1495,True,50,2,1819.401286764706,764.1485404411765
Topstep XFA $50K,2,1496,True,49,2,1814.226286764706,777.5255514705882
Topstep XFA $50K,2,1497,True,49,2,1416.2012867647059,606.9434086134453
Topstep XFA $50K,2,1498,True,49,2,1414.6262867647058,606.2684086134453
Topstep XFA $50K,2,1499,True,48,2,704.976286764706,308.42712545955885
Topstep XFA $50K,2,1500,True,45,1,581.7341911764705,271.47595588235293
Topstep XFA $50K,2,1501,True,44,1,547.5341911764706,261.32313669786095
Topstep XFA $50K,2,1502,True,43,1,553.8341911764705,270.47716313269495
Topstep XFA $50K,2,1503,True,42,1,558.7841911764706,279.3920955882353
Topstep XFA $50K,2,1504,True,41,1,562.8341911764705,288.28092718794835
Topstep XFA $50K,2,1505,True,40,1,403.08419117647054,211.61920036764704
Topstep XFA $50K,2,1506,True,39,1,362.7,195.29999999999998
Topstep XFA $50K,2,1507,True,38,1,358.2,197.95263157894735
Topstep XFA $50K,2,1508,True,37,1,447.75,254.1283783783784
Topstep XFA $50K,2,1509,True,36,1,483.75,282.1875
Topstep XFA $50K,2,1510,True,35,1,475.2,285.12
Topstep XFA $50K,2,1511,True,35,1,357.3,214.38
Topstep XFA $50K,2,1512,True,35,1,345.6,207.36
Topstep XFA $50K,2,1513,True,34,1,332.55,205.3985294117647
Topstep XFA $50K,2,1514,True,31,0,0.0,0.0
Topstep XFA $50K,2,1515,True,30,0,0.0,0.0
Topstep XFA $50K,2,1516,True,29,0,0.0,0.0
Topstep XFA $50K,2,1517,True,28,0,0.0,0.0
Topstep XFA $50K,2,1518,True,27,0,0.0,0.0
Topstep XFA $50K,2,1519,True,26,0,0.0,0.0
Topstep XFA $50K,2,1520,True,25,0,0.0,0.0
Topstep XFA $50K,2,1521,True,24,0,0.0,0.0
Topstep XFA $50K,2,1522,True,23,0,0.0,0.0
Topstep XFA $50K,2,1523,True,22,0,0.0,0.0
Topstep XFA $50K,2,1524,True,21,0,0.0,0.0
Topstep XFA $50K,2,1525,True,20,0,0.0,0.0
Topstep XFA $50K,2,1526,True,20,0,0.0,0.0
Topstep XFA $50K,2,1527,True,20,0,0.0,0.0
Topstep XFA $50K,2,1528,True,19,0,0.0,0.0
Topstep XFA $50K,2,1529,True,19,0,0.0,0.0
Topstep XFA $50K,2,1530,True,19,0,0.0,0.0
Topstep XFA $50K,2,1531,True,40,0,0.0,0.0
Topstep XFA $50K,2,1532,True,40,0,0.0,0.0
Topstep XFA $50K,2,1533,True,40,0,0.0,0.0
Topstep XFA $50K,2,1534,True,40,0,0.0,0.0
Topstep XFA $50K,2,1535,True,39,0,0.0,0.0
Topstep XFA $50K,2,1536,True,39,0,0.0,0.0
Topstep XFA $50K,2,1537,True,39,0,0.0,0.0
Topstep XFA $50K,2,1538,True,40,0,0.0,0.0
Topstep XFA $50K,2,1539,True,39,0,0.0,0.0
Topstep XFA $50K,2,1540,True,38,0,0.0,0.0
Topstep XFA $50K,2,1541,True,37,0,0.0,0.0
Topstep XFA $50K,2,1542,True,36,0,0.0,0.0
Topstep XFA $50K,2,1543,True,35,0,0.0,0.0
Topstep XFA $50K,2,1544,True,34,0,0.0,0.0
Topstep XFA $50K,2,1545,True,33,0,0.0,0.0
Topstep XFA $50K,2,1546,True,32,0,0.0,0.0
Topstep XFA $50K,2,1547,True,31,0,0.0,0.0
Topstep XFA $50K,2,1548,True,30,0,0.0,0.0
Topstep XFA $50K,2,1549,True,29,0,0.0,0.0
Topstep XFA $50K,2,1550,True,28,0,0.0,0.0
Topstep XFA $50K,2,1551,True,27,0,0.0,0.0
Topstep XFA $50K,2,1552,True,26,0,0.0,0.0
Topstep XFA $50K,2,1553,True,25,0,0.0,0.0
Topstep XFA $50K,2,1554,True,24,0,0.0,0.0
Topstep XFA $50K,2,1555,True,23,0,0.0,0.0
Topstep XFA $50K,2,1556,True,22,0,0.0,0.0
Topstep XFA $50K,2,1557,True,21,0,0.0,0.0
Topstep XFA $50K,2,1558,True,21,0,0.0,0.0
Topstep XFA $50K,2,1559,True,20,0,0.0,0.0
Topstep XFA $50K,2,1560,True,19,0,0.0,0.0
Topstep XFA $50K,2,1561,True,41,1,233.1,119.39268292682927
Topstep XFA $50K,2,1562,True,40,1,273.15000000000003,143.40375000000003
Topstep XFA $50K,2,1563,True,39,1,313.2,168.64615384615382
Topstep XFA $50K,2,1564,True,38,1,355.95,196.7092105263158
Topstep XFA $50K,2,1565,True,37,1,399.15000000000003,226.54459459459463
Topstep XFA $50K,2,1566,True,36,1,443.7,258.825
Topstep XFA $50K,2,1567,True,35,1,488.25,292.95
Topstep XFA $50K,2,1568,True,34,1,537.75,332.1397058823529
Topstep XFA $50K,2,1569,True,33,1,539.5500000000001,343.35
Topstep XFA $50K,2,1570,True,32,1,594.9,390.403125
Topstep XFA $50K,2,1571,True,31,1,652.0500000000001,441.7112903225807
Topstep XFA $50K,2,1572,True,30,1,710.5500000000001,497.38500000000005
Topstep XFA $50K,2,1573,True,29,1,771.75,558.8534482758621
Topstep XFA $50K,2,1574,True,28,1,832.95,624.7125000000001
Topstep XFA $50K,2,1575,True,27,1,840.6,653.8
Topstep XFA $50K,2,1576,True,26,1,846.9,684.0346153846153
Topstep XFA $50K,2,1577,True,26,1,1438.2,1161.623076923077
Topstep XFA $50K,2,1578,True,25,1,1442.7,1211.868
Topstep XFA $50K,2,1579,True,24,1,1441.3500000000001,1261.18125
Topstep XFA $50K,2,1580,True,24,1,1193.8500000000001,1044.61875
Topstep XFA $50K,2,1581,True,24,1,1172.25,1025.71875
Topstep XFA $50K,2,1582,True,188,6,2787.975,311.4227393617021
Topstep XFA $50K,2,1583,True,19,0,0.0,0.0
Topstep XFA $50K,2,1584,True,18,0,0.0,0.0
Topstep XFA $50K,2,1585,True,17,0,0.0,0.0
Topstep XFA $50K,2,1586,True,16,0,0.0,0.0
Topstep XFA $50K,2,1587,True,15,0,0.0,0.0
Topstep XFA $50K,2,1588,True,14,0,0.0,0.0
Topstep XFA $50K,2,1589,True,13,0,0.0,0.0
Topstep XFA $50K,2,1590,True,12,0,0.0,0.0
Topstep XFA $50K,2,1591,True,11,0,0.0,0.0
Topstep XFA $50K,2,1592,True,11,0,0.0,0.0
Topstep XFA $50K,2,1593,True,10,0,0.0,0.0
Topstep XFA $50K,2,1594,True,9,0,0.0,0.0
Topstep XFA $50K,2,1595,True,9,0,0.0,0.0
Topstep XFA $50K,2,1596,True,9,0,0.0,0.0
Topstep XFA $50K,2,1597,False,354,14,11995.604107852145,711.6036335166526
Topstep XFA $50K,2,1598,True,172,5,1076.85,131.47587209302324
Topstep XFA $50K,2,1599,True,171,5,1293.075,158.79868421052632
Topstep XFA $50K,2,1600,True,170,5,1511.775,186.74867647058826
Topstep XFA $50K,2,1601,True,169,5,1713.178125,212.88012204142012
Topstep XFA $50K,2,1602,True,168,6,1917.2671875,239.6583984375
Topstep XFA $50K,2,1603,True,167,6,2114.83125,265.9368637724551
Topstep XFA $50K,2,1604,True,166,6,2311.509375,292.41986069277107
Topstep XFA $50K,2,1605,True,165,6,2506.415625,318.9983522727273
Topstep XFA $50K,2,1606,False,345,14,12116.196747012302,737.5076280790097
Topstep XFA $50K,2,1607,True,163,5,1162.29375,149.7433665644172
Topstep XFA $50K,2,1608,True,162,5,1344.515625,174.2890625
Topstep XFA $50K,2,1609,False,342,14,11878.551098818942,729.3847165941456
Topstep XFA $50K,2,1610,False,341,14,12052.300372500582,742.2237766056077
Topstep XFA $50K,2,1611,True,159,4,1078.9875000000002,142.50778301886794
Topstep XFA $50K,2,1612,True,158,4,1239.3,164.71708860759495
Topstep XFA $50K,2,1613,True,157,6,1397.6578125,186.94786027070066
Topstep XFA $50K,2,1614,True,156,6,1554.4687499999998,209.2554086538461
Topstep XFA $50K,2,1615,True,155,6,1705.078125,231.01058467741933
Topstep XFA $50K,2,1616,True,154,6,1853.0296875,252.68586647727273
Topstep XFA $50K,2,1617,True,153,6,1997.4375,274.15808823529414
Topstep XFA $50K,2,1618,True,152,6,2135.7000000000003,295.0638157894737
Topstep XFA $50K,2,1619,True,151,4,1332.16875,185.26850165562914
Topstep XFA $50K,2,1620,True,150,4,1468.0125,205.52175
Topstep XFA $50K,2,1621,True,149,5,1594.18125,224.6832634228188
Topstep XFA $50K,2,1622,True,148,5,1720.9406250000002,244.1875211148649
Topstep XFA $50K,2,1623,False,328,13,11905.609601016207,762.2493951870133
Topstep XFA $50K,2,1624,False,327,13,12031.594220156832,772.6711884504388
Topstep XFA $50K,2,1625,True,145,4,893.19375,129.3590948275862
Topstep XFA $50K,2,1626,True,144,4,1007.9437499999999,146.991796875
Topstep XFA $50K,2,1627,True,143,4,1118.475,164.25157342657343
Topstep XFA $50K,2,1628,True,142,5,1228.95,181.74612676056339
Topstep XFA $50K,2,1629,True,141,5,1340.5500000000002,199.65638297872343
Topstep XFA $50K,2,1630,True,140,5,1447.5375,217.13062499999998
Topstep XFA $50K,2,1631,False,320,13,11910.109051699801,781.6009065177994
Topstep XFA $50K,2,1632,False,319,13,12019.89564837949,791.2783969152642
Topstep XFA $50K,2,1633,True,137,3,975.0375,149.45830291970805
Topstep XFA $50K,2,1634,True,136,2,585.9,90.46985294117647
Topstep XFA $50K,2,1635,True,135,2,664.2,103.32000000000001
Topstep XFA $50K,2,1636,False,315,13,11830.918719668553,788.7279146445702
Topstep XFA $50K,2,1637,False,314,13,11933.506195254487,798.1007328036441
Topstep XFA $50K,2,1638,False,313,13,12033.394000430271,807.3523131279096
Topstep XFA $50K,2,1639,True,131,3,975.825,156.42996183206108
Topstep XFA $50K,2,1640,True,130,4,1060.81875,171.36302884615384
Topstep XFA $50K,2,1641,True,129,4,1147.7250000000001,186.8389534883721
Topstep XFA $50K,2,1642,True,128,4,1232.1000000000001,202.14140625000005
Topstep XFA $50K,2,1643,False,308,13,12034.293890566987,820.5200379932037
Topstep XFA $50K,2,1644,True,126,3,972.675,162.11249999999998
Topstep XFA $50K,2,1645,True,125,4,1052.38125,176.80004999999997
Topstep XFA $50K,2,1646,True,124,3,956.1375,161.9265120967742
Topstep XFA $50K,2,1647,True,123,3,1032.525,176.284756097561
Topstep XFA $50K,2,1648,True,122,4,1116.50625,192.18550204918031
Topstep XFA $50K,2,1649,True,121,4,1200.88125,208.41740702479336
Topstep XFA $50K,2,1650,True,120,4,1092.375,191.165625
Topstep XFA $50K,2,1651,True,119,4,1175.0625,207.36397058823528
Topstep XFA $50K,2,1652,True,118,4,1256.0625,223.5365466101695
Topstep XFA $50K,2,1653,True,117,4,1336.21875,239.8341346153846
Topstep XFA $50K,2,1654,True,116,5,1409.0343750000002,255.0838092672414
Topstep XFA $50K,2,1655,True,115,3,1018.3500000000001,185.95956521739132
Topstep XFA $50K,2,1656,True,114,4,1092.8812500000001,201.32023026315792
Topstep XFA $50K,2,1657,True,113,4,1167.975,217.0573008849557
Topstep XFA $50K,2,1658,True,112,4,1242.2250000000001,232.91718750000004
Topstep XFA $50K,2,1659,True,111,4,1119.375,211.77364864864865
Topstep XFA $50K,2,1660,True,110,4,1188.5625,226.90738636363636
Topstep XFA $50K,2,1661,True,109,4,1191.9375,229.6393348623853
Topstep XFA $50K,2,1662,True,108,4,1259.4375,244.89062499999997
Topstep XFA $50K,2,1663,True,107,4,1325.25,260.0957943925234
Topstep XFA $50K,2,1664,True,106,4,1390.21875,275.420695754717
Topstep XFA $50K,2,1665,True,105,4,1449.6750000000002,289.93500000000006
Topstep XFA $50K,2,1666,False,285,15,12921.608609194918,952.1185290985729
Topstep XFA $50K,2,1667,False,284,15,12849.608471865817,950.1471053140217
Topstep XFA $50K,2,1668,True,102,4,1321.25625,272.0233455882353
Topstep XFA $50K,2,1669,True,101,4,1378.0125,286.5174504950495
Topstep XFA $50K,2,1670,True,100,4,1434.88125,301.3250625
Topstep XFA $50K,2,1671,True,99,4,1490.85,316.24090909090904
Topstep XFA $50K,2,1672,True,98,4,1354.1062500000003,290.16562500000003
Topstep XFA $50K,2,1673,True,97,4,1411.48125,305.57841494845366
Topstep XFA $50K,2,1674,True,96,4,1467.1687499999998,320.9431640625
Topstep XFA $50K,2,1675,True,95,4,1523.7,336.8178947368421
Topstep XFA $50K,2,1676,True,94,4,1580.23125,353.0303856382979
Topstep XFA $50K,2,1677,True,93,4,1640.98125,370.54415322580644
Topstep XFA $50K,2,1678,True,92,3,1087.3125,248.1908967391304
Topstep XFA $50K,2,1679,True,91,3,1152.675,266.0019230769231
Topstep XFA $50K,2,1680,True,90,3,1218.825,284.39250000000004
Topstep XFA $50K,2,1681,True,89,3,1285.7625,303.3821629213483
Topstep XFA $50K,2,1682,True,88,3,1038.0375000000001,247.71349431818183
Topstep XFA $50K,2,1683,True,87,3,1105.7625,266.9081896551724
Topstep XFA $50K,2,1684,True,86,3,1171.9125000000001,286.16468023255817
Topstep XFA $50K,2,1685,True,85,3,1060.5375000000001,262.0151470588236
Topstep XFA $50K,2,1686,True,84,3,1063.6875,265.921875
Topstep XFA $50K,2,1687,True,83,3,1127.4750000000001,285.2647590361446
Topstep XFA $50K,2,1688,True,82,3,1190.4750000000001,304.8777439024391
Topstep XFA $50K,2,1689,True,81,3,1251.1125,324.36249999999995
Topstep XFA $50K,2,1690,False,261,14,12720.011438174412,1023.4491961749526
Topstep XFA $50K,2,1691,False,260,14,12794.70687884824,1033.4186325223577
Topstep XFA $50K,2,1692,False,259,14,12869.402319522065,1043.4650529342214
Topstep XFA $50K,2,1693,False,258,14,12947.697540469333,1053.8823579451782
Topstep XFA $50K,2,1694,False,257,14,13023.29292621152,1064.1601223752605
Topstep XFA $50K,2,1695,False,256,14,13097.088421816989,1074.370534602175
Topstep XFA $50K,2,1696,False,255,14,13169.080017275974,1084.5124720109625
Topstep XFA $50K,2,1697,True,73,3,1191.2625,342.6919520547945
Topstep XFA $50K,2,1698,True,72,3,1256.625,366.515625
Topstep XFA $50K,2,1699,True,71,3,1259.775,372.60950704225354
Topstep XFA $50K,2,1700,True,70,3,1325.1375,397.54125
Topstep XFA $50K,2,1701,True,69,3,1569.6,477.704347826087
Topstep XFA $50K,2,1702,True,68,3,1635.3000000000002,505.01911764705886
Topstep XFA $50K,2,1703,True,67,3,1695.0375,531.2804104477611
Topstep XFA $50K,2,1704,True,66,3,1752.525,557.621590909091
Topstep XFA $50K,2,1705,True,65,3,1808.4375,584.2644230769231
Topstep XFA $50K,2,1706,True,64,3,1863.6750000000002,611.518359375
Topstep XFA $50K,2,1707,True,63,3,1925.4375,641.8125
Topstep XFA $50K,2,1708,True,62,3,1571.9625,532.4389112903226
Topstep XFA $50K,2,1709,False,242,13,12699.312701602144,1102.0064741059712
Topstep XFA $50K,2,1710,False,241,13,12765.004681582614,1112.3033125030493
Topstep XFA $50K,2,1711,False,240,13,12832.49644183652,1122.8434386606955
Topstep XFA $50K,2,1712,False,239,13,12901.710748477144,1133.6231201590795
Topstep XFA $50K,2,1713,False,238,13,12970.068670840425,1144.4178238976845
Topstep XFA $50K,2,1714,True,56,2,1029.825,386.18437500000005
Topstep XFA $50K,2,1715,True,55,2,892.35,340.7154545454546
Topstep XFA $50K,2,1716,True,54,2,895.05,348.07499999999993
Topstep XFA $50K,2,1717,True,53,2,947.7,375.5037735849057
Topstep XFA $50K,2,1718,True,52,2,999.675,403.7149038461538
Topstep XFA $50K,2,1719,True,51,2,1051.65,433.03235294117655
Topstep XFA $50K,2,1720,True,50,2,1102.95,463.23900000000003
Topstep XFA $50K,2,1721,True,49,2,1105.65,473.85
Topstep XFA $50K,2,1722,True,48,2,1156.95,506.16562500000003
Topstep XFA $50K,2,1723,False,228,12,12455.343707461521,1147.2027098977717
Topstep XFA $50K,2,1724,False,227,12,12524.669635195894,1158.6698781458756
Topstep XFA $50K,2,1725,False,226,12,11785.024322695896,1095.0686317549282
Topstep XFA $50K,2,1726,False,225,12,11744.452032656833,1096.1488563813045
Topstep XFA $50K,2,1727,False,224,12,11813.70984515683,1107.535297983453
Topstep XFA $50K,2,1728,True,39,1,660.15,355.4653846153846
Topstep XFA $50K,2,1729,True,39,1,778.95,419.43461538461537
Topstep XFA $50K,2,1730,True,39,1,777.6,418.7076923076923
Topstep XFA $50K,2,1731,True,39,1,775.35,417.49615384615385
Topstep XFA $50K,2,1732,True,38,1,774.45,427.9855263157895
Topstep XFA $50K,2,1733,True,37,1,568.8000000000001,322.8324324324325
Topstep XFA $50K,2,1734,True,36,1,564.75,329.4375
Topstep XFA $50K,2,1735,True,35,1,556.65,333.98999999999995
Topstep XFA $50K,2,1736,True,34,1,253.8,156.75882352941176
Topstep XFA $50K,2,1737,False,214,11,11281.130450625584,1107.0268199212023
Topstep XFA $50K,2,1738,False,213,11,10880.771075625584,1072.7520778785788
Topstep XFA $50K,2,1739,False,212,11,10979.720977969333,1087.6138704592265
Topstep XFA $50K,2,1740,False,211,11,11078.61463031308,1102.6109347704962
Topstep XFA $50K,2,1741,False,210,11,11174.865851016206,1117.4865851016207
Topstep XFA $50K,2,1742,True,25,0,0.0,0.0
Topstep XFA $50K,2,1743,True,24,0,0.0,0.0
Topstep XFA $50K,2,1744,True,24,0,0.0,0.0
Topstep XFA $50K,2,1745,True,24,0,0.0,0.0
Topstep XFA $50K,2,1746,True,24,0,0.0,0.0
Topstep XFA $50K,2,1747,True,23,0,0.0,0.0
Topstep XFA $50K,2,1748,True,22,0,0.0,0.0
Topstep XFA $50K,2,1749,True,21,0,0.0,0.0
Topstep XFA $50K,2,1750,True,20,0,0.0,0.0
Topstep XFA $50K,2,1751,True,19,0,0.0,0.0
Topstep XFA $50K,2,1752,False,199,10,10791.714581484955,1138.8241518149953
Topstep XFA $50K,2,1753,False,198,10,10795.311065859956,1144.957234257874
Topstep XFA $50K,2,1754,False,197,10,10913.995050234957,1163.4207921570257
Topstep XFA $50K,2,1755,False,196,10,10917.591534609955,1169.7419501367808
Topstep XFA $50K,2,1756,False,195,10,11039.872003359957,1188.9092926695337
Topstep XFA $50K,2,1757,False,194,10,11176.538409609955,1209.8314773289128
Topstep XFA $50K,2,1758,False,193,10,11316.801300234956,1231.3617995074305
Topstep XFA $50K,2,1759,False,192,10,11320.397784609955,1238.168507691714
Topstep XFA $50K,2,1760,False,191,10,11465.156280703706,1260.5669209150672
Topstep XFA $50K,2,1761,False,190,10,11504.089307341506,1271.504607653535
Topstep XFA $50K,2,1762,False,189,10,11634.461865935256,1292.7179851039173
Topstep XFA $50K,2,1763,False,188,10,11760.338819060256,1313.654868086518
Topstep XFA $50K,2,1764,False,187,10,11882.619287810257,1334.4117916792268
Topstep XFA $50K,2,1765,False,186,10,11997.706787810257,1354.5797986237387
Topstep XFA $50K,2,1766,False,185,10,12110.096924529007,1374.6596508924817
Topstep XFA $50K,2,1767,False,184,10,12218.890576872756,1394.5472940996078
Topstep XFA $50K,2,1768,False,183,10,12325.885987029007,1414.445932937755
Topstep XFA $50K,2,1769,False,182,10,12429.199658904008,1434.1384221812318
Topstep XFA $50K,2,1770,False,181,10,12532.509815154008,1454.0481001007413
Topstep XFA $50K,2,1771,False,180,10,11295.317432341508,1317.787033773176
Topstep XFA $50K,2,1772,False,179,10,11402.312842497759,1337.7015066617482
Topstep XFA $50K,2,1773,False,178,10,11510.207373747759,1357.945813756758
Topstep XFA $50K,2,1774,False,177,10,9773.141642213666,1159.5252795846723
Topstep XFA $50K,2,1775,False,176,10,9881.935294557417,1179.09455219151
Topstep XFA $50K,2,1776,False,175,10,9993.426310182416,1199.2111572218898
Topstep XFA $50K,2,1777,False,174,10,10104.917325807417,1219.5589875974467
Topstep XFA $50K,2,1778,False,173,10,10212.811857057417,1239.7054855387616
Topstep XFA $50K,2,1779,False,172,10,10310.816056276166,1258.878704545346
Topstep XFA $50K,2,1780,False,171,9,10323.347315154007,1267.7794948434746
Topstep XFA $50K,2,1781,False,170,9,10412.558057341508,1286.2571717892451
Topstep XFA $50K,2,1782,False,169,9,9657.083643279006,1199.992642064255
Topstep XFA $50K,2,1783,False,168,9,9748.020557341508,1218.5025696676885
Topstep XFA $50K,2,1784,False,167,9,9838.743018279009,1237.2072058913723
Topstep XFA $50K,2,1785,False,166,9,9929.465479216507,1256.1371991779918
Topstep XFA $50K,2,1786,False,165,9,10016.828760466507,1274.8691149684646
Topstep XFA $50K,2,1787,False,164,9,10102.404346404008,1293.6005565517328
Topstep XFA $50K,2,1788,False,163,9,10187.944776091506,1312.557302441237
Topstep XFA $50K,2,1789,False,162,9,9842.337744841509,1275.858596553529
Topstep XFA $50K,2,1790,False,161,9,9943.023487029008,1296.9161070037835
Topstep XFA $50K,2,1791,False,160,9,10100.454239869918,1325.6846189829268
Topstep XFA $50K,2,1792,False,159,9,10189.176310182418,1345.7402673825836
Topstep XFA $50K,2,1793,False,158,9,9703.909317994916,1289.7600992271723
Topstep XFA $50K,2,1794,False,157,8,9711.644385466509,1299.009758565584
Topstep XFA $50K,2,1795,False,156,8,9801.753369841506,1319.4667997863567
Topstep XFA $50K,2,1796,False,155,8,9804.024463591508,1328.287185389817
Topstep XFA $50K,2,1797,False,154,8,9898.629932341508,1349.8131725920239
Topstep XFA $50K,2,1798,False,153,8,9998.596729216508,1372.3564138140305
Topstep XFA $50K,2,1799,False,152,8,9731.85219796651,1344.5322115611625
Topstep XFA $50K,2,1800,False,151,8,9821.011963591507,1365.836100896832
Topstep XFA $50K,2,1801,False,150,8,9909.282276091508,1387.299518652811
Topstep XFA $50K,2,1802,False,149,8,9532.227979216508,1343.4683729097092
Topstep XFA $50K,2,1803,False,148,8,9624.963135466507,1365.7042286810586
Topstep XFA $50K,2,1804,False,147,8,8855.252197966507,1265.0360282809295
Topstep XFA $50K,2,1805,False,146,8,7386.864591432417,1062.4942220553476
Topstep XFA $50K,2,1806,False,145,8,7490.856778932417,1084.88270591435
Topstep XFA $50K,2,1807,False,144,8,7601.124357057417,1108.4973020708733
Topstep XFA $50K,2,1808,False,143,7,7635.386572966508,1121.2805456803962
Topstep XFA $50K,2,1809,False,142,7,7749.700635466508,1146.0824883436385
Topstep XFA $50K,2,1810,False,141,7,7864.928760466509,1171.3723685801183
Topstep XFA $50K,2,1811,False,140,7,7975.670947966509,1196.3506421949762
Topstep XFA $50K,2,1812,False,139,7,6032.549854216508,911.3924240183214
Topstep XFA $50K,2,1813,False,138,7,6149.500635466507,935.7935749622947
Topstep XFA $50K,2,1814,False,137,7,6266.451416716507,960.5509470879317
Topstep XFA $50K,2,1815,False,136,7,6378.030322966508,984.8429175168873
Topstep XFA $50K,2,1816,False,135,7,6489.560010466506,1009.4871127392342
Topstep XFA $50K,2,1817,False,134,7,6600.224854216509,1034.3635965563185
Topstep XFA $50K,2,1818,False,133,7,5649.424072966508,892.0143273105014
Topstep XFA $50K,2,1819,False,132,7,5758.324072966507,916.0970116083079
Topstep XFA $50K,2,1820,False,131,7,5867.210010466508,940.545116181654
Topstep XFA $50K,2,1821,False,130,7,5363.499357057417,866.4114346015828
Topstep XFA $50K,2,1822,True,105,3,2555.976136363636,511.19522727272727
Topstep XFA $50K,2,1823,True,104,3,2654.413636363636,535.9873688811189
Topstep XFA $50K,2,1824,False,127,6,4916.7477945574165,813.0055408323287
Topstep XFA $50K,2,1825,False,126,6,4958.828760466507,826.4714600777512
Topstep XFA $50K,2,1826,False,125,6,5074.000635466507,852.4321067583733
Topstep XFA $50K,2,1827,False,124,6,5190.058447966508,878.9615113491666
Topstep XFA $50K,2,1828,False,123,6,5306.116260466508,905.9222883723306
Topstep XFA $50K,2,1829,False,122,6,5423.945947966507,933.6300402237431
Topstep XFA $50K,2,1830,False,121,6,5544.799072966507,962.3205002669145
Topstep XFA $50K,2,1831,False,120,6,5665.286572966508,991.425150269139
Topstep XFA $50K,2,1832,False,119,6,5029.703760466507,887.5947812587954
Topstep XFA $50K,2,1833,False,118,6,5147.533447966507,916.0864610787852
Topstep XFA $50K,2,1834,False,117,6,5267.135010466507,945.383207006809
Topstep XFA $50K,2,1835,False,116,6,5385.850635466508,975.0246840068678
Topstep XFA $50K,2,1836,False,115,6,5500.136572966507,1004.3727654982316
Topstep XFA $50K,2,1837,False,114,6,5614.422510466507,1034.2357256122514
Topstep XFA $50K,2,1838,False,113,6,5727.822510466507,1064.4625904406782
Topstep XFA $50K,2,1839,False,112,6,5844.766260466507,1095.8936738374703
Topstep XFA $50K,2,1840,False,111,6,5963.481885466507,1128.2263026558257
Topstep XFA $50K,2,1841,False,110,6,6078.456885466507,1160.4326781345148
Topstep XFA $50K,2,1842,False,109,6,6157.5584479665085,1186.318600066942
Topstep XFA $50K,2,1843,False,108,6,6360.150919557416,1236.6960121361642
Topstep XFA $50K,2,1844,False,107,6,5220.624357057417,1024.6085186748203
Topstep XFA $50K,2,1845,False,106,6,5341.997794557417,1058.3203177896771
Topstep XFA $50K,2,1846,False,105,6,5470.458732057417,1094.0917464114834
Topstep XFA $50K,2,1847,False,104,6,5586.389982057417,1128.021054069286
Topstep XFA $50K,2,1848,True,80,4,4815.088636363636,1263.9607670454545
Topstep XFA $50K,2,1849,True,79,4,4913.413636363637,1306.0972957422327
Topstep XFA $50K,2,1850,False,101,5,5491.642822966507,1141.8267255672936
Topstep XFA $50K,2,1851,False,100,5,5622.424072966507,1180.7090553229666
Topstep XFA $50K,2,1852,False,99,5,5749.717822966508,1219.6371139625926
Topstep XFA $50K,2,1853,False,98,5,5872.652197966507,1258.4254709928227
Topstep XFA $50K,2,1854,False,97,5,4885.295947966508,1057.6413907968729
Topstep XFA $50K,2,1855,False,96,5,5007.358447966508,1095.3596604926736
Topstep XFA $50K,2,1856,False,95,5,5096.205322966507,1126.5295977083858
Topstep XFA $50K,2,1857,False,94,5,5299.683732057417,1183.9718975872952
Topstep XFA $50K,2,1858,False,93,5,5451.418107057417,1230.965379012965
Topstep XFA $50K,2,1859,False,92,5,5554.636857057417,1267.906239110932
Topstep XFA $50K,2,1860,False,91,5,4882.196232057417,1126.660668936327
Topstep XFA $50K,2,1861,False,90,5,4983.952482057417,1162.9222458133972
Topstep XFA $50K,2,1862,True,66,3,4227.838636363636,1345.2213842975207
Topstep XFA $50K,2,1863,True,65,3,4317.726136363637,1394.957674825175
Topstep XFA $50K,2,1864,False,87,4,5290.380322966508,1276.9883538195018
Topstep XFA $50K,2,1865,False,86,4,5389.774072966508,1316.1076224685662
Topstep XFA $50K,2,1866,False,85,4,5385.330322966507,1330.4933739093724
Topstep XFA $50K,2,1867,False,84,4,5040.011572966508,1260.002893241627
Topstep XFA $50K,2,1868,False,83,4,5136.030322966508,1299.4775515939357
Topstep XFA $50K,2,1869,False,82,4,4758.874072966508,1218.7360430767885
Topstep XFA $50K,2,1870,False,81,4,4832.899072966507,1252.9738337320575
Topstep XFA $50K,2,1871,False,80,4,5030.274357057417,1320.447018727572
Topstep XFA $50K,2,1872,True,55,2,1683.4261363636363,642.7627066115703
Topstep XFA $50K,2,1873,True,54,2,1742.6011363636362,677.6782196969696
Topstep XFA $50K,2,1874,True,53,2,1800.6511363636364,713.4655445969125
Topstep XFA $50K,2,1875,True,52,2,1862.5261363636364,752.1740166083916
Topstep XFA $50K,2,1876,True,52,2,2867.8261363636366,1158.16055506993
Topstep XFA $50K,2,1877,True,51,2,2956.9261363636365,1217.557820855615
Topstep XFA $50K,2,1878,False,73,3,3089.0365729665077,888.6269593465296
Topstep XFA $50K,2,1879,False,72,3,3197.7115729665074,932.6658754485647
Topstep XFA $50K,2,1880,False,71,3,3307.174072966508,978.1782469337559
Topstep XFA $50K,2,1881,False,70,3,3416.6365729665076,1024.9909718899523
Topstep XFA $50K,2,1882,False,69,3,3525.311572966508,1072.920913511546
Topstep XFA $50K,2,1883,False,68,3,3631.624072966508,1121.530963710245
Topstep XFA $50K,2,1884,False,67,3,3717.4615729665074,1165.1745228700993
Topstep XFA $50K,2,1885,True,42,1,1498.0261363636364,749.0130681818182
Topstep XFA $50K,2,1886,True,41,1,1556.5261363636364,797.2450942350333
Topstep XFA $50K,2,1887,True,40,1,1615.0261363636364,847.8887215909092
Topstep XFA $50K,2,1888,True,39,1,1671.7261363636362,900.1602272727272
Topstep XFA $50K,2,1889,True,38,1,1727.5261363636364,954.6854964114833
Topstep XFA $50K,2,1890,True,37,1,1782.8761363636363,1011.9026719901719
Topstep XFA $50K,2,1891,True,37,1,517.4761363636364,293.70267199017206
Topstep XFA $50K,2,1892,True,36,1,584.5261363636364,340.9735795454546
Topstep XFA $50K,2,1893,True,35,1,653.8261363636364,392.2956818181818
Topstep XFA $50K,2,1894,True,34,1,733.4761363636364,453.02937834224605
Topstep XFA $50K,2,1895,True,34,1,727.1761363636364,449.13820187165777
Topstep XFA $50K,2,1896,False,55,2,1474.045783492823,562.817480969987
Topstep XFA $50K,2,1897,False,54,2,838.3615729665072,326.0295005980861
Topstep XFA $50K,2,1898,False,53,2,965.9365729665071,382.72958551503115
Topstep XFA $50K,2,1899,False,52,2,1093.5115729665072,441.6104429287817
Topstep XFA $50K,2,1900,False,51,2,1221.0865729665074,502.8003535744443
Topstep XFA $50K,2,1901,False,50,2,1287.2723684210528,540.6543947368422
Topstep XFA $50K,2,1902,False,49,2,1409.4473684210527,604.0488721804511
Topstep XFA $50K,2,1903,False,48,2,1529.5973684210526,669.1988486842106
Topstep XFA $50K,2,1904,False,47,2,1657.1723684210529,740.4387178051512
Topstep XFA $50K,2,1905,True,22,0,0.0,0.0
Topstep XFA $50K,2,1906,True,21,0,0.0,0.0
Topstep XFA $50K,2,1907,True,20,0,0.0,0.0
Topstep XFA $50K,2,1908,True,19,0,0.0,0.0
Topstep XFA $50K,2,1909,True,19,0,0.0,0.0
Topstep XFA $50K,2,1910,True,19,0,0.0,0.0
Topstep XFA $50K,2,1911,False,40,1,437.40000000000003,229.63500000000002
Topstep XFA $50K,2,1912,False,39,1,524.7,282.53076923076924
Topstep XFA $50K,2,1913,False,38,1,608.85,336.46973684210525
Topstep XFA $50K,2,1914,False,37,1,694.35,394.0905405405406
Topstep XFA $50K,2,1915,False,36,1,778.0500000000001,453.86250000000007
Topstep XFA $50K,2,1916,False,35,1,861.75,517.05
Topstep XFA $50K,2,1917,False,34,1,943.65,582.8426470588236
Topstep XFA $50K,2,1918,False,33,1,1025.55,652.6227272727273
Topstep XFA $50K,2,1919,False,32,1,797.4,523.29375
Topstep XFA $50K,2,1920,False,31,1,877.95,594.7403225806452
Topstep XFA $50K,2,1921,False,30,1,958.95,671.265
Topstep XFA $50K,2,1922,False,29,1,1042.2,754.696551724138
Topstep XFA $50K,2,1923,False,28,1,1123.65,842.7375000000001
Topstep XFA $50K,2,1924,False,27,1,1108.3500000000001,862.0500000000001
Topstep XFA $50K,2,1925,False,26,1,1186.65,958.448076923077
Topstep XFA $50K,2,1926,False,25,1,1188.45,998.298
Topstep XFA $50K,2,1927,False,24,1,1192.5,1043.4375
Topstep XFA $50K,2,1928,False,23,1,1200.15,1095.7891304347827
Topstep XFA $50K,2,1929,False,22,1,1210.5,1155.4772727272727
Topstep XFA $50K,2,1930,False,21,1,870.75,870.75
Topstep XFA $50K,2,1931,False,20,1,887.4,931.77
Topstep XFA $50K,2,1932,False,19,1,906.3000000000001,1001.7
Topstep XFA $50K,2,1933,False,18,0,0.0,0.0
Topstep XFA $50K,2,1934,False,17,0,0.0,0.0
Topstep XFA $50K,2,1935,False,16,0,0.0,0.0
Topstep XFA $50K,2,1936,False,15,0,0.0,0.0
Topstep XFA $50K,2,1937,False,14,0,0.0,0.0
Topstep XFA $50K,2,1938,False,13,0,0.0,0.0
Topstep XFA $50K,2,1939,False,12,0,0.0,0.0
Topstep XFA $50K,2,1940,False,11,0,0.0,0.0
Topstep XFA $50K,2,1941,False,10,0,0.0,0.0
Topstep XFA $50K,2,1942,False,9,0,0.0,0.0
Topstep XFA $50K,2,1943,False,8,0,0.0,0.0
Topstep XFA $50K,2,1944,False,7,0,0.0,0.0
Topstep XFA $50K,2,1945,False,6,0,0.0,0.0
Topstep XFA $50K,2,1946,False,5,0,0.0,0.0
Topstep XFA $50K,2,1947,False,4,0,0.0,0.0
Topstep XFA $50K,2,1948,False,3,0,0.0,0.0
Topstep XFA $50K,2,1949,False,2,0,0.0,0.0
Topstep XFA $50K,2,1950,False,1,0,0.0,0.0
Topstep XFA $50K,3,0,True,309,12,5405.673889160155,367.3758953798164
Topstep XFA $50K,3,1,True,308,12,4902.390197753906,334.25387711958456
Topstep XFA $50K,3,2,True,307,12,4991.451965332031,341.43482499013896
Topstep XFA $50K,3,3,True,306,12,4126.758837890626,283.208939855239
Topstep XFA $50K,3,4,True,305,12,4221.219616699219,290.641350657979
Topstep XFA $50K,3,5,True,304,12,4299.024243164062,296.9720694290964
Topstep XFA $50K,3,6,True,303,12,4392.135681152345,304.4054432481823
Topstep XFA $50K,3,7,True,302,12,4483.897448730469,311.79419345476765
Topstep XFA $50K,3,8,True,301,12,4578.900073242188,319.45814464480384
Topstep XFA $50K,3,9,True,300,12,4657.164807128906,326.0015364990234
Topstep XFA $50K,3,10,True,299,12,4205.010717773437,295.33520091385344
Topstep XFA $50K,3,11,True,298,12,4276.528747558594,301.36611979439755
Topstep XFA $50K,3,12,True,297,11,3944.545092773438,278.90722878196027
Topstep XFA $50K,3,13,True,296,11,4017.4094970703127,285.01891702188027
Topstep XFA $50K,3,14,True,295,11,4090.273901367188,291.1720404363083
Topstep XFA $50K,3,15,True,294,10,3528.5295410156255,252.03782435825897
Topstep XFA $50K,3,16,True,293,11,3844.6938720703133,275.5582638685207
Topstep XFA $50K,3,17,True,292,11,3910.8115722656253,281.25699663554155
Topstep XFA $50K,3,18,True,291,11,3976.9292724609377,286.9948959507893
Topstep XFA $50K,3,19,True,290,11,4036.300268554688,292.28381255051187
Topstep XFA $50K,3,20,True,289,11,4101.068627929688,298.0015265969669
Topstep XFA $50K,3,21,True,288,11,4150.528857421875,302.6427291870117
Topstep XFA $50K,3,22,True,287,11,3904.064868164063,285.66328303639483
Topstep XFA $50K,3,23,True,286,11,3970.182568359375,291.51690187254155
Topstep XFA $50K,3,24,True,285,11,4029.5535644531255,296.9144731702303
Topstep XFA $50K,3,25,True,284,11,4088.924560546875,302.3500555333957
Topstep XFA $50K,3,26,True,283,11,4148.295556640625,307.8240519061948
Topstep XFA $50K,3,27,True,282,11,4206.317211914063,313.23638812126
Topstep XFA $50K,3,28,True,281,11,4264.3388671875,318.68724630226865
Topstep XFA $50K,3,29,True,280,11,4322.360522460938,324.17703918457033
Topstep XFA $50K,3,30,True,279,10,3877.8380859375,291.88028603830645
Topstep XFA $50K,3,31,True,278,10,3931.7853515625,297.0053682834982
Topstep XFA $50K,3,32,True,277,10,3985.7326171875,302.16745473262637
Topstep XFA $50K,3,33,True,276,10,4038.3312011718754,307.264330523947
Topstep XFA $50K,3,34,True,275,10,3983.0352539062505,304.15905575284097
Topstep XFA $50K,3,35,True,274,10,3895.330078125,298.5471957687044
Topstep XFA $50K,3,36,True,273,10,3941.1443847656255,303.1649526742789
Topstep XFA $50K,3,37,True,272,10,3986.95869140625,307.81666367474725
Topstep XFA $50K,3,38,True,271,10,4032.7743164062504,312.5028068063884
Topstep XFA $50K,3,39,True,270,10,4075.892578125,317.0138671875
Topstep XFA $50K,3,40,True,269,10,3965.2611328125004,309.5557018180762
Topstep XFA $50K,3,41,True,268,10,4005.68466796875,313.87827622143186
Topstep XFA $50K,3,42,True,267,10,4282.78271484375,336.84807869557585
Topstep XFA $50K,3,43,True,266,10,4323.20361328125,341.3055484169408
Topstep XFA $50K,3,44,True,265,10,4364.96923828125,345.90322265625
Topstep XFA $50K,3,45,True,264,10,4139.734130859375,329.2970331365412
Topstep XFA $50K,3,46,True,263,10,3832.5498046874995,306.02108706630224
Topstep XFA $50K,3,47,True,262,10,3873.0102539062495,310.4321195879055
Topstep XFA $50K,3,48,True,261,9,3325.87001953125,267.5987372036638
Topstep XFA $50K,3,49,True,260,9,3134.6736328125,253.18517803485574
Topstep XFA $50K,3,50,True,259,9,3176.44189453125,257.5493427998311
Topstep XFA $50K,3,51,True,258,9,3218.21015625,261.9473382994186
Topstep XFA $50K,3,52,True,257,9,3258.6310546875,266.2694636125973
Topstep XFA $50K,3,53,True,256,9,3299.051953125,270.62535552978517
Topstep XFA $50K,3,54,True,255,9,3339.4728515625,275.0154113051471
Topstep XFA $50K,3,55,True,254,9,3377.1990234375,279.21724209522637
Topstep XFA $50K,3,56,True,253,9,2944.8905273437504,244.43755365303858
Topstep XFA $50K,3,57,True,252,9,2985.3114257812504,248.77595214843754
Topstep XFA $50K,3,58,True,251,9,3029.7744140625,253.48710237176294
Topstep XFA $50K,3,59,True,250,9,3035.1638671875003,254.95376484375
Topstep XFA $50K,3,60,True,249,9,3079.6268554687504,259.7275661238705
Topstep XFA $50K,3,61,True,248,9,3125.43720703125,264.65395704700103
Topstep XFA $50K,3,62,True,247,9,3168.55283203125,269.39113146824394
Topstep XFA $50K,3,63,True,246,9,3214.3631835937504,274.3968571360519
Topstep XFA $50K,3,64,True,245,9,3258.826171875,279.32795758928575
Topstep XFA $50K,3,65,True,244,9,3300.59443359375,284.06755371093755
Topstep XFA $50K,3,66,True,243,9,3342.3626953125004,288.84615885416673
Topstep XFA $50K,3,67,True,242,9,3292.51025390625,285.7136997191374
Topstep XFA $50K,3,68,True,241,9,3334.278515625,290.53879181794605
Topstep XFA $50K,3,69,True,240,9,3374.6994140625,295.28619873046875
Topstep XFA $50K,3,70,True,239,9,3412.4255859375003,299.83655776019873
Topstep XFA $50K,3,71,True,238,9,3451.49912109375,304.54404009650733
Topstep XFA $50K,3,72,True,237,9,3489.22529296875,309.1718614022943
Topstep XFA $50K,3,73,True,236,9,3524.2567382812504,313.5991165419757
Topstep XFA $50K,3,74,True,235,9,3559.2064453125,318.05674617686174
Topstep XFA $50K,3,75,True,234,9,3594.1482421875,322.55176532451924
Topstep XFA $50K,3,76,True,233,9,3599.5271484375003,324.42090179050433
Topstep XFA $50K,3,77,True,232,9,3363.20859375,304.42836408943964
Topstep XFA $50K,3,78,True,231,8,2971.5134765625,270.13758877840905
Topstep XFA $50K,3,79,True,230,8,3005.131640625,274.38158457880434
Topstep XFA $50K,3,80,True,229,8,3040.09453125,278.78596138100437
Topstep XFA $50K,3,81,True,228,8,3075.0574218750003,283.2289730674342
Topstep XFA $50K,3,82,True,227,8,3108.6755859375003,287.5867282144824
Topstep XFA $50K,3,83,True,226,8,3140.9490234375,291.8580950981747
Topstep XFA $50K,3,84,True,225,8,2941.6025390625,274.5495703125
Topstep XFA $50K,3,85,True,224,8,2977.91015625,279.1790771484375
Topstep XFA $50K,3,86,True,223,8,3015.5625,283.97673766816143
Topstep XFA $50K,3,87,True,222,7,2805.6902343750003,265.4031302787163
Topstep XFA $50K,3,88,True,221,7,2847.2132812499995,270.5496783088235
Topstep XFA $50K,3,89,True,220,8,2893.5193359375003,276.1995729758523
Topstep XFA $50K,3,90,True,219,8,2898.8982421875,277.97654377140407
Topstep XFA $50K,3,91,True,218,8,2947.3083984375003,283.91502920728215
Topstep XFA $50K,3,92,True,217,8,2998.4080078125,290.16851688508063
Topstep XFA $50K,3,93,True,216,8,3056.23125,297.13359375
Topstep XFA $50K,3,94,True,215,8,3112.709765625,304.03211664244185
Topstep XFA $50K,3,95,True,214,8,2902.4103515625,284.8159690785631
Topstep XFA $50K,3,96,True,213,8,2960.23359375,291.8540162852113
Topstep XFA $50K,3,97,True,212,8,3018.0568359375,298.9584601636203
Topstep XFA $50K,3,98,True,211,8,3074.5353515625,305.99640939721564
Topstep XFA $50K,3,99,True,210,8,3131.0138671875,313.10138671875
Topstep XFA $50K,3,100,True,209,8,3187.4923828125,320.27435425388757
Topstep XFA $50K,3,101,True,208,8,3243.9708984375,327.51629263070913
Topstep XFA $50K,3,102,True,207,8,3276.2443359375,332.37261379076085
Topstep XFA $50K,3,103,True,206,8,3327.3439453125,339.195256560983
Topstep XFA $50K,3,104,True,205,8,3378.4435546875,346.0844616996951
Topstep XFA $50K,3,105,True,204,8,3429.5431640625,353.0412080652574
Topstep XFA $50K,3,106,True,203,8,3480.6427734375,360.0664938038793
Topstep XFA $50K,3,107,True,202,8,3530.39765625,367.02153852103964
Topstep XFA $50K,3,108,True,201,8,3584.18671875,374.4672691231344
Topstep XFA $50K,3,109,True,200,8,3640.665234375,382.269849609375
Topstep XFA $50K,3,110,True,199,8,3693.1095703125,389.72513053548994
Topstep XFA $50K,3,111,True,198,7,2918.7421875000005,309.5635653409091
Topstep XFA $50K,3,112,True,197,7,2973.6597656250005,316.98911207170056
Topstep XFA $50K,3,113,True,196,7,3028.57734375,324.4904296875
Topstep XFA $50K,3,114,True,195,7,3083.4949218750003,332.0686838942308
Topstep XFA $50K,3,115,True,194,7,3137.0730468750003,339.5800720844073
Topstep XFA $50K,3,116,True,193,7,3190.6511718750003,347.169298494171
Topstep XFA $50K,3,117,True,192,7,3078.1371093749995,336.6712463378906
Topstep XFA $50K,3,118,True,191,7,3129.036328125,344.0301722022252
Topstep XFA $50K,3,119,True,190,7,3179.9355468750005,351.466560444079
Topstep XFA $50K,3,120,True,189,7,3229.4953125,358.83281250000005
Topstep XFA $50K,3,121,True,188,7,3234.8531250000005,361.33997672872346
Topstep XFA $50K,3,122,True,187,7,3284.412890625,368.83781124665774
Topstep XFA $50K,3,123,True,186,7,2865.2800781250003,323.4993636592742
Topstep XFA $50K,3,124,True,185,7,2913.500390625,330.7216659628378
Topstep XFA $50K,3,125,True,184,7,2961.720703125,338.02247155230975
Topstep XFA $50K,3,126,True,183,7,3008.6015625,345.24935963114757
Topstep XFA $50K,3,127,True,182,7,2820.6667968750003,325.461553485577
Topstep XFA $50K,3,128,True,181,7,3122.307421875,362.2566622064917
Topstep XFA $50K,3,129,True,180,7,3167.8804687499996,369.5860546875
Topstep XFA $50K,3,130,True,179,7,3154.4753906250003,370.0781184532123
Topstep XFA $50K,3,131,True,178,7,3194.9226562500003,376.9290774227528
Topstep XFA $50K,3,132,True,177,7,3238.871484375001,384.272887976695
Topstep XFA $50K,3,133,True,176,7,2892.9972656249997,345.1871737393465
Topstep XFA $50K,3,134,True,175,7,2895.570703125,347.46848437499995
Topstep XFA $50K,3,135,True,174,7,2935.4273437499996,354.275713900862
Topstep XFA $50K,3,136,True,173,7,3381.6761718749995,410.49248329118495
Topstep XFA $50K,3,137,True,172,7,3420.087890625,417.56887036700584
Topstep XFA $50K,3,138,True,171,7,3458.478515625,424.7254317434211
Topstep XFA $50K,3,139,True,170,6,2480.203125,306.3780330882353
Topstep XFA $50K,3,140,True,169,6,2282.61796875,283.638919193787
Topstep XFA $50K,3,141,True,168,6,2287.0265625,285.8783203125
Topstep XFA $50K,3,142,True,167,6,1928.8546874999997,242.55058944610775
Topstep XFA $50K,3,143,True,166,6,1967.73046875,248.9297580948795
Topstep XFA $50K,3,144,True,165,6,2006.5640625,255.3808806818182
Topstep XFA $50K,3,145,True,164,6,2010.8460937500001,257.48639005335366
Topstep XFA $50K,3,146,True,163,6,1911.4734375000003,246.26344900306754
Topstep XFA $50K,3,147,True,162,6,1948.6828124999997,252.60703124999995
Topstep XFA $50K,3,148,True,161,6,1951.2562500000004,254.51168478260874
Topstep XFA $50K,3,149,True,160,6,1995.1312500000004,261.86097656250007
Topstep XFA $50K,3,150,True,159,5,1255.078125,165.7650353773585
Topstep XFA $50K,3,151,True,158,5,1308.6984375000002,173.94093156645573
Topstep XFA $50K,3,152,True,157,5,1364.9343749999998,182.57083996815285
Topstep XFA $50K,3,153,True,156,5,965.25,129.9375
Topstep XFA $50K,3,154,True,155,5,1021.4859375000001,138.39486895161292
Topstep XFA $50K,3,155,True,154,5,1077.7218750000002,146.9620738636364
Topstep XFA $50K,3,156,True,153,2,689.175,94.59264705882353
Topstep XFA $50K,3,157,True,152,2,736.7625,101.78955592105264
Topstep XFA $50K,3,158,True,151,3,787.21875,109.48075331125827
Topstep XFA $50K,3,159,True,150,3,845.1000000000001,118.31400000000001
Topstep XFA $50K,3,160,True,149,4,467.4375,65.88045302013423
Topstep XFA $50K,3,161,True,148,4,522.28125,74.10747466216216
Topstep XFA $50K,3,162,True,147,4,576.9562500000001,82.42232142857144
Topstep XFA $50K,3,163,True,146,5,631.6734375000001,90.85713827054795
Topstep XFA $50K,3,164,True,145,5,691.4953125,100.14759698275861
Topstep XFA $50K,3,165,True,144,5,751.4015625000001,109.57939453125002
Topstep XFA $50K,3,166,True,143,5,811.3078125,119.14310533216783
Topstep XFA $50K,3,167,True,142,5,869.990625,128.66058538732395
Topstep XFA $50K,3,168,True,141,4,615.178125,91.62227393617022
Topstep XFA $50K,3,169,True,140,4,672.13125,100.8196875
Topstep XFA $50K,3,170,True,139,4,729.084375,110.1494379496403
Topstep XFA $50K,3,171,True,138,4,600.75,91.41847826086956
Topstep XFA $50K,3,172,True,137,3,549.6187500000001,84.24812956204381
Topstep XFA $50K,3,173,True,136,4,603.7875,93.23189338235295
Topstep XFA $50K,3,174,True,135,3,457.3125,71.1375
Topstep XFA $50K,3,175,True,134,3,504.5625,79.0732276119403
Topstep XFA $50K,3,176,True,133,3,554.1750000000001,87.5013157894737
Topstep XFA $50K,3,177,True,132,4,601.59375,95.7080965909091
Topstep XFA $50K,3,178,True,131,4,650.953125,104.3512643129771
Topstep XFA $50K,3,179,True,130,4,697.78125,112.7185096153846
Topstep XFA $50K,3,180,True,129,4,744.609375,121.21547965116278
Topstep XFA $50K,3,181,True,128,4,788.90625,129.429931640625
Topstep XFA $50K,3,182,True,127,4,833.203125,137.77374507874015
Topstep XFA $50K,3,183,True,126,4,877.5,146.25
Topstep XFA $50K,3,184,True,125,4,923.0625,155.0745
Topstep XFA $50K,3,185,True,124,4,967.359375,163.82699092741936
Topstep XFA $50K,3,186,True,123,4,972.421875,166.02324695121953
Topstep XFA $50K,3,187,True,122,4,974.109375,167.67456454918033
Topstep XFA $50K,3,188,True,121,4,975.965625,169.38246384297523
Topstep XFA $50K,3,189,True,120,4,1022.2875000000001,178.9003125
Topstep XFA $50K,3,190,True,119,4,1067.259375,188.33988970588237
Topstep XFA $50K,3,191,True,118,3,595.6875,106.01218220338984
Topstep XFA $50K,3,192,True,117,3,645.3,115.82307692307693
Topstep XFA $50K,3,193,True,116,2,482.28749999999997,87.31066810344826
Topstep XFA $50K,3,194,True,115,3,525.65625,95.98940217391304
Topstep XFA $50K,3,195,True,114,3,574.0875000000001,105.7529605263158
Topstep XFA $50K,3,196,True,113,3,622.51875,115.68932522123892
Topstep XFA $50K,3,197,True,112,3,670.95,125.80312500000001
Topstep XFA $50K,3,198,True,111,3,675.675,127.8304054054054
Topstep XFA $50K,3,199,True,110,3,722.925,138.01295454545453
Topstep XFA $50K,3,200,True,109,2,447.8625,86.28543577981651
Topstep XFA $50K,3,201,True,108,2,488.3625,94.959375
Topstep XFA $50K,3,202,True,107,3,529.2,103.86168224299067
Topstep XFA $50K,3,203,True,106,3,571.725,113.26627358490566
Topstep XFA $50K,3,204,True,105,3,615.4312500000001,123.08625000000002
Topstep XFA $50K,3,205,True,104,3,659.1375,133.09507211538462
Topstep XFA $50K,3,206,True,103,3,702.84375,143.29824029126212
Topstep XFA $50K,3,207,True,102,3,744.1875,153.21507352941177
Topstep XFA $50K,3,208,True,101,2,781.3125,162.45111386138615
Topstep XFA $50K,3,209,True,100,2,817.7625,171.73012500000002
Topstep XFA $50K,3,210,True,99,2,853.2,180.9818181818182
Topstep XFA $50K,3,211,True,98,2,466.08750000000003,99.87589285714286
Topstep XFA $50K,3,212,True,97,2,500.51250000000005,108.35837628865981
Topstep XFA $50K,3,213,True,96,2,345.6,75.60000000000001
Topstep XFA $50K,3,214,True,95,2,378.0,83.5578947368421
Topstep XFA $50K,3,215,True,94,2,410.40000000000003,91.68510638297873
Topstep XFA $50K,3,216,True,93,2,442.80000000000007,99.98709677419356
Topstep XFA $50K,3,217,True,92,3,1087.59375,248.25509510869563
Topstep XFA $50K,3,218,True,91,3,1124.2125,259.4336538461539
Topstep XFA $50K,3,219,True,90,3,1158.46875,270.309375
Topstep XFA $50K,3,220,True,89,3,1163.19375,274.46144662921347
Topstep XFA $50K,3,221,True,88,3,1196.2687500000002,285.4732244318182
Topstep XFA $50K,3,222,True,87,3,1228.1625,296.45301724137926
Topstep XFA $50K,3,223,True,86,3,1260.05625,307.6881540697675
Topstep XFA $50K,3,224,True,85,3,1293.13125,319.47948529411764
Topstep XFA $50K,3,225,True,84,3,1297.85625,324.4640625
Topstep XFA $50K,3,226,True,83,3,1329.75,336.4427710843373
Topstep XFA $50K,3,227,True,82,3,1361.6437500000002,348.713643292683
Topstep XFA $50K,3,228,True,81,3,1392.35625,360.98125
Topstep XFA $50K,3,229,True,80,2,574.4250000000001,150.78656250000003
Topstep XFA $50K,3,230,True,79,2,601.7625,159.9621835443038
Topstep XFA $50K,3,231,True,78,2,628.0875000000001,169.10048076923078
Topstep XFA $50K,3,232,True,77,2,652.3875,177.92386363636365
Topstep XFA $50K,3,233,True,76,2,512.6625,141.65674342105262
Topstep XFA $50K,3,234,True,75,2,538.9875000000001,150.9165
Topstep XFA $50K,3,235,True,74,2,566.325,160.71385135135137
Topstep XFA $50K,3,236,True,73,2,593.6625,170.77962328767123
Topstep XFA $50K,3,237,True,72,2,619.9875000000001,180.82968750000003
Topstep XFA $50K,3,238,True,71,2,648.3375,191.76179577464788
Topstep XFA $50K,3,239,True,70,2,675.6750000000001,202.70250000000001
Topstep XFA $50K,3,240,True,69,2,702.0,213.6521739130435
Topstep XFA $50K,3,241,True,68,2,728.325,224.92389705882354
Topstep XFA $50K,3,242,True,67,2,756.6750000000001,237.16679104477612
Topstep XFA $50K,3,243,True,66,2,689.85,219.49772727272727
Topstep XFA $50K,3,244,True,65,2,717.1875,231.70673076923077
Topstep XFA $50K,3,245,True,64,2,743.5125,243.96503906250004
Topstep XFA $50K,3,246,True,63,2,768.825,256.27500000000003
Topstep XFA $50K,3,247,True,62,2,794.1375,268.9820564516129
Topstep XFA $50K,3,248,True,61,2,820.4625000000001,282.45430327868854
Topstep XFA $50K,3,249,True,60,2,844.7625,295.666875
Topstep XFA $50K,3,250,True,59,2,1069.875,380.80296610169495
Topstep XFA $50K,3,251,True,58,2,1093.1625,395.8002155172413
Topstep XFA $50K,3,252,True,57,1,343.575,126.58026315789472
Topstep XFA $50K,3,253,True,56,1,346.27500000000003,129.85312500000003
Topstep XFA $50K,3,254,True,55,1,362.475,138.39954545454546
Topstep XFA $50K,3,255,True,54,1,380.02500000000003,147.7875
Topstep XFA $50K,3,256,True,53,1,398.25,157.79716981132077
Topstep XFA $50K,3,257,True,52,1,417.825,168.73701923076922
Topstep XFA $50K,3,258,True,51,1,436.725,179.8279411764706
Topstep XFA $50K,3,259,True,50,1,455.625,191.3625
Topstep XFA $50K,3,260,True,49,1,475.875,203.94642857142856
Topstep XFA $50K,3,261,True,48,1,495.45,216.759375
Topstep XFA $50K,3,262,True,47,1,498.15000000000003,222.5776595744681
Topstep XFA $50K,3,263,True,46,1,500.85,228.64891304347825
Topstep XFA $50K,3,264,True,45,1,519.75,242.55
Topstep XFA $50K,3,265,True,44,1,510.975,243.87443181818182
Topstep XFA $50K,3,266,True,43,1,503.55,245.9197674418605
Topstep XFA $50K,3,267,True,42,1,816.75,408.375
Topstep XFA $50K,3,268,True,41,1,807.3000000000001,413.4951219512196
Topstep XFA $50K,3,269,True,40,1,798.525,419.22562500000004
Topstep XFA $50K,3,270,True,39,1,789.75,425.25
Topstep XFA $50K,3,271,True,38,1,783.0,432.7105263157895
Topstep XFA $50K,3,272,True,37,1,816.075,463.17770270270273
Topstep XFA $50K,3,273,True,36,1,794.475,463.44375
Topstep XFA $50K,3,274,True,35,1,880.2,528.12
Topstep XFA $50K,3,275,True,34,1,438.75,270.99264705882354
Topstep XFA $50K,3,276,True,33,1,612.225,389.5977272727273
Topstep XFA $50K,3,277,True,32,1,610.2,400.4437500000001
Topstep XFA $50K,3,278,True,31,0,0.0,0.0
Topstep XFA $50K,3,279,True,30,0,0.0,0.0
Topstep XFA $50K,3,280,True,29,0,0.0,0.0
Topstep XFA $50K,3,281,True,28,0,0.0,0.0
Topstep XFA $50K,3,282,True,27,0,0.0,0.0
Topstep XFA $50K,3,283,True,26,0,0.0,0.0
Topstep XFA $50K,3,284,True,25,0,0.0,0.0
Topstep XFA $50K,3,285,True,24,0,0.0,0.0
Topstep XFA $50K,3,286,True,23,0,0.0,0.0
Topstep XFA $50K,3,287,True,22,0,0.0,0.0
Topstep XFA $50K,3,288,True,21,0,0.0,0.0
Topstep XFA $50K,3,289,True,20,0,0.0,0.0
Topstep XFA $50K,3,290,True,19,0,0.0,0.0
Topstep XFA $50K,3,291,True,18,0,0.0,0.0
Topstep XFA $50K,3,292,True,17,0,0.0,0.0
Topstep XFA $50K,3,293,True,17,0,0.0,0.0
Topstep XFA $50K,3,294,True,16,0,0.0,0.0
Topstep XFA $50K,3,295,True,15,0,0.0,0.0
Topstep XFA $50K,3,296,True,15,0,0.0,0.0
Topstep XFA $50K,3,297,True,14,0,0.0,0.0
Topstep XFA $50K,3,298,True,14,0,0.0,0.0
Topstep XFA $50K,3,299,True,14,0,0.0,0.0
Topstep XFA $50K,3,300,True,13,0,0.0,0.0
Topstep XFA $50K,3,301,True,258,10,3340.3456054687504,271.888595793968
Topstep XFA $50K,3,302,True,257,10,3473.8650878906246,283.8566803334752
Topstep XFA $50K,3,303,True,256,10,3606.0358886718755,295.8076314926148
Topstep XFA $50K,3,304,True,255,10,3611.4306152343747,297.41193301930144
Topstep XFA $50K,3,305,True,254,10,3758.4369140625004,310.7369102177658
Topstep XFA $50K,3,306,True,253,10,3763.8316406249996,312.41290297677864
Topstep XFA $50K,3,307,True,252,10,3956.6931152343755,329.7244262695313
Topstep XFA $50K,3,308,True,251,10,4148.205908203125,347.0610520807395
Topstep XFA $50K,3,309,True,250,10,4338.37001953125,364.423081640625
Topstep XFA $50K,3,310,True,249,10,4527.18544921875,381.8108210184488
Topstep XFA $50K,3,311,True,248,10,4714.652197265625,399.22458122007305
Topstep XFA $50K,3,312,True,247,10,4900.770263671876,416.66467828789223
Topstep XFA $50K,3,313,True,246,10,5121.789257812499,437.22591225228655
Topstep XFA $50K,3,314,True,245,10,3517.107275390625,301.466337890625
Topstep XFA $50K,3,315,True,244,10,3709.9687499999995,319.30058913934425
Topstep XFA $50K,3,316,True,243,10,3901.4815429687505,337.1650716145834
Topstep XFA $50K,3,317,True,242,10,4091.645654296876,355.0601600836132
Topstep XFA $50K,3,318,True,241,10,4280.461083984375,372.9862355339082
Topstep XFA $50K,3,319,True,240,10,4467.927832031251,390.9436853027344
Topstep XFA $50K,3,320,True,239,10,4654.0458984375,408.93290320998955
Topstep XFA $50K,3,321,True,238,10,4838.815283203126,426.9542896943934
Topstep XFA $50K,3,322,True,237,10,3668.1688476562504,325.0276194125791
Topstep XFA $50K,3,323,True,236,10,3834.056689453125,341.16606134964246
Topstep XFA $50K,3,324,True,235,10,3998.5958496093754,357.3213312416889
Topstep XFA $50K,3,325,True,234,10,4161.786328125,373.4936448317308
Topstep XFA $50K,3,326,True,233,9,3224.358984375,290.6074621110515
Topstep XFA $50K,3,327,True,232,9,3392.77939453125,307.1050314015356
Topstep XFA $50K,3,328,True,231,9,3539.6419921875,321.7856356534091
Topstep XFA $50K,3,329,True,230,9,3685.1572265625,336.47087720788045
Topstep XFA $50K,3,330,True,229,9,3830.6724609375,351.284374147107
Topstep XFA $50K,3,331,True,228,9,3974.84033203125,366.103714792352
Topstep XFA $50K,3,332,True,227,9,4117.46044921875,380.91043803345264
Topstep XFA $50K,3,333,True,226,9,4258.733203125,395.722996750553
Topstep XFA $50K,3,334,True,225,9,4399.99013671875,410.66574609375004
Topstep XFA $50K,3,335,True,224,9,4539.90234375,425.6158447265625
Topstep XFA $50K,3,336,True,223,9,3353.7585937500003,315.824800308296
Topstep XFA $50K,3,337,True,222,9,3468.43740234375,328.0954299514358
Topstep XFA $50K,3,338,True,221,9,3600.47900390625,342.1269641720871
Topstep XFA $50K,3,339,True,220,9,3718.5222656250003,354.9498526278409
Topstep XFA $50K,3,340,True,219,9,3182.6434570312504,305.18498903039387
Topstep XFA $50K,3,341,True,218,9,3303.9061523437504,318.266188987242
Topstep XFA $50K,3,342,True,217,9,3423.821484375,331.33756300403223
Topstep XFA $50K,3,343,True,216,9,3532.94736328125,343.4809936523437
Topstep XFA $50K,3,344,True,215,9,3640.7258789062503,355.60578352107564
Topstep XFA $50K,3,345,True,214,8,3068.0648437500004,301.0717837324767
Topstep XFA $50K,3,346,True,213,8,3170.2640625000004,312.5612455985916
Topstep XFA $50K,3,347,True,212,8,3272.4632812500004,324.15909861438683
Topstep XFA $50K,3,348,True,211,8,3382.7308593750004,336.6698959567536
Topstep XFA $50K,3,349,True,210,8,3491.6537109375004,349.16537109375
Topstep XFA $50K,3,350,True,209,8,3599.2318359375,361.64530408941386
Topstep XFA $50K,3,351,True,208,8,3706.4724609375,374.2111619215745
Topstep XFA $50K,3,352,True,207,8,3359.3009765625,340.79864979619566
Topstep XFA $50K,3,353,True,206,8,3459.828515625,352.7009651850728
Topstep XFA $50K,3,354,True,205,8,3559.011328125,364.5816482469512
Topstep XFA $50K,3,355,True,204,8,3529.0634765625005,363.28594611672804
Topstep XFA $50K,3,356,True,203,8,2736.6662109375,283.10340113146555
Topstep XFA $50K,3,357,True,202,8,2742.0451171875,285.06409634127476
Topstep XFA $50K,3,358,True,201,8,2747.4240234375,287.04430095615675
Topstep XFA $50K,3,359,True,200,8,2838.8654296875,298.08087011718754
Topstep XFA $50K,3,360,True,199,8,2928.962109375,309.08645375314074
Topstep XFA $50K,3,361,True,198,8,3019.0587890625,320.2032049005682
Topstep XFA $50K,3,362,True,197,8,3107.8107421874997,331.2894699793781
Topstep XFA $50K,3,363,True,196,8,3191.1837890625,341.912548828125
Topstep XFA $50K,3,364,True,195,7,2723.8148437500004,293.33390625000004
Topstep XFA $50K,3,365,True,194,7,2809.5398437500003,304.12544700386604
Topstep XFA $50K,3,366,True,193,7,2284.864453125,248.6121943814767
Topstep XFA $50K,3,367,True,192,7,2367.9105468750004,258.9902160644532
Topstep XFA $50K,3,368,True,191,7,2450.9566406249996,269.47690813154446
Topstep XFA $50K,3,369,True,190,7,2543.3789062500005,281.11030016447376
Topstep XFA $50K,3,370,True,189,7,2641.78125,293.53125
Topstep XFA $50K,3,371,True,188,7,2738.844140625,305.93471783577127
Topstep XFA $50K,3,372,True,187,7,2835.917578125,318.47202748997324
Topstep XFA $50K,3,373,True,186,7,2931.6515625,330.9929183467742
Topstep XFA $50K,3,374,True,185,7,3021.3527343749997,342.9643644425675
Topstep XFA $50K,3,375,True,184,7,3110.3578125000004,354.9864894701087
Topstep XFA $50K,3,376,True,183,7,3197.9812500000003,366.98145491803285
Topstep XFA $50K,3,377,True,182,7,3202.55859375,369.5259915865385
Topstep XFA $50K,3,378,True,181,7,2130.19453125,247.1496417472376
Topstep XFA $50K,3,379,True,180,7,2225.2957031250003,259.61783203125003
Topstep XFA $50K,3,380,True,179,6,1298.59453125,152.34907908519554
Topstep XFA $50K,3,381,True,178,6,1388.2640625000001,163.7839624297753
Topstep XFA $50K,3,382,True,177,6,1495.39921875,177.4202462923729
Topstep XFA $50K,3,383,True,176,6,990.28828125,118.15939719460226
Topstep XFA $50K,3,384,True,175,6,1080.65390625,129.67846875
Topstep XFA $50K,3,385,True,174,6,1171.0195312500002,141.32994342672416
Topstep XFA $50K,3,386,True,173,6,1260.05625,152.95480491329482
Topstep XFA $50K,3,387,True,172,6,1349.09296875,164.71483920784885
Topstep XFA $50K,3,388,True,171,6,1354.40859375,166.33087993421051
Topstep XFA $50K,3,389,True,170,6,1444.078125,178.3861213235294
Topstep XFA $50K,3,390,True,169,6,1542.4171875,191.66130732248521
Topstep XFA $50K,3,391,True,168,6,1640.75625,205.09453125
Topstep XFA $50K,3,392,True,167,6,1737.7664062500003,218.52152413922158
Topstep XFA $50K,3,393,True,166,6,1834.7765625000002,232.11028802710845
Topstep XFA $50K,3,394,True,165,6,986.3015625,125.52928977272728
Topstep XFA $50K,3,395,True,164,6,1088.62734375,139.39740377286586
Topstep XFA $50K,3,396,True,163,6,1182.9796875,152.40842599693252
Topstep XFA $50K,3,397,True,162,6,1188.2953125,154.03828124999998
Topstep XFA $50K,3,398,True,161,6,1287.96328125,167.99521059782606
Topstep XFA $50K,3,399,True,160,6,1387.63125,182.12660156249999
Topstep XFA $50K,3,400,True,159,6,1485.9703125,196.2602299528302
Topstep XFA $50K,3,401,True,158,6,1584.309375,210.5727650316456
Topstep XFA $50K,3,402,True,157,6,1589.625,212.625
Topstep XFA $50K,3,403,True,156,6,1685.3273437500002,226.87098858173078
Topstep XFA $50K,3,404,True,155,6,1781.0296875000001,241.30079637096776
Topstep XFA $50K,3,405,True,154,6,1870.10859375,255.01480823863636
Topstep XFA $50K,3,406,True,153,6,1957.8585937500002,268.7256893382353
Topstep XFA $50K,3,407,True,152,6,2045.6085937500002,282.6169767680921
Topstep XFA $50K,3,408,True,151,6,2132.05078125,296.5103735513245
Topstep XFA $50K,3,409,True,150,6,2219.6742187500004,310.75439062500004
Topstep XFA $50K,3,410,True,149,5,1430.2828125,201.58348364093962
Topstep XFA $50K,3,411,True,148,5,1521.8296875,215.93529349662165
Topstep XFA $50K,3,412,True,147,5,1612.06875,230.2955357142857
Topstep XFA $50K,3,413,True,146,5,1359.0281250000003,195.47664811643838
Topstep XFA $50K,3,414,True,145,5,1445.34375,209.32564655172413
Topstep XFA $50K,3,415,True,144,5,1530.3515625,223.17626953125
Topstep XFA $50K,3,416,True,143,5,704.5734375,103.46882648601398
Topstep XFA $50K,3,417,True,142,5,785.6578125000001,116.18883142605635
Topstep XFA $50K,3,418,True,141,5,866.7421875,129.0892619680851
Topstep XFA $50K,3,419,True,140,5,946.51875,141.9778125
Topstep XFA $50K,3,420,True,139,5,1026.2953125000001,155.05180980215832
Topstep XFA $50K,3,421,True,138,5,1106.071875,168.31528532608698
Topstep XFA $50K,3,422,True,137,5,1184.540625,181.57192062043796
Topstep XFA $50K,3,423,True,136,5,1189.7718750000001,183.7147748161765
Topstep XFA $50K,3,424,True,135,5,1272.1640625,197.8921875
Topstep XFA $50K,3,425,True,134,5,1366.115625,214.0927472014925
Topstep XFA $50K,3,426,True,133,4,1188.3375,187.6322368421053
Topstep XFA $50K,3,427,True,132,4,1290.853125,205.36299715909092
Topstep XFA $50K,3,428,True,131,4,1409.821875,226.00197996183206
Topstep XFA $50K,3,429,True,130,4,1528.790625,246.9584855769231
Topstep XFA $50K,3,430,True,129,4,1657.884375,269.88815406976744
Topstep XFA $50K,3,431,True,128,4,1774.3218749999999,291.0996826171875
Topstep XFA $50K,3,432,True,127,4,1883.165625,311.3895915354331
Topstep XFA $50K,3,433,True,126,4,1880.634375,313.43906250000003
Topstep XFA $50K,3,434,True,125,4,1037.30625,174.26745
Topstep XFA $50K,3,435,True,124,4,1158.80625,196.24944556451612
Topstep XFA $50K,3,436,True,123,4,1156.696875,197.4848323170732
Topstep XFA $50K,3,437,True,122,4,1269.253125,218.4779969262295
Topstep XFA $50K,3,438,True,121,4,674.4937500000001,117.0608987603306
Topstep XFA $50K,3,439,True,120,4,798.5250000000001,139.74187500000002
Topstep XFA $50K,3,440,True,119,4,921.290625,162.58069852941176
Topstep XFA $50K,3,441,True,118,4,1042.790625,185.58138241525427
Topstep XFA $50K,3,442,True,117,4,1164.290625,208.9752403846154
Topstep XFA $50K,3,443,True,116,4,1284.525,232.54331896551727
Topstep XFA $50K,3,444,True,115,4,1289.5875,235.48989130434785
Topstep XFA $50K,3,445,True,112,2,689.85,129.346875
Topstep XFA $50K,3,446,True,111,2,780.975,147.75202702702703
Topstep XFA $50K,3,447,True,112,3,823.8375000000001,154.46953125000002
Topstep XFA $50K,3,448,True,109,2,815.4000000000001,157.0954128440367
Topstep XFA $50K,3,449,True,108,2,369.9,71.925
Topstep XFA $50K,3,450,True,107,2,455.9625,89.48796728971963
Topstep XFA $50K,3,451,True,108,3,498.4875,96.928125
Topstep XFA $50K,3,452,True,107,3,597.7125000000001,117.30806074766357
Topstep XFA $50K,3,453,True,106,3,695.7562500000001,137.8385023584906
Topstep XFA $50K,3,454,True,105,3,800.8875,160.1775
Topstep XFA $50K,3,455,True,104,3,897.75,181.2764423076923
Topstep XFA $50K,3,456,True,103,3,1001.7,204.23009708737862
Topstep XFA $50K,3,457,True,102,3,1105.65,227.6338235294118
Topstep XFA $50K,3,458,True,101,3,1201.33125,249.78174504950496
Topstep XFA $50K,3,459,True,100,3,1278.7875000000001,268.54537500000004
Topstep XFA $50K,3,460,True,99,3,1356.4125000000001,287.72386363636366
Topstep XFA $50K,3,461,True,98,3,1498.1625000000001,321.03482142857143
Topstep XFA $50K,3,462,True,95,2,476.88750000000005,105.41723684210527
Topstep XFA $50K,3,463,True,96,3,512.325,112.07109375000002
Topstep XFA $50K,3,464,True,93,1,167.4,37.8
Topstep XFA $50K,3,465,True,92,1,226.125,51.615489130434774
Topstep XFA $50K,3,466,True,91,1,284.85,65.7346153846154
Topstep XFA $50K,3,467,True,90,1,342.90000000000003,80.01
Topstep XFA $50K,3,468,True,91,2,358.0875,82.63557692307693
Topstep XFA $50K,3,469,True,90,2,459.3375,107.17875
Topstep XFA $50K,3,470,True,89,2,559.575,132.03455056179777
Topstep XFA $50K,3,471,True,88,2,658.8,157.21363636363634
Topstep XFA $50K,3,472,True,85,1,325.35,80.38058823529413
Topstep XFA $50K,3,473,True,84,1,393.52500000000003,98.38125000000001
Topstep XFA $50K,3,474,True,85,2,442.12500000000006,109.2308823529412
Topstep XFA $50K,3,475,True,82,1,295.65000000000003,75.71524390243904
Topstep XFA $50K,3,476,True,81,1,358.425,92.925
Topstep XFA $50K,3,477,True,82,2,375.3,96.11341463414635
Topstep XFA $50K,3,478,True,81,2,461.3625,119.6125
Topstep XFA $50K,3,479,True,80,2,541.35,142.104375
Topstep XFA $50K,3,480,True,79,2,620.325,164.89651898734178
Topstep XFA $50K,3,481,True,78,2,698.2875,188.00048076923076
Topstep XFA $50K,3,482,True,77,2,776.25,211.70454545454547
Topstep XFA $50K,3,483,True,76,2,849.1500000000001,234.63355263157897
Topstep XFA $50K,3,484,True,75,2,752.9625,210.8295
Topstep XFA $50K,3,485,True,74,2,757.0125,214.82787162162165
Topstep XFA $50K,3,486,True,73,2,824.85,237.28561643835616
Topstep XFA $50K,3,487,True,72,2,892.6875,260.3671875
Topstep XFA $50K,3,488,True,71,2,960.5250000000001,284.0989436619719
Topstep XFA $50K,3,489,True,70,2,1027.35,308.205
Topstep XFA $50K,3,490,True,69,2,852.1875,259.36141304347825
Topstep XFA $50K,3,491,True,68,2,912.9375,281.9365808823529
Topstep XFA $50K,3,492,True,67,2,972.675,304.86828358208953
Topstep XFA $50K,3,493,True,66,2,1035.45,329.46136363636367
Topstep XFA $50K,3,494,True,65,2,1102.275,356.11961538461543
Topstep XFA $50K,3,495,True,64,2,1026.0,336.65625
Topstep XFA $50K,3,496,True,63,2,1069.875,356.625
Topstep XFA $50K,3,497,True,66,2,1112.7375,354.0528409090909
Topstep XFA $50K,3,498,True,65,2,1153.2375,372.58442307692303
Topstep XFA $50K,3,499,True,64,2,914.6250000000001,300.11132812500006
Topstep XFA $50K,3,500,True,63,2,950.4,316.8
Topstep XFA $50K,3,501,True,62,2,989.55,335.17016129032254
Topstep XFA $50K,3,502,True,61,2,1027.6875,353.79405737704917
Topstep XFA $50K,3,503,True,60,2,1066.1625,373.15687499999996
Topstep XFA $50K,3,504,True,59,2,1049.9625,373.715466101695
Topstep XFA $50K,3,505,True,58,2,1086.4125,393.35625
Topstep XFA $50K,3,506,True,51,1,996.3000000000001,410.2411764705883
Topstep XFA $50K,3,507,True,51,1,990.9,408.01764705882357
Topstep XFA $50K,3,508,True,51,1,348.975,143.69558823529414
Topstep XFA $50K,3,509,True,50,1,351.675,147.70350000000002
Topstep XFA $50K,3,510,True,49,1,389.475,166.91785714285714
Topstep XFA $50K,3,511,True,46,0,0.0,0.0
Topstep XFA $50K,3,512,True,45,0,0.0,0.0
Topstep XFA $50K,3,513,True,44,0,0.0,0.0
Topstep XFA $50K,3,514,True,43,0,0.0,0.0
Topstep XFA $50K,3,515,True,42,0,0.0,0.0
Topstep XFA $50K,3,516,True,41,0,0.0,0.0
Topstep XFA $50K,3,517,True,40,0,0.0,0.0
Topstep XFA $50K,3,518,True,39,0,0.0,0.0
Topstep XFA $50K,3,519,True,43,1,38.475,18.79011627906977
Topstep XFA $50K,3,520,True,37,0,0.0,0.0
Topstep XFA $50K,3,521,True,36,0,0.0,0.0
Topstep XFA $50K,3,522,True,36,0,0.0,0.0
Topstep XFA $50K,3,523,True,35,0,0.0,0.0
Topstep XFA $50K,3,524,True,34,0,0.0,0.0
Topstep XFA $50K,3,525,True,33,0,0.0,0.0
Topstep XFA $50K,3,526,True,32,0,0.0,0.0
Topstep XFA $50K,3,527,True,31,0,0.0,0.0
Topstep XFA $50K,3,528,True,30,0,0.0,0.0
Topstep XFA $50K,3,529,True,29,0,0.0,0.0
Topstep XFA $50K,3,530,True,29,0,0.0,0.0
Topstep XFA $50K,3,531,True,29,0,0.0,0.0
Topstep XFA $50K,3,532,True,28,0,0.0,0.0
Topstep XFA $50K,3,533,True,28,0,0.0,0.0
Topstep XFA $50K,3,534,True,28,0,0.0,0.0
Topstep XFA $50K,3,535,True,27,0,0.0,0.0
Topstep XFA $50K,3,536,True,26,0,0.0,0.0
Topstep XFA $50K,3,537,True,25,0,0.0,0.0
Topstep XFA $50K,3,538,True,24,0,0.0,0.0
Topstep XFA $50K,3,539,True,23,0,0.0,0.0
Topstep XFA $50K,3,540,True,22,0,0.0,0.0
Topstep XFA $50K,3,541,True,21,0,0.0,0.0
Topstep XFA $50K,3,542,True,20,0,0.0,0.0
Topstep XFA $50K,3,543,True,19,0,0.0,0.0
Topstep XFA $50K,3,544,True,18,0,0.0,0.0
Topstep XFA $50K,3,545,True,17,0,0.0,0.0
Topstep XFA $50K,3,546,True,16,0,0.0,0.0
Topstep XFA $50K,3,547,True,15,0,0.0,0.0
Topstep XFA $50K,3,548,True,14,0,0.0,0.0
Topstep XFA $50K,3,549,True,14,0,0.0,0.0
Topstep XFA $50K,3,550,True,14,0,0.0,0.0
Topstep XFA $50K,3,551,True,14,0,0.0,0.0
Topstep XFA $50K,3,552,True,14,0,0.0,0.0
Topstep XFA $50K,3,553,True,14,0,0.0,0.0
Topstep XFA $50K,3,554,True,193,8,4434.43359375,482.5031371437824
Topstep XFA $50K,3,555,True,194,9,4859.918261718751,526.0736262685247
Topstep XFA $50K,3,556,True,193,9,5005.43349609375,544.6326601967294
Topstep XFA $50K,3,557,True,192,9,5149.3587890625,563.211117553711
Topstep XFA $50K,3,558,True,191,9,5279.82890625,580.504748854712
Topstep XFA $50K,3,559,True,190,9,5419.9494140625,599.0470405016448
Topstep XFA $50K,3,560,True,187,8,5284.30078125,593.4241519050802
Topstep XFA $50K,3,561,True,186,8,5422.0376953125,612.1655462449596
Topstep XFA $50K,3,562,True,187,8,5672.0724609375,636.9707041694519
Topstep XFA $50K,3,563,True,186,8,5683.1361328125,641.6444020917339
Topstep XFA $50K,3,564,True,185,8,5818.932421875,660.5274641047297
Topstep XFA $50K,3,565,True,184,8,5941.3869140625,678.0930717136548
Topstep XFA $50K,3,566,True,183,8,6074.6783203125,697.0942334784836
Topstep XFA $50K,3,567,True,182,8,6374.499609375,735.5191856971154
Topstep XFA $50K,3,568,True,181,8,5777.019140625001,670.2618892437846
Topstep XFA $50K,3,569,True,180,8,5527.0529296875,644.8228417968751
Topstep XFA $50K,3,570,True,179,8,4748.087109375,557.0381524965084
Topstep XFA $50K,3,571,True,178,8,4871.801953125,574.7631517731742
Topstep XFA $50K,3,572,True,177,8,4986.1037109375,591.5716267213983
Topstep XFA $50K,3,573,True,176,8,5096.5822265625,608.1149247602983
Topstep XFA $50K,3,574,True,173,7,4141.283203125,502.6991171423411
Topstep XFA $50K,3,575,True,172,7,4248.09140625,518.6623228561047
Topstep XFA $50K,3,576,True,173,7,4460.473828125,541.4447999458093
Topstep XFA $50K,3,577,True,172,7,3637.80703125,444.1508584665698
Topstep XFA $50K,3,578,True,171,7,3734.6062500000003,458.63585526315796
Topstep XFA $50K,3,579,True,170,7,3831.5109375,473.3042922794118
Topstep XFA $50K,3,580,True,169,7,3927.15,487.98905325443786
Topstep XFA $50K,3,581,True,168,7,4201.421484375001,525.1776855468751
Topstep XFA $50K,3,582,True,167,7,4297.819921875,540.4444213136227
Topstep XFA $50K,3,583,True,166,7,4393.4484375,555.7976939006024
Topstep XFA $50K,3,584,True,165,7,4487.748046875,571.1679332386364
Topstep XFA $50K,3,585,True,164,7,4582.005468750001,586.7202124618904
Topstep XFA $50K,3,586,True,163,7,4210.196484375,542.4179519746933
Topstep XFA $50K,3,587,True,162,7,4299.159375,557.2984375
Topstep XFA $50K,3,588,True,159,6,3652.3828125,482.3901827830189
Topstep XFA $50K,3,589,True,158,6,3656.053125,485.9311115506329
Topstep XFA $50K,3,590,True,159,6,3856.38046875,509.3332694575472
Topstep XFA $50K,3,591,True,158,6,3345.80625,444.6957674050633
Topstep XFA $50K,3,592,True,157,6,3434.56875,459.4009156050955
Topstep XFA $50K,3,593,True,156,6,3523.43671875,474.3087890625
Topstep XFA $50K,3,594,True,155,6,3611.0390625,489.2375504032258
Topstep XFA $50K,3,595,True,154,6,2657.0320312500003,362.32254971590913
Topstep XFA $50K,3,596,True,153,6,2662.34765625,365.4202665441177
Topstep XFA $50K,3,597,True,152,6,2764.6734375,381.9614617598684
Topstep XFA $50K,3,598,True,151,6,2865.6703125000004,398.5369308774835
Topstep XFA $50K,3,599,True,150,6,2971.9828125000004,416.07759375
Topstep XFA $50K,3,600,True,149,6,3075.6796875,433.4850566275168
Topstep XFA $50K,3,601,True,148,6,3179.3765625,451.1277554898649
Topstep XFA $50K,3,602,True,145,5,2078.9578125,301.09044181034477
Topstep XFA $50K,3,603,True,144,5,2180.9671875,318.05771484375
Topstep XFA $50K,3,604,True,145,5,1894.5984375000003,274.3901185344828
Topstep XFA $50K,3,605,True,144,5,1993.9921875000002,290.79052734375006
Topstep XFA $50K,3,606,True,143,5,2093.3859375,307.4203125
Topstep XFA $50K,3,607,True,142,5,2186.240625,323.317275528169
Topstep XFA $50K,3,608,True,141,5,2275.171875,338.8553856382979
Topstep XFA $50K,3,609,True,140,5,2208.4734375000003,331.271015625
Topstep XFA $50K,3,610,True,139,5,2292.1734375,346.2995840827339
Topstep XFA $50K,3,611,True,138,5,2371.9500000000003,360.94891304347834
Topstep XFA $50K,3,612,True,137,5,2451.7265625,375.81210082116786
Topstep XFA $50K,3,613,True,136,5,1797.2296875000002,277.5134076286765
Topstep XFA $50K,3,614,True,135,5,1877.00625,291.97875
Topstep XFA $50K,3,615,True,134,5,1956.7828125,306.65999300373136
Topstep XFA $50K,3,616,True,133,5,1962.0140625,309.7916940789474
Topstep XFA $50K,3,617,True,132,5,2037.8671875,324.2061434659091
Topstep XFA $50K,3,618,True,131,5,2109.796875,338.21171278625957
Topstep XFA $50K,3,619,True,130,5,2181.7265625,352.43275240384617
Topstep XFA $50K,3,620,True,129,5,2253.65625,366.87427325581393
Topstep XFA $50K,3,621,True,126,3,1086.4125,181.06875
Topstep XFA $50K,3,622,True,125,3,1156.10625,194.22585
Topstep XFA $50K,3,623,True,124,3,1225.8000000000002,207.5951612903226
Topstep XFA $50K,3,624,True,123,3,1294.3125,220.9801829268293
Topstep XFA $50K,3,625,True,124,4,1636.2843750000002,277.11267641129035
Topstep XFA $50K,3,626,True,121,4,1428.553125,247.9307076446281
Topstep XFA $50K,3,627,True,120,4,1500.69375,262.62140624999995
Topstep XFA $50K,3,628,True,119,3,1160.8312500000002,204.85257352941179
Topstep XFA $50K,3,629,True,118,3,1225.8000000000002,218.15084745762718
Topstep XFA $50K,3,630,True,117,3,1287.225,231.0403846153846
Topstep XFA $50K,3,631,True,118,4,1618.5656250000002,288.0498146186441
Topstep XFA $50K,3,632,True,117,4,1681.8468750000002,301.869951923077
Topstep XFA $50K,3,633,True,116,4,1664.1281250000002,301.2645743534483
Topstep XFA $50K,3,634,True,115,4,1724.8781250000002,314.9777445652174
Topstep XFA $50K,3,635,True,114,4,1785.6281250000002,328.93149671052635
Topstep XFA $50K,3,636,True,113,4,1846.3781250000002,343.132217920354
Topstep XFA $50K,3,637,True,112,4,1909.6593750000002,358.06113281250003
Topstep XFA $50K,3,638,True,111,4,1914.7218750000002,362.2446790540541
Topstep XFA $50K,3,639,True,110,4,1806.890625,344.9518465909091
Topstep XFA $50K,3,640,True,109,4,1870.171875,360.30834288990826
Topstep XFA $50K,3,641,True,108,4,1932.1875,375.703125
Topstep XFA $50K,3,642,True,107,4,1996.734375,391.88244742990656
Topstep XFA $50K,3,643,True,106,4,2062.546875,408.61777712264154
Topstep XFA $50K,3,644,True,105,4,2130.890625,426.178125
Topstep XFA $50K,3,645,True,104,4,1751.4562500000002,353.65943509615386
Topstep XFA $50K,3,646,True,103,4,1819.8000000000002,371.02718446601943
Topstep XFA $50K,3,647,True,102,4,1888.14375,388.7354779411765
Topstep XFA $50K,3,648,True,101,4,1955.2218750000002,406.5312809405941
Topstep XFA $50K,3,649,True,100,4,2022.3000000000002,424.68300000000005
Topstep XFA $50K,3,650,True,99,4,2027.3625000000002,430.0465909090909
Topstep XFA $50K,3,651,True,98,4,1989.39375,426.2986607142857
Topstep XFA $50K,3,652,True,95,3,1417.1625,313.2675
Topstep XFA $50K,3,653,True,94,3,1480.95,330.8505319148936
Topstep XFA $50K,3,654,True,93,3,1544.7375000000002,348.8116935483871
Topstep XFA $50K,3,655,True,92,3,1610.8875,367.7025815217391
Topstep XFA $50K,3,656,True,91,3,1673.49375,386.19086538461545
Topstep XFA $50K,3,657,True,90,3,1736.1,405.09
Topstep XFA $50K,3,658,True,89,3,1798.7062500000002,424.41383426966297
Topstep XFA $50K,3,659,True,88,3,1857.7687500000002,443.33117897727277
Topstep XFA $50K,3,660,True,89,3,1752.46875,413.50386235955057
Topstep XFA $50K,3,661,True,88,3,1811.53125,432.2972301136363
Topstep XFA $50K,3,662,True,87,3,1869.4125,451.23749999999995
Topstep XFA $50K,3,663,True,86,3,1927.2937500000003,470.6182412790699
Topstep XFA $50K,3,664,True,85,3,1986.3562500000003,490.7468382352942
Topstep XFA $50K,3,665,True,84,3,2047.7812500000002,511.94531250000006
Topstep XFA $50K,3,666,True,83,3,2110.3875000000003,533.9534638554218
Topstep XFA $50K,3,667,True,82,3,2175.3562500000003,557.1034298780488
Topstep XFA $50K,3,668,True,81,3,1589.4562500000002,412.08125000000007
Topstep XFA $50K,3,669,True,80,3,1656.7875,434.90671875
Topstep XFA $50K,3,670,True,79,3,1720.575,457.36803797468355
Topstep XFA $50K,3,671,True,78,3,1782.0,479.7692307692308
Topstep XFA $50K,3,672,True,77,3,1843.4250000000002,502.7522727272728
Topstep XFA $50K,3,673,True,74,2,1034.4375,293.55658783783787
Topstep XFA $50K,3,674,True,73,2,1086.075,312.43253424657536
Topstep XFA $50K,3,675,True,72,2,1137.7125,331.83281250000005
Topstep XFA $50K,3,676,True,71,2,1188.3375,351.48010563380285
Topstep XFA $50K,3,677,True,70,2,1238.9625,371.68875
Topstep XFA $50K,3,678,True,69,2,1220.7375,371.5288043478261
Topstep XFA $50K,3,679,True,68,2,1268.325,391.6886029411765
Topstep XFA $50K,3,680,True,67,2,1313.8875,411.81548507462685
Topstep XFA $50K,3,681,True,66,2,1360.4625,432.87443181818185
Topstep XFA $50K,3,682,True,65,2,1407.0375,454.5813461538461
Topstep XFA $50K,3,683,True,64,2,1455.6375,477.63105468750007
Topstep XFA $50K,3,684,True,63,2,1506.2625,502.08750000000003
Topstep XFA $50K,3,685,True,62,2,1485.3375,503.09818548387096
Topstep XFA $50K,3,686,True,61,2,1512.0,520.5245901639345
Topstep XFA $50K,3,687,True,62,2,1215.0,411.5322580645161
Topstep XFA $50K,3,688,True,61,2,1269.6750000000002,437.1012295081968
Topstep XFA $50K,3,689,True,60,2,1332.45,466.3575
Topstep XFA $50K,3,690,True,59,2,1392.1875,495.5243644067797
Topstep XFA $50K,3,691,True,58,2,1295.325,468.99698275862073
Topstep XFA $50K,3,692,True,57,2,1356.075,499.6065789473684
Topstep XFA $50K,3,693,True,56,2,1416.825,531.309375
Topstep XFA $50K,3,694,True,55,2,1479.6,564.9381818181818
Topstep XFA $50K,3,695,True,54,2,1547.4375,601.78125
Topstep XFA $50K,3,696,True,53,2,1614.2625,639.6134433962264
Topstep XFA $50K,3,697,True,52,2,1684.125,680.1274038461538
Topstep XFA $50K,3,698,True,49,1,589.95,252.8357142857143
Topstep XFA $50K,3,699,True,48,1,639.9,279.95625
Topstep XFA $50K,3,700,True,47,1,689.85,308.2308510638298
Topstep XFA $50K,3,701,True,46,1,741.825,338.6592391304348
Topstep XFA $50K,3,702,True,45,1,793.125,370.125
Topstep XFA $50K,3,703,True,44,1,795.825,379.8255681818182
Topstep XFA $50K,3,704,True,43,1,799.875,390.6366279069768
Topstep XFA $50K,3,705,True,43,1,1076.625,525.7936046511628
Topstep XFA $50K,3,706,True,43,1,1082.025,528.4308139534885
Topstep XFA $50K,3,707,True,42,1,1087.425,543.7125
Topstep XFA $50K,3,708,True,41,1,500.175,256.1871951219512
Topstep XFA $50K,3,709,True,40,1,503.55,264.36375000000004
Topstep XFA $50K,3,710,True,39,1,510.3,274.7769230769231
Topstep XFA $50K,3,711,True,38,1,321.3,177.56052631578947
Topstep XFA $50K,3,712,True,37,1,363.825,206.49527027027028
Topstep XFA $50K,3,713,True,36,1,406.35,237.03750000000002
Topstep XFA $50K,3,714,True,35,1,450.225,270.135
Topstep XFA $50K,3,715,True,34,1,494.1,305.1794117647059
Topstep XFA $50K,3,716,True,34,1,495.45,306.01323529411764
Topstep XFA $50K,3,717,True,30,0,0.0,0.0
Topstep XFA $50K,3,718,True,29,0,0.0,0.0
Topstep XFA $50K,3,719,True,28,0,0.0,0.0
Topstep XFA $50K,3,720,True,28,0,0.0,0.0
Topstep XFA $50K,3,721,True,28,0,0.0,0.0
Topstep XFA $50K,3,722,True,27,0,0.0,0.0
Topstep XFA $50K,3,723,True,26,0,0.0,0.0
Topstep XFA $50K,3,724,True,25,0,0.0,0.0
Topstep XFA $50K,3,725,True,24,0,0.0,0.0
Topstep XFA $50K,3,726,True,23,0,0.0,0.0
Topstep XFA $50K,3,727,True,22,0,0.0,0.0
Topstep XFA $50K,3,728,True,21,0,0.0,0.0
Topstep XFA $50K,3,729,True,20,0,0.0,0.0
Topstep XFA $50K,3,730,True,19,0,0.0,0.0
Topstep XFA $50K,3,731,True,19,0,0.0,0.0
Topstep XFA $50K,3,732,True,47,1,591.975,264.4994680851064
Topstep XFA $50K,3,733,True,46,1,594.6750000000001,271.4820652173913
Topstep XFA $50K,3,734,True,45,1,638.5500000000001,297.99000000000007
Topstep XFA $50K,3,735,True,44,1,683.775,326.3471590909091
Topstep XFA $50K,3,736,True,43,1,666.9,325.69534883720934
Topstep XFA $50K,3,737,True,42,1,710.1,355.05
Topstep XFA $50K,3,738,True,41,1,756.6750000000001,387.5652439024391
Topstep XFA $50K,3,739,True,40,1,807.3000000000001,423.83250000000004
Topstep XFA $50K,3,740,True,39,1,859.95,463.05
Topstep XFA $50K,3,741,True,38,1,917.325,506.9427631578948
Topstep XFA $50K,3,742,True,37,1,974.7,553.2081081081081
Topstep XFA $50K,3,743,True,36,1,1038.15,605.5875000000001
Topstep XFA $50K,3,744,True,35,1,1036.125,621.675
Topstep XFA $50K,3,745,True,34,1,1037.4750000000001,640.7933823529413
Topstep XFA $50K,3,746,True,33,1,1038.15,660.6409090909092
Topstep XFA $50K,3,747,True,32,1,1042.875,684.38671875
Topstep XFA $50K,3,748,True,31,1,1044.2250000000001,707.3782258064516
Topstep XFA $50K,3,749,True,31,1,1677.375,1136.2862903225805
Topstep XFA $50K,3,750,True,30,1,1683.45,1178.415
Topstep XFA $50K,3,751,True,30,1,533.25,373.275
Topstep XFA $50K,3,752,True,29,1,540.6750000000001,391.523275862069
Topstep XFA $50K,3,753,True,195,10,21203.785546875002,2283.4845973557694
Topstep XFA $50K,3,754,True,194,10,21209.05107421875,2295.8251162814113
Topstep XFA $50K,3,755,True,193,10,21349.184765625,2322.968290560233
Topstep XFA $50K,3,756,True,23,0,0.0,0.0
Topstep XFA $50K,3,757,True,22,0,0.0,0.0
Topstep XFA $50K,3,758,True,21,0,0.0,0.0
Topstep XFA $50K,3,759,True,20,0,0.0,0.0
Topstep XFA $50K,3,760,True,19,0,0.0,0.0
Topstep XFA $50K,3,761,True,18,0,0.0,0.0
Topstep XFA $50K,3,762,True,17,0,0.0,0.0
Topstep XFA $50K,3,763,True,16,0,0.0,0.0
Topstep XFA $50K,3,764,True,16,0,0.0,0.0
Topstep XFA $50K,3,765,True,15,0,0.0,0.0
Topstep XFA $50K,3,766,True,15,0,0.0,0.0
Topstep XFA $50K,3,767,True,14,0,0.0,0.0
Topstep XFA $50K,3,768,True,180,9,20119.31630859375,2347.2535693359373
Topstep XFA $50K,3,769,True,179,9,20251.35791015625,2375.8576319177723
Topstep XFA $50K,3,770,True,178,9,20382.0521484375,2404.6241298718396
Topstep XFA $50K,3,771,True,177,9,20387.4416015625,2418.8490035752116
Topstep XFA $50K,3,772,True,176,9,20524.87265625,2448.990487393466
Topstep XFA $50K,3,773,True,175,9,20654.21953125,2478.50634375
Topstep XFA $50K,3,774,True,174,9,20782.21904296875,2508.19885001347
Topstep XFA $50K,3,775,True,173,9,20916.95537109375,2539.052386086525
Topstep XFA $50K,3,776,True,172,9,21059.77587890625,2571.2517061455305
Topstep XFA $50K,3,777,True,171,9,21201.2490234375,2603.6621607730267
Topstep XFA $50K,3,778,True,170,9,21361.58525390625,2638.7840607766548
Topstep XFA $50K,3,779,True,169,9,21521.921484375,2674.321604567308
Topstep XFA $50K,3,780,True,168,9,21693.03662109375,2711.6295776367188
Topstep XFA $50K,3,781,True,167,9,21862.80439453125,2749.214923863211
Topstep XFA $50K,3,782,True,166,9,19835.4181640625,2509.299888224774
Topstep XFA $50K,3,783,True,165,9,19840.807617187504,2525.1936967329552
Topstep XFA $50K,3,784,True,164,9,20022.701660156254,2563.8825296541545
Topstep XFA $50K,3,785,True,163,9,20189.77470703125,2601.1366186972778
Topstep XFA $50K,3,786,True,162,9,20368.9740234375,2640.4225585937497
Topstep XFA $50K,3,787,True,161,9,20546.8259765625,2680.0207795516303
Topstep XFA $50K,3,788,True,160,9,20723.330566406254,2719.937136840821
Topstep XFA $50K,3,789,True,159,9,20899.83515625,2760.3555866745282
Topstep XFA $50K,3,790,True,158,9,20905.224609375004,2778.542511372627
Topstep XFA $50K,3,791,True,157,9,21080.381835937504,2819.6689079916405
Topstep XFA $50K,3,792,True,156,9,21253.202929687504,2861.0080866887024
Topstep XFA $50K,3,793,True,150,8,21446.084179687503,3002.45178515625
Topstep XFA $50K,3,794,True,149,8,21612.3873046875,3046.041163747903
Topstep XFA $50K,3,795,True,151,8,19944.551953125,2773.745635865066
Topstep XFA $50K,3,796,True,152,8,20335.408593750002,2809.4972399259873
Topstep XFA $50K,3,797,True,151,8,20509.811718750003,2852.3579211506626
Topstep XFA $50K,3,798,True,150,8,20673.145898437502,2894.24042578125
Topstep XFA $50K,3,799,True,149,8,18277.470703125,2576.019360843121
Topstep XFA $50K,3,800,True,148,8,18445.2609375,2617.2329708614866
Topstep XFA $50K,3,801,True,147,8,18636.718359375,2662.388337053572
Topstep XFA $50K,3,802,True,146,8,18816.505664062497,2706.4836914062494
Topstep XFA $50K,3,803,True,145,8,18986.874609375,2749.823219288793
Topstep XFA $50K,3,804,True,144,8,19166.1451171875,2795.062829589844
Topstep XFA $50K,3,805,True,143,8,17641.9107421875,2590.7701089925704
Topstep XFA $50K,3,806,True,142,8,17812.037109375,2634.174502090669
Topstep XFA $50K,3,807,True,136,7,15492.979687500001,2392.298334099265
Topstep XFA $50K,3,808,True,135,7,15661.972265625,2436.3067968749997
Topstep XFA $50K,3,809,True,137,7,15587.637890625,2389.345954037409
Topstep XFA $50K,3,810,True,138,7,15997.320703125,2434.3748896059783
Topstep XFA $50K,3,811,True,137,7,14004.024609375,2146.6023123859486
Topstep XFA $50K,3,812,True,136,7,14187.529687500002,2190.721495863971
Topstep XFA $50K,3,813,True,135,7,14369.6953125,2235.2859375
Topstep XFA $50K,3,814,True,134,7,14376.118359375,2252.973772737873
Topstep XFA $50K,3,815,True,133,7,14556.81796875,2298.4449424342106
Topstep XFA $50K,3,816,True,132,7,12723.549609375,2024.2010742187501
Topstep XFA $50K,3,817,True,131,7,12900.6421875,2068.0418773854963
Topstep XFA $50K,3,818,True,130,7,11639.710546875001,1880.2609344951925
Topstep XFA $50K,3,819,True,129,7,11807.142187500001,1922.0929142441862
Topstep XFA $50K,3,820,True,128,7,11973.234375,1964.3587646484375
Topstep XFA $50K,3,821,True,122,6,12179.172656249999,2096.414965420082
Topstep XFA $50K,3,822,True,121,6,12338.7890625,2141.442729855372
Topstep XFA $50K,3,823,True,123,6,12234.986718750002,2088.900171493903
Topstep XFA $50K,3,824,True,124,6,12615.2015625,2136.445425907258
Topstep XFA $50K,3,825,True,123,6,12764.439843749999,2179.294607469512
Topstep XFA $50K,3,826,True,122,6,12912.18046875,2222.588441342213
Topstep XFA $50K,3,827,True,121,6,11570.23828125,2008.0578835227273
Topstep XFA $50K,3,828,True,120,6,10214.437500000002,1787.5265625000002
Topstep XFA $50K,3,829,True,119,6,10219.668749999999,1803.4709558823527
Topstep XFA $50K,3,830,True,118,6,10364.77265625,1844.5781845868644
Topstep XFA $50K,3,831,True,117,6,10508.378906250002,1886.119290865385
Topstep XFA $50K,3,832,True,116,6,10643.90625,1926.9140625
Topstep XFA $50K,3,833,True,115,6,10784.7703125,1969.3928396739132
Topstep XFA $50K,3,834,True,114,6,9572.934375,1763.4352796052633
Topstep XFA $50K,3,835,True,108,5,8347.9359375,1623.209765625
Topstep XFA $50K,3,836,True,107,5,8492.934375,1666.8375876168227
Topstep XFA $50K,3,837,True,109,5,8377.171875,1613.9505447247707
Topstep XFA $50K,3,838,True,110,5,7480.3078125,1428.0587642045455
Topstep XFA $50K,3,839,True,109,5,7620.243750000001,1468.1203555045872
Topstep XFA $50K,3,840,True,108,5,7770.642187500001,1510.958203125
Topstep XFA $50K,3,841,True,107,5,7919.732812500001,1554.340084696262
Topstep XFA $50K,3,842,True,106,5,5977.884375000001,1184.2978478773587
Topstep XFA $50K,3,843,True,105,5,5983.115625,1196.623125
Topstep XFA $50K,3,844,True,104,5,6132.20625,1238.2339543269231
Topstep XFA $50K,3,845,True,103,5,6291.759375000001,1282.7858919902912
Topstep XFA $50K,3,846,True,102,5,6457.8515625,1329.5576746323532
Topstep XFA $50K,3,847,True,101,5,6622.6359375,1376.983709777228
Topstep XFA $50K,3,848,True,100,5,6779.5734375,1423.710421875
Topstep XFA $50K,3,849,True,94,4,4564.434375,1019.7140625
Topstep XFA $50K,3,850,True,93,4,4569.496875,1031.8218749999999
Topstep XFA $50K,3,851,True,95,4,4492.96875,993.1825657894738
Topstep XFA $50K,3,852,True,94,4,4660.790625000001,1041.240458776596
Topstep XFA $50K,3,853,True,93,4,4827.346875,1090.046068548387
Topstep XFA $50K,3,854,True,92,4,4992.721875,1139.6430366847826
Topstep XFA $50K,3,855,True,91,4,5156.578125,1189.9795673076924
Topstep XFA $50K,3,856,True,92,4,5575.668750000001,1272.7069972826087
Topstep XFA $50K,3,857,True,91,4,5737.584374999999,1324.0579326923078
Topstep XFA $50K,3,858,True,90,4,3644.49375,850.381875
Topstep XFA $50K,3,859,True,89,4,3811.55625,899.3559691011236
Topstep XFA $50K,3,860,True,88,4,3971.109375,947.6511008522726
Topstep XFA $50K,3,861,True,87,4,4135.134375000001,998.1358836206897
Topstep XFA $50K,3,862,True,86,4,4129.9875,1008.485319767442
Topstep XFA $50K,3,863,True,85,4,3268.096875,807.4121691176472
Topstep XFA $50K,3,864,True,79,3,1912.9500000000003,508.50569620253174
Topstep XFA $50K,3,865,True,83,3,711.45,180.00542168674698
Topstep XFA $50K,3,866,True,80,3,624.7125,163.98703125
Topstep XFA $50K,3,867,True,79,3,773.55,205.6272151898734
Topstep XFA $50K,3,868,True,78,3,921.20625,248.0170673076923
Topstep XFA $50K,3,869,True,77,3,1072.4062500000002,292.47443181818187
Topstep XFA $50K,3,870,True,73,2,463.725,133.40034246575343
Topstep XFA $50K,3,871,True,72,2,586.2375000000001,170.98593750000003
Topstep XFA $50K,3,872,True,71,2,704.7,208.4323943661972
Topstep XFA $50K,3,873,True,75,3,569.0250000000001,159.32700000000003
Topstep XFA $50K,3,874,True,74,3,709.59375,201.37119932432432
Topstep XFA $50K,3,875,True,73,3,858.4312500000001,246.94597602739728
Topstep XFA $50K,3,876,True,72,3,1001.3625000000002,292.0640625000001
Topstep XFA $50K,3,877,True,71,3,1143.1125000000002,338.10369718309863
Topstep XFA $50K,3,878,True,70,3,1293.1312500000001,387.93937500000004
Topstep XFA $50K,3,879,True,69,3,1386.95625,422.1171195652174
Topstep XFA $50K,3,880,True,63,2,1364.85,454.95
Topstep XFA $50K,3,881,True,62,2,1447.875,490.40927419354836
Topstep XFA $50K,3,882,True,61,2,1530.225,526.7987704918032
Topstep XFA $50K,3,883,True,65,2,399.6,129.10153846153847
Topstep XFA $50K,3,884,True,64,2,510.975,167.663671875
Topstep XFA $50K,3,885,True,61,2,386.77500000000003,133.15204918032788
Topstep XFA $50K,3,886,True,60,2,500.175,175.06125
Topstep XFA $50K,3,887,True,59,2,609.5250000000001,216.9495762711865
Topstep XFA $50K,3,888,True,58,2,685.1250000000001,248.06250000000006
Topstep XFA $50K,3,889,True,57,2,627.75,231.27631578947367
Topstep XFA $50K,3,890,True,58,2,1044.9,378.32586206896553
Topstep XFA $50K,3,891,True,57,2,1117.125,411.5723684210526
Topstep XFA $50K,3,892,True,56,2,498.15,186.80625
Topstep XFA $50K,3,893,True,55,2,563.625,215.2022727272727
Topstep XFA $50K,3,894,True,49,1,380.7,163.15714285714284
Topstep XFA $50K,3,895,True,48,1,447.52500000000003,195.79218750000004
Topstep XFA $50K,3,896,True,47,1,513.6750000000001,229.51436170212767
Topstep XFA $50K,3,897,True,46,1,579.15,264.3945652173913
Topstep XFA $50K,3,898,True,47,1,578.475,258.46755319148934
Topstep XFA $50K,3,899,True,47,1,577.8000000000001,258.16595744680853
Topstep XFA $50K,3,900,True,46,1,579.15,264.3945652173913
Topstep XFA $50K,3,901,True,47,1,69.525,31.064361702127663
Topstep XFA $50K,3,902,True,46,1,135.0,61.63043478260869
Topstep XFA $50K,3,903,True,45,1,201.15,93.87
Topstep XFA $50K,3,904,True,44,1,42.525,20.296022727272724
Topstep XFA $50K,3,905,True,43,1,106.65,52.08488372093024
Topstep XFA $50K,3,906,True,42,1,170.1,85.05
Topstep XFA $50K,3,907,True,41,1,237.6,121.69756097560976
Topstep XFA $50K,3,908,True,40,1,305.1,160.1775
Topstep XFA $50K,3,909,True,39,1,307.8,165.73846153846154
Topstep XFA $50K,3,910,True,38,1,374.625,207.0296052631579
Topstep XFA $50K,3,911,True,31,0,0.0,0.0
Topstep XFA $50K,3,912,True,31,0,0.0,0.0
Topstep XFA $50K,3,913,True,32,0,0.0,0.0
Topstep XFA $50K,3,914,True,32,0,0.0,0.0
Topstep XFA $50K,3,915,True,31,0,0.0,0.0
Topstep XFA $50K,3,916,True,30,0,0.0,0.0
Topstep XFA $50K,3,917,True,29,0,0.0,0.0
Topstep XFA $50K,3,918,True,28,0,0.0,0.0
Topstep XFA $50K,3,919,True,27,0,0.0,0.0
Topstep XFA $50K,3,920,True,26,0,0.0,0.0
Topstep XFA $50K,3,921,True,25,0,0.0,0.0
Topstep XFA $50K,3,922,True,24,0,0.0,0.0
Topstep XFA $50K,3,923,True,23,0,0.0,0.0
Topstep XFA $50K,3,924,True,22,0,0.0,0.0
Topstep XFA $50K,3,925,True,21,0,0.0,0.0
Topstep XFA $50K,3,926,True,20,0,0.0,0.0
Topstep XFA $50K,3,927,True,19,0,0.0,0.0
Topstep XFA $50K,3,928,True,18,0,0.0,0.0
Topstep XFA $50K,3,929,True,17,0,0.0,0.0
Topstep XFA $50K,3,930,True,16,0,0.0,0.0
Topstep XFA $50K,3,931,True,17,0,0.0,0.0
Topstep XFA $50K,3,932,True,18,0,0.0,0.0
Topstep XFA $50K,3,933,True,18,0,0.0,0.0
Topstep XFA $50K,3,934,True,17,0,0.0,0.0
Topstep XFA $50K,3,935,True,128,5,3782.7421875,620.6061401367188
Topstep XFA $50K,3,936,True,127,5,3895.2140625,644.0905142716535
Topstep XFA $50K,3,937,True,126,5,4007.6859375000004,667.94765625
Topstep XFA $50K,3,938,True,125,5,4121.465625000001,692.4062250000001
Topstep XFA $50K,3,939,True,124,5,4233.937500000001,717.037802419355
Topstep XFA $50K,3,940,True,123,5,4343.793750000001,741.6233231707319
Topstep XFA $50K,3,941,True,122,5,4469.343750000001,769.3132684426231
Topstep XFA $50K,3,942,True,121,5,4590.970312500001,796.7799715909092
Topstep XFA $50K,3,943,True,120,5,4711.289062500001,824.4755859375001
Topstep XFA $50K,3,944,True,119,5,4827.684375000001,851.9443014705884
Topstep XFA $50K,3,945,True,118,5,4944.079687500001,879.87858845339
Topstep XFA $50K,3,946,True,117,5,5059.1671875,908.0556490384616
Topstep XFA $50K,3,947,True,116,5,5064.398437500001,916.8307516163795
Topstep XFA $50K,3,948,True,115,5,5180.793750000001,946.0579891304349
Topstep XFA $50K,3,949,True,114,5,5181.721875,954.5277138157894
Topstep XFA $50K,3,950,True,116,5,5608.9546875,1015.4142106681034
Topstep XFA $50K,3,951,True,115,5,5722.1015625,1044.9055027173913
Topstep XFA $50K,3,952,True,114,5,5190.539062500001,956.1519325657896
Topstep XFA $50K,3,953,True,113,5,5310.309375,986.8716537610618
Topstep XFA $50K,3,954,True,112,5,5432.821875000001,1018.6541015625002
Topstep XFA $50K,3,955,True,111,5,5433.6234375,1027.9828125000001
Topstep XFA $50K,3,956,True,110,5,5558.709375,1061.208153409091
Topstep XFA $50K,3,957,True,109,5,5682.5296875,1094.7992975917432
Topstep XFA $50K,3,958,True,105,4,4023.0,804.6
Topstep XFA $50K,3,959,True,104,4,4028.0625,813.3587740384615
Topstep XFA $50K,3,960,True,103,4,4153.359375,846.8014259708738
Topstep XFA $50K,3,961,True,102,4,4278.656250000001,880.8998161764708
Topstep XFA $50K,3,962,True,101,4,2162.3625,449.6001237623763
Topstep XFA $50K,3,963,True,100,4,2291.45625,481.20581250000004
Topstep XFA $50K,3,964,True,102,4,2228.259375,458.75928308823535
Topstep XFA $50K,3,965,True,101,4,2364.946875,491.72162747524754
Topstep XFA $50K,3,966,True,100,4,2500.36875,525.0774375
Topstep XFA $50K,3,967,True,99,4,2634.525,558.8386363636364
Topstep XFA $50K,3,968,True,98,4,2764.884375,592.4752232142857
Topstep XFA $50K,3,969,True,97,4,2897.775,627.353350515464
Topstep XFA $50K,3,970,True,96,4,3029.4,662.6812500000001
Topstep XFA $50K,3,971,True,95,4,3159.759375,698.473125
Topstep XFA $50K,3,972,True,94,4,3164.821875,707.0346742021277
Topstep XFA $50K,3,973,True,93,4,3291.384375,743.2158266129032
Topstep XFA $50K,3,974,True,89,3,2657.4750000000004,627.0446629213484
Topstep XFA $50K,3,975,True,88,3,1453.78125,346.92507102272725
Topstep XFA $50K,3,976,True,87,3,1553.85,375.0672413793103
Topstep XFA $50K,3,977,True,86,3,1677.2062500000002,409.5503633720931
Topstep XFA $50K,3,978,True,85,3,1667.5875,411.992205882353
Topstep XFA $50K,3,979,True,84,3,1774.0687500000001,443.51718750000003
Topstep XFA $50K,3,980,True,83,3,1877.3437500000002,474.99058734939763
Topstep XFA $50K,3,981,True,82,3,1979.775,507.01554878048785
Topstep XFA $50K,3,982,True,81,3,1218.20625,315.83125
Topstep XFA $50K,3,983,True,80,3,1346.9625,353.57765625
Topstep XFA $50K,3,984,True,79,3,1475.71875,392.279667721519
Topstep XFA $50K,3,985,True,78,3,1599.75,430.70192307692304
Topstep XFA $50K,3,986,True,77,3,1679.90625,458.15625
Topstep XFA $50K,3,987,True,79,3,1401.80625,372.6320411392405
Topstep XFA $50K,3,988,True,75,2,481.61250000000007,134.85150000000002
Topstep XFA $50K,3,989,True,74,2,580.8375000000001,164.83226351351354
Topstep XFA $50K,3,990,True,73,2,675.0,194.17808219178082
Topstep XFA $50K,3,991,True,72,2,679.0500000000001,198.05625000000003
Topstep XFA $50K,3,992,True,71,2,765.1125000000001,226.30088028169016
Topstep XFA $50K,3,993,True,70,2,849.1500000000001,254.745
Topstep XFA $50K,3,994,True,69,2,931.1625,283.39728260869566
Topstep XFA $50K,3,995,True,68,2,1011.1500000000001,312.2669117647059
Topstep XFA $50K,3,996,True,67,2,1098.225,344.2197761194029
Topstep XFA $50K,3,997,True,66,2,1183.275,376.49659090909097
Topstep XFA $50K,3,998,True,65,2,1237.6125000000002,399.8440384615385
Topstep XFA $50K,3,999,True,64,2,758.7,248.94843750000004
Topstep XFA $50K,3,1000,True,63,2,816.4125,272.1375
Topstep XFA $50K,3,1001,True,65,2,1319.9625,426.4494230769231
Topstep XFA $50K,3,1002,True,64,2,1373.625,450.720703125
Topstep XFA $50K,3,1003,True,63,2,1425.6,475.2
Topstep XFA $50K,3,1004,True,62,2,1475.2125,499.66875
Topstep XFA $50K,3,1005,True,61,2,1530.5625,526.9149590163935
Topstep XFA $50K,3,1006,True,60,2,774.5625,271.096875
Topstep XFA $50K,3,1007,True,59,2,834.975,297.19449152542376
Topstep XFA $50K,3,1008,True,58,2,895.3875,324.192025862069
Topstep XFA $50K,3,1009,True,57,2,955.8,352.1368421052631
Topstep XFA $50K,3,1010,True,56,2,1014.525,380.44687500000003
Topstep XFA $50K,3,1011,True,52,1,195.07500000000002,78.78028846153846
Topstep XFA $50K,3,1012,True,51,1,254.475,104.78382352941178
Topstep XFA $50K,3,1013,True,50,1,211.95000000000002,89.019
Topstep XFA $50K,3,1014,True,49,1,268.65000000000003,115.13571428571429
Topstep XFA $50K,3,1015,True,51,1,247.725,102.00441176470589
Topstep XFA $50K,3,1016,True,50,1,304.425,127.8585
Topstep XFA $50K,3,1017,True,49,1,360.45,154.47857142857143
Topstep XFA $50K,3,1018,True,48,1,417.15000000000003,182.503125
Topstep XFA $50K,3,1019,True,47,1,472.5,211.11702127659575
Topstep XFA $50K,3,1020,True,46,1,526.5,240.35869565217388
Topstep XFA $50K,3,1021,True,45,1,583.875,272.475
Topstep XFA $50K,3,1022,True,44,1,641.25,306.0511363636364
Topstep XFA $50K,3,1023,True,43,1,696.6,340.20000000000005
Topstep XFA $50K,3,1024,True,42,1,751.275,375.6375
Topstep XFA $50K,3,1025,True,41,1,805.95,412.8036585365854
Topstep XFA $50K,3,1026,True,40,1,859.275,451.119375
Topstep XFA $50K,3,1027,True,39,1,909.9,489.94615384615383
Topstep XFA $50K,3,1028,True,38,1,959.1750000000001,530.0703947368421
Topstep XFA $50K,3,1029,True,37,1,1009.8000000000001,573.1297297297298
Topstep XFA $50K,3,1030,True,36,1,1059.075,617.79375
Topstep XFA $50K,3,1031,True,32,0,0.0,0.0
Topstep XFA $50K,3,1032,True,31,0,0.0,0.0
Topstep XFA $50K,3,1033,True,30,0,0.0,0.0
Topstep XFA $50K,3,1034,True,29,0,0.0,0.0
Topstep XFA $50K,3,1035,True,28,0,0.0,0.0
Topstep XFA $50K,3,1036,True,27,0,0.0,0.0
Topstep XFA $50K,3,1037,True,26,0,0.0,0.0
Topstep XFA $50K,3,1038,True,25,0,0.0,0.0
Topstep XFA $50K,3,1039,True,24,0,0.0,0.0
Topstep XFA $50K,3,1040,True,23,0,0.0,0.0
Topstep XFA $50K,3,1041,True,22,0,0.0,0.0
Topstep XFA $50K,3,1042,True,21,0,0.0,0.0
Topstep XFA $50K,3,1043,True,20,0,0.0,0.0
Topstep XFA $50K,3,1044,True,19,0,0.0,0.0
Topstep XFA $50K,3,1045,True,21,0,0.0,0.0
Topstep XFA $50K,3,1046,True,21,0,0.0,0.0
Topstep XFA $50K,3,1047,True,21,0,0.0,0.0
Topstep XFA $50K,3,1048,True,21,0,0.0,0.0
Topstep XFA $50K,3,1049,True,21,0,0.0,0.0
Topstep XFA $50K,3,1050,True,20,0,0.0,0.0
Topstep XFA $50K,3,1051,True,19,0,0.0,0.0
Topstep XFA $50K,3,1052,True,19,0,0.0,0.0
Topstep XFA $50K,3,1053,True,19,0,0.0,0.0
Topstep XFA $50K,3,1054,True,19,0,0.0,0.0
Topstep XFA $50K,3,1055,True,19,0,0.0,0.0
Topstep XFA $50K,3,1056,True,19,0,0.0,0.0
Topstep XFA $50K,3,1057,True,19,0,0.0,0.0
Topstep XFA $50K,3,1058,True,20,0,0.0,0.0
Topstep XFA $50K,3,1059,True,20,0,0.0,0.0
Topstep XFA $50K,3,1060,True,279,11,8990.709301757814,676.7200549710182
Topstep XFA $50K,3,1061,True,278,11,9090.560522460939,686.69701788374
Topstep XFA $50K,3,1062,True,277,11,9187.713061523436,696.5414234367948
Topstep XFA $50K,3,1063,True,276,11,9286.214941406251,706.5598324983017
Topstep XFA $50K,3,1064,True,275,11,9380.668798828126,716.3419810014205
Topstep XFA $50K,3,1065,True,274,11,9386.066162109375,719.3700343222514
Topstep XFA $50K,3,1066,True,273,11,9485.9173828125,729.6859525240385
Topstep XFA $50K,3,1067,True,272,11,9592.515307617186,740.5986083086798
Topstep XFA $50K,3,1068,True,271,11,9700.462573242186,751.6963617641546
Topstep XFA $50K,3,1069,True,270,11,9807.060498046876,762.7713720703125
Topstep XFA $50K,3,1070,True,269,11,9919.055786132812,774.3500799583236
Topstep XFA $50K,3,1071,True,268,11,10031.051074218749,786.0151961141556
Topstep XFA $50K,3,1072,True,267,11,10141.697021484375,797.6615634875352
Topstep XFA $50K,3,1073,True,266,11,10250.993627929687,809.288970626028
Topstep XFA $50K,3,1074,True,265,11,10523.31921386719,833.9234094007961
Topstep XFA $50K,3,1075,True,264,11,10638.010546875,846.2053844105114
Topstep XFA $50K,3,1076,True,263,11,10749.959033203126,858.3617478983484
Topstep XFA $50K,3,1077,True,262,11,10724.275415039063,859.5793271596195
Topstep XFA $50K,3,1078,True,261,11,10830.82917480469,871.446025558998
Topstep XFA $50K,3,1079,True,260,11,10938.773803710938,883.516345684345
Topstep XFA $50K,3,1080,True,259,11,9980.698974609375,809.2458628061655
Topstep XFA $50K,3,1081,True,258,11,10084.55537109375,820.8359022983284
Topstep XFA $50K,3,1082,True,257,11,10184.365063476564,832.185472112871
Topstep XFA $50K,3,1083,True,256,10,9546.76494140625,783.1330615997316
Topstep XFA $50K,3,1084,True,255,10,9643.87001953125,794.2010604319854
Topstep XFA $50K,3,1085,True,254,10,9743.672460937501,805.5792192113682
Topstep XFA $50K,3,1086,True,253,10,9840.7775390625,816.8234320960968
Topstep XFA $50K,3,1087,True,252,10,8929.988964843751,744.1657470703126
Topstep XFA $50K,3,1088,True,251,10,8273.96806640625,692.2443402172561
Topstep XFA $50K,3,1089,True,250,10,8279.36279296875,695.4664746093749
Topstep XFA $50K,3,1090,True,249,10,8375.119189453126,706.335353327372
Topstep XFA $50K,3,1091,True,248,10,8469.526904296876,717.1776814122354
Topstep XFA $50K,3,1092,True,247,10,8559.88857421875,727.7638059052379
Topstep XFA $50K,3,1093,True,246,10,8565.283300781251,731.1827207983996
Topstep XFA $50K,3,1094,True,245,10,8652.947607421876,741.6812234933037
Topstep XFA $50K,3,1095,True,244,10,8740.611914062501,752.2657794889858
Topstep XFA $50K,3,1096,True,243,10,8825.578857421875,762.704345703125
Topstep XFA $50K,3,1097,True,242,10,8913.2431640625,773.4632497740185
Topstep XFA $50K,3,1098,True,241,10,9002.25615234375,784.428959332858
Topstep XFA $50K,3,1099,True,240,10,9093.96650390625,795.7220690917968
Topstep XFA $50K,3,1100,True,239,10,9185.676855468751,807.109681861271
Topstep XFA $50K,3,1101,True,238,10,9273.341162109376,818.2359848920038
Topstep XFA $50K,3,1102,True,237,10,9362.354150390625,829.5756842118275
Topstep XFA $50K,3,1103,True,236,10,9450.01845703125,840.8914728714249
Topstep XFA $50K,3,1104,True,235,9,8343.740917968751,745.6108905418885
Topstep XFA $50K,3,1105,True,234,9,8432.66689453125,756.7777982271635
Topstep XFA $50K,3,1106,True,233,9,8520.2455078125,767.9191230217275
Topstep XFA $50K,3,1107,True,232,9,8605.12939453125,778.9125745049838
Topstep XFA $50K,3,1108,True,231,9,8688.66591796875,789.8787198153409
Topstep XFA $50K,3,1109,True,230,9,8769.50771484375,800.6941826596468
Topstep XFA $50K,3,1110,True,229,9,8851.696875,811.7276610262008
Topstep XFA $50K,3,1111,True,228,9,8929.8439453125,822.4856265419406
Topstep XFA $50K,3,1112,True,227,9,9007.991015625,833.3383758948238
Topstep XFA $50K,3,1113,True,226,9,7891.5041015625,733.2813545699668
Topstep XFA $50K,3,1114,True,225,9,7972.3458984375,744.0856171875
Topstep XFA $50K,3,1115,True,224,9,8051.84033203125,754.8600311279297
Topstep XFA $50K,3,1116,True,223,9,8127.29267578125,765.3504313515975
Topstep XFA $50K,3,1117,True,222,9,8202.74501953125,775.9353396853886
Topstep XFA $50K,3,1118,True,221,9,8278.19736328125,786.6160390448247
Topstep XFA $50K,3,1119,True,220,9,7003.509960937499,668.5168599076703
Topstep XFA $50K,3,1120,True,219,9,7091.088574218749,679.9673975278253
Topstep XFA $50K,3,1121,True,218,9,7174.62509765625,691.1336103246846
Topstep XFA $50K,3,1122,True,217,9,7259.508984374999,702.5331275201612
Topstep XFA $50K,3,1123,True,216,9,7344.39287109375,714.0381958007812
Topstep XFA $50K,3,1124,True,215,9,7430.62412109375,725.7818908975291
Topstep XFA $50K,3,1125,True,214,9,7515.333984374999,737.4860451956775
Topstep XFA $50K,3,1126,True,213,9,7600.041210937499,749.2998376980634
Topstep XFA $50K,3,1127,True,212,9,7680.698437499999,760.8239018278301
Topstep XFA $50K,3,1128,True,211,9,7766.74248046875,772.9933274400178
Topstep XFA $50K,3,1129,True,210,9,7771.950000000001,777.195
Topstep XFA $50K,3,1130,True,209,8,7663.211718750001,769.9877803528709
Topstep XFA $50K,3,1131,True,208,8,7668.226757812501,774.1959707406852
Topstep XFA $50K,3,1132,True,207,8,7755.285937500001,786.7681385869565
Topstep XFA $50K,3,1133,True,206,8,6545.010937500001,667.2098528519418
Topstep XFA $50K,3,1134,True,205,8,6637.4701171875,679.9359632240853
Topstep XFA $50K,3,1135,True,204,8,6608.90390625,680.3283432904412
Topstep XFA $50K,3,1136,True,203,8,6694.639453125001,692.5489089439657
Topstep XFA $50K,3,1137,True,202,8,6292.6400390625,654.1853505956065
Topstep XFA $50K,3,1138,True,201,7,5002.519921875,522.6513351212687
Topstep XFA $50K,3,1139,True,200,7,5090.923828125,534.547001953125
Topstep XFA $50K,3,1140,True,199,7,5180.6671875,546.7035725502512
Topstep XFA $50K,3,1141,True,198,7,5274.42890625,559.4091264204545
Topstep XFA $50K,3,1142,True,197,7,5369.530078125,572.3864550285532
Topstep XFA $50K,3,1143,True,196,7,5461.952343750001,585.2091796875001
Topstep XFA $50K,3,1144,True,195,7,5135.125781250001,553.0135456730769
Topstep XFA $50K,3,1145,True,194,7,5227.548046875,565.8686030122424
Topstep XFA $50K,3,1146,True,193,7,5315.951953125,578.4196425680052
Topstep XFA $50K,3,1147,True,192,7,5321.309765625,582.0182556152345
Topstep XFA $50K,3,1148,True,191,7,5404.355859375,594.1961939626964
Topstep XFA $50K,3,1149,True,190,7,5487.401953125001,606.5023211348685
Topstep XFA $50K,3,1150,True,189,7,5570.448046875,618.938671875
Topstep XFA $50K,3,1151,True,188,7,5652.1546875,631.3577044547873
Topstep XFA $50K,3,1152,True,187,7,5733.861328125,643.9095609124331
Topstep XFA $50K,3,1153,True,186,7,5816.907421875001,656.7476121471775
Topstep XFA $50K,3,1154,True,185,7,5822.265234375001,660.9057833614864
Topstep XFA $50K,3,1155,True,184,7,5909.329687500001,674.4343665081522
Topstep XFA $50K,3,1156,True,183,7,5993.715234375,687.8033875512297
Topstep XFA $50K,3,1157,True,182,7,6082.119140625,701.7829777644231
Topstep XFA $50K,3,1158,True,181,7,6169.18359375,715.7616324240332
Topstep XFA $50K,3,1159,True,180,7,6259.190624999999,730.2389062499999
Topstep XFA $50K,3,1160,True,179,7,6347.84765625,744.7195574371508
Topstep XFA $50K,3,1161,True,178,7,6436.61015625,759.3753555126405
Topstep XFA $50K,3,1162,True,177,7,6522.704296875,773.880170815678
Topstep XFA $50K,3,1163,True,176,7,6607.585546875001,788.4050936612216
Topstep XFA $50K,3,1164,True,175,7,6200.433984374999,744.0520781249999
Topstep XFA $50K,3,1165,True,174,7,6297.465234374999,760.0389075969827
Topstep XFA $50K,3,1166,True,173,7,6391.184765625,775.8085553648845
Topstep XFA $50K,3,1167,True,172,7,5710.3734375,697.1967569040698
Topstep XFA $50K,3,1168,True,171,7,5804.736328124999,712.8623560855262
Topstep XFA $50K,3,1169,True,170,6,5706.85078125,704.9639200367648
Topstep XFA $50K,3,1170,True,169,6,5800.88671875,720.820243158284
Topstep XFA $50K,3,1171,True,168,6,5804.5359375,725.5669921875
Topstep XFA $50K,3,1172,True,167,6,4883.30859375,614.0687453218562
Topstep XFA $50K,3,1173,True,166,6,4975.994531249999,629.493284073795
Topstep XFA $50K,3,1174,True,165,6,5072.68828125,645.614872159091
Topstep XFA $50K,3,1175,True,164,6,5166.80859375,661.6035394435976
Topstep XFA $50K,3,1176,True,163,6,5262.27890625,677.9623130751534
Topstep XFA $50K,3,1177,True,162,6,5355.196875000001,694.1921875
Topstep XFA $50K,3,1178,True,161,6,4350.64921875,567.4759850543478
Topstep XFA $50K,3,1179,True,160,6,4445.001562500001,583.4064550781251
Topstep XFA $50K,3,1180,True,159,6,4450.3171875,587.777741745283
Topstep XFA $50K,3,1181,True,158,6,3977.1210937500005,528.6047023338608
Topstep XFA $50K,3,1182,True,157,6,4070.1445312500005,544.4142366640128
Topstep XFA $50K,3,1183,True,156,5,1817.3109375000001,244.6380108173077
Topstep XFA $50K,3,1184,True,155,5,1919.3203125,260.0369455645161
Topstep XFA $50K,3,1185,True,154,5,2022.6375000000003,275.8142045454546
Topstep XFA $50K,3,1186,True,153,5,2123.3390625,291.4386948529412
Topstep XFA $50K,3,1187,True,152,5,2226.65625,307.63013980263156
Topstep XFA $50K,3,1188,True,151,5,2328.665625,323.8541597682119
Topstep XFA $50K,3,1189,True,150,5,2393.3812500000004,335.07337500000006
Topstep XFA $50K,3,1190,True,149,5,2488.8515625,350.7777369966443
Topstep XFA $50K,3,1191,True,148,5,2577.7828125,365.76648015202704
Topstep XFA $50K,3,1192,True,147,5,2666.7140625,380.9591517857143
Topstep XFA $50K,3,1193,True,146,5,2758.2609375,396.7361622431507
Topstep XFA $50K,3,1194,True,145,5,2845.884375,412.1625646551724
Topstep XFA $50K,3,1195,True,144,5,2933.5078125,427.80322265625
Topstep XFA $50K,3,1196,True,143,5,3021.1312500000004,443.66263111888117
Topstep XFA $50K,3,1197,True,142,5,3107.446875,459.5520026408451
Topstep XFA $50K,3,1198,True,141,5,2119.415625,315.65764627659576
Topstep XFA $50K,3,1199,True,140,5,2208.346875,331.25203125
Topstep XFA $50K,3,1200,True,139,5,2294.6625000000004,346.67562949640296
Topstep XFA $50K,3,1201,True,138,5,2379.6703125000004,362.1237432065218
Topstep XFA $50K,3,1202,True,137,5,2465.9859375,377.9978444343066
Topstep XFA $50K,3,1203,True,136,5,2554.9171875,394.5092715992647
Topstep XFA $50K,3,1204,True,135,5,2639.3343750000004,410.563125
Topstep XFA $50K,3,1205,True,134,5,2325.290625,364.41121735074626
Topstep XFA $50K,3,1206,True,133,5,2414.2218749999997,381.1929276315789
Topstep XFA $50K,3,1207,True,132,5,2503.153125,398.22890624999997
Topstep XFA $50K,3,1208,True,131,5,2594.7,415.9442748091603
Topstep XFA $50K,3,1209,True,130,5,2599.9312500000005,419.9888942307693
Topstep XFA $50K,3,1210,True,129,5,2691.4781250000005,438.1476017441861
Topstep XFA $50K,3,1211,True,128,5,2785.640625,457.0191650390625
Topstep XFA $50K,3,1212,True,127,5,2787.4546875,460.9177042322835
Topstep XFA $50K,3,1213,True,126,5,2885.9625,480.99375000000003
Topstep XFA $50K,3,1214,True,125,4,2380.3031250000004,399.89092500000004
Topstep XFA $50K,3,1215,True,124,4,2477.7562500000004,419.6200100806452
Topstep XFA $50K,3,1216,True,123,4,2572.6781250000004,439.2377286585367
Topstep XFA $50K,3,1217,True,122,4,1625.0625,279.72387295081967
Topstep XFA $50K,3,1218,True,121,4,1721.25,298.7293388429752
Topstep XFA $50K,3,1219,True,120,4,1817.4375,318.0515625
Topstep XFA $50K,3,1220,True,119,4,1914.890625,337.921875
Topstep XFA $50K,3,1221,True,118,4,2013.609375,358.3542108050848
Topstep XFA $50K,3,1222,True,117,4,2113.59375,379.3629807692308
Topstep XFA $50K,3,1223,True,116,4,2211.046875,400.27572737068965
Topstep XFA $50K,3,1224,True,115,4,2312.296875,422.2455163043478
Topstep XFA $50K,3,1225,True,114,3,1277.60625,235.3485197368421
Topstep XFA $50K,3,1226,True,113,3,1373.2875000000001,255.21272123893806
Topstep XFA $50K,3,1227,True,112,4,1674.928125,314.0490234375
Topstep XFA $50K,3,1228,True,111,4,1777.44375,336.2731418918919
Topstep XFA $50K,3,1229,True,110,4,1879.959375,358.9013352272727
Topstep XFA $50K,3,1230,True,109,3,705.8812499999999,135.99547018348622
Topstep XFA $50K,3,1231,True,108,3,800.38125,155.6296875
Topstep XFA $50K,3,1232,True,107,3,805.10625,158.01150700934582
Topstep XFA $50K,3,1233,True,106,3,898.4250000000001,177.98985849056606
Topstep XFA $50K,3,1234,True,105,3,989.38125,197.87625
Topstep XFA $50K,3,1235,True,104,3,1079.15625,217.90655048076923
Topstep XFA $50K,3,1236,True,103,3,1165.3875,237.60327669902912
Topstep XFA $50K,3,1237,True,102,3,1251.61875,257.68621323529413
Topstep XFA $50K,3,1238,True,101,3,1340.2125,278.6580445544555
Topstep XFA $50K,3,1239,True,100,3,1333.8000000000002,280.098
Topstep XFA $50K,3,1240,True,99,3,1423.575,301.9704545454546
Topstep XFA $50K,3,1241,True,98,3,1351.6875,289.6473214285714
Topstep XFA $50K,3,1242,True,97,3,1435.55625,310.7905283505155
Topstep XFA $50K,3,1243,True,96,3,1517.0625,331.857421875
Topstep XFA $50K,3,1244,True,95,3,1495.8,330.6505263157895
Topstep XFA $50K,3,1245,True,94,3,1576.125,352.1130319148936
Topstep XFA $50K,3,1246,True,93,3,1656.45,374.0370967741935
Topstep XFA $50K,3,1247,True,92,3,1609.2,367.3173913043478
Topstep XFA $50K,3,1248,True,91,3,1613.925,372.4442307692308
Topstep XFA $50K,3,1249,True,90,3,1684.8,393.12
Topstep XFA $50K,3,1250,True,89,3,1753.3125,413.70294943820227
Topstep XFA $50K,3,1251,True,88,3,1758.0375,419.5316761363636
Topstep XFA $50K,3,1252,True,87,3,1827.73125,441.1765086206896
Topstep XFA $50K,3,1253,True,86,3,1897.425,463.32470930232563
Topstep XFA $50K,3,1254,True,85,3,1572.4125000000001,388.47838235294125
Topstep XFA $50K,3,1255,True,84,2,666.9,166.725
Topstep XFA $50K,3,1256,True,83,2,729.675,184.61656626506021
Topstep XFA $50K,3,1257,True,82,2,793.4625000000001,203.2038109756098
Topstep XFA $50K,3,1258,True,81,2,857.25,222.25
Topstep XFA $50K,3,1259,True,80,2,920.0250000000001,241.50656250000003
Topstep XFA $50K,3,1260,True,79,2,982.8,261.2506329113924
Topstep XFA $50K,3,1261,True,78,2,1046.5875,281.7735576923077
Topstep XFA $50K,3,1262,True,77,2,1111.3875,303.10568181818184
Topstep XFA $50K,3,1263,True,76,2,1153.9125000000001,318.8442434210527
Topstep XFA $50K,3,1264,True,75,2,1195.425,334.719
Topstep XFA $50K,3,1265,True,74,2,1178.2125,334.3576013513514
Topstep XFA $50K,3,1266,True,73,2,1219.0500000000002,350.6856164383562
Topstep XFA $50K,3,1267,True,72,2,1261.575,367.959375
Topstep XFA $50K,3,1268,True,71,2,1276.0875,377.4343309859155
Topstep XFA $50K,3,1269,True,70,2,1336.8375,401.05125
Topstep XFA $50K,3,1270,True,69,2,1395.5625,424.73641304347825
Topstep XFA $50K,3,1271,True,68,2,1451.25,448.18014705882354
Topstep XFA $50K,3,1272,True,67,2,1121.1750000000002,351.41305970149256
Topstep XFA $50K,3,1273,True,66,2,1181.9250000000002,376.0670454545455
Topstep XFA $50K,3,1274,True,65,2,1243.6875,401.80673076923074
Topstep XFA $50K,3,1275,True,64,2,1304.4375,428.0185546875
Topstep XFA $50K,3,1276,True,63,1,39.15,13.049999999999999
Topstep XFA $50K,3,1277,True,62,1,81.675,27.664112903225803
Topstep XFA $50K,3,1278,True,61,1,124.2,42.75737704918033
Topstep XFA $50K,3,1279,True,60,1,166.725,58.35375
Topstep XFA $50K,3,1280,True,59,1,210.6,74.9593220338983
Topstep XFA $50K,3,1281,True,58,1,251.1,90.9155172413793
Topstep XFA $50K,3,1282,True,57,1,291.6,107.43157894736842
Topstep XFA $50K,3,1283,True,56,1,333.45,125.04375
Topstep XFA $50K,3,1284,True,55,1,375.975,143.55409090909092
Topstep XFA $50K,3,1285,True,54,1,420.52500000000003,163.5375
Topstep XFA $50K,3,1286,True,53,1,464.40000000000003,184.00754716981135
Topstep XFA $50K,3,1287,True,52,1,506.925,204.71971153846152
Topstep XFA $50K,3,1288,True,51,1,550.8000000000001,226.80000000000004
Topstep XFA $50K,3,1289,True,50,1,594.6750000000001,249.76350000000002
Topstep XFA $50K,3,1290,True,49,1,637.2,273.0857142857143
Topstep XFA $50K,3,1291,True,48,1,633.825,277.29843750000003
Topstep XFA $50K,3,1292,True,47,1,632.475,282.59521276595746
Topstep XFA $50K,3,1293,True,46,1,631.125,288.1222826086956
Topstep XFA $50K,3,1294,True,45,1,540.0,252.0
Topstep XFA $50K,3,1295,True,44,1,535.95,255.7943181818182
Topstep XFA $50K,3,1296,True,43,1,452.925,221.19593023255817
Topstep XFA $50K,3,1297,True,42,1,498.825,249.4125
Topstep XFA $50K,3,1298,True,41,1,544.725,279.00548780487804
Topstep XFA $50K,3,1299,True,40,1,589.275,309.369375
Topstep XFA $50K,3,1300,True,39,1,633.825,341.29038461538465
Topstep XFA $50K,3,1301,True,38,1,677.7,374.5184210526316
Topstep XFA $50K,3,1302,True,37,1,724.95,411.45810810810815
Topstep XFA $50K,3,1303,True,37,1,724.95,411.45810810810815
Topstep XFA $50K,3,1304,True,35,0,0.0,0.0
Topstep XFA $50K,3,1305,True,34,0,0.0,0.0
Topstep XFA $50K,3,1306,True,33,0,0.0,0.0
Topstep XFA $50K,3,1307,True,32,0,0.0,0.0
Topstep XFA $50K,3,1308,True,31,0,0.0,0.0
Topstep XFA $50K,3,1309,True,30,0,0.0,0.0
Topstep XFA $50K,3,1310,True,29,0,0.0,0.0
Topstep XFA $50K,3,1311,True,28,0,0.0,0.0
Topstep XFA $50K,3,1312,True,27,0,0.0,0.0
Topstep XFA $50K,3,1313,True,26,0,0.0,0.0
Topstep XFA $50K,3,1314,True,25,0,0.0,0.0
Topstep XFA $50K,3,1315,True,24,0,0.0,0.0
Topstep XFA $50K,3,1316,True,23,0,0.0,0.0
Topstep XFA $50K,3,1317,True,22,0,0.0,0.0
Topstep XFA $50K,3,1318,True,22,0,0.0,0.0
Topstep XFA $50K,3,1319,True,22,0,0.0,0.0
Topstep XFA $50K,3,1320,True,22,0,0.0,0.0
Topstep XFA $50K,3,1321,True,21,0,0.0,0.0
Topstep XFA $50K,3,1322,True,20,0,0.0,0.0
Topstep XFA $50K,3,1323,True,20,0,0.0,0.0
Topstep XFA $50K,3,1324,True,20,0,0.0,0.0
Topstep XFA $50K,3,1325,True,20,0,0.0,0.0
Topstep XFA $50K,3,1326,True,60,1,91.125,31.89375
Topstep XFA $50K,3,1327,True,59,1,143.775,51.17415254237289
Topstep XFA $50K,3,1328,True,57,1,41.85,15.41842105263158
Topstep XFA $50K,3,1329,True,56,1,95.175,35.690625000000004
Topstep XFA $50K,3,1330,True,55,1,145.8,55.66909090909091
Topstep XFA $50K,3,1331,True,54,1,195.75,76.125
Topstep XFA $50K,3,1332,True,53,1,161.32500000000002,63.921226415094345
Topstep XFA $50K,3,1333,True,52,1,209.925,84.77740384615385
Topstep XFA $50K,3,1334,True,51,1,256.5,105.61764705882354
Topstep XFA $50K,3,1335,True,50,1,302.40000000000003,127.00800000000001
Topstep XFA $50K,3,1336,True,49,1,349.65000000000003,149.85
Topstep XFA $50K,3,1337,True,48,1,396.90000000000003,173.64375
Topstep XFA $50K,3,1338,True,47,1,448.875,200.56117021276594
Topstep XFA $50K,3,1339,True,46,1,501.52500000000003,228.9570652173913
Topstep XFA $50K,3,1340,True,45,1,552.825,257.985
Topstep XFA $50K,3,1341,True,44,1,604.125,288.3323863636364
Topstep XFA $50K,3,1342,True,43,1,655.4250000000001,320.0912790697675
Topstep XFA $50K,3,1343,True,42,1,708.075,354.0375
Topstep XFA $50K,3,1344,True,41,1,762.75,390.6768292682927
Topstep XFA $50K,3,1345,True,40,1,821.475,431.274375
Topstep XFA $50K,3,1346,True,40,1,301.725,158.40562500000001
Topstep XFA $50K,3,1347,True,39,1,359.1,193.36153846153846
Topstep XFA $50K,3,1348,True,40,1,359.1,188.52750000000003
Topstep XFA $50K,3,1349,True,40,1,363.15000000000003,190.65375000000003
Topstep XFA $50K,3,1350,True,35,0,0.0,0.0
Topstep XFA $50K,3,1351,True,34,0,0.0,0.0
Topstep XFA $50K,3,1352,True,33,0,0.0,0.0
Topstep XFA $50K,3,1353,True,36,1,47.925000000000004,27.956250000000004
Topstep XFA $50K,3,1354,True,36,1,108.675,63.393750000000004
Topstep XFA $50K,3,1355,True,35,1,168.75,101.25
Topstep XFA $50K,3,1356,True,36,1,182.25,106.3125
Topstep XFA $50K,3,1357,True,37,1,139.05,78.92027027027028
Topstep XFA $50K,3,1358,True,37,1,155.25,88.11486486486487
Topstep XFA $50K,3,1359,True,26,0,0.0,0.0
Topstep XFA $50K,3,1360,True,25,0,0.0,0.0
Topstep XFA $50K,3,1361,True,24,0,0.0,0.0
Topstep XFA $50K,3,1362,True,24,0,0.0,0.0
Topstep XFA $50K,3,1363,True,25,0,0.0,0.0
Topstep XFA $50K,3,1364,True,25,0,0.0,0.0
Topstep XFA $50K,3,1365,True,24,0,0.0,0.0
Topstep XFA $50K,3,1366,True,23,0,0.0,0.0
Topstep XFA $50K,3,1367,True,22,0,0.0,0.0
Topstep XFA $50K,3,1368,True,21,0,0.0,0.0
Topstep XFA $50K,3,1369,True,20,0,0.0,0.0
Topstep XFA $50K,3,1370,True,20,0,0.0,0.0
Topstep XFA $50K,3,1371,True,21,0,0.0,0.0
Topstep XFA $50K,3,1372,True,22,0,0.0,0.0
Topstep XFA $50K,3,1373,True,22,0,0.0,0.0
Topstep XFA $50K,3,1374,True,23,0,0.0,0.0
Topstep XFA $50K,3,1375,True,23,0,0.0,0.0
Topstep XFA $50K,3,1376,True,23,0,0.0,0.0
Topstep XFA $50K,3,1377,True,23,0,0.0,0.0
Topstep XFA $50K,3,1378,True,23,0,0.0,0.0
Topstep XFA $50K,3,1379,True,24,0,0.0,0.0
Topstep XFA $50K,3,1380,True,24,0,0.0,0.0
Topstep XFA $50K,3,1381,True,24,0,0.0,0.0
Topstep XFA $50K,3,1382,True,58,1,1462.2079591836734,529.4201231527094
Topstep XFA $50K,3,1383,True,57,1,1510.8079591836733,556.6134586466164
Topstep XFA $50K,3,1384,True,56,1,1558.0579591836733,584.2717346938775
Topstep XFA $50K,3,1385,True,55,1,1605.3079591836733,612.9357662337662
Topstep XFA $50K,3,1386,True,54,1,1652.5579591836733,642.6614285714285
Topstep XFA $50K,3,1387,True,53,1,1702.5079591836734,674.5786253369272
Topstep XFA $50K,3,1388,True,52,1,1750.4329591836733,706.9056181318681
Topstep XFA $50K,3,1389,True,51,1,1797.0079591836734,739.9444537815126
Topstep XFA $50K,3,1390,True,50,1,1846.2829591836735,775.4388428571428
Topstep XFA $50K,3,1391,True,49,1,1824.8693877551023,782.0868804664724
Topstep XFA $50K,3,1392,True,48,1,1869.4193877551022,817.8709821428573
Topstep XFA $50K,3,1393,True,47,1,1872.1193877551023,836.4788753799393
Topstep XFA $50K,3,1394,True,46,1,1918.0193877551021,875.6175465838509
Topstep XFA $50K,3,1395,True,65,2,3435.254081632653,1109.8513186813186
Topstep XFA $50K,3,1396,True,64,2,3439.3040816326534,1128.5216517857145
Topstep XFA $50K,3,1397,True,63,2,3507.1415816326535,1169.047193877551
Topstep XFA $50K,3,1398,True,62,2,3573.9665816326533,1210.5370679723503
Topstep XFA $50K,3,1399,True,61,2,3643.8290816326535,1254.4329625292742
Topstep XFA $50K,3,1400,True,60,2,3714.7040816326535,1300.1464285714287
Topstep XFA $50K,3,1401,True,59,2,3787.604081632653,1348.1302663438257
Topstep XFA $50K,3,1402,True,58,2,3756.7124999999996,1360.1890086206895
Topstep XFA $50K,3,1403,True,57,2,3792.15,1397.1078947368421
Topstep XFA $50K,3,1404,True,56,2,3826.5750000000003,1434.9656250000003
Topstep XFA $50K,3,1405,True,35,1,2112.75,1267.6499999999999
Topstep XFA $50K,3,1406,True,35,1,3020.625,1812.375
Topstep XFA $50K,3,1407,True,35,1,1792.125,1075.2749999999999
Topstep XFA $50K,3,1408,True,35,1,1765.8,1059.48
Topstep XFA $50K,3,1409,True,34,1,1734.075,1071.0463235294117
Topstep XFA $50K,3,1410,True,33,1,1700.325,1082.025
Topstep XFA $50K,3,1411,True,32,1,1656.45,1087.0453125000001
Topstep XFA $50K,3,1412,True,46,1,1213.65,554.0576086956521
Topstep XFA $50K,3,1413,True,45,1,1272.375,593.775
Topstep XFA $50K,3,1414,True,44,1,1331.1000000000001,635.2977272727273
Topstep XFA $50K,3,1415,True,43,1,1390.5,679.0813953488373
Topstep XFA $50K,3,1416,True,24,0,0.0,0.0
Topstep XFA $50K,3,1417,True,23,0,0.0,0.0
Topstep XFA $50K,3,1418,True,22,0,0.0,0.0
Topstep XFA $50K,3,1419,True,21,0,0.0,0.0
Topstep XFA $50K,3,1420,True,20,0,0.0,0.0
Topstep XFA $50K,3,1421,True,20,0,0.0,0.0
Topstep XFA $50K,3,1422,True,20,0,0.0,0.0
Topstep XFA $50K,3,1423,True,20,0,0.0,0.0
Topstep XFA $50K,3,1424,True,19,0,0.0,0.0
Topstep XFA $50K,3,1425,True,18,0,0.0,0.0
Topstep XFA $50K,3,1426,True,17,0,0.0,0.0
Topstep XFA $50K,3,1427,True,16,0,0.0,0.0
Topstep XFA $50K,3,1428,True,15,0,0.0,0.0
Topstep XFA $50K,3,1429,True,14,0,0.0,0.0
Topstep XFA $50K,3,1430,True,13,0,0.0,0.0
Topstep XFA $50K,3,1431,True,12,0,0.0,0.0
Topstep XFA $50K,3,1432,True,11,0,0.0,0.0
Topstep XFA $50K,3,1433,True,25,0,0.0,0.0
Topstep XFA $50K,3,1434,True,24,0,0.0,0.0
Topstep XFA $50K,3,1435,True,23,0,0.0,0.0
Topstep XFA $50K,3,1436,True,22,0,0.0,0.0
Topstep XFA $50K,3,1437,True,21,0,0.0,0.0
Topstep XFA $50K,3,1438,True,20,0,0.0,0.0
Topstep XFA $50K,3,1439,True,19,0,0.0,0.0
Topstep XFA $50K,3,1440,True,18,0,0.0,0.0
Topstep XFA $50K,3,1441,True,17,0,0.0,0.0
Topstep XFA $50K,3,1442,True,16,0,0.0,0.0
Topstep XFA $50K,3,1443,True,15,0,0.0,0.0
Topstep XFA $50K,3,1444,True,14,0,0.0,0.0
Topstep XFA $50K,3,1445,True,13,0,0.0,0.0
Topstep XFA $50K,3,1446,True,14,0,0.0,0.0
Topstep XFA $50K,3,1447,True,92,4,3571.166911764706,815.1576646419437
Topstep XFA $50K,3,1448,True,91,4,3714.1825367647057,857.1190469457014
Topstep XFA $50K,3,1449,True,90,4,3860.9950367647057,900.8988419117646
Topstep XFA $50K,3,1450,True,89,4,4100.113786764706,967.4425788995374
Topstep XFA $50K,3,1451,True,88,4,4233.426286764706,1010.2494547961229
Topstep XFA $50K,3,1452,True,87,4,4378.213786764705,1056.8102243914805
Topstep XFA $50K,3,1453,True,86,4,4529.751286764706,1106.1020583960328
Topstep XFA $50K,3,1454,True,85,4,4667.282536764706,1153.0933326124568
Topstep XFA $50K,3,1455,True,84,4,4768.279411764706,1192.0698529411766
Topstep XFA $50K,3,1456,True,83,4,4900.663786764706,1239.9269821934797
Topstep XFA $50K,3,1457,True,82,4,4897.710661764706,1254.2917548421808
Topstep XFA $50K,3,1458,True,81,4,5032.963786764706,1304.8424632352942
Topstep XFA $50K,3,1459,True,80,4,5030.432536764706,1320.4885409007354
Topstep XFA $50K,3,1460,True,79,4,5155.813786764706,1370.5327787602382
Topstep XFA $50K,3,1461,True,78,4,4602.651286764705,1239.1753464366514
Topstep XFA $50K,3,1462,True,77,4,3867.0675551470586,1054.6547877673797
Topstep XFA $50K,3,1463,True,76,4,3991.0988051470586,1102.8036172116872
Topstep XFA $50K,3,1464,True,75,3,3071.245036764706,859.9486102941177
Topstep XFA $50K,3,1465,True,74,3,3189.370036764706,905.0914969197139
Topstep XFA $50K,3,1466,True,73,3,3306.3137867647056,951.1313633158742
Topstep XFA $50K,3,1467,True,72,3,3311.038786764706,965.7196461397059
Topstep XFA $50K,3,1468,True,71,3,3423.257536764706,1012.5127925642088
Topstep XFA $50K,3,1469,True,69,3,2728.3450367647056,830.3658807544756
Topstep XFA $50K,3,1470,True,69,3,2841.745036764706,864.8789242327367
Topstep XFA $50K,3,1471,True,68,3,2953.963786764706,912.2535223832181
Topstep XFA $50K,3,1472,True,67,3,3000.370036764706,940.4144891352063
Topstep XFA $50K,3,1473,True,66,3,3106.682536764706,988.4898980614975
Topstep XFA $50K,3,1474,True,65,3,3211.8137867647056,1037.6629157239818
Topstep XFA $50K,3,1475,True,64,3,3319.307536764706,1089.1477855009193
Topstep XFA $50K,3,1476,True,63,3,3325.888786764706,1108.6295955882354
Topstep XFA $50K,3,1477,True,62,3,3591.838786764706,1216.5905568074004
Topstep XFA $50K,3,1478,True,61,3,3516.6581801470584,1210.6528161162005
Topstep XFA $50K,3,1479,True,60,3,2921.6456801470586,1022.5759880514705
Topstep XFA $50K,3,1480,True,58,3,3552.9394301470584,1286.4091040187625
Topstep XFA $50K,3,1481,True,57,3,3613.858180147059,1331.4214347910217
Topstep XFA $50K,3,1482,True,56,3,3509.2331801470586,1315.9624425551472
Topstep XFA $50K,3,1483,True,56,3,4151.326930147059,1556.7475988051472
Topstep XFA $50K,3,1484,True,55,3,4140.695680147059,1580.9928960561497
Topstep XFA $50K,3,1485,True,56,3,4307.083180147059,1615.156192555147
Topstep XFA $50K,3,1486,True,53,2,3738.9887867647058,1481.4861230577137
Topstep XFA $50K,3,1487,True,52,2,3578.338786764706,1445.098356193439
Topstep XFA $50K,3,1488,True,51,2,3584.7512867647056,1476.0740592560553
Topstep XFA $50K,3,1489,True,50,2,2975.5637867647056,1249.7367904411763
Topstep XFA $50K,3,1490,True,49,2,2978.601286764706,1276.5434086134453
Topstep XFA $50K,3,1491,True,47,2,2285.3762867647056,1021.1255749374217
Topstep XFA $50K,3,1492,True,47,2,2317.6894301470584,1035.5633624061325
Topstep XFA $50K,3,1493,True,46,2,2027.4394301470588,925.5701746323529
Topstep XFA $50K,3,1494,True,44,2,2667.001930147059,1272.8872848429144
Topstep XFA $50K,3,1495,True,43,2,2729.1019301470587,1332.8172216997264
Topstep XFA $50K,3,1496,True,42,2,2721.339430147059,1360.6697150735295
Topstep XFA $50K,3,1497,True,42,2,2124.3019301470586,1062.1509650735293
Topstep XFA $50K,3,1498,True,41,2,2121.939430147059,1086.847025197274
Topstep XFA $50K,3,1499,True,42,2,1057.464430147059,528.7322150735295
Topstep XFA $50K,3,1500,True,38,1,872.601286764706,482.2270268962849
Topstep XFA $50K,3,1501,True,37,1,821.3012867647059,466.1439735691574
Topstep XFA $50K,3,1502,True,36,1,830.7512867647058,484.6049172794117
Topstep XFA $50K,3,1503,True,35,1,838.1762867647059,502.9057720588235
Topstep XFA $50K,3,1504,True,34,1,844.2512867647058,521.4493241782006
Topstep XFA $50K,3,1505,True,33,1,604.6262867647059,384.76218248663105
Topstep XFA $50K,3,1506,True,32,1,544.0500000000001,357.0328125000001
Topstep XFA $50K,3,1507,True,31,1,537.3000000000001,363.97741935483873
Topstep XFA $50K,3,1508,True,30,1,671.625,470.1375
Topstep XFA $50K,3,1509,True,29,1,725.625,525.4525862068965
Topstep XFA $50K,3,1510,True,28,1,712.8000000000001,534.6000000000001
Topstep XFA $50K,3,1511,True,28,1,535.95,401.96250000000003
Topstep XFA $50K,3,1512,True,27,1,518.4,403.19999999999993
Topstep XFA $50K,3,1513,True,28,1,498.825,374.11875000000003
Topstep XFA $50K,3,1514,True,24,0,0.0,0.0
Topstep XFA $50K,3,1515,True,23,0,0.0,0.0
Topstep XFA $50K,3,1516,True,22,0,0.0,0.0
Topstep XFA $50K,3,1517,True,21,0,0.0,0.0
Topstep XFA $50K,3,1518,True,20,0,0.0,0.0
Topstep XFA $50K,3,1519,True,19,0,0.0,0.0
Topstep XFA $50K,3,1520,True,18,0,0.0,0.0
Topstep XFA $50K,3,1521,True,17,0,0.0,0.0
Topstep XFA $50K,3,1522,True,16,0,0.0,0.0
Topstep XFA $50K,3,1523,True,15,0,0.0,0.0
Topstep XFA $50K,3,1524,True,14,0,0.0,0.0
Topstep XFA $50K,3,1525,True,13,0,0.0,0.0
Topstep XFA $50K,3,1526,True,13,0,0.0,0.0
Topstep XFA $50K,3,1527,True,12,0,0.0,0.0
Topstep XFA $50K,3,1528,True,13,0,0.0,0.0
Topstep XFA $50K,3,1529,True,13,0,0.0,0.0
Topstep XFA $50K,3,1530,True,13,0,0.0,0.0
Topstep XFA $50K,3,1531,True,13,0,0.0,0.0
Topstep XFA $50K,3,1532,True,13,0,0.0,0.0
Topstep XFA $50K,3,1533,True,13,0,0.0,0.0
Topstep XFA $50K,3,1534,True,13,0,0.0,0.0
Topstep XFA $50K,3,1535,True,13,0,0.0,0.0
Topstep XFA $50K,3,1536,True,13,0,0.0,0.0
Topstep XFA $50K,3,1537,True,34,0,0.0,0.0
Topstep XFA $50K,3,1538,True,34,0,0.0,0.0
Topstep XFA $50K,3,1539,True,33,0,0.0,0.0
Topstep XFA $50K,3,1540,True,32,0,0.0,0.0
Topstep XFA $50K,3,1541,True,31,0,0.0,0.0
Topstep XFA $50K,3,1542,True,30,0,0.0,0.0
Topstep XFA $50K,3,1543,True,29,0,0.0,0.0
Topstep XFA $50K,3,1544,True,28,0,0.0,0.0
Topstep XFA $50K,3,1545,True,27,0,0.0,0.0
Topstep XFA $50K,3,1546,True,26,0,0.0,0.0
Topstep XFA $50K,3,1547,True,25,0,0.0,0.0
Topstep XFA $50K,3,1548,True,24,0,0.0,0.0
Topstep XFA $50K,3,1549,True,23,0,0.0,0.0
Topstep XFA $50K,3,1550,True,22,0,0.0,0.0
Topstep XFA $50K,3,1551,True,21,0,0.0,0.0
Topstep XFA $50K,3,1552,True,20,0,0.0,0.0
Topstep XFA $50K,3,1553,True,19,0,0.0,0.0
Topstep XFA $50K,3,1554,True,18,0,0.0,0.0
Topstep XFA $50K,3,1555,True,17,0,0.0,0.0
Topstep XFA $50K,3,1556,True,16,0,0.0,0.0
Topstep XFA $50K,3,1557,True,16,0,0.0,0.0
Topstep XFA $50K,3,1558,True,15,0,0.0,0.0
Topstep XFA $50K,3,1559,True,15,0,0.0,0.0
Topstep XFA $50K,3,1560,True,14,0,0.0,0.0
Topstep XFA $50K,3,1561,True,14,0,0.0,0.0
Topstep XFA $50K,3,1562,True,13,0,0.0,0.0
Topstep XFA $50K,3,1563,True,13,0,0.0,0.0
Topstep XFA $50K,3,1564,True,12,0,0.0,0.0
Topstep XFA $50K,3,1565,True,13,0,0.0,0.0
Topstep XFA $50K,3,1566,True,13,0,0.0,0.0
Topstep XFA $50K,3,1567,True,12,0,0.0,0.0
Topstep XFA $50K,3,1568,True,31,1,806.625,546.4233870967741
Topstep XFA $50K,3,1569,True,30,1,809.325,566.5275
Topstep XFA $50K,3,1570,True,29,1,892.35,646.1844827586207
Topstep XFA $50K,3,1571,True,28,1,978.075,733.5562500000001
Topstep XFA $50K,3,1572,True,27,1,1065.825,828.975
Topstep XFA $50K,3,1573,True,26,1,1157.625,935.0048076923076
Topstep XFA $50K,3,1574,True,25,1,1249.425,1049.517
Topstep XFA $50K,3,1575,True,24,1,1260.9,1103.2875000000001
Topstep XFA $50K,3,1576,True,23,1,1270.3500000000001,1159.8847826086956
Topstep XFA $50K,3,1577,True,23,1,2157.3,1969.708695652174
Topstep XFA $50K,3,1578,True,22,1,2164.05,2065.684090909091
Topstep XFA $50K,3,1579,True,21,1,2162.025,2162.025
Topstep XFA $50K,3,1580,True,21,1,1790.775,1790.775
Topstep XFA $50K,3,1581,True,21,1,1758.375,1758.375
Topstep XFA $50K,3,1582,True,21,1,1621.3500000000001,1621.3500000000001
Topstep XFA $50K,3,1583,True,16,0,0.0,0.0
Topstep XFA $50K,3,1584,True,15,0,0.0,0.0
Topstep XFA $50K,3,1585,True,14,0,0.0,0.0
Topstep XFA $50K,3,1586,True,18,0,0.0,0.0
Topstep XFA $50K,3,1587,True,17,0,0.0,0.0
Topstep XFA $50K,3,1588,True,11,0,0.0,0.0
Topstep XFA $50K,3,1589,True,10,0,0.0,0.0
Topstep XFA $50K,3,1590,True,9,0,0.0,0.0
Topstep XFA $50K,3,1591,True,8,0,0.0,0.0
Topstep XFA $50K,3,1592,True,8,0,0.0,0.0
Topstep XFA $50K,3,1593,True,7,0,0.0,0.0
Topstep XFA $50K,3,1594,True,6,0,0.0,0.0
Topstep XFA $50K,3,1595,True,6,0,0.0,0.0
Topstep XFA $50K,3,1596,True,6,0,0.0,0.0
Topstep XFA $50K,3,1597,True,6,0,0.0,0.0
Topstep XFA $50K,3,1598,True,6,0,0.0,0.0
Topstep XFA $50K,3,1599,True,6,0,0.0,0.0
Topstep XFA $50K,3,1600,True,17,0,0.0,0.0
Topstep XFA $50K,3,1601,True,16,0,0.0,0.0
Topstep XFA $50K,3,1602,True,15,0,0.0,0.0
Topstep XFA $50K,3,1603,True,14,0,0.0,0.0
Topstep XFA $50K,3,1604,True,160,7,3473.06484375,455.83976074218754
Topstep XFA $50K,3,1605,True,159,7,3767.7445312500004,497.62663620283024
Topstep XFA $50K,3,1606,True,11,0,0.0,0.0
Topstep XFA $50K,3,1607,True,10,0,0.0,0.0
Topstep XFA $50K,3,1608,True,9,0,0.0,0.0
Topstep XFA $50K,3,1609,True,8,0,0.0,0.0
Topstep XFA $50K,3,1610,True,8,0,0.0,0.0
Topstep XFA $50K,3,1611,True,54,1,236.25,91.875
Topstep XFA $50K,3,1612,True,152,5,1863.2531250000002,257.4231291118421
Topstep XFA $50K,3,1613,True,151,5,2102.5828125000003,292.41217922185433
Topstep XFA $50K,3,1614,True,150,6,2335.0359375,326.90503125
Topstep XFA $50K,3,1615,True,149,6,2560.95,360.9392617449664
Topstep XFA $50K,3,1616,True,148,6,2782.87734375,394.86773120777025
Topstep XFA $50K,3,1617,True,147,6,2999.4890625,428.49843749999997
Topstep XFA $50K,3,1618,True,146,6,3206.8828125,461.2639661815068
Topstep XFA $50K,3,1619,True,56,1,637.875,239.203125
Topstep XFA $50K,3,1620,True,55,1,746.5500000000001,285.04636363636365
Topstep XFA $50K,3,1621,True,143,6,2394.39375,351.624256993007
Topstep XFA $50K,3,1622,True,142,6,2590.03828125,383.03383032570423
Topstep XFA $50K,3,1623,True,42,0,0.0,0.0
Topstep XFA $50K,3,1624,True,41,0,0.0,0.0
Topstep XFA $50K,3,1625,True,82,1,0.675,0.1728658536585366
Topstep XFA $50K,3,1626,True,138,4,1511.915625,230.0741168478261
Topstep XFA $50K,3,1627,True,137,4,1677.7125,257.16760948905113
Topstep XFA $50K,3,1628,True,136,5,1843.4250000000002,284.6465073529412
Topstep XFA $50K,3,1629,True,135,5,2010.8249999999998,312.79499999999996
Topstep XFA $50K,3,1630,True,134,5,2171.30625,340.27933768656715
Topstep XFA $50K,3,1631,True,34,0,0.0,0.0
Topstep XFA $50K,3,1632,True,33,0,0.0,0.0
Topstep XFA $50K,3,1633,True,32,0,0.0,0.0
Topstep XFA $50K,3,1634,True,31,0,0.0,0.0
Topstep XFA $50K,3,1635,True,40,0,0.0,0.0
Topstep XFA $50K,3,1636,True,41,0,0.0,0.0
Topstep XFA $50K,3,1637,True,59,0,0.0,0.0
Topstep XFA $50K,3,1638,True,69,0,0.0,0.0
Topstep XFA $50K,3,1639,True,68,0,0.0,0.0
Topstep XFA $50K,3,1640,True,124,5,1593.421875,269.85370463709677
Topstep XFA $50K,3,1641,True,123,5,1728.1265625,295.0459984756098
Topstep XFA $50K,3,1642,True,122,5,1855.1109375,319.32237448770496
Topstep XFA $50K,3,1643,True,64,0,0.0,0.0
Topstep XFA $50K,3,1644,True,120,3,1459.0125,255.3271875
Topstep XFA $50K,3,1645,True,119,4,1578.571875,278.5715073529412
Topstep XFA $50K,3,1646,True,118,3,1434.2062500000002,255.2400953389831
Topstep XFA $50K,3,1647,True,117,3,1548.7875,277.9875
Topstep XFA $50K,3,1648,True,116,4,1674.759375,303.1891971982759
Topstep XFA $50K,3,1649,True,115,4,1801.321875,328.93703804347825
Topstep XFA $50K,3,1650,True,114,4,1638.5625,301.8404605263158
Topstep XFA $50K,3,1651,True,113,4,1762.59375,327.56167035398227
Topstep XFA $50K,3,1652,True,112,4,1884.09375,353.267578125
Topstep XFA $50K,3,1653,True,111,4,2004.328125,379.19721283783787
Topstep XFA $50K,3,1654,True,110,5,2113.5515625000003,403.49620738636366
Topstep XFA $50K,3,1655,True,109,3,1527.525,294.29380733944953
Topstep XFA $50K,3,1656,True,108,4,1639.321875,318.75703125
Topstep XFA $50K,3,1657,True,107,4,1751.9625,343.84310747663557
Topstep XFA $50K,3,1658,True,106,4,1863.3375,369.15176886792455
Topstep XFA $50K,3,1659,True,105,4,1679.0625,335.8125
Topstep XFA $50K,3,1660,True,104,4,1782.84375,359.9972956730769
Topstep XFA $50K,3,1661,True,103,4,1787.90625,364.5245752427184
Topstep XFA $50K,3,1662,True,102,4,1889.15625,388.94393382352945
Topstep XFA $50K,3,1663,True,101,4,1987.875,413.32054455445547
Topstep XFA $50K,3,1664,True,100,4,2085.328125,437.91890625
Topstep XFA $50K,3,1665,True,99,4,2174.5125,461.2602272727272
Topstep XFA $50K,3,1666,True,101,5,2571.8765625,534.7466120049505
Topstep XFA $50K,3,1667,True,100,5,2463.665625,517.3697812500001
Topstep XFA $50K,3,1668,True,96,4,1981.884375,433.53720703125003
Topstep XFA $50K,3,1669,True,95,4,2067.01875,456.9199342105264
Topstep XFA $50K,3,1670,True,94,4,2152.321875,480.83786569148936
Topstep XFA $50K,3,1671,True,93,4,2236.275,504.96532258064514
Topstep XFA $50K,3,1672,True,92,4,2031.1593750000002,463.6342051630435
Topstep XFA $50K,3,1673,True,91,4,2117.221875,488.5896634615385
Topstep XFA $50K,3,1674,True,90,4,2200.753125,513.5090625
Topstep XFA $50K,3,1675,True,89,4,2285.55,539.2870786516854
Topstep XFA $50K,3,1676,True,88,4,2370.346875,565.6509588068182
Topstep XFA $50K,3,1677,True,87,4,2461.471875,594.1483836206896
Topstep XFA $50K,3,1678,True,86,3,1630.96875,398.2598110465117
Topstep XFA $50K,3,1679,True,85,3,1729.0125000000003,427.16779411764713
Topstep XFA $50K,3,1680,True,84,3,1828.2375000000002,457.05937500000005
Topstep XFA $50K,3,1681,True,83,3,1928.6437500000002,487.97010542168675
Topstep XFA $50K,3,1682,True,82,3,1557.05625,398.7583079268293
Topstep XFA $50K,3,1683,True,81,3,1658.6437500000002,430.01875000000007
Topstep XFA $50K,3,1684,True,80,3,1757.86875,461.44054687500005
Topstep XFA $50K,3,1685,True,79,3,1590.80625,422.87254746835447
Topstep XFA $50K,3,1686,True,78,3,1595.53125,429.5661057692308
Topstep XFA $50K,3,1687,True,77,3,1691.2125,461.2397727272728
Topstep XFA $50K,3,1688,True,76,3,1785.7125,493.42055921052633
Topstep XFA $50K,3,1689,True,75,3,1876.6687500000003,525.46725
Topstep XFA $50K,3,1690,True,77,4,2273.821875,620.1332386363637
Topstep XFA $50K,3,1691,True,76,4,2378.86875,657.3189967105263
Topstep XFA $50K,3,1692,True,75,4,2483.915625,695.496375
Topstep XFA $50K,3,1693,True,74,4,2594.025,736.1422297297298
Topstep XFA $50K,3,1694,True,73,4,2700.3375000000005,776.8094178082193
Topstep XFA $50K,3,1695,True,72,4,2804.11875,817.86796875
Topstep XFA $50K,3,1696,True,71,4,2899.2093750000004,857.5126320422536
Topstep XFA $50K,3,1697,True,67,3,1786.8937500000002,560.0711753731343
Topstep XFA $50K,3,1698,True,66,3,1884.9375,599.7528409090909
Topstep XFA $50K,3,1699,True,65,3,1889.6625,610.5063461538462
Topstep XFA $50K,3,1700,True,64,3,1987.7062500000002,652.21611328125
Topstep XFA $50K,3,1701,True,63,3,2354.4,784.8000000000001
Topstep XFA $50K,3,1702,True,62,3,2452.95,830.8379032258064
Topstep XFA $50K,3,1703,True,61,3,2542.55625,875.3062500000001
Topstep XFA $50K,3,1704,True,60,3,2628.7875000000004,920.0756250000001
Topstep XFA $50K,3,1705,True,59,3,2712.65625,965.521716101695
Topstep XFA $50K,3,1706,True,58,3,2795.5125,1012.1683189655172
Topstep XFA $50K,3,1707,True,57,3,2888.15625,1064.0575657894735
Topstep XFA $50K,3,1708,True,56,3,2357.9437500000004,884.2289062500001
Topstep XFA $50K,3,1709,True,58,3,2244.7125,812.7407327586208
Topstep XFA $50K,3,1710,True,57,3,2330.9437500000004,858.7687500000001
Topstep XFA $50K,3,1711,True,56,3,2419.5375000000004,907.3265625000001
Topstep XFA $50K,3,1712,True,55,3,2391.8625,913.256590909091
Topstep XFA $50K,3,1713,True,55,3,2429.83125,927.7537500000001
Topstep XFA $50K,3,1714,True,50,2,1544.7375000000002,648.78975
Topstep XFA $50K,3,1715,True,49,2,1338.525,573.6535714285715
Topstep XFA $50K,3,1716,True,48,2,1342.575,587.3765625000001
Topstep XFA $50K,3,1717,True,47,2,1421.55,635.1606382978723
Topstep XFA $50K,3,1718,True,46,2,1499.5125,684.560054347826
Topstep XFA $50K,3,1719,True,45,2,1577.475,736.155
Topstep XFA $50K,3,1720,True,44,2,1654.425,789.6119318181818
Topstep XFA $50K,3,1721,True,43,2,1658.475,809.9529069767442
Topstep XFA $50K,3,1722,True,42,2,1735.425,867.7125
Topstep XFA $50K,3,1723,True,42,2,1772.8875,886.44375
Topstep XFA $50K,3,1724,True,41,2,1916.6625000000001,981.7051829268294
Topstep XFA $50K,3,1725,True,42,2,1044.5625,522.28125
Topstep XFA $50K,3,1726,True,41,2,872.7750000000001,447.0310975609757
Topstep XFA $50K,3,1727,True,41,2,911.925,467.08353658536583
Topstep XFA $50K,3,1728,True,34,1,990.225,611.6095588235294
Topstep XFA $50K,3,1729,True,34,1,1168.425,721.6742647058824
Topstep XFA $50K,3,1730,True,33,1,1166.4,742.2545454545456
Topstep XFA $50K,3,1731,True,33,1,1163.025,740.1068181818182
Topstep XFA $50K,3,1732,True,32,1,1161.675,762.34921875
Topstep XFA $50K,3,1733,True,31,1,853.2,577.9741935483871
Topstep XFA $50K,3,1734,True,30,1,847.125,592.9875
Topstep XFA $50K,3,1735,True,29,1,834.975,604.6370689655173
Topstep XFA $50K,3,1736,True,28,1,380.7,285.52500000000003
Topstep XFA $50K,3,1737,True,28,1,451.575,338.68125000000003
Topstep XFA $50K,3,1738,True,27,1,66.825,51.975
Topstep XFA $50K,3,1739,True,27,1,138.375,107.62499999999999
Topstep XFA $50K,3,1740,True,27,1,123.525,96.075
Topstep XFA $50K,3,1741,True,27,1,193.05,150.15
Topstep XFA $50K,3,1742,True,20,0,0.0,0.0
Topstep XFA $50K,3,1743,True,19,0,0.0,0.0
Topstep XFA $50K,3,1744,True,19,0,0.0,0.0
Topstep XFA $50K,3,1745,True,18,0,0.0,0.0
Topstep XFA $50K,3,1746,True,18,0,0.0,0.0
Topstep XFA $50K,3,1747,True,17,0,0.0,0.0
Topstep XFA $50K,3,1748,True,16,0,0.0,0.0
Topstep XFA $50K,3,1749,True,15,0,0.0,0.0
Topstep XFA $50K,3,1750,True,14,0,0.0,0.0
Topstep XFA $50K,3,1751,True,13,0,0.0,0.0
Topstep XFA $50K,3,1752,True,13,0,0.0,0.0
Topstep XFA $50K,3,1753,True,12,0,0.0,0.0
Topstep XFA $50K,3,1754,True,13,0,0.0,0.0
Topstep XFA $50K,3,1755,True,12,0,0.0,0.0
Topstep XFA $50K,3,1756,True,12,0,0.0,0.0
Topstep XFA $50K,3,1757,True,12,0,0.0,0.0
Topstep XFA $50K,3,1758,True,12,0,0.0,0.0
Topstep XFA $50K,3,1759,True,11,0,0.0,0.0
Topstep XFA $50K,3,1760,False,191,10,17018.18442105556,1871.1092818961613
Topstep XFA $50K,3,1761,False,190,10,17076.58396101226,1887.4119114803025
Topstep XFA $50K,3,1762,False,189,10,17272.142798902885,1919.126977655876
Topstep XFA $50K,3,1763,False,188,10,17460.958228590385,1950.4261851085005
Topstep XFA $50K,3,1764,False,187,10,17644.378931715386,1981.4543185348828
Topstep XFA $50K,3,1765,False,186,10,17817.010181715385,2011.5979237420595
Topstep XFA $50K,3,1766,False,185,10,17985.59538679351,2041.6081249873712
Topstep XFA $50K,3,1767,False,184,10,18148.785865309135,2071.3288215841944
Topstep XFA $50K,3,1768,False,183,10,18309.27898054351,2101.0648010459768
Topstep XFA $50K,3,1769,False,182,10,18464.249488356014,2130.4903255795402
Topstep XFA $50K,3,1770,False,181,10,18619.214722731012,2160.2403821953108
Topstep XFA $50K,3,1771,True,72,4,6454.0125,1882.4203125000001
Topstep XFA $50K,3,1772,True,71,4,6604.621875000001,1953.4797095070426
Topstep XFA $50K,3,1773,True,70,4,6756.496875000001,2026.9490625
Topstep XFA $50K,3,1774,True,65,3,4146.01875,1339.4829807692308
Topstep XFA $50K,3,1775,True,64,3,4288.950000000001,1407.3117187500004
Topstep XFA $50K,3,1776,True,63,3,4435.425,1478.4750000000001
Topstep XFA $50K,3,1777,True,62,3,4581.9,1551.9338709677418
Topstep XFA $50K,3,1778,True,61,3,4723.65,1626.1745901639345
Topstep XFA $50K,3,1779,True,60,3,4852.40625,1698.3421875
Topstep XFA $50K,3,1780,True,60,3,5424.13125,1898.4459375000001
Topstep XFA $50K,3,1781,True,60,3,5398.3125,1889.409375
Topstep XFA $50K,3,1782,True,61,3,4314.76875,1485.412192622951
Topstep XFA $50K,3,1783,False,168,9,14442.48083601226,1805.3101045015326
Topstep XFA $50K,3,1784,False,167,9,14578.56452741851,1833.2326651244832
Topstep XFA $50K,3,1785,False,166,9,14714.64821882476,1861.4916421404814
Topstep XFA $50K,3,1786,False,165,9,14845.693140699763,1889.451854270879
Topstep XFA $50K,3,1787,False,164,9,14974.05651960601,1917.4096762910135
Topstep XFA $50K,3,1788,True,55,3,5012.887500000001,1914.0115909090912
Topstep XFA $50K,3,1789,True,54,3,4408.7625,1714.5187499999997
Topstep XFA $50K,3,1790,False,161,9,14734.98523054351,1921.9545952882838
Topstep XFA $50K,3,1791,True,48,2,4582.2375,2004.7289062500001
Topstep XFA $50K,3,1792,True,47,2,4643.325,2074.677127659574
Topstep XFA $50K,3,1793,True,46,2,4055.0625,1851.2241847826085
Topstep XFA $50K,3,1794,True,46,2,4619.7,2108.9934782608693
Topstep XFA $50K,3,1795,True,46,2,4595.0625,2097.7459239130435
Topstep XFA $50K,3,1796,True,46,2,4472.887500000001,2041.9703804347828
Topstep XFA $50K,3,1797,True,46,2,4454.6625,2033.6502717391304
Topstep XFA $50K,3,1798,False,153,8,14818.34509382476,2033.8905030739868
Topstep XFA $50K,3,1799,False,152,8,14418.228296949761,1991.9920673417432
Topstep XFA $50K,3,1800,False,151,8,14551.967945387261,2023.7836215439238
Topstep XFA $50K,3,1801,False,150,8,14684.37341413726,2055.8122779792166
Topstep XFA $50K,3,1802,True,41,2,4150.575000000001,2125.9042682926834
Topstep XFA $50K,3,1803,True,40,2,4122.900000000001,2164.5225000000005
Topstep XFA $50K,3,1804,False,147,8,13103.328296949761,1871.9040424213945
Topstep XFA $50K,3,1805,True,34,1,1523.4750000000001,940.9698529411766
Topstep XFA $50K,3,1806,True,33,1,1601.775,1019.3113636363637
Topstep XFA $50K,3,1807,True,32,1,1684.8,1105.65
Topstep XFA $50K,3,1808,True,32,1,2274.75,1492.8046875
Topstep XFA $50K,3,1809,True,32,1,2277.4500000000003,1494.5765625000004
Topstep XFA $50K,3,1810,True,32,1,2282.85,1498.1203125
Topstep XFA $50K,3,1811,True,32,1,2282.85,1498.1203125
Topstep XFA $50K,3,1812,True,31,1,726.975,492.46693548387094
Topstep XFA $50K,3,1813,True,30,1,727.65,509.35499999999996
Topstep XFA $50K,3,1814,True,29,1,728.325,527.4077586206897
Topstep XFA $50K,3,1815,True,28,1,723.6,542.7
Topstep XFA $50K,3,1816,True,27,1,714.15,555.4499999999999
Topstep XFA $50K,3,1817,True,26,1,706.725,570.8163461538461
Topstep XFA $50K,3,1818,False,133,7,8294.586109449761,1309.671490965752
Topstep XFA $50K,3,1819,False,132,7,8457.93610944976,1345.580744685189
Topstep XFA $50K,3,1820,False,131,7,8621.26501569976,1382.0348498449998
Topstep XFA $50K,3,1821,True,18,0,0.0,0.0
Topstep XFA $50K,3,1822,True,17,0,0.0,0.0
Topstep XFA $50K,3,1823,True,17,0,0.0,0.0
Topstep XFA $50K,3,1824,True,17,0,0.0,0.0
Topstep XFA $50K,3,1825,True,17,0,0.0,0.0
Topstep XFA $50K,3,1826,True,17,0,0.0,0.0
Topstep XFA $50K,3,1827,True,16,0,0.0,0.0
Topstep XFA $50K,3,1828,True,15,0,0.0,0.0
Topstep XFA $50K,3,1829,True,14,0,0.0,0.0
Topstep XFA $50K,3,1830,True,13,0,0.0,0.0
Topstep XFA $50K,3,1831,True,12,0,0.0,0.0
Topstep XFA $50K,3,1832,True,11,0,0.0,0.0
Topstep XFA $50K,3,1833,False,118,6,7541.750171949761,1342.175878058856
Topstep XFA $50K,3,1834,False,117,6,7721.152515699761,1385.8478874332905
Topstep XFA $50K,3,1835,False,116,6,7899.2259531997615,1430.0322846309914
Topstep XFA $50K,3,1836,False,115,6,8070.654859449761,1473.7717569429997
Topstep XFA $50K,3,1837,False,114,6,8242.083765699761,1518.278588418377
Topstep XFA $50K,3,1838,False,113,6,8412.18376569976,1563.3261865459729
Topstep XFA $50K,3,1839,False,112,6,8587.599390699761,1610.1748857562052
Topstep XFA $50K,3,1840,False,111,6,8765.672828199762,1658.37053506482
Topstep XFA $50K,3,1841,False,110,6,8938.135328199762,1706.3712899290454
Topstep XFA $50K,3,1842,False,109,6,9056.78767194976,1744.88569826555
Topstep XFA $50K,3,1843,True,86,4,5968.736079545455,1457.4820659355182
Topstep XFA $50K,3,1844,True,85,4,4433.026704545455,1095.2183622994653
Topstep XFA $50K,3,1845,True,84,4,4606.417329545455,1151.6043323863637
Topstep XFA $50K,3,1846,True,83,4,4789.932954545455,1211.910747535597
Topstep XFA $50K,3,1847,True,82,4,4898.270454545455,1254.4351164079826
Topstep XFA $50K,3,1848,True,69,4,7222.632954545454,2198.192638339921
Topstep XFA $50K,3,1849,True,68,4,7370.120454545455,2276.0666109625668
Topstep XFA $50K,3,1850,False,101,5,8057.914234449761,1675.4079101331188
Topstep XFA $50K,3,1851,False,100,5,8254.086109449761,1733.35808298445
Topstep XFA $50K,3,1852,False,99,5,8445.02673444976,1791.3693073075249
Topstep XFA $50K,3,1853,False,98,5,8629.42829694976,1849.1632064892342
Topstep XFA $50K,3,1854,False,97,5,7148.3939219497615,1547.5904367107732
Topstep XFA $50K,3,1855,False,96,5,7331.4876719497615,1603.7629282390105
Topstep XFA $50K,3,1856,False,95,5,7464.75798444976,1650.1043965625786
Topstep XFA $50K,3,1857,True,72,3,4453.782954545455,1299.020028409091
Topstep XFA $50K,3,1858,True,71,3,4821.489204545454,1426.0742717669655
Topstep XFA $50K,3,1859,True,70,3,4910.251704545455,1473.0755113636365
Topstep XFA $50K,3,1860,True,69,3,3949.557954545455,1202.039377470356
Topstep XFA $50K,3,1861,True,68,3,4037.645454545455,1246.9199197860964
Topstep XFA $50K,3,1862,True,55,3,6341.757954545455,2421.3984917355374
Topstep XFA $50K,3,1863,True,54,3,6476.589204545455,2518.6735795454542
Topstep XFA $50K,3,1864,False,87,4,7756.02048444976,1872.1428755568386
Topstep XFA $50K,3,1865,False,86,4,7905.111109449761,1930.317829051686
Topstep XFA $50K,3,1866,False,85,4,7898.445484449761,1951.380649099353
Topstep XFA $50K,3,1867,False,84,4,7380.467359449761,1845.1168398624402
Topstep XFA $50K,3,1868,False,83,4,7524.495484449761,1903.7880141378912
Topstep XFA $50K,3,1869,False,82,4,6958.7611094497615,1782.1217475420121
Topstep XFA $50K,3,1870,False,81,4,7069.79860944976,1832.910750598086
Topstep XFA $50K,3,1871,True,58,2,4088.776704545455,1480.4191516457681
Topstep XFA $50K,3,1872,True,57,2,2525.139204545455,930.3144437799044
Topstep XFA $50K,3,1873,True,56,2,2613.901704545455,980.2131392045455
Topstep XFA $50K,3,1874,True,55,2,2700.976704545455,1031.2820144628101
Topstep XFA $50K,3,1875,True,54,2,2793.7892045454546,1086.4735795454544
Topstep XFA $50K,3,1876,True,41,2,4301.739204545454,2203.329836474501
Topstep XFA $50K,3,1877,True,40,2,4435.389204545455,2328.579332386364
Topstep XFA $50K,3,1878,False,73,3,4454.004859449761,1281.2890691567807
Topstep XFA $50K,3,1879,False,72,3,4617.017359449761,1346.630063172847
Topstep XFA $50K,3,1880,False,71,3,4781.211109449761,1414.1610323724647
Topstep XFA $50K,3,1881,False,70,3,4945.404859449761,1483.6214578349282
Topstep XFA $50K,3,1882,False,69,3,5108.417359449761,1554.7357180934055
Topstep XFA $50K,3,1883,False,68,3,5267.886109449761,1626.847180859485
Topstep XFA $50K,3,1884,False,67,3,5396.642359449761,1691.484918633507
Topstep XFA $50K,3,1885,True,44,1,2247.0392045454546,1072.4505294421488
Topstep XFA $50K,3,1886,True,43,1,2334.7892045454546,1140.2458905919664
Topstep XFA $50K,3,1887,True,42,1,2422.5392045454546,1211.2696022727273
Topstep XFA $50K,3,1888,True,41,1,2507.589204545455,1284.3749584257207
Topstep XFA $50K,3,1889,True,40,1,2591.2892045454546,1360.4268323863637
Topstep XFA $50K,3,1890,True,39,1,2674.3142045454547,1440.015340909091
Topstep XFA $50K,3,1891,True,26,1,776.2142045454545,626.9422421328671
Topstep XFA $50K,3,1892,True,25,1,876.7892045454546,736.5029318181819
Topstep XFA $50K,3,1893,True,24,1,980.7392045454545,858.1468039772727
Topstep XFA $50K,3,1894,True,23,1,1100.2142045454545,1004.5434041501975
Topstep XFA $50K,3,1895,True,23,1,1090.7642045454545,995.9151432806323
Topstep XFA $50K,3,1896,True,29,1,1089.4142045454546,788.8861481191223
Topstep XFA $50K,3,1897,True,19,0,0.0,0.0
Topstep XFA $50K,3,1898,True,18,0,0.0,0.0
Topstep XFA $50K,3,1899,True,17,0,0.0,0.0
Topstep XFA $50K,3,1900,True,16,0,0.0,0.0
Topstep XFA $50K,3,1901,True,15,0,0.0,0.0
Topstep XFA $50K,3,1902,True,14,0,0.0,0.0
Topstep XFA $50K,3,1903,True,13,0,0.0,0.0
Topstep XFA $50K,3,1904,True,12,0,0.0,0.0
Topstep XFA $50K,3,1905,True,11,0,0.0,0.0
Topstep XFA $50K,3,1906,True,10,0,0.0,0.0
Topstep XFA $50K,3,1907,True,9,0,0.0,0.0
Topstep XFA $50K,3,1908,True,8,0,0.0,0.0
Topstep XFA $50K,3,1909,True,8,0,0.0,0.0
Topstep XFA $50K,3,1910,True,8,0,0.0,0.0
Topstep XFA $50K,3,1911,True,14,0,0.0,0.0
Topstep XFA $50K,3,1912,True,15,0,0.0,0.0
Topstep XFA $50K,3,1913,True,15,0,0.0,0.0
Topstep XFA $50K,3,1914,True,15,0,0.0,0.0
Topstep XFA $50K,3,1915,True,14,0,0.0,0.0
Topstep XFA $50K,3,1916,True,13,0,0.0,0.0
Topstep XFA $50K,3,1917,True,12,0,0.0,0.0
Topstep XFA $50K,3,1918,True,11,0,0.0,0.0
Topstep XFA $50K,3,1919,True,10,0,0.0,0.0
Topstep XFA $50K,3,1920,False,31,1,1137.375,770.4798387096773
Topstep XFA $50K,3,1921,False,30,1,1258.875,881.2125
Topstep XFA $50K,3,1922,False,29,1,1254.15,908.1775862068966
Topstep XFA $50K,3,1923,False,28,1,1250.775,938.0812500000001
Topstep XFA $50K,3,1924,False,27,1,1107.675,861.5249999999999
Topstep XFA $50K,3,1925,False,26,1,1109.7,896.2961538461539
Topstep XFA $50K,3,1926,False,25,1,1782.675,1497.447
Topstep XFA $50K,3,1927,False,24,1,1788.75,1565.15625
Topstep XFA $50K,3,1928,False,23,1,1800.2250000000001,1643.6836956521738
Topstep XFA $50K,3,1929,False,22,1,1815.75,1733.215909090909
Topstep XFA $50K,3,1930,False,21,1,1306.125,1306.125
Topstep XFA $50K,3,1931,False,20,1,1331.1000000000001,1397.6550000000002
Topstep XFA $50K,3,1932,False,19,1,1359.45,1502.55
Topstep XFA $50K,3,1933,False,18,0,0.0,0.0
Topstep XFA $50K,3,1934,False,17,0,0.0,0.0
Topstep XFA $50K,3,1935,False,16,0,0.0,0.0
Topstep XFA $50K,3,1936,False,15,0,0.0,0.0
Topstep XFA $50K,3,1937,False,14,0,0.0,0.0
Topstep XFA $50K,3,1938,False,13,0,0.0,0.0
Topstep XFA $50K,3,1939,False,12,0,0.0,0.0
Topstep XFA $50K,3,1940,False,11,0,0.0,0.0
Topstep XFA $50K,3,1941,False,10,0,0.0,0.0
Topstep XFA $50K,3,1942,False,9,0,0.0,0.0
Topstep XFA $50K,3,1943,False,8,0,0.0,0.0
Topstep XFA $50K,3,1944,False,7,0,0.0,0.0
Topstep XFA $50K,3,1945,False,6,0,0.0,0.0
Topstep XFA $50K,3,1946,False,5,0,0.0,0.0
Topstep XFA $50K,3,1947,False,4,0,0.0,0.0
Topstep XFA $50K,3,1948,False,3,0,0.0,0.0
Topstep XFA $50K,3,1949,False,2,0,0.0,0.0
Topstep XFA $50K,3,1950,False,1,0,0.0,0.0
LucidFlex $50K,2,0,True,567,46,6307.671952575657,233.61747972502434
LucidFlex $50K,2,1,True,566,44,5816.271952575843,215.79807597896237
LucidFlex $50K,2,2,True,565,45,5875.671952575826,218.38780708688913
LucidFlex $50K,2,3,True,564,42,5288.871952587332,196.9260833410177
LucidFlex $50K,2,4,True,563,43,5351.87195257585,199.62577443000504
LucidFlex $50K,2,5,True,562,43,5413.971952575843,202.3014430677806
LucidFlex $50K,2,6,True,561,44,5476.071952575825,204.9866506311806
LucidFlex $50K,2,7,True,560,44,5537.271952575674,207.64769822158775
LucidFlex $50K,2,8,True,559,43,5590.371952575855,210.01397317369043
LucidFlex $50K,2,9,True,558,43,5642.571952575835,212.35485843027334
LucidFlex $50K,2,10,True,557,43,5341.071952575855,201.3689605100412
LucidFlex $50K,2,11,True,556,43,5388.771952575835,203.532753604483
LucidFlex $50K,2,12,True,555,41,5167.371952587359,195.522181989792
LucidFlex $50K,2,13,True,554,41,5215.971952587338,197.71734838327455
LucidFlex $50K,2,14,True,553,41,5264.5719525873155,199.92045389572084
LucidFlex $50K,2,15,True,552,39,5055.77195258844,192.33915037021242
LucidFlex $50K,2,16,True,551,40,5100.771952587408,194.40328675922973
LucidFlex $50K,2,17,True,550,40,5144.871952587368,196.44056546242678
LucidFlex $50K,2,18,True,549,40,5188.971952587328,198.48526594596336
LucidFlex $50K,2,19,True,548,40,5228.571952587292,200.36498358454952
LucidFlex $50K,2,20,True,547,41,5271.771952575837,202.38978245720762
LucidFlex $50K,2,21,True,546,42,5314.971952575824,204.42199817599322
LucidFlex $50K,2,22,True,545,40,5140.371952587372,198.06937798960516
LucidFlex $50K,2,23,True,544,40,5184.4719525873315,200.13586581679036
LucidFlex $50K,2,24,True,543,40,5224.0719525872955,202.03593186801695
LucidFlex $50K,2,25,True,542,41,5263.671952575841,203.94300923264328
LucidFlex $50K,2,26,True,541,42,5303.271952575824,205.85713679129816
LucidFlex $50K,2,27,True,540,42,5341.971952575675,207.74335371127623
LucidFlex $50K,2,28,True,539,42,5380.671952575665,209.63656958087006
LucidFlex $50K,2,29,True,538,42,5419.3719525756505,211.53682342767408
LucidFlex $50K,2,30,True,537,41,5288.87195257583,206.8273947934682
LucidFlex $50K,2,31,True,536,41,5324.871952575672,208.62371455986775
LucidFlex $50K,2,32,True,535,42,5360.871952575606,210.4267495403509
LucidFlex $50K,2,33,True,534,42,5395.971952575597,212.20114420241114
LucidFlex $50K,2,34,True,533,41,5359.071952575657,211.14542402268066
LucidFlex $50K,2,35,True,532,41,5300.571952575824,209.23310339115096
LucidFlex $50K,2,36,True,531,41,5331.171952575671,210.83730885892484
LucidFlex $50K,2,37,True,530,41,5361.7719525756565,212.447567932243
LucidFlex $50K,2,38,True,529,41,5392.371952575642,214.06391494156614
LucidFlex $50K,2,39,True,528,41,5421.171952575769,215.61479356835446
LucidFlex $50K,2,40,True,527,41,5347.371952575609,213.0831328350812
LucidFlex $50K,2,41,True,526,41,5374.371952575585,214.56618061613554
LucidFlex $50K,2,42,True,525,39,5403.171952587755,216.1268781035102
LucidFlex $50K,2,43,True,524,39,5430.171952587343,217.62139504643932
LucidFlex $50K,2,44,True,523,40,5458.071952575676,219.15776482617437
LucidFlex $50K,2,45,True,522,40,5307.77195257568,213.53105556338943
LucidFlex $50K,2,46,True,521,39,5092.671952587416,205.27084645745822
LucidFlex $50K,2,47,True,520,40,5119.671952575713,206.755982700173
LucidFlex $50K,2,48,True,519,37,4765.071952589352,192.80637958454025
LucidFlex $50K,2,49,True,518,37,4792.971952589148,194.30967375361408
LucidFlex $50K,2,50,True,517,37,4820.87195258875,195.8187833740111
LucidFlex $50K,2,51,True,516,37,4848.7719525883285,197.33374225650172
LucidFlex $50K,2,52,True,515,37,4875.7719525881075,198.8178854453403
LucidFlex $50K,2,53,True,514,38,4902.771952587761,200.3078035103949
LucidFlex $50K,2,54,True,513,38,4929.771952587346,201.80353022287383
LucidFlex $50K,2,55,True,512,39,4954.97195257569,203.2312714923623
LucidFlex $50K,2,56,True,511,33,4510.371951997897,185.35775145196837
LucidFlex $50K,2,57,True,510,35,4537.371951995697,186.83296272923457
LucidFlex $50K,2,58,True,509,36,4567.07195259038,188.42536543103728
LucidFlex $50K,2,59,True,508,36,4570.671952590326,188.94510040235602
LucidFlex $50K,2,60,True,507,36,4600.371952589895,190.54795069898975
LucidFlex $50K,2,61,True,506,36,4630.97195258945,192.19448815094555
LucidFlex $50K,2,62,True,505,36,4659.771952589032,193.77269505815775
LucidFlex $50K,2,63,True,504,36,4690.371952588585,195.43216469119105
LucidFlex $50K,2,64,True,503,36,4720.071952588153,197.0606580603404
LucidFlex $50K,2,65,True,502,36,4747.971952587747,198.62034064610097
LucidFlex $50K,2,66,True,501,36,4775.871952587341,200.18624950964903
LucidFlex $50K,2,67,True,500,36,4742.571952587826,199.18802200868868
LucidFlex $50K,2,68,True,499,36,4770.47195258742,200.76134469806775
LucidFlex $50K,2,69,True,498,37,4797.471952575724,202.30303414475944
LucidFlex $50K,2,70,True,497,37,4822.6719525755425,203.7748712355863
LucidFlex $50K,2,71,True,496,36,4848.771952586282,205.29074799256435
LucidFlex $50K,2,72,True,495,36,4873.971952585586,206.77456768544909
LucidFlex $50K,2,73,True,494,36,4897.3719525849065,208.18787652688872
LucidFlex $50K,2,74,True,493,36,4920.771952583413,209.60691887272145
LucidFlex $50K,2,75,True,492,36,4944.1719525796025,211.03172968327573
LucidFlex $50K,2,76,True,491,36,4947.771952576877,211.6155010267096
LucidFlex $50K,2,77,True,490,36,4779.471952575855,204.83451225325092
LucidFlex $50K,2,78,True,489,34,4528.371951995959,194.4699611286608
LucidFlex $50K,2,79,True,488,35,4550.871952590288,195.83670287786074
LucidFlex $50K,2,80,True,487,35,4574.271952589606,197.24786653877155
LucidFlex $50K,2,81,True,486,35,4597.671952588115,198.66483745751117
LucidFlex $50K,2,82,True,485,35,4620.171952584317,200.0486824830323
LucidFlex $50K,2,83,True,484,35,4641.77195258133,201.39919628968582
LucidFlex $50K,2,84,True,483,35,4664.271952577532,202.79443272076225
LucidFlex $50K,2,85,True,482,34,4688.571952574049,204.2738817511515
LucidFlex $50K,2,86,True,481,35,4713.771952570354,205.79877547604457
LucidFlex $50K,2,87,True,480,31,4417.6719520179095,193.27314790078353
LucidFlex $50K,2,88,True,479,31,4445.571952004918,194.8998141797563
LucidFlex $50K,2,89,True,478,33,4476.171952590497,196.65190586694652
LucidFlex $50K,2,90,True,477,33,4479.771952590079,197.22266457943743
LucidFlex $50K,2,91,True,476,33,4512.171952586306,199.06640967292526
LucidFlex $50K,2,92,True,475,33,4546.371952582325,200.99749685100807
LucidFlex $50K,2,93,True,474,33,4585.0719525778195,203.1360991648401
LucidFlex $50K,2,94,True,473,33,4622.87195257342,205.24378647788964
LucidFlex $50K,2,95,True,472,32,4471.671951996116,198.95150633881028
LucidFlex $50K,2,96,True,471,33,4510.371952586516,201.09938642105487
LucidFlex $50K,2,97,True,470,33,4549.07195258201,203.25640639196217
LucidFlex $50K,2,98,True,469,33,4586.8719525776105,205.38232623481838
LucidFlex $50K,2,99,True,468,33,4624.67195257321,207.51733120520814
LucidFlex $50K,2,100,True,467,34,4662.4719525695955,209.66147966587047
LucidFlex $50K,2,101,True,466,34,4700.271952567396,211.81483048050495
LucidFlex $50K,2,102,True,465,34,4721.871952566138,213.2458301158901
LucidFlex $50K,2,103,True,464,34,4756.071952564148,215.25325647380842
LucidFlex $50K,2,104,True,463,34,4790.271952562157,217.26935421988185
LucidFlex $50K,2,105,True,462,34,4824.471952558018,219.29417966172807
LucidFlex $50K,2,106,True,461,34,4858.671952553879,221.32778959572985
LucidFlex $50K,2,107,True,460,35,4891.971951400608,223.32915430307125
LucidFlex $50K,2,108,True,459,35,4927.971951398513,225.46276901823262
LucidFlex $50K,2,109,True,458,35,4965.771951396364,227.68823357930924
LucidFlex $50K,2,110,True,457,36,5000.871763543273,229.79935893743706
LucidFlex $50K,2,111,True,456,33,4648.971952570381,214.09739255258333
LucidFlex $50K,2,112,True,455,33,4685.871952566085,216.27101319535777
LucidFlex $50K,2,113,True,454,33,4722.77195256179,218.45420925946607
LucidFlex $50K,2,114,True,453,33,4759.671952557494,220.6470441582944
LucidFlex $50K,2,115,True,452,33,4795.671952553303,222.80776770712245
LucidFlex $50K,2,116,True,451,34,4831.671951400267,224.97807312506788
LucidFlex $50K,2,117,True,450,33,4756.071952554141,221.95002445252658
LucidFlex $50K,2,118,True,449,33,4790.271952546388,224.0438997850204
LucidFlex $50K,2,119,True,448,33,4824.47195253874,226.14712277525345
LucidFlex $50K,2,120,True,447,33,4857.771951434214,228.21747422845303
LucidFlex $50K,2,121,True,446,33,4861.371951652668,228.8986793379059
LucidFlex $50K,2,122,True,445,34,4894.671763837058,230.9845102035466
LucidFlex $50K,2,123,True,444,31,4457.271951999468,210.8169166486235
LucidFlex $50K,2,124,True,443,32,4489.671952585155,212.82869301193736
LucidFlex $50K,2,125,True,442,32,4522.07195257761,214.84957240753351
LucidFlex $50K,2,126,True,441,32,4553.571952570276,216.83675964620363
LucidFlex $50K,2,127,True,440,32,4583.27195146617,218.7470704108854
LucidFlex $50K,2,128,True,439,32,4614.771951681376,220.7521890325943
LucidFlex $50K,2,129,True,438,33,4646.271763851517,222.7664544312371
LucidFlex $50K,2,130,True,437,32,4638.171951401001,222.88698164627235
LucidFlex $50K,2,131,True,436,33,4666.07176354432,224.74198861107962
LucidFlex $50K,2,132,True,435,31,4695.771951888407,226.6924390566817
LucidFlex $50K,2,133,True,434,31,4465.371952590812,216.06638480278122
LucidFlex $50K,2,134,True,433,31,4468.971951492783,216.7399791717054
LucidFlex $50K,2,135,True,432,31,4497.771951708617,218.64169209694666
LucidFlex $50K,2,136,True,431,32,4525.671763865557,220.50836900505033
LucidFlex $50K,2,137,True,430,31,4551.771951421116,222.295839488008
LucidFlex $50K,2,138,True,429,32,4577.871763554588,224.09162478938546
LucidFlex $50K,2,139,True,428,30,4198.97195211975,206.02432475353916
LucidFlex $50K,2,140,True,427,30,4065.77195277689,199.95599767755198
LucidFlex $50K,2,141,True,426,30,4069.37195167886,200.60284268839453
LucidFlex $50K,2,142,True,425,30,3812.8719513134097,188.40073171195672
LucidFlex $50K,2,143,True,424,30,3839.871951288264,190.18233721003196
LucidFlex $50K,2,144,True,423,30,3866.871951740049,191.97236639844215
LucidFlex $50K,2,145,True,422,31,3870.471763719293,192.6064147822397
LucidFlex $50K,2,146,True,421,29,3803.871952487714,189.74183135924466
LucidFlex $50K,2,147,True,420,29,3830.871952995658,191.5435976497829
LucidFlex $50K,2,148,True,419,29,3834.471951897629,192.18117181348498
LucidFlex $50K,2,149,True,418,29,3865.9719519780947,194.22347127162675
LucidFlex $50K,2,150,True,417,28,3500.5719527609645,176.28779618220685
LucidFlex $50K,2,151,True,416,28,3537.471952144056,178.57430527650283
LucidFlex $50K,2,152,True,415,30,3576.1717638563364,180.9629085324893
LucidFlex $50K,2,153,True,414,28,3172.971954447404,160.94785276182483
LucidFlex $50K,2,154,True,413,28,3211.6719541490074,163.305353600797
LucidFlex $50K,2,155,True,412,28,3250.3719529856,165.67429857450873
LucidFlex $50K,2,156,True,411,22,2644.6719872474664,135.12922562578294
LucidFlex $50K,2,157,True,410,22,2686.9719771623613,137.6253939522185
LucidFlex $50K,2,158,True,409,23,2731.071967184544,140.2261890241453
LucidFlex $50K,2,159,True,408,23,2775.171961927414,142.83973333449927
LucidFlex $50K,2,160,True,407,25,2819.271957743168,145.46612066979492
LucidFlex $50K,2,161,True,406,26,2860.671956536174,147.96579085531937
LucidFlex $50K,2,162,True,405,26,2902.071954806149,150.47780506402253
LucidFlex $50K,2,163,True,404,26,2942.571954202652,152.95547286696953
LucidFlex $50K,2,164,True,403,26,2984.871953572333,155.53923331270224
LucidFlex $50K,2,165,True,402,26,3027.171952942014,158.13584828801567
LucidFlex $50K,2,166,True,401,26,3069.4719517350195,160.74541393126037
LucidFlex $50K,2,167,True,400,26,3110.871952807903,163.32077752241491
LucidFlex $50K,2,168,True,399,26,2933.5719549134374,154.3985239428125
LucidFlex $50K,2,169,True,398,26,2974.0719537466766,156.92339454442262
LucidFlex $50K,2,170,True,397,26,3014.571952606738,159.46098489859318
LucidFlex $50K,2,171,True,396,26,3054.171951493621,161.96366409435868
LucidFlex $50K,2,172,True,395,25,2886.7719550341367,153.47395203978954
LucidFlex $50K,2,173,True,394,25,2925.4719538807867,155.92617013070182
LucidFlex $50K,2,174,True,393,24,2812.0719579577444,150.26338706644435
LucidFlex $50K,2,175,True,392,25,2848.0719561874866,152.57528336718678
LucidFlex $50K,2,176,True,391,25,2885.8719550609585,154.9956804508443
LucidFlex $50K,2,177,True,390,25,2921.871953988075,157.33156675320402
LucidFlex $50K,2,178,True,389,25,2956.9719529420136,159.63087663697243
LucidFlex $50K,2,179,True,388,25,2990.2719519495963,161.84461595603486
LucidFlex $50K,2,180,True,387,26,3023.57176385969,164.06978563579713
LucidFlex $50K,2,181,True,386,29,3055.0717531258238,166.20856687990235
LucidFlex $50K,2,182,True,385,29,3086.5717530671504,168.35845925820823
LucidFlex $50K,2,183,True,384,29,3118.071753008477,170.5195489926511
LucidFlex $50K,2,184,True,383,29,3150.4717529481277,172.74127104937514
LucidFlex $50K,2,185,True,382,29,3181.9717519808564,174.9251486691047
LucidFlex $50K,2,186,True,381,26,3185.5717614457017,175.5826955127552
LucidFlex $50K,2,187,True,380,26,3189.171759769321,176.24370251356774
LucidFlex $50K,2,188,True,379,26,3192.7717562153944,176.90819757394007
LucidFlex $50K,2,189,True,378,27,3227.8717541702094,179.32620856501163
LucidFlex $50K,2,190,True,377,28,3262.071753063799,181.70691462689595
LucidFlex $50K,2,191,True,376,28,3050.571753134206,170.3776777016445
LucidFlex $50K,2,192,True,375,28,3088.3717521552,172.9488181206912
LucidFlex $50K,2,193,True,374,24,2835.4719565629957,159.21099221343025
LucidFlex $50K,2,194,True,373,24,2872.3719522178176,161.71531098277256
LucidFlex $50K,2,195,True,372,25,2909.271760439873,164.23308325063797
LucidFlex $50K,2,196,True,371,25,2946.171756497026,166.76443904700145
LucidFlex $50K,2,197,True,370,26,2983.071754311025,169.30947794738248
LucidFlex $50K,2,198,True,369,27,2986.671753372252,169.97318921630702
LucidFlex $50K,2,199,True,368,27,3022.6717523999514,172.4894206532581
LucidFlex $50K,2,200,True,367,23,2804.8719583868983,160.49676056164816
LucidFlex $50K,2,201,True,366,23,2840.871954095364,163.00084982514383
LucidFlex $50K,2,202,True,365,24,2875.071761459112,165.41508764559276
LucidFlex $50K,2,203,True,364,24,2907.4717576503754,167.73875524906012
LucidFlex $50K,2,204,True,363,25,2940.7717549413446,170.12729160817696
LucidFlex $50K,2,205,True,362,26,2974.07175346613,172.52902437234457
LucidFlex $50K,2,206,True,361,26,3007.3717525139455,174.94406316563118
LucidFlex $50K,2,207,True,360,26,3038.871751615405,177.26751884423197
LucidFlex $50K,2,208,True,359,22,2726.5719677209854,159.49306774969554
LucidFlex $50K,2,209,True,358,22,2758.9719599962236,161.83913731821423
LucidFlex $50K,2,210,True,357,22,2790.4719524860384,164.14540896976698
LucidFlex $50K,2,211,True,356,23,2821.0717609763146,166.41153646208596
LucidFlex $50K,2,212,True,355,23,2851.6717573285105,168.6904419828133
LucidFlex $50K,2,213,True,354,24,2882.271754860878,170.98222274598427
LucidFlex $50K,2,214,True,353,25,2911.0717535197737,173.17990601675706
LucidFlex $50K,2,215,True,352,25,2939.871752661467,175.39007615309887
LucidFlex $50K,2,216,True,351,25,2968.67175180316,177.6128398514711
LucidFlex $50K,2,217,True,350,25,2996.571750971675,179.7943050583005
LucidFlex $50K,2,218,True,349,25,3024.47175014019,181.98827149840685
LucidFlex $50K,2,219,True,348,25,3050.5717493623497,184.08622625462453
LucidFlex $50K,2,220,True,347,25,3054.1717492550615,184.83460153993167
LucidFlex $50K,2,221,True,346,25,3079.371748504043,186.8982853138292
LucidFlex $50K,2,222,True,345,27,3103.671740940213,188.91914944853474
LucidFlex $50K,2,223,True,344,27,3127.9717402294277,190.9517632116802
LucidFlex $50K,2,224,True,343,27,3153.1717394918205,193.05133098929514
LucidFlex $50K,2,225,True,342,27,3156.771738941967,193.83686116310326
LucidFlex $50K,2,226,True,341,27,3181.0717407524585,195.9017787560165
LucidFlex $50K,2,227,True,340,27,3205.371740397066,197.97884278923055
LucidFlex $50K,2,228,True,339,27,3228.771740041673,200.0124086751479
LucidFlex $50K,2,229,True,338,26,3085.6717410743236,191.7133330253278
LucidFlex $50K,2,230,True,337,26,3109.971740363538,193.79645859832138
LucidFlex $50K,2,231,True,336,26,3133.371739639342,195.8357337274589
LucidFlex $50K,2,232,True,335,26,3154.9717389553784,197.77434781511326
LucidFlex $50K,2,233,True,334,23,2862.471756041049,179.9757690924013
LucidFlex $50K,2,234,True,333,24,2885.8717535734177,181.99191238751283
LucidFlex $50K,2,235,True,332,24,2910.171752125025,184.07712889947445
LucidFlex $50K,2,236,True,331,24,2934.471750676632,186.17494490697663
LucidFlex $50K,2,237,True,330,24,2957.8717492818832,188.22820222702893
LucidFlex $50K,2,238,True,329,24,2983.071747779846,190.40883496467103
LucidFlex $50K,2,239,True,328,25,3007.3717411547896,192.5451419641786
LucidFlex $50K,2,240,True,327,25,3030.771740457416,194.63671727708177
LucidFlex $50K,2,241,True,326,25,3054.1717397600414,196.74112434037076
LucidFlex $50K,2,242,True,325,25,3079.3717390090223,198.97478928981374
LucidFlex $50K,2,243,True,324,25,3019.9717407792805,195.738909124583
LucidFlex $50K,2,244,True,323,25,3044.2717379361393,197.9247879153527
LucidFlex $50K,2,245,True,322,24,3067.6717427372932,200.0655484393887
LucidFlex $50K,2,246,True,321,24,3090.171741181612,202.16076811468488
LucidFlex $50K,2,247,True,320,24,3112.6717385530474,204.26908284254375
LucidFlex $50K,2,248,True,319,24,3136.0717357635504,206.44986348286696
LucidFlex $50K,2,249,True,318,24,3157.671733027697,208.52549180371585
LucidFlex $50K,2,250,True,317,24,2983.0717418789864,197.61673999829247
LucidFlex $50K,2,251,True,316,23,3003.771739196777,199.61774216181115
LucidFlex $50K,2,252,True,315,23,2880.471753895282,192.03145025968544
LucidFlex $50K,2,253,True,314,23,2884.0717534661294,192.88377969040994
LucidFlex $50K,2,254,True,313,23,2905.671750891209,194.94922290324405
LucidFlex $50K,2,255,True,312,23,2929.0717481017114,197.14905996838442
LucidFlex $50K,2,256,True,311,23,2953.3717452049254,199.42381559261554
LucidFlex $50K,2,257,True,310,23,2979.471742093562,201.83518252891872
LucidFlex $50K,2,258,True,309,23,3004.6717390894896,204.2009919769556
LucidFlex $50K,2,259,True,308,23,3029.871736085415,206.58216382400556
LucidFlex $50K,2,260,True,307,23,3056.871732866764,209.1019752123845
LucidFlex $50K,2,261,True,306,23,3082.9717297554007,211.57649125772357
LucidFlex $50K,2,262,True,305,23,3086.5717293262483,212.51805349459414
LucidFlex $50K,2,263,True,304,23,3090.1717288970954,213.46581021986515
LucidFlex $50K,2,264,True,303,23,3115.3717258930205,215.9168522896153
LucidFlex $50K,2,265,True,302,23,3140.5717228889466,218.38412642605257
LucidFlex $50K,2,266,True,301,23,3166.6717197775847,220.9305851007617
LucidFlex $50K,2,267,True,300,23,3191.87171677351,223.4310201741457
LucidFlex $50K,2,268,True,299,23,3215.2717139840124,225.82175917613466
LucidFlex $50K,2,269,True,298,23,3239.5718824267387,228.29197829181717
LucidFlex $50K,2,270,True,297,23,3262.971783506871,230.71517661159695
LucidFlex $50K,2,271,True,296,22,3289.071760439873,233.3463073285045
LucidFlex $50K,2,272,True,295,23,3317.8717078685763,236.1874775092885
LucidFlex $50K,2,273,True,294,23,3321.4716722488406,237.2479765892029
LucidFlex $50K,2,274,True,293,22,3352.0717108726503,240.2508734755142
LucidFlex $50K,2,275,True,292,22,2796.7717638731006,201.13769534703806
LucidFlex $50K,2,276,True,291,21,2576.272003555298,185.91653633904212
LucidFlex $50K,2,277,True,290,21,2610.4719353199007,189.0341746266135
LucidFlex $50K,2,278,True,289,21,2422.3719670772552,176.02010833433343
LucidFlex $50K,2,279,True,288,21,2459.271912145615,179.32191026061776
LucidFlex $50K,2,280,True,287,21,2495.271833181381,182.5808658425401
LucidFlex $50K,2,281,True,286,16,2104.1961685180668,154.5039144716063
LucidFlex $50K,2,282,True,285,16,2140.1956192016605,157.69862457275394
LucidFlex $50K,2,283,True,284,16,2176.1950698852543,160.91583263236035
LucidFlex $50K,2,284,True,283,18,2209.9722301483152,163.99087220181843
LucidFlex $50K,2,285,True,282,19,2245.0720756530764,167.18621839969717
LucidFlex $50K,2,286,True,281,20,2229.7720215797426,166.63776673727614
LucidFlex $50K,2,287,True,280,20,2262.1719443321226,169.66289582490919
LucidFlex $50K,2,288,True,279,20,2178.47197265625,163.97100869455642
LucidFlex $50K,2,289,True,278,20,2211.7718859672545,167.07629354428903
LucidFlex $50K,2,290,True,23,0,0.0,0.0
LucidFlex $50K,2,291,True,276,15,1798.200274658203,136.81958611529805
LucidFlex $50K,2,292,True,275,15,1841.398956298828,140.61592029918322
LucidFlex $50K,2,293,True,274,15,1888.1975280761717,144.71586894014456
LucidFlex $50K,2,294,True,273,15,1936.796044921875,148.98431114783654
LucidFlex $50K,2,295,True,272,15,1990.7943969726564,153.7010380015654
LucidFlex $50K,2,296,True,271,18,2047.0720584869387,158.6292001041539
LucidFlex $50K,2,297,True,270,19,2111.871919441223,164.25670484542843
LucidFlex $50K,2,298,True,269,19,2181.1717872619633,170.27735142193765
LucidFlex $50K,2,299,True,268,20,2255.871676540375,176.76606420652192
LucidFlex $50K,2,300,True,267,21,2330.5715306282045,183.3033788134543
LucidFlex $50K,2,301,True,266,21,2404.3714954376223,189.81880227139123
LucidFlex $50K,2,302,True,265,21,2493.471452951431,197.59585098860396
LucidFlex $50K,2,303,True,264,23,2581.6715113162995,205.36023385470565
LucidFlex $50K,2,304,True,263,23,2585.2715108871457,206.42852368300404
LucidFlex $50K,2,305,True,262,23,2683.371499192715,215.0793949734619
LucidFlex $50K,2,306,True,261,23,2686.9714987635616,216.19310909591874
LucidFlex $50K,2,307,True,260,24,2815.6714155077934,227.41961432947562
LucidFlex $50K,2,308,True,259,24,2943.472326332331,238.65991835127005
LucidFlex $50K,2,309,True,258,24,3070.3721679210666,249.91401366799377
LucidFlex $50K,2,310,True,257,24,3196.372442954779,261.1821840546707
LucidFlex $50K,2,311,True,256,24,3321.4715047717095,272.4644593758043
LucidFlex $50K,2,312,True,255,23,3445.672258794308,283.7612448418842
LucidFlex $50K,2,313,True,254,24,3593.2709952056407,297.08146023353726
LucidFlex $50K,2,314,True,253,22,2529.4715175390247,209.95613386687558
LucidFlex $50K,2,315,True,252,23,2658.1714172244074,221.5142847687006
LucidFlex $50K,2,316,True,251,23,2785.9721848726276,233.08930630408437
LucidFlex $50K,2,317,True,250,23,2912.872459852695,244.68128662762638
LucidFlex $50K,2,318,True,249,23,3038.8715216159817,256.29036929291414
LucidFlex $50K,2,319,True,248,22,3163.972292375565,267.917008628576
LucidFlex $50K,2,320,True,247,23,3288.171013391018,279.56109830449947
LucidFlex $50K,2,321,True,246,23,3411.4709869980816,291.22313303642164
LucidFlex $50K,2,322,True,245,21,2626.67142291069,225.1432648209163
LucidFlex $50K,2,323,True,244,22,2737.372190666199,235.5935082130745
LucidFlex $50K,2,324,True,243,22,2847.1724676847457,246.05194165176815
LucidFlex $50K,2,325,True,242,22,2956.0715314865115,256.51860397197
LucidFlex $50K,2,326,True,241,20,2326.971532344818,202.7651542707103
LucidFlex $50K,2,327,True,240,21,2439.4715121746062,213.45375731527804
LucidFlex $50K,2,328,True,239,21,2537.5714653968816,222.96653043236196
LucidFlex $50K,2,329,True,238,21,2634.7714190483093,232.47983109249788
LucidFlex $50K,2,330,True,237,21,2731.9721919536587,242.0734853629824
LucidFlex $50K,2,331,True,236,21,2828.2724721908567,251.6683132034237
LucidFlex $50K,2,332,True,235,21,2923.671539211273,261.26426520611375
LucidFlex $50K,2,333,True,234,21,3018.171160268784,270.86151438309605
LucidFlex $50K,2,334,True,233,21,3112.670001983643,280.5410731401567
LucidFlex $50K,2,335,True,232,21,3206.2701466083527,290.222728787825
LucidFlex $50K,2,336,True,231,20,2416.9715229034423,219.72468390031293
LucidFlex $50K,2,337,True,230,20,2497.071446514129,227.99347989911612
LucidFlex $50K,2,338,True,229,20,2585.2713624000553,237.077286508302
LucidFlex $50K,2,339,True,228,20,2664.4712216377256,245.41182304557998
LucidFlex $50K,2,340,True,227,19,2302.6715555191045,213.02247870441053
LucidFlex $50K,2,341,True,226,19,2383.671401023865,221.49159036062463
LucidFlex $50K,2,342,True,225,19,2463.772473907471,229.9520975646973
LucidFlex $50K,2,343,True,224,19,2536.672334861755,237.81303139328955
LucidFlex $50K,2,344,True,223,19,2608.6721975326536,245.6597136689943
LucidFlex $50K,2,345,True,222,19,2222.5717082977294,210.24326970383927
LucidFlex $50K,2,346,True,221,19,2290.9715778350833,217.69413183048303
LucidFlex $50K,2,347,True,220,19,2359.3714473724367,225.21272906736897
LucidFlex $50K,2,348,True,219,19,2433.171306610108,233.31779652425692
LucidFlex $50K,2,349,True,218,19,2506.071167564392,241.4105253158359
LucidFlex $50K,2,350,True,217,19,2578.071023368836,249.4907441969841
LucidFlex $50K,2,351,True,216,19,2650.0552030563354,257.64425585269925
LucidFlex $50K,2,352,True,215,18,2424.172549438477,236.77964436375822
LucidFlex $50K,2,353,True,214,18,2491.671636199951,244.50983345887371
LucidFlex $50K,2,354,True,213,18,2558.2707263946536,252.2238744332757
LucidFlex $50K,2,355,True,212,18,2538.4701015472415,251.45222704005695
LucidFlex $50K,2,356,True,211,17,2004.7722198486329,199.527092970717
LucidFlex $50K,2,357,True,210,17,2008.3721923828125,200.83721923828125
LucidFlex $50K,2,358,True,209,17,2011.9743553161622,202.1601026872699
LucidFlex $50K,2,359,True,208,17,2073.1738883972166,209.3108252708728
LucidFlex $50K,2,360,True,207,17,2133.4730026245115,216.43929012132725
LucidFlex $50K,2,361,True,206,17,2193.7721168518065,223.63696336838802
LucidFlex $50K,2,362,True,205,17,2253.1711898803715,230.81265847555022
LucidFlex $50K,2,363,True,204,17,2308.9702560424803,237.6881145926083
LucidFlex $50K,2,364,True,203,16,1992.172315979004,206.08679130817285
LucidFlex $50K,2,365,True,202,16,2049.771437072754,213.09505038875167
LucidFlex $50K,2,366,True,201,14,1706.403076171875,178.2809184060168
LucidFlex $50K,2,367,True,200,14,1762.1996704101562,185.0309653930664
LucidFlex $50K,2,368,True,199,14,1817.9962646484378,191.84885204832761
LucidFlex $50K,2,369,True,198,16,1878.7740463256837,199.26391400423918
LucidFlex $50K,2,370,True,197,16,1945.3730300903321,207.3747900096293
LucidFlex $50K,2,371,True,196,16,2011.0720275878907,215.47200295584543
LucidFlex $50K,2,372,True,195,16,2076.7560699462892,223.65065368652344
LucidFlex $50K,2,373,True,194,14,2142.895715332031,231.96293825759102
LucidFlex $50K,2,374,True,193,15,2201.896060180664,239.58454540825878
LucidFlex $50K,2,375,True,192,15,2262.180651855469,247.42600879669195
LucidFlex $50K,2,376,True,191,15,2321.584552001953,255.25275179079065
LucidFlex $50K,2,377,True,190,15,2325.1702697753904,256.9925035014905
LucidFlex $50K,2,378,True,189,13,1600.2095581054687,177.80106201171873
LucidFlex $50K,2,379,True,188,13,1664.094396972656,185.88288476822223
LucidFlex $50K,2,380,True,187,12,1043.1670166015626,117.14709812103109
LucidFlex $50K,2,381,True,186,13,1106.1377929687499,124.88652501260079
LucidFlex $50K,2,382,True,185,13,1169.1068115234375,132.7094218486064
LucidFlex $50K,2,383,True,184,12,834.4179931640625,95.23248835024626
LucidFlex $50K,2,384,True,183,12,895.6030517578125,102.77412069351948
LucidFlex $50K,2,385,True,182,12,956.7881103515625,110.39862811748799
LucidFlex $50K,2,386,True,181,12,1017.073388671875,118.00298984590816
LucidFlex $50K,2,387,True,180,12,1077.3586669921874,125.69184448242187
LucidFlex $50K,2,388,True,179,12,1080.940869140625,126.81429191035265
LucidFlex $50K,2,389,True,178,12,1143.9098876953126,134.95566090787395
LucidFlex $50K,2,390,True,177,13,1209.1356079101565,143.45676704018805
LucidFlex $50K,2,391,True,176,13,1275.7906494140625,152.22502066872335
LucidFlex $50K,2,392,True,175,13,1341.4743896484374,160.97692675781246
LucidFlex $50K,2,393,True,174,13,1407.1582397460938,169.82944272797684
LucidFlex $50K,2,394,True,173,11,831.71865234375,100.96006762554192
LucidFlex $50K,2,395,True,172,11,900.984814453125,110.00395990416061
LucidFlex $50K,2,396,True,171,11,964.8536132812501,118.49079461348686
LucidFlex $50K,2,397,True,170,11,968.45185546875,119.63228802849265
LucidFlex $50K,2,398,True,169,11,1035.918896484375,128.72364985900518
LucidFlex $50K,2,399,True,168,12,1102.0322021484376,137.7540252685547
LucidFlex $50K,2,400,True,167,12,1168.687353515625,146.9606851726235
LucidFlex $50K,2,401,True,166,12,1235.27109375,156.26923475150602
LucidFlex $50K,2,402,True,165,12,1238.8702148437503,157.67439098011369
LucidFlex $50K,2,403,True,164,12,1304.5541748046876,167.0465711640149
LucidFlex $50K,2,404,True,163,13,1370.2236328125,176.53187907400306
LucidFlex $50K,2,405,True,162,13,1431.395178222656,185.5512268066406
LucidFlex $50K,2,406,True,161,13,1491.6588134765625,194.5641930621603
LucidFlex $50K,2,407,True,160,13,1552.9090209960941,203.81930900573735
LucidFlex $50K,2,408,True,159,13,1611.267626953125,212.8089318617335
LucidFlex $50K,2,409,True,158,12,1670.7471679687503,222.06133245154277
LucidFlex $50K,2,410,True,157,11,1123.69833984375,150.30359959693473
LucidFlex $50K,2,411,True,156,12,1186.6460449218753,159.7408137394832
LucidFlex $50K,2,412,True,155,12,1248.7174804687502,169.18107799899195
LucidFlex $50K,2,413,True,154,11,1084.936376953125,147.94586958451706
LucidFlex $50K,2,414,True,153,11,1144.28056640625,157.05811695772059
LucidFlex $50K,2,415,True,152,11,1202.725634765625,166.16604164525083
LucidFlex $50K,2,416,True,151,10,641.01181640625,89.14733870550496
LucidFlex $50K,2,417,True,150,10,696.75732421875,97.54602539062499
LucidFlex $50K,2,418,True,149,10,752.50283203125,106.05744612520974
LucidFlex $50K,2,419,True,148,10,807.34921875,114.55630806587838
LucidFlex $50K,2,420,True,147,10,862.1956054687499,123.17080078125
LucidFlex $50K,2,421,True,146,10,915.7921875000001,131.72353381849317
LucidFlex $50K,2,422,True,145,10,969.7394531250001,140.44502424568967
LucidFlex $50K,2,423,True,144,10,973.3359375000001,141.94482421875003
LucidFlex $50K,2,424,True,143,10,1029.98056640625,151.2558873743444
LucidFlex $50K,2,425,True,142,10,1097.4146484375,162.29371561399648
LucidFlex $50K,2,426,True,141,10,957.1517578125,142.55451712101063
LucidFlex $50K,2,427,True,140,10,1029.98056640625,154.4970849609375
LucidFlex $50K,2,428,True,139,10,1115.51748046875,168.53141791254495
LucidFlex $50K,2,429,True,138,10,1199.5655273437499,182.54258024796195
LucidFlex $50K,2,430,True,137,10,1290.8654296875,197.86988338275546
LucidFlex $50K,2,431,True,136,10,1374.69462890625,212.26902358111212
LucidFlex $50K,2,432,True,135,10,1456.87763671875,226.62541015624998
LucidFlex $50K,2,433,True,134,10,1459.9177734374998,228.7930838969216
LucidFlex $50K,2,434,True,133,9,864.65390625,136.52430098684212
LucidFlex $50K,2,435,True,132,9,950.88515625,151.27718394886364
LucidFlex $50K,2,436,True,131,9,954.478125,153.00794370229008
LucidFlex $50K,2,437,True,130,9,1039.8111328125,167.96949068509616
LucidFlex $50K,2,438,True,129,9,620.33203125,100.98428415697674
LucidFlex $50K,2,439,True,128,9,707.909765625,116.14144592285156
LucidFlex $50K,2,440,True,127,9,794.5681640624999,131.38528697096456
LucidFlex $50K,2,441,True,126,8,880.709765625,146.78496093750002
LucidFlex $50K,2,442,True,125,8,968.044921875,162.631546875
LucidFlex $50K,2,443,True,124,8,1052.912109375,178.31576045866933
LucidFlex $50K,2,444,True,123,8,1056.178125,180.32309451219513
LucidFlex $50K,2,445,True,122,7,548.5500000000001,94.42254098360657
LucidFlex $50K,2,446,True,121,7,628.9171875000001,109.15091683884299
LucidFlex $50K,2,447,True,120,7,709.2843750000001,124.12476562500001
LucidFlex $50K,2,448,True,119,7,659.2781249999999,116.34319852941175
LucidFlex $50K,2,449,True,116,3,420.525,76.12952586206896
LucidFlex $50K,2,450,True,115,3,487.4625,89.01489130434783
LucidFlex $50K,2,451,True,115,5,550.5187500000001,100.52951086956523
LucidFlex $50K,2,452,True,115,7,568.1953125,103.75740489130435
LucidFlex $50K,2,453,True,114,7,642.3117187500001,118.32057976973685
LucidFlex $50K,2,454,True,113,7,721.7859374999999,134.1372096238938
LucidFlex $50K,2,455,True,112,7,795.009375,149.06425781250002
LucidFlex $50K,2,456,True,111,7,869.18203125,164.43984375
LucidFlex $50K,2,457,True,110,6,955.9125000000001,182.4923863636364
LucidFlex $50K,2,458,True,109,6,1026.45,197.75642201834862
LucidFlex $50K,2,459,True,108,6,1093.2609375,212.57851562499997
LucidFlex $50K,2,460,True,107,6,1160.1140625,227.68593750000002
LucidFlex $50K,2,461,True,106,6,1241.0156250000002,245.86158608490572
LucidFlex $50K,2,462,True,104,4,503.4375,101.65564903846153
LucidFlex $50K,2,463,True,104,5,521.184375,105.23915264423077
LucidFlex $50K,2,464,True,101,2,201.60000000000002,41.916831683168326
LucidFlex $50K,2,465,True,100,2,260.325,54.66825
LucidFlex $50K,2,466,True,99,2,319.05,67.67727272727272
LucidFlex $50K,2,467,True,99,4,387.7875,82.25795454545455
LucidFlex $50K,2,468,True,98,4,465.4125000000001,99.73125000000002
LucidFlex $50K,2,469,True,98,5,491.03437500000007,105.2216517857143
LucidFlex $50K,2,470,True,97,5,574.9312500000001,124.4696520618557
LucidFlex $50K,2,471,True,96,5,657.984375,143.93408203125
LucidFlex $50K,2,472,True,94,3,363.375,81.17952127659575
LucidFlex $50K,2,473,True,93,3,442.9125,100.0125
LucidFlex $50K,2,474,True,93,4,471.93750000000006,106.56653225806453
LucidFlex $50K,2,475,True,90,2,329.85,76.965
LucidFlex $50K,2,476,True,90,3,401.9625,93.79124999999999
LucidFlex $50K,2,477,True,90,4,416.25,97.125
LucidFlex $50K,2,478,True,89,4,487.96875000000006,115.13869382022473
LucidFlex $50K,2,479,True,88,4,554.625,132.3536931818182
LucidFlex $50K,2,480,True,87,4,620.4375,149.76077586206895
LucidFlex $50K,2,481,True,86,4,685.40625,167.36664244186048
LucidFlex $50K,2,482,True,85,4,750.3750000000001,185.3867647058824
LucidFlex $50K,2,483,True,84,4,811.125,202.78125
LucidFlex $50K,2,484,True,83,4,730.96875,184.94390060240963
LucidFlex $50K,2,485,True,82,4,734.34375,188.06364329268294
LucidFlex $50K,2,486,True,81,4,790.875,205.04166666666666
LucidFlex $50K,2,487,True,80,4,847.4062500000001,222.44414062500005
LucidFlex $50K,2,488,True,79,4,903.9374999999999,240.28718354430376
LucidFlex $50K,2,489,True,78,5,960.46875,258.58774038461536
LucidFlex $50K,2,490,True,77,4,813.6562500000001,221.90625000000003
LucidFlex $50K,2,491,True,76,4,864.2812500000001,238.81455592105266
LucidFlex $50K,2,492,True,75,4,914.0625,255.9375
LucidFlex $50K,2,493,True,74,4,966.375,274.24155405405406
LucidFlex $50K,2,494,True,73,4,1022.0624999999999,294.01797945205476
LucidFlex $50K,2,495,True,72,4,959.625,279.890625
LucidFlex $50K,2,496,True,71,4,1011.9375000000001,299.3054577464789
LucidFlex $50K,2,497,True,70,4,1064.25,319.275
LucidFlex $50K,2,498,True,68,4,1008.45,311.4330882352941
LucidFlex $50K,2,499,True,68,4,934.3125,288.5376838235294
LucidFlex $50K,2,500,True,67,4,981.5625,307.6539179104477
LucidFlex $50K,2,501,True,66,4,1031.34375,328.15482954545456
LucidFlex $50K,2,502,True,65,4,1026.16875,331.5314423076923
LucidFlex $50K,2,503,True,572,56,21143.60022199256,776.2510571011255
LucidFlex $50K,2,504,True,571,56,21147.20022199256,777.7429153447351
LucidFlex $50K,2,505,True,570,56,21196.700221992563,780.9310608102523
LucidFlex $50K,2,506,True,60,3,969.6375,339.373125
LucidFlex $50K,2,507,True,59,3,958.1625,341.0408898305085
LucidFlex $50K,2,508,True,59,3,394.3125,140.34851694915255
LucidFlex $50K,2,509,True,58,3,343.57500000000005,124.39784482758623
LucidFlex $50K,2,510,True,565,54,20413.700221992563,758.7393002864493
LucidFlex $50K,2,511,True,54,1,34.2,13.3
LucidFlex $50K,2,512,True,53,1,62.550000000000004,24.783962264150947
LucidFlex $50K,2,513,True,52,1,90.45,36.527884615384615
LucidFlex $50K,2,514,True,52,2,96.525,38.98125
LucidFlex $50K,2,515,True,51,2,124.19999999999999,51.141176470588235
LucidFlex $50K,2,516,True,51,2,118.35000000000001,48.73235294117648
LucidFlex $50K,2,517,True,558,53,20159.90022199256,758.7059223330533
LucidFlex $50K,2,518,True,557,53,20213.90022199256,762.1039581002581
LucidFlex $50K,2,519,True,47,1,112.95,50.467021276595744
LucidFlex $50K,2,520,True,44,0,0.0,0.0
LucidFlex $50K,2,521,True,44,0,0.0,0.0
LucidFlex $50K,2,522,True,43,0,0.0,0.0
LucidFlex $50K,2,523,True,43,0,0.0,0.0
LucidFlex $50K,2,524,True,42,0,0.0,0.0
LucidFlex $50K,2,525,True,41,0,0.0,0.0
LucidFlex $50K,2,526,True,40,0,0.0,0.0
LucidFlex $50K,2,527,True,39,0,0.0,0.0
LucidFlex $50K,2,528,True,38,0,0.0,0.0
LucidFlex $50K,2,529,True,37,0,0.0,0.0
LucidFlex $50K,2,530,True,37,0,0.0,0.0
LucidFlex $50K,2,531,True,36,0,0.0,0.0
LucidFlex $50K,2,532,True,543,51,20095.10022199256,777.1585721212592
LucidFlex $50K,2,533,True,542,52,20159.000221992563,781.0682742838446
LucidFlex $50K,2,534,True,541,53,20218.400221992564,784.8177535339073
LucidFlex $50K,2,535,True,540,53,20277.800221992566,788.5811197441553
LucidFlex $50K,2,536,True,539,53,20336.300221992566,792.3233852724376
LucidFlex $50K,2,537,True,538,52,20394.800221992566,796.079562568483
LucidFlex $50K,2,538,True,537,53,20337.200221992563,795.3095058879773
LucidFlex $50K,2,539,True,536,52,20393.000221992566,798.9794863094102
LucidFlex $50K,2,540,True,535,52,20447.900221992568,802.6278591810168
LucidFlex $50K,2,541,True,534,52,20505.500221992566,806.3960761457752
LucidFlex $50K,2,542,True,533,52,20560.40022199257,810.0720537745666
LucidFlex $50K,2,543,True,532,52,20564.00022199257,811.7368508681278
LucidFlex $50K,2,544,True,531,53,20627.900221992568,815.7926641465988
LucidFlex $50K,2,545,True,530,53,20694.50022199257,819.9707635129132
LucidFlex $50K,2,546,True,529,53,20771.00022199257,824.5576647671909
LucidFlex $50K,2,547,True,528,52,20846.60022199258,829.1261451928867
LucidFlex $50K,2,548,True,527,52,20213.90022199256,805.4874851268382
LucidFlex $50K,2,549,True,526,52,20293.10022199256,810.1808073419083
LucidFlex $50K,2,550,True,525,51,20371.40022199257,814.8560088797028
LucidFlex $50K,2,551,True,524,51,20456.00022199257,819.801535614206
LucidFlex $50K,2,552,True,523,52,20546.900221992568,825.0189381679616
LucidFlex $50K,2,553,True,522,52,20636.900221992568,830.2201238732642
LucidFlex $50K,2,554,True,521,52,20735.000221992566,835.767763266495
LucidFlex $50K,2,555,True,520,51,20833.100221992583,841.3367397343159
LucidFlex $50K,2,556,True,519,51,20930.30022199258,846.8907604274455
LucidFlex $50K,2,557,True,518,51,21026.600221992583,852.429738729429
LucidFlex $50K,2,558,True,517,51,21113.900221992582,857.624573814012
LucidFlex $50K,2,559,True,516,51,21209.30022199258,863.1691950810933
LucidFlex $50K,2,560,True,515,54,21303.800221992562,868.6986498288229
LucidFlex $50K,2,561,True,514,54,21397.400221992564,874.2128495366612
LucidFlex $50K,2,562,True,513,54,21490.10022199256,879.7117049938475
LucidFlex $50K,2,563,True,512,54,21493.70022199256,881.5775481676636
LucidFlex $50K,2,564,True,511,54,21586.40022199256,887.1123378901053
LucidFlex $50K,2,565,True,510,51,21670.10022199258,892.2982444349886
LucidFlex $50K,2,566,True,509,52,21761.00022199257,897.8015808680628
LucidFlex $50K,2,567,True,508,52,21843.800221992566,902.9917414603226
LucidFlex $50K,2,568,True,507,53,21444.200221992563,888.2213109701062
LucidFlex $50K,2,569,True,506,53,21277.700221992563,883.066610003644
LucidFlex $50K,2,570,True,505,50,20758.400221992582,863.2206032907807
LucidFlex $50K,2,571,True,504,50,20841.200221992578,868.383342583024
LucidFlex $50K,2,572,True,503,50,20917.70022199258,873.303587796907
LucidFlex $50K,2,573,True,502,51,20993.30022199257,878.2057861789721
LucidFlex $50K,2,574,True,501,51,20538.800221992566,860.9077937362154
LucidFlex $50K,2,575,True,500,52,20611.700221992567,865.6914093236878
LucidFlex $50K,2,576,True,499,52,20679.200221992563,870.2669432101078
LucidFlex $50K,2,577,True,498,51,20124.800221992562,848.6361539394453
LucidFlex $50K,2,578,True,497,51,20191.400221992564,853.1577558588407
LucidFlex $50K,2,579,True,496,50,20258.00022199257,857.6975900440402
LucidFlex $50K,2,580,True,495,50,20323.700221992567,862.2175851754422
LucidFlex $50K,2,581,True,494,50,20389.400221992568,866.755879882275
LucidFlex $50K,2,582,True,493,51,20454.200221992563,871.2742488069855
LucidFlex $50K,2,583,True,492,51,20519.00022199256,875.8109850850483
LucidFlex $50K,2,584,True,491,51,20582.900221992557,880.3277080689281
LucidFlex $50K,2,585,True,490,51,20646.800221992562,884.8628666568242
LucidFlex $50K,2,586,True,489,48,20398.40022199258,876.0049175088838
LucidFlex $50K,2,587,True,488,49,20459.60022199257,880.433616110336
LucidFlex $50K,2,588,True,487,49,20210.300221992566,871.4913853425952
LucidFlex $50K,2,589,True,486,50,20213.90022199256,873.4401330490613
LucidFlex $50K,2,590,True,485,50,20273.300221992566,877.8129993027709
LucidFlex $50K,2,591,True,484,50,19928.60022199256,864.6706707889334
LucidFlex $50K,2,592,True,483,47,19989.800221992587,869.1217487822864
LucidFlex $50K,2,593,True,482,47,20051.00022199259,873.5912959789301
LucidFlex $50K,2,594,True,481,48,20111.30022199257,878.040134432108
LucidFlex $50K,2,595,True,480,47,19351.700221992574,846.6368847121751
LucidFlex $50K,2,596,True,479,49,19355.300221992562,848.562222676083
LucidFlex $50K,2,597,True,478,45,19424.600221992638,853.3820181210154
LucidFlex $50K,2,598,True,477,45,19493.00022199264,858.1823997103677
LucidFlex $50K,2,599,True,476,45,19565.000221992632,863.1617744996748
LucidFlex $50K,2,600,True,475,46,19636.100221992583,868.1223256038826
LucidFlex $50K,2,601,True,474,46,19707.200221992574,873.1038073034684
LucidFlex $50K,2,602,True,473,46,19144.70022199257,849.9761197924819
LucidFlex $50K,2,603,True,472,47,19214.900221992564,854.9002217411946
LucidFlex $50K,2,604,True,471,44,18828.800221992657,839.500646840437
LucidFlex $50K,2,605,True,470,44,18897.200221992647,844.3429886422247
LucidFlex $50K,2,606,True,469,44,18965.600221992645,849.205980089223
LucidFlex $50K,2,607,True,468,44,19029.500221992643,853.8878304740289
LucidFlex $50K,2,608,True,467,45,19090.70022199258,858.4683183337136
LucidFlex $50K,2,609,True,466,45,19044.800221992577,858.2420700897942
LucidFlex $50K,2,610,True,465,46,19102.400221992564,862.6890422835352
LucidFlex $50K,2,611,True,464,47,19157.300221992562,867.0329841850082
LucidFlex $50K,2,612,True,463,47,19212.200221992563,871.3956904143496
LucidFlex $50K,2,613,True,462,43,18769.400221992655,853.1545555451207
LucidFlex $50K,2,614,True,461,43,18824.300221992653,857.5060838651751
LucidFlex $50K,2,615,True,460,43,18879.20022199263,861.8765318735765
LucidFlex $50K,2,616,True,459,44,18882.80022199258,863.9189644048893
LucidFlex $50K,2,617,True,458,45,18935.00022199257,868.1987001350304
LucidFlex $50K,2,618,True,457,46,18984.500221992566,872.3730955401397
LucidFlex $50K,2,619,True,456,46,19034.000221992563,876.5657996970259
LucidFlex $50K,2,620,True,455,46,19083.500221992566,880.7769333227338
LucidFlex $50K,2,621,True,454,41,18445.400221992757,853.2013318542905
LucidFlex $50K,2,622,True,453,41,18498.500221992683,857.5463679069455
LucidFlex $50K,2,623,True,452,41,18551.60022199266,861.9106297828447
LucidFlex $50K,2,624,True,451,41,18603.800221992635,866.2523384963312
LucidFlex $50K,2,625,True,450,42,18656.000221992577,870.613343692987
LucidFlex $50K,2,626,True,449,43,18705.50022199257,874.8674936789398
LucidFlex $50K,2,627,True,448,44,18756.800221992566,879.2250104059016
LucidFlex $50K,2,628,True,447,41,18502.100221992685,869.2261849258309
LucidFlex $50K,2,629,True,446,41,18551.60022199266,873.5058400489818
LucidFlex $50K,2,630,True,445,41,18598.40022199264,877.6773138468437
LucidFlex $50K,2,631,True,444,42,18643.400221992586,881.7824429320818
LucidFlex $50K,2,632,True,443,42,18688.400221992568,885.9061053314762
LucidFlex $50K,2,633,True,442,42,18675.800221992573,887.3117752530408
LucidFlex $50K,2,634,True,441,43,18719.000221992566,891.380962952027
LucidFlex $50K,2,635,True,440,44,18762.200221992567,895.4686469587361
LucidFlex $50K,2,636,True,439,44,18805.40022199256,899.5749536716258
LucidFlex $50K,2,637,True,438,44,18850.400221992564,903.7863120133421
LucidFlex $50K,2,638,True,437,44,18854.00022199256,906.027470622068
LucidFlex $50K,2,639,True,436,44,18899.00022199255,910.2729464721183
LucidFlex $50K,2,640,True,435,44,18944.000221992537,914.5379417513639
LucidFlex $50K,2,641,True,434,44,18988.100221992525,918.7790429996382
LucidFlex $50K,2,642,True,433,44,19034.00022199252,923.1270315516002
LucidFlex $50K,2,643,True,432,44,19080.800221992507,927.5388996801913
LucidFlex $50K,2,644,True,431,44,19129.4002219925,932.058943530957
LucidFlex $50K,2,645,True,430,43,18737.900221992568,915.1067550275441
LucidFlex $50K,2,646,True,429,43,18786.500221992555,919.6188919856496
LucidFlex $50K,2,647,True,428,43,18835.100221992543,924.1521136958959
LucidFlex $50K,2,648,True,427,43,18882.80022199253,928.6623059996326
LucidFlex $50K,2,649,True,426,43,18930.500221992515,933.193672915124
LucidFlex $50K,2,650,True,425,43,18934.10022199252,935.5673050866893
LucidFlex $50K,2,651,True,424,43,18907.10022199253,936.4365675986866
LucidFlex $50K,2,652,True,423,42,18697.40022199257,928.2397273329645
LucidFlex $50K,2,653,True,422,42,18746.00022199256,932.8578309522363
LucidFlex $50K,2,654,True,421,42,18794.600221992547,937.4978733060416
LucidFlex $50K,2,655,True,420,42,18845.000221992537,942.2500110996268
LucidFlex $50K,2,656,True,419,42,18892.700221992523,946.8895099327995
LucidFlex $50K,2,657,True,418,42,18940.400221992513,951.5512073249827
LucidFlex $50K,2,658,True,417,42,18988.100221992503,956.2352629780397
LucidFlex $50K,2,659,True,416,42,19033.10022199249,960.8055400525054
LucidFlex $50K,2,660,True,415,42,18860.30022199253,954.376637739381
LucidFlex $50K,2,661,True,414,42,18905.300221992526,958.9645040141136
LucidFlex $50K,2,662,True,413,43,18949.40022199211,963.5288248470564
LucidFlex $50K,2,663,True,412,43,18993.500221992093,968.1153025772668
LucidFlex $50K,2,664,True,411,43,19038.500221992086,972.770084335362
LucidFlex $50K,2,665,True,410,43,19085.300221992067,977.5397674678862
LucidFlex $50K,2,666,True,409,43,19133.0002219921,982.378984503262
LucidFlex $50K,2,667,True,408,43,19182.500221988772,987.3345702494222
LucidFlex $50K,2,668,True,407,41,18622.700221992585,960.8764242305757
LucidFlex $50K,2,669,True,406,41,18674.00022199254,965.8965632065108
LucidFlex $50K,2,670,True,405,41,18722.6002219925,970.8014929922037
LucidFlex $50K,2,671,True,404,41,18769.400221992488,975.6371402520848
LucidFlex $50K,2,672,True,403,42,18816.200221992098,980.4967857613749
LucidFlex $50K,2,673,True,402,40,18405.800221992777,961.4970265220107
LucidFlex $50K,2,674,True,401,40,18451.700221992687,966.2985153662006
LucidFlex $50K,2,675,True,400,40,18497.600221992645,971.1240116546139
LucidFlex $50K,2,676,True,399,40,18542.600221992605,975.926327473295
LucidFlex $50K,2,677,True,398,40,18587.60022199256,980.7527755322708
LucidFlex $50K,2,678,True,397,40,18571.400221992575,982.3662585940657
LucidFlex $50K,2,679,True,396,40,18613.700221992534,987.0901632874828
LucidFlex $50K,2,680,True,395,40,18654.200221992498,991.7422902831454
LucidFlex $50K,2,681,True,394,40,18695.60022199242,996.466001679799
LucidFlex $50K,2,682,True,393,40,18737.00022199233,1001.2137523202008
LucidFlex $50K,2,683,True,392,40,18780.200221992243,1006.0821547495844
LucidFlex $50K,2,684,True,391,40,18825.20022199239,1011.0721346850131
LucidFlex $50K,2,685,True,390,40,18828.80022199222,1013.8584734918887
LucidFlex $50K,2,686,True,389,40,18874.700221992007,1018.9426855059951
LucidFlex $50K,2,687,True,388,39,18450.80022199269,998.6257852109446
LucidFlex $50K,2,688,True,387,39,18499.400221992593,1003.843422898823
LucidFlex $50K,2,689,True,386,39,18555.20022199249,1009.4798048234258
LucidFlex $50K,2,690,True,385,39,18608.300221992402,1014.9981939268583
LucidFlex $50K,2,691,True,384,39,18398.60022199278,1006.1734496402302
LucidFlex $50K,2,692,True,383,39,18452.600221992558,1011.7613698742656
LucidFlex $50K,2,693,True,382,39,18506.600221992343,1017.3785462351811
LucidFlex $50K,2,694,True,381,39,18562.400221992113,1023.1244216846047
LucidFlex $50K,2,695,True,380,39,18622.700221988773,1029.1492227941164
LucidFlex $50K,2,696,True,379,39,18682.100221990404,1035.1559489757217
LucidFlex $50K,2,697,True,378,39,18744.200221988824,1041.344456777157
LucidFlex $50K,2,698,True,377,38,18010.700221993484,1003.2485534797431
LucidFlex $50K,2,699,True,376,38,18077.300221993246,1009.6364485687717
LucidFlex $50K,2,700,True,375,38,18143.900221993,1016.058412431608
LucidFlex $50K,2,701,True,374,38,18213.200221992745,1022.666322625261
LucidFlex $50K,2,702,True,373,38,18281.60022198939,1029.258993731306
LucidFlex $50K,2,703,True,372,38,18285.200221991126,1032.2290447898215
LucidFlex $50K,2,704,True,371,38,18350.000221989536,1038.6792578484642
LucidFlex $50K,2,705,True,370,38,18414.800221990354,1045.1643369237768
LucidFlex $50K,2,706,True,369,38,18478.70022198699,1051.6333459667392
LucidFlex $50K,2,707,True,368,38,18542.60022198354,1058.1375126675389
LucidFlex $50K,2,708,True,367,37,17815.400221994198,1019.4098219669705
LucidFlex $50K,2,709,True,366,37,17877.500221990864,1025.7582094584923
LucidFlex $50K,2,710,True,365,37,17939.600221992383,1032.1413826351784
LucidFlex $50K,2,711,True,364,37,17532.80022199251,1011.5077051149526
LucidFlex $50K,2,712,True,363,36,17589.500221999566,1017.5743930082394
LucidFlex $50K,2,713,True,362,36,17646.200221997915,1023.6745985136912
LucidFlex $50K,2,714,True,361,36,17704.70022199624,1029.9133093128007
LucidFlex $50K,2,715,True,360,36,17763.200221994575,1036.1866796163501
LucidFlex $50K,2,716,True,359,36,17820.80022199127,1042.442352818431
LucidFlex $50K,2,717,True,358,35,17224.10022200132,1010.3522476592954
LucidFlex $50K,2,718,True,357,35,17283.500221999588,1016.6764836470346
LucidFlex $50K,2,719,True,356,33,16979.30022204362,1001.5879344463933
LucidFlex $50K,2,720,True,355,34,17036.000222008788,1007.7633934146044
LucidFlex $50K,2,721,True,354,34,17092.700222005486,1013.9737419833763
LucidFlex $50K,2,722,True,353,35,17148.500222003517,1020.1657355866114
LucidFlex $50K,2,723,True,352,35,17206.100222000223,1026.5002973352405
LucidFlex $50K,2,724,True,351,35,17259.20022199708,1032.6017226835859
LucidFlex $50K,2,725,True,350,35,17314.100221993885,1038.8460133196331
LucidFlex $50K,2,726,True,349,35,17372.600221992077,1045.3427067674315
LucidFlex $50K,2,727,True,348,35,17428.400221988748,1051.713806499321
LucidFlex $50K,2,728,True,347,35,17486.000221985312,1058.2305609847017
LucidFlex $50K,2,729,True,346,34,17104.400222004806,1038.1283371737022
LucidFlex $50K,2,730,True,345,34,17160.200222001557,1044.5339265566165
LucidFlex $50K,2,731,True,344,34,17215.100221998364,1050.9218158778071
LucidFlex $50K,2,732,True,343,34,17270.000221995168,1057.3469523670512
LucidFlex $50K,2,733,True,342,34,17273.60022199496,1060.6596627540764
LucidFlex $50K,2,734,True,341,34,17332.100221991554,1067.3727409437615
LucidFlex $50K,2,735,True,340,34,17392.400221988042,1074.2364842992615
LucidFlex $50K,2,736,True,339,34,17369.900221989352,1076.0115181763315
LucidFlex $50K,2,737,True,338,34,17427.500221986,1082.7736824310828
LucidFlex $50K,2,738,True,337,34,17489.600221982386,1089.8563936546886
LucidFlex $50K,2,739,True,336,34,17557.100221978457,1097.3187638736536
LucidFlex $50K,2,740,True,335,34,17627.30022197437,1104.9949392879455
LucidFlex $50K,2,741,True,334,34,17703.800221969916,1113.1131876088868
LucidFlex $50K,2,742,True,333,34,17780.300221965463,1121.2801941780021
LucidFlex $50K,2,743,True,332,34,17864.90022196054,1130.0087489794316
LucidFlex $50K,2,744,True,331,34,17949.50022195561,1138.7900442932562
LucidFlex $50K,2,745,True,330,34,18038.60022191507,1147.910923212777
LucidFlex $50K,2,746,True,329,35,18121.375348261354,1156.683532867746
LucidFlex $50K,2,747,True,328,35,18208.67534824373,1165.7993363204828
LucidFlex $50K,2,748,True,327,35,18290.575348223694,1174.6241049317969
LucidFlex $50K,2,749,True,326,35,18371.575348264163,1183.4450377716178
LucidFlex $50K,2,750,True,325,34,18457.100221915378,1192.612629723763
LucidFlex $50K,2,751,True,324,33,17008.10022201041,1102.3768662414154
LucidFlex $50K,2,752,True,323,33,17102.600221969547,1111.9337605614876
LucidFlex $50K,2,753,True,322,33,17197.100221948174,1121.550014474881
LucidFlex $50K,2,754,True,321,33,17200.70022191779,1125.2794537703226
LucidFlex $50K,2,755,True,320,34,17294.27534825269,1134.9368197290828
LucidFlex $50K,2,756,True,319,32,17000.00022199878,1119.1222716676314
LucidFlex $50K,2,757,True,318,32,16480.700222101666,1088.3481278746383
LucidFlex $50K,2,758,True,317,32,16568.000222061644,1097.5646834804245
LucidFlex $50K,2,759,True,316,32,16655.300222021622,1106.8395717166268
LucidFlex $50K,2,760,True,315,32,16737.200222001713,1115.8133481334476
LucidFlex $50K,2,761,True,314,32,16818.200221962317,1124.7840912777347
LucidFlex $50K,2,762,True,313,32,16898.300221923135,1133.75177207791
LucidFlex $50K,2,763,True,312,30,16135.100222268049,1086.0163611141957
LucidFlex $50K,2,764,True,311,30,16212.500222195966,1094.734741691689
LucidFlex $50K,2,765,True,310,31,16297.100222124722,1103.997111821352
LucidFlex $50K,2,766,True,309,31,16381.700222085321,1113.3194325689053
LucidFlex $50K,2,767,True,308,31,16385.30022208365,1117.1795605966124
LucidFlex $50K,2,768,True,307,31,16473.500222042578,1126.8518067195248
LucidFlex $50K,2,769,True,306,31,16561.700222001502,1136.587270137358
LucidFlex $50K,2,770,True,305,31,16649.000221960854,1146.324605446485
LucidFlex $50K,2,771,True,304,31,16652.60022195918,1150.3440942800748
LucidFlex $50K,2,772,True,303,31,16744.400221916425,1160.502985677376
LucidFlex $50K,2,773,True,302,32,16830.775348252268,1170.3519281897272
LucidFlex $50K,2,774,True,301,32,16916.27534823236,1180.2052568534205
LucidFlex $50K,2,775,True,300,32,17006.275348211406,1190.4392743747983
LucidFlex $50K,2,776,True,299,32,17101.675348188357,1201.1210110767743
LucidFlex $50K,2,777,True,298,32,17196.175348138066,1211.8110144661055
LucidFlex $50K,2,778,True,297,32,17303.275348087147,1223.4639135011114
LucidFlex $50K,2,779,True,296,32,17410.375348034337,1235.195548340274
LucidFlex $50K,2,780,True,295,32,17524.675347980065,1247.5192620595978
LucidFlex $50K,2,781,True,294,32,17638.075347926213,1259.8625248518724
LucidFlex $50K,2,782,True,293,30,16280.900222132263,1166.8904596067491
LucidFlex $50K,2,783,True,292,30,16284.50022212891,1171.1455639202297
LucidFlex $50K,2,784,True,291,30,16406.000222015755,1183.9381603516524
LucidFlex $50K,2,785,True,290,31,16517.57534827008,1196.100283840247
LucidFlex $50K,2,786,True,289,31,16637.275348214338,1208.936963019035
LucidFlex $50K,2,787,True,288,31,16756.075348159018,1221.7971608032617
LucidFlex $50K,2,788,True,287,31,16873.975348104123,1234.681123032009
LucidFlex $50K,2,789,True,286,30,16991.90306546325,1247.6572180934556
LucidFlex $50K,2,790,True,285,31,16995.47184545891,1252.297925454867
LucidFlex $50K,2,791,True,284,31,17112.461502700855,1265.358068861683
LucidFlex $50K,2,792,True,283,30,17228.60022124965,1278.4473662411401
LucidFlex $50K,2,793,True,282,30,17343.785578331346,1291.5585005140365
LucidFlex $50K,2,794,True,281,30,17458.085345921292,1304.696769624011
LucidFlex $50K,2,795,True,280,30,16514.875348271336,1238.61565112035
LucidFlex $50K,2,796,True,279,29,16625.603065804393,1251.3894780712983
LucidFlex $50K,2,797,True,278,30,16736.271845579613,1264.2507509250788
LucidFlex $50K,2,798,True,277,30,16846.061502824912,1277.1382366762568
LucidFlex $50K,2,799,True,276,29,15243.200223098695,1159.8087126270746
LucidFlex $50K,2,800,True,275,29,15354.785580183754,1172.5472624867593
LucidFlex $50K,2,801,True,274,29,15483.485347760283,1186.69048285754
LucidFlex $50K,2,802,True,273,29,15601.3753491221,1200.1057960863154
LucidFlex $50K,2,803,True,272,28,15718.403067494182,1213.5531780050655
LucidFlex $50K,2,804,True,271,29,15835.371846418644,1227.095235331334
LucidFlex $50K,2,805,True,270,29,14815.661504715867,1152.3292281445674
LucidFlex $50K,2,806,True,269,28,14930.000223682076,1165.5390509194185
LucidFlex $50K,2,807,True,268,28,13359.485583900288,1046.82536291756
LucidFlex $50K,2,808,True,267,28,13475.585351500291,1059.8774995562028
LucidFlex $50K,2,809,True,266,28,13598.875352852046,1073.5954225935827
LucidFlex $50K,2,810,True,265,27,13722.203074930609,1087.4198663152558
LucidFlex $50K,2,811,True,264,28,12382.071852850913,984.9375337495045
LucidFlex $50K,2,812,True,263,28,12505.361509019136,998.5269645984862
LucidFlex $50K,2,813,True,262,27,12627.80023225844,1012.151927013081
LucidFlex $50K,2,814,True,261,27,12631.385586612674,1016.3183805320542
LucidFlex $50K,2,815,True,260,27,12752.885354192555,1030.0407401463217
LucidFlex $50K,2,816,True,259,27,11523.475360583514,934.3358400473119
LucidFlex $50K,2,817,True,258,26,11645.003090406955,947.8490887540545
LucidFlex $50K,2,818,True,257,26,10798.100247560442,882.3350396839272
LucidFlex $50K,2,819,True,256,26,10910.600245884061,895.0101764201769
LucidFlex $50K,2,820,True,255,26,11022.20024422109,907.7106083476193
LucidFlex $50K,2,821,True,254,26,11132.885597777367,920.4354234382863
LucidFlex $50K,2,822,True,253,26,11242.685365444422,933.18732282345
LucidFlex $50K,2,823,True,252,26,11346.175361904501,945.5146134920418
LucidFlex $50K,2,824,True,251,25,11449.703093317152,957.9432866918733
LucidFlex $50K,2,825,True,250,26,11552.271853132548,970.390835663134
LucidFlex $50K,2,826,True,249,26,11653.961509421468,982.8642236861479
LucidFlex $50K,2,827,True,248,25,10746.800248324871,910.0113113500898
LucidFlex $50K,2,828,True,247,25,9835.085617116094,836.1813682568338
LucidFlex $50K,2,829,True,246,25,9838.68538636565,839.8877768848727
LucidFlex $50K,2,830,True,245,25,9938.575382879377,851.8778899610895
LucidFlex $50K,2,831,True,244,24,10037.603135401012,863.8920731287757
LucidFlex $50K,2,832,True,243,25,10131.171874308588,875.5333718538286
LucidFlex $50K,2,833,True,242,25,10228.361530664562,887.5850915039497
LucidFlex $50K,2,834,True,241,24,9409.400288182496,819.9062491777279
LucidFlex $50K,2,835,True,240,24,8538.185655766727,747.0912448795885
LucidFlex $50K,2,836,True,239,24,8638.085422146321,758.9949534103462
LucidFlex $50K,2,837,True,238,24,8733.475418794154,770.600772246543
LucidFlex $50K,2,838,True,237,23,7972.103258514406,706.3888963240612
LucidFlex $50K,2,839,True,236,24,8068.371935784817,717.9483502181405
LucidFlex $50K,2,840,True,235,24,8171.861591953039,730.2514614085695
LucidFlex $50K,2,841,True,234,23,8274.50035582781,742.5833652665983
LucidFlex $50K,2,842,True,233,21,6965.903917694091,627.8282500926006
LucidFlex $50K,2,843,True,232,21,6969.503914260864,630.8602681011989
LucidFlex $50K,2,844,True,231,21,7072.103806972503,642.9185279065912
LucidFlex $50K,2,845,True,230,22,7181.903352713584,655.7390017695012
LucidFlex $50K,2,846,True,229,23,7296.171981811525,669.0812734412316
LucidFlex $50K,2,847,True,228,23,7409.561637389659,682.4596244964159
LucidFlex $50K,2,848,True,227,22,7517.6004460573195,695.4608342167564
LucidFlex $50K,2,849,True,226,20,5934.504409503937,551.4362504406313
LucidFlex $50K,2,850,True,225,20,5938.104406070709,554.2230778999328
LucidFlex $50K,2,851,True,224,20,6060.504289340973,568.1722771257163
LucidFlex $50K,2,852,True,223,21,6187.403589820861,582.67029321183
LucidFlex $50K,2,853,True,222,22,6313.372098970413,597.210874226931
LucidFlex $50K,2,854,True,221,22,6438.461753153801,611.7995331051122
LucidFlex $50K,2,855,True,220,21,6562.700673723221,626.4396097644893
LucidFlex $50K,2,856,True,219,21,6691.385691976547,641.639723888162
LucidFlex $50K,2,857,True,218,21,6813.785435771943,656.373826381701
LucidFlex $50K,2,858,True,217,19,5332.404983711244,516.0391919720558
LucidFlex $50K,2,859,True,216,19,5458.404115104675,530.678177857399
LucidFlex $50K,2,860,True,215,21,5578.972274065018,544.9228732807692
LucidFlex $50K,2,861,True,214,20,5703.193650627136,559.6591900148125
LucidFlex $50K,2,862,True,213,20,5706.785666656493,562.6408403745838
LucidFlex $50K,2,863,True,212,20,5101.086450290681,505.2962993212467
LucidFlex $50K,2,864,True,211,18,4049.0033168792725,402.981372769975
LucidFlex $50K,2,865,True,210,17,3203.918955230713,320.3918955230713
LucidFlex $50K,2,866,True,209,17,3317.306829071045,333.31791105498536
LucidFlex $50K,2,867,True,208,17,3430.705146789551,346.3692696277912
LucidFlex $50K,2,868,True,207,18,3543.203591537476,359.45543682264247
LucidFlex $50K,2,869,True,206,18,3658.402736663819,372.9439683006805
LucidFlex $50K,2,870,True,205,15,2830.4255126953126,289.9460281297637
LucidFlex $50K,2,871,True,204,15,2939.322189331055,302.57728419584396
LucidFlex $50K,2,872,True,203,16,3044.6201705932617,314.96070730275125
LucidFlex $50K,2,873,True,202,16,3152.618522644043,327.7474701758659
LucidFlex $50K,2,874,True,201,16,3259.7064514160156,340.56634567033
LucidFlex $50K,2,875,True,200,16,3373.104721069336,354.17599571228027
LucidFlex $50K,2,876,True,199,17,3482.003409576416,367.4475959854509
LucidFlex $50K,2,877,True,198,18,3589.987166976929,380.7562146793713
LucidFlex $50K,2,878,True,197,18,3704.286353302002,394.87316456518806
LucidFlex $50K,2,879,True,196,18,3814.0755111694343,408.6509476252965
LucidFlex $50K,2,880,True,195,16,3631.405174255371,391.0744033813476
LucidFlex $50K,2,881,True,194,18,3734.8725551605226,404.2903281359329
LucidFlex $50K,2,882,True,193,17,3837.494263458252,417.55118928820366
LucidFlex $50K,2,883,True,192,15,2966.3213653564458,324.44139933586126
LucidFlex $50K,2,884,True,191,15,3065.3183441162114,337.02452998136357
LucidFlex $50K,2,885,True,190,15,3164.3048858642583,349.7389610692075
LucidFlex $50K,2,886,True,189,16,3265.1014389038087,362.78904876708987
LucidFlex $50K,2,887,True,188,15,3362.3092803955083,375.577100469711
LucidFlex $50K,2,888,True,187,16,3458.601026916504,388.3990458034576
LucidFlex $50K,2,889,True,186,16,3436.997319030762,388.0480844066989
LucidFlex $50K,2,890,True,185,16,3527.901054382324,400.4644440109665
LucidFlex $50K,2,891,True,184,16,3620.5901779174806,413.2195311753646
LucidFlex $50K,2,892,True,183,14,3098.6068908691404,355.577839935803
LucidFlex $50K,2,893,True,182,15,3186.8026336669923,367.70799619234526
LucidFlex $50K,2,894,True,181,14,2756.6277648925784,319.82974067814445
LucidFlex $50K,2,895,True,180,14,2845.716998291016,332.0003164672852
LucidFlex $50K,2,896,True,179,14,2933.906231689453,344.2012897512766
LucidFlex $50K,2,897,True,178,14,3021.2138122558595,356.4353374009722
LucidFlex $50K,2,898,True,177,15,3110.297964477539,369.01840256513174
LucidFlex $50K,2,899,True,176,15,3196.6874176025385,381.4229305093938
LucidFlex $50K,2,900,True,175,15,3284.8767059326165,394.18520471191397
LucidFlex $50K,2,901,True,174,13,2672.932873535156,322.5953468059671
LucidFlex $50K,2,902,True,173,13,2760.2222167968753,335.0558760273664
LucidFlex $50K,2,903,True,172,13,2848.411450195312,347.77116543082303
LucidFlex $50K,2,904,True,171,13,2636.937268066406,323.8344013414885
LucidFlex $50K,2,905,True,170,13,2722.415844726562,336.29842787798714
LucidFlex $50K,2,906,True,169,14,2806.999310302734,348.7987308660202
LucidFlex $50K,2,907,True,168,14,2896.988543701172,362.1235679626465
LucidFlex $50K,2,908,True,167,14,2986.9778320312503,375.60799085422906
LucidFlex $50K,2,909,True,166,14,2990.5725585937503,378.32544415945034
LucidFlex $50K,2,910,True,165,14,3079.6618469238283,391.95696233576
LucidFlex $50K,2,911,True,164,11,2249.7284179687504,288.07498034965704
LucidFlex $50K,2,912,True,163,11,2339.6844726562504,301.43174187595866
LucidFlex $50K,2,913,True,162,12,2426.3413330078124,314.5257283528646
LucidFlex $50K,2,914,True,161,12,2512.7202392578124,327.74611816406247
LucidFlex $50K,2,915,True,160,13,2598.2015625,341.013955078125
LucidFlex $50K,2,916,True,159,13,2680.9914550781255,354.09321104805434
LucidFlex $50K,2,917,True,158,13,2767.380908203125,367.81644982446596
LucidFlex $50K,2,918,True,157,13,2853.7703613281255,381.71450692923975
LucidFlex $50K,2,919,True,156,13,2939.259924316407,395.66960519643936
LucidFlex $50K,2,920,True,155,13,3022.049816894532,409.4390074502269
LucidFlex $50K,2,921,True,154,13,3102.1400390625,423.0190962357955
LucidFlex $50K,2,922,True,153,13,3182.2302612304693,436.7767025218291
LucidFlex $50K,2,923,True,152,13,2894.2654174804693,399.86561688874906
LucidFlex $50K,2,924,True,151,13,2971.64619140625,413.27529814259105
LucidFlex $50K,2,925,True,150,13,3052.626635742188,427.3677290039063
LucidFlex $50K,2,926,True,149,13,3130.9075195312503,441.26884503460576
LucidFlex $50K,2,927,True,148,13,3207.397302246094,455.1036712646485
LucidFlex $50K,2,928,True,147,13,3210.9873046874995,458.7124720982142
LucidFlex $50K,2,929,True,146,13,3291.9679687500006,473.5022420804795
LucidFlex $50K,2,930,True,145,12,2580.203759765625,373.6846824488146
LucidFlex $50K,2,931,True,144,12,2660.2842041015624,387.95811309814457
LucidFlex $50K,2,932,True,143,12,2739.464868164063,402.29903658353373
LucidFlex $50K,2,933,True,142,12,2817.745751953125,416.7088788099692
LucidFlex $50K,2,934,True,141,12,2824.9439941406254,420.7363395528591
LucidFlex $50K,2,935,True,140,12,2903.2248779296874,435.48373168945307
LucidFlex $50K,2,936,True,139,12,2980.6059814453124,450.3073784917379
LucidFlex $50K,2,937,True,138,12,3057.987084960938,465.34586075492535
LucidFlex $50K,2,938,True,137,12,3136.2679687500004,480.74180542883215
LucidFlex $50K,2,939,True,136,12,3213.649072265625,496.2252243939568
LucidFlex $50K,2,940,True,135,12,3289.2306152343754,511.658095703125
LucidFlex $50K,2,941,True,134,12,3375.609521484375,529.0134324714319
LucidFlex $50K,2,942,True,133,13,3448.8931640624996,544.5620785361842
LucidFlex $50K,2,943,True,132,13,3531.683056640625,561.8586681019176
LucidFlex $50K,2,944,True,131,13,3611.773278808594,578.9865561448892
LucidFlex $50K,2,945,True,130,13,3700.1995971679685,597.7245503117488
LucidFlex $50K,2,946,True,129,13,3771.051196289063,613.8920552098474
LucidFlex $50K,2,947,True,128,13,3774.6533935546877,619.2790723800659
LucidFlex $50K,2,948,True,127,13,3865.092626953125,639.1098044568159
LucidFlex $50K,2,949,True,126,13,3858.343176269531,643.0571960449219
LucidFlex $50K,2,950,True,125,13,3938.4333984375003,661.6568109375
LucidFlex $50K,2,951,True,124,13,4019.423510742188,680.7088203676285
LucidFlex $50K,2,952,True,123,12,3665.103881835938,625.7494432402822
LucidFlex $50K,2,953,True,122,12,3742.2547119140627,644.1585979524207
LucidFlex $50K,2,954,True,121,12,3840.1108154296876,666.4655134216813
LucidFlex $50K,2,955,True,120,12,3843.495263671875,672.6116711425781
LucidFlex $50K,2,956,True,119,12,3932.2074462890623,693.9189611098345
LucidFlex $50K,2,957,True,118,12,4019.9165771484377,715.4088823738746
LucidFlex $50K,2,958,True,117,12,3382.301293945313,607.0797194260819
LucidFlex $50K,2,959,True,116,11,3394.27001953125,614.4799173289332
LucidFlex $50K,2,960,True,115,11,3475.019970703125,634.5688642153533
LucidFlex $50K,2,961,True,114,11,3574.675634765625,658.4928800884046
LucidFlex $50K,2,962,True,113,10,1789.15341796875,332.4975378525995
LucidFlex $50K,2,963,True,112,10,1880.8637695312502,352.66195678710943
LucidFlex $50K,2,964,True,111,10,1623.71513671875,307.1893501900338
LucidFlex $50K,2,965,True,110,10,1720.82021484375,328.52022283380677
LucidFlex $50K,2,966,True,109,10,1817.026171875,350.06926247133026
LucidFlex $50K,2,967,True,108,10,1912.3330078125002,371.842529296875
LucidFlex $50K,2,968,True,107,10,2004.94248046875,393.49338401723134
LucidFlex $50K,2,969,True,106,10,2098.7455078125004,415.7892043779482
LucidFlex $50K,2,970,True,105,10,2191.95615234375,438.39123046875
LucidFlex $50K,2,971,True,104,10,2284.0787109375,461.2082012469952
LucidFlex $50K,2,972,True,103,10,2278.1320312499997,464.4735209344659
LucidFlex $50K,2,973,True,102,9,2376.5923828125,489.29843175551474
LucidFlex $50K,2,974,True,101,9,2460.0427734375003,511.49404200185654
LucidFlex $50K,2,975,True,100,9,1567.0705078125002,329.08480664062506
LucidFlex $50K,2,976,True,99,9,1654.5796875,350.9714488636364
LucidFlex $50K,2,977,True,98,9,1748.689453125,374.71916852678567
LucidFlex $50K,2,978,True,97,9,1751.7990234375,379.25545868234536
LucidFlex $50K,2,979,True,96,9,1833.9662109375001,401.1801086425782
LucidFlex $50K,2,980,True,95,8,1931.9625,427.0653947368421
LucidFlex $50K,2,981,True,94,8,2011.819921875,449.4491314827128
LucidFlex $50K,2,982,True,93,8,1118.84765625,252.6430191532258
LucidFlex $50K,2,983,True,92,8,1216.2375,277.61942934782604
LucidFlex $50K,2,984,True,91,8,1313.9402343749998,303.21697716346154
LucidFlex $50K,2,985,True,90,8,1407.7722656249998,328.4801953125
LucidFlex $50K,2,986,True,89,8,1491.7359375,351.9826369382023
LucidFlex $50K,2,987,True,88,7,1036.74375,247.4047585227273
LucidFlex $50K,2,988,True,87,7,816.18046875,197.0090786637931
LucidFlex $50K,2,989,True,86,7,903.69140625,220.66883175872096
LucidFlex $50K,2,990,True,85,7,986.7375000000001,243.78220588235297
LucidFlex $50K,2,991,True,84,7,990.309375,247.57734375
LucidFlex $50K,2,992,True,83,7,1066.21171875,269.7644107680723
LucidFlex $50K,2,993,True,82,7,1131.34921875,289.73577553353664
LucidFlex $50K,2,994,True,81,6,1213.1859375,314.52968749999997
LucidFlex $50K,2,995,True,80,6,1274.8640625,334.65181640625
LucidFlex $50K,2,996,True,79,6,1342.884375,356.96926424050633
LucidFlex $50K,2,997,True,78,6,1421.2546875,382.6454927884615
LucidFlex $50K,2,998,True,77,6,1486.5468750000002,405.42187500000006
LucidFlex $50K,2,999,True,76,6,770.6390625,212.93974095394736
LucidFlex $50K,2,1000,True,75,6,837.5625000000001,234.5175
LucidFlex $50K,2,1001,True,74,5,923.484375,262.0698902027027
LucidFlex $50K,2,1002,True,73,5,986.934375,283.91262842465756
LucidFlex $50K,2,1003,True,72,5,1048.7531250000002,305.8863281250001
LucidFlex $50K,2,1004,True,71,5,1120.921875,331.54027288732397
LucidFlex $50K,2,1005,True,70,5,1185.3281250000002,355.59843750000005
LucidFlex $50K,2,1006,True,69,5,564.215625,171.7177989130435
LucidFlex $50K,2,1007,True,68,5,633.796875,195.73138786764704
LucidFlex $50K,2,1008,True,67,4,727.3125,227.96361940298505
LucidFlex $50K,2,1009,True,66,4,795.9937500000001,253.27073863636366
LucidFlex $50K,2,1010,True,65,4,863.04375,278.8295192307692
LucidFlex $50K,2,1011,True,64,4,565.5374999999999,185.56699218749998
LucidFlex $50K,2,1012,True,63,4,635.175,211.725
LucidFlex $50K,2,1013,True,61,2,393.75,135.55327868852459
LucidFlex $50K,2,1014,True,61,3,366.1875,126.06454918032787
LucidFlex $50K,2,1015,True,59,1,165.15,58.782203389830514
LucidFlex $50K,2,1016,True,58,2,213.525,77.31077586206897
LucidFlex $50K,2,1017,True,57,2,269.55,99.3078947368421
LucidFlex $50K,2,1018,True,56,2,326.25,122.34375
LucidFlex $50K,2,1019,True,55,2,381.6,145.7018181818182
LucidFlex $50K,2,1020,True,55,3,348.8625,133.20204545454547
LucidFlex $50K,2,1021,True,54,3,415.80000000000007,161.70000000000002
LucidFlex $50K,2,1022,True,53,3,482.73750000000007,191.27334905660382
LucidFlex $50K,2,1023,True,52,3,547.3125,221.03004807692307
LucidFlex $50K,2,1024,True,51,3,611.1,251.6294117647059
LucidFlex $50K,2,1025,True,51,3,608.85,250.70294117647063
LucidFlex $50K,2,1026,True,52,3,604.4625,244.10985576923076
LucidFlex $50K,2,1027,True,52,3,597.0375,241.11129807692308
LucidFlex $50K,2,1028,True,51,3,872.8875,359.4242647058824
LucidFlex $50K,2,1029,True,363,26,6712.271526789666,388.31322882254267
LucidFlex $50K,2,1030,True,362,27,6777.971525354684,393.197243183559
LucidFlex $50K,2,1031,True,44,2,315.0,150.3409090909091
LucidFlex $50K,2,1032,True,44,2,309.6,147.76363636363638
LucidFlex $50K,2,1033,True,45,2,301.275,140.595
LucidFlex $50K,2,1034,True,45,2,293.85,137.13000000000002
LucidFlex $50K,2,1035,True,39,1,181.8,97.8923076923077
LucidFlex $50K,2,1036,True,38,1,216.0,119.36842105263158
LucidFlex $50K,2,1037,True,37,1,250.65,142.26081081081082
LucidFlex $50K,2,1038,True,37,1,244.8,138.94054054054055
LucidFlex $50K,2,1039,True,37,1,242.1,137.4081081081081
LucidFlex $50K,2,1040,True,38,1,242.55,134.0407894736842
LucidFlex $50K,2,1041,True,38,1,243.9,134.78684210526316
LucidFlex $50K,2,1042,True,37,1,243.45000000000002,138.17432432432435
LucidFlex $50K,2,1043,True,36,1,244.8,142.8
LucidFlex $50K,2,1044,True,29,0,0.0,0.0
LucidFlex $50K,2,1045,True,29,0,0.0,0.0
LucidFlex $50K,2,1046,True,29,0,0.0,0.0
LucidFlex $50K,2,1047,True,29,0,0.0,0.0
LucidFlex $50K,2,1048,True,30,0,0.0,0.0
LucidFlex $50K,2,1049,True,30,0,0.0,0.0
LucidFlex $50K,2,1050,True,29,0,0.0,0.0
LucidFlex $50K,2,1051,True,28,0,0.0,0.0
LucidFlex $50K,2,1052,True,340,24,5838.371523410082,360.6052999753286
LucidFlex $50K,2,1053,True,339,24,5908.571519225836,366.017704730804
LucidFlex $50K,2,1054,True,338,24,5977.871515095234,371.40621839349086
LucidFlex $50K,2,1055,True,337,24,6046.271511018276,376.770628283038
LucidFlex $50K,2,1056,True,336,25,6116.471311569214,382.27945697307587
LucidFlex $50K,2,1057,True,335,26,6184.871310040355,387.7083507786491
LucidFlex $50K,2,1058,True,334,26,6251.471309047936,393.0565793113972
LucidFlex $50K,2,1059,True,333,26,6317.1713080689315,398.3801725809236
LucidFlex $50K,2,1060,True,332,27,6381.971303636581,403.6789077601452
LucidFlex $50K,2,1061,True,331,27,6448.571303140372,409.12385911162477
LucidFlex $50K,2,1062,True,330,27,6513.371302657574,414.4872647145729
LucidFlex $50K,2,1063,True,329,27,6579.071302168071,419.9407214149833
LucidFlex $50K,2,1064,True,328,27,6642.071301698685,425.2545650477816
LucidFlex $50K,2,1065,True,327,27,6645.671301671862,426.78623038259667
LucidFlex $50K,2,1066,True,326,27,6712.271301175654,432.38557461560964
LucidFlex $50K,2,1067,True,325,28,6783.371301645041,438.3101456447565
LucidFlex $50K,2,1068,True,324,28,6855.37130137682,444.3296213855346
LucidFlex $50K,2,1069,True,323,28,6926.471301111953,450.3278554902508
LucidFlex $50K,2,1070,True,322,28,7001.171299271285,456.59812821334464
LucidFlex $50K,2,1071,True,321,28,7075.871298993006,462.90746815842095
LucidFlex $50K,2,1072,True,320,28,7149.671298718079,469.197178978374
LucidFlex $50K,2,1073,True,319,28,7222.571298446507,475.4670760732811
LucidFlex $50K,2,1074,True,318,28,7296.371301105246,481.8358406390257
LucidFlex $50K,2,1075,True,317,28,7372.8712997004395,488.42365076879884
LucidFlex $50K,2,1076,True,316,28,7447.571299170702,494.9335357043821
LucidFlex $50K,2,1077,True,315,28,7430.471295868232,495.3647530578821
LucidFlex $50K,2,1078,True,314,28,7501.571292250604,501.6974431123015
LucidFlex $50K,2,1079,True,313,28,7573.57110715136,508.1309688504107
LucidFlex $50K,2,1080,True,312,27,6934.57129951939,466.7499913138051
LucidFlex $50K,2,1081,True,311,27,7003.871302194893,472.93021654692205
LucidFlex $50K,2,1082,True,310,27,7070.471300826966,478.96741070118156
LucidFlex $50K,2,1083,True,309,27,6776.171301671862,460.51649623012656
LucidFlex $50K,2,1084,True,308,27,6840.971298064292,466.4298612316563
LucidFlex $50K,2,1085,True,307,27,6907.571294463426,472.5048768199738
LucidFlex $50K,2,1086,True,306,27,6972.371109391004,478.4960565268336
LucidFlex $50K,2,1087,True,305,26,6341.47130393833,436.6258930580489
LucidFlex $50K,2,1088,True,304,23,5796.071525931358,400.3865198834162
LucidFlex $50K,2,1089,True,303,23,5799.6715255022045,401.95743246054883
LucidFlex $50K,2,1090,True,302,23,5863.571517884731,407.7317942899979
LucidFlex $50K,2,1091,True,301,23,5926.571510374546,413.4817332819451
LucidFlex $50K,2,1092,True,300,25,5986.871310147643,419.080991710335
LucidFlex $50K,2,1093,True,299,25,5990.471310040355,420.73544318009186
LucidFlex $50K,2,1094,True,298,25,6048.971308296919,426.2697901819977
LucidFlex $50K,2,1095,True,297,25,6107.471306553483,431.8414055138827
LucidFlex $50K,2,1096,True,296,25,6164.171304863692,437.3229641964106
LucidFlex $50K,2,1097,True,295,25,6222.671303120256,442.9698215780521
LucidFlex $50K,2,1098,True,294,25,6282.071299579739,448.71937854141
LucidFlex $50K,2,1099,True,293,25,6343.271296012402,454.6371918643701
LucidFlex $50K,2,1100,True,292,25,6404.471110537649,460.5955250729131
LucidFlex $50K,2,1101,True,291,25,6462.970903229714,466.39996208874226
LucidFlex $50K,2,1102,True,290,25,6522.371170753241,472.30963650282087
LucidFlex $50K,2,1103,True,289,25,6580.871343755722,478.19480352550227
LucidFlex $50K,2,1104,True,288,24,5973.3713105499755,435.5583247276024
LucidFlex $50K,2,1105,True,287,24,6032.771307009459,441.42229075678966
LucidFlex $50K,2,1106,True,286,24,6091.271303522587,447.2611796292809
LucidFlex $50K,2,1107,True,285,24,6147.971118181944,453.00839818182743
LucidFlex $50K,2,1108,True,284,24,6203.770910954476,458.7295391902957
LucidFlex $50K,2,1109,True,283,24,6257.771178638935,464.3575786269175
LucidFlex $50K,2,1110,True,282,24,6312.671351748705,470.09254747064824
LucidFlex $50K,2,1111,True,281,24,6364.87113352418,475.6665259929102
LucidFlex $50K,2,1112,True,280,23,6417.071454262734,481.280359069705
LucidFlex $50K,2,1113,True,279,22,5648.47154352665,425.15377209340375
LucidFlex $50K,2,1114,True,278,22,5702.471517348289,430.76223692199306
LucidFlex $50K,2,1115,True,277,22,5755.57149116993,436.34296503454345
LucidFlex $50K,2,1116,True,276,22,5805.971465635299,441.758698472251
LucidFlex $50K,2,1117,True,275,23,5856.3713789463045,447.21381439226326
LucidFlex $50K,2,1118,True,274,23,5906.771160829067,452.70873860368766
LucidFlex $50K,2,1119,True,273,21,4948.271724414825,380.6362864934481
LucidFlex $50K,2,1120,True,272,21,5006.7716965198515,386.5522265695474
LucidFlex $50K,2,1121,True,271,21,5062.571669912339,392.3026017275244
LucidFlex $50K,2,1122,True,270,21,5119.271642875671,398.1655722236633
LucidFlex $50K,2,1123,True,269,21,5175.971615839004,404.0721335785096
LucidFlex $50K,2,1124,True,268,21,5233.5715883731855,410.09329610386897
LucidFlex $50K,2,1125,True,267,21,5290.271561336517,416.08877448714185
LucidFlex $50K,2,1126,True,266,21,5346.97153429985,422.1293316552513
LucidFlex $50K,2,1127,True,265,21,5400.97131242752,428.0015002301054
LucidFlex $50K,2,1128,True,264,21,5458.57112660408,434.2045214344154
LucidFlex $50K,2,1129,True,263,21,5462.170931768418,436.1429261107862
LucidFlex $50K,2,1130,True,262,21,5519.771198701858,442.4244090562558
LucidFlex $50K,2,1131,True,261,21,5523.371384096145,444.40919182382777
LucidFlex $50K,2,1132,True,260,21,5581.8711647987375,450.84344023374416
LucidFlex $50K,2,1133,True,259,20,4771.871808528901,386.9085250158568
LucidFlex $50K,2,1134,True,258,20,4833.97158279419,393.4628032506899
LucidFlex $50K,2,1135,True,257,20,4815.071433448791,393.44941674095185
LucidFlex $50K,2,1136,True,256,20,4872.671212863923,399.7113104302437
LucidFlex $50K,2,1137,True,255,19,4474.87174243927,368.51884937735167
LucidFlex $50K,2,1138,True,251,20,3748.352885341644,313.60721351463957
LucidFlex $50K,2,1139,True,250,20,3807.7528286933903,319.85123761024477
LucidFlex $50K,2,1140,True,249,20,3868.052771186829,326.2213180519012
LucidFlex $50K,2,1141,True,248,20,3931.052711105347,332.87139892424307
LucidFlex $50K,2,1142,True,247,20,3994.9526501655578,339.65184475091786
LucidFlex $50K,2,1143,True,246,20,4057.052590942383,346.3337577633742
LucidFlex $50K,2,1144,True,245,20,3837.4528003692626,328.9245257459368
LucidFlex $50K,2,1145,True,244,20,3899.552741146088,335.6172441150322
LucidFlex $50K,2,1146,True,243,20,3958.952684497833,342.1317134751214
LucidFlex $50K,2,1147,True,242,20,3962.552681064606,343.85787728246584
LucidFlex $50K,2,1148,True,241,20,4018.3526278495788,350.1469094806687
LucidFlex $50K,2,1149,True,240,20,4074.1525746345524,356.4883502805233
LucidFlex $50K,2,1150,True,242,18,4120.27186088562,357.54425239090097
LucidFlex $50K,2,1151,True,241,18,4175.171651458741,363.8116376789774
LucidFlex $50K,2,1152,True,240,18,4230.07144203186,370.13125117778776
LucidFlex $50K,2,1153,True,239,18,4285.871229171753,376.58282766781093
LucidFlex $50K,2,1154,True,238,18,4289.471215438843,378.48275430342727
LucidFlex $50K,2,1155,True,237,18,4347.970992279053,385.26325248042235
LucidFlex $50K,2,1156,True,236,18,4404.670775985717,391.9410436258477
LucidFlex $50K,2,1157,True,235,18,4464.0705493927,398.9169427116881
LucidFlex $50K,2,1158,True,234,18,4522.57032623291,405.8716959439791
LucidFlex $50K,2,1159,True,233,18,4584.670089340209,413.210608910491
LucidFlex $50K,2,1160,True,232,18,4645.869855880737,420.53132316161845
LucidFlex $50K,2,1161,True,231,18,4708.179299926759,428.01629999334176
LucidFlex $50K,2,1162,True,230,16,4773.092115783692,435.80406274546755
LucidFlex $50K,2,1163,True,226,20,4834.657090187073,449.2380482032235
LucidFlex $50K,2,1164,True,225,20,4528.655188179016,422.67448423004146
LucidFlex $50K,2,1165,True,224,20,4594.352078533174,430.7205073624851
LucidFlex $50K,2,1166,True,223,20,4657.224972724914,438.5727552790278
LucidFlex $50K,2,1167,True,225,17,4085.171994781494,381.2827195129395
LucidFlex $50K,2,1168,True,224,17,4150.181428527832,389.0795089244843
LucidFlex $50K,2,1169,True,223,15,4219.600561523438,397.36148785646725
LucidFlex $50K,2,1170,True,222,15,4284.38487854004,405.27965067270645
LucidFlex $50K,2,1171,True,218,19,4291.055414772034,413.35854912941613
LucidFlex $50K,2,1172,True,217,19,3668.252961730957,354.9922221029958
LucidFlex $50K,2,1173,True,216,19,3732.0258550643925,362.83584702014923
LucidFlex $50K,2,1174,True,218,16,3789.074253845215,365.00256573738307
LucidFlex $50K,2,1175,True,217,16,3854.9836807250977,373.0629368443643
LucidFlex $50K,2,1176,True,216,14,3926.2095153808596,381.71481399536134
LucidFlex $50K,2,1177,True,215,14,3990.0938598632815,389.7300979401345
LucidFlex $50K,2,1178,True,211,18,3285.7573322296143,327.01850225981946
LucidFlex $50K,2,1179,True,210,18,3349.6535694122317,334.96535694122315
LucidFlex $50K,2,1180,True,209,18,3353.126577758789,336.91702455949553
LucidFlex $50K,2,1181,True,211,14,2927.061145019531,291.3188817318017
LucidFlex $50K,2,1182,True,210,15,2984.6969604492188,298.4696960449219
LucidFlex $50K,2,1183,True,209,9,1564.1068359375,157.1590600702751
LucidFlex $50K,2,1184,True,208,10,1634.21455078125,164.99281522310696
LucidFlex $50K,2,1185,True,207,10,1705.2451171875,172.99588145380434
LucidFlex $50K,2,1186,True,206,11,1774.478759765625,180.89346580135012
LucidFlex $50K,2,1187,True,205,11,1845.54404296875,189.05573123094513
LucidFlex $50K,2,1188,True,204,12,1915.7269042968749,197.20718132467832
LucidFlex $50K,2,1189,True,203,12,1982.3106445312503,205.06661839978452
LucidFlex $50K,2,1190,True,202,12,2047.9946044921874,212.9103301699799
LucidFlex $50K,2,1191,True,201,12,2109.179663085937,220.3620543522621
LucidFlex $50K,2,1192,True,200,12,2170.3198974609377,227.88358923339845
LucidFlex $50K,2,1193,True,196,16,2236.3560653686523,239.6095784323556
LucidFlex $50K,2,1194,True,195,16,2296.5288986206056,247.31849677452672
LucidFlex $50K,2,1195,True,197,12,2353.769384765625,250.90942680242702
LucidFlex $50K,2,1196,True,196,13,2408.7013549804688,258.07514517647877
LucidFlex $50K,2,1197,True,195,13,2468.037524414063,265.7886564753606
LucidFlex $50K,2,1198,True,194,10,1771.7800781250003,191.79062701353098
LucidFlex $50K,2,1199,True,193,10,1832.9203125000001,199.43692519430056
LucidFlex $50K,2,1200,True,192,10,1892.2623046875,206.96618957519533
LucidFlex $50K,2,1201,True,191,10,1950.70517578125,214.47543817490185
LucidFlex $50K,2,1202,True,190,11,2010.0533203125,222.1637880345395
LucidFlex $50K,2,1203,True,189,11,2071.1926757812503,230.13251953125004
LucidFlex $50K,2,1204,True,188,12,2126.0792724609373,237.48757830680682
LucidFlex $50K,2,1205,True,187,10,1808.64404296875,203.10975883606284
LucidFlex $50K,2,1206,True,186,10,1869.78427734375,211.10467647429437
LucidFlex $50K,2,1207,True,185,10,1930.92451171875,219.18602565456078
LucidFlex $50K,2,1208,True,184,10,1993.86298828125,227.56044974949046
LucidFlex $50K,2,1209,True,183,10,1997.45947265625,229.21666079661887
LucidFlex $50K,2,1210,True,182,10,2060.39794921875,237.73822490985577
LucidFlex $50K,2,1211,True,181,11,2119.7808105468753,245.94142000820102
LucidFlex $50K,2,1212,True,180,11,2122.868408203125,247.66798095703126
LucidFlex $50K,2,1213,True,179,11,2192.5318359375,257.22440533344974
LucidFlex $50K,2,1214,True,175,13,1976.2575073242185,237.1509008789062
LucidFlex $50K,2,1215,True,174,13,2045.4298461914063,246.8622228162042
LucidFlex $50K,2,1216,True,176,10,2103.3817382812504,250.97168468128555
LucidFlex $50K,2,1217,True,175,8,1432.065234375,171.847828125
LucidFlex $50K,2,1218,True,174,8,1500.198046875,181.0583849676724
LucidFlex $50K,2,1219,True,173,9,1562.4421875,189.66061235549137
LucidFlex $50K,2,1220,True,172,10,1631.2060546875,199.15887876998548
LucidFlex $50K,2,1221,True,168,12,1710.7899169921875,213.84873962402344
LucidFlex $50K,2,1222,True,167,12,1781.7620361328127,224.05390873526386
LucidFlex $50K,2,1223,True,169,9,1841.7375,228.85495562130177
LucidFlex $50K,2,1224,True,165,11,1923.16728515625,244.76674538352273
LucidFlex $50K,2,1225,True,167,7,1219.5984375,153.36267776946107
LucidFlex $50K,2,1226,True,166,7,1291.3734375000001,163.36651920180725
LucidFlex $50K,2,1227,True,165,8,1359.9210937500002,173.08086647727276
LucidFlex $50K,2,1228,True,164,8,1432.269140625,183.40031678734758
LucidFlex $50K,2,1229,True,160,10,1514.5760742187501,198.78810974121097
LucidFlex $50K,2,1230,True,162,6,799.1859375,103.59817708333334
LucidFlex $50K,2,1231,True,161,6,870.0609375,113.48620923913043
LucidFlex $50K,2,1232,True,160,6,873.6046875,114.660615234375
LucidFlex $50K,2,1233,True,159,6,943.59375,124.62558962264151
LucidFlex $50K,2,1234,True,158,6,1000.6171875000001,132.9934236550633
LucidFlex $50K,2,1235,True,157,6,1067.9484375,142.8466062898089
LucidFlex $50K,2,1236,True,156,6,1132.621875,152.46832932692308
LucidFlex $50K,2,1237,True,155,7,1192.39453125,161.55022681451612
LucidFlex $50K,2,1238,True,154,7,1259.3671875,171.73188920454547
LucidFlex $50K,2,1239,True,153,6,1111.359375,152.53952205882354
LucidFlex $50K,2,1240,True,152,7,1173.6421875,162.14793379934213
LucidFlex $50K,2,1241,True,151,7,1239.7218750000002,172.41165149006625
LucidFlex $50K,2,1242,True,147,9,1312.9998046875,187.57140066964286
LucidFlex $50K,2,1243,True,146,9,1374.978515625,197.7708823844178
LucidFlex $50K,2,1244,True,145,9,1358.81015625,196.79319504310345
LucidFlex $50K,2,1245,True,144,9,1419.890625,207.0673828125
LucidFlex $50K,2,1246,True,143,9,1480.97109375,217.48526551573426
LucidFlex $50K,2,1247,True,142,9,1445.04140625,213.70330655809857
LucidFlex $50K,2,1248,True,144,7,1437.9609375,209.70263671875
LucidFlex $50K,2,1249,True,143,7,1491.1031250000003,218.97318618881124
LucidFlex $50K,2,1250,True,139,8,1554.999609375,234.9279985386691
LucidFlex $50K,2,1251,True,138,8,1558.3640625000003,237.14235733695656
LucidFlex $50K,2,1252,True,137,8,1611.038671875,246.947533645073
LucidFlex $50K,2,1253,True,136,8,1663.71328125,256.89690372242643
LucidFlex $50K,2,1254,True,135,8,1295.933203125,201.589609375
LucidFlex $50K,2,1255,True,137,5,769.9499999999999,118.02153284671532
LucidFlex $50K,2,1256,True,136,5,824.00625,127.23625919117647
LucidFlex $50K,2,1257,True,135,5,878.9343749999999,136.72312499999998
LucidFlex $50K,2,1258,True,134,5,922.66875,144.59734141791046
LucidFlex $50K,2,1259,True,133,6,971.859375,153.4514802631579
LucidFlex $50K,2,1260,True,132,6,1026.7875,163.3525568181818
LucidFlex $50K,2,1261,True,131,6,1082.6015625,173.54681536259542
LucidFlex $50K,2,1262,True,130,6,1139.3015625,184.0410216346154
LucidFlex $50K,2,1263,True,129,6,1195.115625,194.5537063953488
LucidFlex $50K,2,1264,True,128,6,1250.04375,205.085302734375
LucidFlex $50K,2,1265,True,127,6,1253.5874999999999,207.28612204724408
LucidFlex $50K,2,1266,True,123,6,1325.9812499999998,226.38704268292682
LucidFlex $50K,2,1267,True,122,6,1378.3640625,237.25938780737707
LucidFlex $50K,2,1268,True,121,6,1191.5578125,206.79928977272726
LucidFlex $50K,2,1269,True,123,6,1237.1625000000001,211.22286585365856
LucidFlex $50K,2,1270,True,122,6,1285.8890625000001,221.34155993852463
LucidFlex $50K,2,1271,True,121,6,1331.8734375,231.15158832644627
LucidFlex $50K,2,1272,True,120,5,943.509375,165.114140625
LucidFlex $50K,2,1273,True,119,5,993.99375,175.41066176470588
LucidFlex $50K,2,1274,True,118,5,1045.4906250000001,186.06189088983055
LucidFlex $50K,2,1275,True,114,5,1116.253125,205.62557565789473
LucidFlex $50K,2,1276,True,116,3,239.4,43.33965517241379
LucidFlex $50K,2,1277,True,115,3,289.01250000000005,52.77619565217392
LucidFlex $50K,2,1278,True,114,3,338.625,62.378289473684205
LucidFlex $50K,2,1279,True,113,4,388.85625000000005,72.26532079646017
LucidFlex $50K,2,1280,True,112,4,443.70000000000005,83.19375000000001
LucidFlex $50K,2,1281,True,111,4,494.32500000000005,93.52094594594595
LucidFlex $50K,2,1282,True,110,4,544.95,104.0359090909091
LucidFlex $50K,2,1283,True,109,4,586.06875,112.91232798165137
LucidFlex $50K,2,1284,True,108,4,639.2250000000001,124.29375000000002
LucidFlex $50K,2,1285,True,107,4,694.9125,136.38469626168225
LucidFlex $50K,2,1286,True,106,4,749.7562500000001,148.53661556603777
LucidFlex $50K,2,1287,True,102,4,823.0500000000001,169.4514705882353
LucidFlex $50K,2,1288,True,101,4,849.2625,176.57933168316833
LucidFlex $50K,2,1289,True,103,4,923.79375,188.34629854368933
LucidFlex $50K,2,1290,True,102,4,973.125,200.34926470588238
LucidFlex $50K,2,1291,True,104,4,965.9812499999999,195.05390624999998
LucidFlex $50K,2,1292,True,106,5,970.9312500000001,192.35430424528303
LucidFlex $50K,2,1293,True,106,6,1018.996875,201.87673938679248
LucidFlex $50K,2,1294,True,98,3,536.2875,114.91875
LucidFlex $50K,2,1295,True,97,3,590.625,127.86726804123712
LucidFlex $50K,2,1296,True,96,3,379.57500000000005,83.03203125000002
LucidFlex $50K,2,1297,True,95,3,433.125,95.74342105263158
LucidFlex $50K,2,1298,True,97,3,430.20000000000005,93.13608247422682
LucidFlex $50K,2,1299,True,96,3,424.01250000000005,92.75273437500002
LucidFlex $50K,2,1300,True,98,4,463.21874999999994,99.2611607142857
LucidFlex $50K,2,1301,True,88,2,661.95,157.9653409090909
LucidFlex $50K,2,1302,True,87,2,692.325,167.11293103448276
LucidFlex $50K,2,1303,True,87,2,676.35,163.25689655172414
LucidFlex $50K,2,1304,True,88,2,193.72500000000002,46.22982954545455
LucidFlex $50K,2,1305,True,90,2,190.8,44.52
LucidFlex $50K,2,1306,True,89,2,183.82500000000002,43.3744382022472
LucidFlex $50K,2,1307,True,88,2,212.62500000000003,50.74005681818182
LucidFlex $50K,2,1308,True,81,1,31.5,8.166666666666666
LucidFlex $50K,2,1309,True,80,1,65.25,17.128125
LucidFlex $50K,2,1310,True,80,1,97.2,25.515
LucidFlex $50K,2,1311,True,81,1,97.2,25.2
LucidFlex $50K,2,1312,True,83,1,94.95,24.023493975903616
LucidFlex $50K,2,1313,True,82,1,90.0,23.04878048780488
LucidFlex $50K,2,1314,True,81,1,118.8,30.799999999999997
LucidFlex $50K,2,1315,True,82,1,148.5,38.03048780487805
LucidFlex $50K,2,1316,True,73,0,0.0,0.0
LucidFlex $50K,2,1317,True,72,0,0.0,0.0
LucidFlex $50K,2,1318,True,72,0,0.0,0.0
LucidFlex $50K,2,1319,True,73,0,0.0,0.0
LucidFlex $50K,2,1320,True,75,0,0.0,0.0
LucidFlex $50K,2,1321,True,74,0,0.0,0.0
LucidFlex $50K,2,1322,True,73,0,0.0,0.0
LucidFlex $50K,2,1323,True,74,0,0.0,0.0
LucidFlex $50K,2,1324,True,74,0,0.0,0.0
LucidFlex $50K,2,1325,True,74,2,27.0,7.662162162162162
LucidFlex $50K,2,1326,True,73,2,81.0,23.301369863013697
LucidFlex $50K,2,1327,True,72,2,133.65,38.98125
LucidFlex $50K,2,1328,True,71,2,186.3,55.10281690140845
LucidFlex $50K,2,1329,True,70,2,239.625,71.8875
LucidFlex $50K,2,1330,True,68,2,187.2,57.81176470588235
LucidFlex $50K,2,1331,True,73,4,196.9875,56.667636986301375
LucidFlex $50K,2,1332,True,72,4,153.95625,44.903906250000006
LucidFlex $50K,2,1333,True,71,4,214.70625,63.50466549295775
LucidFlex $50K,2,1334,True,70,4,272.925,81.8775
LucidFlex $50K,2,1335,True,69,4,330.3,100.52608695652175
LucidFlex $50K,2,1336,True,68,4,389.3625,120.24430147058824
LucidFlex $50K,2,1337,True,67,4,448.425,140.55111940298508
LucidFlex $50K,2,1338,True,66,4,513.3937500000001,163.35255681818185
LucidFlex $50K,2,1339,True,65,4,579.20625,187.12817307692305
LucidFlex $50K,2,1340,True,64,4,700.65,229.90078125
LucidFlex $50K,2,1341,True,63,4,730.85625,243.61875
LucidFlex $50K,2,1342,True,63,4,729.95625,243.31875
LucidFlex $50K,2,1343,True,63,4,783.84375,261.28125
LucidFlex $50K,2,1344,True,228,19,5815.383651918363,535.6274416240598
LucidFlex $50K,2,1345,True,58,3,882.5625,319.54849137931035
LucidFlex $50K,2,1346,True,58,3,136.2375,49.327370689655176
LucidFlex $50K,2,1347,True,52,2,268.65,108.49326923076922
LucidFlex $50K,2,1348,True,56,3,303.075,113.653125
LucidFlex $50K,2,1349,True,56,3,312.3,117.11250000000001
LucidFlex $50K,2,1350,True,49,1,20.25,8.678571428571429
LucidFlex $50K,2,1351,True,48,1,60.300000000000004,26.381250000000005
LucidFlex $50K,2,1352,True,47,1,100.35000000000001,44.83723404255319
LucidFlex $50K,2,1353,True,46,1,140.4,64.09565217391304
LucidFlex $50K,2,1354,True,45,1,180.9,84.42
LucidFlex $50K,2,1355,True,48,2,203.85000000000002,89.18437500000002
LucidFlex $50K,2,1356,True,49,2,214.65,91.99285714285713
LucidFlex $50K,2,1357,True,48,2,168.75,73.828125
LucidFlex $50K,2,1358,True,214,17,5200.683893960905,510.34748492139727
LucidFlex $50K,2,1359,True,39,0,0.0,0.0
LucidFlex $50K,2,1360,True,44,1,36.0,17.18181818181818
LucidFlex $50K,2,1361,True,37,0,0.0,0.0
LucidFlex $50K,2,1362,True,37,0,0.0,0.0
LucidFlex $50K,2,1363,True,38,0,0.0,0.0
LucidFlex $50K,2,1364,True,39,0,0.0,0.0
LucidFlex $50K,2,1365,True,38,0,0.0,0.0
LucidFlex $50K,2,1366,True,37,0,0.0,0.0
LucidFlex $50K,2,1367,True,36,0,0.0,0.0
LucidFlex $50K,2,1368,True,35,0,0.0,0.0
LucidFlex $50K,2,1369,True,34,0,0.0,0.0
LucidFlex $50K,2,1370,True,34,0,0.0,0.0
LucidFlex $50K,2,1371,True,34,0,0.0,0.0
LucidFlex $50K,2,1372,True,34,0,0.0,0.0
LucidFlex $50K,2,1373,True,199,15,5056.68271293063,533.6197837765992
LucidFlex $50K,2,1374,True,198,15,5119.680790323208,542.9964474585221
LucidFlex $50K,2,1375,True,197,15,5179.978950113247,552.1804972201938
LucidFlex $50K,2,1376,True,196,15,5239.377137369108,561.36183614669
LucidFlex $50K,2,1377,True,195,16,5297.846639789339,570.5373304388519
LucidFlex $50K,2,1378,True,194,16,5357.245733417269,579.9080433080549
LucidFlex $50K,2,1379,True,193,16,5420.244772113558,589.767565877641
LucidFlex $50K,2,1380,True,192,16,5485.043783344026,599.926663803253
LucidFlex $50K,2,1381,True,191,16,5549.842794574495,610.1921397176146
LucidFlex $50K,2,1382,True,190,16,5618.241750873323,620.9635619386305
LucidFlex $50K,2,1383,True,189,16,5683.040762103792,631.448973567088
LucidFlex $50K,2,1384,True,188,16,5746.039800800081,641.8448713659665
LucidFlex $50K,2,1385,True,187,16,5809.03883949637,652.3519552375602
LucidFlex $50K,2,1386,True,186,16,5872.037878192659,662.9720185056228
LucidFlex $50K,2,1387,True,185,16,5938.636861957308,674.1155356816403
LucidFlex $50K,2,1388,True,184,16,6002.535886920687,685.0720305724697
LucidFlex $50K,2,1389,True,183,16,6064.634939349886,695.9417143516263
LucidFlex $50K,2,1390,True,182,16,6130.333936847444,707.3462234823975
LucidFlex $50K,2,1391,True,181,16,6101.782943936241,707.9416675285142
LucidFlex $50K,2,1392,True,180,16,6161.182037564171,718.8045710491533
LucidFlex $50K,2,1393,True,179,16,6164.78198263253,723.2425789680623
LucidFlex $50K,2,1394,True,178,16,6225.98104879464,734.5258540712778
LucidFlex $50K,2,1395,True,177,16,6287.180114956749,745.9366238084278
LucidFlex $50K,2,1396,True,176,16,6290.7800600251085,750.6044389802686
LucidFlex $50K,2,1397,True,175,16,6351.079139920128,762.1294967904153
LucidFlex $50K,2,1398,True,174,16,6410.478233548058,773.6784074971793
LucidFlex $50K,2,1399,True,173,16,6472.577285977257,785.6885722862567
LucidFlex $50K,2,1400,True,172,16,6535.576324673546,797.9482721985144
LucidFlex $50K,2,1401,True,171,16,6600.323205777062,810.5660077270077
LucidFlex $50K,2,1402,True,170,15,6572.998391903147,811.9586248821536
LucidFlex $50K,2,1403,True,169,16,6633.117982662426,824.2335954787629
LucidFlex $50K,2,1404,True,168,15,6694.4504365808825,836.8063045726103
LucidFlex $50K,2,1405,True,167,15,6753.820306576,849.282793042491
LucidFlex $50K,2,1406,True,166,15,6812.342059505688,861.8023087326472
LucidFlex $50K,2,1407,True,165,15,5267.936483944163,670.4646434110754
LucidFlex $50K,2,1408,True,164,15,5332.683365047679,682.8436016219589
LucidFlex $50K,2,1409,True,163,14,5399.434207332836,695.6326279385862
LucidFlex $50K,2,1410,True,162,14,5467.81091631721,708.7903039670458
LucidFlex $50K,2,1411,True,161,14,5535.285812557445,721.9938016379275
LucidFlex $50K,2,1412,True,160,14,4789.18026446174,628.5799097106034
LucidFlex $50K,2,1413,True,159,14,4867.501413143381,642.8775451321446
LucidFlex $50K,2,1414,True,158,14,4945.746316707836,657.3460294358516
LucidFlex $50K,2,1415,True,157,14,5024.892758358226,672.1194135383614
LucidFlex $50K,2,1416,True,156,13,3668.8398408777575,493.8822862720058
LucidFlex $50K,2,1417,True,155,13,3755.21545122932,508.771125650424
LucidFlex $50K,2,1418,True,154,13,3846.9888643152576,524.5893905884442
LucidFlex $50K,2,1419,True,153,13,3936.932284725414,540.3632547662332
LucidFlex $50K,2,1420,True,127,7,2879.3965533088235,476.1206899172071
LucidFlex $50K,2,1421,True,151,9,2878.939108455882,400.3822601163809
LucidFlex $50K,2,1422,True,150,10,2978.702877987132,417.0184029181985
LucidFlex $50K,2,1423,True,149,11,3087.531247127757,435.1554106690128
LucidFlex $50K,2,1424,True,148,12,3200.8831270105698,454.17936261636464
LucidFlex $50K,2,1425,True,147,12,3326.8523652918198,475.2646236131171
LucidFlex $50K,2,1426,True,146,12,3453.6912813074446,496.7638144346324
LucidFlex $50K,2,1427,True,145,12,3583.2310762293205,518.9507075918326
LucidFlex $50K,2,1428,True,144,12,3716.3702119715076,541.9706559125116
LucidFlex $50K,2,1429,True,143,12,3844.111984432445,564.5199417697996
LucidFlex $50K,2,1430,True,142,12,3967.355734432445,586.721622697756
LucidFlex $50K,2,1431,True,141,12,3970.9278291590076,591.4147830662351
LucidFlex $50K,2,1432,True,140,11,3171.1903779871327,475.6785566980699
LucidFlex $50K,2,1433,True,139,11,3294.430172909007,497.71966641071333
LucidFlex $50K,2,1434,True,138,11,3411.373044002757,519.1219849569413
LucidFlex $50K,2,1435,True,137,11,3527.4163545496326,540.698857266732
LucidFlex $50K,2,1436,True,136,11,3638.062301815257,561.7596201332382
LucidFlex $50K,2,1437,True,135,11,3745.110006893382,582.5726677389705
LucidFlex $50K,2,1438,True,134,11,3855.7559541590076,604.2602614726802
LucidFlex $50K,2,1439,True,133,11,3964.2854951746326,625.9398150275736
LucidFlex $50K,2,1440,True,132,11,4070.3835420496325,647.5610180533506
LucidFlex $50K,2,1441,True,131,11,4174.682907284007,669.2239775035432
LucidFlex $50K,2,1442,True,130,11,4278.081393612131,691.0746866604212
LucidFlex $50K,2,1443,True,103,11,4520.298701746324,921.614298414299
LucidFlex $50K,2,1444,True,128,12,4483.681295955883,735.603962617762
LucidFlex $50K,2,1445,True,127,10,3016.4659639246324,498.7857105702148
LucidFlex $50K,2,1446,True,126,10,3120.764010799632,520.127335133272
LucidFlex $50K,2,1447,True,125,10,3223.2638154871324,541.5083210018382
LucidFlex $50K,2,1448,True,124,10,3324.864499080882,563.0818909733752
LucidFlex $50K,2,1449,True,123,10,3429.1625459558827,585.4667761388093
LucidFlex $50K,2,1450,True,122,10,3531.3960420496323,607.8632531396909
LucidFlex $50K,2,1451,True,121,10,3632.0976045496323,630.3640470705974
LucidFlex $50K,2,1452,True,120,10,3740.891256893383,654.655969956342
LucidFlex $50K,2,1453,True,119,10,3848.785788143383,679.1974920253028
LucidFlex $50K,2,1454,True,92,10,4090.103096277574,933.610489367707
LucidFlex $50K,2,1455,True,91,10,4190.804658777573,967.1087674102093
LucidFlex $50K,2,1456,True,91,10,4240.374092371323,978.5478674703054
LucidFlex $50K,2,1457,True,115,10,4156.5515107996325,759.0224497981937
LucidFlex $50K,2,1458,True,114,10,4257.9025850183825,784.3504761875968
LucidFlex $50K,2,1459,True,113,10,4260.962057674633,791.86020540856
LucidFlex $50K,2,1460,True,112,10,4354.903952205883,816.544491038603
LucidFlex $50K,2,1461,True,111,10,3967.125241268382,750.5372078075318
LucidFlex $50K,2,1462,True,110,9,3483.7426240808823,665.078137324532
LucidFlex $50K,2,1463,True,109,9,3571.6016084558823,688.1067319043443
LucidFlex $50K,2,1464,True,108,8,2868.1602022058823,557.6978170955882
LucidFlex $50K,2,1465,True,107,9,2957.773483455883,580.4975995567621
LucidFlex $50K,2,1466,True,106,9,3046.2494600183827,603.5022515130759
LucidFlex $50K,2,1467,True,105,9,3049.380124080882,609.8760248161764
LucidFlex $50K,2,1468,True,104,9,3134.5391084558823,632.9357815151301
LucidFlex $50K,2,1469,True,78,6,2655.261397058824,714.8780684389142
LucidFlex $50K,2,1470,True,77,6,2740.311397058824,747.3576537433156
LucidFlex $50K,2,1471,True,76,6,2824.475459558824,780.4471664570434
LucidFlex $50K,2,1472,True,100,8,2814.0547334558823,590.9514940257353
LucidFlex $50K,2,1473,True,99,8,2894.4465303308825,613.9735064338236
LucidFlex $50K,2,1474,True,98,8,2973.9277803308823,637.270238642332
LucidFlex $50K,2,1475,True,97,8,3055.4937959558824,661.4986568564282
LucidFlex $50K,2,1476,True,70,7,3274.7074908088234,982.412247242647
LucidFlex $50K,2,1477,True,70,7,3303.6199908088233,991.085997242647
LucidFlex $50K,2,1478,True,69,7,3255.2305147058823,990.7223305626599
LucidFlex $50K,2,1479,True,93,7,2812.2617647058823,635.0268500948766
LucidFlex $50K,2,1480,True,92,7,2886.378170955882,658.8471911964513
LucidFlex $50K,2,1481,True,91,7,2964.0664522058823,684.0153351244344
LucidFlex $50K,2,1482,True,90,7,2967.6383272058824,692.448943014706
LucidFlex $50K,2,1483,True,63,6,3184.517647058824,1061.5058823529414
LucidFlex $50K,2,1484,True,63,6,3209.8582720588233,1069.952757352941
LucidFlex $50K,2,1485,True,62,6,3234.6922334558826,1095.6215629447345
LucidFlex $50K,2,1486,True,62,6,3321.5422334558825,1125.0384984286054
LucidFlex $50K,2,1487,True,62,6,3170.9328584558825,1074.0256456060247
LucidFlex $50K,2,1488,True,83,6,3343.8312959558825,846.0296050008859
LucidFlex $50K,2,1489,True,83,6,2795.2953584558827,707.2434039466691
LucidFlex $50K,2,1490,True,56,5,3013.5317095588234,1130.0743910845588
LucidFlex $50K,2,1491,True,56,5,2323.0348345588236,871.1380629595589
LucidFlex $50K,2,1492,True,55,5,2355.8422334558823,899.5033982286096
LucidFlex $50K,2,1493,True,55,5,2194.6297334558826,837.9495345922461
LucidFlex $50K,2,1494,True,55,5,2215.8922334558824,846.0679436831551
LucidFlex $50K,2,1495,True,76,5,2387.9047334558823,659.8157816128096
LucidFlex $50K,2,1496,True,75,5,2375.3609834558824,665.101075367647
LucidFlex $50K,2,1497,True,49,4,1685.6660845588235,722.4283219537815
LucidFlex $50K,2,1498,True,49,4,1705.7473345588235,731.0345719537814
LucidFlex $50K,2,1499,True,46,3,898.4473345588235,410.16073968989764
LucidFlex $50K,2,1500,True,45,3,901.5973345588234,420.7454227941176
LucidFlex $50K,2,1501,True,44,3,904.7473345588235,431.8112278576203
LucidFlex $50K,2,1502,True,47,4,957.1578584558824,427.66627718241557
LucidFlex $50K,2,1503,True,42,3,949.6348345588235,474.81741727941176
LucidFlex $50K,2,1504,True,42,3,1192.0723345588235,596.0361672794118
LucidFlex $50K,2,1505,True,42,3,902.4973345588236,451.2486672794118
LucidFlex $50K,2,1506,True,41,3,828.3375000000001,424.27042682926833
LucidFlex $50K,2,1507,True,41,3,909.0,465.5853658536586
LucidFlex $50K,2,1508,True,37,2,648.225,367.9114864864865
LucidFlex $50K,2,1509,True,36,2,684.675,399.39375
LucidFlex $50K,2,1510,True,35,2,676.575,405.945
LucidFlex $50K,2,1511,True,35,2,417.375,250.42499999999998
LucidFlex $50K,2,1512,True,35,2,405.0,243.0
LucidFlex $50K,2,1513,True,34,2,388.125,239.72426470588235
LucidFlex $50K,2,1514,True,31,1,10.8,7.316129032258065
LucidFlex $50K,2,1515,True,30,1,46.800000000000004,32.760000000000005
LucidFlex $50K,2,1516,True,29,1,81.9,59.306896551724144
LucidFlex $50K,2,1517,True,28,1,72.45,54.337500000000006
LucidFlex $50K,2,1518,True,28,1,237.15,177.8625
LucidFlex $50K,2,1519,True,28,1,226.8,170.10000000000002
LucidFlex $50K,2,1520,True,27,1,221.4,172.2
LucidFlex $50K,2,1521,True,27,1,216.45000000000002,168.35
LucidFlex $50K,2,1522,True,27,1,214.20000000000002,166.6
LucidFlex $50K,2,1523,True,22,0,0.0,0.0
LucidFlex $50K,2,1524,True,21,0,0.0,0.0
LucidFlex $50K,2,1525,True,20,0,0.0,0.0
LucidFlex $50K,2,1526,True,20,0,0.0,0.0
LucidFlex $50K,2,1527,True,20,0,0.0,0.0
LucidFlex $50K,2,1528,True,19,0,0.0,0.0
LucidFlex $50K,2,1529,True,19,0,0.0,0.0
LucidFlex $50K,2,1530,True,19,0,0.0,0.0
LucidFlex $50K,2,1531,True,40,0,0.0,0.0
LucidFlex $50K,2,1532,True,40,0,0.0,0.0
LucidFlex $50K,2,1533,True,40,0,0.0,0.0
LucidFlex $50K,2,1534,True,40,0,0.0,0.0
LucidFlex $50K,2,1535,True,39,0,0.0,0.0
LucidFlex $50K,2,1536,True,39,0,0.0,0.0
LucidFlex $50K,2,1537,True,39,0,0.0,0.0
LucidFlex $50K,2,1538,True,40,1,13.950000000000001,7.323750000000001
LucidFlex $50K,2,1539,True,39,1,65.25,35.13461538461539
LucidFlex $50K,2,1540,True,38,1,67.05,37.05394736842105
LucidFlex $50K,2,1541,True,37,1,116.10000000000001,65.89459459459461
LucidFlex $50K,2,1542,True,37,2,137.025,77.77094594594595
LucidFlex $50K,2,1543,True,36,2,207.9,121.275
LucidFlex $50K,2,1544,True,35,2,204.97500000000002,122.98500000000001
LucidFlex $50K,2,1545,True,34,2,211.5,130.63235294117646
LucidFlex $50K,2,1546,True,59,4,977.1750000000001,347.80805084745765
LucidFlex $50K,2,1547,True,58,4,1056.825,382.64353448275864
LucidFlex $50K,2,1548,True,57,4,1136.0249999999999,418.5355263157894
LucidFlex $50K,2,1549,True,56,4,1268.5500000000002,475.70625000000007
LucidFlex $50K,2,1550,True,29,1,81.0,58.6551724137931
LucidFlex $50K,2,1551,True,28,1,85.5,64.125
LucidFlex $50K,2,1552,True,27,1,91.35000000000001,71.05
LucidFlex $50K,2,1553,True,52,3,820.2375,331.24975961538456
LucidFlex $50K,2,1554,True,51,3,896.5125,369.152205882353
LucidFlex $50K,2,1555,True,50,3,972.3375000000001,408.38175000000007
LucidFlex $50K,2,1556,True,22,0,0.0,0.0
LucidFlex $50K,2,1557,True,21,0,0.0,0.0
LucidFlex $50K,2,1558,True,21,0,0.0,0.0
LucidFlex $50K,2,1559,True,20,0,0.0,0.0
LucidFlex $50K,2,1560,True,19,0,0.0,0.0
LucidFlex $50K,2,1561,True,44,2,604.35,288.4397727272727
LucidFlex $50K,2,1562,True,43,2,664.4250000000001,324.4866279069768
LucidFlex $50K,2,1563,True,42,2,724.5,362.25
LucidFlex $50K,2,1564,True,41,2,788.625,403.9298780487805
LucidFlex $50K,2,1565,True,40,2,853.4250000000001,448.0481250000001
LucidFlex $50K,2,1566,False,385,35,13814.77174567934,753.5330043097822
LucidFlex $50K,2,1567,False,384,35,13903.871745676746,760.367986091697
LucidFlex $50K,2,1568,False,383,35,14002.871745673865,767.7814795278099
LucidFlex $50K,2,1569,False,382,35,14006.47174567376,769.9892844480339
LucidFlex $50K,2,1570,False,381,35,14117.171745670537,778.1118285015257
LucidFlex $50K,2,1571,False,380,35,14231.471745667212,786.4760701552933
LucidFlex $50K,2,1572,False,379,35,14348.471745663806,795.0340545090763
LucidFlex $50K,2,1573,False,378,35,14470.871745660244,803.9373192033469
LucidFlex $50K,2,1574,False,377,35,14593.271745656682,812.8878160710619
LucidFlex $50K,2,1575,False,376,35,14726.471745652805,822.489113454013
LucidFlex $50K,2,1576,False,375,35,14858.771745648955,832.0912177563415
LucidFlex $50K,2,1577,False,374,35,14862.371745687667,834.5181996241738
LucidFlex $50K,2,1578,False,373,35,14993.77174564715,844.1533690578824
LucidFlex $50K,2,1579,True,24,2,1681.4250000000002,1471.2468750000003
LucidFlex $50K,2,1580,True,24,2,1281.375,1121.203125
LucidFlex $50K,2,1581,True,24,2,1631.025,1427.1468750000001
LucidFlex $50K,2,1582,False,369,34,14766.07174565532,840.3455465007091
LucidFlex $50K,2,1583,False,368,34,13799.471745679784,787.4698550523789
LucidFlex $50K,2,1584,True,19,1,968.85,1070.8342105263157
LucidFlex $50K,2,1585,True,18,1,969.3000000000001,1130.8500000000001
LucidFlex $50K,2,1586,True,17,1,961.2,1187.364705882353
LucidFlex $50K,2,1587,True,17,1,1018.8000000000001,1258.5176470588235
LucidFlex $50K,2,1588,True,17,1,254.70000000000002,314.6294117647059
LucidFlex $50K,2,1589,False,362,33,13045.271745810804,756.7699079061516
LucidFlex $50K,2,1590,False,361,33,13164.971745716715,765.8293813297812
LucidFlex $50K,2,1591,True,11,0,0.0,0.0
LucidFlex $50K,2,1592,True,11,0,0.0,0.0
LucidFlex $50K,2,1593,True,10,0,0.0,0.0
LucidFlex $50K,2,1594,True,9,0,0.0,0.0
LucidFlex $50K,2,1595,True,9,0,0.0,0.0
LucidFlex $50K,2,1596,True,9,0,0.0,0.0
LucidFlex $50K,2,1597,False,354,32,12817.571745812482,760.3644255990455
LucidFlex $50K,2,1598,False,353,32,13042.571745704774,775.9037015858364
LucidFlex $50K,2,1599,False,352,32,13265.771745652804,791.4238825531502
LucidFlex $50K,2,1600,False,351,35,13483.571745503294,806.7094206711372
LucidFlex $50K,2,1601,False,350,37,13691.471745440089,821.4883047264053
LucidFlex $50K,2,1602,False,349,35,13902.071745503636,836.5143457179837
LucidFlex $50K,2,1603,False,348,37,14102.771745440328,851.0293294662266
LucidFlex $50K,2,1604,False,347,37,14302.57174543762,865.5735062080404
LucidFlex $50K,2,1605,False,346,38,14500.571745435744,880.0925047807822
LucidFlex $50K,2,1606,False,345,31,12938.17174572908,787.5408888704658
LucidFlex $50K,2,1607,False,344,31,13130.771745639397,801.5878100535679
LucidFlex $50K,2,1608,False,343,36,13318.871745442799,815.4411272720082
LucidFlex $50K,2,1609,True,161,5,1088.746875,142.01046195652174
LucidFlex $50K,2,1610,False,341,31,12874.271745758839,792.8437145481984
LucidFlex $50K,2,1611,False,340,31,13047.07174567837,805.8485489977817
LucidFlex $50K,2,1612,False,339,31,13218.071745598741,818.8186037096566
LucidFlex $50K,2,1613,False,338,33,13382.771745574644,831.4739841925075
LucidFlex $50K,2,1614,False,337,33,13542.071745556099,843.8679722750092
LucidFlex $50K,2,1615,False,336,33,13695.071745538287,855.941984096143
LucidFlex $50K,2,1616,False,335,34,13845.371745522258,867.9188258387087
LucidFlex $50K,2,1617,False,334,34,13992.071745506384,879.74103789112
LucidFlex $50K,2,1618,False,333,34,14134.27174546269,891.350470434584
LucidFlex $50K,2,1619,False,332,33,13298.171745503816,841.1494176372895
LucidFlex $50K,2,1620,False,331,33,13443.07174559036,852.8837059135877
LucidFlex $50K,2,1621,False,330,33,13581.671745536296,864.2882019886734
LucidFlex $50K,2,1622,False,329,33,13715.771745483806,875.4747922649238
LucidFlex $50K,2,1623,True,147,5,1114.903125,159.271875
LucidFlex $50K,2,1624,False,327,30,12853.571745709802,825.4587359630148
LucidFlex $50K,2,1625,False,326,30,12857.171745604192,828.222719808859
LucidFlex $50K,2,1626,False,325,32,12979.571745540907,838.6800204811047
LucidFlex $50K,2,1627,False,324,30,13097.47174574752,848.9102057428948
LucidFlex $50K,2,1628,False,323,32,13214.471745579045,859.1452218487924
LucidFlex $50K,2,1629,False,322,32,13329.671745528754,869.3264181866579
LucidFlex $50K,2,1630,False,321,33,13443.07174544661,879.4532917581894
LucidFlex $50K,2,1631,False,320,29,12732.071745822957,835.5422083196316
LucidFlex $50K,2,1632,False,319,29,12841.87174561844,845.3896760438472
LucidFlex $50K,2,1633,False,318,31,12950.771745547612,855.239643573899
LucidFlex $50K,2,1634,True,136,3,851.1750000000001,131.43143382352943
LucidFlex $50K,2,1635,True,135,3,942.525,146.61499999999998
LucidFlex $50K,2,1636,False,315,29,12652.87174597048,843.5247830646987
LucidFlex $50K,2,1637,False,314,29,12755.47174577937,853.0729511508496
LucidFlex $50K,2,1638,False,313,29,12855.371745593295,862.5009797362914
LucidFlex $50K,2,1639,False,312,31,12951.671745513246,871.7471367172377
LucidFlex $50K,2,1640,False,311,32,13047.07174544284,880.9919828112528
LucidFlex $50K,2,1641,False,310,33,13139.771745418426,890.1135698509256
LucidFlex $50K,2,1642,False,309,33,13229.771745378612,899.1107011422358
LucidFlex $50K,2,1643,False,308,29,12856.271745591617,876.5639826539739
LucidFlex $50K,2,1644,False,307,30,12948.071745506122,885.6987187479758
LucidFlex $50K,2,1645,False,306,31,13038.071745439902,894.7696295890129
LucidFlex $50K,2,1646,False,305,30,12929.171745523723,890.2052677245842
LucidFlex $50K,2,1647,False,304,31,13016.471745449962,899.1641666264777
LucidFlex $50K,2,1648,False,303,32,13106.471745422303,908.3693288906546
LucidFlex $50K,2,1649,False,302,32,13196.471745382489,917.6354524934843
LucidFlex $50K,2,1650,False,301,32,13288.271745342467,927.0887264192418
LucidFlex $50K,2,1651,False,300,34,13376.471740717909,936.3530218502535
LucidFlex $50K,2,1652,False,299,34,13462.871740708426,945.55286473203
LucidFlex $50K,2,1653,False,298,34,13548.371740699153,954.7510287069873
LucidFlex $50K,2,1654,False,297,34,13632.071740694073,963.8838604531163
LucidFlex $50K,2,1655,False,296,30,13000.271745457507,922.3165765358367
LucidFlex $50K,2,1656,False,295,31,13081.27174540931,931.209175096934
LucidFlex $50K,2,1657,False,294,31,13161.371745372013,940.0979818122867
LucidFlex $50K,2,1658,False,293,31,13240.571745335128,948.9829578567839
LucidFlex $50K,2,1659,False,292,33,13317.071740716912,957.7346114899149
LucidFlex $50K,2,1660,False,291,33,13390.87174070832,966.3515689170953
LucidFlex $50K,2,1661,False,290,33,13394.471740707902,969.9445053616067
LucidFlex $50K,2,1662,False,289,33,13466.47174069952,978.532548632145
LucidFlex $50K,2,1663,False,288,33,13536.671740691349,987.0489810920775
LucidFlex $50K,2,1664,False,287,34,13605.971740675524,995.5589078543067
LucidFlex $50K,2,1665,False,286,34,13674.371740671546,1004.06226067868
LucidFlex $50K,2,1666,False,285,35,13743.671740648311,1012.6916019425072
LucidFlex $50K,2,1667,False,284,33,13671.671740675632,1010.9334737823531
LucidFlex $50K,2,1668,False,283,33,13515.071740693862,1002.8851821716294
LucidFlex $50K,2,1669,False,282,33,13580.771740686214,1011.3340657957818
LucidFlex $50K,2,1670,False,281,33,13646.471740678566,1019.8430838229533
LucidFlex $50K,2,1671,False,280,33,13711.271740671022,1028.3453805503266
LucidFlex $50K,2,1672,False,279,33,13575.371740677308,1021.8021740294748
LucidFlex $50K,2,1673,False,278,34,13636.571740651427,1030.1007429988488
LucidFlex $50K,2,1674,False,277,34,13695.971740635137,1038.32276734057
LucidFlex $50K,2,1675,False,276,32,13756.271740664106,1046.6728498331386
LucidFlex $50K,2,1676,False,275,33,13816.571740645248,1055.083660194728
LucidFlex $50K,2,1677,False,274,33,13881.371740628902,1063.900753843821
LucidFlex $50K,2,1678,False,273,32,13282.871740720893,1021.759364670838
LucidFlex $50K,2,1679,False,272,32,13357.571740702662,1031.2831123336614
LucidFlex $50K,2,1680,False,271,32,13433.171740668087,1040.9468876532467
LucidFlex $50K,2,1681,False,270,33,13509.671740645981,1050.7522464946874
LucidFlex $50K,2,1682,False,269,30,13022.771745436552,1016.6476083798051
LucidFlex $50K,2,1683,False,268,30,13100.171745364467,1026.5059949725887
LucidFlex $50K,2,1684,False,267,30,13175.77174529406,1036.296654124252
LucidFlex $50K,2,1685,False,266,31,13252.271740728018,1046.2319795311594
LucidFlex $50K,2,1686,False,265,31,13255.871740726343,1050.4653077556725
LucidFlex $50K,2,1687,False,264,31,13328.771740692395,1060.243206645986
LucidFlex $50K,2,1688,False,263,31,13400.771740658867,1070.023599064016
LucidFlex $50K,2,1689,False,262,32,13470.071740642523,1079.66223875379
LucidFlex $50K,2,1690,False,261,32,13542.071740625759,1089.591979130808
LucidFlex $50K,2,1691,False,260,32,13616.771744957106,1099.8161794003815
LucidFlex $50K,2,1692,False,259,32,13691.471744938877,1110.1193306707198
LucidFlex $50K,2,1693,False,258,32,13769.771744903253,1120.7953745851485
LucidFlex $50K,2,1694,True,76,8,2181.751171875,602.8522974917763
LucidFlex $50K,2,1695,False,256,32,13919.171744833264,1141.8070571933538
LucidFlex $50K,2,1696,False,255,32,13991.171744702298,1152.2141436813658
LucidFlex $50K,2,1697,False,254,31,13401.671740658448,1108.0122305268796
LucidFlex $50K,2,1698,False,253,31,13476.371740623665,1118.592120763229
LucidFlex $50K,2,1699,False,252,31,13479.971740621988,1123.3309783851657
LucidFlex $50K,2,1700,False,251,31,13554.671744953335,1134.056201769004
LucidFlex $50K,2,1701,False,250,31,13630.27174491813,1144.9428265731228
LucidFlex $50K,2,1702,False,249,31,13705.871744882928,1155.9168941467528
LucidFlex $50K,2,1703,False,248,31,13784.171744750493,1167.2080912893562
LucidFlex $50K,2,1704,False,247,31,13859.771744619316,1178.361160473707
LucidFlex $50K,2,1705,False,246,31,13933.571744563576,1189.4512464871345
LucidFlex $50K,2,1706,False,245,31,14006.471741481973,1200.554720698455
LucidFlex $50K,2,1707,False,244,31,14077.571740343705,1211.594289127942
LucidFlex $50K,2,1708,True,62,6,2020.1765625000003,684.2533518145162
LucidFlex $50K,2,1709,False,242,30,13521.371744968843,1173.3421762163046
LucidFlex $50K,2,1710,False,241,30,13587.071744842275,1183.9357122061733
LucidFlex $50K,2,1711,False,240,30,13654.57174471487,1194.775027662551
LucidFlex $50K,2,1712,False,239,30,13723.871744661226,1205.8632076898984
LucidFlex $50K,2,1713,False,238,30,13792.271741581715,1216.9651536689748
LucidFlex $50K,2,1714,False,237,30,13217.171740744363,1171.1417998127915
LucidFlex $50K,2,1715,False,236,29,12856.271745591617,1143.9902824467117
LucidFlex $50K,2,1716,False,235,29,12859.871745584913,1149.1800283288646
LucidFlex $50K,2,1717,False,234,29,12930.071745454154,1160.391054079219
LucidFlex $50K,2,1718,False,233,29,12999.371745325074,1171.6171959305861
LucidFlex $50K,2,1719,False,232,29,13068.67174527143,1182.940114873707
LucidFlex $50K,2,1720,False,231,29,13137.071742191918,1194.2792492901744
LucidFlex $50K,2,1721,False,230,29,13140.671740815611,1199.80046329186
LucidFlex $50K,2,1722,True,48,4,1547.775,677.1515625000001
LucidFlex $50K,2,1723,False,228,28,13277.471751299694,1222.9250297249719
LucidFlex $50K,2,1724,False,227,28,13346.77174882871,1234.7233776449468
LucidFlex $50K,2,1725,False,226,28,12606.971746055973,1171.4442772883867
LucidFlex $50K,2,1726,True,44,3,955.125,455.8551136363636
LucidFlex $50K,2,1727,True,43,3,1015.7625,496.0700581395349
LucidFlex $50K,2,1728,True,42,3,1089.0,544.5
LucidFlex $50K,2,1729,True,41,3,1092.15,559.3939024390245
LucidFlex $50K,2,1730,False,221,27,12815.771753019662,1217.7882661240403
LucidFlex $50K,2,1731,False,220,27,12911.171750451445,1232.4300307249107
LucidFlex $50K,2,1732,False,219,27,13010.171747366905,1247.5507155009361
LucidFlex $50K,2,1733,False,218,27,12602.471746072737,1213.999571869392
LucidFlex $50K,2,1734,False,217,27,12703.271742874203,1229.3488783426649
LucidFlex $50K,2,1735,False,216,27,12798.671741305114,1244.3153081824414
LucidFlex $50K,2,1736,True,34,2,463.725,286.4183823529412
LucidFlex $50K,2,1737,False,214,26,12102.971758330434,1187.674798714669
LucidFlex $50K,2,1738,True,32,1,171.0,112.21875
LucidFlex $50K,2,1739,False,212,26,11801.471756372423,1169.0137117161362
LucidFlex $50K,2,1740,True,30,1,217.8,152.46
LucidFlex $50K,2,1741,False,210,26,11996.771748138039,1199.677174813804
LucidFlex $50K,2,1742,True,25,0,0.0,0.0
LucidFlex $50K,2,1743,True,24,0,0.0,0.0
LucidFlex $50K,2,1744,True,24,0,0.0,0.0
LucidFlex $50K,2,1745,True,24,0,0.0,0.0
LucidFlex $50K,2,1746,True,24,0,0.0,0.0
LucidFlex $50K,2,1747,True,23,0,0.0,0.0
LucidFlex $50K,2,1748,True,22,0,0.0,0.0
LucidFlex $50K,2,1749,True,21,0,0.0,0.0
LucidFlex $50K,2,1750,True,20,0,0.0,0.0
LucidFlex $50K,2,1751,True,19,0,0.0,0.0
LucidFlex $50K,2,1752,False,199,24,11613.371757016152,1225.5316929514531
LucidFlex $50K,2,1753,False,198,24,11616.971756801577,1232.1030651153187
LucidFlex $50K,2,1754,False,197,24,11735.771749720545,1251.021354031124
LucidFlex $50K,2,1755,False,196,24,11739.371749505966,1257.7898303042107
LucidFlex $50K,2,1756,False,195,24,11861.77174221036,1277.4215722380386
LucidFlex $50K,2,1757,False,194,24,11998.58605254647,1298.8160159972986
LucidFlex $50K,2,1758,False,193,24,12138.995290825336,1320.823321799648
LucidFlex $50K,2,1759,False,192,24,12142.59529061076,1328.0963599105519
LucidFlex $50K,2,1760,False,191,24,12287.495281974047,1350.9811566568324
LucidFlex $50K,2,1761,False,190,24,12326.46636398854,1362.3989139145228
LucidFlex $50K,2,1762,False,189,24,12456.966356210134,1384.1073729122372
LucidFlex $50K,2,1763,False,188,24,12582.966348699949,1405.5441134186112
LucidFlex $50K,2,1764,False,187,24,12705.36634140434,1426.8058458261557
LucidFlex $50K,2,1765,False,186,24,12820.564704774042,1447.4831118293273
LucidFlex $50K,2,1766,False,185,24,12933.063666061778,1468.0774972286342
LucidFlex $50K,2,1767,False,184,24,13041.957074694059,1488.4842313509523
LucidFlex $50K,2,1768,False,183,24,13149.042743329426,1508.9065443164916
LucidFlex $50K,2,1769,False,182,23,13252.569104776998,1529.1425890127307
LucidFlex $50K,2,1770,False,181,23,13356.073055885454,1549.5996363182019
LucidFlex $50K,2,1771,False,180,23,12123.066376112123,1414.3577438797477
LucidFlex $50K,2,1772,False,179,23,12230.164739964624,1434.823796308699
LucidFlex $50K,2,1773,False,178,23,12338.163701520582,1455.6260546737765
LucidFlex $50K,2,1774,False,177,22,10513.857524715086,1247.4068249661966
LucidFlex $50K,2,1775,False,176,22,10622.757498751305,1267.4881106464625
LucidFlex $50K,2,1776,False,175,22,10734.357451329848,1288.1228941595816
LucidFlex $50K,2,1777,False,174,22,10845.957403050084,1308.9948589888031
LucidFlex $50K,2,1778,False,173,22,10953.964925037046,1329.6720429235722
LucidFlex $50K,2,1779,False,172,22,11052.064880405089,1349.3800144680633
LucidFlex $50K,2,1780,False,171,22,11146.563843570371,1368.8762614910984
LucidFlex $50K,2,1781,False,170,22,11237.457139120717,1388.1564701266768
LucidFlex $50K,2,1782,False,169,21,10481.457532439848,1302.429634208502
LucidFlex $50K,2,1783,False,168,21,10568.757490811962,1321.0946863514953
LucidFlex $50K,2,1784,False,167,21,10659.657447467467,1340.4359664480048
LucidFlex $50K,2,1785,False,166,21,10750.55740412297,1360.0102740155564
LucidFlex $50K,2,1786,False,165,21,10839.657361636779,1379.5927551174082
LucidFlex $50K,2,1787,False,164,21,10926.957277522702,1399.1835538291266
LucidFlex $50K,2,1788,False,163,21,11013.35719255032,1418.8987794083234
LucidFlex $50K,2,1789,False,162,21,10668.642866120954,1382.9722233860496
LucidFlex $50K,2,1790,False,161,20,10755.969355188034,1402.9525245897435
LucidFlex $50K,2,1791,False,160,20,10841.473312841079,1422.9433723103916
LucidFlex $50K,2,1792,False,159,20,10930.566478143353,1443.6597235283675
LucidFlex $50K,2,1793,False,158,20,10444.55755003514,1388.200687029987
LucidFlex $50K,2,1794,False,157,20,10533.657465062757,1408.9605526517064
LucidFlex $50K,2,1795,False,156,20,10625.457377515457,1430.3500315886192
LucidFlex $50K,2,1796,False,155,20,10629.042885003708,1440.0638747424377
LucidFlex $50K,2,1797,False,154,19,10725.369384370466,1462.5503705959727
LucidFlex $50K,2,1798,False,153,19,10818.973334298753,1484.957124315515
LucidFlex $50K,2,1799,False,152,19,10552.566838632247,1457.9204184952446
LucidFlex $50K,2,1800,False,151,19,10643.464929757733,1480.2169769861746
LucidFlex $50K,2,1801,False,150,19,10733.463892923019,1502.6849450092225
LucidFlex $50K,2,1802,False,149,19,10356.357634149213,1459.6208746116342
LucidFlex $50K,2,1803,False,148,19,10450.84305494847,1482.8898929318775
LucidFlex $50K,2,1804,False,147,18,9666.071404824874,1380.8673435464104
LucidFlex $50K,2,1805,False,146,18,8122.578477273602,1168.316082347573
LucidFlex $50K,2,1806,False,145,18,8226.971274362226,1191.492391459357
LucidFlex $50K,2,1807,False,144,18,8337.669327722211,1215.9101102928225
LucidFlex $50K,2,1808,False,143,18,8449.268249688765,1240.8016310731753
LucidFlex $50K,2,1809,False,142,18,8565.361050210615,1266.708324326922
LucidFlex $50K,2,1810,False,141,18,8682.346428094528,1293.115425460887
LucidFlex $50K,2,1811,False,140,17,8794.874728189132,1319.2312092283698
LucidFlex $50K,2,1812,False,139,17,6837.38337992253,1032.9859782616772
LucidFlex $50K,2,1813,False,138,17,6956.176122079512,1058.5485403164475
LucidFlex $50K,2,1814,False,137,17,7074.974144540449,1084.485087849266
LucidFlex $50K,2,1815,False,136,16,7188.374220071455,1109.9695486875041
LucidFlex $50K,2,1816,False,135,16,7301.766927896162,1135.8304110060697
LucidFlex $50K,2,1817,False,134,16,7414.2598005157915,1161.9362373942658
LucidFlex $50K,2,1818,False,133,16,6447.692635903975,1018.0567319848383
LucidFlex $50K,2,1819,False,132,16,6558.385508523603,1043.379512719664
LucidFlex $50K,2,1820,False,131,16,6669.078312478682,1069.088889786659
LucidFlex $50K,2,1821,False,130,15,6091.292883096358,983.9780811155655
LucidFlex $50K,2,1822,False,129,11,5380.318206582686,875.8657545599721
LucidFlex $50K,2,1823,False,128,11,5492.763274942061,901.1564747951819
LucidFlex $50K,2,1824,False,127,12,5638.664129434248,932.377533213537
LucidFlex $50K,2,1825,False,126,12,5751.118865762373,958.5198109603956
LucidFlex $50K,2,1826,False,125,13,5868.103155313154,985.8413300926098
LucidFlex $50K,2,1827,False,124,14,5985.991125283858,1013.7565615400082
LucidFlex $50K,2,1828,False,123,14,6103.883929238935,1042.1265245042084
LucidFlex $50K,2,1829,False,122,14,6223.576623330733,1071.271385983159
LucidFlex $50K,2,1830,False,121,14,6349.568932901046,1101.9913024043137
LucidFlex $50K,2,1831,False,120,14,6471.961462197921,1132.5932558846362
LucidFlex $50K,2,1832,False,119,13,5823.108648477217,1027.607408554803
LucidFlex $50K,2,1833,False,118,13,5942.794036660811,1057.615887880314
LucidFlex $50K,2,1834,False,117,14,6064.286346231123,1088.4616518876376
LucidFlex $50K,2,1835,False,116,14,6184.878985391279,1119.6763680449728
LucidFlex $50K,2,1836,False,115,14,6300.97189920964,1150.6122598556733
LucidFlex $50K,2,1837,False,114,14,6417.064813027999,1182.0908866104207
LucidFlex $50K,2,1838,False,113,14,6532.250256143233,1213.9580122036095
LucidFlex $50K,2,1839,False,112,14,6651.035040078779,1247.0690700147711
LucidFlex $50K,2,1840,False,111,14,6771.619714151046,1281.1172432177655
LucidFlex $50K,2,1841,False,110,14,6890.360223184248,1315.4324062442654
LucidFlex $50K,2,1842,False,109,14,7005.092150674483,1349.6049097629736
LucidFlex $50K,2,1843,False,108,14,7108.780511270185,1382.2628771914249
LucidFlex $50K,2,1844,False,107,13,5947.293487344405,1167.2258246189954
LucidFlex $50K,2,1845,False,106,13,6070.578436074873,1202.661765637475
LucidFlex $50K,2,1846,False,105,13,6201.062505899092,1240.2125011798184
LucidFlex $50K,2,1847,False,104,13,6331.5465757233105,1278.4853662518224
LucidFlex $50K,2,1848,False,103,13,6463.786260781905,1317.8593347225242
LucidFlex $50K,2,1849,False,102,13,6592.017364297531,1357.1800455906682
LucidFlex $50K,2,1850,False,101,13,6279.031158242842,1305.5411319118782
LucidFlex $50K,2,1851,False,100,13,6394.2146787506545,1342.7850825376374
LucidFlex $50K,2,1852,False,99,12,6547.7051489140995,1388.9071527999604
LucidFlex $50K,2,1853,False,98,12,6674.398166492225,1430.228178534048
LucidFlex $50K,2,1854,False,97,11,5676.43710306706,1228.9193728289513
LucidFlex $50K,2,1855,False,96,11,5802.37557962956,1269.2696580439663
LucidFlex $50K,2,1856,False,95,11,5913.104953601601,1307.1074107961433
LucidFlex $50K,2,1857,False,94,11,6033.64606688285,1347.942206431275
LucidFlex $50K,2,1858,False,93,11,6154.1871801641,1389.6551697144741
LucidFlex $50K,2,1859,False,92,11,6272.372385242225,1431.737174892247
LucidFlex $50K,2,1860,False,91,11,5603.5726987701855,1293.1321612546583
LucidFlex $50K,2,1861,False,90,11,5719.61600931706,1334.5770688406474
LucidFlex $50K,2,1862,False,89,11,5837.4584409576855,1377.3778343832741
LucidFlex $50K,2,1863,False,88,11,5956.69130228581,1421.4831516818408
LucidFlex $50K,2,1864,False,87,11,6054.955657754561,1461.5410208373078
LucidFlex $50K,2,1865,False,86,11,6149.442474160811,1501.6080460160122
LucidFlex $50K,2,1866,False,85,10,6175.219846179725,1525.642550232638
LucidFlex $50K,2,1867,False,84,10,5815.052853992223,1453.7632134980558
LucidFlex $50K,2,1868,False,83,10,5915.610275867224,1496.72067220737
LucidFlex $50K,2,1869,False,82,10,5546.000823770187,1420.3172841362673
LucidFlex $50K,2,1870,False,81,10,5655.338519082686,1466.1988753177334
LucidFlex $50K,2,1871,False,80,10,5753.602874551436,1510.320754569752
LucidFlex $50K,2,1872,False,79,9,4546.9120542389355,1208.6728245445272
LucidFlex $50K,2,1873,False,78,9,4664.337444863936,1255.7831582325982
LucidFlex $50K,2,1874,False,77,9,4779.068108926435,1303.3822115253915
LucidFlex $50K,2,1875,False,76,9,4772.516741738937,1318.7217312699693
LucidFlex $50K,2,1876,False,75,9,4267.708147988936,1194.9582814369019
LucidFlex $50K,2,1877,False,74,9,4386.276116738935,1244.7540331286168
LucidFlex $50K,2,1878,False,73,8,3852.8134214264355,1108.343586985687
LucidFlex $50K,2,1879,False,72,8,3976.528265176436,1159.820744009794
LucidFlex $50K,2,1880,False,71,8,4101.1395933014355,1213.013119145495
LucidFlex $50K,2,1881,False,70,8,4225.7509214264355,1267.7252764279306
LucidFlex $50K,2,1882,False,69,8,4349.4657651764355,1323.7504502710892
LucidFlex $50K,2,1883,False,68,8,4470.4911558014355,1380.5928569386786
LucidFlex $50K,2,1884,False,67,8,4466.638030801436,1399.9910245795545
LucidFlex $50K,2,1885,False,66,8,4117.701702676435,1310.1778144879568
LucidFlex $50K,2,1886,False,65,8,4214.177483926436,1361.5034948070024
LucidFlex $50K,2,1887,False,64,7,4363.514572742225,1431.7782191810427
LucidFlex $50K,2,1888,False,63,7,4466.691135242225,1488.8970450807417
LucidFlex $50K,2,1889,False,62,7,4568.180197742225,1547.2868411707534
LucidFlex $50K,2,1890,False,61,7,4678.0360776764355,1610.4714365771335
LucidFlex $50K,2,1891,False,60,5,1299.7817247308612,454.9236036558014
LucidFlex $50K,2,1892,False,59,5,1429.6910997308617,508.87310329403556
LucidFlex $50K,2,1893,False,58,5,1563.9598497308616,566.2613249025534
LucidFlex $50K,2,1894,False,57,5,1718.2817247308612,633.0511617429488
LucidFlex $50K,2,1895,False,56,5,1876.9629747308616,703.8611155240732
LucidFlex $50K,2,1896,False,55,6,2045.0298276764354,780.8295705673662
LucidFlex $50K,2,1897,False,54,5,1301.5254747308616,506.14879572866835
LucidFlex $50K,2,1898,False,53,5,1466.3098497308615,580.9906951763791
LucidFlex $50K,2,1899,False,52,5,1620.4629747308616,654.4177397951556
LucidFlex $50K,2,1900,False,51,5,1643.3285997308615,676.6647175362372
LucidFlex $50K,2,1901,True,27,1,817.65,635.9499999999999
LucidFlex $50K,2,1902,False,49,5,2043.565460526316,875.8137687969925
LucidFlex $50K,2,1903,False,48,5,2067.584210526316,904.5680921052633
LucidFlex $50K,2,1904,False,47,5,2229.0705592105264,995.9676966685331
LucidFlex $50K,2,1905,False,46,4,1287.6217105263158,587.827302631579
LucidFlex $50K,2,1906,False,45,4,1280.477960526316,597.5563815789475
LucidFlex $50K,2,1907,False,44,4,1307.702960526316,624.1309584330145
LucidFlex $50K,2,1908,True,19,0,0.0,0.0
LucidFlex $50K,2,1909,True,19,0,0.0,0.0
LucidFlex $50K,2,1910,True,19,0,0.0,0.0
LucidFlex $50K,2,1911,False,40,3,766.3500000000001,402.33375000000007
LucidFlex $50K,2,1912,False,39,3,919.1250000000001,494.9134615384616
LucidFlex $50K,2,1913,False,38,3,1066.3875,589.3194078947369
LucidFlex $50K,2,1914,False,37,3,1216.0125,690.1692567567568
LucidFlex $50K,2,1915,False,36,3,1236.7125,721.4156250000001
LucidFlex $50K,2,1916,False,35,3,1383.1875,829.9124999999999
LucidFlex $50K,2,1917,False,34,3,1526.5124999999998,942.8459558823528
LucidFlex $50K,2,1918,False,33,3,1669.8375,1062.6238636363637
LucidFlex $50K,2,1919,False,32,3,1227.825,805.76015625
LucidFlex $50K,2,1920,False,31,3,1243.0124999999998,842.0407258064514
LucidFlex $50K,2,1921,False,30,3,1384.7624999999998,969.3337499999999
LucidFlex $50K,2,1922,False,29,3,1530.4499999999998,1108.256896551724
LucidFlex $50K,2,1923,False,28,3,1672.9875000000002,1254.7406250000001
LucidFlex $50K,2,1924,False,27,3,1516.5,1179.5
LucidFlex $50K,2,1925,False,26,3,1527.6375,1233.8610576923077
LucidFlex $50K,2,1926,False,25,3,1912.1625000000001,1606.2165000000002
LucidFlex $50K,2,1927,False,24,3,1925.6625,1684.9546875
LucidFlex $50K,2,1928,False,23,3,1982.5875,1810.1885869565217
LucidFlex $50K,2,1929,False,22,3,2004.8625000000002,1913.7323863636364
LucidFlex $50K,2,1930,False,21,2,1133.5500000000002,1133.5500000000002
LucidFlex $50K,2,1931,False,20,2,1152.6750000000002,1210.3087500000001
LucidFlex $50K,2,1932,False,19,2,1175.625,1299.375
LucidFlex $50K,2,1933,False,18,1,96.3,112.35000000000001
LucidFlex $50K,2,1934,False,17,1,112.05,138.41470588235293
LucidFlex $50K,2,1935,False,16,1,175.05,229.75312500000004
LucidFlex $50K,2,1936,False,15,1,261.45,366.03
LucidFlex $50K,2,1937,False,14,1,345.15000000000003,517.7250000000001
LucidFlex $50K,2,1938,False,13,1,356.85,576.45
LucidFlex $50K,2,1939,False,12,1,367.65000000000003,643.3875
LucidFlex $50K,2,1940,False,11,0,0.0,0.0
LucidFlex $50K,2,1941,False,10,0,0.0,0.0
LucidFlex $50K,2,1942,False,9,0,0.0,0.0
LucidFlex $50K,2,1943,False,8,0,0.0,0.0
LucidFlex $50K,2,1944,False,7,0,0.0,0.0
LucidFlex $50K,2,1945,False,6,0,0.0,0.0
LucidFlex $50K,2,1946,False,5,0,0.0,0.0
LucidFlex $50K,2,1947,False,4,0,0.0,0.0
LucidFlex $50K,2,1948,False,3,0,0.0,0.0
LucidFlex $50K,2,1949,False,2,0,0.0,0.0
LucidFlex $50K,2,1950,False,1,0,0.0,0.0
LucidFlex $50K,3,0,True,309,27,6319.757979138941,429.4981150871125
LucidFlex $50K,3,1,True,308,25,5582.6581249639385,380.6357812475413
LucidFlex $50K,3,2,True,307,26,5671.758111345023,387.97042455454556
LucidFlex $50K,3,3,True,306,23,4791.567160481214,328.83304042518137
LucidFlex $50K,3,4,True,305,24,4886.058130636811,336.417117191387
LucidFlex $50K,3,5,True,304,24,4979.208125084639,343.9584560091362
LucidFlex $50K,3,6,True,303,25,5072.358111043274,351.5495720525042
LucidFlex $50K,3,7,True,302,25,5164.157991872728,359.0970789050573
LucidFlex $50K,3,8,True,301,24,5243.808135062456,365.8470791904039
LucidFlex $50K,3,9,True,300,24,5322.108118486405,372.54756829404835
LucidFlex $50K,3,10,True,299,24,4869.858134418726,342.03016997589714
LucidFlex $50K,3,11,True,298,24,4941.408119130134,348.22003524071414
LucidFlex $50K,3,12,True,297,22,4609.317182207108,325.9113159136339
LucidFlex $50K,3,13,True,296,22,4682.217164826393,332.18432588295354
LucidFlex $50K,3,14,True,295,22,4755.117147445679,338.4998647334212
LucidFlex $50K,3,15,True,294,20,4441.9180319309235,317.2798594236374
LucidFlex $50K,3,16,True,293,21,4509.417220187187,323.2005516175117
LucidFlex $50K,3,17,True,292,21,4575.56718864441,329.06476356689245
LucidFlex $50K,3,18,True,291,21,4641.717157101631,334.9692793784682
LucidFlex $50K,3,19,True,290,21,4701.117128777505,340.425723118371
LucidFlex $50K,3,20,True,289,22,4765.90812073946,346.3116627526943
LucidFlex $50K,3,21,True,288,23,4830.70810995698,352.2391330176965
LucidFlex $50K,3,22,True,287,21,4568.8171918630605,334.30369696558984
LucidFlex $50K,3,23,True,286,21,4634.967160320281,340.32975652701367
LucidFlex $50K,3,24,True,285,21,4694.367131996156,345.90073604182203
LucidFlex $50K,3,25,True,284,22,4753.758123636247,351.51028379000417
LucidFlex $50K,3,26,True,283,23,4813.15810995698,357.1601424349703
LucidFlex $50K,3,27,True,282,23,4871.207992637158,362.74953136659684
LucidFlex $50K,3,28,True,281,23,4929.257985717059,368.37871067636377
LucidFlex $50K,3,29,True,280,23,4987.307973325253,374.048097999394
LucidFlex $50K,3,30,True,279,22,4791.558114624023,360.6549118534211
LucidFlex $50K,3,31,True,278,22,4845.557991349698,366.03135905879014
LucidFlex $50K,3,32,True,277,23,4899.557938724756,371.4466307336458
LucidFlex $50K,3,33,True,276,23,4952.207932448387,376.79842964281204
LucidFlex $50K,3,34,True,275,22,4896.857979118824,373.94188204180114
LucidFlex $50K,3,35,True,274,22,4809.108110439778,368.5812785373553
LucidFlex $50K,3,36,True,273,22,4855.007989096641,373.4621530074339
LucidFlex $50K,3,37,True,272,22,4900.907978153229,378.37892478388903
LucidFlex $50K,3,38,True,271,22,4946.8079672098165,383.3319826989157
LucidFlex $50K,3,39,True,270,22,4990.008067309856,388.11173856854435
LucidFlex $50K,3,40,True,269,22,4879.307941138745,380.91251585098007
LucidFlex $50K,3,41,True,268,22,4919.80792182684,385.5073371580733
LucidFlex $50K,3,42,True,267,20,4963.017495059968,390.3496906226941
LucidFlex $50K,3,43,True,266,20,5003.517169332505,395.01451336835567
LucidFlex $50K,3,44,True,265,21,5045.357994246484,399.8208221855704
LucidFlex $50K,3,45,True,264,21,4819.907997465134,383.4017725256357
LucidFlex $50K,3,46,True,263,20,4497.267225980759,359.0973830631024
LucidFlex $50K,3,47,True,262,21,4537.75802257061,363.7134292900107
LucidFlex $50K,3,48,True,261,18,4005.868749046326,322.31127865889977
LucidFlex $50K,3,49,True,260,18,4047.718589401245,326.9311168362544
LucidFlex $50K,3,50,True,259,18,4089.5682752609255,331.586616913048
LucidFlex $50K,3,51,True,258,18,4131.417945671082,336.2782048802043
LucidFlex $50K,3,52,True,257,18,4171.917770576478,340.8960045996344
LucidFlex $50K,3,53,True,256,19,4212.417497634888,345.5498728528619
LucidFlex $50K,3,54,True,255,19,4252.9171731948845,350.2402377925199
LucidFlex $50K,3,55,True,254,20,4290.708003902436,354.74357512579195
LucidFlex $50K,3,56,True,253,14,3623.3536102294925,300.75267120481953
LucidFlex $50K,3,57,True,252,16,3663.8518798828127,305.3209899902344
LucidFlex $50K,3,58,True,251,17,3708.869557571411,310.3038275258949
LucidFlex $50K,3,59,True,250,17,3714.2695163726808,311.9986393753052
LucidFlex $50K,3,60,True,249,17,3758.8191764831545,317.00884620942264
LucidFlex $50K,3,61,True,248,17,3804.7188262939458,322.1737715813422
LucidFlex $50K,3,62,True,247,17,3847.9184967041015,327.15096530682644
LucidFlex $50K,3,63,True,246,17,3893.8181465148928,332.3991100683445
LucidFlex $50K,3,64,True,245,17,3938.367806625366,337.5743834250314
LucidFlex $50K,3,65,True,244,17,3980.2174873352055,342.55970177884967
LucidFlex $50K,3,66,True,243,17,4022.067168045044,347.58605155944826
LucidFlex $50K,3,67,True,242,17,3972.1175491333006,344.68788649503847
LucidFlex $50K,3,68,True,241,17,4013.96722984314,349.7647793639251
LucidFlex $50K,3,69,True,240,18,4054.4580322265624,354.7650778198242
LucidFlex $50K,3,70,True,239,18,4092.2578880310057,359.57077677259883
LucidFlex $50K,3,71,True,238,17,4131.416333770752,364.5367353327134
LucidFlex $50K,3,72,True,237,17,4169.215787887573,369.42418373687354
LucidFlex $50K,3,73,True,236,17,4204.315252304077,374.11279787451537
LucidFlex $50K,3,74,True,235,17,4239.414078140259,378.8412580465764
LucidFlex $50K,3,75,True,234,17,4274.511080932617,383.60996880164515
LucidFlex $50K,3,76,True,233,17,4279.9089385986335,385.74286571060645
LucidFlex $50K,3,77,True,232,17,4027.4581352233886,364.5544001710826
LucidFlex $50K,3,78,True,231,15,3650.352085876465,331.85018962513317
LucidFlex $50K,3,79,True,230,16,3684.569485473633,336.41721389107084
LucidFlex $50K,3,80,True,229,16,3719.668949890137,341.1050128720213
LucidFlex $50K,3,81,True,228,16,3754.7677757263186,345.83387408005564
LucidFlex $50K,3,82,True,227,16,3788.5147888183596,350.47934169685266
LucidFlex $50K,3,83,True,226,16,3820.912440490723,355.0405365057751
LucidFlex $50K,3,84,True,225,16,3854.659453582764,359.76821566772463
LucidFlex $50K,3,85,True,224,15,3891.106713867188,364.79125442504886
LucidFlex $50K,3,86,True,223,16,3928.9038093566896,369.9864573833654
LucidFlex $50K,3,87,True,222,12,3484.319348144531,329.59777617583404
LucidFlex $50K,3,88,True,221,12,3526.1591308593747,335.0648947875424
LucidFlex $50K,3,89,True,220,14,3572.5196502685544,341.01323934381656
LucidFlex $50K,3,90,True,219,14,3577.919320678711,343.0881540376846
LucidFlex $50K,3,91,True,218,14,3626.516354370117,349.3433185402406
LucidFlex $50K,3,92,True,217,14,3677.813223266602,355.91740870321956
LucidFlex $50K,3,93,True,216,14,3735.8596801757817,363.20858001708984
LucidFlex $50K,3,94,True,215,14,3792.5562194824224,370.43572376339944
LucidFlex $50K,3,95,True,214,13,3565.302209472656,349.8661046678775
LucidFlex $50K,3,96,True,213,14,3623.8165191650396,357.2776849881025
LucidFlex $50K,3,97,True,212,14,3681.862976074219,364.7128419696161
LucidFlex $50K,3,98,True,211,14,3738.55951538086,372.08412238387706
LucidFlex $50K,3,99,True,210,14,3795.2560546874997,379.52560546875
LucidFlex $50K,3,100,True,209,15,3851.953211975098,387.0383610118519
LucidFlex $50K,3,101,True,208,15,3908.6514816284184,394.6234668951768
LucidFlex $50K,3,102,True,207,15,3941.050492858886,399.8167166668435
LucidFlex $50K,3,103,True,206,15,3992.3489273071286,406.98702657014417
LucidFlex $50K,3,104,True,205,15,4043.6473617553715,414.2272907164039
LucidFlex $50K,3,105,True,204,15,4094.9441070556636,421.53836396161245
LucidFlex $50K,3,106,True,203,15,4146.240852355957,428.921467485099
LucidFlex $50K,3,107,True,202,16,4195.283882904053,436.1433739652729
LucidFlex $50K,3,108,True,201,16,4249.282234954834,443.9548603684155
LucidFlex $50K,3,109,True,200,16,4305.980545806885,452.12795730972294
LucidFlex $50K,3,110,True,201,17,4210.896862792969,439.9444483515042
LucidFlex $50K,3,111,True,198,14,3831.703829956055,406.3928304498846
LucidFlex $50K,3,112,True,197,14,3887.050451660157,414.35563190285933
LucidFlex $50K,3,113,True,196,14,3942.3970733642577,422.39968643188473
LucidFlex $50K,3,114,True,195,14,3997.743695068359,430.52624408428477
LucidFlex $50K,3,115,True,194,14,4051.7403991699216,438.5904555802493
LucidFlex $50K,3,116,True,193,15,4104.833615112304,446.639927032945
LucidFlex $50K,3,117,True,192,14,3992.3410583496097,436.6623032569886
LucidFlex $50K,3,118,True,191,14,4043.6349609375006,444.5881370664268
LucidFlex $50K,3,119,True,190,14,4094.9289459228517,452.5974098125257
LucidFlex $50K,3,120,True,189,14,4144.010311889649,460.445590209961
LucidFlex $50K,3,121,True,188,14,4149.582110595703,463.5171506516477
LucidFlex $50K,3,122,True,189,15,4051.827905273438,450.20310058593753
LucidFlex $50K,3,123,True,186,12,3543.7048461914064,400.0957084409652
LucidFlex $50K,3,124,True,185,13,3592.765447998047,407.8274292322107
LucidFlex $50K,3,125,True,184,13,3641.3595153808596,415.5899446902068
LucidFlex $50K,3,126,True,183,13,3688.603747558594,423.2823972608223
LucidFlex $50K,3,127,True,182,13,3732.2854431152346,430.64832035945017
LucidFlex $50K,3,128,True,181,13,3779.7046875000005,438.5292731353592
LucidFlex $50K,3,129,True,182,14,3679.2392761230462,424.52760878342843
LucidFlex $50K,3,130,True,179,13,3814.5841918945316,447.52105044572716
LucidFlex $50K,3,131,True,180,14,3708.6976867675785,432.68139678955083
LucidFlex $50K,3,132,True,177,12,3901.3675048828127,462.8741107488083
LucidFlex $50K,3,133,True,176,12,3556.3198974609377,424.33362412886186
LucidFlex $50K,3,134,True,175,12,3560.856372070313,427.3027646484375
LucidFlex $50K,3,135,True,174,12,3604.226110839844,434.99280648067077
LucidFlex $50K,3,136,True,175,13,3498.3503173828126,419.80203808593745
LucidFlex $50K,3,137,True,172,12,3685.0000122070314,449.91279218806784
LucidFlex $50K,3,138,True,173,13,3576.4057617187505,434.13017916817205
LucidFlex $50K,3,139,True,170,11,3156.3494384765627,389.90198945886954
LucidFlex $50K,3,140,True,169,11,2957.0662353515627,367.4461002507859
LucidFlex $50K,3,141,True,168,11,2961.6027099609373,370.20033874511716
LucidFlex $50K,3,142,True,167,11,2576.5653076171875,323.99923029916727
LucidFlex $50K,3,143,True,166,11,2617.0455322265625,331.0720251611916
LucidFlex $50K,3,144,True,165,11,2657.900830078125,338.2782874644887
LucidFlex $50K,3,145,True,166,12,2515.435290527344,318.21771747635074
LucidFlex $50K,3,146,True,163,10,2563.988818359375,330.32984776409126
LucidFlex $50K,3,147,True,162,10,2604.88828125,337.670703125
LucidFlex $50K,3,148,True,161,10,2609.424755859375,340.3597507642663
LucidFlex $50K,3,149,True,160,10,2656.738037109375,348.6968673706055
LucidFlex $50K,3,150,True,159,9,2109.2537109375,278.580678803066
LucidFlex $50K,3,151,True,158,9,2164.1185546875,287.6360104331487
LucidFlex $50K,3,152,True,159,11,2074.09306640625,273.9368200913915
LucidFlex $50K,3,153,True,156,9,1619.17998046875,217.96653583233174
LucidFlex $50K,3,154,True,155,9,1676.9953125,227.20581653225804
LucidFlex $50K,3,155,True,154,9,1734.13037109375,236.4723233309659
LucidFlex $50K,3,156,True,153,3,852.5250000000001,117.01323529411766
LucidFlex $50K,3,157,True,152,3,908.04375,125.45341282894738
LucidFlex $50K,3,158,True,151,4,966.3468750000001,134.39261175496688
LucidFlex $50K,3,159,True,150,4,1028.3625000000002,143.97075
LucidFlex $50K,3,160,True,149,6,1091.221875,153.7963716442953
LucidFlex $50K,3,161,True,148,7,1152.37265625,163.5123363597973
LucidFlex $50K,3,162,True,147,7,1213.112109375,173.3017299107143
LucidFlex $50K,3,163,True,146,7,1273.3875,183.15847602739726
LucidFlex $50K,3,164,True,145,7,1336.341796875,193.5391567887931
LucidFlex $50K,3,165,True,144,7,1399.29609375,204.06401367187502
LucidFlex $50K,3,166,True,143,7,1461.796875,214.66947115384616
LucidFlex $50K,3,167,True,142,7,1524.7406250000001,225.48981073943665
LucidFlex $50K,3,168,True,141,7,1260.4464843750002,187.72607214095748
LucidFlex $50K,3,169,True,140,7,1320.27890625,198.0418359375
LucidFlex $50K,3,170,True,139,7,1380.132421875,208.5092148156475
LucidFlex $50K,3,171,True,138,7,1438.65703125,218.9260699728261
LucidFlex $50K,3,172,True,137,6,1190.34140625,182.4610914689781
LucidFlex $50K,3,173,True,136,6,1247.484375,192.6262637867647
LucidFlex $50K,3,174,True,135,5,1080.590625,168.091875
LucidFlex $50K,3,175,True,134,6,1133.1984375000002,177.59079990671643
LucidFlex $50K,3,176,True,133,6,1189.0125,187.7388157894737
LucidFlex $50K,3,177,True,132,6,1242.16875,197.61775568181818
LucidFlex $50K,3,178,True,131,6,1293.99609375,207.4344883110687
LucidFlex $50K,3,179,True,130,6,1343.165625,216.97290865384616
LucidFlex $50K,3,180,True,131,7,1245.1957031250001,199.61152492843513
LucidFlex $50K,3,181,True,130,10,1284.0042480468749,207.4160708383413
LucidFlex $50K,3,182,True,129,10,1331.2081054687499,216.70829623909881
LucidFlex $50K,3,183,True,128,10,1378.4119628906249,226.14571266174315
LucidFlex $50K,3,184,True,127,10,1426.964501953125,235.95476016547735
LucidFlex $50K,3,185,True,126,10,1473.4538085937497,245.57563476562495
LucidFlex $50K,3,186,True,125,7,1486.2972656250001,249.69794062500003
LucidFlex $50K,3,187,True,124,7,1490.37890625,252.40287928427418
LucidFlex $50K,3,188,True,123,7,1492.983984375,254.8997046493903
LucidFlex $50K,3,189,True,122,8,1544.0255859375002,265.7748959400615
LucidFlex $50K,3,190,True,121,9,1594.4554687500001,276.7236763946281
LucidFlex $50K,3,191,True,120,9,1277.2608398437499,223.5206469726562
LucidFlex $50K,3,192,True,119,9,1333.1909179687502,235.2689855238971
LucidFlex $50K,3,193,True,116,5,1114.59375,201.7799030172414
LucidFlex $50K,3,194,True,115,5,1166.5265625,213.01789402173912
LucidFlex $50K,3,195,True,116,6,1071.05625,193.89811422413794
LucidFlex $50K,3,196,True,115,6,1123.30546875,205.1253464673913
LucidFlex $50K,3,197,True,114,7,1176.936328125,216.80406044407894
LucidFlex $50K,3,198,True,113,8,1181.598046875,219.5890175608407
LucidFlex $50K,3,199,True,112,8,1234.8333984375,231.53126220703123
LucidFlex $50K,3,200,True,109,4,1070.128125,206.1714736238532
LucidFlex $50K,3,201,True,108,4,1120.753125,217.92421874999997
LucidFlex $50K,3,202,True,109,5,1020.5578125000001,196.62122993119266
LucidFlex $50K,3,203,True,108,5,1066.1625,207.30937499999996
LucidFlex $50K,3,204,True,107,6,1113.98203125,218.63198744158882
LucidFlex $50K,3,205,True,106,7,1162.7718750000001,230.36046580188682
LucidFlex $50K,3,206,True,105,7,1211.973046875,242.394609375
LucidFlex $50K,3,207,True,104,7,1258.51640625,254.12350510817308
LucidFlex $50K,3,208,True,101,3,960.0187500000001,199.6078589108911
LucidFlex $50K,3,209,True,100,3,1002.54375,210.5341875
LucidFlex $50K,3,210,True,99,3,1043.8875,221.43068181818182
LucidFlex $50K,3,211,True,100,4,939.178125,197.22740625
LucidFlex $50K,3,212,True,99,4,982.2093749999999,208.34744318181816
LucidFlex $50K,3,213,True,98,5,1026.1687499999998,219.89330357142853
LucidFlex $50K,3,214,True,97,6,1068.3140624999999,231.28448775773194
LucidFlex $50K,3,215,True,96,6,1110.8390625000002,242.99604492187504
LucidFlex $50K,3,216,True,95,6,1153.3640625,254.95416118421053
LucidFlex $50K,3,217,True,94,6,1194.5601562499999,266.8698221409574
LucidFlex $50K,3,218,True,93,6,1235.75625,279.04173387096773
LucidFlex $50K,3,219,True,92,6,1274.2945312499999,290.87157778532605
LucidFlex $50K,3,220,True,91,6,1279.61015625,295.2946514423077
LucidFlex $50K,3,221,True,90,6,1316.8195312500002,307.2578906250001
LucidFlex $50K,3,222,True,89,8,1347.3210937500003,317.90722436797756
LucidFlex $50K,3,223,True,88,8,1383.212109375,330.0847079190341
LucidFlex $50K,3,224,True,87,8,1420.43203125,342.8629040948275
LucidFlex $50K,3,225,True,86,8,1425.399609375,348.0626953125
LucidFlex $50K,3,226,True,85,8,1463.2734375,361.51461397058824
LucidFlex $50K,3,227,True,84,8,1499.4439453124999,374.86098632812497
LucidFlex $50K,3,228,True,83,8,1534.2644531249998,388.187391754518
LucidFlex $50K,3,229,True,82,7,1320.4265625,338.15802210365854
LucidFlex $50K,3,230,True,81,7,1356.317578125,351.63789062499995
LucidFlex $50K,3,231,True,80,7,1390.848046875,365.0976123046875
LucidFlex $50K,3,232,True,79,7,1422.71015625,378.1887757120253
LucidFlex $50K,3,233,True,78,4,997.396875,268.5299278846154
LucidFlex $50K,3,234,True,77,5,1030.55625,281.0607954545455
LucidFlex $50K,3,235,True,76,5,1065.8671875,294.5159333881579
LucidFlex $50K,3,236,True,75,5,1101.178125,308.32987499999996
LucidFlex $50K,3,237,True,74,5,1135.18125,322.14603040540544
LucidFlex $50K,3,238,True,73,5,1171.8,337.09315068493146
LucidFlex $50K,3,239,True,72,6,1203.03984375,350.88662109375
LucidFlex $50K,3,240,True,71,6,1237.59140625,366.0481624119719
LucidFlex $50K,3,241,True,70,6,1272.14296875,381.64289062499995
LucidFlex $50K,3,242,True,69,6,1309.35234375,398.49853940217395
LucidFlex $50K,3,243,True,68,6,1221.64453125,377.27257582720586
LucidFlex $50K,3,244,True,67,6,1255.8585937500002,393.6273204291045
LucidFlex $50K,3,245,True,66,5,1294.734375,411.9609375
LucidFlex $50K,3,246,True,65,5,1327.2609375,428.80737980769226
LucidFlex $50K,3,247,True,64,5,1358.94375,445.90341796875
LucidFlex $50K,3,248,True,63,5,1391.8500000000001,463.95000000000005
LucidFlex $50K,3,249,True,62,5,1422.0984375,481.67850302419356
LucidFlex $50K,3,250,True,61,5,1167.159375,401.80896516393443
LucidFlex $50K,3,251,True,60,4,1196.1000000000001,418.63500000000005
LucidFlex $50K,3,252,True,59,4,1022.709375,364.01520127118647
LucidFlex $50K,3,253,True,58,4,1027.7718750000001,372.12429956896557
LucidFlex $50K,3,254,True,57,4,1058.146875,389.84358552631574
LucidFlex $50K,3,255,True,56,4,1091.0531250000001,409.1449218750001
LucidFlex $50K,3,256,True,55,4,1125.225,429.6313636363636
LucidFlex $50K,3,257,True,54,4,1161.928125,451.8609374999999
LucidFlex $50K,3,258,True,53,4,1197.365625,474.4278891509434
LucidFlex $50K,3,259,True,52,4,1232.803125,497.8628004807692
LucidFlex $50K,3,260,True,51,4,1270.771875,523.2590073529411
LucidFlex $50K,3,261,True,50,4,1307.475,549.1395
LucidFlex $50K,3,262,True,49,4,1312.5375000000001,562.5160714285714
LucidFlex $50K,3,263,True,48,4,1317.6,576.45
LucidFlex $50K,3,264,True,47,4,1353.0375,604.548670212766
LucidFlex $50K,3,265,True,46,4,1388.4750000000001,633.8690217391304
LucidFlex $50K,3,266,True,45,4,1425.178125,665.083125
LucidFlex $50K,3,267,True,44,4,1460.615625,697.112002840909
LucidFlex $50K,3,268,True,43,4,1493.5218750000001,729.3944040697676
LucidFlex $50K,3,269,True,43,4,1662.4406250000002,811.8896075581397
LucidFlex $50K,3,270,True,42,4,1619.746875,809.8734375
LucidFlex $50K,3,271,True,39,3,1640.75625,883.4841346153845
LucidFlex $50K,3,272,True,38,3,1642.275,907.5730263157895
LucidFlex $50K,3,273,True,37,3,1591.65,903.368918918919
LucidFlex $50K,3,274,True,37,3,1696.275,962.7506756756758
LucidFlex $50K,3,275,True,36,3,905.00625,527.9203125
LucidFlex $50K,3,276,True,33,2,762.75,485.3863636363636
LucidFlex $50K,3,277,True,32,2,760.3875,499.0042968750001
LucidFlex $50K,3,278,True,32,2,503.2125,330.233203125
LucidFlex $50K,3,279,True,31,2,515.3625,349.11653225806447
LucidFlex $50K,3,280,True,30,2,507.26250000000005,355.08375
LucidFlex $50K,3,281,True,28,1,257.175,192.88125000000002
LucidFlex $50K,3,282,True,27,1,284.175,221.025
LucidFlex $50K,3,283,True,26,1,311.175,251.33365384615385
LucidFlex $50K,3,284,True,25,1,309.825,260.253
LucidFlex $50K,3,285,True,25,1,303.75,255.15
LucidFlex $50K,3,286,True,24,1,257.175,225.02812500000002
LucidFlex $50K,3,287,True,23,1,245.025,223.71847826086955
LucidFlex $50K,3,288,True,23,1,141.75,129.42391304347825
LucidFlex $50K,3,289,True,22,1,123.525,117.91022727272727
LucidFlex $50K,3,290,True,19,0,0.0,0.0
LucidFlex $50K,3,291,True,18,0,0.0,0.0
LucidFlex $50K,3,292,True,17,0,0.0,0.0
LucidFlex $50K,3,293,True,17,0,0.0,0.0
LucidFlex $50K,3,294,True,16,0,0.0,0.0
LucidFlex $50K,3,295,True,15,0,0.0,0.0
LucidFlex $50K,3,296,True,15,0,0.0,0.0
LucidFlex $50K,3,297,True,14,0,0.0,0.0
LucidFlex $50K,3,298,True,14,0,0.0,0.0
LucidFlex $50K,3,299,True,14,0,0.0,0.0
LucidFlex $50K,3,300,True,13,0,0.0,0.0
LucidFlex $50K,3,301,True,258,21,3606.557243156433,293.55698490808174
LucidFlex $50K,3,302,True,257,21,3740.207179427147,305.6200418987163
LucidFlex $50K,3,303,True,256,23,3872.5072669744495,317.6666117439978
LucidFlex $50K,3,304,True,255,23,3877.9072663307197,319.3570689919416
LucidFlex $50K,3,305,True,254,23,4025.0572487890718,332.7803237187815
LucidFlex $50K,3,306,True,253,23,4030.4572481453415,334.5438822571232
LucidFlex $50K,3,307,True,252,24,4223.50712326169,351.9589269384742
LucidFlex $50K,3,308,True,251,24,4415.208489498496,369.39991346401763
LucidFlex $50K,3,309,True,250,24,4605.558251881599,386.8668931580543
LucidFlex $50K,3,310,True,249,24,4794.558664432168,404.36036928946
LucidFlex $50K,3,311,True,248,24,4982.2072571575645,421.8804532270518
LucidFlex $50K,3,312,True,247,23,5168.508388191461,439.4278386721484
LucidFlex $50K,3,313,True,246,24,5389.906492808461,460.11396889828325
LucidFlex $50K,3,314,True,245,22,3794.2072763085366,325.2177665407317
LucidFlex $50K,3,315,True,244,23,3987.2571258366106,343.16557230560994
LucidFlex $50K,3,316,True,243,23,4178.9582773089405,361.1445424834887
LucidFlex $50K,3,317,True,242,23,4369.308689779044,379.15488630314013
LucidFlex $50K,3,318,True,241,23,4558.307282423974,397.19690012823014
LucidFlex $50K,3,319,True,240,22,4745.958438563347,415.27136337429283
LucidFlex $50K,3,320,True,239,23,4932.2565200865265,433.37818795739355
LucidFlex $50K,3,321,True,238,23,5117.206480497122,451.5182188673931
LucidFlex $50K,3,322,True,237,21,3940.0071343660356,349.1145562096487
LucidFlex $50K,3,323,True,236,22,4106.058285999298,365.3695932457003
LucidFlex $50K,3,324,True,235,22,4270.758701527118,381.64226694497654
LucidFlex $50K,3,325,True,234,22,4434.107297229766,397.9327061616457
LucidFlex $50K,3,326,True,233,20,3490.4572985172276,314.59057196936385
LucidFlex $50K,3,327,True,232,21,3659.207268261909,331.2213475581901
LucidFlex $50K,3,328,True,231,21,3806.357198095321,346.0324725541201
LucidFlex $50K,3,329,True,230,21,3952.1571285724644,360.8491291305294
LucidFlex $50K,3,330,True,229,21,4097.958287930489,375.7953015132763
LucidFlex $50K,3,331,True,228,21,4242.408708286286,390.74817050005265
LucidFlex $50K,3,332,True,227,21,4385.50730881691,405.7077246042075
LucidFlex $50K,3,333,True,226,21,4527.256740403175,420.67429888702065
LucidFlex $50K,3,334,True,225,21,4669.005002975464,435.77380027771
LucidFlex $50K,3,335,True,224,21,4809.405219912529,450.8817393667996
LucidFlex $50K,3,336,True,223,20,3625.457284355164,341.4107756567644
LucidFlex $50K,3,337,True,222,20,3745.607169771195,354.31419173511307
LucidFlex $50K,3,338,True,221,20,3877.907043600082,368.4889045954829
LucidFlex $50K,3,339,True,220,20,3996.706832456589,381.50383400721984
LucidFlex $50K,3,340,True,219,19,3454.007333278656,331.2061826431588
LucidFlex $50K,3,341,True,218,19,3575.507101535797,344.4295831754667
LucidFlex $50K,3,342,True,217,19,3695.658710861206,357.6443913736651
LucidFlex $50K,3,343,True,216,19,3805.0085022926332,369.93138216733934
LucidFlex $50K,3,344,True,215,19,3913.008296298981,382.2008103361796
LucidFlex $50K,3,345,True,214,19,3333.857562446595,327.1542467821425
LucidFlex $50K,3,346,True,213,19,3436.4573667526247,338.8056558770194
LucidFlex $50K,3,347,True,212,19,3539.0571710586546,350.56698392562146
LucidFlex $50K,3,348,True,211,19,3649.756959915161,363.24595335648524
LucidFlex $50K,3,349,True,210,19,3759.106751346588,375.91067513465885
LucidFlex $50K,3,350,True,209,19,3867.106535053253,388.56094371348473
LucidFlex $50K,3,351,True,208,19,3975.0828045845033,401.3304754628585
LucidFlex $50K,3,352,True,207,18,3636.258824157715,368.89582274063775
LucidFlex $50K,3,353,True,206,18,3737.507454299927,381.00804145775953
LucidFlex $50K,3,354,True,205,18,3837.40608959198,393.1001360069833
LucidFlex $50K,3,355,True,204,18,3807.7051523208625,391.96964803303
LucidFlex $50K,3,356,True,203,17,3007.1583297729494,311.08534445927063
LucidFlex $50K,3,357,True,202,17,3012.558288574219,313.18675277256733
LucidFlex $50K,3,358,True,201,17,3017.9615329742433,315.3094138928314
LucidFlex $50K,3,359,True,200,17,3109.7608325958254,326.5248874225617
LucidFlex $50K,3,360,True,199,17,3200.2095039367678,337.7105506666941
LucidFlex $50K,3,361,True,198,17,3290.65817527771,349.00920040824195
LucidFlex $50K,3,362,True,197,17,3379.7567848205567,360.2786420367091
LucidFlex $50K,3,363,True,196,17,3463.455384063721,371.0845054353986
LucidFlex $50K,3,364,True,195,16,2988.258473968506,321.8124510427622
LucidFlex $50K,3,365,True,194,16,3074.657155609131,332.8237127205761
LucidFlex $50K,3,366,True,193,14,2559.6046142578125,278.50620155136824
LucidFlex $50K,3,367,True,192,14,2643.2995056152345,289.1108834266663
LucidFlex $50K,3,368,True,191,14,2726.994396972657,299.82660909123456
LucidFlex $50K,3,369,True,190,16,2818.1610694885258,311.4809603118897
LucidFlex $50K,3,370,True,189,16,2918.0595451354984,324.2288383483887
LucidFlex $50K,3,371,True,188,16,3016.6080413818363,336.9615365373328
LucidFlex $50K,3,372,True,187,16,3115.1341049194334,349.82789413533743
LucidFlex $50K,3,373,True,186,14,3214.3435729980474,362.909758241715
LucidFlex $50K,3,374,True,185,15,3302.844090270996,374.9174372740049
LucidFlex $50K,3,375,True,184,15,3393.270977783204,387.2754920296048
LucidFlex $50K,3,376,True,183,15,3482.3768280029294,399.6170130495165
LucidFlex $50K,3,377,True,182,15,3487.7554046630858,402.4333159226638
LucidFlex $50K,3,378,True,181,13,2400.314337158203,278.48950873106224
LucidFlex $50K,3,379,True,180,13,2496.1415954589847,291.2165194702149
LucidFlex $50K,3,380,True,179,12,1564.7505249023438,183.5740839270906
LucidFlex $50K,3,381,True,178,13,1659.2066894531251,195.74910381188556
LucidFlex $50K,3,382,True,177,13,1753.6602172851562,208.0613817117982
LucidFlex $50K,3,383,True,176,12,1251.6269897460938,149.34185673106802
LucidFlex $50K,3,384,True,175,12,1343.4045776367188,161.20854931640625
LucidFlex $50K,3,385,True,174,12,1435.1821655273438,173.2116406670932
LucidFlex $50K,3,386,True,173,12,1525.6100830078128,185.18966325528365
LucidFlex $50K,3,387,True,172,12,1616.0380004882813,197.30696517589485
LucidFlex $50K,3,388,True,171,12,1621.4113037109375,199.12068642064148
LucidFlex $50K,3,389,True,170,12,1715.864831542969,211.9597733082491
LucidFlex $50K,3,390,True,169,13,1813.7034118652343,225.3714298767451
LucidFlex $50K,3,391,True,168,13,1913.6859741210938,239.21074676513672
LucidFlex $50K,3,392,True,167,13,2012.2115844726563,253.0325944546454
LucidFlex $50K,3,393,True,166,13,2110.737359619141,267.02099127712023
LucidFlex $50K,3,394,True,165,11,1247.5779785156249,158.78265181107955
LucidFlex $50K,3,395,True,164,11,1351.4772216796875,173.05501009313073
LucidFlex $50K,3,396,True,163,11,1447.2804199218751,186.45944060343177
LucidFlex $50K,3,397,True,162,11,1452.677783203125,188.3100830078125
LucidFlex $50K,3,398,True,161,11,1553.8783447265625,202.67978409476902
LucidFlex $50K,3,399,True,160,12,1653.0483032226562,216.96258979797364
LucidFlex $50K,3,400,True,159,12,1753.0310302734374,231.53240022479363
LucidFlex $50K,3,401,True,158,12,1852.9066406250001,246.272401602057
LucidFlex $50K,3,402,True,157,12,1858.3053222656247,248.56313227756763
LucidFlex $50K,3,403,True,156,12,1956.8312622070312,263.41959298940805
LucidFlex $50K,3,404,True,155,13,2055.33544921875,278.46480279737904
LucidFlex $50K,3,405,True,154,13,2147.0927673339847,292.7853773637252
LucidFlex $50K,3,406,True,153,13,2237.4882202148438,307.10622630399814
LucidFlex $50K,3,407,True,152,13,2329.3635314941407,321.81996158800627
LucidFlex $50K,3,408,True,151,13,2416.9014404296877,336.12536588757246
LucidFlex $50K,3,409,True,150,12,2506.1207519531254,350.8569052734375
LucidFlex $50K,3,410,True,149,11,1685.547509765625,237.56038728240352
LucidFlex $50K,3,411,True,148,12,1779.9690673828125,252.56317847999367
LucidFlex $50K,3,412,True,147,12,1873.0762207031246,267.5823172433035
LucidFlex $50K,3,413,True,146,11,1627.4045654296876,234.07873886317424
LucidFlex $50K,3,414,True,145,11,1716.420849609375,248.58508856411635
LucidFlex $50K,3,415,True,144,11,1804.0884521484375,263.09623260498046
LucidFlex $50K,3,416,True,143,10,961.5177246093751,141.2019036139642
LucidFlex $50K,3,417,True,142,10,1045.135986328125,154.5623641752861
LucidFlex $50K,3,418,True,141,10,1128.754248046875,168.11233481549203
LucidFlex $50K,3,419,True,140,10,1211.0238281250001,181.65357421875
LucidFlex $50K,3,420,True,139,10,1293.293408203125,195.38965159903327
LucidFlex $50K,3,421,True,138,10,1373.68828125,209.03952105978263
LucidFlex $50K,3,422,True,137,10,1454.6091796875,222.96929031706205
LucidFlex $50K,3,423,True,136,10,1460.0039062500002,225.44177964154414
LucidFlex $50K,3,424,True,135,10,1544.970849609375,240.32879882812497
LucidFlex $50K,3,425,True,134,10,1646.12197265625,257.9743389983675
LucidFlex $50K,3,426,True,133,10,1435.7276367187503,226.6938373766448
LucidFlex $50K,3,427,True,132,10,1544.970849609375,245.79081698330964
LucidFlex $50K,3,428,True,131,10,1673.276220703125,268.23511934935595
LucidFlex $50K,3,429,True,130,10,1799.3482910156251,290.66395470252405
LucidFlex $50K,3,430,True,129,10,1936.29814453125,315.2113258539244
LucidFlex $50K,3,431,True,128,10,2062.041943359375,338.3037563323975
LucidFlex $50K,3,432,True,127,10,2185.3164550781253,361.35153981606794
LucidFlex $50K,3,433,True,126,10,2189.8766601562497,364.97944335937495
LucidFlex $50K,3,434,True,125,9,1296.980859375,217.892784375
LucidFlex $50K,3,435,True,124,9,1426.327734375,241.55550340221774
LucidFlex $50K,3,436,True,123,9,1431.7171875,244.43951981707318
LucidFlex $50K,3,437,True,122,9,1559.71669921875,268.4758252753586
LucidFlex $50K,3,438,True,121,9,930.498046875,161.49139656508265
LucidFlex $50K,3,439,True,120,9,1061.8646484375001,185.82631347656252
LucidFlex $50K,3,440,True,119,9,1191.8522460937502,210.3268669577206
LucidFlex $50K,3,441,True,118,8,1321.0646484375,235.1047255693856
LucidFlex $50K,3,442,True,117,8,1452.0673828125,260.6274789663462
LucidFlex $50K,3,443,True,116,8,1579.3681640625,285.9200986664871
LucidFlex $50K,3,444,True,115,8,1584.2671875,289.30096467391303
LucidFlex $50K,3,445,True,114,7,822.825,151.57302631578946
LucidFlex $50K,3,446,True,113,7,943.37578125,175.31762306415928
LucidFlex $50K,3,447,True,112,7,1063.9265625,199.48623046875002
LucidFlex $50K,3,448,True,111,7,988.9171875000001,187.0924408783784
LucidFlex $50K,3,449,True,108,3,630.7875,122.65312499999999
LucidFlex $50K,3,450,True,107,3,731.19375,143.50531542056075
LucidFlex $50K,3,451,True,107,5,825.7781250000002,162.06860397196266
LucidFlex $50K,3,452,True,107,7,852.29296875,167.27245181074767
LucidFlex $50K,3,453,True,106,7,963.467578125,190.8756522700472
LucidFlex $50K,3,454,True,105,7,1082.67890625,216.53578124999999
LucidFlex $50K,3,455,True,104,7,1192.5140625,240.79610877403843
LucidFlex $50K,3,456,True,103,7,1303.773046875,265.8178056735437
LucidFlex $50K,3,457,True,102,6,1433.8687499999999,295.2082720588235
LucidFlex $50K,3,458,True,101,6,1539.675,320.13044554455445
LucidFlex $50K,3,459,True,100,6,1639.89140625,344.3771953125
LucidFlex $50K,3,460,True,99,6,1740.1710937500002,369.1272017045455
LucidFlex $50K,3,461,True,98,6,1861.5234374999998,398.89787946428567
LucidFlex $50K,3,462,True,96,4,755.15625,165.1904296875
LucidFlex $50K,3,463,True,96,5,781.7765625000001,171.013623046875
LucidFlex $50K,3,464,True,93,2,302.4,68.28387096774193
LucidFlex $50K,3,465,True,92,2,390.4875,89.13301630434782
LucidFlex $50K,3,466,True,91,2,478.57500000000005,110.44038461538463
LucidFlex $50K,3,467,True,91,4,581.6812500000001,134.23413461538465
LucidFlex $50K,3,468,True,90,4,698.1187500000001,162.89437500000003
LucidFlex $50K,3,469,True,90,5,736.5515624999999,171.86203125
LucidFlex $50K,3,470,True,89,5,862.396875,203.48690308988765
LucidFlex $50K,3,471,True,88,5,986.9765625,235.52849786931816
LucidFlex $50K,3,472,True,86,3,545.0625,133.09665697674419
LucidFlex $50K,3,473,True,85,3,664.3687500000001,164.1381617647059
LucidFlex $50K,3,474,True,85,4,707.90625,174.89448529411766
LucidFlex $50K,3,475,True,82,2,494.77500000000003,126.71067073170732
LucidFlex $50K,3,476,True,82,3,602.94375,154.4124237804878
LucidFlex $50K,3,477,True,82,4,624.375,159.90091463414635
LucidFlex $50K,3,478,True,81,4,731.953125,189.765625
LucidFlex $50K,3,479,True,80,4,831.9375000000001,218.38359375000005
LucidFlex $50K,3,480,True,79,4,930.65625,247.38963607594937
LucidFlex $50K,3,481,True,78,4,1028.1093750000002,276.7986778846154
LucidFlex $50K,3,482,True,77,4,1125.5625,306.97159090909093
LucidFlex $50K,3,483,True,76,4,1216.6875,336.1899671052632
LucidFlex $50K,3,484,True,75,4,1096.453125,307.006875
LucidFlex $50K,3,485,True,74,4,1101.515625,312.5922719594595
LucidFlex $50K,3,486,True,73,4,1186.3125000000002,341.2679794520549
LucidFlex $50K,3,487,True,72,4,1271.109375,370.740234375
LucidFlex $50K,3,488,True,71,4,1355.90625,401.04269366197184
LucidFlex $50K,3,489,True,70,5,1440.7031250000002,432.21093750000006
LucidFlex $50K,3,490,True,69,4,1220.484375,371.4517663043478
LucidFlex $50K,3,491,True,68,4,1296.421875,400.3655790441176
LucidFlex $50K,3,492,True,67,4,1371.09375,429.74580223880594
LucidFlex $50K,3,493,True,66,4,1449.5625,461.2244318181818
LucidFlex $50K,3,494,True,65,4,1533.09375,495.3072115384615
LucidFlex $50K,3,495,True,64,4,1439.4375000000002,472.3154296875001
LucidFlex $50K,3,496,True,63,4,1517.90625,505.96875
LucidFlex $50K,3,497,True,62,4,1596.375,540.7076612903226
LucidFlex $50K,3,498,True,60,4,1512.6749999999997,529.4362499999999
LucidFlex $50K,3,499,True,60,4,1401.4687500000002,490.5140625000001
LucidFlex $50K,3,500,True,59,4,1472.34375,524.0545550847459
LucidFlex $50K,3,501,True,58,4,1547.0156250000002,560.1263469827587
LucidFlex $50K,3,502,True,58,4,1539.2531250000002,557.3157866379311
LucidFlex $50K,3,503,True,57,4,1525.5843750000001,562.0574013157895
LucidFlex $50K,3,504,True,57,4,1526.175,562.275
LucidFlex $50K,3,505,True,56,4,1509.9750000000001,566.2406250000001
LucidFlex $50K,3,506,True,52,3,1454.4562500000002,587.3765625000001
LucidFlex $50K,3,507,True,51,3,1437.24375,591.8062500000001
LucidFlex $50K,3,508,True,51,3,591.46875,243.54595588235296
LucidFlex $50K,3,509,True,51,3,515.3625000000001,212.20808823529416
LucidFlex $50K,3,510,True,50,3,499.1625,209.64825000000002
LucidFlex $50K,3,511,True,46,1,51.300000000000004,23.419565217391305
LucidFlex $50K,3,512,True,45,1,93.825,43.785000000000004
LucidFlex $50K,3,513,True,44,1,135.675,64.75397727272727
LucidFlex $50K,3,514,True,44,2,144.7875,69.10312499999999
LucidFlex $50K,3,515,True,44,2,186.3,88.9159090909091
LucidFlex $50K,3,516,True,43,2,177.525,86.6982558139535
LucidFlex $50K,3,517,True,43,2,166.05,81.09418604651164
LucidFlex $50K,3,518,True,42,2,177.525,88.7625
LucidFlex $50K,3,519,True,39,1,169.425,91.22884615384616
LucidFlex $50K,3,520,True,37,0,0.0,0.0
LucidFlex $50K,3,521,True,36,0,0.0,0.0
LucidFlex $50K,3,522,True,36,0,0.0,0.0
LucidFlex $50K,3,523,True,35,0,0.0,0.0
LucidFlex $50K,3,524,True,34,0,0.0,0.0
LucidFlex $50K,3,525,True,33,0,0.0,0.0
LucidFlex $50K,3,526,True,32,0,0.0,0.0
LucidFlex $50K,3,527,True,31,0,0.0,0.0
LucidFlex $50K,3,528,True,30,0,0.0,0.0
LucidFlex $50K,3,529,True,29,0,0.0,0.0
LucidFlex $50K,3,530,True,29,0,0.0,0.0
LucidFlex $50K,3,531,True,29,0,0.0,0.0
LucidFlex $50K,3,532,True,28,0,0.0,0.0
LucidFlex $50K,3,533,True,28,0,0.0,0.0
LucidFlex $50K,3,534,True,28,1,3.375,2.53125
LucidFlex $50K,3,535,True,27,1,47.925000000000004,37.275
LucidFlex $50K,3,536,True,26,1,91.8,74.14615384615384
LucidFlex $50K,3,537,True,26,1,135.675,109.58365384615385
LucidFlex $50K,3,538,True,24,1,92.47500000000001,80.915625
LucidFlex $50K,3,539,True,24,1,134.32500000000002,117.53437500000003
LucidFlex $50K,3,540,True,23,1,175.5,160.2391304347826
LucidFlex $50K,3,541,True,22,1,218.70000000000002,208.7590909090909
LucidFlex $50K,3,542,True,22,1,200.475,191.36249999999998
LucidFlex $50K,3,543,True,22,1,144.45000000000002,137.88409090909093
LucidFlex $50K,3,544,True,22,1,128.925,123.06477272727273
LucidFlex $50K,3,545,True,22,1,110.7,105.66818181818182
LucidFlex $50K,3,546,True,203,19,5184.558739757538,536.3336627335385
LucidFlex $50K,3,547,True,202,18,5298.258210754394,550.8090219101103
LucidFlex $50K,3,548,True,14,0,0.0,0.0
LucidFlex $50K,3,549,True,14,0,0.0,0.0
LucidFlex $50K,3,550,True,14,0,0.0,0.0
LucidFlex $50K,3,551,True,14,0,0.0,0.0
LucidFlex $50K,3,552,True,14,0,0.0,0.0
LucidFlex $50K,3,553,True,14,0,0.0,0.0
LucidFlex $50K,3,554,True,195,18,5130.558562088013,552.521691301786
LucidFlex $50K,3,555,True,194,17,5278.007726669312,571.3307332992555
LucidFlex $50K,3,556,True,193,17,5423.806614303589,590.1551238361419
LucidFlex $50K,3,557,True,192,17,5568.25551223755,609.027946650982
LucidFlex $50K,3,558,True,191,17,5699.204513168335,626.6141087776704
LucidFlex $50K,3,559,True,190,17,5842.303421401978,645.7282728917976
LucidFlex $50K,3,560,True,189,20,5983.58889670372,664.8432107448577
LucidFlex $50K,3,561,True,188,20,6123.988762807846,684.0625745689615
LucidFlex $50K,3,562,True,187,20,6263.038630199434,703.3358889528776
LucidFlex $50K,3,563,True,186,20,6268.416847658158,707.7244828001146
LucidFlex $50K,3,564,True,185,20,6407.441609573365,727.3312097353548
LucidFlex $50K,3,565,True,184,17,6533.493276214599,745.6704282636226
LucidFlex $50K,3,566,True,183,18,6669.559226417542,765.3592554905376
LucidFlex $50K,3,567,True,182,18,6793.752217483519,783.8944866327138
LucidFlex $50K,3,568,True,181,19,6194.23977842331,718.6687035739752
LucidFlex $50K,3,569,True,180,19,5944.43893404007,693.5178756380083
LucidFlex $50K,3,570,True,179,16,5165.958581542969,606.062179957555
LucidFlex $50K,3,571,True,178,16,5290.15516204834,624.119429230422
LucidFlex $50K,3,572,True,177,16,5404.901886749268,641.2595458855063
LucidFlex $50K,3,573,True,176,17,5518.013619232178,658.3993522947485
LucidFlex $50K,3,574,True,175,17,4836.259684753418,580.3511621704101
LucidFlex $50K,3,575,True,174,18,4945.492160224915,596.8697434754207
LucidFlex $50K,3,576,True,173,18,5046.690646362305,612.6040668994707
LucidFlex $50K,3,577,True,172,17,4215.072333526611,514.6309244422025
LucidFlex $50K,3,578,True,171,17,4314.971571350098,529.9087894640472
LucidFlex $50K,3,579,True,170,16,4415.064402008056,545.3903084833481
LucidFlex $50K,3,580,True,169,16,4513.612898254395,560.8631412032089
LucidFlex $50K,3,581,True,168,16,4612.161394500733,576.5201743125916
LucidFlex $50K,3,582,True,167,17,4709.243061447144,592.1802652119163
LucidFlex $50K,3,583,True,166,17,4806.391563034058,608.0374868898507
LucidFlex $50K,3,584,True,165,17,4902.21709098816,623.9185388530385
LucidFlex $50K,3,585,True,164,17,4998.041928863526,639.9931738178905
LucidFlex $50K,3,586,True,163,14,4625.960559082032,595.98264871609
LucidFlex $50K,3,587,True,162,15,4717.468171691894,611.5236518859863
LucidFlex $50K,3,588,True,161,15,4343.515493774414,566.545499187967
LucidFlex $50K,3,589,True,160,16,4348.7958114624025,570.7794502544403
LucidFlex $50K,3,590,True,159,16,4437.844374847413,586.1303891307904
LucidFlex $50K,3,591,True,158,16,3920.774578857422,521.1156085823156
LucidFlex $50K,3,592,True,157,13,4013.180200195313,536.7948038477807
LucidFlex $50K,3,593,True,156,13,4104.892364501953,552.581664452186
LucidFlex $50K,3,594,True,155,14,4195.034115600586,568.3594608233052
LucidFlex $50K,3,595,True,154,13,3055.6742431640623,416.68285134055395
LucidFlex $50K,3,596,True,153,15,3060.915463256836,420.12565181956575
LucidFlex $50K,3,597,True,152,11,3166.771728515625,437.5145151238692
LucidFlex $50K,3,598,True,151,11,3269.271533203125,454.66690196864647
LucidFlex $50K,3,599,True,150,11,3377.1687011718755,472.8036181640625
LucidFlex $50K,3,600,True,149,12,3482.618334960938,490.8388257327496
LucidFlex $50K,3,601,True,148,12,3588.9568725585946,509.24388056574657
LucidFlex $50K,3,602,True,147,12,2745.212145996094,392.1731637137277
LucidFlex $50K,3,603,True,146,13,2850.3270812988285,409.9785527895575
LucidFlex $50K,3,604,True,145,10,2273.5081054687503,329.26669113685347
LucidFlex $50K,3,605,True,144,10,2376.0079101562505,346.5011535644532
LucidFlex $50K,3,606,True,143,10,2478.50771484375,363.9766574246066
LucidFlex $50K,3,607,True,142,10,2574.18369140625,380.6891374614877
LucidFlex $50K,3,608,True,141,11,2664.4326416015624,396.8303934300199
LucidFlex $50K,3,609,True,140,11,2595.3987304687503,389.3098095703125
LucidFlex $50K,3,610,True,139,12,2681.597680664063,405.13346254636923
LucidFlex $50K,3,611,True,138,13,2763.860998535156,420.58754325534983
LucidFlex $50K,3,612,True,137,13,2846.1829833984375,436.2762237326072
LucidFlex $50K,3,613,True,136,9,2184.4951171875,337.3117460363051
LucidFlex $50K,3,614,True,135,9,2266.68427734375,352.59533203125
LucidFlex $50K,3,615,True,134,9,2348.4278320312505,368.03719755713627
LucidFlex $50K,3,616,True,133,10,2352.5173828125003,371.45011307565795
LucidFlex $50K,3,617,True,132,11,2430.5589843750004,386.6798384232955
LucidFlex $50K,3,618,True,131,12,2504.6926391601564,401.51561391117013
LucidFlex $50K,3,619,True,130,12,2578.915612792969,416.594060528095
LucidFlex $50K,3,620,True,129,12,2653.097058105469,431.8995210869368
LucidFlex $50K,3,621,True,128,7,1701.0,279.0703125
LucidFlex $50K,3,622,True,127,7,1778.804296875,294.1329939714567
LucidFlex $50K,3,623,True,126,7,1857.8320312500002,309.63867187500006
LucidFlex $50K,3,624,True,125,7,1935.5203125000003,325.1674125
LucidFlex $50K,3,625,True,124,8,2012.3279296875,340.7974719632056
LucidFlex $50K,3,626,True,123,9,2086.3749023437504,356.2103491806403
LucidFlex $50K,3,627,True,122,10,2163.16669921875,372.3483662589652
LucidFlex $50K,3,628,True,121,7,1784.1621093750002,309.6479693956612
LucidFlex $50K,3,629,True,120,7,1857.8320312500002,325.12060546875006
LucidFlex $50K,3,630,True,119,7,1927.48359375,340.14416360294115
LucidFlex $50K,3,631,True,118,8,1993.5017578125,354.77573655985174
LucidFlex $50K,3,632,True,117,8,2060.7380859375,369.87606670673074
LucidFlex $50K,3,633,True,116,8,2041.9119140625,369.6564672009698
LucidFlex $50K,3,634,True,115,9,2106.5220703125,384.6692476222826
LucidFlex $50K,3,635,True,114,10,2171.231103515625,399.9636243318256
LucidFlex $50K,3,636,True,113,10,2235.9678222656253,415.5338430759126
LucidFlex $50K,3,637,True,112,10,2303.4019042968753,431.88785705566414
LucidFlex $50K,3,638,True,111,10,2308.796630859375,436.79936259501693
LucidFlex $50K,3,639,True,110,10,2376.017138671875,453.603271928267
LucidFlex $50K,3,640,True,109,10,2443.237646484375,470.71550987313645
LucidFlex $50K,3,641,True,108,10,2509.1055175781253,487.8816284179688
LucidFlex $50K,3,642,True,107,10,2577.678662109375,505.8995505074475
LucidFlex $50K,3,643,True,106,10,2647.6650878906253,524.5374230726711
LucidFlex $50K,3,644,True,105,10,2720.3937011718754,544.0787402343751
LucidFlex $50K,3,645,True,104,9,2134.8166992187503,431.06875657301686
LucidFlex $50K,3,646,True,103,9,2207.4319335937503,450.05893791717233
LucidFlex $50K,3,647,True,102,9,2280.0471679687503,469.42147575827215
LucidFlex $50K,3,648,True,101,9,2351.309765625,488.8861888923268
LucidFlex $50K,3,649,True,100,9,2422.5802734375,508.74185742187507
LucidFlex $50K,3,650,True,99,9,2428.0646484375,515.0440163352273
LucidFlex $50K,3,651,True,98,9,2387.64375,511.6379464285714
LucidFlex $50K,3,652,True,97,8,2074.1853515625,449.0504369362113
LucidFlex $50K,3,653,True,96,8,2146.8005859375,469.6126281738281
LucidFlex $50K,3,654,True,95,8,2219.4158203125,490.6077076480263
LucidFlex $50K,3,655,True,94,8,2294.7205078125,512.6503262134308
LucidFlex $50K,3,656,True,93,8,2365.991015625,534.2560357862902
LucidFlex $50K,3,657,True,92,8,2437.2615234375,556.3314346976902
LucidFlex $50K,3,658,True,91,8,2508.53203125,578.8920072115385
LucidFlex $50K,3,659,True,90,8,2575.768359375,601.0126171874999
LucidFlex $50K,3,660,True,89,8,2317.580859375,546.844921875
LucidFlex $50K,3,661,True,88,8,2384.8171875,569.1041015625
LucidFlex $50K,3,662,True,87,9,2440.4255859375003,589.0682448814655
LucidFlex $50K,3,663,True,86,9,2506.04033203125,611.9400810773983
LucidFlex $50K,3,664,True,85,9,2573.36630859375,635.7728527113971
LucidFlex $50K,3,665,True,84,9,2643.0442382812503,660.7610595703126
LucidFlex $50K,3,666,True,83,9,2715.4195312499996,687.0338573042168
LucidFlex $50K,3,667,True,83,9,2703.8865234375,684.1158673757529
LucidFlex $50K,3,668,True,81,7,1962.5730468750003,508.81523437500005
LucidFlex $50K,3,669,True,80,7,2038.39453125,535.0785644531251
LucidFlex $50K,3,670,True,79,7,2110.19765625,560.9386174841771
LucidFlex $50K,3,671,True,78,7,2180.0390625,586.93359375
LucidFlex $50K,3,672,True,77,8,2240.1826171875,610.9588955965909
LucidFlex $50K,3,673,True,76,6,1642.0640625,453.72822779605264
LucidFlex $50K,3,674,True,75,6,1708.61484375,478.41215625
LucidFlex $50K,3,675,True,74,6,1776.3890625000001,504.1104096283784
LucidFlex $50K,3,676,True,73,6,1842.8343750000001,530.1304366438357
LucidFlex $50K,3,677,True,72,6,1909.2796875000001,556.8732421875001
LucidFlex $50K,3,678,True,71,6,1885.359375,557.6415052816901
LucidFlex $50K,3,679,True,70,6,1947.8179687499999,584.3453906249999
LucidFlex $50K,3,680,True,69,6,2007.61875,611.0144021739131
LucidFlex $50K,3,681,True,68,6,2067.609375,638.5264246323529
LucidFlex $50K,3,682,True,67,6,2127.43125,666.8068097014925
LucidFlex $50K,3,683,True,66,6,2189.97421875,696.8099786931818
LucidFlex $50K,3,684,True,65,6,2261.334375,730.5849519230769
LucidFlex $50K,3,685,True,64,6,2262.2625000000003,742.3048828125002
LucidFlex $50K,3,686,True,63,6,2325.6492187500003,775.2164062500001
LucidFlex $50K,3,687,True,62,5,1707.2859375,578.2742691532258
LucidFlex $50K,3,688,True,61,5,1777.9078125,612.0666239754099
LucidFlex $50K,3,689,True,60,5,1858.9921875000002,650.647265625
LucidFlex $50K,3,690,True,59,5,1936.1531250000003,689.139247881356
LucidFlex $50K,3,691,True,58,5,1631.4328125,590.6911907327586
LucidFlex $50K,3,692,True,57,5,1706.7796875000001,628.8135690789474
LucidFlex $50K,3,693,True,56,5,1782.1265625,668.2974609375001
LucidFlex $50K,3,694,True,55,5,1859.9625,710.1675
LucidFlex $50K,3,695,True,55,5,1864.3078125,711.8266193181818
LucidFlex $50K,3,696,True,85,8,3144.8408203125,776.9606732536765
LucidFlex $50K,3,697,True,84,8,3232.901953125,808.22548828125
LucidFlex $50K,3,698,True,51,4,1067.765625,439.6681985294118
LucidFlex $50K,3,699,True,50,4,1161.421875,487.7971875
LucidFlex $50K,3,700,True,49,4,1255.078125,537.890625
LucidFlex $50K,3,701,True,48,4,1352.5312500000002,591.7324218750001
LucidFlex $50K,3,702,True,48,4,1368.646875,598.7830078125
LucidFlex $50K,3,703,True,78,7,2551.81640625,687.0274939903846
LucidFlex $50K,3,704,True,77,7,2643.91171875,721.0668323863637
LucidFlex $50K,3,705,True,76,7,2743.737890625,758.1381013569079
LucidFlex $50K,3,706,True,75,7,2828.745703125,792.048796875
LucidFlex $50K,3,707,True,74,7,2913.4792968750003,826.7981788429055
LucidFlex $50K,3,708,True,41,3,793.125,406.234756097561
LucidFlex $50K,3,709,True,41,3,800.38125,409.9513719512195
LucidFlex $50K,3,710,True,71,6,2037.46640625,602.6309088908451
LucidFlex $50K,3,711,True,70,6,1427.68828125,428.30648437499997
LucidFlex $50K,3,712,True,37,2,592.6500000000001,336.36891891891895
LucidFlex $50K,3,713,True,36,2,635.1750000000001,370.51875000000007
LucidFlex $50K,3,714,True,35,2,679.725,407.835
LucidFlex $50K,3,715,True,34,2,724.6125000000001,447.55477941176474
LucidFlex $50K,3,716,True,34,2,725.9625000000001,448.38860294117654
LucidFlex $50K,3,717,True,32,1,89.775,58.91484375000001
LucidFlex $50K,3,718,True,31,1,134.32500000000002,90.99435483870968
LucidFlex $50K,3,719,True,28,0,0.0,0.0
LucidFlex $50K,3,720,True,28,0,0.0,0.0
LucidFlex $50K,3,721,True,28,0,0.0,0.0
LucidFlex $50K,3,722,True,27,1,33.075,25.725
LucidFlex $50K,3,723,True,27,1,34.425000000000004,26.775000000000002
LucidFlex $50K,3,724,True,26,1,33.075,26.71442307692308
LucidFlex $50K,3,725,True,56,4,1104.046875,414.017578125
LucidFlex $50K,3,726,True,55,4,1185.9750000000001,452.8268181818182
LucidFlex $50K,3,727,True,54,4,1258.959375,489.5953124999999
LucidFlex $50K,3,728,True,53,4,1334.30625,528.6873820754718
LucidFlex $50K,3,729,True,20,0,0.0,0.0
LucidFlex $50K,3,730,True,19,0,0.0,0.0
LucidFlex $50K,3,731,True,19,0,0.0,0.0
LucidFlex $50K,3,732,True,49,3,1042.03125,446.5848214285714
LucidFlex $50K,3,733,True,48,3,1046.7562500000001,457.9558593750001
LucidFlex $50K,3,734,True,47,3,1123.5375000000001,502.0061170212766
LucidFlex $50K,3,735,True,46,3,1202.68125,549.0501358695652
LucidFlex $50K,3,736,True,45,3,1173.15,547.47
LucidFlex $50K,3,737,True,44,3,1248.75,595.9943181818181
LucidFlex $50K,3,738,True,43,3,1330.2562500000001,649.6600290697676
LucidFlex $50K,3,739,True,42,3,1418.8500000000001,709.4250000000001
LucidFlex $50K,3,740,True,41,3,1510.9875,773.9204268292683
LucidFlex $50K,3,741,True,40,3,1611.39375,845.98171875
LucidFlex $50K,3,742,True,39,3,1711.8,921.7384615384615
LucidFlex $50K,3,743,True,38,3,1822.8375,1007.3575657894737
LucidFlex $50K,3,744,True,37,3,1933.875,1097.6047297297298
LucidFlex $50K,3,745,True,36,3,1936.9125,1129.865625
LucidFlex $50K,3,746,True,202,23,23137.239717775585,2405.3566043232045
LucidFlex $50K,3,747,True,201,23,23268.189609467983,2431.0048845712818
LucidFlex $50K,3,748,True,200,23,23391.039486354588,2456.0591460672317
LucidFlex $50K,3,749,True,199,23,23512.539734995364,2481.2227861050383
LucidFlex $50K,3,750,True,198,22,23793.613448095322,2523.5650626767765
LucidFlex $50K,3,751,True,30,2,698.2875,488.80125
LucidFlex $50K,3,752,True,29,2,708.4125,512.9883620689656
LucidFlex $50K,3,753,True,195,21,21903.61364958286,2358.850700724308
LucidFlex $50K,3,754,True,194,21,21909.013462901115,2371.5942408295023
LucidFlex $50K,3,755,True,193,22,21896.58966450691,2382.530481630286
LucidFlex $50K,3,756,True,24,1,648.6750000000001,567.590625
LucidFlex $50K,3,757,True,23,1,201.15,183.6586956521739
LucidFlex $50K,3,758,True,23,1,203.175,185.50760869565218
LucidFlex $50K,3,759,True,22,1,205.20000000000002,195.87272727272727
LucidFlex $50K,3,760,True,188,20,21213.763978528976,2369.622572069726
LucidFlex $50K,3,761,True,187,20,21335.263736486435,2395.938708375482
LucidFlex $50K,3,762,True,186,20,21455.413495731354,2422.3853946793465
LucidFlex $50K,3,763,True,16,0,0.0,0.0
LucidFlex $50K,3,764,True,16,0,0.0,0.0
LucidFlex $50K,3,765,True,15,0,0.0,0.0
LucidFlex $50K,3,766,True,15,0,0.0,0.0
LucidFlex $50K,3,767,True,14,0,0.0,0.0
LucidFlex $50K,3,768,True,180,19,20818.214229583744,2428.7916601181037
LucidFlex $50K,3,769,True,179,19,20950.51397724152,2457.8815280562676
LucidFlex $50K,3,770,True,178,19,21081.463727474216,2487.1389790840367
LucidFlex $50K,3,771,True,177,19,21086.863717174532,2501.831288478334
LucidFlex $50K,3,772,True,176,19,21224.563454532625,2532.476321279461
LucidFlex $50K,3,773,True,175,20,21201.339661931994,2544.160759431839
LucidFlex $50K,3,774,True,174,20,21329.589539623263,2574.2608065062554
LucidFlex $50K,3,775,True,173,20,21464.58941087723,2605.5281943839414
LucidFlex $50K,3,776,True,172,20,21607.689269256593,2638.148108455747
LucidFlex $50K,3,777,True,171,20,21749.438960266114,2670.9837319625053
LucidFlex $50K,3,778,True,170,20,21910.088647413253,2706.5403623275197
LucidFlex $50K,3,779,True,169,20,22070.738322973248,2742.517779777741
LucidFlex $50K,3,780,True,168,20,22242.18798952103,2780.2734986901287
LucidFlex $50K,3,781,True,167,20,22412.287658643727,2818.311621745618
LucidFlex $50K,3,782,True,166,18,20529.31478061676,2597.0819903189877
LucidFlex $50K,3,783,True,165,18,20534.714760017396,2613.5091512749414
LucidFlex $50K,3,784,True,164,18,20716.96406478882,2652.781983905885
LucidFlex $50K,3,785,True,163,19,20731.53977136612,2670.934571771095
LucidFlex $50K,3,786,True,162,19,20911.089428901676,2710.6967778205876
LucidFlex $50K,3,787,True,161,19,21089.289089012145,2750.7768376972363
LucidFlex $50K,3,788,True,160,19,21266.13875169754,2791.1807111603025
LucidFlex $50K,3,789,True,158,18,21613.284206199645,2872.651698292358
LucidFlex $50K,3,790,True,158,19,21426.860790252686,2847.873902501939
LucidFlex $50K,3,791,True,157,19,21538.822594070436,2880.9890093979566
LucidFlex $50K,3,792,True,156,18,21950.859357833862,2954.92337509302
LucidFlex $50K,3,793,True,155,18,22033.69326782227,2985.210055640436
LucidFlex $50K,3,794,True,154,18,22203.715340423583,3027.779364603216
LucidFlex $50K,3,795,True,153,18,20727.489779090884,2844.949577522278
LucidFlex $50K,3,796,True,151,17,21063.83630218506,2929.407697654876
LucidFlex $50K,3,797,True,151,18,21038.063756561278,2925.823436342959
LucidFlex $50K,3,798,True,150,18,21139.22335624695,2959.4912698745725
LucidFlex $50K,3,799,True,149,17,18972.77071838379,2674.014665007111
LucidFlex $50K,3,800,True,148,17,19050.204648971558,2703.0695785702887
LucidFlex $50K,3,801,True,147,17,19241.826639175415,2748.8323770250595
LucidFlex $50K,3,802,True,146,17,19357.24500617981,2784.2612680121647
LucidFlex $50K,3,803,True,144,16,19703.046684265137,2873.3609747886658
LucidFlex $50K,3,804,True,144,17,19686.724396133424,2870.980641102791
LucidFlex $50K,3,805,True,143,17,18093.63497428894,2657.1072339864877
LucidFlex $50K,3,806,True,142,16,18502.97430267334,2736.3553546207054
LucidFlex $50K,3,807,True,141,16,16057.277483367921,2391.509412416499
LucidFlex $50K,3,808,True,140,16,16229.999617767333,2434.4999426650998
LucidFlex $50K,3,809,True,139,16,16353.517922973635,2470.6753696578876
LucidFlex $50K,3,810,True,137,15,16708.792373657227,2561.201750706582
LucidFlex $50K,3,811,True,137,16,14506.813916015624,2223.672206104585
LucidFlex $50K,3,812,True,136,16,14628.21141357422,2258.767938860725
LucidFlex $50K,3,813,True,135,15,15049.726995849607,2341.068643798828
LucidFlex $50K,3,814,True,134,15,14965.144148254392,2345.283784427927
LucidFlex $50K,3,815,True,133,15,15145.966159057616,2391.4683409038344
LucidFlex $50K,3,816,True,132,15,13240.465425109865,2106.4376812674786
LucidFlex $50K,3,817,True,130,14,13593.08746032715,2195.806435899001
LucidFlex $50K,3,818,True,130,14,12305.271011352539,1987.7745479877178
LucidFlex $50K,3,819,True,129,14,12474.010711669922,2030.6529065509174
LucidFlex $50K,3,820,True,128,14,12641.400494384765,2073.9797686100005
LucidFlex $50K,3,821,True,127,14,12717.462744140625,2102.8875403697098
LucidFlex $50K,3,822,True,126,14,12880.735290527342,2146.78921508789
LucidFlex $50K,3,823,True,125,14,12974.523541259769,2179.719954931641
LucidFlex $50K,3,824,True,123,13,13300.155340576173,2270.758228878859
LucidFlex $50K,3,825,True,123,14,13262.115646362307,2264.2636469399063
LucidFlex $50K,3,826,True,122,14,13351.113885498047,2298.1425540611394
LucidFlex $50K,3,827,True,121,13,12228.325708007813,2122.2714038691247
LucidFlex $50K,3,828,True,120,13,10770.881561279295,1884.9042732238765
LucidFlex $50K,3,829,True,119,13,10774.863830566406,1901.446558335248
LucidFlex $50K,3,830,True,118,13,10863.252410888674,1933.2906832937472
LucidFlex $50K,3,831,True,116,12,11182.263903808594,2024.3753618963835
LucidFlex $50K,3,832,True,116,13,11130.595751953124,2015.0216447501346
LucidFlex $50K,3,833,True,115,13,11212.844403076177,2047.5628909965192
LucidFlex $50K,3,834,True,114,12,10222.470593261718,1883.0866882324217
LucidFlex $50K,3,835,True,113,12,8825.76903076172,1640.187165008815
LucidFlex $50K,3,836,True,112,12,8974.183666992187,1682.659437561035
LucidFlex $50K,3,837,True,111,12,9055.823071289062,1713.2638242979306
LucidFlex $50K,3,838,True,109,11,8084.770312500001,1557.6162987385321
LucidFlex $50K,3,839,True,109,12,8036.773461914063,1548.3691990843606
LucidFlex $50K,3,840,True,108,12,8128.470959472656,1580.5360198974608
LucidFlex $50K,3,841,True,107,11,8520.536206054687,1672.2547694126022
LucidFlex $50K,3,842,True,101,9,6579.520312500001,1368.019074876238
LucidFlex $50K,3,843,True,100,9,6584.899218750001,1382.8288359375001
LucidFlex $50K,3,844,True,99,9,6738.1400390625,1429.302432528409
LucidFlex $50K,3,845,True,102,10,6900.049072265626,1420.598338407629
LucidFlex $50K,3,846,True,102,11,6878.75625,1416.2145220588236
LucidFlex $50K,3,847,True,101,11,6985.300122070313,1452.3891342918473
LucidFlex $50K,3,848,True,100,10,7385.740576171875,1551.0055209960938
LucidFlex $50K,3,849,True,94,8,5035.4419921875,1124.9391684674201
LucidFlex $50K,3,850,True,93,8,5040.820898437501,1138.2498802923387
LucidFlex $50K,3,851,True,92,8,5223.7037109375,1192.3671514096466
LucidFlex $50K,3,852,True,94,9,5409.755859375,1208.5624792220744
LucidFlex $50K,3,853,True,95,10,5405.27607421875,1194.8505006167763
LucidFlex $50K,3,854,True,94,10,5529.361376953125,1235.2828608086768
LucidFlex $50K,3,855,True,93,9,5954.78935546875,1344.6298544606855
LucidFlex $50K,3,856,True,92,9,6055.791503906251,1382.3002345872962
LucidFlex $50K,3,857,True,91,9,6237.8173828125,1439.4963191105771
LucidFlex $50K,3,858,True,85,7,4135.819921875001,1021.7908042279414
LucidFlex $50K,3,859,True,84,7,4319.483203125,1079.87080078125
LucidFlex $50K,3,860,True,88,9,4304.75185546875,1027.2703291459518
LucidFlex $50K,3,861,True,87,8,4622.389453124999,1115.749178340517
LucidFlex $50K,3,862,True,86,8,4578.7359375,1118.0634265988372
LucidFlex $50K,3,863,True,85,8,3675.0005859375,907.9413212316177
LucidFlex $50K,3,864,True,83,6,2200.47890625,556.7476750753011
LucidFlex $50K,3,865,True,78,5,1028.9109375,277.01448317307694
LucidFlex $50K,3,866,True,77,5,1124.5078125,306.6839488636364
LucidFlex $50K,3,867,True,76,5,1284.2718750000001,354.8645970394737
LucidFlex $50K,3,868,True,78,6,1443.4664062499999,388.6255709134615
LucidFlex $50K,3,869,True,78,6,1611.0140625000001,433.73455528846154
LucidFlex $50K,3,870,True,73,3,508.95000000000005,146.41027397260274
LucidFlex $50K,3,871,True,72,3,651.88125,190.13203125
LucidFlex $50K,3,872,True,71,4,797.428125,235.85902288732396
LucidFlex $50K,3,873,True,70,4,949.3031249999999,284.7909375
LucidFlex $50K,3,874,True,69,4,1035.7875000000001,315.23967391304353
LucidFlex $50K,3,875,True,68,4,1195.25625,369.12325367647054
LucidFlex $50K,3,876,True,70,5,1350.5484375,405.16453125
LucidFlex $50K,3,877,True,71,6,1412.75390625,417.85678917253523
LucidFlex $50K,3,878,True,70,6,1579.2046875,473.76140625
LucidFlex $50K,3,879,True,69,6,1677.2906250000003,510.4797554347827
LucidFlex $50K,3,880,True,63,4,1585.4906250000001,528.496875
LucidFlex $50K,3,881,True,67,6,1540.3289062499998,482.78965718283575
LucidFlex $50K,3,882,True,66,5,1827.6046875000002,581.5105823863637
LucidFlex $50K,3,883,True,60,3,687.31875,240.5615625
LucidFlex $50K,3,884,True,59,3,817.25625,290.8878177966102
LucidFlex $50K,3,885,True,58,3,883.06875,319.7317887931035
LucidFlex $50K,3,886,True,62,4,1013.090625,343.1435987903226
LucidFlex $50K,3,887,True,56,3,1207.06875,452.65078124999997
LucidFlex $50K,3,888,True,60,4,1300.8093750000003,455.2832812500001
LucidFlex $50K,3,889,True,59,4,1245.6281250000002,443.3591631355933
LucidFlex $50K,3,890,True,58,4,1404.9281250000001,508.68087284482766
LucidFlex $50K,3,891,True,57,4,1477.1531250000003,544.2143092105264
LucidFlex $50K,3,892,True,51,2,796.8375000000001,328.1095588235295
LucidFlex $50K,3,893,True,54,3,902.98125,351.159375
LucidFlex $50K,3,894,True,49,2,412.0875,176.60892857142855
LucidFlex $50K,3,895,True,48,2,479.58750000000003,209.81953125000004
LucidFlex $50K,3,896,True,47,2,545.7375,243.84015957446806
LucidFlex $50K,3,897,True,46,2,723.2625,330.18505434782605
LucidFlex $50K,3,898,True,50,3,759.54375,319.008375
LucidFlex $50K,3,899,True,49,3,824.34375,353.29017857142856
LucidFlex $50K,3,900,True,48,3,890.83125,389.738671875
LucidFlex $50K,3,901,True,42,1,317.925,158.9625
LucidFlex $50K,3,902,True,41,1,383.40000000000003,196.3756097560976
LucidFlex $50K,3,903,True,40,1,449.55,236.01375000000002
LucidFlex $50K,3,904,True,39,1,290.925,156.65192307692308
LucidFlex $50K,3,905,True,40,1,287.55,150.96375
LucidFlex $50K,3,906,True,42,2,312.8625,156.43125
LucidFlex $50K,3,907,True,41,2,381.71250000000003,195.5112804878049
LucidFlex $50K,3,908,True,40,2,450.90000000000003,236.72250000000003
LucidFlex $50K,3,909,True,39,2,423.90000000000003,228.25384615384615
LucidFlex $50K,3,910,True,38,2,491.73749999999995,271.7496710526315
LucidFlex $50K,3,911,True,31,0,0.0,0.0
LucidFlex $50K,3,912,True,31,0,0.0,0.0
LucidFlex $50K,3,913,True,32,0,0.0,0.0
LucidFlex $50K,3,914,True,32,0,0.0,0.0
LucidFlex $50K,3,915,True,33,1,13.5,8.590909090909092
LucidFlex $50K,3,916,True,32,1,75.60000000000001,49.61250000000001
LucidFlex $50K,3,917,True,31,1,140.4,95.10967741935484
LucidFlex $50K,3,918,True,30,1,205.20000000000002,143.64000000000001
LucidFlex $50K,3,919,True,29,1,269.325,195.02844827586208
LucidFlex $50K,3,920,True,28,1,331.425,248.56875000000002
LucidFlex $50K,3,921,True,27,1,391.5,304.5
LucidFlex $50K,3,922,True,26,1,451.575,364.7336538461538
LucidFlex $50K,3,923,True,25,1,235.57500000000002,197.883
LucidFlex $50K,3,924,True,26,1,233.55,188.63653846153846
LucidFlex $50K,3,925,True,26,1,234.9,189.72692307692307
LucidFlex $50K,3,926,True,25,1,234.9,197.316
LucidFlex $50K,3,927,True,140,13,4811.095953369141,721.6643930053712
LucidFlex $50K,3,928,True,139,13,4816.480957031251,727.669784875225
LucidFlex $50K,3,929,True,138,13,4937.951953125,751.4274711277174
LucidFlex $50K,3,930,True,16,0,0.0,0.0
LucidFlex $50K,3,931,True,17,0,0.0,0.0
LucidFlex $50K,3,932,True,18,0,0.0,0.0
LucidFlex $50K,3,933,True,18,0,0.0,0.0
LucidFlex $50K,3,934,True,17,0,0.0,0.0
LucidFlex $50K,3,935,True,132,12,4354.837316894531,692.8150276877662
LucidFlex $50K,3,936,True,131,12,4470.908972167968,716.7105985918117
LucidFlex $50K,3,937,True,130,12,4586.980627441406,740.9737936636117
LucidFlex $50K,3,938,True,129,12,4704.401953125,765.8328760901162
LucidFlex $50K,3,939,True,128,12,4820.473608398437,790.8589513778686
LucidFlex $50K,3,940,True,127,12,4933.845922851563,815.8327903927782
LucidFlex $50K,3,941,True,126,12,5063.414282226562,843.9023803710937
LucidFlex $50K,3,942,True,125,13,5173.33974609375,869.12107734375
LucidFlex $50K,3,943,True,124,13,5297.524584960938,897.1614216466105
LucidFlex $50K,3,944,True,123,13,5417.65991821289,924.9663274997619
LucidFlex $50K,3,945,True,122,13,5550.299395751952,955.3794041868115
LucidFlex $50K,3,946,True,121,13,5656.576794433595,981.7199395297974
LucidFlex $50K,3,947,True,120,13,5661.980090332032,990.8465158081056
LucidFlex $50K,3,948,True,119,13,5797.638940429688,1023.1127541934743
LucidFlex $50K,3,949,True,118,13,5787.514764404297,1029.9814411227987
LucidFlex $50K,3,950,True,117,13,5907.65009765625,1060.3474534254808
LucidFlex $50K,3,951,True,116,13,6029.135266113281,1091.4813843825768
LucidFlex $50K,3,952,True,115,12,5497.655822753906,1003.9197589376698
LucidFlex $50K,3,953,True,114,12,5613.3820678710945,1034.044065134149
LucidFlex $50K,3,954,True,113,12,5760.166223144531,1070.4733689029658
LucidFlex $50K,3,955,True,112,12,5765.242895507812,1080.983042907715
LucidFlex $50K,3,956,True,111,12,5898.311169433593,1115.8967077306797
LucidFlex $50K,3,957,True,110,12,6029.874865722656,1151.157928910689
LucidFlex $50K,3,958,True,109,12,5073.451940917969,977.4540436630949
LucidFlex $50K,3,959,True,108,11,5091.405029296875,989.9954223632811
LucidFlex $50K,3,960,True,107,11,5212.529956054688,1023.0198979172753
LucidFlex $50K,3,961,True,106,11,5362.013452148438,1062.2856839162
LucidFlex $50K,3,962,True,105,10,2683.7301269531254,536.746025390625
LucidFlex $50K,3,963,True,104,10,2821.2956542968755,569.6846994253306
LucidFlex $50K,3,964,True,103,10,2435.5727050781247,496.5730757926273
LucidFlex $50K,3,965,True,102,10,2581.230322265625,531.4297722311582
LucidFlex $50K,3,966,True,101,10,2725.5392578125,566.6962813273516
LucidFlex $50K,3,967,True,100,10,2868.4995117187505,602.3848974609376
LucidFlex $50K,3,968,True,99,10,3007.4137207031254,637.9362437855115
LucidFlex $50K,3,969,True,98,10,3148.11826171875,674.5967703683035
LucidFlex $50K,3,970,True,97,10,3287.9342285156245,711.8208123590528
LucidFlex $50K,3,971,True,96,10,3426.11806640625,749.4633270263672
LucidFlex $50K,3,972,True,95,10,3417.198046875,755.3806208881579
LucidFlex $50K,3,973,True,94,9,3564.88857421875,796.4112772190824
LucidFlex $50K,3,974,True,93,9,3690.0641601562497,833.2402942288305
LucidFlex $50K,3,975,True,92,9,2350.60576171875,536.551315174932
LucidFlex $50K,3,976,True,91,9,2481.86953125,572.7391225961538
LucidFlex $50K,3,977,True,90,9,2623.0341796875,612.04130859375
LucidFlex $50K,3,978,True,89,9,2627.69853515625,620.0187554863061
LucidFlex $50K,3,979,True,88,9,2750.9493164062496,656.4765414151277
LucidFlex $50K,3,980,True,87,8,2897.94375,699.5036637931033
LucidFlex $50K,3,981,True,86,8,3017.7298828125004,736.8875295239827
LucidFlex $50K,3,982,True,85,8,1678.271484375,414.6317784926471
LucidFlex $50K,3,983,True,84,8,1824.35625,456.0890625
LucidFlex $50K,3,984,True,83,8,1970.9103515625,498.66406485316264
LucidFlex $50K,3,985,True,82,8,2111.6583984375,540.7905654535061
LucidFlex $50K,3,986,True,81,8,2237.6039062500004,580.1195312500001
LucidFlex $50K,3,987,True,80,7,1555.1156250000004,408.21785156250013
LucidFlex $50K,3,988,True,79,7,1224.270703125,325.43904766613923
LucidFlex $50K,3,989,True,78,7,1355.537109375,364.9522986778846
LucidFlex $50K,3,990,True,77,7,1480.10625,403.66534090909096
LucidFlex $50K,3,991,True,76,7,1485.4640625,410.45717516447365
LucidFlex $50K,3,992,True,75,7,1599.317578125,447.80892187499995
LucidFlex $50K,3,993,True,74,7,1697.0238281250001,481.5878431165541
LucidFlex $50K,3,994,True,73,6,1819.7789062499999,523.4980415239726
LucidFlex $50K,3,995,True,72,6,1912.29609375,557.75302734375
LucidFlex $50K,3,996,True,71,6,2014.3265625000001,595.7867297535212
LucidFlex $50K,3,997,True,70,6,2131.88203125,639.564609375
LucidFlex $50K,3,998,True,69,6,2229.8203125,678.6409646739131
LucidFlex $50K,3,999,True,68,6,1155.95859375,356.9872127757353
LucidFlex $50K,3,1000,True,67,6,1256.34375,393.77938432835816
LucidFlex $50K,3,1001,True,66,5,1385.2265625,440.75390625
LucidFlex $50K,3,1002,True,65,5,1480.4015625,478.2835817307692
LucidFlex $50K,3,1003,True,64,5,1573.1296874999998,516.1831787109375
LucidFlex $50K,3,1004,True,63,5,1681.3828125000002,560.4609375000001
LucidFlex $50K,3,1005,True,62,5,1777.9921875,602.223160282258
LucidFlex $50K,3,1006,True,61,5,846.3234375,291.35724897540985
LucidFlex $50K,3,1007,True,60,5,950.6953125,332.743359375
LucidFlex $50K,3,1008,True,59,4,1090.96875,388.3109110169492
LucidFlex $50K,3,1009,True,58,4,1193.9906250000001,432.3069504310345
LucidFlex $50K,3,1010,True,57,4,1294.5656250000002,476.94523026315795
LucidFlex $50K,3,1011,True,56,4,848.3062500000001,318.11484375000003
LucidFlex $50K,3,1012,True,55,4,952.7625,363.7820454545455
LucidFlex $50K,3,1013,True,53,2,590.625,234.02122641509436
LucidFlex $50K,3,1014,True,53,3,549.28125,217.63974056603774
LucidFlex $50K,3,1015,True,51,1,247.725,102.00441176470589
LucidFlex $50K,3,1016,True,50,2,320.2875,134.52075000000002
LucidFlex $50K,3,1017,True,49,2,404.325,173.28214285714284
LucidFlex $50K,3,1018,True,48,2,489.375,214.1015625
LucidFlex $50K,3,1019,True,47,2,572.4000000000001,255.75319148936174
LucidFlex $50K,3,1020,True,47,3,523.29375,233.8121010638298
LucidFlex $50K,3,1021,True,46,3,623.7,284.7326086956522
LucidFlex $50K,3,1022,True,45,3,724.10625,337.91625000000005
LucidFlex $50K,3,1023,True,44,3,820.96875,391.8259943181818
LucidFlex $50K,3,1024,True,43,3,916.65,447.6662790697675
LucidFlex $50K,3,1025,True,43,3,913.2750000000001,446.01802325581406
LucidFlex $50K,3,1026,True,43,3,906.69375,442.8039244186047
LucidFlex $50K,3,1027,True,43,3,895.5562500000001,437.3646802325582
LucidFlex $50K,3,1028,True,42,3,1309.33125,654.665625
LucidFlex $50K,3,1029,True,41,3,1385.1000000000001,709.4414634146342
LucidFlex $50K,3,1030,True,41,3,1458.3375,746.9533536585367
LucidFlex $50K,3,1031,True,36,2,472.5,275.625
LucidFlex $50K,3,1032,True,36,2,464.40000000000003,270.90000000000003
LucidFlex $50K,3,1033,True,36,2,451.9125,263.615625
LucidFlex $50K,3,1034,True,36,2,440.775,257.11875
LucidFlex $50K,3,1035,True,31,1,272.7,184.73225806451612
LucidFlex $50K,3,1036,True,30,1,324.0,226.79999999999998
LucidFlex $50K,3,1037,True,29,1,375.975,272.2577586206897
LucidFlex $50K,3,1038,True,29,1,367.2,265.90344827586205
LucidFlex $50K,3,1039,True,29,1,363.15000000000003,262.97068965517246
LucidFlex $50K,3,1040,True,29,1,363.825,263.4594827586207
LucidFlex $50K,3,1041,True,29,1,365.85,264.92586206896556
LucidFlex $50K,3,1042,True,28,1,365.175,273.88125
LucidFlex $50K,3,1043,True,27,1,367.2,285.59999999999997
LucidFlex $50K,3,1044,True,19,0,0.0,0.0
LucidFlex $50K,3,1045,True,21,0,0.0,0.0
LucidFlex $50K,3,1046,True,21,0,0.0,0.0
LucidFlex $50K,3,1047,True,21,0,0.0,0.0
LucidFlex $50K,3,1048,True,21,0,0.0,0.0
LucidFlex $50K,3,1049,True,21,0,0.0,0.0
LucidFlex $50K,3,1050,True,20,0,0.0,0.0
LucidFlex $50K,3,1051,True,19,0,0.0,0.0
LucidFlex $50K,3,1052,True,19,0,0.0,0.0
LucidFlex $50K,3,1053,True,19,0,0.0,0.0
LucidFlex $50K,3,1054,True,19,0,0.0,0.0
LucidFlex $50K,3,1055,True,19,0,0.0,0.0
LucidFlex $50K,3,1056,True,19,0,0.0,0.0
LucidFlex $50K,3,1057,True,19,0,0.0,0.0
LucidFlex $50K,3,1058,True,20,0,0.0,0.0
LucidFlex $50K,3,1059,True,20,0,0.0,0.0
LucidFlex $50K,3,1060,True,281,27,9572.95695545487,715.4167119734957
LucidFlex $50K,3,1061,True,280,27,9672.856954710558,725.4642716032919
LucidFlex $50K,3,1062,True,279,27,9770.05695398636,735.3806309452099
LucidFlex $50K,3,1063,True,278,27,9868.606953252107,745.4703094183246
LucidFlex $50K,3,1064,True,277,27,9963.106952548027,755.3257978466014
LucidFlex $50K,3,1065,True,276,27,9968.506952507794,758.4733550821148
LucidFlex $50K,3,1066,True,275,27,10068.406951763482,768.860167225575
LucidFlex $50K,3,1067,True,274,28,10175.056952467563,779.8401313934994
LucidFlex $50K,3,1068,True,273,28,10283.056952065232,791.0043809280947
LucidFlex $50K,3,1069,True,272,28,10389.706951667928,802.146492592009
LucidFlex $50K,3,1070,True,271,28,10501.756948906928,813.7892838636365
LucidFlex $50K,3,1071,True,270,28,10613.80694848951,825.5183182158507
LucidFlex $50K,3,1072,True,269,28,10724.50694807712,837.2291669502583
LucidFlex $50K,3,1073,True,268,28,10833.856947669761,848.9216264965111
LucidFlex $50K,3,1074,True,267,28,10944.556951657869,860.8078501303943
LucidFlex $50K,3,1075,True,266,28,11059.30694955066,873.1031802276838
LucidFlex $50K,3,1076,True,265,28,11171.356948756054,885.2773431089704
LucidFlex $50K,3,1077,True,264,28,11145.706943802348,886.5903250751868
LucidFlex $50K,3,1078,True,263,28,11252.356938375904,898.4771699843877
LucidFlex $50K,3,1079,True,262,28,11360.356660727042,910.5629384552209
LucidFlex $50K,3,1080,True,261,27,10401.856949279085,836.9310189075126
LucidFlex $50K,3,1081,True,260,27,10505.80695329234,848.5459462274582
LucidFlex $50K,3,1082,True,259,27,10605.706951240449,859.922185235712
LucidFlex $50K,3,1083,True,258,27,10164.256952507794,827.3232403204019
LucidFlex $50K,3,1084,True,257,27,10261.456947096438,838.4848089067129
LucidFlex $50K,3,1085,True,256,27,10361.35694169514,849.9550616234295
LucidFlex $50K,3,1086,True,255,27,10458.556664086507,861.2929017483007
LucidFlex $50K,3,1087,True,254,26,9512.206955907493,786.4423073781786
LucidFlex $50K,3,1088,True,253,23,8694.107288897038,721.6452690388845
LucidFlex $50K,3,1089,True,252,23,8699.507288253308,724.9589406877757
LucidFlex $50K,3,1090,True,251,23,8795.357276827097,735.8665450731834
LucidFlex $50K,3,1091,True,250,23,8889.857265561819,746.7480103071928
LucidFlex $50K,3,1092,True,249,25,8980.306965221465,757.375286223497
LucidFlex $50K,3,1093,True,248,25,8985.706965060534,760.8864768801258
LucidFlex $50K,3,1094,True,247,25,9073.45696244538,771.4275150257205
LucidFlex $50K,3,1095,True,246,25,9161.206959830226,782.054252668434
LucidFlex $50K,3,1096,True,245,25,9246.256957295538,792.5363106253319
LucidFlex $50K,3,1097,True,244,25,9334.006954680384,803.3366641323282
LucidFlex $50K,3,1098,True,243,25,9423.106949369609,814.3425758714477
LucidFlex $50K,3,1099,True,242,25,9514.906944018601,825.6737430759944
LucidFlex $50K,3,1100,True,241,25,9606.706665806474,837.0989210868712
LucidFlex $50K,3,1101,True,240,25,9694.456354844571,848.2649310488999
LucidFlex $50K,3,1102,True,239,25,9783.556756129861,859.6430622540882
LucidFlex $50K,3,1103,True,238,25,9871.307015633583,870.997677850022
LucidFlex $50K,3,1104,True,237,24,8960.056965824962,793.9290982376549
LucidFlex $50K,3,1105,True,236,24,9049.156960514189,805.2215939440592
LucidFlex $50K,3,1106,True,235,24,9136.906955283881,816.4895577062192
LucidFlex $50K,3,1107,True,234,24,9221.956677272916,827.6114966783387
LucidFlex $50K,3,1108,True,233,24,9305.656366431713,838.7072261590814
LucidFlex $50K,3,1109,True,232,24,9386.656767958404,849.6542764100279
LucidFlex $50K,3,1110,True,231,24,9469.007027623058,860.8188206930053
LucidFlex $50K,3,1111,True,230,24,9547.30670028627,871.7106117652681
LucidFlex $50K,3,1112,True,229,23,9625.607181394102,882.697601787232
LucidFlex $50K,3,1113,True,228,22,8472.707315289974,780.3809369346028
LucidFlex $50K,3,1114,True,227,22,8553.707276022433,791.3121268567007
LucidFlex $50K,3,1115,True,226,22,8633.357236754893,802.2146104949236
LucidFlex $50K,3,1116,True,225,22,8708.957198452952,812.8360051889423
LucidFlex $50K,3,1117,True,224,23,8784.557068419455,823.552225164324
LucidFlex $50K,3,1118,True,223,23,8860.156741243602,834.3645361709222
LucidFlex $50K,3,1119,True,222,21,7422.407586622238,702.1196365723739
LucidFlex $50K,3,1120,True,221,21,7510.157544779778,713.6348798207028
LucidFlex $50K,3,1121,True,220,21,7593.857504868507,724.8682163738121
LucidFlex $50K,3,1122,True,219,21,7678.907464313507,736.3335924684185
LucidFlex $50K,3,1123,True,218,21,7763.957423758508,747.9041554996728
LucidFlex $50K,3,1124,True,217,21,7850.357382559776,759.7120047638492
LucidFlex $50K,3,1125,True,216,21,7935.407342004776,771.4979360282421
LucidFlex $50K,3,1126,True,215,21,8020.457301449777,783.3935038625365
LucidFlex $50K,3,1127,True,214,21,8101.4569686412815,795.0027866423688
LucidFlex $50K,3,1128,True,213,21,8187.856689906122,807.2534764696177
LucidFlex $50K,3,1129,True,212,21,8193.256397652625,811.5961525976658
LucidFlex $50K,3,1130,True,211,21,8279.656798052787,824.0416718441163
LucidFlex $50K,3,1131,True,210,21,8285.05707614422,828.5057076144219
LucidFlex $50K,3,1132,True,209,21,8372.806747198105,841.2868023500488
LucidFlex $50K,3,1133,True,208,20,7157.80771279335,722.6632786954824
LucidFlex $50K,3,1134,True,207,20,7250.9573741912845,735.6043712947679
LucidFlex $50K,3,1135,True,206,20,7222.6071501731885,736.2851949205677
LucidFlex $50K,3,1136,True,205,20,7309.006819295882,748.7275278303099
LucidFlex $50K,3,1137,True,204,19,6712.307613658905,690.9728425825344
LucidFlex $50K,3,1138,True,201,20,5622.529328012466,587.4284372550338
LucidFlex $50K,3,1139,True,200,20,5711.629243040086,599.7210705192091
LucidFlex $50K,3,1140,True,199,20,5802.079156780243,612.2797100119853
LucidFlex $50K,3,1141,True,198,20,5896.57906665802,625.3947494940323
LucidFlex $50K,3,1142,True,197,20,5992.428975248338,638.786845077234
LucidFlex $50K,3,1143,True,196,20,6085.578886413574,652.0263092585972
LucidFlex $50K,3,1144,True,195,20,5756.1792005538955,619.8962215981118
LucidFlex $50K,3,1145,True,194,20,5849.329111719131,633.1748007531019
LucidFlex $50K,3,1146,True,193,20,5938.429026746751,646.1503086097501
LucidFlex $50K,3,1147,True,192,20,5943.829021596908,650.1062992371619
LucidFlex $50K,3,1148,True,191,20,6027.528941774368,662.712606163674
LucidFlex $50K,3,1149,True,190,20,6111.228861951829,675.4516110578337
LucidFlex $50K,3,1150,True,191,18,6180.40779132843,679.5212754863719
LucidFlex $50K,3,1151,True,190,18,6262.757477188111,692.1995106365807
LucidFlex $50K,3,1152,True,189,18,6345.107163047791,705.0119070053101
LucidFlex $50K,3,1153,True,188,18,6428.806843757629,718.1114027601607
LucidFlex $50K,3,1154,True,187,18,6434.206823158265,722.5579854883613
LucidFlex $50K,3,1155,True,186,18,6521.95648841858,736.3499261117752
LucidFlex $50K,3,1156,True,185,18,6607.006163978577,749.9844834786493
LucidFlex $50K,3,1157,True,184,18,6696.105824089051,764.2294690536415
LucidFlex $50K,3,1158,True,183,18,6783.855489349366,778.4752200892715
LucidFlex $50K,3,1159,True,182,18,6877.0051340103155,793.5005923858057
LucidFlex $50K,3,1160,True,181,18,6968.804783821106,808.5353616588023
LucidFlex $50K,3,1161,True,180,18,7062.268949890136,823.9313774871825
LucidFlex $50K,3,1162,True,179,16,7159.6381736755375,839.9575511015994
LucidFlex $50K,3,1163,True,176,20,7251.985635280611,865.2937405732547
LucidFlex $50K,3,1164,True,175,20,6792.982782268525,815.1579338722229
LucidFlex $50K,3,1165,True,174,20,6891.5281177997595,831.7361521482468
LucidFlex $50K,3,1166,True,173,20,6985.837459087373,847.991830293843
LucidFlex $50K,3,1167,True,174,17,6127.757992172242,739.5569990552705
LucidFlex $50K,3,1168,True,173,17,6225.272142791748,755.6688728244319
LucidFlex $50K,3,1169,True,172,15,6329.400842285156,772.77568423249
LucidFlex $50K,3,1170,True,171,15,6426.577317810058,789.2287934152704
LucidFlex $50K,3,1171,True,168,19,6436.583122158049,804.5728902697562
LucidFlex $50K,3,1172,True,167,19,5502.379442596436,691.9159778115279
LucidFlex $50K,3,1173,True,166,19,5598.038782596588,708.1856291236647
LucidFlex $50K,3,1174,True,167,16,5683.611380767823,714.7056227312831
LucidFlex $50K,3,1175,True,166,16,5782.4755210876465,731.5179876074733
LucidFlex $50K,3,1176,True,165,14,5889.31427307129,749.5490892999824
LucidFlex $50K,3,1177,True,164,14,5985.140789794923,766.3899791810572
LucidFlex $50K,3,1178,True,161,18,4928.635998344422,642.8655650014463
LucidFlex $50K,3,1179,True,160,18,5024.480354118347,659.4630464780331
LucidFlex $50K,3,1180,True,159,18,5029.689866638185,664.2986616314583
LucidFlex $50K,3,1181,True,160,14,4390.591717529297,576.2651629257202
LucidFlex $50K,3,1182,True,159,15,4477.045440673829,591.3078883908831
LucidFlex $50K,3,1183,True,158,9,2346.16025390625,311.8314261520965
LucidFlex $50K,3,1184,True,157,10,2451.321826171875,327.88381114400875
LucidFlex $50K,3,1185,True,156,10,2557.86767578125,344.32834097055286
LucidFlex $50K,3,1186,True,155,11,2661.7181396484375,360.619876984627
LucidFlex $50K,3,1187,True,154,11,2768.316064453125,377.49764515269885
LucidFlex $50K,3,1188,True,153,12,2873.590356445313,394.4143626493567
LucidFlex $50K,3,1189,True,152,12,2973.465966796875,410.80779804430506
LucidFlex $50K,3,1190,True,151,12,3071.9919067382816,427.23066252651597
LucidFlex $50K,3,1191,True,150,12,3163.769494628906,442.92772924804683
LucidFlex $50K,3,1192,True,149,12,3255.4798461914065,458.82601859073515
LucidFlex $50K,3,1193,True,146,16,3354.534098052979,482.5014798569353
LucidFlex $50K,3,1194,True,145,16,3444.7933479309086,498.90110556240745
LucidFlex $50K,3,1195,True,146,12,3530.654077148438,507.83380561724107
LucidFlex $50K,3,1196,True,145,13,3613.052032470703,523.2696047026535
LucidFlex $50K,3,1197,True,144,13,3702.0562866210944,539.8832084655763
LucidFlex $50K,3,1198,True,143,10,2657.6701171875,390.28722000655597
LucidFlex $50K,3,1199,True,142,10,2749.38046875,406.5985200264085
LucidFlex $50K,3,1200,True,141,10,2838.3934570312504,422.73945104720747
LucidFlex $50K,3,1201,True,140,10,2926.0577636718754,438.9086645507813
LucidFlex $50K,3,1202,True,139,11,3015.07998046875,455.51568050247306
LucidFlex $50K,3,1203,True,138,11,3106.789013671875,472.7722412109375
LucidFlex $50K,3,1204,True,137,12,3189.1189086914064,488.84304439795284
LucidFlex $50K,3,1205,True,136,10,2712.9660644531255,418.91387759937965
LucidFlex $50K,3,1206,True,135,10,2804.6764160156254,436.28299804687504
LucidFlex $50K,3,1207,True,134,10,2896.386767578125,453.9113590980643
LucidFlex $50K,3,1208,True,133,10,2990.794482421875,472.2307077508224
LucidFlex $50K,3,1209,True,132,10,2996.1892089843755,476.6664650656961
LucidFlex $50K,3,1210,True,131,10,3090.5969238281255,495.4392015296995
LucidFlex $50K,3,1211,True,130,11,3179.6712158203127,513.6391964017428
LucidFlex $50K,3,1212,True,129,11,3184.3026123046875,518.3748438635538
LucidFlex $50K,3,1213,True,128,11,3288.7977539062504,539.5683815002442
LucidFlex $50K,3,1214,True,125,13,2964.3862609863286,498.0168918457032
LucidFlex $50K,3,1215,True,124,13,3068.1447692871093,519.6051625405588
LucidFlex $50K,3,1216,True,125,10,3155.072607421875,530.052198046875
LucidFlex $50K,3,1217,True,124,8,2148.0978515625,363.79076518397176
LucidFlex $50K,3,1218,True,123,8,2250.2970703125,384.197060785061
LucidFlex $50K,3,1219,True,122,9,2343.66328125,403.41745005122954
LucidFlex $50K,3,1220,True,121,10,2446.80908203125,424.65281588972107
LucidFlex $50K,3,1221,True,118,12,2566.1848754882817,456.69391851910103
LucidFlex $50K,3,1222,True,117,12,2672.643054199219,479.70516357421883
LucidFlex $50K,3,1223,True,118,9,2762.60625,491.6502648305085
LucidFlex $50K,3,1224,True,115,11,2884.750927734375,526.7806041949729
LucidFlex $50K,3,1225,True,116,7,1829.3976562500002,331.18405845905176
LucidFlex $50K,3,1226,True,115,7,1937.06015625,353.7240285326087
LucidFlex $50K,3,1227,True,114,8,2039.881640625,375.76767064144735
LucidFlex $50K,3,1228,True,113,8,2148.4037109375,399.2608666344026
LucidFlex $50K,3,1229,True,110,10,2271.864111328125,433.71951216264205
LucidFlex $50K,3,1230,True,111,6,1198.7789062499999,226.79600929054052
LucidFlex $50K,3,1231,True,110,6,1305.0914062499999,249.15381392045452
LucidFlex $50K,3,1232,True,109,6,1310.40703125,252.46373996559632
LucidFlex $50K,3,1233,True,108,6,1415.390625,275.21484375
LucidFlex $50K,3,1234,True,107,6,1500.92578125,294.57421875
LucidFlex $50K,3,1235,True,106,6,1601.9226562500003,317.3620356721699
LucidFlex $50K,3,1236,True,105,6,1698.9328125000002,339.78656250000006
LucidFlex $50K,3,1237,True,104,7,1788.591796875,361.157958984375
LucidFlex $50K,3,1238,True,103,7,1889.05078125,385.14627578883494
LucidFlex $50K,3,1239,True,102,6,1667.0390625000002,343.21392463235304
LucidFlex $50K,3,1240,True,101,7,1760.4632812500001,366.03691986386144
LucidFlex $50K,3,1241,True,100,7,1859.5828125,390.512390625
LucidFlex $50K,3,1242,True,97,9,1969.4997070312504,426.3865345119202
LucidFlex $50K,3,1243,True,96,9,2062.4677734375,451.1648254394531
LucidFlex $50K,3,1244,True,95,9,2038.215234375,450.55284128289475
LucidFlex $50K,3,1245,True,94,9,2129.8359375,475.81441156914894
LucidFlex $50K,3,1246,True,93,9,2221.456640625,501.6192414314516
LucidFlex $50K,3,1247,True,92,9,2167.562109375,494.7696119225543
LucidFlex $50K,3,1248,True,93,7,2156.9414062499995,487.05128528225794
LucidFlex $50K,3,1249,True,92,7,2236.6546875,510.5407438858695
LucidFlex $50K,3,1250,True,89,8,2332.4994140625004,550.3650302844102
LucidFlex $50K,3,1251,True,88,8,2337.5460937499997,557.8234996448863
LucidFlex $50K,3,1252,True,87,8,2416.5580078125004,583.3071053340518
LucidFlex $50K,3,1253,True,86,8,2495.569921875,609.3833530159884
LucidFlex $50K,3,1254,True,85,8,1943.8998046875,480.25759880514704
LucidFlex $50K,3,1255,True,86,5,1154.9250000000002,282.0165697674419
LucidFlex $50K,3,1256,True,85,5,1236.009375,305.3670220588236
LucidFlex $50K,3,1257,True,84,5,1318.4015625000002,329.60039062500005
LucidFlex $50K,3,1258,True,83,5,1384.003125,350.16946536144576
LucidFlex $50K,3,1259,True,82,6,1457.7890625,373.3362233231707
LucidFlex $50K,3,1260,True,81,6,1540.18125,399.30625000000003
LucidFlex $50K,3,1261,True,80,6,1623.90234375,426.274365234375
LucidFlex $50K,3,1262,True,79,6,1708.95234375,454.2784711234177
LucidFlex $50K,3,1263,True,78,6,1792.6734375,482.64284855769233
LucidFlex $50K,3,1264,True,77,6,1875.065625,511.3815340909091
LucidFlex $50K,3,1265,True,76,6,1880.3812500000001,519.5790296052631
LucidFlex $50K,3,1266,True,73,6,1988.9718750000002,572.1699914383562
LucidFlex $50K,3,1267,True,72,6,2067.5460937499997,603.03427734375
LucidFlex $50K,3,1268,True,71,6,1787.33671875,528.6488886443663
LucidFlex $50K,3,1269,True,72,6,1855.74375,541.25859375
LucidFlex $50K,3,1270,True,71,6,1928.83359375,570.5000770246479
LucidFlex $50K,3,1271,True,70,6,1997.81015625,599.343046875
LucidFlex $50K,3,1272,True,69,5,1415.2640625000001,430.7325407608696
LucidFlex $50K,3,1273,True,68,5,1490.9906250000001,460.452987132353
LucidFlex $50K,3,1274,True,67,5,1568.2359375,491.5366371268657
LucidFlex $50K,3,1275,True,64,5,1674.3796875,549.4058349609376
LucidFlex $50K,3,1276,True,65,3,359.1,116.01692307692308
LucidFlex $50K,3,1277,True,64,3,433.51875000000007,142.24833984375002
LucidFlex $50K,3,1278,True,63,3,507.9375,169.3125
LucidFlex $50K,3,1279,True,62,4,583.284375,197.56406249999998
LucidFlex $50K,3,1280,True,61,4,665.55,229.12377049180327
LucidFlex $50K,3,1281,True,60,4,741.4875,259.520625
LucidFlex $50K,3,1282,True,59,4,817.425,290.9478813559322
LucidFlex $50K,3,1283,True,58,4,879.1031250000001,318.2959590517242
LucidFlex $50K,3,1284,True,57,4,958.8375000000001,353.2559210526316
LucidFlex $50K,3,1285,True,56,4,1042.36875,390.88828125000003
LucidFlex $50K,3,1286,True,55,4,1124.634375,429.4058522727273
LucidFlex $50K,3,1287,True,52,4,1234.575,498.5783653846154
LucidFlex $50K,3,1288,True,51,4,1273.89375,524.5444852941176
LucidFlex $50K,3,1289,True,52,4,1385.690625,559.6058293269231
LucidFlex $50K,3,1290,True,51,4,1459.6875,601.0477941176471
LucidFlex $50K,3,1291,True,51,4,1448.9718750000002,596.6354779411766
LucidFlex $50K,3,1292,True,50,4,1435.89375,603.075375
LucidFlex $50K,3,1293,True,49,4,1476.7312499999998,632.8848214285713
LucidFlex $50K,3,1294,True,47,3,804.43125,359.4267287234042
LucidFlex $50K,3,1295,True,46,3,885.9375,404.4497282608695
LucidFlex $50K,3,1296,True,45,3,569.3625000000001,265.70250000000004
LucidFlex $50K,3,1297,True,44,3,649.6875,310.078125
LucidFlex $50K,3,1298,True,44,3,645.3000000000001,307.9840909090909
LucidFlex $50K,3,1299,True,43,3,636.0187500000001,310.61380813953497
LucidFlex $50K,3,1300,True,42,3,676.85625,338.428125
LucidFlex $50K,3,1301,True,38,2,992.9250000000001,548.7217105263159
LucidFlex $50K,3,1302,True,37,2,1038.4875000000002,589.4118243243245
LucidFlex $50K,3,1303,True,37,2,1014.525,575.8114864864865
LucidFlex $50K,3,1304,True,37,2,290.5875,164.92804054054054
LucidFlex $50K,3,1305,True,37,2,286.2,162.43783783783783
LucidFlex $50K,3,1306,True,36,2,275.7375,160.846875
LucidFlex $50K,3,1307,True,35,2,318.9375,191.36249999999998
LucidFlex $50K,3,1308,True,31,1,47.25,32.00806451612903
LucidFlex $50K,3,1309,True,30,1,97.875,68.5125
LucidFlex $50K,3,1310,True,30,1,145.8,102.06
LucidFlex $50K,3,1311,True,30,1,145.8,102.06
LucidFlex $50K,3,1312,True,30,1,142.425,99.6975
LucidFlex $50K,3,1313,True,29,1,135.0,97.75862068965517
LucidFlex $50K,3,1314,True,28,1,178.20000000000002,133.65000000000003
LucidFlex $50K,3,1315,True,28,1,222.75,167.0625
LucidFlex $50K,3,1316,True,23,0,0.0,0.0
LucidFlex $50K,3,1317,True,22,0,0.0,0.0
LucidFlex $50K,3,1318,True,22,0,0.0,0.0
LucidFlex $50K,3,1319,True,22,0,0.0,0.0
LucidFlex $50K,3,1320,True,22,0,0.0,0.0
LucidFlex $50K,3,1321,True,21,0,0.0,0.0
LucidFlex $50K,3,1322,True,20,0,0.0,0.0
LucidFlex $50K,3,1323,True,20,0,0.0,0.0
LucidFlex $50K,3,1324,True,20,0,0.0,0.0
LucidFlex $50K,3,1325,True,20,0,0.0,0.0
LucidFlex $50K,3,1326,True,60,2,121.5,42.525
LucidFlex $50K,3,1327,True,59,2,200.47500000000002,71.35550847457628
LucidFlex $50K,3,1328,True,58,2,279.45000000000005,101.18017241379312
LucidFlex $50K,3,1329,True,57,2,359.4375,132.42434210526315
LucidFlex $50K,3,1330,True,55,2,280.8,107.21454545454546
LucidFlex $50K,3,1331,True,58,4,295.48125000000005,106.9845905172414
LucidFlex $50K,3,1332,True,57,4,230.934375,85.08108552631577
LucidFlex $50K,3,1333,True,56,4,322.059375,120.772265625
LucidFlex $50K,3,1334,True,56,4,409.38750000000005,153.52031250000002
LucidFlex $50K,3,1335,True,55,4,495.45000000000005,189.1718181818182
LucidFlex $50K,3,1336,True,54,4,584.04375,227.128125
LucidFlex $50K,3,1337,True,53,4,672.6374999999999,266.51674528301885
LucidFlex $50K,3,1338,True,52,4,770.0906250000002,310.9981370192308
LucidFlex $50K,3,1339,True,51,4,868.8093749999999,357.7450367647059
LucidFlex $50K,3,1340,True,49,4,1050.975,450.4178571428571
LucidFlex $50K,3,1341,True,49,4,1096.2843750000002,469.83616071428577
LucidFlex $50K,3,1342,True,50,4,1094.934375,459.87243750000005
LucidFlex $50K,3,1343,True,49,4,1175.765625,503.89955357142856
LucidFlex $50K,3,1344,True,50,4,1184.203125,497.3653125
LucidFlex $50K,3,1345,True,44,3,1323.84375,631.8345170454545
LucidFlex $50K,3,1346,True,43,3,204.35625000000002,99.80188953488374
LucidFlex $50K,3,1347,True,39,2,402.975,216.98653846153846
LucidFlex $50K,3,1348,True,41,3,454.6125,232.8503048780488
LucidFlex $50K,3,1349,True,41,3,468.45,239.93780487804878
LucidFlex $50K,3,1350,True,36,1,30.375,17.71875
LucidFlex $50K,3,1351,True,35,1,90.45,54.269999999999996
LucidFlex $50K,3,1352,True,34,1,150.525,92.97132352941176
LucidFlex $50K,3,1353,True,33,1,210.6,134.01818181818183
LucidFlex $50K,3,1354,True,32,1,271.35,178.0734375
LucidFlex $50K,3,1355,True,34,2,305.77500000000003,188.86102941176472
LucidFlex $50K,3,1356,True,34,2,321.97499999999997,198.86691176470586
LucidFlex $50K,3,1357,True,35,2,253.125,151.875
LucidFlex $50K,3,1358,True,36,2,274.05,159.8625
LucidFlex $50K,3,1359,True,26,0,0.0,0.0
LucidFlex $50K,3,1360,True,29,1,54.0,39.10344827586207
LucidFlex $50K,3,1361,True,24,0,0.0,0.0
LucidFlex $50K,3,1362,True,24,0,0.0,0.0
LucidFlex $50K,3,1363,True,25,0,0.0,0.0
LucidFlex $50K,3,1364,True,25,0,0.0,0.0
LucidFlex $50K,3,1365,True,24,0,0.0,0.0
LucidFlex $50K,3,1366,True,23,0,0.0,0.0
LucidFlex $50K,3,1367,True,22,0,0.0,0.0
LucidFlex $50K,3,1368,True,21,0,0.0,0.0
LucidFlex $50K,3,1369,True,20,0,0.0,0.0
LucidFlex $50K,3,1370,True,20,0,0.0,0.0
LucidFlex $50K,3,1371,True,21,0,0.0,0.0
LucidFlex $50K,3,1372,True,22,0,0.0,0.0
LucidFlex $50K,3,1373,True,22,0,0.0,0.0
LucidFlex $50K,3,1374,True,23,0,0.0,0.0
LucidFlex $50K,3,1375,True,23,0,0.0,0.0
LucidFlex $50K,3,1376,True,23,0,0.0,0.0
LucidFlex $50K,3,1377,True,23,0,0.0,0.0
LucidFlex $50K,3,1378,True,23,0,0.0,0.0
LucidFlex $50K,3,1379,True,24,0,0.0,0.0
LucidFlex $50K,3,1380,True,24,0,0.0,0.0
LucidFlex $50K,3,1381,True,24,0,0.0,0.0
LucidFlex $50K,3,1382,True,78,6,3388.874263392857,912.3892247596152
LucidFlex $50K,3,1383,True,77,6,3484.5555133928574,950.3333218344156
LucidFlex $50K,3,1384,True,76,6,3577.5789508928574,988.5415522203948
LucidFlex $50K,3,1385,True,75,6,3670.6023883928574,1027.76866875
LucidFlex $50K,3,1386,True,74,6,3763.6258258928565,1068.055977618243
LucidFlex $50K,3,1387,True,73,6,3861.9648883928567,1110.9762007705478
LucidFlex $50K,3,1388,True,72,6,3956.3172321428565,1153.9258593749998
LucidFlex $50K,3,1389,True,71,6,4048.0117633928567,1197.2992539612674
LucidFlex $50K,3,1390,True,70,6,4145.021919642857,1243.506575892857
LucidFlex $50K,3,1391,True,69,6,4102.863950892857,1248.6977241847826
LucidFlex $50K,3,1392,True,68,6,4190.571763392857,1294.1471622242648
LucidFlex $50K,3,1393,True,67,6,4195.887388392857,1315.1288829291045
LucidFlex $50K,3,1394,True,66,6,4286.253013392858,1363.8077769886365
LucidFlex $50K,3,1395,True,65,6,4376.618638392857,1413.9844831730768
LucidFlex $50K,3,1396,True,64,6,4381.934263392857,1437.8221801757813
LucidFlex $50K,3,1397,True,63,6,4470.970982142857,1490.3236607142856
LucidFlex $50K,3,1398,True,62,6,4558.678794642858,1544.0686239919355
LucidFlex $50K,3,1399,True,61,6,4650.373325892857,1600.948194159836
LucidFlex $50K,3,1400,True,60,6,4743.396763392857,1660.1888671875
LucidFlex $50K,3,1401,True,59,6,4759.006138392858,1693.8835407838988
LucidFlex $50K,3,1402,True,58,5,4924.209375,1782.903394396552
LucidFlex $50K,3,1403,True,57,6,4737.55078125,1745.4134457236842
LucidFlex $50K,3,1404,True,56,5,5032.8,1887.3000000000002
LucidFlex $50K,3,1405,True,55,5,5075.6203125,1937.964119318182
LucidFlex $50K,3,1406,True,54,5,5196.782812499999,2020.9710937499995
LucidFlex $50K,3,1407,True,53,5,2871.6187500000005,1137.811202830189
LucidFlex $50K,3,1408,True,52,5,2887.228125,1165.9959735576922
LucidFlex $50K,3,1409,True,51,4,3218.821875,1325.3972426470589
LucidFlex $50K,3,1410,True,50,4,3285.6468750000004,1379.9716875000001
LucidFlex $50K,3,1411,True,49,4,3348.3375,1435.0017857142857
LucidFlex $50K,3,1412,True,48,4,2220.665625,971.5412109375001
LucidFlex $50K,3,1413,True,47,4,2370.6,1059.2042553191488
LucidFlex $50K,3,1414,True,46,4,2403.421875,1097.2143342391303
LucidFlex $50K,3,1415,True,45,4,2439.95625,1138.64625
LucidFlex $50K,3,1416,True,28,2,591.3,443.47499999999997
LucidFlex $50K,3,1417,True,43,3,877.1625,428.3816860465117
LucidFlex $50K,3,1418,True,42,3,974.0250000000001,487.01250000000005
LucidFlex $50K,3,1419,True,41,3,1022.1187500000001,523.5242378048781
LucidFlex $50K,3,1420,True,20,0,0.0,0.0
LucidFlex $50K,3,1421,True,20,0,0.0,0.0
LucidFlex $50K,3,1422,True,20,0,0.0,0.0
LucidFlex $50K,3,1423,True,20,0,0.0,0.0
LucidFlex $50K,3,1424,True,20,1,22.275000000000002,23.388750000000005
LucidFlex $50K,3,1425,True,19,1,116.775,129.0671052631579
LucidFlex $50K,3,1426,True,34,2,387.7875,239.51580882352943
LucidFlex $50K,3,1427,True,33,2,489.71250000000003,311.6352272727273
LucidFlex $50K,3,1428,True,32,2,596.0250000000001,391.1414062500001
LucidFlex $50K,3,1429,True,31,2,698.2875,473.03346774193545
LucidFlex $50K,3,1430,True,30,2,796.8375000000001,557.78625
LucidFlex $50K,3,1431,True,29,2,759.375,549.8922413793103
LucidFlex $50K,3,1432,True,11,0,0.0,0.0
LucidFlex $50K,3,1433,True,27,1,208.57500000000002,162.225
LucidFlex $50K,3,1434,True,26,1,296.325,239.33942307692305
LucidFlex $50K,3,1435,True,25,1,383.40000000000003,322.05600000000004
LucidFlex $50K,3,1436,True,24,1,466.425,408.12187500000005
LucidFlex $50K,3,1437,True,23,1,546.75,499.2065217391304
LucidFlex $50K,3,1438,True,22,1,629.775,601.1488636363636
LucidFlex $50K,3,1439,True,106,11,5946.428242761948,1178.0659726226502
LucidFlex $50K,3,1440,True,105,11,6105.575313074448,1221.1150626148897
LucidFlex $50K,3,1441,True,104,11,6262.0243609260115,1264.4472267254446
LucidFlex $50K,3,1442,True,103,11,6417.122090418198,1308.3452805707004
LucidFlex $50K,3,1443,True,96,11,6780.448052619486,1483.2230115105126
LucidFlex $50K,3,1444,True,101,12,6725.521943933823,1398.3758497288147
LucidFlex $50K,3,1445,True,13,0,0.0,0.0
LucidFlex $50K,3,1446,True,14,0,0.0,0.0
LucidFlex $50K,3,1447,True,98,10,4834.895723230698,1036.0490835494354
LucidFlex $50K,3,1448,True,97,10,4987.296748621323,1079.7240383613175
LucidFlex $50K,3,1449,True,96,10,5143.743818933824,1125.193960391774
LucidFlex $50K,3,1450,True,95,10,5297.094063074448,1170.9365823638254
LucidFlex $50K,3,1451,True,94,10,5448.146406824449,1217.139090886313
LucidFlex $50K,3,1452,True,93,10,5611.336885340074,1267.0760708832424
LucidFlex $50K,3,1453,True,92,10,5773.178682215074,1317.7907861577885
LucidFlex $50K,3,1454,True,85,10,6135.15464441636,1515.7440886205125
LucidFlex $50K,3,1455,True,84,10,6286.20698816636,1571.55174704159
LucidFlex $50K,3,1456,True,83,10,6360.561138556986,1609.298601321647
LucidFlex $50K,3,1457,True,88,10,6234.827266199448,1487.8565067066863
LucidFlex $50K,3,1458,True,87,10,6386.853877527573,1541.6543842307933
LucidFlex $50K,3,1459,True,86,10,6391.443086511948,1560.7012187994294
LucidFlex $50K,3,1460,True,85,10,6532.355928308823,1613.8761705233564
LucidFlex $50K,3,1461,True,84,10,5950.687861902574,1487.6719654756434
LucidFlex $50K,3,1462,True,83,9,5225.613936121323,1322.1432850427443
LucidFlex $50K,3,1463,True,82,9,5357.402412683823,1372.0176910531743
LucidFlex $50K,3,1464,True,81,8,4302.240303308823,1115.3956341911764
LucidFlex $50K,3,1465,True,80,9,4436.660225183824,1164.6233091107538
LucidFlex $50K,3,1466,True,79,9,4569.374190027574,1214.6437720326462
LucidFlex $50K,3,1467,True,78,9,4574.070186121323,1231.4804347249715
LucidFlex $50K,3,1468,True,77,9,4701.808662683823,1282.3114534592246
LucidFlex $50K,3,1469,True,70,6,3982.8920955882354,1194.8676286764705
LucidFlex $50K,3,1470,True,69,6,4110.467095588236,1251.0117247442456
LucidFlex $50K,3,1471,True,68,6,4236.713189338236,1308.396720236808
LucidFlex $50K,3,1472,True,73,8,4221.082100183823,1214.2838918337025
LucidFlex $50K,3,1473,True,72,8,4341.669795496323,1266.3203570197609
LucidFlex $50K,3,1474,True,71,8,4460.891670496324,1319.4186631045466
LucidFlex $50K,3,1475,True,70,8,4583.240693933823,1374.972208180147
LucidFlex $50K,3,1476,True,63,7,4912.061236213236,1637.353745404412
LucidFlex $50K,3,1477,True,62,7,4955.429986213236,1678.452092104483
LucidFlex $50K,3,1478,True,63,7,4882.845772058823,1627.615257352941
LucidFlex $50K,3,1479,True,66,7,4218.392647058824,1342.2158422459895
LucidFlex $50K,3,1480,True,65,7,4329.567256433824,1398.7832674632352
LucidFlex $50K,3,1481,True,64,7,4446.099678308824,1458.876456945083
LucidFlex $50K,3,1482,True,63,7,4451.457490808823,1483.8191636029412
LucidFlex $50K,3,1483,True,56,6,4776.7764705882355,1791.2911764705884
LucidFlex $50K,3,1484,True,55,6,4814.787408088236,1838.3733739973263
LucidFlex $50K,3,1485,True,56,6,4852.038350183823,1819.5143813189338
LucidFlex $50K,3,1486,True,56,6,4982.313350183823,1868.3675063189337
LucidFlex $50K,3,1487,True,56,6,4756.399287683823,1783.6497328814337
LucidFlex $50K,3,1488,True,56,6,5015.746943933824,1880.905103975184
LucidFlex $50K,3,1489,True,56,6,4192.943037683824,1572.353639131434
LucidFlex $50K,3,1490,True,49,5,4520.297564338236,1937.2703847163868
LucidFlex $50K,3,1491,True,48,5,3484.5522518382354,1524.491610179228
LucidFlex $50K,3,1492,True,49,5,3533.7633501838236,1514.4700072216385
LucidFlex $50K,3,1493,True,49,5,3291.9446001838232,1410.8334000787813
LucidFlex $50K,3,1494,True,49,5,3323.8383501838234,1424.5021500787814
LucidFlex $50K,3,1495,True,49,5,3581.8571001838236,1535.0816143644956
LucidFlex $50K,3,1496,True,49,5,3563.041475183824,1527.0177750787816
LucidFlex $50K,3,1497,True,42,4,2528.499126838235,1264.2495634191175
LucidFlex $50K,3,1498,True,41,4,2558.6210018382353,1310.5131960634865
LucidFlex $50K,3,1499,True,39,3,1347.6710018382353,725.669000989819
LucidFlex $50K,3,1500,True,38,3,1352.3960018382354,747.3767378579722
LucidFlex $50K,3,1501,True,37,3,1357.1210018382353,770.2578659081877
LucidFlex $50K,3,1502,True,41,4,1435.7367876838234,735.3773790575681
LucidFlex $50K,3,1503,True,35,3,1424.4522518382353,854.6713511029411
LucidFlex $50K,3,1504,True,35,3,1788.1085018382355,1072.8651011029413
LucidFlex $50K,3,1505,True,34,3,1353.7460018382353,836.1372364294982
LucidFlex $50K,3,1506,True,35,3,1242.50625,745.50375
LucidFlex $50K,3,1507,True,35,3,1363.5,818.0999999999999
LucidFlex $50K,3,1508,True,30,2,972.3375000000001,680.63625
LucidFlex $50K,3,1509,True,29,2,1027.0125,743.6987068965518
LucidFlex $50K,3,1510,True,28,2,1014.8625,761.146875
LucidFlex $50K,3,1511,True,28,2,626.0625,469.546875
LucidFlex $50K,3,1512,True,27,2,607.5,472.49999999999994
LucidFlex $50K,3,1513,True,28,2,582.1875,436.640625
LucidFlex $50K,3,1514,True,24,1,16.2,14.175
LucidFlex $50K,3,1515,True,23,1,70.2,64.09565217391304
LucidFlex $50K,3,1516,True,22,1,122.85000000000001,117.26590909090909
LucidFlex $50K,3,1517,True,21,1,108.675,108.675
LucidFlex $50K,3,1518,True,21,1,355.725,355.725
LucidFlex $50K,3,1519,True,20,1,340.2,357.21
LucidFlex $50K,3,1520,True,21,1,332.1,332.1
LucidFlex $50K,3,1521,True,21,1,324.675,324.675
LucidFlex $50K,3,1522,True,21,1,321.3,321.3
LucidFlex $50K,3,1523,True,15,0,0.0,0.0
LucidFlex $50K,3,1524,True,14,0,0.0,0.0
LucidFlex $50K,3,1525,True,13,0,0.0,0.0
LucidFlex $50K,3,1526,True,13,0,0.0,0.0
LucidFlex $50K,3,1527,True,12,0,0.0,0.0
LucidFlex $50K,3,1528,True,13,0,0.0,0.0
LucidFlex $50K,3,1529,True,13,0,0.0,0.0
LucidFlex $50K,3,1530,True,13,0,0.0,0.0
LucidFlex $50K,3,1531,True,13,0,0.0,0.0
LucidFlex $50K,3,1532,True,13,0,0.0,0.0
LucidFlex $50K,3,1533,True,13,0,0.0,0.0
LucidFlex $50K,3,1534,True,13,0,0.0,0.0
LucidFlex $50K,3,1535,True,13,0,0.0,0.0
LucidFlex $50K,3,1536,True,13,0,0.0,0.0
LucidFlex $50K,3,1537,True,34,0,0.0,0.0
LucidFlex $50K,3,1538,True,34,1,20.925,12.924264705882353
LucidFlex $50K,3,1539,True,33,1,97.875,62.284090909090914
LucidFlex $50K,3,1540,True,32,1,100.575,66.00234375000001
LucidFlex $50K,3,1541,True,32,1,174.15,114.28593750000002
LucidFlex $50K,3,1542,True,31,2,205.53750000000002,139.2350806451613
LucidFlex $50K,3,1543,True,30,2,311.85,218.29500000000002
LucidFlex $50K,3,1544,True,30,2,307.46250000000003,215.22375000000002
LucidFlex $50K,3,1545,True,29,2,317.25,229.73275862068965
LucidFlex $50K,3,1546,True,29,2,426.6,308.9172413793104
LucidFlex $50K,3,1547,True,28,2,442.8,332.1
LucidFlex $50K,3,1548,True,28,2,460.35,345.26250000000005
LucidFlex $50K,3,1549,True,27,2,797.85,620.55
LucidFlex $50K,3,1550,True,23,1,121.5,110.93478260869564
LucidFlex $50K,3,1551,True,23,1,128.25,117.09782608695652
LucidFlex $50K,3,1552,True,22,1,137.025,130.7965909090909
LucidFlex $50K,3,1553,True,22,1,238.275,227.44431818181818
LucidFlex $50K,3,1554,True,21,1,250.425,250.425
LucidFlex $50K,3,1555,True,21,1,263.925,263.925
LucidFlex $50K,3,1556,True,16,0,0.0,0.0
LucidFlex $50K,3,1557,True,16,0,0.0,0.0
LucidFlex $50K,3,1558,True,15,0,0.0,0.0
LucidFlex $50K,3,1559,True,15,0,0.0,0.0
LucidFlex $50K,3,1560,True,14,0,0.0,0.0
LucidFlex $50K,3,1561,True,14,0,0.0,0.0
LucidFlex $50K,3,1562,True,13,0,0.0,0.0
LucidFlex $50K,3,1563,True,13,0,0.0,0.0
LucidFlex $50K,3,1564,True,12,0,0.0,0.0
LucidFlex $50K,3,1565,True,13,0,0.0,0.0
LucidFlex $50K,3,1566,True,13,0,0.0,0.0
LucidFlex $50K,3,1567,True,12,0,0.0,0.0
LucidFlex $50K,3,1568,True,36,3,1241.325,724.10625
LucidFlex $50K,3,1569,True,35,3,1246.0500000000002,747.6300000000001
LucidFlex $50K,3,1570,True,34,3,1391.34375,859.359375
LucidFlex $50K,3,1571,True,33,3,1541.3625000000002,980.8670454545456
LucidFlex $50K,3,1572,True,32,3,1694.9250000000002,1112.29453125
LucidFlex $50K,3,1573,True,31,3,1855.575,1257.0024193548386
LucidFlex $50K,3,1574,True,30,3,2016.2250000000001,1411.3575
LucidFlex $50K,3,1575,True,29,3,2191.05,1586.6224137931035
LucidFlex $50K,3,1576,True,28,3,2364.6937500000004,1773.5203125000003
LucidFlex $50K,3,1577,True,28,3,2619.50625,1964.6296875
LucidFlex $50K,3,1578,True,27,3,2555.5499999999997,1987.6499999999996
LucidFlex $50K,3,1579,True,21,2,2522.1375000000003,2522.1375000000003
LucidFlex $50K,3,1580,True,21,2,1922.0625,1922.0625
LucidFlex $50K,3,1581,True,21,2,2446.5375000000004,2446.5375000000004
LucidFlex $50K,3,1582,True,21,2,2266.65,2266.65
LucidFlex $50K,3,1583,True,21,2,974.3625,974.3625
LucidFlex $50K,3,1584,True,16,1,1453.275,1907.4234375000003
LucidFlex $50K,3,1585,True,15,1,1453.95,2035.53
LucidFlex $50K,3,1586,True,14,1,1441.8,2162.7000000000003
LucidFlex $50K,3,1587,True,14,1,1528.2,2292.3
LucidFlex $50K,3,1588,True,14,1,382.05,573.075
LucidFlex $50K,3,1589,True,14,1,330.75,496.125
LucidFlex $50K,3,1590,True,14,1,260.55,390.82500000000005
LucidFlex $50K,3,1591,True,8,0,0.0,0.0
LucidFlex $50K,3,1592,True,8,0,0.0,0.0
LucidFlex $50K,3,1593,True,7,0,0.0,0.0
LucidFlex $50K,3,1594,True,6,0,0.0,0.0
LucidFlex $50K,3,1595,True,6,0,0.0,0.0
LucidFlex $50K,3,1596,True,6,0,0.0,0.0
LucidFlex $50K,3,1597,True,6,0,0.0,0.0
LucidFlex $50K,3,1598,True,6,0,0.0,0.0
LucidFlex $50K,3,1599,True,6,0,0.0,0.0
LucidFlex $50K,3,1600,True,17,1,264.6,326.8588235294118
LucidFlex $50K,3,1601,True,16,1,279.45,366.778125
LucidFlex $50K,3,1602,True,16,1,901.125,1182.7265625
LucidFlex $50K,3,1603,True,164,13,3442.7849304199217,440.84441182206314
LucidFlex $50K,3,1604,True,163,13,3742.4167053222654,482.1518454709667
LucidFlex $50K,3,1605,True,162,14,4039.369491577148,523.621971130371
LucidFlex $50K,3,1606,True,11,0,0.0,0.0
LucidFlex $50K,3,1607,True,10,0,0.0,0.0
LucidFlex $50K,3,1608,True,9,0,0.0,0.0
LucidFlex $50K,3,1609,True,8,0,0.0,0.0
LucidFlex $50K,3,1610,True,8,0,0.0,0.0
LucidFlex $50K,3,1611,True,54,2,356.0625,138.46875
LucidFlex $50K,3,1612,True,53,2,548.4375,217.3054245283019
LucidFlex $50K,3,1613,True,94,3,762.4125,170.32619680851064
LucidFlex $50K,3,1614,True,93,3,971.49375,219.36955645161288
LucidFlex $50K,3,1615,True,92,3,1172.30625,267.5916440217391
LucidFlex $50K,3,1616,True,151,10,3058.7466796875,425.38861108236756
LucidFlex $50K,3,1617,True,150,10,3278.397216796875,458.97561035156247
LucidFlex $50K,3,1618,True,149,10,3490.597705078125,491.9634349438968
LucidFlex $50K,3,1619,True,148,9,2237.4826171875,317.4806416279561
LucidFlex $50K,3,1620,True,87,3,878.1750000000001,211.97327586206896
LucidFlex $50K,3,1621,True,146,9,2663.55,383.11335616438356
LucidFlex $50K,3,1622,True,145,9,2863.37900390625,414.69626953125
LucidFlex $50K,3,1623,True,52,1,209.925,84.77740384615385
LucidFlex $50K,3,1624,True,41,1,91.125,46.673780487804876
LucidFlex $50K,3,1625,True,40,1,11.475,6.024375
LucidFlex $50K,3,1626,True,141,8,1760.516015625,262.2045129654255
LucidFlex $50K,3,1627,True,48,1,487.35,213.21562500000002
LucidFlex $50K,3,1628,True,79,2,517.05,137.44367088607595
LucidFlex $50K,3,1629,True,138,8,2285.36015625,347.77219769021735
LucidFlex $50K,3,1630,True,137,9,2453.39296875,376.0675353558394
LucidFlex $50K,3,1631,True,34,0,0.0,0.0
LucidFlex $50K,3,1632,True,33,0,0.0,0.0
LucidFlex $50K,3,1633,True,134,7,1717.484765625,269.1580602845149
LucidFlex $50K,3,1634,True,31,0,0.0,0.0
LucidFlex $50K,3,1635,True,40,0,0.0,0.0
LucidFlex $50K,3,1636,True,41,0,0.0,0.0
LucidFlex $50K,3,1637,True,59,0,0.0,0.0
LucidFlex $50K,3,1638,True,69,0,0.0,0.0
LucidFlex $50K,3,1639,True,128,7,1717.969921875,281.8544403076172
LucidFlex $50K,3,1640,True,127,8,1859.298046875,307.442984128937
LucidFlex $50K,3,1641,True,126,9,1997.73369140625,332.955615234375
LucidFlex $50K,3,1642,True,125,9,2131.7317382812503,358.13093203125004
LucidFlex $50K,3,1643,True,64,0,0.0,0.0
LucidFlex $50K,3,1644,True,123,6,1712.390625,292.359375
LucidFlex $50K,3,1645,True,122,7,1845.72421875,317.706627817623
LucidFlex $50K,3,1646,True,121,6,1684.48359375,292.348392303719
LucidFlex $50K,3,1647,True,120,7,1813.5773437500002,317.37603515625
LucidFlex $50K,3,1648,True,119,8,1947.88125,343.74375
LucidFlex $50K,3,1649,True,118,8,2081.879296875,370.50394266419494
LucidFlex $50K,3,1650,True,117,8,2218.5720703125,398.20524338942306
LucidFlex $50K,3,1651,True,117,10,2234.4912597656253,401.0625338040866
LucidFlex $50K,3,1652,True,116,10,2363.85263671875,427.9388394059806
LucidFlex $50K,3,1653,True,115,10,2491.8692871093754,455.03700025475547
LucidFlex $50K,3,1654,True,114,10,2617.2914062500004,482.1326274671053
LucidFlex $50K,3,1655,True,112,6,1789.4671875,335.52509765625
LucidFlex $50K,3,1656,True,111,7,1909.7542968750004,361.30486697635143
LucidFlex $50K,3,1657,True,110,7,2028.965625,387.34798295454544
LucidFlex $50K,3,1658,True,109,7,2146.8375,413.6108944954128
LucidFlex $50K,3,1659,True,109,9,2145.3662109375,413.3274351347477
LucidFlex $50K,3,1660,True,108,9,2255.8500000000004,438.63750000000005
LucidFlex $50K,3,1661,True,107,9,2261.2394531249997,443.7946590245327
LucidFlex $50K,3,1662,True,106,9,2369.0285156249997,469.3358380011792
LucidFlex $50K,3,1663,True,105,9,2474.1228515625003,494.82457031250004
LucidFlex $50K,3,1664,True,104,10,2577.6747070312495,520.4920081505408
LucidFlex $50K,3,1665,True,103,10,2680.17451171875,546.4433470494539
LucidFlex $50K,3,1666,True,102,11,2783.5398193359374,573.0817275103401
LucidFlex $50K,3,1667,True,101,9,2676.2273437500003,556.4433090965348
LucidFlex $50K,3,1668,True,100,9,2441.7861328125,512.7750878906251
LucidFlex $50K,3,1669,True,99,9,2540.14365234375,538.8183504971591
LucidFlex $50K,3,1670,True,98,9,2638.5011718749997,565.3931082589285
LucidFlex $50K,3,1671,True,97,9,2735.511328125,592.2241019652063
LucidFlex $50K,3,1672,True,96,9,2531.8195312499997,553.8355224609375
LucidFlex $50K,3,1673,True,95,10,2622.96826171875,579.8140368009869
LucidFlex $50K,3,1674,True,94,10,2711.6582519531253,605.7959924576131
LucidFlex $50K,3,1675,True,93,8,2802.8373046875004,632.8987462197581
LucidFlex $50K,3,1676,True,92,9,2892.8126953125,660.3159413213315
LucidFlex $50K,3,1677,True,91,9,2989.6013671875,689.9080078125
LucidFlex $50K,3,1678,True,90,8,2094.1664062500004,488.6388281250001
LucidFlex $50K,3,1679,True,89,8,2205.7576171875,520.4596624824437
LucidFlex $50K,3,1680,True,88,8,2318.2875,553.2276988636363
LucidFlex $50K,3,1681,True,87,9,2432.48115234375,587.1506229795259
LucidFlex $50K,3,1682,True,85,6,1822.68984375,450.3116084558823
LucidFlex $50K,3,1683,True,84,6,1936.97578125,484.2439453125
LucidFlex $50K,3,1684,True,83,6,2048.6039062500004,518.3214702560242
LucidFlex $50K,3,1685,True,83,7,2048.4457031250004,518.2814429593374
LucidFlex $50K,3,1686,True,82,7,2053.803515625,525.9740710746951
LucidFlex $50K,3,1687,True,81,7,2162.2992187500004,560.5960937500001
LucidFlex $50K,3,1688,True,80,7,2269.4554687500004,595.7320605468751
LucidFlex $50K,3,1689,True,79,8,2372.994140625,630.7959107990506
LucidFlex $50K,3,1690,True,78,8,2480.572265625,667.8463792067307
LucidFlex $50K,3,1691,True,76,8,2701.62421875,746.5014288651316
LucidFlex $50K,3,1692,True,75,8,2813.2154296875,787.7003203125
LucidFlex $50K,3,1693,True,74,8,2929.7689453125004,831.4209169130069
LucidFlex $50K,3,1694,True,70,8,3272.6267578125003,981.7880273437501
LucidFlex $50K,3,1695,True,72,8,3152.1076171875,919.3647216796876
LucidFlex $50K,3,1696,True,71,8,3256.81171875,963.2823393485916
LucidFlex $50K,3,1697,True,71,7,2270.794921875,671.6435684419014
LucidFlex $50K,3,1698,True,70,7,2381.96953125,714.5908593749999
LucidFlex $50K,3,1699,True,69,7,2387.32734375,726.5778872282609
LucidFlex $50K,3,1700,True,67,7,2608.379296875,817.5517199160447
LucidFlex $50K,3,1701,True,66,7,2720.893359375,865.7387961647727
LucidFlex $50K,3,1702,True,65,7,2833.407421875,915.4085516826923
LucidFlex $50K,3,1703,True,64,7,2947.524609375,967.156512451172
LucidFlex $50K,3,1704,True,63,7,3057.6234375,1019.2078124999999
LucidFlex $50K,3,1705,True,62,7,3166.9207031250003,1072.6666897681453
LucidFlex $50K,3,1706,True,62,7,3198.7195312500003,1083.4372605846775
LucidFlex $50K,3,1707,True,61,7,3276.7242187500005,1128.0525998975413
LucidFlex $50K,3,1708,True,56,6,3030.2648437499997,1136.34931640625
LucidFlex $50K,3,1709,True,58,6,2558.81953125,926.4691406250001
LucidFlex $50K,3,1710,True,57,6,2654.184375,977.8574013157894
LucidFlex $50K,3,1711,True,56,6,2752.2281250000005,1032.0855468750003
LucidFlex $50K,3,1712,True,55,6,2854.828125,1090.025284090909
LucidFlex $50K,3,1713,True,55,6,2879.9296875,1099.6095170454546
LucidFlex $50K,3,1714,True,54,6,1996.20703125,776.3027343749999
LucidFlex $50K,3,1715,True,52,5,1576.8421875,636.8016526442307
LucidFlex $50K,3,1716,True,51,5,1582.0734375000002,651.4420036764707
LucidFlex $50K,3,1717,True,50,5,1684.0828125000003,707.3147812500001
LucidFlex $50K,3,1718,True,49,5,1784.7843750000002,764.9075892857143
LucidFlex $50K,3,1719,True,48,5,1887.384375,825.7306640625001
LucidFlex $50K,3,1720,True,48,5,1912.4859375000003,836.7125976562502
LucidFlex $50K,3,1721,True,47,5,1883.25,841.4521276595744
LucidFlex $50K,3,1722,True,42,4,2321.6625,1160.83125
LucidFlex $50K,3,1723,True,42,4,2352.290625,1176.1453125
LucidFlex $50K,3,1724,True,41,4,2394.0562499999996,1226.223932926829
LucidFlex $50K,3,1725,True,42,4,1214.578125,607.2890625
LucidFlex $50K,3,1726,True,38,3,1432.6875,791.7483552631579
LucidFlex $50K,3,1727,True,37,3,1523.6437500000002,864.7707770270272
LucidFlex $50K,3,1728,True,36,3,1633.5,952.875
LucidFlex $50K,3,1729,True,35,3,1638.225,982.935
LucidFlex $50K,3,1730,True,35,3,1703.025,1021.815
LucidFlex $50K,3,1731,True,34,3,1781.4937499999999,1100.334375
LucidFlex $50K,3,1732,True,35,3,1852.36875,1111.42125
LucidFlex $50K,3,1733,True,34,3,1208.25,746.2720588235294
LucidFlex $50K,3,1734,True,34,3,1278.95625,789.9435661764705
LucidFlex $50K,3,1735,True,33,3,1382.56875,879.8164772727272
LucidFlex $50K,3,1736,True,28,2,695.5875,521.6906250000001
LucidFlex $50K,3,1737,True,28,2,767.4750000000001,575.6062500000002
LucidFlex $50K,3,1738,True,26,1,256.5,207.1730769230769
LucidFlex $50K,3,1739,True,27,2,265.95,206.84999999999997
LucidFlex $50K,3,1740,True,24,1,326.7,285.8625
LucidFlex $50K,3,1741,True,26,2,351.675,284.04519230769233
LucidFlex $50K,3,1742,True,20,0,0.0,0.0
LucidFlex $50K,3,1743,True,19,0,0.0,0.0
LucidFlex $50K,3,1744,True,19,0,0.0,0.0
LucidFlex $50K,3,1745,True,18,0,0.0,0.0
LucidFlex $50K,3,1746,True,18,0,0.0,0.0
LucidFlex $50K,3,1747,True,17,0,0.0,0.0
LucidFlex $50K,3,1748,True,16,0,0.0,0.0
LucidFlex $50K,3,1749,True,15,0,0.0,0.0
LucidFlex $50K,3,1750,True,14,0,0.0,0.0
LucidFlex $50K,3,1751,True,13,0,0.0,0.0
LucidFlex $50K,3,1752,True,13,0,0.0,0.0
LucidFlex $50K,3,1753,True,12,0,0.0,0.0
LucidFlex $50K,3,1754,True,13,0,0.0,0.0
LucidFlex $50K,3,1755,True,12,0,0.0,0.0
LucidFlex $50K,3,1756,True,12,0,0.0,0.0
LucidFlex $50K,3,1757,True,12,0,0.0,0.0
LucidFlex $50K,3,1758,True,12,0,0.0,0.0
LucidFlex $50K,3,1759,True,11,0,0.0,0.0
LucidFlex $50K,3,1760,True,169,21,16720.427747699632,2077.686288175694
LucidFlex $50K,3,1761,True,168,21,16778.884346331364,2097.3605432914205
LucidFlex $50K,3,1762,True,167,21,16974.63425299049,2134.534846184433
LucidFlex $50K,3,1763,True,166,21,17163.634162868268,2171.303116989359
LucidFlex $50K,3,1764,True,165,21,17347.234075320965,2207.8297914044865
LucidFlex $50K,3,1765,True,164,21,17520.014435757403,2243.4164826274723
LucidFlex $50K,3,1766,True,163,21,17688.751971210248,2278.9189656160443
LucidFlex $50K,3,1767,True,162,21,17852.02287479759,2314.1511133996873
LucidFlex $50K,3,1768,True,161,21,18012.500898422008,2349.4566389246097
LucidFlex $50K,3,1769,True,160,20,18168.06723579288,2384.558824697816
LucidFlex $50K,3,1770,True,159,20,18323.36464909435,2420.067029125669
LucidFlex $50K,3,1771,True,158,20,16473.784491814382,2189.5536349879876
LucidFlex $50K,3,1772,True,157,20,16634.414858044394,2224.98542687218
LucidFlex $50K,3,1773,True,156,20,16796.402396715883,2261.0541687886766
LucidFlex $50K,3,1774,True,155,19,14059.87827504993,1904.8867340390227
LucidFlex $50K,3,1775,True,154,19,14223.227963484533,1939.531085929709
LucidFlex $50K,3,1776,True,153,19,14390.627394427065,1975.184152176264
LucidFlex $50K,3,1777,True,152,19,14558.026815069918,2011.3063362925543
LucidFlex $50K,3,1778,True,151,19,14720.117078913456,2047.1686003786924
LucidFlex $50K,3,1779,True,150,19,14867.266543329963,2081.417316066195
LucidFlex $50K,3,1780,True,149,19,15009.004101313358,2115.3629941448357
LucidFlex $50K,3,1781,True,148,19,15145.273647917513,2148.991531123431
LucidFlex $50K,3,1782,True,147,18,14011.278367747074,2001.6111953924392
LucidFlex $50K,3,1783,True,146,18,14142.227868212469,2034.15606323604
LucidFlex $50K,3,1784,True,145,18,14278.577348078496,2067.9318917906785
LucidFlex $50K,3,1785,True,144,18,14414.926827944522,2102.176829075243
LucidFlex $50K,3,1786,True,143,18,14548.576318110234,2136.504214547657
LucidFlex $50K,3,1787,True,142,18,14679.525308741335,2170.9157146730145
LucidFlex $50K,3,1788,True,141,18,14809.124289072759,2205.614255819347
LucidFlex $50K,3,1789,True,140,18,14291.90237192035,2143.7853557880526
LucidFlex $50K,3,1790,True,139,17,14423.170240725285,2179.0401083110146
LucidFlex $50K,3,1791,True,138,17,14551.467732561832,2214.3537853898442
LucidFlex $50K,3,1792,True,137,17,14685.035716189152,2250.9908762041764
LucidFlex $50K,3,1793,True,136,17,13955.928578890567,2154.9595599757495
LucidFlex $50K,3,1794,True,135,17,14089.577559221989,2191.712064767865
LucidFlex $50K,3,1795,True,134,17,14227.276508654362,2229.647811057773
LucidFlex $50K,3,1796,True,133,17,14232.502598513373,2247.2372523968484
LucidFlex $50K,3,1797,True,132,16,14377.270590914493,2287.2930485545785
LucidFlex $50K,3,1798,True,131,16,14517.717990053898,2327.267769397953
LucidFlex $50K,3,1799,True,130,16,14118.04004205585,2280.6064683320988
LucidFlex $50K,3,1800,True,129,16,14254.367135561712,2320.478370905395
LucidFlex $50K,3,1801,True,128,16,14389.35469354511,2360.753504409745
LucidFlex $50K,3,1802,True,127,16,13823.629588259464,2285.7970185310924
LucidFlex $50K,3,1803,True,126,16,13965.20463785053,2327.5341063084215
LucidFlex $50K,3,1804,True,125,15,12788.344836367372,2148.4419325097183
LucidFlex $50K,3,1805,True,124,15,10473.179705752138,1773.68365984512
LucidFlex $50K,3,1806,True,123,15,10629.693270815616,1814.8256803831541
LucidFlex $50K,3,1807,True,122,15,10795.719911135438,1858.2796568347887
LucidFlex $50K,3,1808,True,121,15,10963.106974734075,1902.687987350542
LucidFlex $50K,3,1809,True,120,15,11137.17058099628,1949.004851674349
LucidFlex $50K,3,1810,True,119,15,11312.495115603211,1996.32266745939
LucidFlex $50K,3,1811,True,118,14,11481.584716738469,2043.3328733178632
LucidFlex $50K,3,1812,True,117,14,8545.43853753925,1533.796660583968
LucidFlex $50K,3,1813,True,116,14,8723.551443423039,1579.263623378309
LucidFlex $50K,3,1814,True,115,14,8901.727712954289,1625.532886713392
LucidFlex $50K,3,1815,True,28,2,1388.1375,1041.103125
LucidFlex $50K,3,1816,True,27,2,1379.025,1072.575
LucidFlex $50K,3,1817,True,26,2,1372.6125000000002,1108.6485576923078
LucidFlex $50K,3,1818,True,111,13,7960.999609316594,1506.1350612220583
LucidFlex $50K,3,1819,True,110,13,8126.96408075214,1551.5113245072266
LucidFlex $50K,3,1820,True,109,13,8292.927728213077,1597.7200210318772
LucidFlex $50K,3,1821,True,108,12,7426.402575625187,1444.0227230382307
LucidFlex $50K,3,1822,True,17,0,0.0,0.0
LucidFlex $50K,3,1823,True,17,0,0.0,0.0
LucidFlex $50K,3,1824,True,17,0,0.0,0.0
LucidFlex $50K,3,1825,True,17,0,0.0,0.0
LucidFlex $50K,3,1826,True,17,0,0.0,0.0
LucidFlex $50K,3,1827,True,16,0,0.0,0.0
LucidFlex $50K,3,1828,True,15,0,0.0,0.0
LucidFlex $50K,3,1829,True,14,0,0.0,0.0
LucidFlex $50K,3,1830,True,13,0,0.0,0.0
LucidFlex $50K,3,1831,True,12,0,0.0,0.0
LucidFlex $50K,3,1832,True,11,0,0.0,0.0
LucidFlex $50K,3,1833,True,96,10,7203.666418398624,1575.802029024699
LucidFlex $50K,3,1834,True,95,11,7385.824133242375,1632.655861032525
LucidFlex $50K,3,1835,True,94,11,7566.635803164249,1690.4186368771195
LucidFlex $50K,3,1836,True,93,11,7740.700768984562,1747.9001736416753
LucidFlex $50K,3,1837,True,92,11,7914.765734804874,1806.6313090315473
LucidFlex $50K,3,1838,True,91,11,8087.391052187687,1866.3210120433125
LucidFlex $50K,3,1839,True,90,11,8265.40845941425,1928.5953071966583
LucidFlex $50K,3,1840,True,89,11,8446.124548281437,1992.9057922911256
LucidFlex $50K,3,1841,True,88,11,8623.610656679875,2057.9070885258793
LucidFlex $50K,3,1842,True,87,11,8787.93228753925,2121.2250349232672
LucidFlex $50K,3,1843,False,108,14,10663.17076690528,2073.3943157871377
LucidFlex $50K,3,1844,True,85,10,7210.409826601749,1781.395368925138
LucidFlex $50K,3,1845,True,84,10,7395.179211367374,1848.7948028418434
LucidFlex $50K,3,1846,True,83,10,7590.738049257999,1920.548181137566
LucidFlex $50K,3,1847,True,82,10,7786.296887148624,1994.0516418307452
LucidFlex $50K,3,1848,True,81,10,7984.02310785175,2069.9319168504535
LucidFlex $50K,3,1849,True,80,10,8168.887414492374,2144.3329463042483
LucidFlex $50K,3,1850,False,101,13,9418.546737364262,1958.311697867817
LucidFlex $50K,3,1851,False,100,13,9591.322018125982,2014.1776238064563
LucidFlex $50K,3,1852,True,77,9,7960.999765438099,2171.1817542103904
LucidFlex $50K,3,1853,True,65,8,7909.258806818181,2555.2989991258737
LucidFlex $50K,3,1854,True,75,8,6804.583215273624,1905.2833002766147
LucidFlex $50K,3,1855,True,74,8,6992.844934023624,1984.455994790488
LucidFlex $50K,3,1856,True,62,7,6769.721697443181,2292.970252359787
LucidFlex $50K,3,1857,True,61,7,6949.208416193182,2392.3504383615873
LucidFlex $50K,3,1858,True,60,7,7128.695134943181,2495.0432972301132
LucidFlex $50K,3,1859,True,70,8,7548.706601375598,2264.6119804126793
LucidFlex $50K,3,1860,True,69,8,6695.660363711124,2037.8096759120813
LucidFlex $50K,3,1861,True,68,8,6869.130090273624,2121.3489984668545
LucidFlex $50K,3,1862,True,67,8,7045.289269961124,2208.224995062442
LucidFlex $50K,3,1863,True,66,8,7217.561926211125,2296.4969765217215
LucidFlex $50K,3,1864,False,87,11,9082.43348663184,2192.311531255961
LucidFlex $50K,3,1865,False,86,11,9224.163711241217,2252.4120690240184
LucidFlex $50K,3,1866,True,63,7,7403.476132625598,2467.825377541866
LucidFlex $50K,3,1867,True,51,6,6623.721306818182,2727.4146557486633
LucidFlex $50K,3,1868,False,83,10,8873.415413800836,2245.081008311055
LucidFlex $50K,3,1869,True,60,7,6609.597863711124,2313.3592522988934
LucidFlex $50K,3,1870,True,59,7,6768.750207461125,2409.2161755370107
LucidFlex $50K,3,1871,False,80,10,8630.404311827153,2265.4811318546276
LucidFlex $50K,3,1872,True,57,6,4942.632629336124,1820.9699160712037
LucidFlex $50K,3,1873,True,56,6,5113.787316836125,1917.670243813547
LucidFlex $50K,3,1874,True,55,6,5280.955285586125,2016.3647454056113
LucidFlex $50K,3,1875,True,54,6,5454.788879336124,2121.306786408493
LucidFlex $50K,3,1876,False,75,9,6401.562221983402,1792.4374221553526
LucidFlex $50K,3,1877,False,74,9,6579.414175108403,1867.131049692925
LucidFlex $50K,3,1878,True,51,5,3918.2990355861243,1613.4172499472277
LucidFlex $50K,3,1879,True,50,5,4098.777160586124,1721.4864074461723
LucidFlex $50K,3,1880,True,49,5,4280.563098086123,1834.52704203691
LucidFlex $50K,3,1881,True,48,5,4462.349035586124,1952.2777030689294
LucidFlex $50K,3,1882,True,47,5,4642.827160586125,2074.4546887725237
LucidFlex $50K,3,1883,True,46,5,4819.381848086125,2200.1525828219264
LucidFlex $50K,3,1884,True,45,5,4997.244348086124,2332.047362440191
LucidFlex $50K,3,1885,False,66,8,6176.552554014652,1965.2667217319347
LucidFlex $50K,3,1886,False,65,8,6321.266225889653,2042.255242210503
LucidFlex $50K,3,1887,True,30,3,4693.052556818182,3285.1367897727273
LucidFlex $50K,3,1888,True,30,3,4617.790056818182,3232.4530397727276
LucidFlex $50K,3,1889,False,62,7,6852.270296613336,2320.9302617561298
LucidFlex $50K,3,1890,False,61,7,7017.054116514653,2415.7071548657004
LucidFlex $50K,3,1891,True,37,2,308.91867523923446,175.33222108172768
LucidFlex $50K,3,1892,True,36,2,459.78117523923447,268.20568555622015
LucidFlex $50K,3,1893,True,35,2,615.7061752392344,369.42370514354064
LucidFlex $50K,3,1894,True,34,2,794.9186752392343,490.9791817654094
LucidFlex $50K,3,1895,True,33,2,979.1936752392344,623.1232478795127
LucidFlex $50K,3,1896,True,33,3,1200.4959105861242,763.9519431002609
LucidFlex $50K,3,1897,True,31,2,310.94367523923444,210.63926387173944
LucidFlex $50K,3,1898,True,30,2,502.30617523923445,351.6143226674641
LucidFlex $50K,3,1899,True,30,2,566.0936752392345,396.26557266746414
LucidFlex $50K,3,1900,True,29,2,563.7311752392344,408.21912689737667
LucidFlex $50K,3,1901,True,16,1,1226.4750000000001,1609.7484375000004
LucidFlex $50K,3,1902,True,16,1,1216.3500000000001,1596.4593750000004
LucidFlex $50K,3,1903,False,48,5,3101.376315789474,1356.852138157895
LucidFlex $50K,3,1904,False,47,5,3343.605838815789,1493.9515450027993
LucidFlex $50K,3,1905,True,23,1,294.7973684210527,269.16281464530897
LucidFlex $50K,3,1906,True,23,1,171.27236842105268,156.37911899313502
LucidFlex $50K,3,1907,True,22,1,173.97236842105266,166.064533492823
LucidFlex $50K,3,1908,True,8,0,0.0,0.0
LucidFlex $50K,3,1909,True,8,0,0.0,0.0
LucidFlex $50K,3,1910,True,8,0,0.0,0.0
LucidFlex $50K,3,1911,True,14,0,0.0,0.0
LucidFlex $50K,3,1912,True,15,0,0.0,0.0
LucidFlex $50K,3,1913,True,15,0,0.0,0.0
LucidFlex $50K,3,1914,True,15,0,0.0,0.0
LucidFlex $50K,3,1915,True,14,0,0.0,0.0
LucidFlex $50K,3,1916,True,13,0,0.0,0.0
LucidFlex $50K,3,1917,True,12,0,0.0,0.0
LucidFlex $50K,3,1918,True,11,0,0.0,0.0
LucidFlex $50K,3,1919,True,10,0,0.0,0.0
LucidFlex $50K,3,1920,False,31,3,1864.5187500000002,1263.0610887096775
LucidFlex $50K,3,1921,False,30,3,2077.14375,1454.0006250000001
LucidFlex $50K,3,1922,False,29,3,2295.675,1662.3853448275863
LucidFlex $50K,3,1923,False,28,3,2509.48125,1882.1109374999999
LucidFlex $50K,3,1924,False,27,3,2274.75,1769.2499999999998
LucidFlex $50K,3,1925,False,26,3,2291.45625,1850.7915865384616
LucidFlex $50K,3,1926,False,25,3,2868.2437500000005,2409.3247500000007
LucidFlex $50K,3,1927,False,24,3,2888.49375,2527.4320312500004
LucidFlex $50K,3,1928,False,23,3,2973.88125,2715.2828804347823
LucidFlex $50K,3,1929,False,22,3,3007.29375,2870.5985795454544
LucidFlex $50K,3,1930,False,21,2,1700.325,1700.325
LucidFlex $50K,3,1931,False,20,2,1729.0125,1815.4631250000002
LucidFlex $50K,3,1932,False,19,2,1763.4375,1949.0625
LucidFlex $50K,3,1933,False,18,1,144.45000000000002,168.52500000000003
LucidFlex $50K,3,1934,False,17,1,168.07500000000002,207.62205882352944
LucidFlex $50K,3,1935,False,16,1,262.575,344.6296875
LucidFlex $50K,3,1936,False,15,1,392.175,549.045
LucidFlex $50K,3,1937,False,14,1,517.725,776.5875000000001
LucidFlex $50K,3,1938,False,13,1,535.275,864.675
LucidFlex $50K,3,1939,False,12,1,551.475,965.0812500000001
LucidFlex $50K,3,1940,False,11,0,0.0,0.0
LucidFlex $50K,3,1941,False,10,0,0.0,0.0
LucidFlex $50K,3,1942,False,9,0,0.0,0.0
LucidFlex $50K,3,1943,False,8,0,0.0,0.0
LucidFlex $50K,3,1944,False,7,0,0.0,0.0
LucidFlex $50K,3,1945,False,6,0,0.0,0.0
LucidFlex $50K,3,1946,False,5,0,0.0,0.0
LucidFlex $50K,3,1947,False,4,0,0.0,0.0
LucidFlex $50K,3,1948,False,3,0,0.0,0.0
LucidFlex $50K,3,1949,False,2,0,0.0,0.0
LucidFlex $50K,3,1950,False,1,0,0.0,0.0
