date,pnl_pc,stop_pt,r,exit_reason
2019-01-02,273.0,19.662850814305344,6.94202490214145,
2019-01-03,-41.5,19.713718613283536,-1.0525665100047739,
2019-01-04,326.0,19.910952998048998,8.186448936722003,
2019-01-07,-43.5,20.654813498188357,-1.0530233062577739,
2019-01-08,-42.0,19.990183962603474,-1.0505155950183167,
2019-01-09,-41.0,19.41231367956037,-1.0560307410231515,
2019-01-10,-39.5,18.631076988163198,-1.0600568079101216,
2019-01-11,-38.0,18.094928631865827,-1.0500179573264694,
2019-01-14,-36.5,17.22386230101827,-1.059576515478823,
2019-01-15,167.5,16.647157850945536,5.030888800951876,
2019-01-16,-35.0,16.434860861592284,-1.064809744808787,
2019-01-17,123.0,15.69844222862141,3.9175861594644825,
2019-01-18,-33.0,15.403910640862737,-1.0711565643746084,
2019-01-21,-18.0,15.003631309372544,-0.5998547827803417,
2019-01-22,116.0,14.315871930131648,4.051447252606613,
2019-01-23,-30.5,14.364738220836529,-1.0616274216455521,
2019-01-24,-30.5,14.281542633633919,-1.0678118177573692,
2019-01-25,-29.5,13.668575302660068,-1.0791175871218615,
2019-01-28,-29.0,13.424391352470066,-1.0801234573165228,
2019-01-29,-29.0,13.501220541579347,-1.0739769752923256,
2019-01-30,-28.5,13.201133360037966,-1.0794527720731257,
2019-01-31,97.0,13.661766691463825,3.5500533053535364,
2019-02-01,-29.0,13.603783356359267,-1.0658799556096858,
2019-02-04,-28.0,13.110655973762178,-1.067833678804297,
2019-02-05,-27.5,12.81525197563631,-1.0729402766438603,
2019-02-06,-27.0,12.405233977376575,-1.0882503324499924,
2019-02-07,-26.0,11.994145836135392,-1.0838620921911937,
2019-02-08,-26.5,12.185635419268579,-1.0873458415675552,
2019-02-11,-26.0,11.88844717503511,-1.0934985712262804,
2019-02-12,72.5,11.51605809110403,3.1477784944487683,
2019-02-13,-25.0,11.498839656025172,-1.0870662061497864,
2019-02-14,-24.0,11.072136823451947,-1.0838016357043874,
2019-02-15,-23.5,10.874127050348235,-1.0805465069146598,
2019-02-18,20.5,10.517046546751935,0.9746082186130088,
2019-02-19,32.5,9.930114650555367,1.636436292212515,
2019-02-20,-21.5,9.642249318372842,-1.1148850900916234,
2019-02-21,-21.0,9.473160081346212,-1.1083946549869625,
2019-02-22,-20.5,9.273291504107197,-1.1053248995203282,
2019-02-25,-20.0,9.030556396670969,-1.1073514809880827,
2019-02-26,41.0,8.906945225480184,2.3015747241102877,
2019-02-27,-19.5,8.699306280803029,-1.1207790236694577,
2019-02-28,-19.5,8.676141546459956,-1.12377143085894,
2019-03-04,-18.5,8.221647557917002,-1.1250786335511,
2019-03-05,-19.0,8.612958446637217,-1.1029891829687293,
2019-03-06,83.5,8.410247129020274,4.964182307549331,
2019-03-07,119.5,8.245229476947397,7.246614562645385,
2019-03-08,-19.0,8.472355942879727,-1.1212937775571055,
2019-03-11,197.0,8.486830518388317,11.606217396068084,
2019-03-12,-20.0,8.966342624217722,-1.1152819403744858,
2019-03-13,-19.5,8.743746722487886,-1.1150826195507413,
2019-03-14,-19.5,8.77990767088161,-1.110490037649904,
2019-03-15,39.0,8.35277140867578,2.334554490470782,
2019-03-18,-19.0,8.393644879484652,-1.1318086643407381,
2019-03-19,-18.5,8.206598816664322,-1.1271417315072045,
2019-03-20,-18.0,8.120413186902585,-1.108317987379768,
2019-03-21,247.0,8.3153836735524,14.851990581360605,
2019-03-22,-19.5,8.794641982584372,-1.1086295518689084,
2019-03-25,-21.0,9.407524698114058,-1.1161278165025654,
2019-03-26,-20.5,9.292701505391625,-1.1030161674786336,
2019-03-27,-21.0,9.393222826435082,-1.1178272030820078,
2019-03-28,-21.5,9.641921195975433,-1.1149230305353546,
2019-03-29,-21.0,9.460355396262903,-1.1098948781721016,
2019-04-01,-20.5,9.21140143938698,-1.1127514165403847,
2019-04-02,-20.5,9.29808705085934,-1.1023772894288706,
2019-04-03,-20.0,8.964295118655102,-1.1155366783038578,
2019-04-04,-20.0,8.972202610179737,-1.1145535198518743,
2019-04-05,18.5,8.874188138024042,1.0423488724974945,
2019-04-08,-19.0,8.545674699593754,-1.1116734879285322,
2019-04-09,-19.0,8.420983649622771,-1.1281342412326814,
2019-04-10,-18.5,8.142699103221146,-1.1359869599431496,
2019-04-11,-17.5,7.868220595848206,-1.1120684649610713,
2019-04-12,-17.5,7.641919124716193,-1.1450003405165532,
2019-04-15,-16.5,7.354996330093607,-1.121686487625345,
2019-04-16,-16.5,7.259996592229779,-1.1363641697614295,
2019-04-17,-16.0,7.046782549927652,-1.135269882860531,
2019-04-18,-16.0,6.94165522493282,-1.1524628839625815,
2019-04-22,93.5,6.817251280294761,6.857602584656179,
2019-04-23,139.5,6.782090474559421,10.284439622509032,
2019-04-24,-16.0,7.06015544066232,-1.1331195279249422,
2019-04-25,-15.5,6.86657290918644,-1.1286561873728405,
2019-04-26,-2.0,6.89574627281598,-0.14501693659207607,
2019-04-29,-16.0,7.026407253329125,-1.1385619579920572,
2019-04-30,-15.5,6.813806735234187,-1.1373965099310432,
2019-05-01,-16.5,7.146749111288888,-1.1543710114251016,
2019-05-02,-17.0,7.382695603339681,-1.151340981220313,
2019-05-03,100.0,7.732145917386848,6.466510142749346,
2019-05-06,164.5,8.088778351859217,10.168408185037574,
2019-05-07,-19.5,8.8038656124407,-1.107468063372335,
2019-05-08,-21.5,9.798232354409222,-1.0971366682442962,
2019-05-09,-2.0,9.75550147195142,-0.10250626304297683,
2019-05-10,-22.0,10.112251366812034,-1.0877894151347463,
2019-05-13,-23.5,10.827447697754032,-1.0852049650110374,
2019-05-14,-26.0,12.10941571934303,-1.0735447771633102,
2019-05-15,257.0,12.137314596532814,10.587185408929562,
2019-05-16,84.0,12.523934982494756,3.3535785724458975,
2019-05-17,-2.0,12.55258248374513,-0.07966488181176601,
2019-05-20,-27.0,12.452398020620478,-1.0841285331262902,
2019-05-21,-27.5,12.654012447719017,-1.08661185981989,
2019-05-22,-27.0,12.44301155859623,-1.0849463521291636,
2019-05-23,-26.0,11.938153590125072,-1.088945614735034,
2019-05-24,-26.5,12.246142619401853,-1.0819733537161091,
2019-05-27,-12.0,11.937489575158864,-0.5026182399761511,
2019-05-28,-24.5,11.156240319790374,-1.0980401684489867,
2019-05-29,-24.0,11.012937439805349,-1.089627546291782,
2019-05-30,-24.0,10.942370479819253,-1.0966545157771168,
2019-05-31,-23.0,10.605415445546448,-1.084351674769065,
2019-06-03,-23.5,10.713957199435988,-1.096700293017649,
2019-06-04,-24.5,11.314745970904847,-1.082657978491086,
2019-06-05,-26.0,11.895835544411645,-1.0928194115887104,
2019-06-06,-25.5,11.701490148382241,-1.0896048142862145,
2019-06-07,195.5,11.54602656635494,8.466115978361161,
2019-06-10,8.0,11.946310383043873,0.334831414197763,
2019-06-11,-26.5,12.216216784255025,-1.0846238433716546,
2019-06-12,-26.0,12.115058442522525,-1.0730447617463756,
2019-06-13,-25.5,11.653268553770914,-1.0941136335413975,
2019-06-14,-24.5,11.254820799930137,-1.0884224829306959,
2019-06-17,42.0,10.875905028506555,1.930873793487295,
2019-06-18,-23.0,10.588340383613229,-1.0861003314360462,
2019-06-19,-24.0,11.015958927640856,-1.0893286802195696,
2019-06-20,-23.5,10.825533289952224,-1.0853968747115512,
2019-06-21,-10.5,10.816566626384208,-0.4853665845494805,
2019-06-24,22.5,10.518954724499622,1.0694979011362893,
2019-06-25,243.0,9.964029387035362,12.193862069303911,
2019-06-26,-22.5,10.277313002247123,-1.0946440959363795,
2019-06-27,-22.5,10.237862073515187,-1.098862235026897,
2019-06-28,-21.5,9.836943353978388,-1.0928191424069085,
2019-07-01,-21.0,9.464661685837074,-1.1093898914223428,
2019-07-02,-22.0,9.902900136848713,-1.1107857140827844,
2019-07-03,-21.0,9.600907269930948,-1.0936466424256506,
2019-07-04,4.5,9.397271036364451,0.23943121266729622,
2019-07-05,-19.5,8.858180248052705,-1.100677534998607,
2019-07-08,-20.0,8.973667373191798,-1.1143715923630397,
2019-07-09,128.0,8.982691132249526,7.124813606273085,
2019-07-10,-20.0,9.00535605137456,-1.1104502634822107,
2019-07-12,-20.0,8.876684554501535,-1.1265467347185172,
2019-07-15,-19.0,8.581921372037142,-1.1069782148033045,
2019-07-17,-18.0,8.060814856501414,-1.1165124320826063,
2019-07-18,-17.5,7.872542366751313,-1.1114579753745777,
2019-07-19,210.5,7.931646483411933,13.269628219073741,
2019-07-22,74.0,8.261528877453939,4.478589925525112,
2019-07-23,-2.0,8.26606252906437,-0.12097658304469532,
2019-07-24,142.5,8.123843776988345,8.770478846703483,
2019-07-25,-18.5,8.170354935774892,-1.1321417579422102,
2019-07-26,-18.5,8.254615297505257,-1.1205852322149492,
2019-07-29,-2.0,8.336428490540596,-0.11995544628430592,
2019-07-30,37.0,8.28739788407341,2.2323050321444087,
2019-07-31,-18.5,8.18651232092531,-1.1299072959746654,
2019-08-01,-2.0,9.10711858371636,-0.10980421423171235,
2019-08-02,-22.5,10.154824399165193,-1.1078478128016511,
2019-08-05,203.0,10.59555122779625,9.579492167781327,
2019-08-06,-26.5,12.270868997239376,-1.0797931265488128,
2019-08-07,-26.5,12.294378354579422,-1.0777283419998724,
2019-08-08,224.0,12.773351329252321,8.76825487008317,
2019-08-09,-28.0,13.10561194859144,-1.068244661517289,
2019-08-12,-28.5,13.13735395226348,-1.0846933143294673,
2019-08-13,336.5,13.068614384244661,12.874356458389334,
2019-08-14,-29.5,13.808356213941472,-1.0681937640852432,
2019-08-15,-31.0,14.602402198659938,-1.0614691876808073,
2019-08-19,-30.5,14.243525365171067,-1.0706619049024206,
2019-08-20,-30.5,14.208273553373136,-1.0733182988569046,
2019-08-21,-29.5,13.689825442417913,-1.0774425183170808,
2019-08-22,-28.5,13.363766482245206,-1.0663161481407375,
2019-08-23,-28.5,13.262783162084833,-1.0744351186210588,
2019-08-26,-30.5,14.344012936221631,-1.0631613390065038,
2019-08-27,-30.0,14.10515486934866,-1.0634410000414736,
2019-08-28,-30.0,13.894072378680898,-1.0795970822072325,
2019-08-29,-29.5,13.626638637346549,-1.082438625735231,
2019-08-30,98.5,13.630093020393225,3.6133282382088354,
2019-09-02,-29.0,13.404729233222282,-1.0817077874324532,
2019-09-03,-28.5,13.236534287992118,-1.0765657905579766,
2019-09-04,-28.0,12.928567553135537,-1.0828732527761447,
2019-09-05,93.0,12.830098442197286,3.6242901961737712,
2019-09-06,-28.0,13.079734267754624,-1.07035813674855,
2019-09-09,63.0,12.438324677200722,2.5324953976912234,
2019-09-10,-26.5,12.160587200257813,-1.0895855423592613,
2019-09-11,-26.0,11.958045257382254,-1.0871342029730569,
2019-09-12,-25.5,11.698542024712093,-1.0898794031826187,
2019-09-13,-25.0,11.527217594375514,-1.0843900444890653,
2019-09-16,-24.0,11.025273480491549,-1.0884083756501062,
2019-09-17,-23.5,10.677039660456439,-1.10049230626326,
2019-09-18,-2.0,10.309036827566693,-0.0970022725426655,
2019-09-19,-22.5,10.308391339883359,-1.0913438992632671,
2019-09-20,-22.0,10.041720529891691,-1.0954298087918053,
2019-09-23,-22.5,10.263740492042286,-1.0960916255357764,
2019-09-24,-22.0,9.944901885467837,-1.1060943714360765,
2019-09-25,-2.0,10.60776603650585,-0.09427055579455403,
2019-09-26,-24.5,11.144711319612576,-1.0991760709353078,
2019-09-27,184.0,10.980803368211676,8.378257666131312,
2019-09-30,-25.0,11.410745984767985,-1.0954586156493222,
2019-10-01,-24.5,11.18676412871313,-1.0950440948833324,
2019-10-02,117.5,11.462709548090764,5.125315245363208,
2019-10-03,-26.0,11.899301723227138,-1.0925010813554148,
2019-10-04,140.5,12.336851600139486,5.694321556012372,
2019-10-07,-26.5,12.32350505727238,-1.0751811224502947,
2019-10-08,-26.0,11.982540410324354,-1.0849118429677054,
2019-10-09,-26.0,12.001644666729758,-1.083184876822576,
2019-10-10,-2.0,11.969384333391918,-0.08354648594666833,
2019-10-11,-2.0,11.794785452435354,-0.08478322933746309,
2019-10-14,-26.5,12.125515062975687,-1.0927370863162622,
2019-10-15,121.0,11.564763987048853,5.231408100308207,
2019-10-16,-25.0,11.579780845116792,-1.0794677522132266,
2019-10-17,-24.0,11.077653641894164,-1.0832618881147944,
2019-10-18,-23.5,10.788178381758867,-1.0891551459574884,
2019-10-21,-24.0,10.894379925918948,-1.101485360488545,
2019-10-22,-23.5,10.659067074067593,-1.1023478807621478,
2019-10-23,-23.5,10.66734799734848,-1.101492142463209,
2019-10-24,-22.5,10.233965997537876,-1.0992805724297467,
2019-10-25,173.5,10.086896997713742,8.600266268175677,
2019-10-28,-22.5,10.168190069305616,-1.106391592143818,
2019-10-29,-22.0,10.097247921498074,-1.0894057554613346,
2019-10-30,-21.5,9.838515927105355,-1.092644467890069,
2019-10-31,-21.5,9.742907646597828,-1.103366714530425,
2019-11-01,-21.0,9.557699957555128,-1.0985906699969177,
2019-11-04,-21.0,9.407149960586905,-1.116172277894134,
2019-11-05,-20.5,9.22271067768784,-1.111386918468281,
2019-11-06,-19.5,8.860374200710137,-1.1004049918364127,
2019-11-07,-19.0,8.613204614945127,-1.102957659163949,
2019-11-08,-19.0,8.572975713877618,-1.1081333153226771,
2019-11-11,-19.0,8.473120305743503,-1.1211926252906415,
2019-11-12,-18.5,8.260754569618967,-1.1197524296411414,
2019-11-13,-18.0,8.079629243217614,-1.1139124988383575,
2019-11-14,-17.5,7.822155725844927,-1.1186174638647775,
2019-11-15,-17.5,7.6616446025702905,-1.1420524513842099,
2019-11-18,-17.0,7.517955702386698,-1.1306265075892288,
2019-11-19,-2.0,7.455958866501934,-0.13412091159633285,
2019-11-20,-16.5,7.294818947466081,-1.1309396517463548,
2019-11-21,-17.0,7.609474736932789,-1.1170284801321466,
2019-11-22,-17.0,7.3962979700090195,-1.1492235756950764,
2019-11-25,79.5,7.335848115008375,5.418596374518125,
2019-11-26,-17.0,7.524358963936348,-1.1296643396121613,
2019-11-27,-16.5,7.227976180798038,-1.1413983380184742,
2019-11-29,-15.5,6.7100917069125945,-1.1549767631366519,
2019-12-02,162.5,6.502228013561695,12.495716826684161,
2019-12-03,-16.0,7.080640298307289,-1.1298413226714108,
2019-12-04,-17.5,7.630237419856768,-1.1467533077318388,
2019-12-05,-17.0,7.52272046129557,-1.1299103886330135,
2019-12-06,-16.5,7.3710975712030296,-1.1192363037264104,
2019-12-09,-17.0,7.537447744688527,-1.1277026770752423,
2019-12-10,-17.0,7.463344334353632,-1.1388996164728273,
2019-12-11,-16.5,7.35524831047123,-1.1216480602367924,
2019-12-12,-16.5,7.201302002580428,-1.1456261655244835,
2019-12-13,-17.0,7.515494716681826,-1.1309967367993632,
2019-12-16,33.0,7.555459379775982,2.183851327976992,
2019-12-17,-17.5,7.724712281220555,-1.1327282727761925,
2019-12-18,-17.0,7.380089975419087,-1.1517474757504318,
2019-12-19,-16.0,7.108297834317724,-1.1254452453268462,
2019-12-20,-16.0,7.034490846152171,-1.1372535944624844,
2019-12-23,-15.5,6.862384357141302,-1.129345078425257,
2019-12-24,-15.0,6.606142617345495,-1.1353070065892217,
2019-12-26,97.0,6.332489573249388,7.658915097923045,
2019-12-27,55.5,6.3962403180172895,4.338486145029955,
2019-12-30,68.5,6.394723152444627,5.35597854410736,
2019-12-31,-15.5,6.66474292727001,-1.162835548883583,
2020-01-02,-15.5,6.640475575322153,-1.1670850848094596,
2020-01-03,-16.5,7.180441605656284,-1.1489544032363117,
2020-01-06,-17.0,7.51398149096655,-1.1312245059718153,
2020-01-07,-18.0,7.9576256701832255,-1.1309906212003025,
2020-01-08,-17.5,7.771366693741567,-1.125928082514308,
2020-01-09,-18.0,8.103769072760027,-1.110594331994548,
2020-01-10,-18.5,8.185642710420025,-1.1300273328843302,
2020-01-13,-18.5,8.14559680253288,-1.135582846075036,
2020-01-14,-18.5,8.30662560235196,-1.1135689078584365,
2020-01-15,-18.5,8.141866630755393,-1.1361031099500822,
2020-01-16,-18.0,8.08173329998715,-1.1136224948198068,
2020-01-17,-18.0,8.11875234998807,-1.1085447137715965,
2020-01-20,-18.0,7.96205575356035,-1.1303613386499483,
2020-01-21,-17.0,7.54512319973461,-1.1265554948524865,
2020-01-22,-16.5,7.349042971182138,-1.1225951504639164,
2020-01-23,-16.5,7.354468473240558,-1.1217669951292686,
2020-01-24,-17.0,7.414863582294804,-1.146346106797741,
2020-01-27,-18.5,8.126301897845176,-1.138279147917553,
2020-01-28,-20.5,9.161923190856234,-1.1187607434026174,
2020-01-29,-21.5,9.639642962937932,-1.1151865314235307,
2020-01-30,-21.0,9.568954179870937,-1.097298597383567,
2020-01-31,308.5,9.76938602416587,15.789119154309411,
2020-02-03,122.5,10.628715593868309,5.762690652418533,
2020-02-04,-24.0,11.015950194306287,-1.0893295438283963,
2020-02-05,104.5,11.859453751855838,4.40576784506821,
2020-02-06,-26.0,12.012349912437564,-1.082219556936135,
2020-02-07,-25.5,11.822182061549166,-1.0784811072626346,
2020-02-10,218.0,11.538454771438511,9.446672206906857,
2020-02-11,-25.5,11.764279430621475,-1.0837892856244788,
2020-02-12,-25.5,11.697188042719942,-1.0900055597494906,
2020-02-13,-25.0,11.568817468239946,-1.080490727277567,
2020-02-14,-25.0,11.496044791937093,-1.0873304885491613,
2020-02-17,8.5,11.06239873537016,0.3841843077316803,
2020-02-18,-23.0,10.556155968558004,-1.0894117171301068,
2020-02-19,46.5,10.459287685089576,2.22290472353528,
2020-02-20,-23.0,10.52112427901175,-1.0930390797626997,
2020-02-21,251.0,11.278543973368052,11.127322843830044,
2020-02-24,-26.0,12.062219403841764,-1.0777452776111465,
2020-02-25,-30.5,14.134560874995925,-1.078915725424289,
2020-02-26,-33.5,15.84637795535336,-1.0570238856597114,
2020-02-27,-34.5,16.291279529970975,-1.0588486906915613,
2020-02-28,-38.5,18.338330992115907,-1.0497138484563313,
2020-03-02,-41.5,19.680235921250485,-1.0543572792028573,
2020-03-03,-45.0,21.39414764116117,-1.0516894796365353,
2020-03-04,-49.0,23.37670852393537,-1.048051738118499,
2020-03-05,-50.5,24.239086486511415,-1.0417059246045077,
2020-03-06,-52.0,24.886294594617745,-1.0447517568816018,
2020-03-09,-53.5,25.64977355214505,-1.0428941973159425,
2020-03-10,-59.5,28.87478972699183,-1.030310533211954,
2020-03-11,-62.0,29.921233317920986,-1.036053550019708,
2020-03-12,-64.5,31.16793093806949,-1.0347173851251332,
2020-03-13,-70.5,34.302364442493094,-1.027625954446831,
2020-03-16,-2.0,36.8914812680293,-0.02710652881446142,
2020-03-17,-83.5,40.734946891741494,-1.0249184836537566,
2020-03-18,-86.5,42.152093542331386,-1.026046309101256,
2020-03-19,-89.0,43.62158686073629,-1.0201371202305884,
2020-03-20,-90.0,44.0236163706837,-1.0221786329658846,
2020-03-23,-91.5,44.63442948706344,-1.0249934977495319,
2020-03-24,-90.5,44.176613095130335,-1.0242976278547706,
2020-03-25,-92.0,44.894355016906744,-1.0246277061487326,
2020-03-26,591.0,44.46975822998483,6.644965292407455,
2020-03-27,-90.5,44.37013264212877,-1.0198301719079335,
2020-03-30,-89.0,43.400837453405295,-1.0253258372669596,
2020-03-31,-87.0,42.520420492447776,-1.0230378603082302,
2020-04-01,-84.5,41.25110474298722,-1.0242149940767973,
2020-04-02,-84.0,41.10102583277385,-1.0218723048637222,
2020-04-03,-81.5,39.71345255900429,-1.0261006629795195,
2020-04-06,-79.0,38.5678488047897,-1.0241691259455088,
2020-04-07,436.0,39.98800246159044,5.451635155054191,
2020-04-08,-80.0,39.04064514290541,-1.0245732326805292,
2020-04-09,-77.5,37.6913133469836,-1.0280883460671748,
2020-04-13,-74.5,36.24193382219905,-1.0278149113881854,
2020-04-14,349.5,35.02643854918484,4.989088449703857,
2020-04-15,-72.5,35.33526436710021,-1.0258873295356319,
2020-04-16,-70.5,34.20774548373591,-1.0304683778929433,
2020-04-17,1.5,33.21790652061192,0.02257818383390959,
2020-04-20,-66.5,32.14519891199678,-1.0343690854434533,
2020-04-21,-63.5,30.82232756113987,-1.030097416783985,
2020-04-22,-64.5,31.263589878201305,-1.0315514029464183,
2020-04-23,-64.5,31.239404886901212,-1.0323500116842026,
2020-04-24,-62.5,30.286590252122558,-1.0318097791747924,
2020-04-27,-61.0,29.532190948399517,-1.0327713258149895,
2020-04-28,438.5,28.181677309228128,7.779877598988982,
2020-04-29,-58.0,27.959771787140404,-1.037204460064228,
2020-04-30,-59.0,28.45014523091609,-1.0369015609784324,
2020-05-01,-56.5,27.216206285850657,-1.037984489950269,
2020-05-04,201.0,27.486477265432754,3.6563434095059435,
2020-05-05,-55.5,26.79101460361613,-1.03579503839524,
2020-05-06,-54.5,26.320227846214976,-1.0353253839297114,
2020-05-07,-53.0,25.42414014291391,-1.0423164697424763,
2020-05-08,-51.5,24.70991584699149,-1.0420917723657543,
2020-05-11,214.5,23.86992185792067,4.493102266458054,
2020-05-12,-49.0,23.532784582354907,-1.0411007636712197,
2020-05-13,-49.0,23.601871397900986,-1.0380532792064483,
2020-05-14,-50.5,24.233880583765202,-1.0419297030338392,
2020-05-15,-50.5,24.23146054206769,-1.0420337625197642,
2020-05-18,-50.0,23.964927646205712,-1.0431911320190514,
2020-05-19,-49.5,23.79243281433388,-1.040246711764979,
2020-05-20,125.5,23.010830470452888,2.7269767634233926,
2020-05-21,-47.5,22.836842579706254,-1.0399861503229528,
2020-05-22,-46.5,22.318139538298666,-1.0417535010076548,
2020-05-25,11.0,21.423986714134475,0.2567215931090629,
2020-05-26,296.5,20.8240590916963,7.11916919497772,
2020-05-27,-2.0,20.741983442289424,-0.04821139708178379,
2020-05-28,-2.0,21.17469891069732,-0.047226173284325025,
2020-05-29,-44.0,20.971148988504655,-1.0490603071896207,
2020-06-01,-44.0,20.89820977504004,-1.0527217516151022,
2020-06-02,-42.0,20.119766219680038,-1.043749702193804,
2020-06-03,-41.5,19.762997203988608,-1.0499419589965935,
2020-06-04,-40.0,18.976354546560852,-1.0539432086878175,
2020-06-05,176.0,18.836972078949362,4.671663770120544,
2020-06-08,-40.0,19.053974073310123,-1.049649796050422,
2020-06-09,191.5,18.792975925216542,5.094988701152009,
2020-06-10,-39.0,18.545263359129645,-1.0514814280273,
2020-06-11,-39.0,18.588458833477528,-1.049038017335832,
2020-06-12,-43.5,20.86964034537199,-1.0421837482610588,
2020-06-15,-46.0,21.911094606416853,-1.0496965310562008,
2020-06-16,-47.5,22.67994499167279,-1.0471806703552453,
2020-06-17,-47.5,22.749234635124736,-1.0439911663370902,
2020-06-18,-46.0,21.918932161187257,-1.0493211909623514,
2020-06-22,-43.5,20.799359873676767,-1.045705258820313,
2020-06-23,-42.5,20.344048454128426,-1.0445315271399547,
2020-06-24,-42.5,20.187330707404968,-1.0526404064012898,
2020-06-25,-43.5,20.847164228304614,-1.0433073660190957,
2020-06-26,403.5,20.877723926282854,9.663409704638253,
2020-06-29,-44.5,21.26324364583408,-1.0464066710893964,
2020-06-30,345.0,21.340869099703077,8.083082239720033,
2020-07-01,-45.0,21.446878449724288,-1.0491037216788652,
2020-07-02,-44.5,21.23281570331541,-1.0479062367844958,
2020-07-06,186.0,19.700871703368904,4.720603301228379,
2020-07-07,-42.5,20.35438086741398,-1.044001295761339,
2020-07-08,-42.5,20.24871080545584,-1.049449528128693,
2020-07-09,-41.5,19.83987431935185,-1.0458735607896674,
2020-07-10,-42.0,19.953097582255293,-1.0524681650770726,
2020-07-13,-2.0,19.986804897808486,-0.0500330095336873,
2020-07-14,-46.0,22.109175976536452,-1.0402920499800148,
2020-07-15,-48.0,22.890663406783847,-1.0484624046713906,
2020-07-16,-47.5,22.793116020585003,-1.0419812709482466,
2020-07-17,-47.5,22.68110773340036,-1.04712698688105,
2020-07-20,-46.0,22.005671466728906,-1.0451851030664732,
2020-07-21,320.5,22.996337790533985,6.968500874341998,
2020-07-22,-48.0,22.91088509121013,-1.0475370071672925,
2020-07-23,-46.5,22.26010758469512,-1.0444693455114062,
2020-07-24,-48.5,23.221885614359753,-1.044273510029026,
2020-07-27,-49.0,23.49889378476263,-1.0426022698943607,
2020-07-28,-48.5,23.318615657279587,-1.0399416653376528,
2020-07-29,-47.5,22.69942882461676,-1.0462818330584571,
2020-07-30,-46.5,22.21554105142985,-1.0465646524734797,
2020-07-31,-2.0,22.146573833470573,-0.04515371124759169,
2020-08-03,-46.0,22.07003284536553,-1.0421370988049867,
2020-08-04,-45.5,21.745387642125138,-1.0461988709701697,
2020-08-05,-44.0,20.881431381973343,-1.0535676217575918,
2020-08-06,-41.5,19.847043426118105,-1.045495772569008,
2020-08-07,-41.5,19.849040324252528,-1.045390591234108,
2020-08-10,-42.0,20.093751729663065,-1.0451009986850341,
2020-08-11,-42.5,20.219198034687132,-1.050981347704517,
2020-08-12,304.0,20.480326746495194,7.421756590187791,
2020-08-13,-44.5,21.2817319788884,-1.045497613731445,
2020-08-14,-43.5,20.73839398039637,-1.0487793809183046,
2020-08-17,91.0,20.048151553225203,2.2695359160271456,
2020-08-18,-41.0,19.621497870851975,-1.0447724294511203,
2020-08-19,-40.5,19.271748022933977,-1.0507609364704162,
2020-08-20,313.0,18.888051735581552,8.285661337171335,
2020-08-24,-39.5,18.65117726180246,-1.0589143903772726,
2020-08-26,367.5,18.40777529206437,9.982194865189115,
2020-08-27,-40.0,18.94471991405977,-1.0557031241806354,
2020-08-28,-40.0,19.100454205912644,-1.047095518482953,
2020-08-31,-39.0,18.398636048347456,-1.059861173880412,
2020-09-01,-38.5,18.32551918775121,-1.0504477282622757,
2020-09-02,-2.0,18.502267817197552,-0.054047428665502106,
2020-09-03,-40.0,19.06460583025487,-1.0490644379471352,
2020-09-04,-48.0,23.07249112809381,-1.0401997715269171,
2020-09-07,78.0,26.431598904658536,1.4755066517419912,
2020-09-08,-53.5,25.773984697182925,-1.0378682347446164,
2020-09-10,-58.5,28.130247009305688,-1.039806013446092,
2020-09-11,-61.0,29.540586508641,-1.0324778078146268,
2020-09-14,-62.0,29.87697318659521,-1.0375883730386937,
2020-09-15,-61.0,29.46254653040984,-1.0352126204881629,
2020-09-16,-60.0,28.931293206809137,-1.0369394753822943,
2020-09-17,-2.0,28.65584369203706,-0.034896896100737804,
2020-09-18,331.5,28.901854856891557,5.734926039201163,
2020-09-21,-61.5,29.644579509970733,-1.0372891269939406,
2020-09-22,-61.5,29.74853811640139,-1.0336642385477917,
2020-09-23,597.0,29.548642536658434,10.101986906155739,
2020-09-24,233.5,30.14338235546855,3.8731552625121863,
2020-09-25,-62.5,30.18849790150651,-1.0351624682339866,
2020-09-28,-63.0,30.430390908541757,-1.0351493707285242,
2020-09-29,-62.0,29.887148700788778,-1.0372351109954443,
2020-09-30,-2.0,28.441638079303864,-0.03515971890267707,
2020-10-01,-58.0,27.95473535935359,-1.0373913266289128,
2020-10-02,-56.5,27.36511140511405,-1.0323363783098132,
2020-10-05,283.0,28.03903201903448,5.046536553185638,
2020-10-06,-57.5,27.84517258910344,-1.0324949471223834,
2020-10-07,-58.0,27.89908883273891,-1.0394604703351171,
2020-10-08,28.0,27.554511058971844,0.5080837751044598,
2020-10-09,181.0,26.277403126188144,3.444023732687931,
2020-10-12,-53.5,25.67187433146042,-1.0419963752790093,
2020-10-13,-56.5,27.306026164927534,-1.0345701651851826,
2020-10-14,-55.0,26.51809572457557,-1.037027706876948,
2020-10-15,-55.0,26.418588887105887,-1.040933719719675,
2020-10-16,-54.5,26.17976110945547,-1.0408803917678984,
2020-10-19,-53.5,25.806206744494364,-1.036572335672967,
2020-10-20,-55.0,26.5289776913162,-1.036602326707887,
2020-10-21,-54.0,26.016193570507898,-1.0378151564265476,
2020-10-22,-52.5,25.223965458328763,-1.0406769721979796,
2020-10-23,-52.0,24.943682211305283,-1.0423481096233642,
2020-10-26,-50.0,24.092347767640618,-1.0376738805662802,
2020-10-27,-52.0,24.88753721280915,-1.0446995931207803,
2020-10-28,447.0,24.08842741189421,9.278314278400831,
2020-10-29,-53.5,25.671396882473193,-1.0420157548287998,
2020-10-30,242.5,26.12522567658225,4.641108233896877,
2020-11-02,-56.0,26.97520955682638,-1.037990082746708,
2020-11-03,-56.0,26.975194588481635,-1.0379906587200656,
2020-11-04,-56.0,27.03589497501866,-1.0356601853155658,
2020-11-05,-60.5,29.267259619660184,-1.0335781481802848,
2020-11-06,-61.5,29.694598218255887,-1.0355418778185477,
2020-11-09,-60.5,29.186055488380465,-1.036453864484809,
2020-11-10,-62.5,30.30312295349615,-1.0312468469984744,
2020-11-11,207.5,30.442185599675,3.4080995814278077,
2020-11-12,-62.5,30.26060091398393,-1.032695949721172,
2020-11-13,-61.0,29.527700848699364,-1.0329283731328327,
2020-11-16,122.5,28.497150788077985,2.1493376813524963,
2020-11-17,-57.0,27.50449716035813,-1.0361941843123994,
2020-11-18,-54.5,26.173818791761125,-1.041116705850261,
2020-11-19,-52.5,25.284617449492472,-1.038180627111956,
2020-11-20,-51.0,24.60893048881444,-1.0362091929021693,
2020-11-23,-49.5,23.660078311041982,-1.0460658529794198,
2020-11-24,-48.5,23.352215574538985,-1.0384453638925752,
2020-11-25,-48.5,23.271700176357626,-1.0420381758199282,
2020-11-26,-46.5,22.320150163760655,-1.0416596586231335,
2020-11-27,47.5,21.350853723492037,1.1123676976845294,
2020-11-30,-2.0,20.924007028956893,-0.04779199312139842,
2020-12-01,-44.0,20.958006526888543,-1.0497181576775734,
2020-12-02,-44.5,21.162791774967932,-1.0513735728533726,
2020-12-03,-43.5,20.788663791041653,-1.0462432900267795,
2020-12-04,-42.0,19.991259234538678,-1.0504590908269815,
2020-12-07,86.5,19.16509786064306,2.2567064522439546,
2020-12-08,-39.0,18.4140194420257,-1.0589757473317207,
2020-12-09,-38.5,18.173732339023864,-1.0592210582228672,
2020-12-10,-40.5,19.26668002909359,-1.051037333335144,
2020-12-11,-41.0,19.538702884158333,-1.0491996383557822,
2020-12-14,37.0,19.312724106718452,0.9579176866905211,
2020-12-15,-39.5,18.849315241952848,-1.0477834205903938,
2020-12-16,-39.0,18.50650701038479,-1.05368344167042,
2020-12-17,-38.5,18.132827938214447,-1.061610470556065,
2020-12-18,107.5,17.476911656913416,3.075486164555732,
2020-12-21,-37.0,17.4982036814196,-1.0572513805885202,
2020-12-22,-38.0,17.97690341846106,-1.0569117248796192,
2020-12-23,-37.5,17.841053174285268,-1.050946926553911,
2020-12-24,-36.5,17.193477947550605,-1.0614490015151303,
2020-12-28,-35.0,16.493943808439848,-1.0609954904202692,
2020-12-29,-35.0,16.405090679265577,-1.0667420462428947,
2020-12-30,60.5,16.019012773603748,1.8883810399256427,
2020-12-31,-33.0,15.512297575489194,-1.0636722200373117,
2021-01-04,430.5,15.114990605811395,14.240829227987804,
2021-01-05,-2.0,17.026419848253436,-0.058732253105022524,
2021-01-06,-36.0,16.89417557337819,-1.0654559568070527,
2021-01-07,325.5,17.435663032422607,9.334316664491457,
2021-01-08,-39.0,18.622401387249564,-1.047125963751985,
2021-01-11,-39.0,18.57080128816031,-1.050035466828892,
2021-01-12,-39.5,18.817529767577433,-1.049553275267257,
2021-01-13,-39.5,18.764491927036186,-1.0525198378296552,
2021-01-14,-39.0,18.413456789390747,-1.059008106030112,
2021-01-15,-38.5,18.15356701871998,-1.0603976606993755,
2021-01-18,-38.5,18.19795508881141,-1.0578111609823357,
2021-01-19,-36.0,17.11952972532488,-1.0514307512415275,
2021-01-20,281.0,17.271706173515962,8.134691418931123,
2021-01-21,-39.0,18.48087001826482,-1.0551451301117298,
2021-01-22,-38.5,18.162593588388763,-1.0598706570358107,
2021-01-25,-37.0,17.395622617789567,-1.0634859358860227,
2021-01-26,-39.5,18.763792430804596,-1.0525590747623248,
2021-01-27,-2.0,18.182450114318556,-0.05499808847062403,
2021-01-28,-42.5,20.19620367758152,-1.0521779409260084,
2021-01-29,-43.5,20.712546272039983,-1.0500881791323013,
2021-02-01,-45.5,21.78129296689427,-1.0444742667287055,
2021-02-02,149.5,22.780843469258965,3.2812656871493586,
2021-02-03,246.5,23.032211792883324,5.351201226713396,
2021-02-04,-47.0,22.537053807677374,-1.0427272437888306,
2021-02-05,-46.0,22.09690710712899,-1.0408696515079094,
2021-02-08,-44.5,21.36855659947692,-1.0412495526508634,
2021-02-09,15.5,20.535088270942857,0.3774028091696225,
2021-02-10,-41.5,19.71115339444694,-1.0527034915088087,
2021-02-11,-42.0,20.054999580557876,-1.0471204407482633,
2021-02-12,-41.0,19.47428532480374,-1.052670208846629,
2021-02-15,32.0,19.256479230174904,0.8308891676796244,
2021-02-16,-39.0,18.411373570876695,-1.059127931163447,
2021-02-18,-39.0,18.515163946317152,-1.053190782244126,
2021-02-19,-39.5,18.846223664437357,-1.0479553013725535,
2021-02-22,-39.5,18.68399340269183,-1.0570545372358453,
2021-02-23,-2.0,19.919065302499558,-0.050203158873851086,
2021-02-24,-46.0,22.06770349517816,-1.0422471012910586,
2021-02-25,-48.0,22.99858181695115,-1.0435426058449724,
2021-02-26,-52.5,25.150468830026067,-1.0437181182348876,
2021-03-01,-53.5,25.764721056452778,-1.0382413976611036,
2021-03-02,351.5,26.736883838134727,6.573316511527359,
2021-03-03,-55.5,26.64674927826796,-1.0414028259211268,
2021-03-04,-57.0,27.479124329820248,-1.0371509534993406,
2021-03-05,-60.0,29.019901163404512,-1.0337733347566131,
2021-03-08,-63.0,30.45062250887562,-1.0344616104586535,
2021-03-09,-65.0,31.375578043955933,-1.035837489733856,
2021-03-11,-67.5,32.667717803206905,-1.0331300216107184,
2021-03-12,-68.0,32.95573796012069,-1.0316868049243186,
2021-03-15,-67.0,32.58925667725494,-1.0279461213787273,
2021-03-16,-65.5,31.713238343165298,-1.032691762525669,
2021-03-17,-64.0,31.01229274722492,-1.0318488949148548,
2021-03-18,-64.5,31.20248612242314,-1.0335714876521997,
2021-03-19,-66.0,32.05230854225006,-1.029567026552884,
2021-03-22,195.0,31.259286503517913,3.1190731109306467,
2021-03-23,-64.5,31.308623181838062,-1.0300676530135002,
2021-03-24,490.0,30.450864383135343,8.04574861709636,
2021-03-25,-62.5,30.304374070054248,-1.031204271956245,
2021-03-26,-61.5,29.762990207907514,-1.0331623195518256,
2021-03-29,-61.0,29.59420519305698,-1.0306071678909468,
2021-03-30,-59.5,28.819619107838623,-1.0322829003631184,
2021-03-31,222.0,28.045003457278725,3.957924275854969,
2021-04-01,92.5,27.91857463890167,1.656603196910897,
2021-04-05,288.5,27.617247878980123,5.223185186015248,
2021-04-06,-57.5,27.792801601910117,-1.034440514914628,
2021-04-07,-55.5,26.63795863034511,-1.0417464936066116,
2021-04-08,-53.5,25.65310444246332,-1.0427587842242205,
2021-04-09,252.5,24.893954125144514,5.071512519277895,
2021-04-12,-51.0,24.41224311620562,-1.0445578424979838,
2021-04-13,-48.5,23.363154322190933,-1.0379591584928547,
2021-04-14,308.0,22.99435758489158,6.69729517041109,
2021-04-15,-48.0,22.89297490025647,-1.048356541889675,
2021-04-16,-47.5,22.870262407381006,-1.038466440697028,
2021-04-19,-45.5,21.859886521139508,-1.0407190347488635,
2021-04-20,-45.5,21.800251769629543,-1.0435659294400248,
2021-04-21,-45.5,21.74666235751315,-1.0461375463504272,
2021-04-22,-45.5,21.80761504626221,-1.043213572494683,
2021-04-23,-46.0,21.985642542957766,-1.0461372668576905,
2021-04-26,-46.0,22.06166807560364,-1.042532229257587,
2021-04-27,138.0,21.37154892734624,3.228591443445176,
2021-04-28,-43.5,20.718224003964366,-1.049800407401629,
2021-04-29,138.5,19.98299371796691,3.465446718213029,
2021-04-30,-42.5,20.28599416668356,-1.047520758676923,
2021-05-03,-41.5,19.77806601192045,-1.0491420135565204,
2021-05-04,191.5,19.61891843964042,4.880493300106452,
2021-05-05,-44.5,21.144352836808963,-1.052290423439505,
2021-05-06,-44.0,21.08225620560832,-1.0435315739189024,
2021-05-07,-44.0,21.112095048064873,-1.0420566954588675,
2021-05-10,422.0,21.13265968748881,9.98454539657015,
2021-05-11,-2.0,22.151755424096752,-0.04514314919314235,
2021-05-13,-49.5,23.77498299322628,-1.0410102083796027,
2021-05-14,-49.5,23.69462706513869,-1.0445406012071847,
2021-05-17,-50.5,24.350367989057357,-1.0369453148037402,
2021-05-18,-50.0,24.052127418410404,-1.0394090952995725,
2021-05-19,-49.5,23.71090403138109,-1.0438235491672387,
2021-05-20,312.5,23.970839457711012,6.51833659291131,
2021-05-21,-50.5,24.346136639303083,-1.0371255355249165,
2021-05-24,214.5,23.851769736495722,4.496521691465778,
2021-05-25,69.5,24.126643326746027,1.4403163974939381,
2021-05-26,-48.5,23.301525946264167,-1.040704375152216,
2021-05-27,-46.5,22.128202664388155,-1.0506953661183338,
2021-05-28,-44.0,21.09583104550329,-1.0428600775454846,
2021-05-31,25.5,20.383628827967343,0.625501970606253,
2021-06-01,-40.5,19.206226768826816,-1.054345564266028,
2021-06-02,-40.5,19.125424856767758,-1.0588000084523246,
2021-06-03,-39.0,18.541465938427205,-1.051696778709726,
2021-06-04,246.0,18.731361228539548,6.5665275736925235,
2021-06-08,-39.0,18.531377793995834,-1.0522693032742552,
2021-06-09,-39.0,18.461279380138986,-1.056264823172466,
2021-06-10,-2.0,17.82654513870049,-0.056096119142517005,
2021-06-11,-37.5,17.649649057364737,-1.0623440692253376,
2021-06-14,-35.5,16.853245553267257,-1.0532095995337167,
2021-06-15,-35.5,16.838728013748167,-1.0541176260764955,
2021-06-16,-35.0,16.512747441337584,-1.0597872983989904,
2021-06-17,354.5,17.229694052670613,10.287472282337257,
2021-06-18,-38.0,17.906144477479856,-1.0610882774846289,
2021-06-21,-37.5,17.671777014802725,-1.0610138405602394,
2021-06-22,-37.5,17.734507228031102,-1.0572608394984786,
2021-06-23,-37.5,17.69454242602888,-1.0596487633621159,
2021-06-24,-36.0,17.03064653845539,-1.0569181833088837,
2021-06-25,-36.0,16.949886071422863,-1.06195404052583,
2021-06-28,141.5,16.290965637749803,4.34289787193808,
2021-06-29,-35.0,16.420182377910532,-1.0657616095386435,
2021-06-30,-34.0,15.93481220805978,-1.0668465858293235,
2021-07-01,-32.5,15.214468478912654,-1.068062287060675,
2021-07-02,-31.5,14.83486358756175,-1.0616882256474232,
2021-07-05,7.0,15.069873331307342,0.23225145447830833,
2021-07-06,-30.5,14.175596664785388,-1.0757924594372534,
2021-07-07,-30.5,14.339839760157862,-1.0634707399151662,
2021-07-08,-31.0,14.440565491575157,-1.0733651676620928,
2021-07-09,-32.5,15.278739385034076,-1.0635694209116036,
2021-07-12,-6.0,15.358829428960213,-0.19532738571490854,
2021-07-13,-32.0,14.877841612605913,-1.0754248107093227,
2021-07-14,-32.0,14.966924354562634,-1.0690239103882713,
2021-07-15,-31.5,14.855001186379589,-1.0602489897100127,
2021-07-16,-32.5,15.179643958781046,-1.0705125920031728,
2021-07-19,-33.0,15.620383676010972,-1.0563120818434122,
2021-07-20,-34.5,16.134999127724473,-1.06910448915734,
2021-07-21,217.5,16.880713475744155,6.442263246530577,
2021-07-22,-35.5,16.67673394176243,-1.0643570894628152,
2021-07-23,-34.5,16.21946723163654,-1.0635367829069857,
2021-07-26,-35.0,16.405576715091073,-1.0667104426693026,
2021-07-27,-34.0,15.90339266401314,-1.068954301711251,
2021-07-28,-2.0,17.215650330869344,-0.058086681640303894,
2021-07-29,15.0,17.22167530723582,0.43549770078691574,
2021-07-30,116.5,16.718341356718977,3.484197311032279,
2021-08-02,-35.5,16.733102688381905,-1.0607715933234632,
2021-08-03,-35.0,16.38966678206891,-1.0677459299627645,
2021-08-04,-35.5,16.654690583349705,-1.0657658220168507,
2021-08-05,95.0,16.257926970253298,2.921651701776586,
2021-08-06,-33.5,15.834146472378064,-1.0578404102311167,
2021-08-09,-33.0,15.553136010065344,-1.0608792972248096,
2021-08-10,-32.0,14.988626295060678,-1.0674760771954537,
2021-08-11,96.0,15.080510131127774,3.1829161999581768,
2021-08-12,-32.0,15.117616550332933,-1.058367894616803,
2021-08-13,-32.0,15.103858225309152,-1.0593319773876855,
2021-08-16,-31.0,14.55001120921564,-1.0652912755271735,
2021-08-17,-32.0,15.080367551414524,-1.0609820977804494,
2021-08-18,-33.5,15.696055583456342,-1.0671470874284184,
2021-08-19,-34.0,15.967765898923748,-1.0646448668906041,
2021-08-20,-35.0,16.50756833471491,-1.0601197974869525,
2021-08-23,311.0,16.549884882235272,9.395835747891786,
2021-08-24,-36.5,17.182035962075613,-1.0621558492999088,
2021-08-25,-35.0,16.485104821927354,-1.0615643751759893,
2021-08-26,-33.5,15.764740191789688,-1.06249768763861,
2021-08-27,-33.0,15.422615892376138,-1.069857416870276,
2021-08-30,228.0,15.535286185777844,7.338133243040226,
2021-08-31,-33.5,15.805980029650854,-1.0597254943115348,
2021-09-01,-32.5,15.330552884675795,-1.059974817753851,
2021-09-02,-32.0,15.053370535770382,-1.062884884284234,
2021-09-03,-32.0,14.908486926072497,-1.073214208748349,
2021-09-06,9.0,14.668595002781604,0.3067778474452847,
2021-09-07,-30.0,14.01548107401149,-1.0702451040238694,
2021-09-08,-29.5,13.691160997296386,-1.0773374152062565,
2021-09-09,-29.5,13.781078068918072,-1.0703081374502363,
2021-09-10,-29.5,13.657429635423924,-1.0799982422565242,
2021-09-13,91.0,14.356898947179358,3.169208069750968,
2021-09-14,-31.5,14.865334736666547,-1.0595119638410397,
2021-09-15,-2.0,15.087453684047507,-0.06628023660860248,
2021-09-16,-33.0,15.48656413518697,-1.0654396841007752,
2021-09-17,235.5,15.621452411245045,7.53771140481394,
2021-09-20,-34.5,16.17706295329897,-1.0663245886968762,
2021-09-21,-39.5,18.696558456634758,-1.0563441419343897,
2021-09-22,-39.0,18.48430428116085,-1.0549490910444677,
2021-09-23,116.5,18.68006826107793,3.1182969561931726,
2021-09-24,-39.5,18.668991956715224,-1.0579039321346935,
2021-09-27,-38.5,18.367635388378424,-1.0480390966482198,
2021-09-28,-39.5,18.71101857492282,-1.055527785455232,
2021-09-29,-43.0,20.613802962428338,-1.0429904680464293,
2021-09-30,-43.0,20.536031322254885,-1.0469403587586303,
2021-10-01,-43.0,20.558457656379534,-1.045798296708717,
2021-10-04,407.5,21.097139252352427,9.657707500664145,
2021-10-05,-47.0,22.46698644861297,-1.0459791772140763,
2021-10-06,-48.0,22.91041598799776,-1.0475584560565399,
2021-10-07,-48.5,23.28288627456935,-1.0415375359405925,
2021-10-08,-49.0,23.385894397814397,-1.0476400681211373,
2021-10-11,-2.0,22.802973369399083,-0.043853930090624514,
2021-10-12,166.5,22.609903843013434,3.682014774500009,
2021-10-13,-46.0,22.119910711369617,-1.0397871989681233,
2021-10-14,-45.0,21.580988517700362,-1.04258430894145,
2021-10-15,-46.0,22.057346480721762,-1.0427364878228722,
2021-10-18,404.0,21.20146458924164,9.527643675262974,
2021-10-19,-45.0,21.417431404295808,-1.0505461451127633,
2021-10-20,-43.5,20.72690058970325,-1.049360945495392,
2021-10-21,226.0,20.157121976153018,5.605959031933487,
2021-10-22,-41.5,19.786970406427802,-1.0486698859800871,
2021-10-25,-41.5,19.81290109168296,-1.047297410105702,
2021-10-26,-42.0,19.961979585134177,-1.0519998735816183,
2021-10-27,-42.0,19.96290961476745,-1.051950863137975,
2021-10-28,-41.5,19.769130356569775,-1.0496162261939994,
2021-10-29,331.5,19.69276390252908,8.41679719618805,
2021-11-01,-42.0,19.93613790949129,-1.053363499758006,
2021-11-02,169.0,19.444270915956196,4.345753068615101,
2021-11-03,-40.0,18.88575156481647,-1.058999422467218,
2021-11-04,-40.0,19.04034073875815,-1.0504013701439905,
2021-11-05,-41.0,19.439244971704,-1.0545677072252573,
2021-11-08,-40.5,19.168584616582283,-1.0564160267984632,
2021-11-09,292.0,18.45297142968355,7.912004879883117,
2021-11-10,-39.5,18.790259184706155,-1.0510765075595658,
2021-11-11,128.5,19.765954957227144,3.2505386225474466,
2021-11-12,-40.5,19.30052960313949,-1.0491940074383277,
2021-11-15,57.0,19.43263463148667,1.4666050456082516,
2021-11-16,212.0,19.273160729237624,5.499876304108058,
2021-11-17,-40.5,19.142934962863507,-1.0578315205732116,
2021-11-18,-39.5,18.679153894087545,-1.0573284053434244,
2021-11-19,-39.5,18.77171433022415,-1.0521148816014487,
2021-11-22,-2.0,18.484449020922423,-0.05409952976516134,
2021-11-23,-42.0,19.953416947999397,-1.052451319727749,
2021-11-24,-43.5,20.67281573742801,-1.0521063156685402,
2021-11-25,12.5,21.09975747046887,0.2962119355517462,
2021-11-26,-42.0,19.990846222578238,-1.0504807933684166,
2021-11-29,-45.0,21.53792863525122,-1.044668704267789,
2021-11-30,-47.5,22.815576589876134,-1.0409555027655315,
2021-12-01,-50.0,23.953749690599267,-1.0436779344743399,
2021-12-02,-54.5,26.307053284127893,-1.0358438744806522,
2021-12-03,-55.0,26.595835192404476,-1.0339964810675977,
2021-12-06,-59.5,28.64256125008987,-1.0386640964207297,
2021-12-07,-60.0,29.01094973222631,-1.0340923091764562,
2021-12-08,-63.0,30.52088189421015,-1.0320802691476485,
2021-12-09,-61.0,29.385461758909425,-1.0379282194111739,
2021-12-10,-60.5,29.250785918987322,-1.0341602473102804,
2021-12-13,-59.0,28.6007297819168,-1.031442212312071,
2021-12-14,-59.0,28.464963368922742,-1.0363617763234954,
2021-12-15,-60.0,28.956751699713976,-1.0360278083365382,
2021-12-16,805.0,30.868769435448698,13.039068526579554,
2021-12-17,-67.0,32.58528590434522,-1.0280713846838705,
2021-12-20,-67.0,32.43455119689199,-1.032849192105057,
2021-12-21,-66.5,32.17136896854256,-1.0335276696652895,
2021-12-22,385.0,32.60377118507524,5.904224971622888,
2021-12-23,163.5,32.01957324328415,2.553125845209271,
2021-12-27,288.5,31.071746583049574,4.642481220501844,
2021-12-28,151.0,30.779121827117464,2.452961472522647,
2021-12-29,-61.5,29.696684553751933,-1.0354691260009694,
2021-12-30,-59.5,28.732635657055365,-1.0354079714470892,
2021-12-31,-57.5,27.796375967265693,-1.0343074951158144,
2022-01-03,-56.0,26.884134826746717,-1.0415064565195946,
2022-01-04,424.0,26.435268053407665,8.01958957146538,
2022-01-05,-56.5,27.207748906735688,-1.0383071417204341,
2022-01-06,-60.0,28.93398112768314,-1.0368431453526086,
2022-01-07,-60.0,28.990482475705775,-1.0348223774868255,
2022-01-10,-2.0,29.189376584583933,-0.03425903931528773,
2022-01-11,-63.0,30.422278257113653,-1.0354254120542186,
2022-01-12,-63.5,30.84211552446268,-1.0294365175701785,
2022-01-13,-62.5,30.15339298700106,-1.0363676158590738,
2022-01-14,-2.0,31.724579202215267,-0.031521300680646125,
2022-01-17,23.5,31.081752116342752,0.37803531654259165,
2022-01-18,-60.5,29.349126965175415,-1.0306950539242115,
2022-01-19,-62.0,30.02776075337717,-1.0323780136190637,
2022-01-20,-62.5,30.365063556707373,-1.0291432435713495,
2022-01-21,-66.0,31.937201874085417,-1.033277747064528,
2022-01-24,-67.5,32.82740174022217,-1.028104516680265,
2022-01-25,-74.5,36.31115875877773,-1.025855447011735,
2022-01-26,-76.5,37.190718847436465,-1.0284824059709337,
2022-01-27,-80.5,39.27352464404815,-1.0248634510093515,
2022-01-28,-81.5,39.78434431233043,-1.024272253429354,
2022-01-31,754.0,41.071176861449686,9.17918669026162,
2022-02-01,-85.5,41.69823565706042,-1.0252232337020113,
2022-02-02,-83.5,40.793004538698966,-1.0234597934651557,
2022-02-03,-81.0,39.568504214506184,-1.0235413444097874,
2022-02-04,-85.0,41.438611056327176,-1.025613526047726,
2022-02-07,-84.5,41.24121026658952,-1.0244607208879057,
2022-02-08,-83.0,40.40076667611884,-1.027208229306473,
2022-02-09,-81.5,39.71856905639606,-1.0259684819495742,
2022-02-10,-2.0,39.101171266653495,-0.025574681463642657,
2022-02-11,-80.5,39.317159033321104,-1.0237260521770741,
2022-02-14,-83.5,40.692719102369594,-1.0259820656115566,
2022-02-15,-81.5,39.87181059505748,-1.02202532044159,
2022-02-16,-81.0,39.58810983826766,-1.0230344455812048,
2022-02-17,524.0,38.64610199267712,6.77946769507686,
2022-02-18,-80.0,39.12495185034304,-1.0223654754388993,
2022-02-21,-79.0,38.576741003889964,-1.0239330480513358,
2022-02-22,-78.0,37.88375950361211,-1.0294648818125207,
2022-02-23,890.5,38.01706239621125,11.711846521954659,
2022-02-24,1553.0,39.133700796481875,19.842232760920158,
2022-02-25,-88.0,42.9473650253046,-1.0245098849271705,
2022-02-28,-87.0,42.4171960949257,-1.0255274748158998,
2022-03-01,-85.0,41.50525351671672,-1.023966760807343,
2022-03-02,-84.5,41.20487826552267,-1.0253640291749584,
2022-03-03,566.5,40.68310124655677,6.9623502466880645,
2022-03-04,-83.5,40.63787972894557,-1.027366591920451,
2022-03-07,872.5,39.89053117687803,10.93617926684481,
2022-03-08,-84.0,41.08406466424389,-1.022294175204949,
2022-03-09,-86.0,42.0619886167979,-1.0223006903393888,
2022-03-10,-88.0,42.92363228702662,-1.0250763426956926,
2022-03-11,744.5,42.32551569509615,8.79493123442626,
2022-03-14,-87.0,42.457621716874996,-1.0245510285544492,
2022-03-15,-86.0,42.09457730852679,-1.0215092477312941,
2022-03-16,-86.5,42.216393215060585,-1.024483540781752,
2022-03-17,-87.5,42.793793699699116,-1.0223445088091736,
2022-03-18,683.0,41.90137986400632,8.150089593907424,
2022-03-21,-86.0,41.97270987372016,-1.0244751918418078,
2022-03-22,470.5,40.99608773988301,5.73835243725311,
2022-03-23,-82.5,40.339224329891366,-1.0225779172812144,
2022-03-24,-80.5,39.18106544918484,-1.0272819163685452,
2022-03-25,-79.5,38.77706077424307,-1.025090587226848,
2022-03-28,-77.5,37.68941357608285,-1.0281401678425208,
2022-03-29,-76.0,37.047312606362645,-1.0257154251310994,
2022-03-30,-75.0,36.41179027733675,-1.0298861911038901,
2022-03-31,-73.0,35.44844811466984,-1.029664257287895,
2022-04-01,15.0,34.62891610647914,0.21658200265173,
2022-04-04,504.0,33.633993527444915,7.492419828004402,
2022-04-05,506.5,33.42620827548457,7.576390295687186,
2022-04-06,-69.5,33.785050541521386,-1.0285614330306447,
2022-04-07,-71.0,34.49147550284129,-1.0292398188959946,
2022-04-08,-70.5,34.29029868120977,-1.0279875462069428,
2022-04-11,-69.0,33.4999202039805,-1.0298531993488351,
2022-04-12,-69.0,33.61778304655332,-1.0262425678762042,
2022-04-13,455.0,34.04686997179951,6.68196519058682,
2022-04-14,484.0,34.08280783095669,7.100353973189866,
2022-04-18,-70.5,34.228678700174065,-1.0298381748466598,
2022-04-19,-68.5,33.330201650161634,-1.0275965432040495,
2022-04-20,423.0,33.867330103721514,6.2449564034798035,
2022-04-21,-69.5,33.68752081059855,-1.0315392514449202,
2022-04-22,-73.0,35.58841218127008,-1.0256147370129,
2022-04-25,-74.5,36.17316845403651,-1.02976879250519,
2022-04-26,727.0,35.78401356446247,10.158167399114676,
2022-04-27,-76.0,36.97444116700087,-1.0277369664186953,
2022-04-28,-75.5,36.65483822650081,-1.029877686725334,
2022-04-29,-78.0,37.89556406746504,-1.0291442009035345,
2022-05-02,-81.5,39.69766663407468,-1.0265086957282785,
2022-05-03,-81.0,39.52104758878363,-1.0247704064275411,
2022-05-04,-78.5,38.23561561815623,-1.026529829988198,
2022-05-05,879.5,40.30628593114508,10.910208912605384,
2022-05-06,-88.5,43.339765507491855,-1.0210022938945251,
2022-05-09,-88.5,43.17085368552816,-1.0249971038870977,
2022-05-10,-90.0,44.07293556513329,-1.0210347784412193,
2022-05-11,-89.0,43.617725881909486,-1.0202274213121332,
2022-05-12,-90.5,44.35931689034453,-1.0200788283520512,
2022-05-13,-90.5,44.360437112462776,-1.0200530685773452,
2022-05-16,-91.5,44.64897731871544,-1.0246595274383372,
2022-05-17,-88.0,42.97940751023577,-1.0237460809463503,
2022-05-18,823.0,42.27016411664749,9.734998872122587,
2022-05-19,-90.0,44.07765239402982,-1.0209255156723163,
2022-05-20,-88.0,42.9399629373134,-1.0246864922597654,
2022-05-23,-90.0,43.885322727505304,-1.0253997738473066,
2022-05-24,-2.0,42.68101396125493,-0.023429621444977438,
2022-05-25,336.5,42.90737010687958,3.9212377636033096,
2022-05-26,584.5,42.185415099245326,6.927749775898927,
2022-05-27,469.5,42.34359973501352,5.543931112826184,
2022-05-31,-82.5,40.31476201641472,-1.023198400208948,
2022-06-01,-81.5,39.79227901524224,-1.0240680103894253,
2022-06-03,-82.0,40.01898037538744,-1.0245138585593727,
2022-06-06,-82.0,39.95512463428834,-1.0261512227849485,
2022-06-07,460.0,39.08154430326775,5.885130797678557,
2022-06-08,-79.5,38.63107685303434,-1.0289643271199098,
2022-06-09,-76.5,37.327071363531886,-1.0247254499952494,
2022-06-10,-77.0,37.54120912327961,-1.0255396908919974,
2022-06-13,-78.0,38.0614799001882,-1.0246580033743553,
2022-06-14,-81.0,39.42137419303191,-1.0273614461455975,
2022-06-15,-78.5,38.17163317924391,-1.0282504763600855,
2022-06-16,-79.0,38.614730809297924,-1.0229256859273228,
2022-06-17,-82.0,39.87975003720521,-1.0280906967006982,
2022-06-20,-80.0,39.00976789169056,-1.025384209182141,
2022-06-21,101.5,37.21264161371266,1.3637838594425098,
2022-06-22,111.5,36.39388149844748,1.5318508964859445,
2022-06-23,-74.0,35.93003281998694,-1.029779187382703,
2022-06-24,484.0,34.96181618998787,6.921837203334486,
2022-06-27,-73.0,35.42882931927445,-1.0302344362291078,
2022-06-28,-71.0,34.45355579646914,-1.0303726039109757,
2022-06-29,-73.0,35.61223038243563,-1.0249287845223598,
2022-06-30,-71.0,34.386356783690225,-1.0323861938417969,
2022-07-01,-70.5,34.340902727712354,-1.0264727249454053,
2022-07-04,12.0,33.5219096757329,0.1789874162313463,
2022-07-05,-65.5,31.711416127466265,-1.0327511035255907,
2022-07-06,-67.0,32.48560068979011,-1.031226121379024,
2022-07-07,290.0,31.743772069090813,4.567825136987667,
2022-07-08,-65.0,31.496002635584325,-1.0318769774066934,
2022-07-11,239.0,30.90878816161402,3.866214339273528,
2022-07-12,-63.5,30.861731864355875,-1.028782186934559,
2022-07-13,-64.0,30.89660815975903,-1.0357123938827069,
2022-07-14,-64.0,31.06113614834767,-1.0302263203499165,
2022-07-15,-64.5,31.154983566322837,-1.035147392433897,
2022-07-18,-63.0,30.456413311585493,-1.0342649240321917,
2022-07-19,-63.5,30.634526646472246,-1.0364122927832544,
2022-07-20,340.0,31.16063188600994,5.45560181904797,
2022-07-21,-63.5,30.79201532272352,-1.0311114640349481,
2022-07-22,-63.0,30.53901422824327,-1.0314674784383835,
2022-07-25,117.5,30.89158464051161,1.9018124412742012,
2022-07-26,240.5,29.952900023332212,4.014636309216458,
2022-07-27,-61.5,29.81876430737991,-1.0312298552354704,
2022-07-28,-65.5,31.82992399970992,-1.028906006822337,
2022-07-29,-65.5,31.809929428302066,-1.0295527399335105,
2022-08-01,-2.0,31.48957732628049,-0.031756539303098956,
2022-08-02,-64.0,31.07603608868903,-1.0297323606097648,
2022-08-03,461.5,30.83489065378267,7.483405814240912,
2022-08-04,-65.0,31.402041321369623,-1.0349645638445548,
2022-08-05,-62.5,30.316181226986078,-1.0308026517595388,
2022-08-08,-62.0,29.906096853629933,-1.0365779309725365,
2022-08-09,-62.0,29.90387564979922,-1.036654926038262,
2022-08-10,-60.5,29.32859881767071,-1.031416474685935,
2022-08-11,-62.0,29.919413187837087,-1.0361165777342918,
2022-08-12,-61.5,29.853740817277295,-1.0300216709258765,
2022-08-15,-61.0,29.619545044614632,-1.0297254719496596,
2022-08-16,-59.5,28.7306489699993,-1.0354795685633524,
2022-08-17,-58.5,28.23560261499935,-1.0359261815245189,
2022-08-18,-58.0,27.98663099964226,-1.0362090385359601,
2022-08-19,160.0,27.080443071096383,2.954161414197316,
2022-08-22,-56.5,27.288982851732353,-1.0352163051840035,
2022-08-23,-58.0,28.116555505180045,-1.0314207938684805,
2022-08-24,-56.5,27.197515826238615,-1.0386978053615474,
2022-08-25,-55.0,26.395907552935853,-1.0418281676752328,
2022-08-26,-2.0,26.133699870583293,-0.038264769433800055,
2022-08-29,-59.0,28.42593559411306,-1.0377846633167416,
2022-08-30,395.5,27.615154480247845,7.160923185906625,
2022-08-31,-58.0,28.069429160230143,-1.0331524675638337,
2022-09-01,-57.5,27.755541363070847,-1.035829192589711,
2022-09-02,-57.5,27.785502694280076,-1.0347122496336363,
2022-09-05,-4.0,28.809752501831497,-0.06942093653435086,
2022-09-06,-56.5,27.203698751700678,-1.0384617274970342,
2022-09-07,-56.0,26.96772026943634,-1.0382783461208467,
2022-09-08,-56.0,27.073597393048033,-1.0342179354114887,
2022-09-09,-56.0,27.023697579258894,-1.0361276401157788,
2022-09-12,-56.5,27.147004895026114,-1.040630452944589,
2022-09-13,-55.0,26.445433116809962,-1.03987708874088,
2022-09-14,-61.5,29.86361646560925,-1.0296810513693646,
2022-09-15,-60.0,28.875143860922876,-1.0389558626788145,
2022-09-16,-60.0,28.930490727999814,-1.0369682381835674,
2022-09-19,-59.0,28.476527104571257,-1.0359409309874885,
2022-09-20,-58.0,27.978203739959028,-1.0365211530210434,
2022-09-21,-57.0,27.3994034728191,-1.0401686309803322,
2022-09-22,-59.0,28.567303224760593,-1.0326491012435153,
2022-09-23,-58.0,27.910710137277693,-1.039027665629598,
2022-09-26,-58.5,28.30280227032929,-1.033466570575723,
2022-09-27,-58.0,28.029387822448626,-1.0346283758924628,
2022-09-28,-59.0,28.418360120845154,-1.038061305246162,
2022-09-29,201.5,28.87062011221336,3.4897068233521926,
2022-09-30,-62.0,30.110218675626687,-1.0295508091109802,
2022-10-03,-62.5,30.338060198796214,-1.0300592653329883,
2022-10-04,-63.0,30.513913041739343,-1.0323159785148437,
2022-10-05,-64.0,31.078990681615103,-1.0296344668274482,
2022-10-06,-64.5,31.319777061499735,-1.0297008160905383,
2022-10-07,349.0,30.475507271392612,5.725909611480144,
2022-10-10,-2.0,31.862971037721714,-0.03138439283694314,
2022-10-11,-64.5,31.367401677884448,-1.028137438069594,
2022-10-12,-64.0,31.07151584374985,-1.0298821647749419,
2022-10-13,992.5,29.853907569196288,16.6226146058025,
2022-10-14,-67.0,32.42148559996798,-1.0332654219901967,
2022-10-17,143.0,33.53959377139884,2.1318087657034237,
2022-10-18,-70.0,33.98855135915607,-1.029758509862806,
2022-10-19,-70.0,34.06258340493064,-1.0275204198086063,
2022-10-20,-68.5,33.311684590292735,-1.0281677561866893,
2022-10-21,-68.0,32.9858499767004,-1.0307450019937623,
2022-10-24,-68.5,33.336860692650376,-1.0273912806538181,
2022-10-25,317.0,33.15565635746106,4.7804814445886405,
2022-10-26,-67.0,32.55882376049956,-1.0289069484335083,
2022-10-27,-66.5,32.22962206332102,-1.0316596308412882,
2022-10-28,595.5,31.668577630226665,9.402064199934479,
2022-10-31,-66.5,32.25832208521047,-1.030741769896463,
2022-11-01,502.5,31.50594193626687,7.974686188029284,
2022-11-02,-65.0,31.421588940819237,-1.0343207041888267,
2022-11-03,-68.0,32.91468973076072,-1.032973431562534,
2022-11-04,-66.5,32.21006903570639,-1.0322858967840398,
2022-11-07,-66.5,32.13434981887021,-1.0347183057201501,
2022-11-08,-64.5,31.205110546093774,-1.033484561843253,
2022-11-09,-64.5,31.136888364229932,-1.035748968321729,
2022-11-10,502.5,30.85568205249922,8.142746595992017,
2022-11-11,-71.0,34.46420476303499,-1.0300542329088052,
2022-11-14,-70.5,34.19890442281821,-1.0307347733771401,
2022-11-15,-68.5,33.15969696404548,-1.0328803679097767,
2022-11-16,118.5,33.085790038042234,1.790799008634039,
2022-11-17,259.0,32.143947892467786,4.028752175470812,
2022-11-18,123.5,31.49973732872009,1.960333807091751,
2022-11-21,-64.0,30.931898948097228,-1.0345307300303488,
2022-11-22,-61.5,29.82604902323314,-1.0309779875989322,
2022-11-23,198.5,29.352759807287914,3.3812834176961273,
2022-11-25,-55.5,26.71258371138601,-1.038836239123204,
2022-11-28,-53.5,25.83668487485844,-1.0353495477289465,
2022-11-29,-53.0,25.51442166951141,-1.0386282841623768,
2022-11-30,-52.0,24.931248693117738,-1.0428679413549506,
2022-12-01,-56.0,27.120088072180756,-1.0324450247166357,
2022-12-02,-55.0,26.624010352739273,-1.0329022425868535,
2022-12-05,-54.5,26.31336675611504,-1.035595340290968,
2022-12-06,413.5,26.349911987821113,7.846326017922167,
2022-12-07,-55.5,26.63741827440532,-1.0417676260564526,
2022-12-08,-53.5,25.847245540519225,-1.0349265246877304,
2022-12-09,-53.0,25.49029943048214,-1.0396111694282582,
2022-12-12,-51.5,24.871349471161988,-1.0353278188566646,
2022-12-13,-51.0,24.430538794650417,-1.0437755881824335,
2022-12-14,-54.0,26.040857452175388,-1.0368322183547949,
2022-12-15,360.0,26.612939062734284,6.763627255737846,
2022-12-16,-58.0,27.988800558253264,-1.0361287165429658,
2022-12-19,-57.0,27.532457661235174,-1.0351418805640114,
2022-12-20,-56.5,27.189067828289804,-1.0390205423154049,
2022-12-21,-55.0,26.534491554840532,-1.0363869208936598,
2022-12-22,173.5,26.16952787235192,3.314924152363149,
2022-12-23,-57.5,27.627061595755357,-1.040646320650227,
2022-12-27,198.0,26.989414338915694,3.668104789411942,
2022-12-28,-55.0,26.37588474327886,-1.0426190540208358,
2022-12-29,217.5,26.190107261616085,4.152331218565979,
2022-12-30,-55.0,26.471171028643507,-1.0388660165522423,
2023-01-03,-53.5,25.8410873837404,-1.0351731567159785,
2023-01-04,-55.0,26.404223999187515,-1.0415000266944487,
2023-01-05,-54.0,25.982493713531262,-1.0391612251574927,
2023-01-06,-53.0,25.492672733993317,-1.039514384251419,
2023-01-09,-2.0,26.525338967279506,-0.03769980098024595,
2023-01-10,-55.0,26.5663861839024,-1.035142672760788,
2023-01-11,-53.5,25.85093002790937,-1.034779018438407,
2023-01-12,-53.0,25.386577883058703,-1.0438586926552365,
2023-01-13,-53.0,25.45539374855451,-1.04103673515185,
2023-01-16,-52.5,25.142508480800615,-1.0440485689820922,
2023-01-17,-49.5,23.709115017886287,-1.0439023127319793,
2023-01-18,-48.0,22.983463945180123,-1.0442290186215841,
2023-01-19,-49.0,23.406073663381544,-1.0467368578066933,
2023-01-20,-48.0,22.955639830282863,-1.0454947096852176,
2023-01-23,416.0,23.646308413834088,8.796299039993542,
2023-01-24,-50.5,24.180500669988795,-1.0442298257016074,
2023-01-25,-48.5,23.262250622132456,-1.0424614709003164,
2023-01-26,-49.5,23.752447006265854,-1.0419979041936602,
2023-01-27,279.5,23.734415077246865,5.888074323515651,
2023-01-30,-50.0,23.944456857443516,-1.0440829854208344,
2023-01-31,-50.0,24.11449565334041,-1.036720832124761,
2023-02-01,-49.5,23.727745963816094,-1.043082644164465,
2023-02-02,-52.5,25.325764109257804,-1.0364938995228319,
2023-02-03,-56.5,27.18642381573939,-1.0391215921398556,
2023-02-06,-57.0,27.526679257472292,-1.0353591776699143,
2023-02-07,-55.5,26.7658450247957,-1.0367690605057522,
2023-02-08,-57.0,27.420070380167438,-1.0393846406978466,
2023-02-09,530.0,27.31506535301262,9.701605929739163,
2023-02-10,-58.0,27.94970354208315,-1.0375780893824311,
2023-02-13,-56.5,27.267581860505786,-1.0360287958250212,
2023-02-14,-56.0,26.898468870469657,-1.0409514435499954,
2023-02-15,-56.0,26.998578236864684,-1.0370916480990078,
2023-02-16,-2.0,26.571894077088633,-0.03763374929535944,
2023-02-17,-55.0,26.51854450015373,-1.0370101571690928,
2023-02-20,35.0,26.16543417871418,0.6688213113710305,
2023-02-21,-51.0,24.50897459452031,-1.040435204731138,
2023-02-22,-51.5,24.733333552054575,-1.041105112087124,
2023-02-23,-50.0,24.084524012622108,-1.0380109645055935,
2023-02-24,-50.0,24.0159865831491,-1.0409732664300093,
2023-02-27,-50.5,24.323773255781305,-1.0380790732785896,
2023-02-28,-50.0,23.9542180232255,-1.043657529365414,
2023-03-01,-48.5,23.180702450137964,-1.0461287811343125,
2023-03-02,-47.5,22.63029513227097,-1.049478138096941,
2023-03-03,-47.5,22.799559765680186,-1.0416867800996095,
2023-03-06,-48.0,22.996019782417317,-1.0436588691035273,
2023-03-07,-47.0,22.594518369387508,-1.0400752791366996,
2023-03-08,-47.0,22.555624200145544,-1.0418687504045383,
2023-03-09,-46.0,21.98915104299229,-1.0459703494251025,
2023-03-10,-48.0,23.104211682778555,-1.0387716460323617,
2023-03-13,-49.0,23.48605370543723,-1.043172271820533,
2023-03-14,-51.0,24.604907012191717,-1.0363786372923403,
2023-03-15,-52.0,25.006342225606595,-1.0397362303302358,
2023-03-16,-52.0,25.04338920949184,-1.038198136143074,
2023-03-17,-54.5,26.26707569452814,-1.0374203933815374,
2023-03-20,-54.0,26.117641716347556,-1.0337839952487042,
2023-03-21,-53.0,25.52709587946559,-1.038112604940581,
2023-03-22,-2.0,25.16980331664662,-0.039730147566891284,
2023-03-23,-2.0,26.129103079743288,-0.03827150120492482,
2023-03-24,-55.5,26.634167145475914,-1.041894790568423,
2023-03-27,-54.0,25.93172663508478,-1.0411956126157016,
2023-03-28,9.5,25.506246161150152,0.1862288935027595,
2023-03-29,-51.5,24.86651429249657,-1.035529133561354,
2023-03-30,-52.0,24.95819184303253,-1.0417421327442158,
2023-03-31,355.0,24.19510671138735,7.336194136993005,
2023-04-03,-50.0,24.118670517716826,-1.0365413790795714,
2023-04-04,-49.0,23.44947976645134,-1.0447992980659475,
2023-04-05,163.5,22.90665978313339,3.5688311073705337,
2023-04-06,-47.5,22.82404122719529,-1.0405694488363177,
2023-04-10,-48.0,22.8919668538242,-1.0484027062091739,
2023-04-11,69.5,22.71218350712247,1.5300158168016962,
2023-04-12,350.5,21.882741828042295,8.008594232712678,
2023-04-13,303.0,22.05361741175356,6.869621303907154,
2023-04-14,-47.0,22.403359025199734,-1.0489498460283007,
2023-04-17,-46.5,22.210261951971184,-1.0468134077066362,
2023-04-18,-45.0,21.547028955401814,-1.0442274917145493,
2023-04-19,-44.5,21.14902688715883,-1.052057861513697,
2023-04-20,-2.0,20.683024966647487,-0.048348827195855294,
2023-04-21,-43.0,20.478880326172668,-1.0498620851122562,
2023-04-24,-42.0,20.012531731446046,-1.0493424960822086,
2023-04-25,-41.5,19.77413660777133,-1.0493504931004245,
2023-04-26,-42.5,20.170626850073376,-1.0535121272109944,
2023-04-27,-42.5,20.185224932210993,-1.0527502205878256,
2023-04-28,-45.0,21.391637437053063,-1.0518128902571577,
2023-05-01,-44.0,20.949377620120703,-1.0501505294777937,
2023-05-02,-42.5,20.201207790112083,-1.0519173022120623,
2023-05-03,-42.5,20.20826437653265,-1.0515499799516228,
2023-05-04,-42.5,20.346959778208888,-1.0443820714069652,
2023-05-05,337.5,19.818605508336827,8.51472622173211,
2023-05-08,-43.0,20.624419400598484,-1.042453587778384,
2023-05-09,-42.0,19.961960871984303,-1.0520008597688686,
2023-05-10,-40.5,19.27896366684257,-1.0503676623877605,
2023-05-11,-40.5,19.219751976353816,-1.053603606587312,
2023-05-12,-39.0,18.623698263757117,-1.0470530462764327,
2023-05-15,-39.0,18.555934102060178,-1.0508767649608655,
2023-05-16,27.5,18.148367380484455,0.7576439087730742,
2023-05-17,-37.5,17.70919828187842,-1.058771814599118,
2023-05-18,427.0,17.82639840460139,11.976620019043828,
2023-05-19,-39.0,18.38522708998701,-1.0606341659288028,
2023-05-22,-38.0,17.89163944070222,-1.0619485186347057,
2023-05-23,-36.5,17.32616519493778,-1.0533202122147687,
2023-05-24,-37.0,17.48143910958508,-1.0582652769048313,
2023-05-25,-36.5,17.368479173186145,-1.050754059582532,
2023-05-26,532.5,18.831444946529995,14.138585793920235,
2023-05-29,-42.5,20.273841736063567,-1.0481486575975396,
2023-05-30,-41.0,19.391781612059027,-1.057148869047278,
2023-05-31,-41.0,19.59772578262624,-1.0460397409057351,
2023-06-01,-40.5,19.347888226724365,-1.0466258520157041,
2023-06-02,-42.0,19.939110496244055,-1.0532064609379534,
2023-06-05,-41.5,19.654174032226624,-1.0557553813239147,
2023-06-06,-40.5,19.330661601353295,-1.0475585583983502,
2023-06-07,-39.5,18.8016857726852,-1.0504377234456548,
2023-06-08,-42.0,20.097993931779115,-1.044880403053293,
2023-06-09,-2.0,20.058851508080608,-0.04985330289708536,
2023-06-12,-42.0,19.992147828931994,-1.0504124008931883,
2023-06-13,-2.0,20.40699441257971,-0.04900280657613935,
2023-06-14,-42.5,20.142209097395448,-1.0549984809137842,
2023-06-15,450.0,20.41776559043863,11.019815023508965,
2023-06-16,-44.5,21.291496619693014,-1.0450181308260145,
2023-06-19,10.5,21.320675432572084,0.24623985373275065,
2023-06-20,-42.0,20.11384147310265,-1.0440571498031528,
2023-06-21,221.0,19.993209939309605,5.526876391306264,
2023-06-22,409.0,20.35976637221606,10.044319579180966,
2023-06-23,-43.5,20.719783059914917,-1.0497214153790138,
2023-06-26,-43.5,20.87015569849242,-1.0421580132998784,
2023-06-27,-45.0,21.515144577171537,-1.0457749851178522,
2023-06-28,-46.0,21.99263425023071,-1.0458046879836016,
2023-06-29,-45.5,21.803874660928518,-1.0433925324642823,
2023-06-30,122.0,21.07681218514791,2.8941758110358147,
2023-07-03,-45.0,21.52489702906592,-1.045301167741586,
2023-07-04,-43.0,20.573118669846924,-1.0450530298797898,
2023-07-05,-2.0,19.30361019342929,-0.05180378126058449,
2023-07-06,-40.0,18.921209465327195,-1.057014882513175,
2023-07-07,-40.5,19.342908789232396,-1.0468952845020163,
2023-07-10,-40.5,19.300558161430086,-1.049192454986471,
2023-07-11,-40.0,19.004089721327937,-1.052405050348419,
2023-07-12,-39.5,18.855583312661654,-1.0474351109964197,
2023-07-13,-40.5,19.289113076042966,-1.0498149873542113,
2023-07-14,-42.0,19.979176427754183,-1.0510943769848158,
2023-07-17,-42.0,19.939592397200315,-1.0531810069973435,
2023-07-18,-41.5,19.79926436882886,-1.0480187351136103,
2023-07-19,-43.0,20.50467405676966,-1.0485414174580225,
2023-07-20,-42.0,20.12219733842897,-1.043623598695885,
2023-07-21,-45.0,21.613468957112616,-1.041017526832297,
2023-07-24,-45.0,21.476792603033143,-1.047642467657035,
2023-07-25,92.5,20.90702170281649,2.212175443132076,
2023-07-26,-43.5,20.64580586690103,-1.0534827335012964,
2023-07-27,-43.0,20.381819733550955,-1.0548616502877015,
2023-07-28,170.0,21.731332609725886,3.9114030200779375,
2023-07-31,-47.0,22.536237423316894,-1.042765017007052,
2023-08-01,-45.5,21.674720464508546,-1.049609845591881,
2023-08-02,312.5,21.08902614561508,7.409066635942702,
2023-08-03,-47.0,22.459452849499716,-1.046330031166519,
2023-08-04,-46.0,22.085563360249736,-1.041404270510758,
2023-08-07,-47.0,22.463380263089043,-1.04614709472796,
2023-08-08,-2.0,21.980281672868397,-0.04549532234768224,
2023-08-09,346.0,22.328118696234938,7.748077764794935,
2023-08-10,-46.5,22.318967360789586,-1.0417148618105905,
2023-08-11,-48.0,22.912255406447475,-1.04747435703106,
2023-08-14,-47.0,22.4417371631298,-1.0471560124413564,
2023-08-15,-47.0,22.542327365763384,-1.0424833078988596,
2023-08-16,-46.5,22.344661125351717,-1.0405170107333204,
2023-08-17,393.0,22.218256759255166,8.844078188904113,
2023-08-18,-47.0,22.438381276451224,-1.0473126252054077,
2023-08-21,-46.5,22.217782613847568,-1.0464590640791078,
2023-08-22,235.0,22.512940998572745,5.219220358968167,
2023-08-23,350.0,22.049516641531834,7.936681916662747,
2023-08-24,792.5,22.490622595708132,17.61845401628037,
2023-08-25,-50.5,24.348435267443264,-1.0370276250877704,
2023-08-28,-51.5,24.73068989119732,-1.041216404123263,
2023-08-29,-50.0,24.028497756111797,-1.0404312518305934,
2023-08-30,-52.0,24.938962202103813,-1.042545386985136,
2023-08-31,31.5,24.21296490195354,0.650477959381557,
2023-09-01,-48.5,23.326324551814004,-1.0395979849347576,
2023-09-04,-48.0,23.079801369541574,-1.039870301122817,
2023-09-06,-44.5,21.37008383394146,-1.0411751387077384,
2023-09-07,-45.0,21.438292131517073,-1.0495239015295477,
2023-09-08,-45.0,21.624842693551567,-1.0404699964226514,
2023-09-11,-44.0,21.044496786869313,-1.0454039468278886,
2023-09-12,-44.0,20.973461302092932,-1.0489446488169614,
2023-09-13,-43.5,20.834285494800582,-1.043952287465195,
2023-09-14,-43.0,20.528265102314826,-1.0473364355361718,
2023-09-15,390.0,20.37267473786377,9.57164449484787,
2023-09-18,-44.5,21.17284082801636,-1.0508745699612647,
2023-09-19,-43.0,20.50335219744376,-1.0486090173430516,
2023-09-20,-42.5,20.21561275476921,-1.0511677413778495,
2023-09-21,-43.5,20.82699755799998,-1.0443175949596,
2023-09-22,-45.0,21.432212018142838,-1.0498216414130868,
2023-09-25,-44.5,21.151339731132637,-1.051942821723498,
2023-09-26,179.5,20.760172607480307,4.323181781622629,
2023-09-27,-44.5,21.209445992660285,-1.049060876351971,
2023-09-28,-45.0,21.37662842175598,-1.0525513919258058,
2023-09-29,-46.0,21.917583534487697,-1.049385757504202,
2023-10-02,-2.0,22.135970424881435,-0.045175340443894554,
2023-10-03,-46.0,21.970901108818474,-1.04683917542046,
2023-10-04,-47.5,22.805122458188585,-1.041432688798044,
2023-10-05,-2.0,22.865470854032257,-0.04373406549918708,
2023-10-09,-51.0,24.381579460874757,-1.045871537605674,
2023-10-10,125.5,24.520395213669417,2.559094152161898,
2023-10-11,-50.5,24.22250984126446,-1.042418814791238,
2023-10-12,-49.0,23.451259138317,-1.0447200235815681,
2023-10-13,377.0,23.579740628437214,7.994150697852402,
2023-10-16,-50.0,24.0704734406917,-1.0386168789574746,
2023-10-17,-50.0,23.888653909213723,-1.0465219218717734,
2023-10-18,-50.0,24.032321487127028,-1.0402657110504832,
2023-10-19,-50.5,24.18536995233224,-1.0440195891055657,
2023-10-20,-51.0,24.500700670022795,-1.040786561308423,
2023-10-23,-51.0,24.42386490787831,-1.0440608026690552,
2023-10-24,-52.0,25.10430312874415,-1.0356790175239037,
2023-10-25,390.0,24.539710048119566,7.946304158346911,
2023-10-26,-53.0,25.608302187539596,-1.034820653315091,
2023-10-27,-54.5,26.179137745572486,-1.0409051766652866,
2023-10-30,-53.5,25.832413620888737,-1.0355207373409847,
2023-10-31,-53.0,25.490812647968113,-1.0395902384898008,
2023-11-01,405.0,25.045040315970393,8.085433181390108,
2023-11-02,-52.5,25.202537436258222,-1.0415617898154501,
2023-11-03,233.5,25.300570476525493,4.6145204555100285,
2023-11-06,-52.5,25.12910115677367,-1.0446056083038284,
2023-11-07,-50.5,24.187736788432698,-1.0439174289375974,
2023-11-08,-49.5,23.804684160687504,-1.0397113371860505,
2023-11-09,-48.0,23.038278149209827,-1.0417445194715282,
2023-11-10,503.5,22.942686852837696,10.972995517692034,
2023-11-13,-49.5,23.77356636334929,-1.0410722405602568,
2023-11-14,86.0,23.018311623110055,1.8680779330847452,
2023-11-15,-50.0,24.024146507173626,-1.0406196945450272,
2023-11-16,-48.5,23.34206461380408,-1.0388969613964218,
2023-11-17,-47.0,22.46048856996093,-1.0462817817520378,
2023-11-20,-45.5,21.67759652924944,-1.049470589108141,
2023-11-21,9.0,21.714911062874478,0.20723087407406215,
2023-11-22,-45.0,21.39063170124059,-1.0518623439575685,
2023-11-23,-10.0,21.184158008294833,-0.23602542985386574,
2023-11-24,20.0,19.862075293416634,0.5034720618199721,
2023-11-27,-3.0,19.020141343886873,-0.0788637672496637,
2023-11-28,-39.0,18.511559819323526,-1.0533958342961827,
2023-11-29,-38.0,17.996448403657563,-1.0557638692831457,
2023-11-30,19.5,18.103844946253453,0.5385596280207724,
2023-12-01,-38.5,18.20714173580678,-1.0572774287873148,
2023-12-04,-38.5,18.23520304039201,-1.0556504337988537,
2023-12-05,205.0,19.10233139464972,5.365837178843454,
2023-12-06,300.0,19.0075220093176,7.891612590345502,
2023-12-07,-40.5,19.33377043722349,-1.0473901128469223,
2023-12-08,-41.5,19.74564397742181,-1.0508646881168637,
2023-12-11,-41.0,19.5602408361774,-1.0480443554705359,
2023-12-12,-41.0,19.434509347879015,-1.054824674657262,
2023-12-13,-40.5,19.35525868017337,-1.046227298462467,
2023-12-14,-41.0,19.619168774446702,-1.0448964599713597,
2023-12-15,-42.0,19.99815671912908,-1.0500967811654667,
2023-12-18,-41.0,19.510788382048432,-1.0507007507119357,
2023-12-19,-40.5,19.21894635475926,-1.0536477716420398,
2023-12-20,-39.0,18.483664472276455,-1.0549856079268232,
2023-12-21,-41.0,19.40090272425671,-1.0566518626150887,
2023-12-22,-41.0,19.456195386809803,-1.053648958207823,
2023-12-26,104.0,19.10575285918053,2.7216933236427483,
2023-12-27,-39.5,18.67677051209621,-1.0574633332464358,
2023-12-28,74.0,17.858786904089335,2.071809255505909,
2023-12-29,-36.5,17.163516410940098,-1.0633019226973426,
2024-01-02,219.5,17.146479524444377,6.400730823113755,
2024-01-03,-39.5,18.75387384412692,-1.0531157543317393,
2024-01-04,-39.5,18.835739998117855,-1.0485385762371695,
2024-01-05,-39.0,18.54568714110944,-1.0514574009379882,
2024-01-08,509.5,18.46028091674448,13.799898341142137,
2024-01-09,-41.0,19.62383227983416,-1.044648145564626,
2024-01-10,-41.5,19.70784425984601,-1.0528802504430859,
2024-01-11,-41.0,19.596569669857008,-1.0461014527217296,
2024-01-12,-42.5,20.271814693438653,-1.048253465284386,
2024-01-16,-39.5,18.640238179546593,-1.0595358176094078,
2024-01-17,-39.0,18.585578309578977,-1.0492006046403048,
2024-01-18,-40.5,19.24910843032334,-1.0519967755025965,
2024-01-19,-41.5,19.709886399585958,-1.0527711616052688,
2024-01-22,-43.5,20.723465942472675,-1.0495348635395707,
2024-01-23,-42.5,20.321789803724627,-1.0456756124947837,
2024-01-24,-41.5,19.79523338917287,-1.048232147207183,
2024-01-25,-42.5,20.26700243280338,-1.0485023658755563,
2024-01-26,-42.5,20.319359401888857,-1.0458006859224427,
2024-01-29,-41.5,19.82869087318251,-1.0464634368809251,
2024-01-30,-41.5,19.81592723938376,-1.0471374742817883,
2024-01-31,-41.0,19.541575293713493,-1.0490454168551515,
2024-02-01,-43.5,20.66896277273396,-1.0523024420312044,
2024-02-02,350.5,20.724751146110105,8.4560725851173,
2024-02-05,-45.5,21.63905463567367,-1.0513398289819393,
2024-02-06,134.0,21.459479304554122,3.1221633595639613,
2024-02-07,-45.0,21.405230782800256,-1.051144938744572,
2024-02-08,-45.0,21.403071441171665,-1.0512509880576415,
2024-02-09,-43.0,20.506423481087978,-1.0484519652989877,
2024-02-12,-43.0,20.509536089581694,-1.0482928480728257,
2024-02-13,-42.5,20.367783511754432,-1.0433143099609457,
2024-02-14,-46.0,21.92365611805769,-1.0490950905335432,
2024-02-15,-45.5,21.83268068105357,-1.042015881253761,
2024-02-16,321.5,21.36248920383546,7.5248721469752065,
2024-02-19,-44.5,21.358025689275784,-1.0417629571057259,
2024-02-20,-42.5,20.26459528289894,-1.0486269132615065,
2024-02-21,-44.5,21.21890990554902,-1.0485929814038815,
2024-02-22,283.0,21.41577348372409,6.607279447905044,
2024-02-23,-49.5,23.814646806315228,-1.0392763831977863,
2024-02-26,-49.0,23.533243463006997,-1.041080462984743,
2024-02-27,-47.0,22.520154644220785,-1.0435097081374025,
2024-02-28,-45.5,21.795500741062156,-1.0437934081110416,
2024-02-29,-44.5,21.251179259557716,-1.0470007206773273,
2024-03-01,-44.5,21.242166455303597,-1.0474449509101165,
2024-03-04,-46.0,21.908797422781912,-1.0498065939522265,
2024-03-05,283.5,21.01709760686892,6.744508811419923,
2024-03-06,-2.0,22.55873349209257,-0.04432872972902163,
2024-03-07,-47.5,22.679538242657387,-1.0471994511479608,
2024-03-08,-48.5,23.31492836818186,-1.0401061335918254,
2024-03-11,-51.5,24.678147770454586,-1.0434332527511918,
2024-03-12,-50.0,23.936851501136402,-1.0444147175668916,
2024-03-13,120.5,24.49136210819809,2.460051006302842,
2024-03-14,-50.5,24.12769338618394,-1.0465152882976672,
2024-03-15,-50.0,24.09535814431366,-1.0375442377850619,
2024-03-18,-50.5,24.317118276862686,-1.038363169209278,
2024-03-19,-52.0,24.88375268565821,-1.0448584796852263,
2024-03-20,-51.5,24.79205606525405,-1.0386391484524151,
2024-03-21,-51.5,24.82833777487876,-1.037121382570112,
2024-03-22,-51.5,24.658456505244565,-1.044266497155784,
2024-03-25,-49.5,23.797138183441383,-1.0400410254885875,
2024-03-26,-48.5,23.220556884624145,-1.0443332655840618,
2024-03-27,25.5,22.770874250008134,0.5599258008284617,
2024-03-28,-47.0,22.524740375007553,-1.0432972637533506,
2024-04-01,-45.0,21.558687491078445,-1.0436627929836217,
2024-04-02,-45.0,21.3937812417157,-1.0517074913399267,
2024-04-03,-46.0,21.963868295878864,-1.0471743724813514,
2024-04-04,-46.0,21.911091989030375,-1.0496966564475554,
2024-04-05,-50.0,23.90851398981392,-1.0456526077133486,
2024-04-08,-51.0,24.58112013339864,-1.037381529467116,
2024-04-09,-49.5,23.814611552441594,-1.0392779216868018,
2024-04-10,-49.5,23.858210727267195,-1.037378715567869,
2024-04-11,-50.0,23.971909961033827,-1.0428872810150434,
2024-04-12,-51.5,24.754273535245698,-1.040224426838322,
2024-04-15,-53.0,25.57182542558529,-1.0362967664203608,
2024-04-16,-56.5,27.29883789518634,-1.0348425859175998,
2024-04-17,499.5,26.563206616958748,9.402102825964999,
2024-04-18,-56.0,27.12476328717598,-1.032267072842542,
2024-04-19,-55.5,26.790851623806265,-1.0358013395640413,
2024-04-22,-58.0,27.96114793639153,-1.0371534125126673,
2024-04-23,330.0,28.10320879807785,5.871215674534836,
2024-04-24,-58.5,28.286908169643723,-1.0340472640056797,
2024-04-25,-58.0,27.89677187181203,-1.039546802521001,
2024-04-26,-59.0,28.404145309539743,-1.038580801447041,
2024-04-29,-59.5,28.76277778742976,-1.034322909277618,
2024-04-30,-57.5,27.83507937404192,-1.032869337775674,
2024-05-01,-58.5,28.28614513303893,-1.034075158082791,
2024-05-02,-2.0,29.079991909250438,-0.03438790502833313,
2024-05-03,-60.5,29.140349630018264,-1.038079514627328,
2024-05-06,223.5,29.930324656445528,3.733671494804,
2024-05-07,-60.5,29.197801466699417,-1.0360369096454276,
2024-05-08,160.5,27.82474421907803,2.8841235473056606,
2024-05-09,-56.0,27.006905346286743,-1.0367718789316895,
2024-05-10,-54.0,26.009983535837694,-1.038062940824173,
2024-05-13,-8.0,25.291413283277862,-0.1581564444500503,
2024-05-14,228.5,24.208098048758014,4.7194950949837855,
2024-05-15,-49.5,23.675376759561015,-1.0453899108492544,
2024-05-16,-50.0,24.09677841959237,-1.0374830844472243,
2024-05-17,-48.5,23.211294246764343,-1.0447500144624833,
2024-05-20,154.0,22.496201800566894,3.422800021204452,
2024-05-21,153.0,22.026830243383543,3.473037162166318,
2024-05-22,-45.0,21.387413797427577,-1.0520206048805323,
2024-05-23,479.5,20.963312811897037,11.436646590701914,
2024-05-24,-46.0,22.04450475390439,-1.0433439198005288,
2024-05-27,-46.0,22.107397271482654,-1.0403757492370553,
2024-05-28,-44.0,21.11222603780532,-1.0420502300707162,
2024-05-29,30.0,20.5417098922478,0.7302215871357829,
2024-05-30,-42.5,20.374444899944386,-1.0429732002199483,
2024-05-31,-43.5,20.80841312137693,-1.045250297229814,
2024-06-03,-46.0,22.109597898421438,-1.0402721978784668,
2024-06-04,-47.5,22.814269477105622,-1.0410151429057763,
2024-06-05,-47.0,22.509678800169507,-1.0439953501168144,
2024-06-06,-49.0,23.600058885871686,-1.0381330029081863,
2024-06-07,-47.0,22.617911822595136,-1.0389995409091508,
2024-06-10,-46.5,22.163060978124054,-1.0490428205268578,
2024-06-11,-45.5,21.665699479686623,-1.050046873461436,
2024-06-12,-2.0,21.925292373994722,-0.04560942599725994,
2024-06-13,-47.5,22.835985775852244,-1.0400251704970964,
2024-06-14,207.0,22.428058220434227,4.614755275858034,
2024-06-17,-45.5,21.792125490403212,-1.0439550749658915,
2024-06-18,-47.5,22.858759383945838,-1.0389890195300844,
2024-06-19,16.0,21.958133713663994,0.364329687774048,
2024-06-20,-43.5,20.76826701983085,-1.047270818467026,
2024-06-21,-45.0,21.46339080412865,-1.0482966184295517,
2024-06-24,-44.0,21.06243431811946,-1.0445136429968105,
2024-06-25,-45.0,21.379403295396642,-1.0524147792677003,
2024-06-26,-45.0,21.541588774296883,-1.0444912042349763,
2024-06-27,-43.5,20.83147529041854,-1.0440931185514228,
2024-06-28,-43.0,20.506012769674356,-1.048472964563624,
2024-07-01,-45.5,21.662726143269047,-1.0501909985631603,
2024-07-02,465.5,21.98860284732126,10.585029054192706,
2024-07-03,-47.0,22.435845501084028,-1.047430996031086,
2024-07-04,15.5,22.399356536720884,0.34599208183926466,
2024-07-05,-44.5,21.15475964124082,-1.0517727630723834,
2024-07-08,-45.0,21.488348238295046,-1.0470790844641125,
2024-07-09,-43.5,20.66775193555969,-1.0523640920316186,
2024-07-10,-42.5,20.305769654448284,-1.0465005937534049,
2024-07-11,858.0,20.550000393416262,20.87591200910349,
2024-07-12,-47.5,22.832143222457958,-1.0402002023462793,
2024-07-15,-49.0,23.456632992282394,-1.044480680925557,
2024-07-16,-49.5,23.85794492140508,-1.037390273199708,
2024-07-17,-49.5,23.725234569876147,-1.0431930578855053,
2024-07-18,414.5,26.400217814884993,7.850314018361929,
2024-07-19,-56.5,27.30377368525035,-1.0346555141299316,
2024-07-22,-57.5,27.657075564875324,-1.0395169920464293,
2024-07-23,-58.0,28.060141595955656,-1.0334944284165626,
2024-07-24,753.5,27.34691719624454,13.776689975561041,
2024-07-25,-63.5,30.79356596794136,-1.0310595412383992,
2024-07-26,-66.5,32.21723982737412,-1.0320561344845056,
2024-07-29,-66.0,32.10707983970454,-1.0278106936150342,
2024-07-30,640.0,31.699431279725644,10.094818332108877,
2024-07-31,-68.5,33.1262576168881,-1.033923010444108,
2024-08-01,-72.5,35.2922392156818,-1.027137999900347,
2024-08-02,-79.0,38.58386498599025,-1.023743992841111,
2024-08-05,-83.0,40.410017486990945,-1.0269730769940881,
2024-08-06,-92.0,45.036087666491596,-1.021403109893704,
2024-08-07,-93.0,45.51386711888505,-1.021666646750519,
2024-08-08,-95.0,46.596805181821836,-1.0193831919303025,
2024-08-09,-97.0,47.43096195454885,-1.0225388227730985,
2024-08-12,-94.0,45.97160752922394,-1.0223701655445117,
2024-08-13,473.0,44.41470699142223,5.324812793331611,
2024-08-14,-91.0,44.57972792060636,-1.0206432861374253,
2024-08-15,444.5,43.381175926277336,5.123189845699324,
2024-08-16,178.0,43.82537764582895,2.0307868358658743,
2024-08-19,-86.0,42.111064956841176,-1.02110929856725,
2024-08-20,-85.0,41.47634603135252,-1.0246804279208608,
2024-08-21,-81.5,39.81374988625591,-1.023515748112621,
2024-08-22,775.0,38.471696322951914,10.072339850759857,
2024-08-23,-80.5,39.175503728455354,-1.0274277589126233,
2024-08-26,-79.5,38.65403917642283,-1.02835307375188,
2024-08-27,-78.0,38.00732209239263,-1.0261180702285275,
2024-08-28,-76.0,37.09787051436458,-1.024317554434455,
2024-08-29,-76.5,37.1480226204814,-1.029664496298412,
2024-08-30,-76.0,37.04102100473273,-1.025889647997142,
2024-09-02,-74.5,36.26844807582325,-1.0270635214973827,
2024-09-03,816.5,34.26891607040731,11.913128479501035,
2024-09-04,-76.0,37.07827920823536,-1.024858780165826,
2024-09-05,-75.0,36.40483069336141,-1.0300830764978204,
2024-09-06,-74.0,36.00805707240703,-1.0275478048037503,
2024-09-09,-76.5,37.33069585294938,-1.024625957969599,
2024-09-10,-75.0,36.60528900631014,-1.0244421234738956,
2024-09-11,-2.0,36.05312550585941,-0.027736846278070354,
2024-09-12,-79.5,38.810045112583744,-1.0242193711625314,
2024-09-13,-78.5,38.170041890256336,-1.0282933435820867,
2024-09-16,-75.5,36.722181755238026,-1.0279890299441528,
2024-09-17,-73.5,35.79559734414959,-1.026662571004878,
2024-09-18,-72.5,35.20841181956748,-1.029583503674359,
2024-09-20,-76.0,37.04985508932094,-1.0256450371638004,
2024-09-23,-74.0,36.003436868655164,-1.0276796666657246,
2024-09-24,-70.5,34.203191378036934,-1.0306055832741754,
2024-09-25,-69.5,33.62974913674858,-1.0333113059718688,
2024-09-26,215.5,32.195481341266536,3.3467429437649536,
2024-09-27,269.5,32.24937553117607,4.178375481092174,
2024-09-30,-65.0,31.44584870752064,-1.033522748973452,
2024-10-01,391.5,30.847930942697737,6.345644392280954,
2024-10-02,-65.5,31.874864446790752,-1.027455349799844,
2024-10-03,-65.0,31.4320169863057,-1.0339775527023798,
2024-10-04,-2.0,30.86365863014101,-0.03240056572630097,
2024-10-07,-63.0,30.498397299416656,-1.0328411585287631,
2024-10-08,320.5,30.31458320660118,5.286234645149421,
2024-10-09,-63.0,30.50997012041538,-1.0324493886974393,
2024-10-10,-62.0,30.075329397528566,-1.0307451529540825,
2024-10-11,-61.0,29.4038772977051,-1.0372781688345722,
2024-10-14,-59.0,28.58574320501188,-1.0319829639702292,
2024-10-15,-58.5,28.18854726179675,-1.0376554608630653,
2024-10-16,-60.0,29.069722457382696,-1.0320015969874197,
2024-10-17,-58.5,28.22902799614107,-1.0361674516033106,
2024-10-18,-57.5,27.853740282131,-1.0321773560315697,
2024-10-21,-56.0,27.048115976264498,-1.0351922486790137,
2024-10-22,227.0,26.612536263674173,4.264907293143882,
2024-10-23,-54.5,26.374140816268877,-1.0332090129431193,
2024-10-24,-57.5,27.781345043678243,-1.0348671007396806,
2024-10-25,-2.0,27.155891826272654,-0.03682442124889173,
2024-10-28,-57.0,27.55368526725318,-1.0343443979840872,
2024-10-29,-55.0,26.590922033877952,-1.0341875308033261,
2024-10-30,-56.0,26.936213317172385,-1.039492807333443,
2024-10-31,540.5,26.33184093737436,10.263239879153986,
2024-11-01,52.0,28.202780870419048,0.9218949053095161,
2024-11-04,-58.5,28.16508223681769,-1.0385199572314436,
2024-11-05,259.5,27.68007636275928,4.687487068300339,
2024-11-06,-57.5,27.75649947970505,-1.0357934371739266,
2024-11-07,362.0,29.98639237401183,6.036071219986651,
2024-11-08,-63.0,30.41057863301099,-1.0358237631758322,
2024-11-11,98.0,28.979465873510204,1.690852419912623,
2024-11-12,-58.5,28.298789739688047,-1.0336131074530694,
2024-11-13,-57.5,27.68459047256747,-1.038483846401421,
2024-11-14,-56.5,27.221405438812653,-1.0377862400785802,
2024-11-15,481.0,26.730590764611748,8.997182371232684,
2024-11-18,-60.5,29.13019142428234,-1.038441511056608,
2024-11-19,478.0,28.710177751119318,8.324574026389724,
2024-11-20,-2.0,28.691593626039367,-0.034853414314792164,
2024-11-21,-2.0,28.701122652750843,-0.034841842672804144,
2024-11-22,-61.0,29.447471034697216,-1.0357425927701098,
2024-11-25,-59.0,28.47086596079027,-1.0361469173655287,
2024-11-26,-59.0,28.585446963590968,-1.031993658786371,
2024-11-27,138.0,27.591843609048755,2.5007390219249945,
2024-11-28,-1.5,27.86921192268813,-0.02691141759159075,
2024-11-29,231.0,26.544625356781836,4.351163312632368,
2024-12-02,204.5,26.162866402725992,3.90821091336331,
2024-12-04,-53.0,25.450379704391292,-1.0412418324520165,
2024-12-05,-53.0,25.557495439791914,-1.036877813885497,
2024-12-06,273.5,24.505174336949636,5.5804540755216845,
2024-12-09,-50.5,24.138733312881804,-1.0460366611915448,
2024-12-10,-50.0,24.003823790533104,-1.0415007299736878,
2024-12-11,368.5,24.103550662637886,7.644102007161949,
2024-12-12,-52.5,25.32472561530661,-1.0365364031480027,
2024-12-13,-51.5,24.70867378564185,-1.042144156476875,
2024-12-16,-51.5,24.83483994381029,-1.036849847160694,
2024-12-17,-53.0,25.596637090680986,-1.0352922497638528,
2024-12-18,-52.0,24.941520155632343,-1.0424384655691739,
2024-12-19,-61.5,29.743911573087175,-1.0338250207757864,
2024-12-20,-62.0,30.010417889295237,-1.0329746194923113,
2024-12-23,-67.0,32.52217375434557,-1.0300664479883903,
2024-12-24,355.0,32.342018486178034,5.48821651548613,
2024-12-26,-66.5,32.1336600228796,-1.0347405174613022,
2024-12-27,142.5,31.30982716410249,2.2756433507780565,
2024-12-30,-67.5,32.70555379523803,-1.0319348270725213,
2024-12-31,-69.0,33.5837285241496,-1.0272831968371685,
2025-01-02,-68.5,33.37417648671035,-1.0262425505431845,
2025-01-03,-70.5,34.2778067376596,-1.0283621781807961,
2025-01-06,-71.0,34.616891970683916,-1.025510898842795,
2025-01-07,-72.0,34.91925682992078,-1.0309497758025932,
2025-01-08,-74.5,36.18573848492644,-1.0294110762867776,
2025-01-10,-73.0,35.49747145028884,-1.0282422524408565,
2025-01-13,-75.0,36.42979491812535,-1.029377192056115,
2025-01-14,-74.0,36.06695242397354,-1.0258698756983489,
2025-01-15,-74.0,36.03538439368972,-1.0267685671331204,
2025-01-16,-76.5,37.245356936997595,-1.0269736457272194,
2025-01-17,-75.0,36.40283144149777,-1.0301396488969676,
2025-01-20,-75.5,36.831200624247934,-1.0249462238585612,
2025-01-21,-73.0,35.47182915108737,-1.0289855604720377,
2025-01-22,72.5,34.69705564029541,1.0447572374959988,
2025-01-23,-72.0,34.92583738027431,-1.030755529438855,
2025-01-24,-69.5,33.70077756739757,-1.031133478463638,
2025-01-27,-68.0,32.9667934554406,-1.0313408262152013,
2025-01-28,-75.0,36.42273678005199,-1.0295766687290233,
2025-01-29,-76.5,37.15325558147685,-1.0295194701341313,
2025-01-30,-74.5,36.208380182799935,-1.028767368546767,
2025-01-31,-74.0,35.97385302688565,-1.0285248002861256,
2025-02-03,-75.0,36.47750638210811,-1.028030798135736,
2025-02-04,430.5,37.21125592624324,5.78454004419117,
2025-02-05,-75.0,36.61580907436873,-1.0241477915682657,
2025-02-06,-74.0,35.91467985477096,-1.0302194019163688,
2025-02-07,-71.0,34.568988436573036,-1.0269319874700753,
2025-02-10,-72.0,35.06584640538925,-1.0266399842117366,
2025-02-11,-71.5,34.74507166214716,-1.0289229030126783,
2025-02-12,419.5,33.48292368627951,6.264387243039665,
2025-02-13,-68.5,33.253786280116685,-1.0299579034847823,
2025-02-14,142.0,33.17851583153693,2.1399390003006977,
2025-02-17,-65.5,31.772907557855717,-1.0307523773316962,
2025-02-18,21.0,29.92662844658031,0.35085810012787544,
2025-02-19,-60.0,28.969369271824576,-1.0355765677362472,
2025-02-20,-58.5,28.19834289526568,-1.0372949966826202,
2025-02-21,940.0,28.29846125988956,16.60867690591295,
2025-02-24,558.5,30.030714027040307,9.29881319999775,
2025-02-25,-63.5,30.692805882251715,-1.0344443620372816,
2025-02-26,-65.0,31.579034033519452,-1.0291638422347875,
2025-02-27,-65.5,31.785888745410922,-1.030331423554368,
2025-02-28,-72.0,35.110110977881575,-1.0253456624696808,
2025-03-03,-2.0,36.05760305089003,-0.027733401984281827,
2025-03-04,-80.5,39.22670283296932,-1.0260867494111847,
2025-03-05,-84.0,41.11943834490009,-1.021414729639884,
2025-03-06,-85.5,41.825192748835796,-1.0221112489957371,
2025-03-07,-89.0,43.516250409633244,-1.0226064879466035,
2025-03-10,-90.5,44.127589666088014,-1.025435568595639,
2025-03-11,-97.5,47.77383326136744,-1.0204330838032614,
2025-03-12,-97.5,47.83105945698406,-1.019212213851177,
2025-03-13,575.0,47.16276949577091,6.095910038230053,
2025-03-14,-96.0,46.929714531787276,-1.0228061363443364,
2025-03-17,-96.0,47.0847349223739,-1.0194386796301402,
2025-03-18,273.0,46.08225385649005,2.962094701901736,
2025-03-19,-93.5,45.840664295312195,-1.019836878864358,
2025-03-20,-2.0,45.68597398850418,-0.021888555998644723,
2025-03-21,537.0,44.9155472750396,5.9778855271615585,
2025-03-24,-90.5,44.3251510411082,-1.0208651056379723,
2025-03-25,-91.0,44.41978310960047,-1.024318373814078,
2025-03-26,-86.5,42.200512887486155,-1.024869060603883,
2025-03-27,-86.5,42.348690538380005,-1.0212830538597917,
2025-03-28,754.0,41.19699835706715,9.15115214784398,
2025-03-31,-86.5,42.347212760133786,-1.0213186932745693,
2025-04-01,-88.0,42.98669756298138,-1.023572465308227,
2025-04-02,655.0,42.65014773705414,7.67875417499364,
2025-04-03,-89.5,43.70192289869313,-1.0239824024159407,
2025-04-04,-98.5,48.30714269164362,-1.019517968892817,
2025-04-07,-108.0,53.12270392795479,-1.0165145221755845,
2025-04-08,-125.0,61.38536793310087,-1.018157943894934,
2025-04-09,-136.0,66.88462736645081,-1.0166760685895464,
2025-04-10,-157.5,77.71072541170433,-1.0133736312817785,
2025-04-11,-165.5,81.80638788229687,-1.0115346996992558,
2025-04-14,-162.5,80.2737887478471,-1.0121610212670955,
2025-04-15,-158.5,78.23458955157231,-1.0129790474296325,
2025-04-16,-151.0,74.50711886931715,-1.0133259901302092,
2025-04-17,-152.5,75.20839609293736,-1.0138495694785925,
2025-04-21,-145.5,71.72565351487042,-1.014281452101614,
2025-04-22,-145.0,71.4113211209511,-1.0152451860847802,
2025-04-23,-143.0,70.5372981837403,-1.0136481243405722,
2025-04-24,868.0,71.10963402775886,6.103251773600475,
2025-04-25,-142.0,69.95894588291894,-1.014880929149838,
2025-04-28,-136.5,67.25116403413902,-1.0148523223383008,
2025-04-29,343.5,65.06000946027194,2.6398705045512934,
2025-04-30,-127.0,62.446794498823955,-1.0168656455407952,
2025-05-01,-126.5,62.357737748907965,-1.0143087655726841,
2025-05-02,-124.5,61.355399338271674,-1.0145806346528055,
2025-05-05,68.0,59.822870814109415,0.568344506662843,
2025-05-06,-116.0,57.02302289881589,-1.017133028933203,
2025-05-07,-112.5,55.28209269175761,-1.0175085142604723,
2025-05-08,-110.0,54.01015749948921,-1.0183269693394275,
2025-05-09,-108.0,52.92371767809713,-1.0203364836999782,
2025-05-12,-103.5,50.7273807010902,-1.0201591188974561,
2025-05-13,464.5,52.94685350815518,4.386474069969569,
2025-05-14,-106.0,51.99886397185838,-1.0192530365410182,
2025-05-15,-100.5,49.34715940243992,-1.0182956954056293,
2025-05-16,-97.5,47.83664801655135,-1.019093143464664,
2025-05-19,549.0,45.78938744394054,5.994838876935566,
2025-05-20,-92.0,44.96335976937337,-1.023055221761536,
2025-05-21,-2.0,43.360619785846694,-0.023062400974406948,
2025-05-22,-89.5,43.73307551542908,-1.0232529835275854,
2025-05-23,-86.5,42.20749869289843,-1.0246994334984596,
2025-05-26,-85.5,41.77124878626283,-1.0234312174564206,
2025-05-27,-84.5,41.139373872958345,-1.026996670646261,
2025-05-28,-82.5,40.31334716774703,-1.0232343106702473,
2025-05-29,395.0,38.9945366557651,5.064812072098332,
2025-05-30,-80.0,38.91456975178188,-1.0278926441983447,
2025-06-02,-79.5,38.72067191236889,-1.0265834252556527,
2025-06-03,279.5,38.16205249005683,3.662014773351408,
2025-06-04,-76.5,37.221905883624196,-1.0276206736858178,
2025-06-05,-73.5,35.72034117765104,-1.0288255595664124,
2025-06-06,-74.5,36.25103109353311,-1.027556979107419,
2025-06-09,-73.5,35.7098860154236,-1.0291267797418104,
2025-06-10,-70.5,34.15917987146477,-1.031933440224262,
2025-06-11,-69.0,33.50138130921729,-1.0298082840694083,
2025-06-12,-68.0,33.0762826442732,-1.0279268793794376,
2025-06-13,-65.5,31.847619598253686,-1.0283343123639856,
2025-06-16,207.5,31.974575341235568,3.2447655330139833,
2025-06-17,-66.5,32.24067710257589,-1.0313058839990514,
2025-06-18,-65.5,31.84134302382047,-1.0285370179109519,
2025-06-19,60.5,31.10624709354758,0.9724734684009761,
2025-06-20,-64.0,31.0183008725799,-1.0316490297599736,
2025-06-23,-65.5,31.856279381681333,-1.028054770854144,
2025-06-24,-66.0,32.11475942584695,-1.027564913764871,
2025-06-25,-67.0,32.50299089542931,-1.030674380329439,
2025-06-26,-64.5,31.322420117184365,-1.0296139276385843,
2025-06-27,-63.5,30.733318680242622,-1.0330807528576784,
2025-06-30,-62.5,30.148795917368147,-1.0365256405479686,
2025-07-01,-60.5,29.30066763755614,-1.032399683658643,
2025-07-02,351.0,29.286334234873557,5.992556070435686,
2025-07-03,-59.5,28.642667503811158,-1.0386602433604168,
2025-07-04,-59.0,28.439619824967505,-1.0372853146968433,
2025-07-07,-57.5,27.62964698032697,-1.0405489444172322,
2025-07-08,-56.0,27.068600767446476,-1.0344088429452052,
2025-07-09,-54.0,26.004772141200302,-1.038270970166392,
2025-07-10,-2.0,25.72050270254314,-0.03887948892620687,
2025-07-11,-52.5,25.231538223790057,-1.040364632832796,
2025-07-14,-51.0,24.561428350662197,-1.038213235644844,
2025-07-15,-51.0,24.4088263256149,-1.0447040615484249,
2025-07-16,-2.0,24.011767302356695,-0.041646247333983304,
2025-07-17,-50.5,24.18592678075979,-1.043995552822342,
2025-07-18,40.0,23.98693201070552,0.833787330162685,
2025-07-21,87.0,23.277151152797984,1.868785390207477,
2025-07-22,-48.0,23.030568927598125,-1.0420932316283416,
2025-07-23,-48.0,23.11231400419826,-1.0384074911599286,
2025-07-24,-47.5,22.732863003898387,-1.0447430222901175,
2025-07-25,75.5,22.010872789334215,1.715061477175611,
2025-07-28,-45.0,21.476167590096058,-1.047672956807065,
2025-07-29,-43.5,20.702869905089198,-1.050578982513598,
2025-07-30,-44.0,20.875879197582826,-1.053847830396879,
2025-07-31,-44.0,21.049030683469766,-1.045178770026548,
2025-08-01,-2.0,22.734814206079072,-0.04398540454017036,
2025-08-04,332.5,25.24839890564485,6.58457594167807,
2025-08-05,-55.0,26.493156126670222,-1.0380039232968625,
2025-08-06,-55.5,26.627573546193776,-1.04215278766798,
2025-08-07,-56.0,26.95238972146565,-1.0388689199496104,
2025-08-08,270.5,27.47007616993239,4.923539314683046,
2025-08-11,-56.0,27.10078501493722,-1.033180403614403,
2025-08-12,-55.5,26.71501465672742,-1.038741709730335,
2025-08-13,-56.5,27.149656466961176,-1.0405288197431835,
2025-08-14,-55.0,26.513966719321093,-1.0371892026235505,
2025-08-15,-53.5,25.809397667941017,-1.0364441799130921,
2025-08-18,-52.5,25.305154977373803,-1.0373380452904166,
2025-08-19,-50.5,24.249429621847103,-1.0412616046544638,
2025-08-20,90.5,25.167327506000884,1.7979660331122014,
2025-08-21,-55.0,26.47858982700082,-1.0385749460100637,
2025-08-22,-54.5,26.224761982215053,-1.0390942735144837,
2025-08-25,-57.0,27.52656469777112,-1.0353634866143577,
2025-08-26,-55.5,26.79609579078747,-1.035598626630544,
2025-08-27,-54.0,26.11780323430265,-1.0337776021123664,
2025-08-28,-53.0,25.466531574709606,-1.0405814361590062,
2025-08-29,327.5,25.299279319373206,6.472516388030335,
2025-09-01,-54.5,26.129687939417977,-1.042875064684258,
2025-09-02,-2.0,24.727567372316695,-0.040440694587674325,
2025-09-03,-54.5,26.368455417151218,-1.0334317869174614,
2025-09-04,-54.5,26.259994315926136,-1.0377001484525625,
2025-09-05,-54.5,26.314637579074272,-1.0355453278850983,
2025-09-08,-56.5,27.27073489485468,-1.0359090104803184,
2025-09-09,-55.5,26.729968116650777,-1.0381606098031153,
2025-09-10,-54.0,25.992113251175724,-1.0387766373239653,
2025-09-11,-53.5,25.674819447520317,-1.0418768495987816,
2025-09-12,-52.0,25.067689486983152,-1.0371917209801473,
2025-09-15,219.0,24.402140237912928,4.4873113150080535,
2025-09-16,90.0,24.14663022091915,1.863614077338824,
2025-09-17,-2.0,23.14508520513921,-0.043205716943222,
2025-09-18,-49.5,23.697221976200694,-1.044426221134976,
2025-09-19,-51.0,24.438491835043504,-1.0434359113533491,
2025-09-22,-50.0,24.04824241825468,-1.039577012123882,
2025-09-23,319.5,23.85193938837935,6.697568587560226,
2025-09-24,200.5,23.78572943206654,4.214712030855306,
2025-09-25,-50.0,24.03139161549036,-1.0403059631338738,
2025-09-26,-51.0,24.57914935724105,-1.0374647075606653,
2025-09-29,-50.5,24.37349583172383,-1.0359613645218402,
2025-09-30,-51.0,24.41824612945784,-1.0443010470451908,
2025-10-01,-50.0,24.041942834496567,-1.0398494070175046,
2025-10-02,-2.0,24.544304060603956,-0.04074265041415859,
2025-10-03,-50.0,24.042925199132245,-1.0398069200374294,
2025-10-06,-50.0,24.073787684908513,-1.0384738923186614,
2025-10-07,-50.5,24.182802850272193,-1.0441304159958362,
2025-10-08,411.0,24.455459789538466,8.403031542588645,
2025-10-09,22.5,24.844355518857146,0.4528191520790758,
2025-10-10,-50.5,24.312615838938783,-1.0385554630267269,
2025-10-13,-61.5,29.745643279014583,-1.0337648344520418,
2025-10-14,-65.5,31.64059733051354,-1.0350626335494804,
2025-10-15,-68.5,33.14126894976257,-1.03345469516928,
2025-10-16,-70.0,34.00082116763667,-1.029386902964402,
2025-10-17,-73.0,35.400762512805485,-1.0310512375770688,
2025-10-20,226.5,35.609636619033665,3.1803188898441856,
2025-10-21,-73.5,35.676805431959835,-1.0300810163647327,
2025-10-22,-70.5,34.16596218681985,-1.0317285902048543,
2025-10-23,441.0,35.20053631633271,6.264109103863004,
2025-10-24,-71.5,34.750498008023236,-1.028762235054761,
2025-10-27,222.5,34.53796243602158,3.221093317420808,
2025-10-28,-73.0,35.44060797630575,-1.0298920386580988,
2025-10-29,-71.5,34.841278835141054,-1.0260817396846642,
2025-10-30,-70.5,34.33297320405955,-1.0267097984928384,
2025-10-31,332.0,34.825260832341016,4.766654894536829,
2025-11-03,130.0,34.67702791574523,1.8744397633479575,
2025-11-04,-70.5,34.15188306462057,-1.032153920570108,
2025-11-05,-73.5,35.757105702861956,-1.0277677479097134,
2025-11-06,772.5,36.003026724086105,10.728264680635807,
2025-11-07,-2.0,37.311739100937096,-0.026801216563365298,
2025-11-10,-79.0,38.568043450870164,-1.0241639571454282,
2025-11-11,-82.0,40.07211177580801,-1.0231554610693656,
2025-11-12,104.5,38.88481807753601,1.3437120856734863,
2025-11-13,-78.5,38.19304535771201,-1.0276740079872833,
2025-11-14,-82.0,39.9131849750183,-1.0272294738107706,
2025-11-17,-85.5,41.82831461965985,-1.0220349633668229,
2025-11-18,-87.0,42.57093500396986,-1.0218239274270933,
2025-11-19,-2.0,43.187296789400584,-0.02315495699757316,
2025-11-20,-89.0,43.53820416158626,-1.0220908477263821,
2025-11-21,-100.0,49.08547529290152,-1.0186312692632873,
2025-11-24,-102.5,50.357941343408555,-1.0177143591019375,
2025-11-25,-105.0,51.61630267602224,-1.0171205080209722,
2025-11-26,-105.5,51.738352484877794,-1.0195531451338327,
2025-11-27,-21.5,50.157041593100814,-0.214326835446345,
2025-11-28,-95.5,46.80296719359362,-1.0202344608299965,
2025-12-01,-91.5,44.87418382262264,-1.0195171500130067,
2025-12-02,-89.5,43.71531354957817,-1.0236687413724799,
2025-12-04,-84.5,41.29241321366689,-1.0231903807941205,
2025-12-05,-82.0,39.94474084126212,-1.0264179748450846,
2025-12-08,-79.5,38.80583078117197,-1.0243306018663083,
2025-12-09,-78.5,38.14827143965969,-1.0288801698940135,
2025-12-10,-75.5,36.67875205111257,-1.0292062267384297,
2025-12-11,-75.0,36.50169833317596,-1.0273494580364964,
2025-12-12,685.0,36.82121988080625,9.301701603279433,
2025-12-15,-79.0,38.453632746462944,-1.027211141803847,
2025-12-16,-79.0,38.43730183600131,-1.027647574445596,
2025-12-17,1013.5,37.63642313342979,13.464350695693227,
2025-12-18,-80.0,38.948107195327665,-1.0270075462049288,
2025-12-19,-82.0,39.882170967089976,-1.028028289478836,
2025-12-22,-81.0,39.52273018372641,-1.024726779039065,
2025-12-23,-78.5,38.22824945631738,-1.026727630959146,
2025-12-26,-72.0,35.008669174069574,-1.0283167240948619,
2025-12-29,-68.5,33.2294785187789,-1.030711330021155,
2025-12-30,-67.0,32.41844433886612,-1.0333623553872144,
2025-12-31,420.0,30.99926974323283,6.774353129587616,
2026-01-02,-63.0,30.552893333001915,-1.0309989190442745,
2026-01-05,-66.5,32.21697238064464,-1.0320647020194853,
2026-01-06,-66.5,32.21933149631288,-1.0319891337225624,
2026-01-07,-2.0,31.710807818004817,-0.03153498976560976,
2026-01-08,45.0,31.05467868814733,0.7245285074737416,
2026-01-09,-63.5,30.736487353279667,-1.0329742509308628,
2026-01-12,191.5,31.183881113759693,3.0704965700292806,
2026-01-13,-64.0,30.935032462776856,-1.0344259388932138,
2026-01-14,-63.0,30.436101572578508,-1.0349551477505916,
2026-01-15,-65.5,31.71209431739433,-1.0327290172707506,
2026-01-16,270.0,31.705873294723308,4.2578861886282615,
2026-01-19,-65.0,31.580453773671646,-1.0291175748429229,
2026-01-20,-67.0,32.52470707555224,-1.0299862170067275,
2026-01-21,-2.0,32.57115657015566,-0.030702010775886336,
2026-01-22,-70.0,34.001788243715964,-1.0293576252263297,
2026-01-23,-69.0,33.43201765487911,-1.0319448965403686,
2026-01-26,148.0,33.0672306795306,2.2378650548988293,
2026-01-27,-66.5,32.36421420242128,-1.0273692972132304,
2026-01-28,-66.0,31.975698902248332,-1.0320337360219403,
2026-01-29,209.5,31.298863266373452,3.346766913178608,
2026-01-30,-69.5,33.627515890203924,-1.0333799295035964,
2026-02-02,436.0,34.24519332661793,6.365856893281256,
2026-02-03,857.5,34.72589380328807,12.346694441581318,
2026-02-04,-77.0,37.482972817338926,-1.0271330448525848,
2026-02-05,-81.0,39.53418904467186,-1.0244297651897403,
2026-02-06,-82.0,39.93353268433816,-1.0267060598943731,
2026-02-09,422.0,41.25078034974258,5.115054750747684,
2026-02-10,-85.5,41.684653181903826,-1.0255572911557451,
2026-02-11,-83.0,40.485749383196406,-1.025052040094497,
2026-02-12,1087.5,40.50105299868238,13.425576861364314,
2026-02-13,-87.0,42.40097778449078,-1.0259197375375437,
2026-02-16,-86.5,42.34912222845573,-1.0212726433073256,
2026-02-17,-82.5,40.26168492642318,-1.0245472854745878,
2026-02-18,-83.0,40.532278860250095,-1.0238753202869861,
2026-02-19,-82.5,40.32461608451794,-1.0229483626959401,
2026-02-20,537.0,38.94785779276666,6.893832298264821,
2026-02-23,-81.0,39.458725093283334,-1.0263889647791462,
2026-02-24,-81.0,39.54560187233452,-1.024134115615349,
2026-02-25,321.0,39.46555888145349,4.066837124544704,
2026-02-26,375.0,39.264447532778235,4.775312318948934,
2026-02-27,-82.5,40.193772709008364,-1.0262783814457634,
2026-03-02,379.0,39.474574658364915,4.800558375613649,
2026-03-03,-82.5,40.197819325624565,-1.0261750684994175,
2026-03-04,-86.0,42.12118937379424,-1.020863860666587,
2026-03-05,-87.0,42.40181870423751,-1.0258993913308898,
2026-03-06,-87.0,42.49633165393483,-1.0236177643340714,
2026-03-09,-87.5,42.651950821510916,-1.0257444069342614,
2026-03-10,-92.0,44.926811477117276,-1.0238874847245578,
2026-03-11,-90.0,44.04096780018033,-1.0217759111055624,
2026-03-12,360.5,43.08447010016745,4.183642031129436,
2026-03-13,-88.5,43.158793664441205,-1.0252835226128632,
2026-03-16,-88.5,43.32423697412398,-1.021368247672289,
2026-03-17,-88.0,43.108220047400835,-1.020687004743378,
2026-03-18,-85.5,41.68977575830078,-1.0254312771516436,
2026-03-19,-84.5,41.344077489850726,-1.0219117843510153,
2026-03-20,-84.0,40.99628624057567,-1.0244830410621661,
2026-03-23,-87.0,42.378694366248844,-1.0264591830994252,
2026-03-24,-89.0,43.46950191151678,-1.0237062317985797,
2026-03-25,-86.5,42.25560891783701,-1.0235327594993724,
2026-03-26,-85.0,41.42842256656294,-1.0258657551277834,
2026-03-27,-87.5,42.73174952609416,-1.023828897370187,
2026-03-30,654.5,43.37769598851601,7.54419967548847,
2026-03-31,-90.0,43.948931989336295,-1.0239156667315314,
2026-04-01,-95.5,46.807936847240846,-1.0201261413386709,
2026-04-02,-95.0,46.5966556438665,-1.019386463334143,
2026-04-06,-97.0,47.47368024073318,-1.021618710705858,
2026-04-07,-93.5,45.864845937823674,-1.0192991831560119,
2026-04-08,165.0,45.72807122797912,1.8041434459085965,
2026-04-09,-99.5,48.749280425980615,-1.020527884007208,
2026-04-10,-97.0,47.47611753841057,-1.0215662635168314,
2026-04-13,-92.5,45.30460914280982,-1.0208674321460343,
2026-04-14,562.5,44.856065632609116,6.270055031209403,
2026-04-15,-92.0,44.97348951599418,-1.0228247906723082,
2026-04-16,-91.0,44.58431169342317,-1.0205383524337757,
2026-04-17,-89.0,43.46043228675009,-1.02391986592289,
2026-04-20,-88.5,43.21325855198222,-1.023991281443649,
2026-04-21,-86.0,41.97659722684064,-1.0243803176238635,
2026-04-22,379.5,41.360411710637734,4.587720289815129,
2026-04-23,-85.5,41.62573944559219,-1.0270087827719505,
2026-04-24,-86.0,42.038186628049885,-1.0228795161994058,
2026-04-27,-87.5,42.865816154617754,-1.0206267820072055,
2026-04-28,-84.0,40.92004357214506,-1.0263918689615004,
2026-04-29,-84.0,41.107897602706124,-1.0217014843696397,
2026-04-30,-81.5,39.714476345369974,-1.0260742114695098,
2026-05-01,200.0,40.15451374927213,2.490380051030071,
2026-05-04,-81.5,39.71133419575269,-1.026155399340836,
2026-05-05,219.0,39.21766746748464,2.792108941481194,
2026-05-06,-80.5,39.330691219807164,-1.0233738271990975,
2026-05-07,-83.5,40.7356418469638,-1.0249009984142867,
2026-05-08,750.5,40.63131028646639,9.235488527304263,
2026-05-11,-87.0,42.4201452660045,-1.0254561771824222,
2026-05-12,-84.0,41.05620631843275,-1.022987844377222,
2026-05-13,-88.0,43.03254872425899,-1.0224818493076062,
2026-05-14,271.5,43.4623666725262,3.1233918075108282,
2026-05-15,-87.5,42.66862619591719,-1.0253435345941904,
2026-05-18,377.0,43.88515289620882,4.295302341678392,
2026-05-19,-91.0,44.61835626076534,-1.0197596642530269,
2026-05-20,-91.5,44.7420450992821,-1.0225281365320082,
2026-05-21,-92.0,44.91939902076195,-1.0240564433807005,
2026-05-22,-91.5,44.76087051927896,-1.0220980840909921,
2026-05-25,-89.5,43.72616548218761,-1.0234146878996162,
2026-05-26,-89.5,43.75465366203135,-1.022748353710142,
2026-05-27,185.0,42.715035543314826,2.165513824896649,
2026-05-28,-86.0,41.91039014736377,-1.0259985614260565,
2026-05-29,-86.0,41.94714799398065,-1.0250994896284829,
2026-06-02,-83.5,40.79728577032005,-1.0233523924861945,
2026-06-03,-82.0,40.00819392958291,-1.0247900735575002,
2026-06-04,-81.0,39.37725150604127,-1.0285126170826442,
2026-06-05,1974.0,40.02709068418118,24.658299744729266,
2026-06-08,-98.0,47.9626556353111,-1.0216281678098988,
2026-06-09,-101.5,49.731394518503166,-1.0204821419419046,
2026-06-10,-117.5,57.75415205289579,-1.0172428805844493,
2026-06-11,-120.0,59.03599833483182,-1.0163290482478284,
2026-06-12,-126.0,62.092355596629545,-1.0146176513139038,
2026-06-15,425.0,61.44290162544172,3.458495519879711,
2026-06-16,-125.0,61.450551509338744,-1.0170779344511134,
2026-06-17,-124.5,61.25229783010026,-1.0162884039496303,
2026-06-18,-124.5,61.325347985093096,-1.0150778111382535,
2026-06-19,-49.0,62.577108843300735,-0.39151696926987184,
2026-06-22,-119.5,58.63052964020783,-1.0190936422826453,
2026-06-23,-117.5,57.76406323733585,-1.0170683415848574,
2026-06-24,-124.5,61.330915863240435,-1.0149856581109762,
2026-06-25,614.5,61.541207587294686,4.992589714203665,
2026-06-26,-129.0,63.55433561677364,-1.0148796203130597,
2026-06-29,-128.0,63.07188307271838,-1.0147152246304674,
2026-06-30,667.0,64.25067713895278,5.190606774131746,
2026-07-01,-129.5,63.70955734331329,-1.0163310294416275,
2026-07-02,-127.0,62.44101753307663,-1.0169597246931859,
2026-07-03,-58.5,64.87380199499972,-0.4508753780494398,
2026-07-06,-128.5,63.218530423928314,-1.0163159372600865,
2026-07-07,-124.0,60.97256396507629,-1.0168507926862351,
2026-07-08,-126.0,61.915595110427994,-1.017514244797905,
2026-07-09,-123.5,60.82162403111171,-1.0152639128546355,
2026-07-10,-122.5,60.305793743175165,-1.0156569742012838,
2026-07-13,-120.0,58.875022761519794,-1.019107886259969,
2026-07-14,-120.5,59.27144970712553,-1.016509639931362,
2026-07-15,360.5,58.100274728045136,3.1023949687623924,
2026-07-16,-118.0,58.09668367604192,-1.0155485006510034,
2026-07-17,-119.0,58.39334912775321,-1.0189516595430355,
2026-07-20,-122.0,59.99918133291369,-1.0166805387149056,
2026-07-21,-119.5,58.772454094848435,-1.0166327222541018,
2026-07-22,17.0,58.71370737378783,0.14477028244676546,
2026-07-23,-114.5,56.3216568470887,-1.0164828807403823,
2026-07-24,-117.0,57.49868135801094,-1.0174146366201762,
2026-07-27,-115.0,56.37913268958158,-1.0198808895587275,
2026-07-28,-116.5,57.18598035461147,-1.0186063024327032,
2026-07-29,-116.5,57.306624614996366,-1.0164618905988885,
2026-07-30,677.5,58.79900857106806,5.761151560754058,
2026-07-31,-125.0,61.475865101706056,-1.016659137640432,
2026-08-03,-125.5,61.69901759444133,-1.0170340217159852,
2026-08-04,988.0,61.94015919483839,7.9754396246557615,
2026-08-05,-132.0,65.0533621094928,-1.0145517135442423,
2026-08-06,74.0,63.844193387386156,0.5795358675063185,
2026-08-07,-127.0,62.46246528828715,-1.016610530931244,
2026-08-10,-123.0,60.597289196266644,-1.014896884261763,
2026-08-11,-117.0,57.56355425367617,-1.0162680320641253,
2026-08-12,-113.5,55.659014664127874,-1.0196012333753235,
2026-08-13,496.5,54.29587075954731,4.572170894899002,
2026-08-14,-109.0,53.415808562436794,-1.0202972016476342,
2026-08-17,-105.0,51.400393665119886,-1.0213929555101113,
2026-08-18,-100.5,49.30750840332561,-1.0191145654524862,
2026-08-19,300.0,49.91054351737378,3.0053770091240386,
2026-08-20,-100.0,48.9669332661328,-1.0210972316410452,
2026-08-21,-97.5,47.74965231855189,-1.0209498422056458,
2026-08-24,-94.5,46.258605724369616,-1.0214315641404665,
2026-08-25,-94.5,46.16156245834321,-1.0235788713312945,
2026-08-26,-92.0,45.116093711318705,-1.01959181781865,
2026-08-27,-89.0,43.40422987479594,-1.025245699056634,
2026-08-28,-88.5,43.21642774088195,-1.0239161891240796,
