date,pnl_pc,stop_pt,r,exit_reason
2019-01-02,273.0,25.000000000000004,5.459999999999999,
2019-01-03,-52.0,25.000000000000004,-1.0399999999999998,
2019-01-04,326.0,25.000000000000004,6.519999999999999,
2019-01-07,105.5,25.000000000000004,2.11,
2019-01-08,-52.0,25.000000000000004,-1.0399999999999998,
2019-01-09,-52.0,25.000000000000004,-1.0399999999999998,
2019-01-10,-52.0,25.000000000000004,-1.0399999999999998,
2019-01-11,-52.0,25.000000000000004,-1.0399999999999998,
2019-01-14,-52.0,25.000000000000004,-1.0399999999999998,
2019-01-15,167.5,25.000000000000004,3.3499999999999996,
2019-01-16,-52.0,25.000000000000004,-1.0399999999999998,
2019-01-17,123.0,25.000000000000004,2.4599999999999995,
2019-01-18,-52.0,25.000000000000004,-1.0399999999999998,
2019-01-21,-18.0,25.000000000000004,-0.35999999999999993,
2019-01-22,116.0,25.000000000000004,2.32,
2019-01-23,-52.0,25.000000000000004,-1.0399999999999998,
2019-01-24,-52.0,25.000000000000004,-1.0399999999999998,
2019-01-25,-52.0,25.000000000000004,-1.0399999999999998,
2019-01-28,-52.0,25.000000000000004,-1.0399999999999998,
2019-01-29,95.0,25.000000000000004,1.8999999999999997,
2019-01-30,-52.0,25.000000000000004,-1.0399999999999998,
2019-01-31,97.0,25.000000000000004,1.9399999999999997,
2019-02-01,-52.0,25.000000000000004,-1.0399999999999998,
2019-02-04,144.5,25.000000000000004,2.8899999999999997,
2019-02-05,58.5,25.000000000000004,1.17,
2019-02-06,-52.0,25.000000000000004,-1.0399999999999998,
2019-02-07,-52.0,25.000000000000004,-1.0399999999999998,
2019-02-08,-52.0,25.000000000000004,-1.0399999999999998,
2019-02-11,-52.0,25.000000000000004,-1.0399999999999998,
2019-02-12,72.5,25.000000000000004,1.4499999999999997,
2019-02-13,-52.0,25.000000000000004,-1.0399999999999998,
2019-02-14,36.5,25.000000000000004,0.7299999999999999,
2019-02-15,-52.0,25.000000000000004,-1.0399999999999998,
2019-02-18,20.5,25.000000000000004,0.4099999999999999,
2019-02-19,32.5,25.000000000000004,0.6499999999999999,
2019-02-20,-52.0,25.000000000000004,-1.0399999999999998,
2019-02-21,-52.0,25.000000000000004,-1.0399999999999998,
2019-02-22,51.0,25.000000000000004,1.0199999999999998,
2019-02-25,-52.0,25.000000000000004,-1.0399999999999998,
2019-02-26,41.0,25.000000000000004,0.8199999999999998,
2019-02-27,-52.0,25.000000000000004,-1.0399999999999998,
2019-02-28,-3.0,25.000000000000004,-0.05999999999999999,
2019-03-04,-52.0,25.000000000000004,-1.0399999999999998,
2019-03-05,-52.0,25.000000000000004,-1.0399999999999998,
2019-03-06,83.5,25.000000000000004,1.6699999999999997,
2019-03-07,119.5,25.000000000000004,2.3899999999999997,
2019-03-08,115.0,25.000000000000004,2.3,
2019-03-11,197.0,25.000000000000004,3.9399999999999995,
2019-03-12,-52.0,25.000000000000004,-1.0399999999999998,
2019-03-13,11.0,25.000000000000004,0.21999999999999997,
2019-03-14,18.5,25.000000000000004,0.36999999999999994,
2019-03-15,39.0,25.000000000000004,0.7799999999999999,
2019-03-18,-52.0,25.000000000000004,-1.0399999999999998,
2019-03-19,-52.0,25.000000000000004,-1.0399999999999998,
2019-03-20,-52.0,25.000000000000004,-1.0399999999999998,
2019-03-21,247.0,25.000000000000004,4.9399999999999995,
2019-03-22,-52.0,25.000000000000004,-1.0399999999999998,
2019-03-25,-52.0,25.000000000000004,-1.0399999999999998,
2019-03-26,-52.0,25.000000000000004,-1.0399999999999998,
2019-03-27,-52.0,25.000000000000004,-1.0399999999999998,
2019-03-28,-52.0,25.000000000000004,-1.0399999999999998,
2019-03-29,-33.0,25.000000000000004,-0.6599999999999999,
2019-04-01,-52.0,25.000000000000004,-1.0399999999999998,
2019-04-02,-52.0,25.000000000000004,-1.0399999999999998,
2019-04-03,-52.0,25.000000000000004,-1.0399999999999998,
2019-04-04,-52.0,25.000000000000004,-1.0399999999999998,
2019-04-05,18.5,25.000000000000004,0.36999999999999994,
2019-04-08,-52.0,25.000000000000004,-1.0399999999999998,
2019-04-09,-52.0,25.000000000000004,-1.0399999999999998,
2019-04-10,-52.0,25.000000000000004,-1.0399999999999998,
2019-04-11,20.0,25.000000000000004,0.39999999999999997,
2019-04-12,-16.5,25.000000000000004,-0.32999999999999996,
2019-04-15,-52.0,25.000000000000004,-1.0399999999999998,
2019-04-16,-15.0,25.000000000000004,-0.29999999999999993,
2019-04-17,31.0,25.000000000000004,0.6199999999999999,
2019-04-18,-35.5,25.000000000000004,-0.7099999999999999,
2019-04-22,93.5,25.000000000000004,1.8699999999999997,
2019-04-23,139.5,25.000000000000004,2.7899999999999996,
2019-04-24,38.0,25.000000000000004,0.7599999999999999,
2019-04-25,28.5,25.000000000000004,0.57,
2019-04-26,-52.0,25.000000000000004,-1.0399999999999998,
2019-04-29,9.5,25.000000000000004,0.18999999999999997,
2019-04-30,-52.0,25.000000000000004,-1.0399999999999998,
2019-05-01,-52.0,25.000000000000004,-1.0399999999999998,
2019-05-02,-52.0,25.000000000000004,-1.0399999999999998,
2019-05-03,100.0,25.000000000000004,1.9999999999999998,
2019-05-06,164.5,25.000000000000004,3.2899999999999996,
2019-05-07,-52.0,25.000000000000004,-1.0399999999999998,
2019-05-08,-52.0,25.000000000000004,-1.0399999999999998,
2019-05-09,-52.0,25.000000000000004,-1.0399999999999998,
2019-05-10,-52.0,25.000000000000004,-1.0399999999999998,
2019-05-13,-52.0,25.000000000000004,-1.0399999999999998,
2019-05-14,-52.0,25.000000000000004,-1.0399999999999998,
2019-05-15,257.0,25.000000000000004,5.14,
2019-05-16,84.0,25.000000000000004,1.6799999999999997,
2019-05-17,-52.0,25.000000000000004,-1.0399999999999998,
2019-05-20,-52.0,25.000000000000004,-1.0399999999999998,
2019-05-21,-52.0,25.000000000000004,-1.0399999999999998,
2019-05-22,-24.0,25.000000000000004,-0.4799999999999999,
2019-05-23,6.5,25.000000000000004,0.12999999999999998,
2019-05-24,-52.0,25.000000000000004,-1.0399999999999998,
2019-05-27,-12.0,25.000000000000004,-0.23999999999999996,
2019-05-28,-52.0,25.000000000000004,-1.0399999999999998,
2019-05-29,-52.0,25.000000000000004,-1.0399999999999998,
2019-05-30,-52.0,25.000000000000004,-1.0399999999999998,
2019-05-31,-52.0,25.000000000000004,-1.0399999999999998,
2019-06-03,-52.0,25.000000000000004,-1.0399999999999998,
2019-06-04,-52.0,25.000000000000004,-1.0399999999999998,
2019-06-05,-42.5,25.000000000000004,-0.8499999999999999,
2019-06-06,-52.0,25.000000000000004,-1.0399999999999998,
2019-06-07,195.5,25.000000000000004,3.9099999999999993,
2019-06-10,8.0,25.000000000000004,0.15999999999999998,
2019-06-11,-52.0,25.000000000000004,-1.0399999999999998,
2019-06-12,-52.0,25.000000000000004,-1.0399999999999998,
2019-06-13,-52.0,25.000000000000004,-1.0399999999999998,
2019-06-14,-52.0,25.000000000000004,-1.0399999999999998,
2019-06-17,42.0,25.000000000000004,0.8399999999999999,
2019-06-18,-52.0,25.000000000000004,-1.0399999999999998,
2019-06-19,-52.0,25.000000000000004,-1.0399999999999998,
2019-06-20,36.0,25.000000000000004,0.7199999999999999,
2019-06-21,-10.5,25.000000000000004,-0.20999999999999996,
2019-06-24,22.5,25.000000000000004,0.44999999999999996,
2019-06-25,243.0,25.000000000000004,4.859999999999999,
2019-06-26,-52.0,25.000000000000004,-1.0399999999999998,
2019-06-27,-52.0,25.000000000000004,-1.0399999999999998,
2019-06-28,-11.5,25.000000000000004,-0.22999999999999995,
2019-07-01,54.0,25.000000000000004,1.0799999999999998,
2019-07-02,-52.0,25.000000000000004,-1.0399999999999998,
2019-07-03,-52.0,25.000000000000004,-1.0399999999999998,
2019-07-04,4.5,25.000000000000004,0.08999999999999998,
2019-07-05,-52.0,25.000000000000004,-1.0399999999999998,
2019-07-08,-16.0,25.000000000000004,-0.31999999999999995,
2019-07-09,128.0,25.000000000000004,2.5599999999999996,
2019-07-10,-52.0,25.000000000000004,-1.0399999999999998,
2019-07-12,56.0,25.000000000000004,1.1199999999999999,
2019-07-15,-28.5,25.000000000000004,-0.57,
2019-07-17,-52.0,25.000000000000004,-1.0399999999999998,
2019-07-18,-52.0,25.000000000000004,-1.0399999999999998,
2019-07-19,210.5,25.000000000000004,4.209999999999999,
2019-07-22,74.0,25.000000000000004,1.4799999999999998,
2019-07-23,-37.0,25.000000000000004,-0.7399999999999999,
2019-07-24,142.5,25.000000000000004,2.8499999999999996,
2019-07-25,52.5,25.000000000000004,1.0499999999999998,
2019-07-26,18.0,25.000000000000004,0.35999999999999993,
2019-07-29,8.5,25.000000000000004,0.16999999999999998,
2019-07-30,37.0,25.000000000000004,0.7399999999999999,
2019-07-31,224.0,25.000000000000004,4.4799999999999995,
2019-08-01,-52.0,25.000000000000004,-1.0399999999999998,
2019-08-02,79.5,25.000000000000004,1.5899999999999999,
2019-08-05,203.0,25.000000000000004,4.06,
2019-08-06,-52.0,25.000000000000004,-1.0399999999999998,
2019-08-07,-52.0,25.000000000000004,-1.0399999999999998,
2019-08-08,224.0,25.000000000000004,4.4799999999999995,
2019-08-09,-52.0,25.000000000000004,-1.0399999999999998,
2019-08-12,-52.0,25.000000000000004,-1.0399999999999998,
2019-08-13,336.5,25.000000000000004,6.729999999999999,
2019-08-14,178.0,25.000000000000004,3.5599999999999996,
2019-08-15,-52.0,25.000000000000004,-1.0399999999999998,
2019-08-19,-52.0,25.000000000000004,-1.0399999999999998,
2019-08-20,-52.0,25.000000000000004,-1.0399999999999998,
2019-08-21,-52.0,25.000000000000004,-1.0399999999999998,
2019-08-22,-52.0,25.000000000000004,-1.0399999999999998,
2019-08-23,-52.0,25.000000000000004,-1.0399999999999998,
2019-08-26,-52.0,25.000000000000004,-1.0399999999999998,
2019-08-27,110.0,25.000000000000004,2.1999999999999997,
2019-08-28,-52.0,25.000000000000004,-1.0399999999999998,
2019-08-29,-52.0,25.000000000000004,-1.0399999999999998,
2019-08-30,98.5,25.000000000000004,1.9699999999999998,
2019-09-02,80.0,25.000000000000004,1.5999999999999999,
2019-09-03,-52.0,25.000000000000004,-1.0399999999999998,
2019-09-04,-52.0,25.000000000000004,-1.0399999999999998,
2019-09-05,93.0,25.000000000000004,1.8599999999999997,
2019-09-06,-52.0,25.000000000000004,-1.0399999999999998,
2019-09-09,63.0,25.000000000000004,1.2599999999999998,
2019-09-10,-52.0,25.000000000000004,-1.0399999999999998,
2019-09-11,-52.0,25.000000000000004,-1.0399999999999998,
2019-09-12,-52.0,25.000000000000004,-1.0399999999999998,
2019-09-13,-52.0,25.000000000000004,-1.0399999999999998,
2019-09-16,17.0,25.000000000000004,0.33999999999999997,
2019-09-17,62.5,25.000000000000004,1.2499999999999998,
2019-09-18,-43.5,25.000000000000004,-0.8699999999999999,
2019-09-19,-52.0,25.000000000000004,-1.0399999999999998,
2019-09-20,180.5,25.000000000000004,3.6099999999999994,
2019-09-23,-52.0,25.000000000000004,-1.0399999999999998,
2019-09-24,-52.0,25.000000000000004,-1.0399999999999998,
2019-09-25,-52.0,25.000000000000004,-1.0399999999999998,
2019-09-26,-52.0,25.000000000000004,-1.0399999999999998,
2019-09-27,184.0,25.000000000000004,3.6799999999999993,
2019-09-30,70.0,25.000000000000004,1.4,
2019-10-01,-52.0,25.000000000000004,-1.0399999999999998,
2019-10-02,117.5,25.000000000000004,2.3499999999999996,
2019-10-03,-52.0,25.000000000000004,-1.0399999999999998,
2019-10-04,140.5,25.000000000000004,2.8099999999999996,
2019-10-07,-52.0,25.000000000000004,-1.0399999999999998,
2019-10-08,-52.0,25.000000000000004,-1.0399999999999998,
2019-10-09,-52.0,25.000000000000004,-1.0399999999999998,
2019-10-10,89.0,25.000000000000004,1.7799999999999998,
2019-10-11,-5.0,25.000000000000004,-0.09999999999999999,
2019-10-14,8.5,25.000000000000004,0.16999999999999998,
2019-10-15,121.0,25.000000000000004,2.4199999999999995,
2019-10-16,-52.0,25.000000000000004,-1.0399999999999998,
2019-10-17,31.0,25.000000000000004,0.6199999999999999,
2019-10-18,-52.0,25.000000000000004,-1.0399999999999998,
2019-10-21,-52.0,25.000000000000004,-1.0399999999999998,
2019-10-22,-52.0,25.000000000000004,-1.0399999999999998,
2019-10-23,-52.0,25.000000000000004,-1.0399999999999998,
2019-10-24,-52.0,25.000000000000004,-1.0399999999999998,
2019-10-25,173.5,25.000000000000004,3.4699999999999993,
2019-10-28,46.5,25.000000000000004,0.9299999999999998,
2019-10-29,74.0,25.000000000000004,1.4799999999999998,
2019-10-30,-52.0,25.000000000000004,-1.0399999999999998,
2019-10-31,1.5,25.000000000000004,0.029999999999999995,
2019-11-01,-52.0,25.000000000000004,-1.0399999999999998,
2019-11-04,-25.0,25.000000000000004,-0.49999999999999994,
2019-11-05,6.0,25.000000000000004,0.11999999999999998,
2019-11-06,-17.5,25.000000000000004,-0.35,
2019-11-07,-52.0,25.000000000000004,-1.0399999999999998,
2019-11-08,-52.0,25.000000000000004,-1.0399999999999998,
2019-11-11,-52.0,25.000000000000004,-1.0399999999999998,
2019-11-12,18.0,25.000000000000004,0.35999999999999993,
2019-11-13,13.5,25.000000000000004,0.26999999999999996,
2019-11-14,-52.0,25.000000000000004,-1.0399999999999998,
2019-11-15,-38.0,25.000000000000004,-0.7599999999999999,
2019-11-18,-52.0,25.000000000000004,-1.0399999999999998,
2019-11-19,20.0,25.000000000000004,0.39999999999999997,
2019-11-20,-52.0,25.000000000000004,-1.0399999999999998,
2019-11-21,-10.5,25.000000000000004,-0.20999999999999996,
2019-11-22,22.5,25.000000000000004,0.44999999999999996,
2019-11-25,79.5,25.000000000000004,1.5899999999999999,
2019-11-26,-52.0,25.000000000000004,-1.0399999999999998,
2019-11-27,-52.0,25.000000000000004,-1.0399999999999998,
2019-11-29,5.5,25.000000000000004,0.10999999999999999,
2019-12-02,162.5,25.000000000000004,3.2499999999999996,
2019-12-03,-52.0,25.000000000000004,-1.0399999999999998,
2019-12-04,-52.0,25.000000000000004,-1.0399999999999998,
2019-12-05,0.0,25.000000000000004,0.0,
2019-12-06,31.0,25.000000000000004,0.6199999999999999,
2019-12-09,-52.0,25.000000000000004,-1.0399999999999998,
2019-12-10,-52.0,25.000000000000004,-1.0399999999999998,
2019-12-11,-52.0,25.000000000000004,-1.0399999999999998,
2019-12-12,-52.0,25.000000000000004,-1.0399999999999998,
2019-12-13,-52.0,25.000000000000004,-1.0399999999999998,
2019-12-16,33.0,25.000000000000004,0.6599999999999999,
2019-12-17,-9.5,25.000000000000004,-0.18999999999999997,
2019-12-18,-22.0,25.000000000000004,-0.43999999999999995,
2019-12-19,75.5,25.000000000000004,1.5099999999999998,
2019-12-20,-52.0,25.000000000000004,-1.0399999999999998,
2019-12-23,9.5,25.000000000000004,0.18999999999999997,
2019-12-24,-15.5,25.000000000000004,-0.30999999999999994,
2019-12-26,97.0,25.000000000000004,1.9399999999999997,
2019-12-27,55.5,25.000000000000004,1.1099999999999999,
2019-12-30,68.5,25.000000000000004,1.3699999999999999,
2019-12-31,56.5,25.000000000000004,1.13,
2020-01-02,-52.0,25.000000000000004,-1.0399999999999998,
2020-01-03,-31.0,25.000000000000004,-0.6199999999999999,
2020-01-06,197.0,25.000000000000004,3.9399999999999995,
2020-01-07,-52.0,25.000000000000004,-1.0399999999999998,
2020-01-08,108.0,25.000000000000004,2.1599999999999997,
2020-01-09,-52.0,25.000000000000004,-1.0399999999999998,
2020-01-10,70.5,25.000000000000004,1.4099999999999997,
2020-01-13,131.0,25.000000000000004,2.6199999999999997,
2020-01-14,-52.0,25.000000000000004,-1.0399999999999998,
2020-01-15,-52.0,25.000000000000004,-1.0399999999999998,
2020-01-16,-52.0,25.000000000000004,-1.0399999999999998,
2020-01-17,-52.0,25.000000000000004,-1.0399999999999998,
2020-01-20,11.0,25.000000000000004,0.21999999999999997,
2020-01-21,31.5,25.000000000000004,0.6299999999999999,
2020-01-22,-52.0,25.000000000000004,-1.0399999999999998,
2020-01-23,-52.0,25.000000000000004,-1.0399999999999998,
2020-01-24,222.5,25.000000000000004,4.449999999999999,
2020-01-27,-52.0,25.000000000000004,-1.0399999999999998,
2020-01-28,-52.0,25.000000000000004,-1.0399999999999998,
2020-01-29,-52.0,25.000000000000004,-1.0399999999999998,
2020-01-30,-52.0,25.000000000000004,-1.0399999999999998,
2020-01-31,308.5,25.000000000000004,6.169999999999999,
2020-02-03,122.5,25.000000000000004,2.4499999999999997,
2020-02-04,-52.0,25.000000000000004,-1.0399999999999998,
2020-02-05,104.5,25.000000000000004,2.09,
2020-02-06,-52.0,25.000000000000004,-1.0399999999999998,
2020-02-07,-52.0,25.000000000000004,-1.0399999999999998,
2020-02-10,218.0,25.000000000000004,4.359999999999999,
2020-02-11,-52.0,25.000000000000004,-1.0399999999999998,
2020-02-12,-52.0,25.000000000000004,-1.0399999999999998,
2020-02-13,68.0,25.000000000000004,1.3599999999999999,
2020-02-14,-52.0,25.000000000000004,-1.0399999999999998,
2020-02-17,8.5,25.000000000000004,0.16999999999999998,
2020-02-18,-52.0,25.000000000000004,-1.0399999999999998,
2020-02-19,46.5,25.000000000000004,0.9299999999999998,
2020-02-20,-52.0,25.000000000000004,-1.0399999999999998,
2020-02-21,251.0,25.000000000000004,5.02,
2020-02-24,-52.0,25.000000000000004,-1.0399999999999998,
2020-02-25,-52.0,25.000000000000004,-1.0399999999999998,
2020-02-26,-52.0,25.000000000000004,-1.0399999999999998,
2020-02-27,-52.0,25.000000000000004,-1.0399999999999998,
2020-02-28,-52.0,25.000000000000004,-1.0399999999999998,
2020-03-02,-52.0,25.000000000000004,-1.0399999999999998,
2020-03-03,-52.0,25.000000000000004,-1.0399999999999998,
2020-03-04,-52.0,25.000000000000004,-1.0399999999999998,
2020-03-05,-52.0,25.000000000000004,-1.0399999999999998,
2020-03-06,-52.0,25.000000000000004,-1.0399999999999998,
2020-03-09,-52.0,25.000000000000004,-1.0399999999999998,
2020-03-10,-52.0,25.000000000000004,-1.0399999999999998,
2020-03-11,-52.0,25.000000000000004,-1.0399999999999998,
2020-03-12,-2.0,25.000000000000004,-0.039999999999999994,
2020-03-13,-52.0,25.000000000000004,-1.0399999999999998,
2020-03-16,-2.0,25.000000000000004,-0.039999999999999994,
2020-03-17,-52.0,25.000000000000004,-1.0399999999999998,
2020-03-18,-52.0,25.000000000000004,-1.0399999999999998,
2020-03-19,-52.0,25.000000000000004,-1.0399999999999998,
2020-03-20,-52.0,25.000000000000004,-1.0399999999999998,
2020-03-23,-2.0,25.000000000000004,-0.039999999999999994,
2020-03-24,-52.0,25.000000000000004,-1.0399999999999998,
2020-03-25,-52.0,25.000000000000004,-1.0399999999999998,
2020-03-26,-52.0,25.000000000000004,-1.0399999999999998,
2020-03-27,-52.0,25.000000000000004,-1.0399999999999998,
2020-03-30,-52.0,25.000000000000004,-1.0399999999999998,
2020-03-31,-2.0,25.000000000000004,-0.039999999999999994,
2020-04-01,-52.0,25.000000000000004,-1.0399999999999998,
2020-04-02,-52.0,25.000000000000004,-1.0399999999999998,
2020-04-03,-52.0,25.000000000000004,-1.0399999999999998,
2020-04-06,-52.0,25.000000000000004,-1.0399999999999998,
2020-04-07,436.0,25.000000000000004,8.719999999999999,
2020-04-08,-52.0,25.000000000000004,-1.0399999999999998,
2020-04-09,-52.0,25.000000000000004,-1.0399999999999998,
2020-04-13,-52.0,25.000000000000004,-1.0399999999999998,
2020-04-14,349.5,25.000000000000004,6.989999999999999,
2020-04-15,-52.0,25.000000000000004,-1.0399999999999998,
2020-04-16,-52.0,25.000000000000004,-1.0399999999999998,
2020-04-17,-52.0,25.000000000000004,-1.0399999999999998,
2020-04-20,-52.0,25.000000000000004,-1.0399999999999998,
2020-04-21,-52.0,25.000000000000004,-1.0399999999999998,
2020-04-22,-52.0,25.000000000000004,-1.0399999999999998,
2020-04-23,-52.0,25.000000000000004,-1.0399999999999998,
2020-04-24,-52.0,25.000000000000004,-1.0399999999999998,
2020-04-27,-52.0,25.000000000000004,-1.0399999999999998,
2020-04-28,438.5,25.000000000000004,8.77,
2020-04-29,-52.0,25.000000000000004,-1.0399999999999998,
2020-04-30,-52.0,25.000000000000004,-1.0399999999999998,
2020-05-01,-52.0,25.000000000000004,-1.0399999999999998,
2020-05-04,201.0,25.000000000000004,4.02,
2020-05-05,-52.0,25.000000000000004,-1.0399999999999998,
2020-05-06,-52.0,25.000000000000004,-1.0399999999999998,
2020-05-07,-52.0,25.000000000000004,-1.0399999999999998,
2020-05-08,-52.0,25.000000000000004,-1.0399999999999998,
2020-05-11,214.5,25.000000000000004,4.289999999999999,
2020-05-12,-52.0,25.000000000000004,-1.0399999999999998,
2020-05-13,-52.0,25.000000000000004,-1.0399999999999998,
2020-05-14,-52.0,25.000000000000004,-1.0399999999999998,
2020-05-15,-52.0,25.000000000000004,-1.0399999999999998,
2020-05-18,-52.0,25.000000000000004,-1.0399999999999998,
2020-05-19,-52.0,25.000000000000004,-1.0399999999999998,
2020-05-20,125.5,25.000000000000004,2.51,
2020-05-21,-52.0,25.000000000000004,-1.0399999999999998,
2020-05-22,-52.0,25.000000000000004,-1.0399999999999998,
2020-05-25,11.0,25.000000000000004,0.21999999999999997,
2020-05-26,296.5,25.000000000000004,5.929999999999999,
2020-05-27,-2.0,25.000000000000004,-0.039999999999999994,
2020-05-28,-2.0,25.000000000000004,-0.039999999999999994,
2020-05-29,-52.0,25.000000000000004,-1.0399999999999998,
2020-06-01,-52.0,25.000000000000004,-1.0399999999999998,
2020-06-02,-52.0,25.000000000000004,-1.0399999999999998,
2020-06-03,-52.0,25.000000000000004,-1.0399999999999998,
2020-06-04,-52.0,25.000000000000004,-1.0399999999999998,
2020-06-05,176.0,25.000000000000004,3.5199999999999996,
2020-06-08,-52.0,25.000000000000004,-1.0399999999999998,
2020-06-09,191.5,25.000000000000004,3.8299999999999996,
2020-06-10,-52.0,25.000000000000004,-1.0399999999999998,
2020-06-11,-52.0,25.000000000000004,-1.0399999999999998,
2020-06-12,-52.0,25.000000000000004,-1.0399999999999998,
2020-06-15,-52.0,25.000000000000004,-1.0399999999999998,
2020-06-16,-52.0,25.000000000000004,-1.0399999999999998,
2020-06-17,-52.0,25.000000000000004,-1.0399999999999998,
2020-06-18,-52.0,25.000000000000004,-1.0399999999999998,
2020-06-22,-52.0,25.000000000000004,-1.0399999999999998,
2020-06-23,-52.0,25.000000000000004,-1.0399999999999998,
2020-06-24,-52.0,25.000000000000004,-1.0399999999999998,
2020-06-25,-52.0,25.000000000000004,-1.0399999999999998,
2020-06-26,403.5,25.000000000000004,8.069999999999999,
2020-06-29,-52.0,25.000000000000004,-1.0399999999999998,
2020-06-30,345.0,25.000000000000004,6.899999999999999,
2020-07-01,-52.0,25.000000000000004,-1.0399999999999998,
2020-07-02,-52.0,25.000000000000004,-1.0399999999999998,
2020-07-06,186.0,25.000000000000004,3.7199999999999993,
2020-07-07,-52.0,25.000000000000004,-1.0399999999999998,
2020-07-08,-52.0,25.000000000000004,-1.0399999999999998,
2020-07-09,-52.0,25.000000000000004,-1.0399999999999998,
2020-07-10,-52.0,25.000000000000004,-1.0399999999999998,
2020-07-13,-52.0,25.000000000000004,-1.0399999999999998,
2020-07-14,-52.0,25.000000000000004,-1.0399999999999998,
2020-07-15,-52.0,25.000000000000004,-1.0399999999999998,
2020-07-16,-52.0,25.000000000000004,-1.0399999999999998,
2020-07-17,-52.0,25.000000000000004,-1.0399999999999998,
2020-07-20,-52.0,25.000000000000004,-1.0399999999999998,
2020-07-21,320.5,25.000000000000004,6.409999999999999,
2020-07-22,-52.0,25.000000000000004,-1.0399999999999998,
2020-07-23,-52.0,25.000000000000004,-1.0399999999999998,
2020-07-24,-52.0,25.000000000000004,-1.0399999999999998,
2020-07-27,-52.0,25.000000000000004,-1.0399999999999998,
2020-07-28,-52.0,25.000000000000004,-1.0399999999999998,
2020-07-29,-52.0,25.000000000000004,-1.0399999999999998,
2020-07-30,-52.0,25.000000000000004,-1.0399999999999998,
2020-07-31,-2.0,25.000000000000004,-0.039999999999999994,
2020-08-03,44.0,25.000000000000004,0.8799999999999999,
2020-08-04,-52.0,25.000000000000004,-1.0399999999999998,
2020-08-05,-52.0,25.000000000000004,-1.0399999999999998,
2020-08-06,-52.0,25.000000000000004,-1.0399999999999998,
2020-08-07,-52.0,25.000000000000004,-1.0399999999999998,
2020-08-10,-52.0,25.000000000000004,-1.0399999999999998,
2020-08-11,-52.0,25.000000000000004,-1.0399999999999998,
2020-08-12,304.0,25.000000000000004,6.079999999999999,
2020-08-13,-52.0,25.000000000000004,-1.0399999999999998,
2020-08-14,-52.0,25.000000000000004,-1.0399999999999998,
2020-08-17,91.0,25.000000000000004,1.8199999999999998,
2020-08-18,-52.0,25.000000000000004,-1.0399999999999998,
2020-08-19,-52.0,25.000000000000004,-1.0399999999999998,
2020-08-20,313.0,25.000000000000004,6.259999999999999,
2020-08-24,-52.0,25.000000000000004,-1.0399999999999998,
2020-08-26,367.5,25.000000000000004,7.349999999999999,
2020-08-27,-52.0,25.000000000000004,-1.0399999999999998,
2020-08-28,-52.0,25.000000000000004,-1.0399999999999998,
2020-08-31,102.0,25.000000000000004,2.0399999999999996,
2020-09-01,-52.0,25.000000000000004,-1.0399999999999998,
2020-09-02,-2.0,25.000000000000004,-0.039999999999999994,
2020-09-03,-52.0,25.000000000000004,-1.0399999999999998,
2020-09-04,-52.0,25.000000000000004,-1.0399999999999998,
2020-09-07,78.0,25.000000000000004,1.5599999999999998,
2020-09-08,-52.0,25.000000000000004,-1.0399999999999998,
2020-09-10,-52.0,25.000000000000004,-1.0399999999999998,
2020-09-11,-52.0,25.000000000000004,-1.0399999999999998,
2020-09-14,-52.0,25.000000000000004,-1.0399999999999998,
2020-09-15,-52.0,25.000000000000004,-1.0399999999999998,
2020-09-16,-52.0,25.000000000000004,-1.0399999999999998,
2020-09-17,-2.0,25.000000000000004,-0.039999999999999994,
2020-09-18,331.5,25.000000000000004,6.629999999999999,
2020-09-21,-52.0,25.000000000000004,-1.0399999999999998,
2020-09-22,-52.0,25.000000000000004,-1.0399999999999998,
2020-09-23,-52.0,25.000000000000004,-1.0399999999999998,
2020-09-24,233.5,25.000000000000004,4.669999999999999,
2020-09-25,-52.0,25.000000000000004,-1.0399999999999998,
2020-09-28,-52.0,25.000000000000004,-1.0399999999999998,
2020-09-29,-52.0,25.000000000000004,-1.0399999999999998,
2020-09-30,-52.0,25.000000000000004,-1.0399999999999998,
2020-10-01,-52.0,25.000000000000004,-1.0399999999999998,
2020-10-02,-52.0,25.000000000000004,-1.0399999999999998,
2020-10-05,283.0,25.000000000000004,5.659999999999999,
2020-10-06,-52.0,25.000000000000004,-1.0399999999999998,
2020-10-07,-52.0,25.000000000000004,-1.0399999999999998,
2020-10-08,28.0,25.000000000000004,0.5599999999999999,
2020-10-09,181.0,25.000000000000004,3.6199999999999997,
2020-10-12,-52.0,25.000000000000004,-1.0399999999999998,
2020-10-13,-52.0,25.000000000000004,-1.0399999999999998,
2020-10-14,-52.0,25.000000000000004,-1.0399999999999998,
2020-10-15,-52.0,25.000000000000004,-1.0399999999999998,
2020-10-16,-52.0,25.000000000000004,-1.0399999999999998,
2020-10-19,-52.0,25.000000000000004,-1.0399999999999998,
2020-10-20,-52.0,25.000000000000004,-1.0399999999999998,
2020-10-21,-52.0,25.000000000000004,-1.0399999999999998,
2020-10-22,-52.0,25.000000000000004,-1.0399999999999998,
2020-10-23,-52.0,25.000000000000004,-1.0399999999999998,
2020-10-26,-52.0,25.000000000000004,-1.0399999999999998,
2020-10-27,-52.0,25.000000000000004,-1.0399999999999998,
2020-10-28,447.0,25.000000000000004,8.94,
2020-10-29,-52.0,25.000000000000004,-1.0399999999999998,
2020-10-30,242.5,25.000000000000004,4.85,
2020-11-02,-52.0,25.000000000000004,-1.0399999999999998,
2020-11-03,-52.0,25.000000000000004,-1.0399999999999998,
2020-11-04,-52.0,25.000000000000004,-1.0399999999999998,
2020-11-05,-52.0,25.000000000000004,-1.0399999999999998,
2020-11-06,-52.0,25.000000000000004,-1.0399999999999998,
2020-11-09,-52.0,25.000000000000004,-1.0399999999999998,
2020-11-10,-52.0,25.000000000000004,-1.0399999999999998,
2020-11-11,207.5,25.000000000000004,4.1499999999999995,
2020-11-12,-52.0,25.000000000000004,-1.0399999999999998,
2020-11-13,-52.0,25.000000000000004,-1.0399999999999998,
2020-11-16,122.5,25.000000000000004,2.4499999999999997,
2020-11-17,-52.0,25.000000000000004,-1.0399999999999998,
2020-11-18,-52.0,25.000000000000004,-1.0399999999999998,
2020-11-19,-52.0,25.000000000000004,-1.0399999999999998,
2020-11-20,-52.0,25.000000000000004,-1.0399999999999998,
2020-11-23,-52.0,25.000000000000004,-1.0399999999999998,
2020-11-24,-52.0,25.000000000000004,-1.0399999999999998,
2020-11-25,-52.0,25.000000000000004,-1.0399999999999998,
2020-11-26,-52.0,25.000000000000004,-1.0399999999999998,
2020-11-27,47.5,25.000000000000004,0.9499999999999998,
2020-11-30,-2.0,25.000000000000004,-0.039999999999999994,
2020-12-01,-52.0,25.000000000000004,-1.0399999999999998,
2020-12-02,-52.0,25.000000000000004,-1.0399999999999998,
2020-12-03,-52.0,25.000000000000004,-1.0399999999999998,
2020-12-04,-52.0,25.000000000000004,-1.0399999999999998,
2020-12-07,86.5,25.000000000000004,1.7299999999999998,
2020-12-08,-52.0,25.000000000000004,-1.0399999999999998,
2020-12-09,-52.0,25.000000000000004,-1.0399999999999998,
2020-12-10,-52.0,25.000000000000004,-1.0399999999999998,
2020-12-11,-52.0,25.000000000000004,-1.0399999999999998,
2020-12-14,37.0,25.000000000000004,0.7399999999999999,
2020-12-15,-52.0,25.000000000000004,-1.0399999999999998,
2020-12-16,-52.0,25.000000000000004,-1.0399999999999998,
2020-12-17,-52.0,25.000000000000004,-1.0399999999999998,
2020-12-18,107.5,25.000000000000004,2.15,
2020-12-21,-52.0,25.000000000000004,-1.0399999999999998,
2020-12-22,-52.0,25.000000000000004,-1.0399999999999998,
2020-12-23,-52.0,25.000000000000004,-1.0399999999999998,
2020-12-24,30.0,25.000000000000004,0.5999999999999999,
2020-12-28,-52.0,25.000000000000004,-1.0399999999999998,
2020-12-29,-52.0,25.000000000000004,-1.0399999999999998,
2020-12-30,60.5,25.000000000000004,1.2099999999999997,
2020-12-31,-52.0,25.000000000000004,-1.0399999999999998,
2021-01-04,430.5,25.000000000000004,8.61,
2021-01-05,192.0,25.000000000000004,3.8399999999999994,
2021-01-06,-52.0,25.000000000000004,-1.0399999999999998,
2021-01-07,325.5,25.000000000000004,6.509999999999999,
2021-01-08,-52.0,25.000000000000004,-1.0399999999999998,
2021-01-11,-52.0,25.000000000000004,-1.0399999999999998,
2021-01-12,-52.0,25.000000000000004,-1.0399999999999998,
2021-01-13,-52.0,25.000000000000004,-1.0399999999999998,
2021-01-14,-52.0,25.000000000000004,-1.0399999999999998,
2021-01-15,-52.0,25.000000000000004,-1.0399999999999998,
2021-01-18,-48.0,25.000000000000004,-0.9599999999999999,
2021-01-19,-52.0,25.000000000000004,-1.0399999999999998,
2021-01-20,281.0,25.000000000000004,5.619999999999999,
2021-01-21,-52.0,25.000000000000004,-1.0399999999999998,
2021-01-22,-52.0,25.000000000000004,-1.0399999999999998,
2021-01-25,-52.0,25.000000000000004,-1.0399999999999998,
2021-01-26,-52.0,25.000000000000004,-1.0399999999999998,
2021-01-27,-52.0,25.000000000000004,-1.0399999999999998,
2021-01-28,-52.0,25.000000000000004,-1.0399999999999998,
2021-01-29,-52.0,25.000000000000004,-1.0399999999999998,
2021-02-01,-52.0,25.000000000000004,-1.0399999999999998,
2021-02-02,149.5,25.000000000000004,2.9899999999999998,
2021-02-03,246.5,25.000000000000004,4.93,
2021-02-04,-52.0,25.000000000000004,-1.0399999999999998,
2021-02-05,-52.0,25.000000000000004,-1.0399999999999998,
2021-02-08,-52.0,25.000000000000004,-1.0399999999999998,
2021-02-09,15.5,25.000000000000004,0.30999999999999994,
2021-02-10,-52.0,25.000000000000004,-1.0399999999999998,
2021-02-11,-52.0,25.000000000000004,-1.0399999999999998,
2021-02-12,-52.0,25.000000000000004,-1.0399999999999998,
2021-02-15,32.0,25.000000000000004,0.6399999999999999,
2021-02-16,-52.0,25.000000000000004,-1.0399999999999998,
2021-02-18,-52.0,25.000000000000004,-1.0399999999999998,
2021-02-19,-52.0,25.000000000000004,-1.0399999999999998,
2021-02-22,-52.0,25.000000000000004,-1.0399999999999998,
2021-02-23,-2.0,25.000000000000004,-0.039999999999999994,
2021-02-24,-52.0,25.000000000000004,-1.0399999999999998,
2021-02-25,-52.0,25.000000000000004,-1.0399999999999998,
2021-02-26,-52.0,25.000000000000004,-1.0399999999999998,
2021-03-01,-52.0,25.000000000000004,-1.0399999999999998,
2021-03-02,351.5,25.000000000000004,7.029999999999999,
2021-03-03,-52.0,25.000000000000004,-1.0399999999999998,
2021-03-04,-52.0,25.000000000000004,-1.0399999999999998,
2021-03-05,-52.0,25.000000000000004,-1.0399999999999998,
2021-03-08,-52.0,25.000000000000004,-1.0399999999999998,
2021-03-09,-52.0,25.000000000000004,-1.0399999999999998,
2021-03-11,-52.0,25.000000000000004,-1.0399999999999998,
2021-03-12,-52.0,25.000000000000004,-1.0399999999999998,
2021-03-15,-52.0,25.000000000000004,-1.0399999999999998,
2021-03-16,-52.0,25.000000000000004,-1.0399999999999998,
2021-03-17,-52.0,25.000000000000004,-1.0399999999999998,
2021-03-18,-52.0,25.000000000000004,-1.0399999999999998,
2021-03-19,-52.0,25.000000000000004,-1.0399999999999998,
2021-03-22,-52.0,25.000000000000004,-1.0399999999999998,
2021-03-23,-52.0,25.000000000000004,-1.0399999999999998,
2021-03-24,-2.0,25.000000000000004,-0.039999999999999994,
2021-03-25,-52.0,25.000000000000004,-1.0399999999999998,
2021-03-26,-52.0,25.000000000000004,-1.0399999999999998,
2021-03-29,-52.0,25.000000000000004,-1.0399999999999998,
2021-03-30,-52.0,25.000000000000004,-1.0399999999999998,
2021-03-31,222.0,25.000000000000004,4.4399999999999995,
2021-04-01,92.5,25.000000000000004,1.8499999999999996,
2021-04-05,288.5,25.000000000000004,5.77,
2021-04-06,-52.0,25.000000000000004,-1.0399999999999998,
2021-04-07,-52.0,25.000000000000004,-1.0399999999999998,
2021-04-08,-52.0,25.000000000000004,-1.0399999999999998,
2021-04-09,252.5,25.000000000000004,5.049999999999999,
2021-04-12,-52.0,25.000000000000004,-1.0399999999999998,
2021-04-13,-52.0,25.000000000000004,-1.0399999999999998,
2021-04-14,308.0,25.000000000000004,6.159999999999999,
2021-04-15,120.5,25.000000000000004,2.4099999999999997,
2021-04-16,-52.0,25.000000000000004,-1.0399999999999998,
2021-04-19,-52.0,25.000000000000004,-1.0399999999999998,
2021-04-20,-52.0,25.000000000000004,-1.0399999999999998,
2021-04-21,-52.0,25.000000000000004,-1.0399999999999998,
2021-04-22,-52.0,25.000000000000004,-1.0399999999999998,
2021-04-23,-52.0,25.000000000000004,-1.0399999999999998,
2021-04-26,-52.0,25.000000000000004,-1.0399999999999998,
2021-04-27,138.0,25.000000000000004,2.76,
2021-04-28,-52.0,25.000000000000004,-1.0399999999999998,
2021-04-29,138.5,25.000000000000004,2.7699999999999996,
2021-04-30,-52.0,25.000000000000004,-1.0399999999999998,
2021-05-03,-52.0,25.000000000000004,-1.0399999999999998,
2021-05-04,191.5,25.000000000000004,3.8299999999999996,
2021-05-05,-52.0,25.000000000000004,-1.0399999999999998,
2021-05-06,-52.0,25.000000000000004,-1.0399999999999998,
2021-05-07,-52.0,25.000000000000004,-1.0399999999999998,
2021-05-10,422.0,25.000000000000004,8.44,
2021-05-11,-52.0,25.000000000000004,-1.0399999999999998,
2021-05-13,-52.0,25.000000000000004,-1.0399999999999998,
2021-05-14,-52.0,25.000000000000004,-1.0399999999999998,
2021-05-17,-52.0,25.000000000000004,-1.0399999999999998,
2021-05-18,-52.0,25.000000000000004,-1.0399999999999998,
2021-05-19,-52.0,25.000000000000004,-1.0399999999999998,
2021-05-20,312.5,25.000000000000004,6.249999999999999,
2021-05-21,-52.0,25.000000000000004,-1.0399999999999998,
2021-05-24,214.5,25.000000000000004,4.289999999999999,
2021-05-25,69.5,25.000000000000004,1.39,
2021-05-26,-52.0,25.000000000000004,-1.0399999999999998,
2021-05-27,-52.0,25.000000000000004,-1.0399999999999998,
2021-05-28,-52.0,25.000000000000004,-1.0399999999999998,
2021-05-31,25.5,25.000000000000004,0.5099999999999999,
2021-06-01,-52.0,25.000000000000004,-1.0399999999999998,
2021-06-02,-52.0,25.000000000000004,-1.0399999999999998,
2021-06-03,-52.0,25.000000000000004,-1.0399999999999998,
2021-06-04,246.0,25.000000000000004,4.919999999999999,
2021-06-08,-52.0,25.000000000000004,-1.0399999999999998,
2021-06-09,-52.0,25.000000000000004,-1.0399999999999998,
2021-06-10,-52.0,25.000000000000004,-1.0399999999999998,
2021-06-11,-52.0,25.000000000000004,-1.0399999999999998,
2021-06-14,-52.0,25.000000000000004,-1.0399999999999998,
2021-06-15,-52.0,25.000000000000004,-1.0399999999999998,
2021-06-16,-52.0,25.000000000000004,-1.0399999999999998,
2021-06-17,354.5,25.000000000000004,7.089999999999999,
2021-06-18,-52.0,25.000000000000004,-1.0399999999999998,
2021-06-21,-52.0,25.000000000000004,-1.0399999999999998,
2021-06-22,-52.0,25.000000000000004,-1.0399999999999998,
2021-06-23,-52.0,25.000000000000004,-1.0399999999999998,
2021-06-24,-52.0,25.000000000000004,-1.0399999999999998,
2021-06-25,-52.0,25.000000000000004,-1.0399999999999998,
2021-06-28,141.5,25.000000000000004,2.8299999999999996,
2021-06-29,-52.0,25.000000000000004,-1.0399999999999998,
2021-06-30,-52.0,25.000000000000004,-1.0399999999999998,
2021-07-01,-52.0,25.000000000000004,-1.0399999999999998,
2021-07-02,-52.0,25.000000000000004,-1.0399999999999998,
2021-07-05,7.0,25.000000000000004,0.13999999999999999,
2021-07-06,-52.0,25.000000000000004,-1.0399999999999998,
2021-07-07,-52.0,25.000000000000004,-1.0399999999999998,
2021-07-08,-52.0,25.000000000000004,-1.0399999999999998,
2021-07-09,-52.0,25.000000000000004,-1.0399999999999998,
2021-07-12,-6.0,25.000000000000004,-0.11999999999999998,
2021-07-13,-2.0,25.000000000000004,-0.039999999999999994,
2021-07-14,-52.0,25.000000000000004,-1.0399999999999998,
2021-07-15,-52.0,25.000000000000004,-1.0399999999999998,
2021-07-16,-52.0,25.000000000000004,-1.0399999999999998,
2021-07-19,-52.0,25.000000000000004,-1.0399999999999998,
2021-07-20,-52.0,25.000000000000004,-1.0399999999999998,
2021-07-21,217.5,25.000000000000004,4.35,
2021-07-22,119.0,25.000000000000004,2.3799999999999994,
2021-07-23,-52.0,25.000000000000004,-1.0399999999999998,
2021-07-26,-52.0,25.000000000000004,-1.0399999999999998,
2021-07-27,234.5,25.000000000000004,4.6899999999999995,
2021-07-28,-52.0,25.000000000000004,-1.0399999999999998,
2021-07-29,15.0,25.000000000000004,0.29999999999999993,
2021-07-30,116.5,25.000000000000004,2.3299999999999996,
2021-08-02,-52.0,25.000000000000004,-1.0399999999999998,
2021-08-03,-52.0,25.000000000000004,-1.0399999999999998,
2021-08-04,-52.0,25.000000000000004,-1.0399999999999998,
2021-08-05,95.0,25.000000000000004,1.8999999999999997,
2021-08-06,-52.0,25.000000000000004,-1.0399999999999998,
2021-08-09,-52.0,25.000000000000004,-1.0399999999999998,
2021-08-10,173.5,25.000000000000004,3.4699999999999993,
2021-08-11,96.0,25.000000000000004,1.9199999999999997,
2021-08-12,-52.0,25.000000000000004,-1.0399999999999998,
2021-08-13,-52.0,25.000000000000004,-1.0399999999999998,
2021-08-16,-52.0,25.000000000000004,-1.0399999999999998,
2021-08-17,-52.0,25.000000000000004,-1.0399999999999998,
2021-08-18,-52.0,25.000000000000004,-1.0399999999999998,
2021-08-19,-52.0,25.000000000000004,-1.0399999999999998,
2021-08-20,-52.0,25.000000000000004,-1.0399999999999998,
2021-08-23,311.0,25.000000000000004,6.219999999999999,
2021-08-24,-52.0,25.000000000000004,-1.0399999999999998,
2021-08-25,-52.0,25.000000000000004,-1.0399999999999998,
2021-08-26,-52.0,25.000000000000004,-1.0399999999999998,
2021-08-27,-52.0,25.000000000000004,-1.0399999999999998,
2021-08-30,228.0,25.000000000000004,4.56,
2021-08-31,-52.0,25.000000000000004,-1.0399999999999998,
2021-09-01,-52.0,25.000000000000004,-1.0399999999999998,
2021-09-02,-52.0,25.000000000000004,-1.0399999999999998,
2021-09-03,-52.0,25.000000000000004,-1.0399999999999998,
2021-09-06,9.0,25.000000000000004,0.17999999999999997,
2021-09-07,-52.0,25.000000000000004,-1.0399999999999998,
2021-09-08,-52.0,25.000000000000004,-1.0399999999999998,
2021-09-09,-52.0,25.000000000000004,-1.0399999999999998,
2021-09-10,-52.0,25.000000000000004,-1.0399999999999998,
2021-09-13,91.0,25.000000000000004,1.8199999999999998,
2021-09-14,168.5,25.000000000000004,3.3699999999999997,
2021-09-15,-52.0,25.000000000000004,-1.0399999999999998,
2021-09-16,-52.0,25.000000000000004,-1.0399999999999998,
2021-09-17,235.5,25.000000000000004,4.709999999999999,
2021-09-20,-52.0,25.000000000000004,-1.0399999999999998,
2021-09-21,-52.0,25.000000000000004,-1.0399999999999998,
2021-09-22,-52.0,25.000000000000004,-1.0399999999999998,
2021-09-23,116.5,25.000000000000004,2.3299999999999996,
2021-09-24,185.0,25.000000000000004,3.6999999999999993,
2021-09-27,-52.0,25.000000000000004,-1.0399999999999998,
2021-09-28,-52.0,25.000000000000004,-1.0399999999999998,
2021-09-29,-52.0,25.000000000000004,-1.0399999999999998,
2021-09-30,-52.0,25.000000000000004,-1.0399999999999998,
2021-10-01,-52.0,25.000000000000004,-1.0399999999999998,
2021-10-04,407.5,25.000000000000004,8.149999999999999,
2021-10-05,-52.0,25.000000000000004,-1.0399999999999998,
2021-10-06,-52.0,25.000000000000004,-1.0399999999999998,
2021-10-07,-52.0,25.000000000000004,-1.0399999999999998,
2021-10-08,-52.0,25.000000000000004,-1.0399999999999998,
2021-10-11,-52.0,25.000000000000004,-1.0399999999999998,
2021-10-12,166.5,25.000000000000004,3.3299999999999996,
2021-10-13,-52.0,25.000000000000004,-1.0399999999999998,
2021-10-14,-52.0,25.000000000000004,-1.0399999999999998,
2021-10-15,-52.0,25.000000000000004,-1.0399999999999998,
2021-10-18,404.0,25.000000000000004,8.079999999999998,
2021-10-19,-52.0,25.000000000000004,-1.0399999999999998,
2021-10-20,-52.0,25.000000000000004,-1.0399999999999998,
2021-10-21,226.0,25.000000000000004,4.52,
2021-10-22,-52.0,25.000000000000004,-1.0399999999999998,
2021-10-25,-52.0,25.000000000000004,-1.0399999999999998,
2021-10-26,-52.0,25.000000000000004,-1.0399999999999998,
2021-10-27,-2.0,25.000000000000004,-0.039999999999999994,
2021-10-28,-52.0,25.000000000000004,-1.0399999999999998,
2021-10-29,331.5,25.000000000000004,6.629999999999999,
2021-11-01,-52.0,25.000000000000004,-1.0399999999999998,
2021-11-02,169.0,25.000000000000004,3.3799999999999994,
2021-11-03,-52.0,25.000000000000004,-1.0399999999999998,
2021-11-04,-52.0,25.000000000000004,-1.0399999999999998,
2021-11-05,-52.0,25.000000000000004,-1.0399999999999998,
2021-11-08,-52.0,25.000000000000004,-1.0399999999999998,
2021-11-09,292.0,25.000000000000004,5.839999999999999,
2021-11-10,-52.0,25.000000000000004,-1.0399999999999998,
2021-11-11,128.5,25.000000000000004,2.57,
2021-11-12,-52.0,25.000000000000004,-1.0399999999999998,
2021-11-15,57.0,25.000000000000004,1.14,
2021-11-16,212.0,25.000000000000004,4.239999999999999,
2021-11-17,-52.0,25.000000000000004,-1.0399999999999998,
2021-11-18,-52.0,25.000000000000004,-1.0399999999999998,
2021-11-19,-52.0,25.000000000000004,-1.0399999999999998,
2021-11-22,-52.0,25.000000000000004,-1.0399999999999998,
2021-11-23,-52.0,25.000000000000004,-1.0399999999999998,
2021-11-24,-52.0,25.000000000000004,-1.0399999999999998,
2021-11-25,12.5,25.000000000000004,0.24999999999999997,
2021-11-26,-52.0,25.000000000000004,-1.0399999999999998,
2021-11-29,-52.0,25.000000000000004,-1.0399999999999998,
2021-11-30,-52.0,25.000000000000004,-1.0399999999999998,
2021-12-01,-52.0,25.000000000000004,-1.0399999999999998,
2021-12-02,-52.0,25.000000000000004,-1.0399999999999998,
2021-12-03,-52.0,25.000000000000004,-1.0399999999999998,
2021-12-06,-52.0,25.000000000000004,-1.0399999999999998,
2021-12-07,-52.0,25.000000000000004,-1.0399999999999998,
2021-12-08,-52.0,25.000000000000004,-1.0399999999999998,
2021-12-09,-52.0,25.000000000000004,-1.0399999999999998,
2021-12-10,-52.0,25.000000000000004,-1.0399999999999998,
2021-12-13,-52.0,25.000000000000004,-1.0399999999999998,
2021-12-14,-52.0,25.000000000000004,-1.0399999999999998,
2021-12-15,-52.0,25.000000000000004,-1.0399999999999998,
2021-12-16,805.0,25.000000000000004,16.099999999999998,
2021-12-17,-52.0,25.000000000000004,-1.0399999999999998,
2021-12-20,-52.0,25.000000000000004,-1.0399999999999998,
2021-12-21,-2.0,25.000000000000004,-0.039999999999999994,
2021-12-22,-52.0,25.000000000000004,-1.0399999999999998,
2021-12-23,163.5,25.000000000000004,3.2699999999999996,
2021-12-27,288.5,25.000000000000004,5.77,
2021-12-28,151.0,25.000000000000004,3.0199999999999996,
2021-12-29,-52.0,25.000000000000004,-1.0399999999999998,
2021-12-30,-52.0,25.000000000000004,-1.0399999999999998,
2021-12-31,-52.0,25.000000000000004,-1.0399999999999998,
2022-01-03,-52.0,25.000000000000004,-1.0399999999999998,
2022-01-04,424.0,25.000000000000004,8.479999999999999,
2022-01-05,-52.0,25.000000000000004,-1.0399999999999998,
2022-01-06,-52.0,25.000000000000004,-1.0399999999999998,
2022-01-07,-52.0,25.000000000000004,-1.0399999999999998,
2022-01-10,-2.0,25.000000000000004,-0.039999999999999994,
2022-01-11,-52.0,25.000000000000004,-1.0399999999999998,
2022-01-12,-52.0,25.000000000000004,-1.0399999999999998,
2022-01-13,-52.0,25.000000000000004,-1.0399999999999998,
2022-01-14,-2.0,25.000000000000004,-0.039999999999999994,
2022-01-17,23.5,25.000000000000004,0.4699999999999999,
2022-01-18,-52.0,25.000000000000004,-1.0399999999999998,
2022-01-19,-52.0,25.000000000000004,-1.0399999999999998,
2022-01-20,-2.0,25.000000000000004,-0.039999999999999994,
2022-01-21,-52.0,25.000000000000004,-1.0399999999999998,
2022-01-24,-52.0,25.000000000000004,-1.0399999999999998,
2022-01-25,-52.0,25.000000000000004,-1.0399999999999998,
2022-01-26,-52.0,25.000000000000004,-1.0399999999999998,
2022-01-27,-52.0,25.000000000000004,-1.0399999999999998,
2022-01-28,-52.0,25.000000000000004,-1.0399999999999998,
2022-01-31,754.0,25.000000000000004,15.079999999999998,
2022-02-01,-2.0,25.000000000000004,-0.039999999999999994,
2022-02-02,-52.0,25.000000000000004,-1.0399999999999998,
2022-02-03,-52.0,25.000000000000004,-1.0399999999999998,
2022-02-04,-52.0,25.000000000000004,-1.0399999999999998,
2022-02-07,-52.0,25.000000000000004,-1.0399999999999998,
2022-02-08,-52.0,25.000000000000004,-1.0399999999999998,
2022-02-09,-52.0,25.000000000000004,-1.0399999999999998,
2022-02-10,-2.0,25.000000000000004,-0.039999999999999994,
2022-02-11,-52.0,25.000000000000004,-1.0399999999999998,
2022-02-14,-52.0,25.000000000000004,-1.0399999999999998,
2022-02-15,-52.0,25.000000000000004,-1.0399999999999998,
2022-02-16,-52.0,25.000000000000004,-1.0399999999999998,
2022-02-17,524.0,25.000000000000004,10.479999999999999,
2022-02-18,-52.0,25.000000000000004,-1.0399999999999998,
2022-02-21,-52.0,25.000000000000004,-1.0399999999999998,
2022-02-22,-2.0,25.000000000000004,-0.039999999999999994,
2022-02-23,-52.0,25.000000000000004,-1.0399999999999998,
2022-02-24,-52.0,25.000000000000004,-1.0399999999999998,
2022-02-25,-52.0,25.000000000000004,-1.0399999999999998,
2022-02-28,-52.0,25.000000000000004,-1.0399999999999998,
2022-03-01,-52.0,25.000000000000004,-1.0399999999999998,
2022-03-02,-52.0,25.000000000000004,-1.0399999999999998,
2022-03-03,566.5,25.000000000000004,11.329999999999998,
2022-03-04,-52.0,25.000000000000004,-1.0399999999999998,
2022-03-07,872.5,25.000000000000004,17.45,
2022-03-08,-52.0,25.000000000000004,-1.0399999999999998,
2022-03-09,-52.0,25.000000000000004,-1.0399999999999998,
2022-03-10,-52.0,25.000000000000004,-1.0399999999999998,
2022-03-11,744.5,25.000000000000004,14.889999999999997,
2022-03-14,-52.0,25.000000000000004,-1.0399999999999998,
2022-03-15,-52.0,25.000000000000004,-1.0399999999999998,
2022-03-16,-2.0,25.000000000000004,-0.039999999999999994,
2022-03-17,-52.0,25.000000000000004,-1.0399999999999998,
2022-03-18,683.0,25.000000000000004,13.659999999999998,
2022-03-21,-52.0,25.000000000000004,-1.0399999999999998,
2022-03-22,470.5,25.000000000000004,9.409999999999998,
2022-03-23,-52.0,25.000000000000004,-1.0399999999999998,
2022-03-24,-52.0,25.000000000000004,-1.0399999999999998,
2022-03-25,-52.0,25.000000000000004,-1.0399999999999998,
2022-03-28,-52.0,25.000000000000004,-1.0399999999999998,
2022-03-29,-52.0,25.000000000000004,-1.0399999999999998,
2022-03-30,-52.0,25.000000000000004,-1.0399999999999998,
2022-03-31,-52.0,25.000000000000004,-1.0399999999999998,
2022-04-01,-52.0,25.000000000000004,-1.0399999999999998,
2022-04-04,504.0,25.000000000000004,10.079999999999998,
2022-04-05,506.5,25.000000000000004,10.129999999999999,
2022-04-06,-2.0,25.000000000000004,-0.039999999999999994,
2022-04-07,-52.0,25.000000000000004,-1.0399999999999998,
2022-04-08,-52.0,25.000000000000004,-1.0399999999999998,
2022-04-11,-52.0,25.000000000000004,-1.0399999999999998,
2022-04-12,-52.0,25.000000000000004,-1.0399999999999998,
2022-04-13,455.0,25.000000000000004,9.099999999999998,
2022-04-14,484.0,25.000000000000004,9.679999999999998,
2022-04-18,-52.0,25.000000000000004,-1.0399999999999998,
2022-04-19,-52.0,25.000000000000004,-1.0399999999999998,
2022-04-20,423.0,25.000000000000004,8.459999999999999,
2022-04-21,-52.0,25.000000000000004,-1.0399999999999998,
2022-04-22,-52.0,25.000000000000004,-1.0399999999999998,
2022-04-25,-52.0,25.000000000000004,-1.0399999999999998,
2022-04-26,727.0,25.000000000000004,14.539999999999997,
2022-04-27,-2.0,25.000000000000004,-0.039999999999999994,
2022-04-28,-52.0,25.000000000000004,-1.0399999999999998,
2022-04-29,-52.0,25.000000000000004,-1.0399999999999998,
2022-05-02,-52.0,25.000000000000004,-1.0399999999999998,
2022-05-03,-52.0,25.000000000000004,-1.0399999999999998,
2022-05-04,-52.0,25.000000000000004,-1.0399999999999998,
2022-05-05,879.5,25.000000000000004,17.589999999999996,
2022-05-06,-2.0,25.000000000000004,-0.039999999999999994,
2022-05-09,-52.0,25.000000000000004,-1.0399999999999998,
2022-05-10,-52.0,25.000000000000004,-1.0399999999999998,
2022-05-11,-52.0,25.000000000000004,-1.0399999999999998,
2022-05-12,-52.0,25.000000000000004,-1.0399999999999998,
2022-05-13,-52.0,25.000000000000004,-1.0399999999999998,
2022-05-16,-52.0,25.000000000000004,-1.0399999999999998,
2022-05-17,-52.0,25.000000000000004,-1.0399999999999998,
2022-05-18,823.0,25.000000000000004,16.459999999999997,
2022-05-19,-52.0,25.000000000000004,-1.0399999999999998,
2022-05-20,-52.0,25.000000000000004,-1.0399999999999998,
2022-05-23,-52.0,25.000000000000004,-1.0399999999999998,
2022-05-24,-2.0,25.000000000000004,-0.039999999999999994,
2022-05-25,-52.0,25.000000000000004,-1.0399999999999998,
2022-05-26,584.5,25.000000000000004,11.689999999999998,
2022-05-27,469.5,25.000000000000004,9.389999999999999,
2022-05-31,-52.0,25.000000000000004,-1.0399999999999998,
2022-06-01,-52.0,25.000000000000004,-1.0399999999999998,
2022-06-03,-52.0,25.000000000000004,-1.0399999999999998,
2022-06-06,-52.0,25.000000000000004,-1.0399999999999998,
2022-06-07,460.0,25.000000000000004,9.2,
2022-06-08,-52.0,25.000000000000004,-1.0399999999999998,
2022-06-09,-52.0,25.000000000000004,-1.0399999999999998,
2022-06-10,-52.0,25.000000000000004,-1.0399999999999998,
2022-06-13,-52.0,25.000000000000004,-1.0399999999999998,
2022-06-14,-52.0,25.000000000000004,-1.0399999999999998,
2022-06-15,-52.0,25.000000000000004,-1.0399999999999998,
2022-06-16,-52.0,25.000000000000004,-1.0399999999999998,
2022-06-17,-52.0,25.000000000000004,-1.0399999999999998,
2022-06-20,-52.0,25.000000000000004,-1.0399999999999998,
2022-06-21,101.5,25.000000000000004,2.03,
2022-06-22,-52.0,25.000000000000004,-1.0399999999999998,
2022-06-23,-52.0,25.000000000000004,-1.0399999999999998,
2022-06-24,484.0,25.000000000000004,9.679999999999998,
2022-06-27,-52.0,25.000000000000004,-1.0399999999999998,
2022-06-28,-52.0,25.000000000000004,-1.0399999999999998,
2022-06-29,-52.0,25.000000000000004,-1.0399999999999998,
2022-06-30,-52.0,25.000000000000004,-1.0399999999999998,
2022-07-01,-52.0,25.000000000000004,-1.0399999999999998,
2022-07-04,12.0,25.000000000000004,0.23999999999999996,
2022-07-05,-52.0,25.000000000000004,-1.0399999999999998,
2022-07-06,-52.0,25.000000000000004,-1.0399999999999998,
2022-07-07,290.0,25.000000000000004,5.799999999999999,
2022-07-08,-52.0,25.000000000000004,-1.0399999999999998,
2022-07-11,239.0,25.000000000000004,4.779999999999999,
2022-07-12,-52.0,25.000000000000004,-1.0399999999999998,
2022-07-13,-52.0,25.000000000000004,-1.0399999999999998,
2022-07-14,-52.0,25.000000000000004,-1.0399999999999998,
2022-07-15,-52.0,25.000000000000004,-1.0399999999999998,
2022-07-18,-52.0,25.000000000000004,-1.0399999999999998,
2022-07-19,-52.0,25.000000000000004,-1.0399999999999998,
2022-07-20,340.0,25.000000000000004,6.799999999999999,
2022-07-21,-52.0,25.000000000000004,-1.0399999999999998,
2022-07-22,-52.0,25.000000000000004,-1.0399999999999998,
2022-07-25,117.5,25.000000000000004,2.3499999999999996,
2022-07-26,-52.0,25.000000000000004,-1.0399999999999998,
2022-07-27,-52.0,25.000000000000004,-1.0399999999999998,
2022-07-28,-52.0,25.000000000000004,-1.0399999999999998,
2022-07-29,-52.0,25.000000000000004,-1.0399999999999998,
2022-08-01,-2.0,25.000000000000004,-0.039999999999999994,
2022-08-02,-52.0,25.000000000000004,-1.0399999999999998,
2022-08-03,461.5,25.000000000000004,9.229999999999999,
2022-08-04,-52.0,25.000000000000004,-1.0399999999999998,
2022-08-05,-52.0,25.000000000000004,-1.0399999999999998,
2022-08-08,-52.0,25.000000000000004,-1.0399999999999998,
2022-08-09,-52.0,25.000000000000004,-1.0399999999999998,
2022-08-10,-52.0,25.000000000000004,-1.0399999999999998,
2022-08-11,-52.0,25.000000000000004,-1.0399999999999998,
2022-08-12,-52.0,25.000000000000004,-1.0399999999999998,
2022-08-15,-52.0,25.000000000000004,-1.0399999999999998,
2022-08-16,-52.0,25.000000000000004,-1.0399999999999998,
2022-08-17,-52.0,25.000000000000004,-1.0399999999999998,
2022-08-18,-52.0,25.000000000000004,-1.0399999999999998,
2022-08-19,160.0,25.000000000000004,3.1999999999999997,
2022-08-22,-52.0,25.000000000000004,-1.0399999999999998,
2022-08-23,-52.0,25.000000000000004,-1.0399999999999998,
2022-08-24,-52.0,25.000000000000004,-1.0399999999999998,
2022-08-25,-52.0,25.000000000000004,-1.0399999999999998,
2022-08-26,-2.0,25.000000000000004,-0.039999999999999994,
2022-08-29,-52.0,25.000000000000004,-1.0399999999999998,
2022-08-30,395.5,25.000000000000004,7.909999999999999,
2022-08-31,-52.0,25.000000000000004,-1.0399999999999998,
2022-09-01,-52.0,25.000000000000004,-1.0399999999999998,
2022-09-02,-52.0,25.000000000000004,-1.0399999999999998,
2022-09-05,-4.0,25.000000000000004,-0.07999999999999999,
2022-09-06,-52.0,25.000000000000004,-1.0399999999999998,
2022-09-07,-52.0,25.000000000000004,-1.0399999999999998,
2022-09-08,-52.0,25.000000000000004,-1.0399999999999998,
2022-09-09,-52.0,25.000000000000004,-1.0399999999999998,
2022-09-12,-52.0,25.000000000000004,-1.0399999999999998,
2022-09-13,-52.0,25.000000000000004,-1.0399999999999998,
2022-09-14,-52.0,25.000000000000004,-1.0399999999999998,
2022-09-15,-52.0,25.000000000000004,-1.0399999999999998,
2022-09-16,-52.0,25.000000000000004,-1.0399999999999998,
2022-09-19,-52.0,25.000000000000004,-1.0399999999999998,
2022-09-20,-52.0,25.000000000000004,-1.0399999999999998,
2022-09-21,-52.0,25.000000000000004,-1.0399999999999998,
2022-09-22,-52.0,25.000000000000004,-1.0399999999999998,
2022-09-23,-52.0,25.000000000000004,-1.0399999999999998,
2022-09-26,-52.0,25.000000000000004,-1.0399999999999998,
2022-09-27,-52.0,25.000000000000004,-1.0399999999999998,
2022-09-28,-52.0,25.000000000000004,-1.0399999999999998,
2022-09-29,201.5,25.000000000000004,4.029999999999999,
2022-09-30,-52.0,25.000000000000004,-1.0399999999999998,
2022-10-03,-52.0,25.000000000000004,-1.0399999999999998,
2022-10-04,-52.0,25.000000000000004,-1.0399999999999998,
2022-10-05,-52.0,25.000000000000004,-1.0399999999999998,
2022-10-06,-52.0,25.000000000000004,-1.0399999999999998,
2022-10-07,349.0,25.000000000000004,6.979999999999999,
2022-10-10,-2.0,25.000000000000004,-0.039999999999999994,
2022-10-11,-52.0,25.000000000000004,-1.0399999999999998,
2022-10-12,-52.0,25.000000000000004,-1.0399999999999998,
2022-10-13,992.5,25.000000000000004,19.849999999999998,
2022-10-14,-52.0,25.000000000000004,-1.0399999999999998,
2022-10-17,143.0,25.000000000000004,2.8599999999999994,
2022-10-18,-52.0,25.000000000000004,-1.0399999999999998,
2022-10-19,-52.0,25.000000000000004,-1.0399999999999998,
2022-10-20,-52.0,25.000000000000004,-1.0399999999999998,
2022-10-21,-52.0,25.000000000000004,-1.0399999999999998,
2022-10-24,-52.0,25.000000000000004,-1.0399999999999998,
2022-10-25,-52.0,25.000000000000004,-1.0399999999999998,
2022-10-26,-52.0,25.000000000000004,-1.0399999999999998,
2022-10-27,-2.0,25.000000000000004,-0.039999999999999994,
2022-10-28,-52.0,25.000000000000004,-1.0399999999999998,
2022-10-31,-52.0,25.000000000000004,-1.0399999999999998,
2022-11-01,502.5,25.000000000000004,10.049999999999999,
2022-11-02,-52.0,25.000000000000004,-1.0399999999999998,
2022-11-03,-52.0,25.000000000000004,-1.0399999999999998,
2022-11-04,-2.0,25.000000000000004,-0.039999999999999994,
2022-11-07,-52.0,25.000000000000004,-1.0399999999999998,
2022-11-08,-52.0,25.000000000000004,-1.0399999999999998,
2022-11-09,-52.0,25.000000000000004,-1.0399999999999998,
2022-11-10,502.5,25.000000000000004,10.049999999999999,
2022-11-11,-52.0,25.000000000000004,-1.0399999999999998,
2022-11-14,-52.0,25.000000000000004,-1.0399999999999998,
2022-11-15,-52.0,25.000000000000004,-1.0399999999999998,
2022-11-16,-52.0,25.000000000000004,-1.0399999999999998,
2022-11-17,259.0,25.000000000000004,5.179999999999999,
2022-11-18,123.5,25.000000000000004,2.4699999999999998,
2022-11-21,-52.0,25.000000000000004,-1.0399999999999998,
2022-11-22,-52.0,25.000000000000004,-1.0399999999999998,
2022-11-23,-52.0,25.000000000000004,-1.0399999999999998,
2022-11-25,-52.0,25.000000000000004,-1.0399999999999998,
2022-11-28,-52.0,25.000000000000004,-1.0399999999999998,
2022-11-29,-52.0,25.000000000000004,-1.0399999999999998,
2022-11-30,-52.0,25.000000000000004,-1.0399999999999998,
2022-12-01,-52.0,25.000000000000004,-1.0399999999999998,
2022-12-02,-52.0,25.000000000000004,-1.0399999999999998,
2022-12-05,-52.0,25.000000000000004,-1.0399999999999998,
2022-12-06,413.5,25.000000000000004,8.27,
2022-12-07,-52.0,25.000000000000004,-1.0399999999999998,
2022-12-08,-52.0,25.000000000000004,-1.0399999999999998,
2022-12-09,-52.0,25.000000000000004,-1.0399999999999998,
2022-12-12,-52.0,25.000000000000004,-1.0399999999999998,
2022-12-13,-52.0,25.000000000000004,-1.0399999999999998,
2022-12-14,-52.0,25.000000000000004,-1.0399999999999998,
2022-12-15,360.0,25.000000000000004,7.199999999999999,
2022-12-16,-52.0,25.000000000000004,-1.0399999999999998,
2022-12-19,-52.0,25.000000000000004,-1.0399999999999998,
2022-12-20,-52.0,25.000000000000004,-1.0399999999999998,
2022-12-21,-52.0,25.000000000000004,-1.0399999999999998,
2022-12-22,173.5,25.000000000000004,3.4699999999999993,
2022-12-23,-52.0,25.000000000000004,-1.0399999999999998,
2022-12-27,198.0,25.000000000000004,3.9599999999999995,
2022-12-28,-52.0,25.000000000000004,-1.0399999999999998,
2022-12-29,217.5,25.000000000000004,4.35,
2022-12-30,-52.0,25.000000000000004,-1.0399999999999998,
2023-01-03,-52.0,25.000000000000004,-1.0399999999999998,
2023-01-04,-52.0,25.000000000000004,-1.0399999999999998,
2023-01-05,-52.0,25.000000000000004,-1.0399999999999998,
2023-01-06,-52.0,25.000000000000004,-1.0399999999999998,
2023-01-09,-52.0,25.000000000000004,-1.0399999999999998,
2023-01-10,-52.0,25.000000000000004,-1.0399999999999998,
2023-01-11,-52.0,25.000000000000004,-1.0399999999999998,
2023-01-12,-52.0,25.000000000000004,-1.0399999999999998,
2023-01-13,-52.0,25.000000000000004,-1.0399999999999998,
2023-01-16,-52.0,25.000000000000004,-1.0399999999999998,
2023-01-17,-52.0,25.000000000000004,-1.0399999999999998,
2023-01-18,-52.0,25.000000000000004,-1.0399999999999998,
2023-01-19,-52.0,25.000000000000004,-1.0399999999999998,
2023-01-20,-52.0,25.000000000000004,-1.0399999999999998,
2023-01-23,416.0,25.000000000000004,8.319999999999999,
2023-01-24,-52.0,25.000000000000004,-1.0399999999999998,
2023-01-25,-52.0,25.000000000000004,-1.0399999999999998,
2023-01-26,-52.0,25.000000000000004,-1.0399999999999998,
2023-01-27,279.5,25.000000000000004,5.589999999999999,
2023-01-30,-52.0,25.000000000000004,-1.0399999999999998,
2023-01-31,-52.0,25.000000000000004,-1.0399999999999998,
2023-02-01,-52.0,25.000000000000004,-1.0399999999999998,
2023-02-02,-52.0,25.000000000000004,-1.0399999999999998,
2023-02-03,-52.0,25.000000000000004,-1.0399999999999998,
2023-02-06,-52.0,25.000000000000004,-1.0399999999999998,
2023-02-07,-52.0,25.000000000000004,-1.0399999999999998,
2023-02-08,-52.0,25.000000000000004,-1.0399999999999998,
2023-02-09,530.0,25.000000000000004,10.599999999999998,
2023-02-10,-52.0,25.000000000000004,-1.0399999999999998,
2023-02-13,-52.0,25.000000000000004,-1.0399999999999998,
2023-02-14,-52.0,25.000000000000004,-1.0399999999999998,
2023-02-15,-52.0,25.000000000000004,-1.0399999999999998,
2023-02-16,-2.0,25.000000000000004,-0.039999999999999994,
2023-02-17,-52.0,25.000000000000004,-1.0399999999999998,
2023-02-20,35.0,25.000000000000004,0.7,
2023-02-21,-52.0,25.000000000000004,-1.0399999999999998,
2023-02-22,-52.0,25.000000000000004,-1.0399999999999998,
2023-02-23,-52.0,25.000000000000004,-1.0399999999999998,
2023-02-24,-52.0,25.000000000000004,-1.0399999999999998,
2023-02-27,-52.0,25.000000000000004,-1.0399999999999998,
2023-02-28,-52.0,25.000000000000004,-1.0399999999999998,
2023-03-01,-52.0,25.000000000000004,-1.0399999999999998,
2023-03-02,-52.0,25.000000000000004,-1.0399999999999998,
2023-03-03,-52.0,25.000000000000004,-1.0399999999999998,
2023-03-06,-52.0,25.000000000000004,-1.0399999999999998,
2023-03-07,-52.0,25.000000000000004,-1.0399999999999998,
2023-03-08,-52.0,25.000000000000004,-1.0399999999999998,
2023-03-09,-52.0,25.000000000000004,-1.0399999999999998,
2023-03-10,-52.0,25.000000000000004,-1.0399999999999998,
2023-03-13,-52.0,25.000000000000004,-1.0399999999999998,
2023-03-14,-52.0,25.000000000000004,-1.0399999999999998,
2023-03-15,-52.0,25.000000000000004,-1.0399999999999998,
2023-03-16,-52.0,25.000000000000004,-1.0399999999999998,
2023-03-17,-52.0,25.000000000000004,-1.0399999999999998,
2023-03-20,-52.0,25.000000000000004,-1.0399999999999998,
2023-03-21,-52.0,25.000000000000004,-1.0399999999999998,
2023-03-22,-2.0,25.000000000000004,-0.039999999999999994,
2023-03-23,-2.0,25.000000000000004,-0.039999999999999994,
2023-03-24,-52.0,25.000000000000004,-1.0399999999999998,
2023-03-27,-52.0,25.000000000000004,-1.0399999999999998,
2023-03-28,9.5,25.000000000000004,0.18999999999999997,
2023-03-29,-52.0,25.000000000000004,-1.0399999999999998,
2023-03-30,-52.0,25.000000000000004,-1.0399999999999998,
2023-03-31,355.0,25.000000000000004,7.099999999999999,
2023-04-03,-52.0,25.000000000000004,-1.0399999999999998,
2023-04-04,-52.0,25.000000000000004,-1.0399999999999998,
2023-04-05,163.5,25.000000000000004,3.2699999999999996,
2023-04-06,-52.0,25.000000000000004,-1.0399999999999998,
2023-04-10,-52.0,25.000000000000004,-1.0399999999999998,
2023-04-11,69.5,25.000000000000004,1.39,
2023-04-12,350.5,25.000000000000004,7.009999999999999,
2023-04-13,303.0,25.000000000000004,6.059999999999999,
2023-04-14,-52.0,25.000000000000004,-1.0399999999999998,
2023-04-17,-52.0,25.000000000000004,-1.0399999999999998,
2023-04-18,-52.0,25.000000000000004,-1.0399999999999998,
2023-04-19,-52.0,25.000000000000004,-1.0399999999999998,
2023-04-20,-52.0,25.000000000000004,-1.0399999999999998,
2023-04-21,-52.0,25.000000000000004,-1.0399999999999998,
2023-04-24,-52.0,25.000000000000004,-1.0399999999999998,
2023-04-25,-52.0,25.000000000000004,-1.0399999999999998,
2023-04-26,-52.0,25.000000000000004,-1.0399999999999998,
2023-04-27,-52.0,25.000000000000004,-1.0399999999999998,
2023-04-28,-52.0,25.000000000000004,-1.0399999999999998,
2023-05-01,-52.0,25.000000000000004,-1.0399999999999998,
2023-05-02,-52.0,25.000000000000004,-1.0399999999999998,
2023-05-03,-52.0,25.000000000000004,-1.0399999999999998,
2023-05-04,-52.0,25.000000000000004,-1.0399999999999998,
2023-05-05,337.5,25.000000000000004,6.749999999999999,
2023-05-08,-52.0,25.000000000000004,-1.0399999999999998,
2023-05-09,-52.0,25.000000000000004,-1.0399999999999998,
2023-05-10,-52.0,25.000000000000004,-1.0399999999999998,
2023-05-11,-52.0,25.000000000000004,-1.0399999999999998,
2023-05-12,-52.0,25.000000000000004,-1.0399999999999998,
2023-05-15,-52.0,25.000000000000004,-1.0399999999999998,
2023-05-16,27.5,25.000000000000004,0.5499999999999999,
2023-05-17,-52.0,25.000000000000004,-1.0399999999999998,
2023-05-18,427.0,25.000000000000004,8.54,
2023-05-19,-52.0,25.000000000000004,-1.0399999999999998,
2023-05-22,-52.0,25.000000000000004,-1.0399999999999998,
2023-05-23,-52.0,25.000000000000004,-1.0399999999999998,
2023-05-24,-52.0,25.000000000000004,-1.0399999999999998,
2023-05-25,-52.0,25.000000000000004,-1.0399999999999998,
2023-05-26,532.5,25.000000000000004,10.649999999999999,
2023-05-29,-52.0,25.000000000000004,-1.0399999999999998,
2023-05-30,-52.0,25.000000000000004,-1.0399999999999998,
2023-05-31,-52.0,25.000000000000004,-1.0399999999999998,
2023-06-01,-52.0,25.000000000000004,-1.0399999999999998,
2023-06-02,-52.0,25.000000000000004,-1.0399999999999998,
2023-06-05,-52.0,25.000000000000004,-1.0399999999999998,
2023-06-06,-52.0,25.000000000000004,-1.0399999999999998,
2023-06-07,-52.0,25.000000000000004,-1.0399999999999998,
2023-06-08,-52.0,25.000000000000004,-1.0399999999999998,
2023-06-09,-52.0,25.000000000000004,-1.0399999999999998,
2023-06-12,-52.0,25.000000000000004,-1.0399999999999998,
2023-06-13,-52.0,25.000000000000004,-1.0399999999999998,
2023-06-14,-52.0,25.000000000000004,-1.0399999999999998,
2023-06-15,450.0,25.000000000000004,8.999999999999998,
2023-06-16,-52.0,25.000000000000004,-1.0399999999999998,
2023-06-19,10.5,25.000000000000004,0.20999999999999996,
2023-06-20,-52.0,25.000000000000004,-1.0399999999999998,
2023-06-21,221.0,25.000000000000004,4.419999999999999,
2023-06-22,409.0,25.000000000000004,8.18,
2023-06-23,-52.0,25.000000000000004,-1.0399999999999998,
2023-06-26,-52.0,25.000000000000004,-1.0399999999999998,
2023-06-27,-52.0,25.000000000000004,-1.0399999999999998,
2023-06-28,-52.0,25.000000000000004,-1.0399999999999998,
2023-06-29,-52.0,25.000000000000004,-1.0399999999999998,
2023-06-30,122.0,25.000000000000004,2.4399999999999995,
2023-07-03,-52.0,25.000000000000004,-1.0399999999999998,
2023-07-04,-43.0,25.000000000000004,-0.8599999999999999,
2023-07-05,53.5,25.000000000000004,1.0699999999999998,
2023-07-06,-52.0,25.000000000000004,-1.0399999999999998,
2023-07-07,-52.0,25.000000000000004,-1.0399999999999998,
2023-07-10,-52.0,25.000000000000004,-1.0399999999999998,
2023-07-11,-52.0,25.000000000000004,-1.0399999999999998,
2023-07-12,-52.0,25.000000000000004,-1.0399999999999998,
2023-07-13,-52.0,25.000000000000004,-1.0399999999999998,
2023-07-14,-52.0,25.000000000000004,-1.0399999999999998,
2023-07-17,-52.0,25.000000000000004,-1.0399999999999998,
2023-07-18,-52.0,25.000000000000004,-1.0399999999999998,
2023-07-19,-52.0,25.000000000000004,-1.0399999999999998,
2023-07-20,-52.0,25.000000000000004,-1.0399999999999998,
2023-07-21,-52.0,25.000000000000004,-1.0399999999999998,
2023-07-24,-52.0,25.000000000000004,-1.0399999999999998,
2023-07-25,92.5,25.000000000000004,1.8499999999999996,
2023-07-26,-52.0,25.000000000000004,-1.0399999999999998,
2023-07-27,-52.0,25.000000000000004,-1.0399999999999998,
2023-07-28,170.0,25.000000000000004,3.3999999999999995,
2023-07-31,-52.0,25.000000000000004,-1.0399999999999998,
2023-08-01,-52.0,25.000000000000004,-1.0399999999999998,
2023-08-02,312.5,25.000000000000004,6.249999999999999,
2023-08-03,-52.0,25.000000000000004,-1.0399999999999998,
2023-08-04,-52.0,25.000000000000004,-1.0399999999999998,
2023-08-07,-52.0,25.000000000000004,-1.0399999999999998,
2023-08-08,-52.0,25.000000000000004,-1.0399999999999998,
2023-08-09,346.0,25.000000000000004,6.919999999999999,
2023-08-10,-52.0,25.000000000000004,-1.0399999999999998,
2023-08-11,-52.0,25.000000000000004,-1.0399999999999998,
2023-08-14,346.5,25.000000000000004,6.929999999999999,
2023-08-15,-52.0,25.000000000000004,-1.0399999999999998,
2023-08-16,-52.0,25.000000000000004,-1.0399999999999998,
2023-08-17,393.0,25.000000000000004,7.8599999999999985,
2023-08-18,-52.0,25.000000000000004,-1.0399999999999998,
2023-08-21,-52.0,25.000000000000004,-1.0399999999999998,
2023-08-22,235.0,25.000000000000004,4.699999999999999,
2023-08-23,350.0,25.000000000000004,6.999999999999999,
2023-08-24,792.5,25.000000000000004,15.849999999999998,
2023-08-25,-52.0,25.000000000000004,-1.0399999999999998,
2023-08-28,-52.0,25.000000000000004,-1.0399999999999998,
2023-08-29,603.5,25.000000000000004,12.069999999999999,
2023-08-30,-52.0,25.000000000000004,-1.0399999999999998,
2023-08-31,31.5,25.000000000000004,0.6299999999999999,
2023-09-01,-52.0,25.000000000000004,-1.0399999999999998,
2023-09-04,-52.0,25.000000000000004,-1.0399999999999998,
2023-09-06,-52.0,25.000000000000004,-1.0399999999999998,
2023-09-07,-52.0,25.000000000000004,-1.0399999999999998,
2023-09-08,-52.0,25.000000000000004,-1.0399999999999998,
2023-09-11,-52.0,25.000000000000004,-1.0399999999999998,
2023-09-12,-52.0,25.000000000000004,-1.0399999999999998,
2023-09-13,-52.0,25.000000000000004,-1.0399999999999998,
2023-09-14,-52.0,25.000000000000004,-1.0399999999999998,
2023-09-15,390.0,25.000000000000004,7.799999999999999,
2023-09-18,-52.0,25.000000000000004,-1.0399999999999998,
2023-09-19,-52.0,25.000000000000004,-1.0399999999999998,
2023-09-20,-52.0,25.000000000000004,-1.0399999999999998,
2023-09-21,-52.0,25.000000000000004,-1.0399999999999998,
2023-09-22,-52.0,25.000000000000004,-1.0399999999999998,
2023-09-25,-52.0,25.000000000000004,-1.0399999999999998,
2023-09-26,179.5,25.000000000000004,3.5899999999999994,
2023-09-27,-52.0,25.000000000000004,-1.0399999999999998,
2023-09-28,-52.0,25.000000000000004,-1.0399999999999998,
2023-09-29,-52.0,25.000000000000004,-1.0399999999999998,
2023-10-02,-2.0,25.000000000000004,-0.039999999999999994,
2023-10-03,-52.0,25.000000000000004,-1.0399999999999998,
2023-10-04,-52.0,25.000000000000004,-1.0399999999999998,
2023-10-05,-2.0,25.000000000000004,-0.039999999999999994,
2023-10-09,-52.0,25.000000000000004,-1.0399999999999998,
2023-10-10,125.5,25.000000000000004,2.51,
2023-10-11,-52.0,25.000000000000004,-1.0399999999999998,
2023-10-12,-52.0,25.000000000000004,-1.0399999999999998,
2023-10-13,377.0,25.000000000000004,7.539999999999999,
2023-10-16,-52.0,25.000000000000004,-1.0399999999999998,
2023-10-17,-52.0,25.000000000000004,-1.0399999999999998,
2023-10-18,-52.0,25.000000000000004,-1.0399999999999998,
2023-10-19,-52.0,25.000000000000004,-1.0399999999999998,
2023-10-20,-52.0,25.000000000000004,-1.0399999999999998,
2023-10-23,-52.0,25.000000000000004,-1.0399999999999998,
2023-10-24,-52.0,25.000000000000004,-1.0399999999999998,
2023-10-25,390.0,25.000000000000004,7.799999999999999,
2023-10-26,-52.0,25.000000000000004,-1.0399999999999998,
2023-10-27,-52.0,25.000000000000004,-1.0399999999999998,
2023-10-30,-52.0,25.000000000000004,-1.0399999999999998,
2023-10-31,-52.0,25.000000000000004,-1.0399999999999998,
2023-11-01,405.0,25.000000000000004,8.1,
2023-11-02,-52.0,25.000000000000004,-1.0399999999999998,
2023-11-03,233.5,25.000000000000004,4.669999999999999,
2023-11-06,-52.0,25.000000000000004,-1.0399999999999998,
2023-11-07,-52.0,25.000000000000004,-1.0399999999999998,
2023-11-08,-52.0,25.000000000000004,-1.0399999999999998,
2023-11-09,-52.0,25.000000000000004,-1.0399999999999998,
2023-11-10,503.5,25.000000000000004,10.069999999999999,
2023-11-13,-52.0,25.000000000000004,-1.0399999999999998,
2023-11-14,86.0,25.000000000000004,1.7199999999999998,
2023-11-15,-52.0,25.000000000000004,-1.0399999999999998,
2023-11-16,-52.0,25.000000000000004,-1.0399999999999998,
2023-11-17,-52.0,25.000000000000004,-1.0399999999999998,
2023-11-20,253.5,25.000000000000004,5.069999999999999,
2023-11-21,9.0,25.000000000000004,0.17999999999999997,
2023-11-22,-52.0,25.000000000000004,-1.0399999999999998,
2023-11-23,-10.0,25.000000000000004,-0.19999999999999998,
2023-11-24,20.0,25.000000000000004,0.39999999999999997,
2023-11-27,-3.0,25.000000000000004,-0.05999999999999999,
2023-11-28,-52.0,25.000000000000004,-1.0399999999999998,
2023-11-29,-52.0,25.000000000000004,-1.0399999999999998,
2023-11-30,19.5,25.000000000000004,0.38999999999999996,
2023-12-01,-52.0,25.000000000000004,-1.0399999999999998,
2023-12-04,-52.0,25.000000000000004,-1.0399999999999998,
2023-12-05,205.0,25.000000000000004,4.1,
2023-12-06,300.0,25.000000000000004,5.999999999999999,
2023-12-07,-52.0,25.000000000000004,-1.0399999999999998,
2023-12-08,-52.0,25.000000000000004,-1.0399999999999998,
2023-12-11,-52.0,25.000000000000004,-1.0399999999999998,
2023-12-12,-52.0,25.000000000000004,-1.0399999999999998,
2023-12-13,-52.0,25.000000000000004,-1.0399999999999998,
2023-12-14,-52.0,25.000000000000004,-1.0399999999999998,
2023-12-15,-52.0,25.000000000000004,-1.0399999999999998,
2023-12-18,145.0,25.000000000000004,2.8999999999999995,
2023-12-19,91.0,25.000000000000004,1.8199999999999998,
2023-12-20,-52.0,25.000000000000004,-1.0399999999999998,
2023-12-21,-52.0,25.000000000000004,-1.0399999999999998,
2023-12-22,-52.0,25.000000000000004,-1.0399999999999998,
2023-12-26,104.0,25.000000000000004,2.0799999999999996,
2023-12-27,-52.0,25.000000000000004,-1.0399999999999998,
2023-12-28,74.0,25.000000000000004,1.4799999999999998,
2023-12-29,-52.0,25.000000000000004,-1.0399999999999998,
2024-01-02,219.5,25.000000000000004,4.39,
2024-01-03,-52.0,25.000000000000004,-1.0399999999999998,
2024-01-04,-52.0,25.000000000000004,-1.0399999999999998,
2024-01-05,-52.0,25.000000000000004,-1.0399999999999998,
2024-01-08,509.5,25.000000000000004,10.189999999999998,
2024-01-09,-52.0,25.000000000000004,-1.0399999999999998,
2024-01-10,-52.0,25.000000000000004,-1.0399999999999998,
2024-01-11,-52.0,25.000000000000004,-1.0399999999999998,
2024-01-12,-52.0,25.000000000000004,-1.0399999999999998,
2024-01-16,-52.0,25.000000000000004,-1.0399999999999998,
2024-01-17,-52.0,25.000000000000004,-1.0399999999999998,
2024-01-18,-52.0,25.000000000000004,-1.0399999999999998,
2024-01-19,-52.0,25.000000000000004,-1.0399999999999998,
2024-01-22,-52.0,25.000000000000004,-1.0399999999999998,
2024-01-23,-52.0,25.000000000000004,-1.0399999999999998,
2024-01-24,-52.0,25.000000000000004,-1.0399999999999998,
2024-01-25,-52.0,25.000000000000004,-1.0399999999999998,
2024-01-26,-52.0,25.000000000000004,-1.0399999999999998,
2024-01-29,-52.0,25.000000000000004,-1.0399999999999998,
2024-01-30,-52.0,25.000000000000004,-1.0399999999999998,
2024-01-31,-52.0,25.000000000000004,-1.0399999999999998,
2024-02-01,-52.0,25.000000000000004,-1.0399999999999998,
2024-02-02,350.5,25.000000000000004,7.009999999999999,
2024-02-05,-52.0,25.000000000000004,-1.0399999999999998,
2024-02-06,134.0,25.000000000000004,2.6799999999999997,
2024-02-07,-52.0,25.000000000000004,-1.0399999999999998,
2024-02-08,-52.0,25.000000000000004,-1.0399999999999998,
2024-02-09,-52.0,25.000000000000004,-1.0399999999999998,
2024-02-12,-52.0,25.000000000000004,-1.0399999999999998,
2024-02-13,-52.0,25.000000000000004,-1.0399999999999998,
2024-02-14,-52.0,25.000000000000004,-1.0399999999999998,
2024-02-15,-52.0,25.000000000000004,-1.0399999999999998,
2024-02-16,321.5,25.000000000000004,6.429999999999999,
2024-02-19,-13.5,25.000000000000004,-0.26999999999999996,
2024-02-20,-52.0,25.000000000000004,-1.0399999999999998,
2024-02-21,-52.0,25.000000000000004,-1.0399999999999998,
2024-02-22,283.0,25.000000000000004,5.659999999999999,
2024-02-23,-52.0,25.000000000000004,-1.0399999999999998,
2024-02-26,-52.0,25.000000000000004,-1.0399999999999998,
2024-02-27,-52.0,25.000000000000004,-1.0399999999999998,
2024-02-28,-52.0,25.000000000000004,-1.0399999999999998,
2024-02-29,-52.0,25.000000000000004,-1.0399999999999998,
2024-03-01,-52.0,25.000000000000004,-1.0399999999999998,
2024-03-04,-52.0,25.000000000000004,-1.0399999999999998,
2024-03-05,283.5,25.000000000000004,5.669999999999999,
2024-03-06,-52.0,25.000000000000004,-1.0399999999999998,
2024-03-07,-52.0,25.000000000000004,-1.0399999999999998,
2024-03-08,-52.0,25.000000000000004,-1.0399999999999998,
2024-03-11,-52.0,25.000000000000004,-1.0399999999999998,
2024-03-12,-52.0,25.000000000000004,-1.0399999999999998,
2024-03-13,120.5,25.000000000000004,2.4099999999999997,
2024-03-14,-52.0,25.000000000000004,-1.0399999999999998,
2024-03-15,-52.0,25.000000000000004,-1.0399999999999998,
2024-03-18,-52.0,25.000000000000004,-1.0399999999999998,
2024-03-19,-52.0,25.000000000000004,-1.0399999999999998,
2024-03-20,-52.0,25.000000000000004,-1.0399999999999998,
2024-03-21,-52.0,25.000000000000004,-1.0399999999999998,
2024-03-22,-52.0,25.000000000000004,-1.0399999999999998,
2024-03-25,-52.0,25.000000000000004,-1.0399999999999998,
2024-03-26,-52.0,25.000000000000004,-1.0399999999999998,
2024-03-27,25.5,25.000000000000004,0.5099999999999999,
2024-03-28,-52.0,25.000000000000004,-1.0399999999999998,
2024-04-01,-52.0,25.000000000000004,-1.0399999999999998,
2024-04-02,-52.0,25.000000000000004,-1.0399999999999998,
2024-04-03,-52.0,25.000000000000004,-1.0399999999999998,
2024-04-04,-52.0,25.000000000000004,-1.0399999999999998,
2024-04-05,-52.0,25.000000000000004,-1.0399999999999998,
2024-04-08,-52.0,25.000000000000004,-1.0399999999999998,
2024-04-09,-52.0,25.000000000000004,-1.0399999999999998,
2024-04-10,-52.0,25.000000000000004,-1.0399999999999998,
2024-04-11,-52.0,25.000000000000004,-1.0399999999999998,
2024-04-12,-52.0,25.000000000000004,-1.0399999999999998,
2024-04-15,-52.0,25.000000000000004,-1.0399999999999998,
2024-04-16,-52.0,25.000000000000004,-1.0399999999999998,
2024-04-17,499.5,25.000000000000004,9.989999999999998,
2024-04-18,-52.0,25.000000000000004,-1.0399999999999998,
2024-04-19,-52.0,25.000000000000004,-1.0399999999999998,
2024-04-22,-52.0,25.000000000000004,-1.0399999999999998,
2024-04-23,330.0,25.000000000000004,6.599999999999999,
2024-04-24,-52.0,25.000000000000004,-1.0399999999999998,
2024-04-25,-52.0,25.000000000000004,-1.0399999999999998,
2024-04-26,-52.0,25.000000000000004,-1.0399999999999998,
2024-04-29,-52.0,25.000000000000004,-1.0399999999999998,
2024-04-30,-52.0,25.000000000000004,-1.0399999999999998,
2024-05-01,-52.0,25.000000000000004,-1.0399999999999998,
2024-05-02,-2.0,25.000000000000004,-0.039999999999999994,
2024-05-03,-52.0,25.000000000000004,-1.0399999999999998,
2024-05-06,223.5,25.000000000000004,4.47,
2024-05-07,-52.0,25.000000000000004,-1.0399999999999998,
2024-05-08,160.5,25.000000000000004,3.2099999999999995,
2024-05-09,-52.0,25.000000000000004,-1.0399999999999998,
2024-05-10,-52.0,25.000000000000004,-1.0399999999999998,
2024-05-13,-8.0,25.000000000000004,-0.15999999999999998,
2024-05-14,228.5,25.000000000000004,4.569999999999999,
2024-05-15,-52.0,25.000000000000004,-1.0399999999999998,
2024-05-16,-52.0,25.000000000000004,-1.0399999999999998,
2024-05-17,-52.0,25.000000000000004,-1.0399999999999998,
2024-05-20,154.0,25.000000000000004,3.0799999999999996,
2024-05-21,153.0,25.000000000000004,3.0599999999999996,
2024-05-22,-52.0,25.000000000000004,-1.0399999999999998,
2024-05-23,479.5,25.000000000000004,9.589999999999998,
2024-05-24,-52.0,25.000000000000004,-1.0399999999999998,
2024-05-27,-52.0,25.000000000000004,-1.0399999999999998,
2024-05-28,-52.0,25.000000000000004,-1.0399999999999998,
2024-05-29,30.0,25.000000000000004,0.5999999999999999,
2024-05-30,-52.0,25.000000000000004,-1.0399999999999998,
2024-05-31,-52.0,25.000000000000004,-1.0399999999999998,
2024-06-03,-52.0,25.000000000000004,-1.0399999999999998,
2024-06-04,-52.0,25.000000000000004,-1.0399999999999998,
2024-06-05,-52.0,25.000000000000004,-1.0399999999999998,
2024-06-06,-52.0,25.000000000000004,-1.0399999999999998,
2024-06-07,-52.0,25.000000000000004,-1.0399999999999998,
2024-06-10,-52.0,25.000000000000004,-1.0399999999999998,
2024-06-11,-52.0,25.000000000000004,-1.0399999999999998,
2024-06-12,-2.0,25.000000000000004,-0.039999999999999994,
2024-06-13,-52.0,25.000000000000004,-1.0399999999999998,
2024-06-14,207.0,25.000000000000004,4.14,
2024-06-17,-52.0,25.000000000000004,-1.0399999999999998,
2024-06-18,-52.0,25.000000000000004,-1.0399999999999998,
2024-06-19,16.0,25.000000000000004,0.31999999999999995,
2024-06-20,-52.0,25.000000000000004,-1.0399999999999998,
2024-06-21,-52.0,25.000000000000004,-1.0399999999999998,
2024-06-24,-52.0,25.000000000000004,-1.0399999999999998,
2024-06-25,-52.0,25.000000000000004,-1.0399999999999998,
2024-06-26,-52.0,25.000000000000004,-1.0399999999999998,
2024-06-27,-52.0,25.000000000000004,-1.0399999999999998,
2024-06-28,-52.0,25.000000000000004,-1.0399999999999998,
2024-07-01,-52.0,25.000000000000004,-1.0399999999999998,
2024-07-02,465.5,25.000000000000004,9.309999999999999,
2024-07-03,-52.0,25.000000000000004,-1.0399999999999998,
2024-07-04,15.5,25.000000000000004,0.30999999999999994,
2024-07-05,-52.0,25.000000000000004,-1.0399999999999998,
2024-07-08,-52.0,25.000000000000004,-1.0399999999999998,
2024-07-09,-52.0,25.000000000000004,-1.0399999999999998,
2024-07-10,-52.0,25.000000000000004,-1.0399999999999998,
2024-07-11,858.0,25.000000000000004,17.159999999999997,
2024-07-12,165.0,25.000000000000004,3.2999999999999994,
2024-07-15,-52.0,25.000000000000004,-1.0399999999999998,
2024-07-16,-52.0,25.000000000000004,-1.0399999999999998,
2024-07-17,-52.0,25.000000000000004,-1.0399999999999998,
2024-07-18,414.5,25.000000000000004,8.29,
2024-07-19,-52.0,25.000000000000004,-1.0399999999999998,
2024-07-22,-52.0,25.000000000000004,-1.0399999999999998,
2024-07-23,-52.0,25.000000000000004,-1.0399999999999998,
2024-07-24,753.5,25.000000000000004,15.069999999999999,
2024-07-25,-52.0,25.000000000000004,-1.0399999999999998,
2024-07-26,-52.0,25.000000000000004,-1.0399999999999998,
2024-07-29,-52.0,25.000000000000004,-1.0399999999999998,
2024-07-30,640.0,25.000000000000004,12.799999999999999,
2024-07-31,-52.0,25.000000000000004,-1.0399999999999998,
2024-08-01,-52.0,25.000000000000004,-1.0399999999999998,
2024-08-02,-52.0,25.000000000000004,-1.0399999999999998,
2024-08-05,-52.0,25.000000000000004,-1.0399999999999998,
2024-08-06,-52.0,25.000000000000004,-1.0399999999999998,
2024-08-07,-52.0,25.000000000000004,-1.0399999999999998,
2024-08-08,-52.0,25.000000000000004,-1.0399999999999998,
2024-08-09,-52.0,25.000000000000004,-1.0399999999999998,
2024-08-12,-52.0,25.000000000000004,-1.0399999999999998,
2024-08-13,-52.0,25.000000000000004,-1.0399999999999998,
2024-08-14,-2.0,25.000000000000004,-0.039999999999999994,
2024-08-15,444.5,25.000000000000004,8.889999999999999,
2024-08-16,-52.0,25.000000000000004,-1.0399999999999998,
2024-08-19,-52.0,25.000000000000004,-1.0399999999999998,
2024-08-20,-52.0,25.000000000000004,-1.0399999999999998,
2024-08-21,-52.0,25.000000000000004,-1.0399999999999998,
2024-08-22,-52.0,25.000000000000004,-1.0399999999999998,
2024-08-23,-52.0,25.000000000000004,-1.0399999999999998,
2024-08-26,-52.0,25.000000000000004,-1.0399999999999998,
2024-08-27,-52.0,25.000000000000004,-1.0399999999999998,
2024-08-28,-52.0,25.000000000000004,-1.0399999999999998,
2024-08-29,-52.0,25.000000000000004,-1.0399999999999998,
2024-08-30,-52.0,25.000000000000004,-1.0399999999999998,
2024-09-02,-52.0,25.000000000000004,-1.0399999999999998,
2024-09-03,816.5,25.000000000000004,16.33,
2024-09-04,-52.0,25.000000000000004,-1.0399999999999998,
2024-09-05,-52.0,25.000000000000004,-1.0399999999999998,
2024-09-06,-52.0,25.000000000000004,-1.0399999999999998,
2024-09-09,-52.0,25.000000000000004,-1.0399999999999998,
2024-09-10,-52.0,25.000000000000004,-1.0399999999999998,
2024-09-11,-52.0,25.000000000000004,-1.0399999999999998,
2024-09-12,-52.0,25.000000000000004,-1.0399999999999998,
2024-09-13,-52.0,25.000000000000004,-1.0399999999999998,
2024-09-16,-52.0,25.000000000000004,-1.0399999999999998,
2024-09-17,-52.0,25.000000000000004,-1.0399999999999998,
2024-09-18,-52.0,25.000000000000004,-1.0399999999999998,
2024-09-20,-2.0,25.000000000000004,-0.039999999999999994,
2024-09-23,-52.0,25.000000000000004,-1.0399999999999998,
2024-09-24,-2.0,25.000000000000004,-0.039999999999999994,
2024-09-25,-52.0,25.000000000000004,-1.0399999999999998,
2024-09-26,215.5,25.000000000000004,4.31,
2024-09-27,269.5,25.000000000000004,5.389999999999999,
2024-09-30,-52.0,25.000000000000004,-1.0399999999999998,
2024-10-01,391.5,25.000000000000004,7.829999999999999,
2024-10-02,-52.0,25.000000000000004,-1.0399999999999998,
2024-10-03,-52.0,25.000000000000004,-1.0399999999999998,
2024-10-04,-2.0,25.000000000000004,-0.039999999999999994,
2024-10-07,-52.0,25.000000000000004,-1.0399999999999998,
2024-10-08,320.5,25.000000000000004,6.409999999999999,
2024-10-09,-52.0,25.000000000000004,-1.0399999999999998,
2024-10-10,-52.0,25.000000000000004,-1.0399999999999998,
2024-10-11,-52.0,25.000000000000004,-1.0399999999999998,
2024-10-14,-52.0,25.000000000000004,-1.0399999999999998,
2024-10-15,-52.0,25.000000000000004,-1.0399999999999998,
2024-10-16,-52.0,25.000000000000004,-1.0399999999999998,
2024-10-17,-52.0,25.000000000000004,-1.0399999999999998,
2024-10-18,-52.0,25.000000000000004,-1.0399999999999998,
2024-10-21,-52.0,25.000000000000004,-1.0399999999999998,
2024-10-22,227.0,25.000000000000004,4.539999999999999,
2024-10-23,-52.0,25.000000000000004,-1.0399999999999998,
2024-10-24,-52.0,25.000000000000004,-1.0399999999999998,
2024-10-25,-2.0,25.000000000000004,-0.039999999999999994,
2024-10-28,-52.0,25.000000000000004,-1.0399999999999998,
2024-10-29,-52.0,25.000000000000004,-1.0399999999999998,
2024-10-30,-52.0,25.000000000000004,-1.0399999999999998,
2024-10-31,540.5,25.000000000000004,10.809999999999999,
2024-11-01,52.0,25.000000000000004,1.0399999999999998,
2024-11-04,-52.0,25.000000000000004,-1.0399999999999998,
2024-11-05,259.5,25.000000000000004,5.1899999999999995,
2024-11-06,-52.0,25.000000000000004,-1.0399999999999998,
2024-11-07,362.0,25.000000000000004,7.239999999999999,
2024-11-08,-52.0,25.000000000000004,-1.0399999999999998,
2024-11-11,98.0,25.000000000000004,1.9599999999999997,
2024-11-12,-52.0,25.000000000000004,-1.0399999999999998,
2024-11-13,-52.0,25.000000000000004,-1.0399999999999998,
2024-11-14,-52.0,25.000000000000004,-1.0399999999999998,
2024-11-15,481.0,25.000000000000004,9.62,
2024-11-18,-52.0,25.000000000000004,-1.0399999999999998,
2024-11-19,478.0,25.000000000000004,9.559999999999999,
2024-11-20,-2.0,25.000000000000004,-0.039999999999999994,
2024-11-21,-2.0,25.000000000000004,-0.039999999999999994,
2024-11-22,-52.0,25.000000000000004,-1.0399999999999998,
2024-11-25,-52.0,25.000000000000004,-1.0399999999999998,
2024-11-26,-52.0,25.000000000000004,-1.0399999999999998,
2024-11-27,138.0,25.000000000000004,2.76,
2024-11-28,-1.5,25.000000000000004,-0.029999999999999995,
2024-11-29,231.0,25.000000000000004,4.619999999999999,
2024-12-02,204.5,25.000000000000004,4.09,
2024-12-04,-52.0,25.000000000000004,-1.0399999999999998,
2024-12-05,-52.0,25.000000000000004,-1.0399999999999998,
2024-12-06,273.5,25.000000000000004,5.469999999999999,
2024-12-09,-52.0,25.000000000000004,-1.0399999999999998,
2024-12-10,-52.0,25.000000000000004,-1.0399999999999998,
2024-12-11,368.5,25.000000000000004,7.369999999999999,
2024-12-12,-52.0,25.000000000000004,-1.0399999999999998,
2024-12-13,-52.0,25.000000000000004,-1.0399999999999998,
2024-12-16,375.5,25.000000000000004,7.509999999999999,
2024-12-17,-52.0,25.000000000000004,-1.0399999999999998,
2024-12-18,-52.0,25.000000000000004,-1.0399999999999998,
2024-12-19,-52.0,25.000000000000004,-1.0399999999999998,
2024-12-20,-52.0,25.000000000000004,-1.0399999999999998,
2024-12-23,-52.0,25.000000000000004,-1.0399999999999998,
2024-12-24,355.0,25.000000000000004,7.099999999999999,
2024-12-26,-52.0,25.000000000000004,-1.0399999999999998,
2024-12-27,142.5,25.000000000000004,2.8499999999999996,
2024-12-30,-52.0,25.000000000000004,-1.0399999999999998,
2024-12-31,-52.0,25.000000000000004,-1.0399999999999998,
2025-01-02,-52.0,25.000000000000004,-1.0399999999999998,
2025-01-03,-52.0,25.000000000000004,-1.0399999999999998,
2025-01-06,-52.0,25.000000000000004,-1.0399999999999998,
2025-01-07,-52.0,25.000000000000004,-1.0399999999999998,
2025-01-08,-52.0,25.000000000000004,-1.0399999999999998,
2025-01-10,-52.0,25.000000000000004,-1.0399999999999998,
2025-01-13,-52.0,25.000000000000004,-1.0399999999999998,
2025-01-14,-52.0,25.000000000000004,-1.0399999999999998,
2025-01-15,-52.0,25.000000000000004,-1.0399999999999998,
2025-01-16,-52.0,25.000000000000004,-1.0399999999999998,
2025-01-17,-52.0,25.000000000000004,-1.0399999999999998,
2025-01-20,-52.0,25.000000000000004,-1.0399999999999998,
2025-01-21,-2.0,25.000000000000004,-0.039999999999999994,
2025-01-22,-52.0,25.000000000000004,-1.0399999999999998,
2025-01-23,-52.0,25.000000000000004,-1.0399999999999998,
2025-01-24,-52.0,25.000000000000004,-1.0399999999999998,
2025-01-27,-52.0,25.000000000000004,-1.0399999999999998,
2025-01-28,-52.0,25.000000000000004,-1.0399999999999998,
2025-01-29,-52.0,25.000000000000004,-1.0399999999999998,
2025-01-30,-52.0,25.000000000000004,-1.0399999999999998,
2025-01-31,-52.0,25.000000000000004,-1.0399999999999998,
2025-02-03,-52.0,25.000000000000004,-1.0399999999999998,
2025-02-04,430.5,25.000000000000004,8.61,
2025-02-05,-52.0,25.000000000000004,-1.0399999999999998,
2025-02-06,-52.0,25.000000000000004,-1.0399999999999998,
2025-02-07,-52.0,25.000000000000004,-1.0399999999999998,
2025-02-10,-52.0,25.000000000000004,-1.0399999999999998,
2025-02-11,-52.0,25.000000000000004,-1.0399999999999998,
2025-02-12,419.5,25.000000000000004,8.389999999999999,
2025-02-13,-52.0,25.000000000000004,-1.0399999999999998,
2025-02-14,-52.0,25.000000000000004,-1.0399999999999998,
2025-02-17,-52.0,25.000000000000004,-1.0399999999999998,
2025-02-18,21.0,25.000000000000004,0.41999999999999993,
2025-02-19,-52.0,25.000000000000004,-1.0399999999999998,
2025-02-20,-52.0,25.000000000000004,-1.0399999999999998,
2025-02-21,940.0,25.000000000000004,18.799999999999997,
2025-02-24,-52.0,25.000000000000004,-1.0399999999999998,
2025-02-25,-52.0,25.000000000000004,-1.0399999999999998,
2025-02-26,-52.0,25.000000000000004,-1.0399999999999998,
2025-02-27,-52.0,25.000000000000004,-1.0399999999999998,
2025-02-28,-52.0,25.000000000000004,-1.0399999999999998,
2025-03-03,-52.0,25.000000000000004,-1.0399999999999998,
2025-03-04,-52.0,25.000000000000004,-1.0399999999999998,
2025-03-05,-52.0,25.000000000000004,-1.0399999999999998,
2025-03-06,-52.0,25.000000000000004,-1.0399999999999998,
2025-03-07,-52.0,25.000000000000004,-1.0399999999999998,
2025-03-10,-52.0,25.000000000000004,-1.0399999999999998,
2025-03-11,-52.0,25.000000000000004,-1.0399999999999998,
2025-03-12,-52.0,25.000000000000004,-1.0399999999999998,
2025-03-13,-2.0,25.000000000000004,-0.039999999999999994,
2025-03-14,-52.0,25.000000000000004,-1.0399999999999998,
2025-03-17,-52.0,25.000000000000004,-1.0399999999999998,
2025-03-18,273.0,25.000000000000004,5.459999999999999,
2025-03-19,-52.0,25.000000000000004,-1.0399999999999998,
2025-03-20,-2.0,25.000000000000004,-0.039999999999999994,
2025-03-21,-2.0,25.000000000000004,-0.039999999999999994,
2025-03-24,-52.0,25.000000000000004,-1.0399999999999998,
2025-03-25,-52.0,25.000000000000004,-1.0399999999999998,
2025-03-26,-52.0,25.000000000000004,-1.0399999999999998,
2025-03-27,-52.0,25.000000000000004,-1.0399999999999998,
2025-03-28,754.0,25.000000000000004,15.079999999999998,
2025-03-31,-52.0,25.000000000000004,-1.0399999999999998,
2025-04-01,-52.0,25.000000000000004,-1.0399999999999998,
2025-04-02,655.0,25.000000000000004,13.099999999999998,
2025-04-03,-52.0,25.000000000000004,-1.0399999999999998,
2025-04-04,-52.0,25.000000000000004,-1.0399999999999998,
2025-04-07,-2.0,25.000000000000004,-0.039999999999999994,
2025-04-08,-52.0,25.000000000000004,-1.0399999999999998,
2025-04-09,-52.0,25.000000000000004,-1.0399999999999998,
2025-04-10,-52.0,25.000000000000004,-1.0399999999999998,
2025-04-11,-52.0,25.000000000000004,-1.0399999999999998,
2025-04-14,-52.0,25.000000000000004,-1.0399999999999998,
2025-04-15,-52.0,25.000000000000004,-1.0399999999999998,
2025-04-16,-52.0,25.000000000000004,-1.0399999999999998,
2025-04-17,-52.0,25.000000000000004,-1.0399999999999998,
2025-04-21,-52.0,25.000000000000004,-1.0399999999999998,
2025-04-22,-52.0,25.000000000000004,-1.0399999999999998,
2025-04-23,-52.0,25.000000000000004,-1.0399999999999998,
2025-04-24,-52.0,25.000000000000004,-1.0399999999999998,
2025-04-25,-52.0,25.000000000000004,-1.0399999999999998,
2025-04-28,-52.0,25.000000000000004,-1.0399999999999998,
2025-04-29,-2.0,25.000000000000004,-0.039999999999999994,
2025-04-30,-52.0,25.000000000000004,-1.0399999999999998,
2025-05-01,-52.0,25.000000000000004,-1.0399999999999998,
2025-05-02,-52.0,25.000000000000004,-1.0399999999999998,
2025-05-05,-52.0,25.000000000000004,-1.0399999999999998,
2025-05-06,-52.0,25.000000000000004,-1.0399999999999998,
2025-05-07,-52.0,25.000000000000004,-1.0399999999999998,
2025-05-08,-52.0,25.000000000000004,-1.0399999999999998,
2025-05-09,-52.0,25.000000000000004,-1.0399999999999998,
2025-05-12,-52.0,25.000000000000004,-1.0399999999999998,
2025-05-13,464.5,25.000000000000004,9.29,
2025-05-14,-52.0,25.000000000000004,-1.0399999999999998,
2025-05-15,-52.0,25.000000000000004,-1.0399999999999998,
2025-05-16,-52.0,25.000000000000004,-1.0399999999999998,
2025-05-19,549.0,25.000000000000004,10.979999999999999,
2025-05-20,-52.0,25.000000000000004,-1.0399999999999998,
2025-05-21,-2.0,25.000000000000004,-0.039999999999999994,
2025-05-22,-52.0,25.000000000000004,-1.0399999999999998,
2025-05-23,-52.0,25.000000000000004,-1.0399999999999998,
2025-05-26,-52.0,25.000000000000004,-1.0399999999999998,
2025-05-27,-52.0,25.000000000000004,-1.0399999999999998,
2025-05-28,-52.0,25.000000000000004,-1.0399999999999998,
2025-05-29,395.0,25.000000000000004,7.899999999999999,
2025-05-30,-52.0,25.000000000000004,-1.0399999999999998,
2025-06-02,-52.0,25.000000000000004,-1.0399999999999998,
2025-06-03,279.5,25.000000000000004,5.589999999999999,
2025-06-04,-52.0,25.000000000000004,-1.0399999999999998,
2025-06-05,-52.0,25.000000000000004,-1.0399999999999998,
2025-06-06,-52.0,25.000000000000004,-1.0399999999999998,
2025-06-09,-52.0,25.000000000000004,-1.0399999999999998,
2025-06-10,-52.0,25.000000000000004,-1.0399999999999998,
2025-06-11,-52.0,25.000000000000004,-1.0399999999999998,
2025-06-12,-52.0,25.000000000000004,-1.0399999999999998,
2025-06-13,-52.0,25.000000000000004,-1.0399999999999998,
2025-06-16,207.5,25.000000000000004,4.1499999999999995,
2025-06-17,-52.0,25.000000000000004,-1.0399999999999998,
2025-06-18,-52.0,25.000000000000004,-1.0399999999999998,
2025-06-19,60.5,25.000000000000004,1.2099999999999997,
2025-06-20,-52.0,25.000000000000004,-1.0399999999999998,
2025-06-23,-52.0,25.000000000000004,-1.0399999999999998,
2025-06-24,-52.0,25.000000000000004,-1.0399999999999998,
2025-06-25,-52.0,25.000000000000004,-1.0399999999999998,
2025-06-26,-52.0,25.000000000000004,-1.0399999999999998,
2025-06-27,-52.0,25.000000000000004,-1.0399999999999998,
2025-06-30,-52.0,25.000000000000004,-1.0399999999999998,
2025-07-01,-52.0,25.000000000000004,-1.0399999999999998,
2025-07-02,351.0,25.000000000000004,7.019999999999999,
2025-07-03,-52.0,25.000000000000004,-1.0399999999999998,
2025-07-04,-52.0,25.000000000000004,-1.0399999999999998,
2025-07-07,-52.0,25.000000000000004,-1.0399999999999998,
2025-07-08,-52.0,25.000000000000004,-1.0399999999999998,
2025-07-09,-52.0,25.000000000000004,-1.0399999999999998,
2025-07-10,-2.0,25.000000000000004,-0.039999999999999994,
2025-07-11,-52.0,25.000000000000004,-1.0399999999999998,
2025-07-14,-52.0,25.000000000000004,-1.0399999999999998,
2025-07-15,-52.0,25.000000000000004,-1.0399999999999998,
2025-07-16,-2.0,25.000000000000004,-0.039999999999999994,
2025-07-17,-52.0,25.000000000000004,-1.0399999999999998,
2025-07-18,40.0,25.000000000000004,0.7999999999999999,
2025-07-21,87.0,25.000000000000004,1.7399999999999998,
2025-07-22,-52.0,25.000000000000004,-1.0399999999999998,
2025-07-23,-52.0,25.000000000000004,-1.0399999999999998,
2025-07-24,-52.0,25.000000000000004,-1.0399999999999998,
2025-07-25,75.5,25.000000000000004,1.5099999999999998,
2025-07-28,-52.0,25.000000000000004,-1.0399999999999998,
2025-07-29,-52.0,25.000000000000004,-1.0399999999999998,
2025-07-30,-52.0,25.000000000000004,-1.0399999999999998,
2025-07-31,-52.0,25.000000000000004,-1.0399999999999998,
2025-08-01,-2.0,25.000000000000004,-0.039999999999999994,
2025-08-04,332.5,25.000000000000004,6.6499999999999995,
2025-08-05,-52.0,25.000000000000004,-1.0399999999999998,
2025-08-06,-52.0,25.000000000000004,-1.0399999999999998,
2025-08-07,-52.0,25.000000000000004,-1.0399999999999998,
2025-08-08,270.5,25.000000000000004,5.409999999999999,
2025-08-11,-52.0,25.000000000000004,-1.0399999999999998,
2025-08-12,-52.0,25.000000000000004,-1.0399999999999998,
2025-08-13,-52.0,25.000000000000004,-1.0399999999999998,
2025-08-14,-52.0,25.000000000000004,-1.0399999999999998,
2025-08-15,-52.0,25.000000000000004,-1.0399999999999998,
2025-08-18,-52.0,25.000000000000004,-1.0399999999999998,
2025-08-19,-52.0,25.000000000000004,-1.0399999999999998,
2025-08-20,90.5,25.000000000000004,1.8099999999999998,
2025-08-21,-52.0,25.000000000000004,-1.0399999999999998,
2025-08-22,-52.0,25.000000000000004,-1.0399999999999998,
2025-08-25,-52.0,25.000000000000004,-1.0399999999999998,
2025-08-26,-52.0,25.000000000000004,-1.0399999999999998,
2025-08-27,-52.0,25.000000000000004,-1.0399999999999998,
2025-08-28,-52.0,25.000000000000004,-1.0399999999999998,
2025-08-29,327.5,25.000000000000004,6.549999999999999,
2025-09-01,-52.0,25.000000000000004,-1.0399999999999998,
2025-09-02,-2.0,25.000000000000004,-0.039999999999999994,
2025-09-03,-52.0,25.000000000000004,-1.0399999999999998,
2025-09-04,-52.0,25.000000000000004,-1.0399999999999998,
2025-09-05,-52.0,25.000000000000004,-1.0399999999999998,
2025-09-08,-52.0,25.000000000000004,-1.0399999999999998,
2025-09-09,-52.0,25.000000000000004,-1.0399999999999998,
2025-09-10,-52.0,25.000000000000004,-1.0399999999999998,
2025-09-11,-52.0,25.000000000000004,-1.0399999999999998,
2025-09-12,-52.0,25.000000000000004,-1.0399999999999998,
2025-09-15,219.0,25.000000000000004,4.379999999999999,
2025-09-16,90.0,25.000000000000004,1.7999999999999998,
2025-09-17,-2.0,25.000000000000004,-0.039999999999999994,
2025-09-18,-52.0,25.000000000000004,-1.0399999999999998,
2025-09-19,-52.0,25.000000000000004,-1.0399999999999998,
2025-09-22,-52.0,25.000000000000004,-1.0399999999999998,
2025-09-23,319.5,25.000000000000004,6.389999999999999,
2025-09-24,200.5,25.000000000000004,4.01,
2025-09-25,-52.0,25.000000000000004,-1.0399999999999998,
2025-09-26,-52.0,25.000000000000004,-1.0399999999999998,
2025-09-29,-52.0,25.000000000000004,-1.0399999999999998,
2025-09-30,-52.0,25.000000000000004,-1.0399999999999998,
2025-10-01,-52.0,25.000000000000004,-1.0399999999999998,
2025-10-02,13.0,25.000000000000004,0.25999999999999995,
2025-10-03,-52.0,25.000000000000004,-1.0399999999999998,
2025-10-06,-52.0,25.000000000000004,-1.0399999999999998,
2025-10-07,-52.0,25.000000000000004,-1.0399999999999998,
2025-10-08,411.0,25.000000000000004,8.219999999999999,
2025-10-09,22.5,25.000000000000004,0.44999999999999996,
2025-10-10,-52.0,25.000000000000004,-1.0399999999999998,
2025-10-13,-52.0,25.000000000000004,-1.0399999999999998,
2025-10-14,-2.0,25.000000000000004,-0.039999999999999994,
2025-10-15,-52.0,25.000000000000004,-1.0399999999999998,
2025-10-16,-52.0,25.000000000000004,-1.0399999999999998,
2025-10-17,-52.0,25.000000000000004,-1.0399999999999998,
2025-10-20,226.5,25.000000000000004,4.529999999999999,
2025-10-21,-52.0,25.000000000000004,-1.0399999999999998,
2025-10-22,-52.0,25.000000000000004,-1.0399999999999998,
2025-10-23,441.0,25.000000000000004,8.819999999999999,
2025-10-24,-52.0,25.000000000000004,-1.0399999999999998,
2025-10-27,-52.0,25.000000000000004,-1.0399999999999998,
2025-10-28,-52.0,25.000000000000004,-1.0399999999999998,
2025-10-29,-52.0,25.000000000000004,-1.0399999999999998,
2025-10-30,-52.0,25.000000000000004,-1.0399999999999998,
2025-10-31,332.0,25.000000000000004,6.639999999999999,
2025-11-03,130.0,25.000000000000004,2.5999999999999996,
2025-11-04,-52.0,25.000000000000004,-1.0399999999999998,
2025-11-05,-52.0,25.000000000000004,-1.0399999999999998,
2025-11-06,-52.0,25.000000000000004,-1.0399999999999998,
2025-11-07,-2.0,25.000000000000004,-0.039999999999999994,
2025-11-10,-52.0,25.000000000000004,-1.0399999999999998,
2025-11-11,-52.0,25.000000000000004,-1.0399999999999998,
2025-11-12,-52.0,25.000000000000004,-1.0399999999999998,
2025-11-13,-2.0,25.000000000000004,-0.039999999999999994,
2025-11-14,-52.0,25.000000000000004,-1.0399999999999998,
2025-11-17,-2.0,25.000000000000004,-0.039999999999999994,
2025-11-18,-52.0,25.000000000000004,-1.0399999999999998,
2025-11-19,-2.0,25.000000000000004,-0.039999999999999994,
2025-11-20,-52.0,25.000000000000004,-1.0399999999999998,
2025-11-21,-52.0,25.000000000000004,-1.0399999999999998,
2025-11-24,-52.0,25.000000000000004,-1.0399999999999998,
2025-11-25,-2.0,25.000000000000004,-0.039999999999999994,
2025-11-26,-52.0,25.000000000000004,-1.0399999999999998,
2025-11-27,-52.0,25.000000000000004,-1.0399999999999998,
2025-11-28,-52.0,25.000000000000004,-1.0399999999999998,
2025-12-01,-52.0,25.000000000000004,-1.0399999999999998,
2025-12-02,-2.0,25.000000000000004,-0.039999999999999994,
2025-12-04,-52.0,25.000000000000004,-1.0399999999999998,
2025-12-05,-52.0,25.000000000000004,-1.0399999999999998,
2025-12-08,-52.0,25.000000000000004,-1.0399999999999998,
2025-12-09,-52.0,25.000000000000004,-1.0399999999999998,
2025-12-10,-52.0,25.000000000000004,-1.0399999999999998,
2025-12-11,-52.0,25.000000000000004,-1.0399999999999998,
2025-12-12,685.0,25.000000000000004,13.699999999999998,
2025-12-15,-52.0,25.000000000000004,-1.0399999999999998,
2025-12-16,-52.0,25.000000000000004,-1.0399999999999998,
2025-12-17,1013.5,25.000000000000004,20.269999999999996,
2025-12-18,-52.0,25.000000000000004,-1.0399999999999998,
2025-12-19,-52.0,25.000000000000004,-1.0399999999999998,
2025-12-22,-52.0,25.000000000000004,-1.0399999999999998,
2025-12-23,-52.0,25.000000000000004,-1.0399999999999998,
2025-12-26,-52.0,25.000000000000004,-1.0399999999999998,
2025-12-29,-52.0,25.000000000000004,-1.0399999999999998,
2025-12-30,-52.0,25.000000000000004,-1.0399999999999998,
2025-12-31,420.0,25.000000000000004,8.399999999999999,
2026-01-02,-52.0,25.000000000000004,-1.0399999999999998,
2026-01-05,-52.0,25.000000000000004,-1.0399999999999998,
2026-01-06,-52.0,25.000000000000004,-1.0399999999999998,
2026-01-07,-2.0,25.000000000000004,-0.039999999999999994,
2026-01-08,-2.0,25.000000000000004,-0.039999999999999994,
2026-01-09,-52.0,25.000000000000004,-1.0399999999999998,
2026-01-12,191.5,25.000000000000004,3.8299999999999996,
2026-01-13,-52.0,25.000000000000004,-1.0399999999999998,
2026-01-14,-52.0,25.000000000000004,-1.0399999999999998,
2026-01-15,-52.0,25.000000000000004,-1.0399999999999998,
2026-01-16,270.0,25.000000000000004,5.3999999999999995,
2026-01-19,-52.0,25.000000000000004,-1.0399999999999998,
2026-01-20,-52.0,25.000000000000004,-1.0399999999999998,
2026-01-21,-2.0,25.000000000000004,-0.039999999999999994,
2026-01-22,-52.0,25.000000000000004,-1.0399999999999998,
2026-01-23,-52.0,25.000000000000004,-1.0399999999999998,
2026-01-26,148.0,25.000000000000004,2.9599999999999995,
2026-01-27,-52.0,25.000000000000004,-1.0399999999999998,
2026-01-28,-52.0,25.000000000000004,-1.0399999999999998,
2026-01-29,209.5,25.000000000000004,4.1899999999999995,
2026-01-30,-52.0,25.000000000000004,-1.0399999999999998,
2026-02-02,436.0,25.000000000000004,8.719999999999999,
2026-02-03,857.5,25.000000000000004,17.15,
2026-02-04,-52.0,25.000000000000004,-1.0399999999999998,
2026-02-05,-52.0,25.000000000000004,-1.0399999999999998,
2026-02-06,-52.0,25.000000000000004,-1.0399999999999998,
2026-02-09,-52.0,25.000000000000004,-1.0399999999999998,
2026-02-10,-52.0,25.000000000000004,-1.0399999999999998,
2026-02-11,-52.0,25.000000000000004,-1.0399999999999998,
2026-02-12,1087.5,25.000000000000004,21.749999999999996,
2026-02-13,-52.0,25.000000000000004,-1.0399999999999998,
2026-02-16,-52.0,25.000000000000004,-1.0399999999999998,
2026-02-17,-52.0,25.000000000000004,-1.0399999999999998,
2026-02-18,-52.0,25.000000000000004,-1.0399999999999998,
2026-02-19,-52.0,25.000000000000004,-1.0399999999999998,
2026-02-20,537.0,25.000000000000004,10.739999999999998,
2026-02-23,-52.0,25.000000000000004,-1.0399999999999998,
2026-02-24,-52.0,25.000000000000004,-1.0399999999999998,
2026-02-25,321.0,25.000000000000004,6.419999999999999,
2026-02-26,375.0,25.000000000000004,7.499999999999999,
2026-02-27,-52.0,25.000000000000004,-1.0399999999999998,
2026-03-02,-52.0,25.000000000000004,-1.0399999999999998,
2026-03-03,-52.0,25.000000000000004,-1.0399999999999998,
2026-03-04,-52.0,25.000000000000004,-1.0399999999999998,
2026-03-05,-52.0,25.000000000000004,-1.0399999999999998,
2026-03-06,-52.0,25.000000000000004,-1.0399999999999998,
2026-03-09,-52.0,25.000000000000004,-1.0399999999999998,
2026-03-10,-52.0,25.000000000000004,-1.0399999999999998,
2026-03-11,-52.0,25.000000000000004,-1.0399999999999998,
2026-03-12,-52.0,25.000000000000004,-1.0399999999999998,
2026-03-13,-52.0,25.000000000000004,-1.0399999999999998,
2026-03-16,-52.0,25.000000000000004,-1.0399999999999998,
2026-03-17,-52.0,25.000000000000004,-1.0399999999999998,
2026-03-18,-52.0,25.000000000000004,-1.0399999999999998,
2026-03-19,-52.0,25.000000000000004,-1.0399999999999998,
2026-03-20,-52.0,25.000000000000004,-1.0399999999999998,
2026-03-23,-52.0,25.000000000000004,-1.0399999999999998,
2026-03-24,-52.0,25.000000000000004,-1.0399999999999998,
2026-03-25,-52.0,25.000000000000004,-1.0399999999999998,
2026-03-26,-52.0,25.000000000000004,-1.0399999999999998,
2026-03-27,-52.0,25.000000000000004,-1.0399999999999998,
2026-03-30,654.5,25.000000000000004,13.089999999999998,
2026-03-31,-52.0,25.000000000000004,-1.0399999999999998,
2026-04-01,-52.0,25.000000000000004,-1.0399999999999998,
2026-04-02,-52.0,25.000000000000004,-1.0399999999999998,
2026-04-06,-52.0,25.000000000000004,-1.0399999999999998,
2026-04-07,-52.0,25.000000000000004,-1.0399999999999998,
2026-04-08,165.0,25.000000000000004,3.2999999999999994,
2026-04-09,-52.0,25.000000000000004,-1.0399999999999998,
2026-04-10,-52.0,25.000000000000004,-1.0399999999999998,
2026-04-13,-52.0,25.000000000000004,-1.0399999999999998,
2026-04-14,562.5,25.000000000000004,11.249999999999998,
2026-04-15,-52.0,25.000000000000004,-1.0399999999999998,
2026-04-16,-52.0,25.000000000000004,-1.0399999999999998,
2026-04-17,-52.0,25.000000000000004,-1.0399999999999998,
2026-04-20,-52.0,25.000000000000004,-1.0399999999999998,
2026-04-21,-52.0,25.000000000000004,-1.0399999999999998,
2026-04-22,379.5,25.000000000000004,7.589999999999999,
2026-04-23,-52.0,25.000000000000004,-1.0399999999999998,
2026-04-24,-52.0,25.000000000000004,-1.0399999999999998,
2026-04-27,-52.0,25.000000000000004,-1.0399999999999998,
2026-04-28,-52.0,25.000000000000004,-1.0399999999999998,
2026-04-29,-52.0,25.000000000000004,-1.0399999999999998,
2026-04-30,-52.0,25.000000000000004,-1.0399999999999998,
2026-05-01,200.0,25.000000000000004,3.9999999999999996,
2026-05-04,-52.0,25.000000000000004,-1.0399999999999998,
2026-05-05,219.0,25.000000000000004,4.379999999999999,
2026-05-06,-52.0,25.000000000000004,-1.0399999999999998,
2026-05-07,-52.0,25.000000000000004,-1.0399999999999998,
2026-05-08,750.5,25.000000000000004,15.009999999999998,
2026-05-11,-52.0,25.000000000000004,-1.0399999999999998,
2026-05-12,-52.0,25.000000000000004,-1.0399999999999998,
2026-05-13,-52.0,25.000000000000004,-1.0399999999999998,
2026-05-14,-2.0,25.000000000000004,-0.039999999999999994,
2026-05-15,-52.0,25.000000000000004,-1.0399999999999998,
2026-05-18,-2.0,25.000000000000004,-0.039999999999999994,
2026-05-19,-52.0,25.000000000000004,-1.0399999999999998,
2026-05-20,-52.0,25.000000000000004,-1.0399999999999998,
2026-05-21,-52.0,25.000000000000004,-1.0399999999999998,
2026-05-22,-52.0,25.000000000000004,-1.0399999999999998,
2026-05-25,-52.0,25.000000000000004,-1.0399999999999998,
2026-05-26,-52.0,25.000000000000004,-1.0399999999999998,
2026-05-27,185.0,25.000000000000004,3.6999999999999993,
2026-05-28,-52.0,25.000000000000004,-1.0399999999999998,
2026-05-29,-52.0,25.000000000000004,-1.0399999999999998,
2026-06-02,-52.0,25.000000000000004,-1.0399999999999998,
2026-06-03,-52.0,25.000000000000004,-1.0399999999999998,
2026-06-04,-52.0,25.000000000000004,-1.0399999999999998,
2026-06-05,1974.0,25.000000000000004,39.48,
2026-06-08,-52.0,25.000000000000004,-1.0399999999999998,
2026-06-09,-52.0,25.000000000000004,-1.0399999999999998,
2026-06-10,-52.0,25.000000000000004,-1.0399999999999998,
2026-06-11,-52.0,25.000000000000004,-1.0399999999999998,
2026-06-12,-52.0,25.000000000000004,-1.0399999999999998,
2026-06-15,425.0,25.000000000000004,8.499999999999998,
2026-06-16,-52.0,25.000000000000004,-1.0399999999999998,
2026-06-17,-52.0,25.000000000000004,-1.0399999999999998,
2026-06-18,-52.0,25.000000000000004,-1.0399999999999998,
2026-06-19,-52.0,25.000000000000004,-1.0399999999999998,
2026-06-22,-52.0,25.000000000000004,-1.0399999999999998,
2026-06-23,-52.0,25.000000000000004,-1.0399999999999998,
2026-06-24,-52.0,25.000000000000004,-1.0399999999999998,
2026-06-25,-52.0,25.000000000000004,-1.0399999999999998,
2026-06-26,-52.0,25.000000000000004,-1.0399999999999998,
2026-06-29,-52.0,25.000000000000004,-1.0399999999999998,
2026-06-30,-52.0,25.000000000000004,-1.0399999999999998,
2026-07-01,-52.0,25.000000000000004,-1.0399999999999998,
2026-07-02,-52.0,25.000000000000004,-1.0399999999999998,
2026-07-03,-52.0,25.000000000000004,-1.0399999999999998,
2026-07-06,-52.0,25.000000000000004,-1.0399999999999998,
2026-07-07,-52.0,25.000000000000004,-1.0399999999999998,
2026-07-08,-52.0,25.000000000000004,-1.0399999999999998,
2026-07-09,-2.0,25.000000000000004,-0.039999999999999994,
2026-07-10,-52.0,25.000000000000004,-1.0399999999999998,
2026-07-13,-52.0,25.000000000000004,-1.0399999999999998,
2026-07-14,-52.0,25.000000000000004,-1.0399999999999998,
2026-07-15,-2.0,25.000000000000004,-0.039999999999999994,
2026-07-16,-52.0,25.000000000000004,-1.0399999999999998,
2026-07-17,-2.0,25.000000000000004,-0.039999999999999994,
2026-07-20,-52.0,25.000000000000004,-1.0399999999999998,
2026-07-21,-52.0,25.000000000000004,-1.0399999999999998,
2026-07-22,-52.0,25.000000000000004,-1.0399999999999998,
2026-07-23,-52.0,25.000000000000004,-1.0399999999999998,
2026-07-24,-2.0,25.000000000000004,-0.039999999999999994,
2026-07-27,-52.0,25.000000000000004,-1.0399999999999998,
2026-07-28,-52.0,25.000000000000004,-1.0399999999999998,
2026-07-29,-52.0,25.000000000000004,-1.0399999999999998,
2026-07-30,-52.0,25.000000000000004,-1.0399999999999998,
2026-07-31,-52.0,25.000000000000004,-1.0399999999999998,
2026-08-03,-52.0,25.000000000000004,-1.0399999999999998,
2026-08-04,-52.0,25.000000000000004,-1.0399999999999998,
2026-08-05,-52.0,25.000000000000004,-1.0399999999999998,
2026-08-06,-2.0,25.000000000000004,-0.039999999999999994,
2026-08-07,-52.0,25.000000000000004,-1.0399999999999998,
2026-08-10,-52.0,25.000000000000004,-1.0399999999999998,
2026-08-11,-52.0,25.000000000000004,-1.0399999999999998,
2026-08-12,-52.0,25.000000000000004,-1.0399999999999998,
2026-08-13,496.5,25.000000000000004,9.929999999999998,
2026-08-14,-52.0,25.000000000000004,-1.0399999999999998,
2026-08-17,-52.0,25.000000000000004,-1.0399999999999998,
2026-08-18,-52.0,25.000000000000004,-1.0399999999999998,
2026-08-19,300.0,25.000000000000004,5.999999999999999,
2026-08-20,-52.0,25.000000000000004,-1.0399999999999998,
2026-08-21,-2.0,25.000000000000004,-0.039999999999999994,
2026-08-24,-52.0,25.000000000000004,-1.0399999999999998,
2026-08-25,-52.0,25.000000000000004,-1.0399999999999998,
2026-08-26,-52.0,25.000000000000004,-1.0399999999999998,
2026-08-27,-52.0,25.000000000000004,-1.0399999999999998,
2026-08-28,-52.0,25.000000000000004,-1.0399999999999998,
