date,pnl_pc,stop_pt,r,exit_reason
2019-01-02,-21.5,9.831425407152672,-1.0934324937438915,
2019-01-03,-21.5,9.856859306641768,-1.0906110826555486,
2019-01-04,326.0,9.955476499024499,16.372897873444007,
2019-01-07,-22.5,10.327406749094179,-1.0893344547494213,
2019-01-08,-22.0,9.995091981301737,-1.100540147162046,
2019-01-09,-21.5,9.706156839780185,-1.1075444357072077,
2019-01-10,-20.5,9.315538494081599,-1.100312129729493,
2019-01-11,-20.0,9.047464315932913,-1.105282060343652,
2019-01-14,-19.0,8.611931150509134,-1.1031207558409664,
2019-01-15,167.5,8.323578925472768,10.061777601903753,
2019-01-16,-18.5,8.217430430796142,-1.1256560159407176,
2019-01-17,123.0,7.849221114310705,7.835172318928965,
2019-01-18,-17.5,7.701955320431368,-1.1360751440336754,
2019-01-21,-17.0,7.501815654686272,-1.1330590341406452,
2019-01-22,-16.5,7.157935965065824,-1.1525668908277436,
2019-01-23,-16.5,7.182369110418264,-1.14864606276404,
2019-01-24,-16.5,7.140771316816959,-1.1553373765899404,
2019-01-25,-15.5,6.834287651330034,-1.133987972907719,
2019-01-28,-15.5,6.712195676235033,-1.1546147302349037,
2019-01-29,-15.5,6.750610270789673,-1.1480443528986928,
2019-01-30,-15.0,6.600566680018983,-1.1362660758664482,
2019-01-31,97.0,6.8308833457319125,7.100106610707073,
2019-02-01,-15.5,6.801891678179634,-1.1393889180655263,
2019-02-04,-15.0,6.555327986881089,-1.144107513004604,
2019-02-05,-2.0,6.407625987818155,-0.15606404023910697,
2019-02-06,-14.5,6.202616988688288,-1.1688614681870289,
2019-02-07,-14.0,5.997072918067696,-1.167236099282824,
2019-02-08,-14.0,6.092817709634289,-1.1488937193921338,
2019-02-11,-14.0,5.944223587517555,-1.1776138459359942,
2019-02-12,72.5,5.758029045552015,6.295556988897537,
2019-02-13,-13.5,5.749419828012586,-1.1740315026417694,
2019-02-14,-13.0,5.5360684117259735,-1.174118438679753,
2019-02-15,-13.0,5.437063525174118,-1.1954982629694109,
2019-02-18,20.5,5.2585232733759675,1.9492164372260177,
2019-02-19,32.5,4.965057325277684,3.27287258442503,
2019-02-20,-11.5,4.821124659186421,-1.19266777079569,
2019-02-21,-2.0,4.736580040673106,-0.2111227914260881,
2019-02-22,-11.5,4.636645752053599,-1.2401206189740266,
2019-02-25,-11.0,4.515278198335484,-1.2180866290868908,
2019-02-26,-2.0,4.453472612740092,-0.2245438755229549,
2019-02-27,-10.5,4.349653140401514,-1.2069927947209544,
2019-02-28,-10.5,4.338070773229978,-1.2102153870788583,
2019-03-04,-10.0,4.110823778958501,-1.2163012254606487,
2019-03-05,-10.5,4.306479223318608,-1.2190933074917534,
2019-03-06,-10.5,4.205123564510137,-1.2484769875273767,
2019-03-07,119.5,4.122614738473699,14.49322912529077,
2019-03-08,-10.5,4.236177971439863,-1.239324701510485,
2019-03-11,197.0,4.243415259194158,23.21243479213617,
2019-03-12,-11.0,4.483171312108861,-1.2268101344119344,
2019-03-13,-10.5,4.371873361243943,-1.200858205670029,
2019-03-14,-11.0,4.389953835440805,-1.2528605552973278,
2019-03-15,-10.5,4.17638570433789,-1.25706780256119,
2019-03-18,-10.5,4.196822439742326,-1.2509464184818684,
2019-03-19,-10.0,4.103299408332161,-1.2185316016294103,
2019-03-20,-10.0,4.0602065934512925,-1.2314644304219644,
2019-03-21,247.0,4.1576918367762,29.70398116272121,
2019-03-22,-11.0,4.397320991292186,-1.2507615456982557,
2019-03-25,-11.5,4.703762349057029,-1.2224257037885242,
2019-03-26,-2.0,4.646350752695812,-0.21522266682509927,
2019-03-27,-11.5,4.696611413217541,-1.2242869367088658,
2019-03-28,-11.5,4.820960597987717,-1.1927083582471234,
2019-03-29,-11.5,4.730177698131452,-1.2155991522837304,
2019-04-01,-11.0,4.60570071969349,-1.1941722518969982,
2019-04-02,-11.5,4.64904352542967,-1.2368135442372694,
2019-04-03,-11.0,4.482147559327551,-1.2270903461342437,
2019-04-04,-11.0,4.486101305089869,-1.2260088718370616,
2019-04-05,-11.0,4.437094069012021,-1.239550010537561,
2019-04-08,-10.5,4.272837349796877,-1.2286917498157461,
2019-04-09,-10.5,4.210491824811386,-1.246885213994016,
2019-04-10,-10.0,4.071349551610573,-1.228094010749351,
2019-04-11,-10.0,3.934110297924103,-1.2709353885269385,
2019-04-12,-9.5,3.8209595623580963,-1.2431432268465434,
2019-04-15,-9.5,3.6774981650468037,-1.2916389857503972,
2019-04-16,-9.5,3.6299982961148896,-1.3085405591192218,
2019-04-17,-9.0,3.523391274963826,-1.2771786182180975,
2019-04-18,-2.0,3.47082761246641,-0.28811572099064536,
2019-04-22,93.5,3.4086256401473807,13.715205169312357,
2019-04-23,139.5,3.3910452372797106,20.568879245018064,
2019-04-24,-9.0,3.53007772033116,-1.27475946891556,
2019-04-25,-9.0,3.43328645459322,-1.310697507916847,
2019-04-26,-9.0,3.44787313640799,-1.3051524293286847,
2019-04-29,-9.0,3.5132036266645623,-1.2808822027410642,
2019-04-30,-9.0,3.4069033676170934,-1.3208475599199212,
2019-05-01,-9.0,3.573374555644444,-1.2593138306455653,
2019-05-02,-9.5,3.6913478016698407,-1.2867928613638793,
2019-05-03,-9.5,3.866072958693424,-1.2286369271223756,
2019-05-06,-10.0,4.0443891759296084,-1.2362806303997051,
2019-05-07,-11.0,4.40193280622035,-1.2494511484200703,
2019-05-08,-12.0,4.899116177204611,-1.2247106994354935,
2019-05-09,-2.0,4.87775073597571,-0.20501252608595366,
2019-05-10,-12.0,5.056125683406017,-1.1866793619651776,
2019-05-13,-13.0,5.413723848877016,-1.2006523017143391,
2019-05-14,-14.0,6.054707859671515,-1.156125144637411,
2019-05-15,-14.0,6.068657298266407,-1.153467671011781,
2019-05-16,84.0,6.261967491247378,6.707157144891795,
2019-05-17,-2.0,6.276291241872565,-0.15932976362353202,
2019-05-20,-14.5,6.226199010310239,-1.1644343503949044,
2019-05-21,-14.5,6.327006223859509,-1.1458815976282477,
2019-05-22,-14.5,6.221505779298115,-1.1653127485831758,
2019-05-23,-14.0,5.969076795062536,-1.1727106620223444,
2019-05-24,-14.0,6.123071309700927,-1.1432171284547568,
2019-05-27,-12.0,5.968744787579432,-1.0052364799523021,
2019-05-28,-13.0,5.578120159895187,-1.1652671175377003,
2019-05-29,-13.0,5.506468719902674,-1.180429841816097,
2019-05-30,-13.0,5.471185239909627,-1.1880423920918766,
2019-05-31,-12.5,5.302707722773224,-1.1786431247489837,
2019-06-03,-12.5,5.356978599717994,-1.166702439380478,
2019-06-04,-13.5,5.657372985452423,-1.1931332824187477,
2019-06-05,-14.0,5.947917772205822,-1.1768824432493805,
2019-06-06,-13.5,5.850745074191121,-1.15369921512658,
2019-06-07,195.5,5.77301328317747,16.932231956722323,
2019-06-10,-14.0,5.973155191521936,-1.1719099496921705,
2019-06-11,-14.0,6.108108392127512,-1.146017645826654,
2019-06-12,-14.0,6.057529221261262,-1.155586666496097,
2019-06-13,-13.5,5.826634276885457,-1.1584732590438325,
2019-06-14,-13.5,5.627410399965068,-1.1994860015970934,
2019-06-17,42.0,5.437952514253277,3.86174758697459,
2019-06-18,-12.5,5.294170191806614,-1.1805438385174414,
2019-06-19,-2.0,5.507979463820428,-0.18155478003659495,
2019-06-20,-13.0,5.412766644976112,-1.2008646273404395,
2019-06-21,-13.0,5.408283313192104,-1.2018601141225231,
2019-06-24,-12.5,5.259477362249811,-1.1883310012625437,
2019-06-25,243.0,4.982014693517681,24.387724138607823,
2019-06-26,-2.0,5.138656501123561,-0.19460339483313413,
2019-06-27,-12.0,5.118931036757593,-1.1721197173620235,
2019-06-28,-2.0,4.918471676989194,-0.20331518928500625,
2019-07-01,-11.5,4.732330842918537,-1.2150460715578042,
2019-07-02,-12.0,4.951450068424356,-1.2117662335448556,
2019-07-03,-11.5,4.800453634965474,-1.1978034655138077,
2019-07-04,-11.5,4.6986355181822255,-1.223759531410625,
2019-07-05,-11.0,4.429090124026352,-1.2417900394856078,
2019-07-08,-2.0,4.486833686595899,-0.22287431847260794,
2019-07-09,128.0,4.491345566124763,14.24962721254617,
2019-07-10,-2.0,4.50267802568728,-0.2220900526964421,
2019-07-12,-11.0,4.438342277250768,-1.2392014081903688,
2019-07-15,-10.5,4.290960686018571,-1.2235022374141786,
2019-07-17,-10.0,4.030407428250707,-1.2405693689806738,
2019-07-18,-10.0,3.9362711833756565,-1.2702376861423745,
2019-07-19,210.5,3.9658232417059667,26.539256438147483,
2019-07-22,-10.5,4.1307644387269695,-1.2709511950814507,
2019-07-23,-2.0,4.133031264532185,-0.24195316608939063,
2019-07-24,142.5,4.061921888494172,17.540957693406966,
2019-07-25,-10.0,4.085177467887446,-1.2239370356132002,
2019-07-26,-10.5,4.127307648752629,-1.2720156690007531,
2019-07-29,-2.0,4.168214245270298,-0.23991089256861184,
2019-07-30,37.0,4.143698942036705,4.464610064288817,
2019-07-31,-10.0,4.093256160462655,-1.2215214010536923,
2019-08-01,-2.0,4.55355929185818,-0.2196084284634247,
2019-08-02,-12.0,5.0774121995825965,-1.1817043336550945,
2019-08-05,-12.5,5.297775613898125,-1.179740414751395,
2019-08-06,-14.5,6.135434498619688,-1.1816604026383233,
2019-08-07,-14.5,6.147189177289711,-1.1794008270942,
2019-08-08,224.0,6.386675664626161,17.53650974016634,
2019-08-09,-15.0,6.55280597429572,-1.1445478516256666,
2019-08-12,-15.0,6.56867697613174,-1.1417824361362814,
2019-08-13,336.5,6.534307192122331,25.74871291677867,
2019-08-14,-16.0,6.904178106970736,-1.1587186593467045,
2019-08-15,-16.5,7.301201099329969,-1.1299510707569884,
2019-08-19,-16.0,7.121762682585533,-1.1233174084222117,
2019-08-20,-16.0,7.104136776686568,-1.126104444702326,
2019-08-21,-15.5,6.844912721208956,-1.1322277311128646,
2019-08-22,-15.5,6.681883241122603,-1.159852652363609,
2019-08-23,-15.5,6.631391581042417,-1.1686838132369413,
2019-08-26,-16.5,7.1720064681108155,-1.1503057110562172,
2019-08-27,-16.0,7.05257743467433,-1.1343370667109052,
2019-08-28,-16.0,6.947036189340449,-1.1515702210210481,
2019-08-29,-15.5,6.813319318673274,-1.1374778778912598,
2019-08-30,98.5,6.815046510196613,7.226656476417671,
2019-09-02,-15.5,6.702364616611141,-1.1563083244967602,
2019-09-03,-15.0,6.618267143996059,-1.133227147955765,
2019-09-04,-15.0,6.464283776567768,-1.160221342260155,
2019-09-05,93.0,6.415049221098643,7.2485803923475425,
2019-09-06,-15.0,6.539867133877312,-1.1468122893734465,
2019-09-09,-14.5,6.219162338600361,-1.1657518497308805,
2019-09-10,-2.0,6.080293600128907,-0.16446574224290736,
2019-09-11,-14.0,5.979022628691127,-1.1707599108940612,
2019-09-12,-13.5,5.849271012356047,-1.153989956311008,
2019-09-13,-13.5,5.763608797187757,-1.1711412480481904,
2019-09-16,-13.0,5.5126367402457745,-1.1791090736209484,
2019-09-17,-12.5,5.338519830228219,-1.1707364960247446,
2019-09-18,-12.5,5.154518413783347,-1.2125284067833186,
2019-09-19,-2.0,5.1541956699416795,-0.1940166932023586,
2019-09-20,-12.0,5.020860264945846,-1.1950143368637876,
2019-09-23,-12.5,5.131870246021143,-1.2178795839286405,
2019-09-24,-12.0,4.972450942733919,-1.2066484052029927,
2019-09-25,-2.0,5.303883018252925,-0.18854111158910805,
2019-09-26,-13.0,5.572355659806288,-1.1664725650742043,
2019-09-27,-13.0,5.490401684105838,-1.1838842354315984,
2019-09-30,-13.5,5.705372992383992,-1.183095304901268,
2019-10-01,-13.0,5.593382064356565,-1.1620876108965976,
2019-10-02,117.5,5.731354774045382,10.250630490726415,
2019-10-03,-14.0,5.949650861613569,-1.1765396260750622,
2019-10-04,-14.5,6.168425800069743,-1.1753403923441907,
2019-10-07,-14.5,6.16175252863619,-1.17661330381353,
2019-10-08,-14.0,5.991270205162177,-1.1683666001190673,
2019-10-09,-14.0,6.000822333364879,-1.1665067904243127,
2019-10-10,-14.0,5.984692166695959,-1.1696508032533566,
2019-10-11,-2.0,5.897392726217677,-0.16956645867492617,
2019-10-14,-14.0,6.0627575314878435,-1.1545901289379374,
2019-10-15,-13.5,5.782381993524426,-1.1673389975894346,
2019-10-16,-13.5,5.789890422558396,-1.1658251723902846,
2019-10-17,-13.0,5.538826820947082,-1.1735337121243605,
2019-10-18,-13.0,5.394089190879433,-1.2050227146763701,
2019-10-21,-13.0,5.447189962959474,-1.1932758071959237,
2019-10-22,-12.5,5.329533537033797,-1.1727105114490934,
2019-10-23,-12.5,5.33367399867424,-1.1718001515566054,
2019-10-24,-12.0,5.116982998768938,-1.172565943925063,
2019-10-25,173.5,5.043448498856871,17.200532536351353,
2019-10-28,-12.0,5.084095034652808,-1.1801510316200725,
2019-10-29,-12.0,5.048623960749037,-1.188442642321456,
2019-10-30,-2.0,4.919257963552678,-0.20328269170047797,
2019-10-31,-11.5,4.871453823298914,-1.1803457876371988,
2019-11-01,-11.5,4.778849978777564,-1.203218352853767,
2019-11-04,-11.5,4.703574980293452,-1.2224743995983374,
2019-11-05,-11.0,4.61135533884392,-1.1927079125025455,
2019-11-06,-11.0,4.430187100355068,-1.2414825548923631,
2019-11-07,-10.5,4.306602307472564,-1.2190584653917331,
2019-11-08,-10.5,4.286487856938809,-1.2247789274619063,
2019-11-11,-10.5,4.236560152871752,-1.2392129016370246,
2019-11-12,-2.0,4.130377284809484,-0.24210863343592245,
2019-11-13,-10.0,4.039814621608807,-1.2376805542648417,
2019-11-14,-10.0,3.9110778629224634,-1.2784199587026028,
2019-11-15,-9.5,3.8308223012851452,-1.2399426615028564,
2019-11-18,-2.0,3.758977851193349,-0.2660297664915833,
2019-11-19,-2.0,3.727979433250967,-0.2682418231926657,
2019-11-20,-9.5,3.6474094737330405,-1.3022941444351965,
2019-11-21,-9.5,3.8047373684663945,-1.248443595441811,
2019-11-22,-9.5,3.6981489850045097,-1.2844263493062618,
2019-11-25,79.5,3.6679240575041874,10.83719274903625,
2019-11-26,-9.5,3.762179481968174,-1.2625660266253567,
2019-11-27,-9.0,3.613988090399019,-1.2451618232928812,
2019-11-29,-8.5,3.3550458534562972,-1.266748707956328,
2019-12-02,162.5,3.2511140067808477,24.991433653368322,
2019-12-03,-9.0,3.5403201491536445,-1.271071488005337,
2019-12-04,-9.5,3.815118709928384,-1.2450464483945678,
2019-12-05,-9.5,3.761360230647785,-1.2628410225898385,
2019-12-06,-9.5,3.6855487856015148,-1.2888175618667757,
2019-12-09,-2.0,3.7687238723442635,-0.26534180637064525,
2019-12-10,-2.0,3.731672167176816,-0.2679763803465476,
2019-12-11,-9.5,3.677624155235615,-1.291594736030246,
2019-12-12,-9.0,3.600651001290214,-1.249773998753982,
2019-12-13,-9.5,3.757747358340913,-1.2640551764228176,
2019-12-16,33.0,3.777729689887991,4.367702655953984,
2019-12-17,-9.5,3.8623561406102773,-1.2298192675855804,
2019-12-18,-9.5,3.6900449877095434,-1.2872471787798945,
2019-12-19,-9.0,3.554148917158862,-1.266125900992702,
2019-12-20,-9.0,3.5172454230760857,-1.279410293770295,
2019-12-23,-9.0,3.431192178570651,-1.3114975104293307,
2019-12-24,-8.5,3.3030713086727475,-1.2866812741344513,
2019-12-26,97.0,3.166244786624694,15.31783019584609,
2019-12-27,-8.5,3.1981201590086448,-1.3289056660452112,
2019-12-30,68.5,3.1973615762223133,10.71195708821472,
2019-12-31,-2.0,3.332371463635005,-0.30008659326027953,
2020-01-02,-2.0,3.3202377876610765,-0.3011832476927638,
2020-01-03,-9.0,3.590220802828142,-1.2534048035305219,
2020-01-06,-9.5,3.756990745483275,-1.2643097419684994,
2020-01-07,-10.0,3.9788128350916128,-1.2566562457781139,
2020-01-08,-10.0,3.8856833468707834,-1.2867749514449234,
2020-01-09,-10.0,4.051884536380014,-1.2339937022161644,
2020-01-10,-10.0,4.092821355210012,-1.2216511706857625,
2020-01-13,-10.0,4.07279840126644,-1.2276571308919306,
2020-01-14,-2.0,4.15331280117598,-0.24077165575317547,
2020-01-15,-10.0,4.0709333153776965,-1.2282195783244132,
2020-01-16,-10.0,4.040866649993575,-1.2373583275775633,
2020-01-17,-10.0,4.059376174994035,-1.231716348635107,
2020-01-20,-10.0,3.981027876780175,-1.2559570429443871,
2020-01-21,-9.5,3.772561599867305,-1.259091435423367,
2020-01-22,-9.5,3.674521485591069,-1.292685324776631,
2020-01-23,-9.5,3.677234236620279,-1.291731691360976,
2020-01-24,-9.5,3.707431791147402,-1.2812103546562987,
2020-01-27,-10.0,4.063150948922588,-1.2305720518027599,
2020-01-28,-11.0,4.580961595428117,-1.200621285602809,
2020-01-29,-11.5,4.819821481468966,-1.1929902429181958,
2020-01-30,-11.5,4.784477089935469,-1.2018032257058113,
2020-01-31,308.5,4.884693012082935,31.578238308618822,
2020-02-03,122.5,5.314357796934154,11.525381304837065,
2020-02-04,-13.0,5.507975097153143,-1.1801070058140959,
2020-02-05,104.5,5.929726875927919,8.81153569013642,
2020-02-06,-14.0,6.006174956218782,-1.1654672151619914,
2020-02-07,-14.0,5.911091030774583,-1.1842145491511282,
2020-02-10,218.0,5.7692273857192555,18.893344413813715,
2020-02-11,-14.0,5.882139715310737,-1.1900431371562905,
2020-02-12,-13.5,5.848594021359971,-1.1541235338524019,
2020-02-13,-13.5,5.784408734119973,-1.1669299854597723,
2020-02-14,-13.5,5.748022395968547,-1.174316927633094,
2020-02-17,-13.0,5.53119936768508,-1.1751520001204339,
2020-02-18,-12.5,5.278077984279002,-1.1841431707935943,
2020-02-19,46.5,5.229643842544788,4.44580944707056,
2020-02-20,-12.5,5.260562139505875,-1.188085956263804,
2020-02-21,251.0,5.639271986684026,22.254645687660087,
2020-02-24,-14.0,6.031109701920882,-1.1606487605043116,
2020-02-25,-16.0,7.0672804374979625,-1.1319771545435162,
2020-02-26,-2.0,7.92318897767668,-0.1262118072429506,
2020-02-27,-18.5,8.145639764985487,-1.1355768566837035,
2020-02-28,-20.5,9.169165496057953,-1.11787708536908,
2020-03-02,-21.5,9.840117960625243,-1.0924665784511534,
2020-03-03,-23.5,10.697073820580584,-1.0984312342870481,
2020-03-04,-25.5,11.688354261967685,-1.0908293600825196,
2020-03-05,-26.0,12.119543243255707,-1.0726476847412751,
2020-03-06,-27.0,12.443147297308872,-1.0849345167616635,
2020-03-09,-27.5,12.824886776072525,-1.0721342215397538,
2020-03-10,-31.0,14.437394863495914,-1.0736008917502713,
2020-03-11,-32.0,14.960616658960493,-1.069474632278408,
2020-03-12,-33.0,15.583965469034744,-1.0587805801280432,
2020-03-13,-36.5,17.151182221246547,-1.0640665911293425,
2020-03-16,-2.176470588235294,18.44574063401465,-0.05899656271382779,
2020-03-17,-42.5,20.367473445870747,-1.04333019294095,
2020-03-18,-44.0,21.076046771165693,-1.0438390196637053,
2020-03-19,-45.5,21.810793430368147,-1.0430615498986917,
2020-03-20,-46.0,22.01180818534185,-1.0448937136984597,
2020-03-23,-2.0,22.31721474353172,-0.04480845891801232,
2020-03-24,-46.0,22.088306547565168,-1.0412749366037448,
2020-03-25,-47.0,22.447177508453372,-1.046902221499792,
2020-03-26,-46.5,22.234879114992417,-1.0456544368763,
2020-03-27,-46.5,22.185066321064387,-1.0480022761042853,
2020-03-30,-45.5,21.700418726702647,-1.0483668673179025,
2020-03-31,-2.0,21.260210246223888,-0.04703622346244737,
2020-04-01,-43.5,20.62555237149361,-1.0545172128364657,
2020-04-02,-43.0,20.550512916386925,-1.046202597836668,
2020-04-03,-41.5,19.856726279502144,-1.0449859512552162,
2020-04-06,-40.5,19.28392440239485,-1.0500974582479268,
2020-04-07,436.0,19.99400123079522,10.903270310108383,
2020-04-08,-41.0,19.520322571452706,-1.0501875634975424,
2020-04-09,-39.5,18.8456566734918,-1.047986830184604,
2020-04-13,-38.0,18.120966911099526,-1.0485091713490213,
2020-04-14,349.5,17.51321927459242,9.978176899407714,
2020-04-15,-37.5,17.667632183550104,-1.061262754692033,
2020-04-16,-36.0,17.103872741867956,-1.0523932369970483,
2020-04-17,-35.0,16.60895326030596,-1.0536485789157808,
2020-04-20,-34.0,16.07259945599839,-1.0577007189496967,
2020-04-21,-33.0,15.411163780569934,-1.0706524331928031,
2020-04-22,-33.5,15.631794939100653,-1.0715340154637214,
2020-04-23,-33.0,15.619702443450606,-1.0563581514908118,
2020-04-24,-32.5,15.143295126061279,-1.0730821703417843,
2020-04-27,-31.5,14.766095474199759,-1.0666326807597433,
2020-04-28,438.5,14.090838654614064,15.559755197977964,
2020-04-29,-30.0,13.979885893570202,-1.0729701311009257,
2020-04-30,-30.5,14.225072615458044,-1.0720507664353285,
2020-05-01,-29.0,13.608103142925328,-1.065541600302931,
2020-05-04,-29.5,13.743238632716377,-1.0732550306509985,
2020-05-05,-2.0,13.395507301808065,-0.07465189465911638,
2020-05-06,-28.5,13.160113923107488,-1.0828173740182303,
2020-05-07,-27.5,12.712070071456955,-1.0816491667138903,
2020-05-08,-26.5,12.354957923495745,-1.0724439599103879,
2020-05-11,214.5,11.934960928960335,8.986204532916108,
2020-05-12,-2.0,11.766392291177453,-0.08498781744254855,
2020-05-13,-25.5,11.800935698950493,-1.0804228008067116,
2020-05-14,-26.0,12.116940291882601,-1.0728781100546463,
2020-05-15,-26.0,12.115730271033845,-1.0729852604163908,
2020-05-18,-26.0,11.982463823102856,-1.0849187772998135,
2020-05-19,-26.0,11.89621640716694,-1.092784424480382,
2020-05-20,125.5,11.505415235226444,5.453953526846785,
2020-05-21,-25.0,11.418421289853127,-1.0947222634978453,
2020-05-22,-24.5,11.159069769149333,-1.0977617537500017,
2020-05-25,11.0,10.711993357067238,0.5134431862181258,
2020-05-26,296.5,10.41202954584815,14.23833838995544,
2020-05-27,-22.5,10.370991721144712,-1.0847564343401352,
2020-05-28,-2.0,10.58734945534866,-0.09445234656865005,
2020-05-29,-23.0,10.485574494252328,-1.096744866607331,
2020-06-01,-23.0,10.44910488752002,-1.1005727403248795,
2020-06-02,-22.0,10.059883109840019,-1.0934520689649376,
2020-06-03,-22.0,9.881498601994304,-1.113191474598798,
2020-06-04,-2.0,9.488177273280426,-0.10539432086878175,
2020-06-05,176.0,9.418486039474681,9.343327540241088,
2020-06-08,-2.0,9.526987036655061,-0.10496497960504221,
2020-06-09,191.5,9.396487962608271,10.189977402304018,
2020-06-10,-20.5,9.272631679564823,-1.1054035525415205,
2020-06-11,-20.5,9.294229416738764,-1.1028348387376696,
2020-06-12,-23.0,10.434820172685995,-1.1020793659772117,
2020-06-15,-24.0,10.955547303208427,-1.09533551066734,
2020-06-16,-24.5,11.339972495836395,-1.0802495336296214,
2020-06-17,-24.5,11.374617317562368,-1.0769593084319455,
2020-06-18,-24.0,10.959466080593629,-1.0949438514389753,
2020-06-22,-23.0,10.399679936838384,-1.105803262200791,
2020-06-23,-22.5,10.172024227064213,-1.1059745581481872,
2020-06-24,-22.0,10.093665353702484,-1.0897924207448646,
2020-06-25,-2.0,10.423582114152307,-0.0959363095189973,
2020-06-26,403.5,10.438861963141427,19.326819409276506,
2020-06-29,-2.0,10.63162182291704,-0.0940590266147772,
2020-06-30,345.0,10.670434549851539,16.166164479440067,
2020-07-01,-23.5,10.723439224862144,-1.0957305537534814,
2020-07-02,-23.0,10.616407851657705,-1.083228918923299,
2020-07-06,186.0,9.850435851684452,9.441206602456758,
2020-07-07,-22.5,10.17719043370699,-1.1054131366884765,
2020-07-08,-22.0,10.12435540272792,-1.0864889232391175,
2020-07-09,-22.0,9.919937159675925,-1.1088779921625391,
2020-07-10,-22.0,9.976548791127646,-1.1025856967474092,
2020-07-13,-2.0,9.993402448904243,-0.1000660190673746,
2020-07-14,-24.0,11.054587988268226,-1.0855221391095806,
2020-07-15,-25.0,11.445331703391924,-1.0921483381993653,
2020-07-16,-25.0,11.396558010292502,-1.0968223904718384,
2020-07-17,-24.5,11.34055386670018,-1.08019415488782,
2020-07-20,-24.0,11.002835733364453,-1.0906279336345808,
2020-07-21,320.5,11.498168895266993,13.937001748683995,
2020-07-22,-25.0,11.455442545605065,-1.0911843824659297,
2020-07-23,-24.5,11.13005379234756,-1.1006236113991161,
2020-07-24,-2.0,11.610942807179876,-0.08612565031167223,
2020-07-27,-2.0,11.749446892381314,-0.08511038937913148,
2020-07-28,-25.5,11.659307828639793,-1.093546905818975,
2020-07-29,-24.5,11.34971441230838,-1.0793223119971451,
2020-07-30,-24.0,11.107770525714924,-1.0803248025532692,
2020-07-31,-2.0,11.073286916735286,-0.09030742249518338,
2020-08-03,-24.0,11.035016422682766,-1.0874474074486817,
2020-08-04,-23.5,10.872693821062569,-1.080688943639516,
2020-08-05,-23.0,10.440715690986671,-1.1014570591102097,
2020-08-06,-22.0,9.923521713059053,-1.1084774456153337,
2020-08-07,-22.0,9.924520162126264,-1.1083659280554399,
2020-08-10,-22.0,10.046875864831533,-1.094867712908131,
2020-08-11,-22.0,10.109599017343566,-1.0880748070352644,
2020-08-12,304.0,10.240163373247597,14.843513180375583,
2020-08-13,-23.5,10.6408659894442,-1.1042334347275935,
2020-08-14,-22.5,10.369196990198185,-1.0849441871568668,
2020-08-17,91.0,10.024075776612602,4.539071832054291,
2020-08-18,-21.5,9.810748935425988,-1.0957369382048334,
2020-08-19,-21.5,9.635874011466989,-1.115622722672294,
2020-08-20,313.0,9.444025867790776,16.57132267434267,
2020-08-24,-20.5,9.32558863090123,-1.099126329252359,
2020-08-26,-20.5,9.203887646032184,-1.1136598353000102,
2020-08-27,-21.0,9.472359957029886,-1.1084882803896672,
2020-08-28,-21.0,9.550227102956322,-1.0994502944071005,
2020-08-31,-20.5,9.199318024173728,-1.1142130289512024,
2020-09-01,-20.5,9.162759593875604,-1.118658619707878,
2020-09-02,-20.5,9.251133908598776,-1.107972287642793,
2020-09-03,-21.0,9.532302915127435,-1.1015176598444918,
2020-09-04,-25.0,11.536245564046904,-1.0835414286738718,
2020-09-07,-28.5,13.215799452329268,-1.0782548608883782,
2020-09-08,-28.0,12.886992348591463,-1.0863667503868881,
2020-09-10,-30.0,14.065123504652844,-1.066467706098556,
2020-09-11,-31.5,14.7702932543205,-1.0663295392183851,
2020-09-14,-2.0,14.938486593297606,-0.06694118535733508,
2020-09-15,-31.5,14.73127326520492,-1.0691540178812173,
2020-09-16,-31.0,14.465646603404569,-1.071504124561704,
2020-09-17,-2.0,14.32792184601853,-0.06979379220147561,
2020-09-18,-31.0,14.450927428445778,-1.0725955186439582,
2020-09-21,-31.5,14.822289754985366,-1.0625888617986707,
2020-09-22,-2.0,14.874269058200696,-0.06723019437709214,
2020-09-23,-31.5,14.774321268329217,-1.0660388192425654,
2020-09-24,-32.0,15.071691177734275,-1.0615928770911347,
2020-09-25,-32.0,15.094248950753254,-1.0600063674716023,
2020-09-28,-32.5,15.215195454270878,-1.0680112555135566,
2020-09-29,-32.0,14.943574350394389,-1.0706943081243296,
2020-09-30,-30.5,14.220819039651932,-1.0723714265316506,
2020-10-01,-30.0,13.977367679676796,-1.0731634413402547,
2020-10-02,-29.5,13.682555702557025,-1.0780149791199818,
2020-10-05,-30.0,14.01951600951724,-1.0699370784139162,
2020-10-06,-30.0,13.92258629455172,-1.0773860317798785,
2020-10-07,-30.0,13.949544416369456,-1.0753039348294313,
2020-10-08,28.0,13.777255529485922,1.0161675502089196,
2020-10-09,181.0,13.138701563094072,6.888047465375862,
2020-10-12,-27.5,12.83593716573021,-1.0712112269223462,
2020-10-13,-29.5,13.653013082463767,-1.08034760612258,
2020-10-14,-28.5,13.259047862287785,-1.074737805308837,
2020-10-15,-28.5,13.209294443552944,-1.0787858549822087,
2020-10-16,-28.0,13.089880554727735,-1.0695284759449966,
2020-10-19,-28.0,12.903103372247182,-1.0850102952838534,
2020-10-20,-28.5,13.2644888456581,-1.0742969567699918,
2020-10-21,-2.0,13.008096785253949,-0.07687519677233687,
2020-10-22,-27.0,12.611982729164382,-1.0704105999750648,
2020-10-23,-2.0,12.471841105652642,-0.08018062381718187,
2020-10-26,-2.0,12.046173883820309,-0.08301391044530242,
2020-10-27,-27.0,12.443768606404575,-1.084880346702349,
2020-10-28,-26.0,12.044213705947104,-1.079356470865421,
2020-10-29,-27.5,12.835698441236596,-1.0712311498239997,
2020-10-30,242.5,13.062612838291125,9.282216467793754,
2020-11-02,-29.0,13.48760477841319,-1.0750611571305189,
2020-11-03,-29.0,13.487597294240818,-1.0750617536743536,
2020-11-04,-29.0,13.51794748750933,-1.072648049076836,
2020-11-05,-31.5,14.633629809830092,-1.076287989014181,
2020-11-06,-2.0,14.847299109127944,-0.0673523172564909,
2020-11-09,-31.0,14.593027744190232,-1.0621510677364985,
2020-11-10,-32.5,15.151561476748075,-1.0724967208784133,
2020-11-11,207.5,15.2210927998375,6.816199162855615,
2020-11-12,-32.5,15.130300456991964,-1.074003787710019,
2020-11-13,-31.5,14.763850424349682,-1.066794877169975,
2020-11-16,-30.5,14.248575394038992,-1.0702824372449165,
2020-11-17,-29.5,13.752248580179065,-1.0725518749900276,
2020-11-18,-28.0,13.086909395880562,-1.0697712940846718,
2020-11-19,-27.5,12.642308724746236,-1.087617799831573,
2020-11-20,-26.5,12.30446524440722,-1.076844847525784,
2020-11-23,-25.5,11.830039155520991,-1.0777648182212203,
2020-11-24,-2.0,11.676107787269492,-0.08564497846536703,
2020-11-25,-25.5,11.635850088178813,-1.0957514838518831,
2020-11-26,-24.5,11.160075081880327,-1.0976628660759902,
2020-11-27,-2.0,10.675426861746018,-0.09367306927869722,
2020-11-30,-23.0,10.462003514478447,-1.0992158417921636,
2020-12-01,-23.0,10.479003263444271,-1.0974326193901904,
2020-12-02,-23.0,10.581395887483966,-1.0868131314888794,
2020-12-03,-23.0,10.394331895520827,-1.106372214740962,
2020-12-04,-22.0,9.995629617269339,-1.100480952294933,
2020-12-07,-2.0,9.58254893032153,-0.10435636773382449,
2020-12-08,-20.5,9.20700972101285,-1.1132821959128345,
2020-12-09,-20.0,9.086866169511932,-1.1004894111406411,
2020-12-10,-21.5,9.633340014546794,-1.1159161810718812,
2020-12-11,-21.5,9.769351442079167,-1.1003801085194789,
2020-12-14,37.0,9.656362053359226,1.9158353733810423,
2020-12-15,-21.0,9.424657620976424,-1.1140988269568743,
2020-12-16,-20.5,9.253253505192395,-1.1077184899612107,
2020-12-17,-20.0,9.066413969107224,-1.1029719174608468,
2020-12-18,107.5,8.738455828456708,6.150972329111464,
2020-12-21,-19.5,8.7491018407098,-1.1144001038635754,
2020-12-22,-20.0,8.98845170923053,-1.11253865776802,
2020-12-23,-20.0,8.920526587142634,-1.1210100549908384,
2020-12-24,-19.0,8.596738973775302,-1.1050701933582179,
2020-12-28,-18.5,8.246971904219924,-1.1216238041585704,
2020-12-29,-18.5,8.202545339632788,-1.1276987345996314,
2020-12-30,60.5,8.009506386801874,3.7767620798512853,
2020-12-31,-17.5,7.756148787744597,-1.1281372030698762,
2021-01-04,-2.0,7.557495302905697,-0.13231897075946858,
2021-01-05,-2.0,8.513209924126718,-0.11746450621004505,
2021-01-06,-19.0,8.447087786689096,-1.1246479544074446,
2021-01-07,325.5,8.717831516211303,18.668633328982914,
2021-01-08,-20.5,9.311200693624782,-1.1008247311238815,
2021-01-11,-20.5,9.285400644080156,-1.1038834394867838,
2021-01-12,-21.0,9.408764883788717,-1.1159806977525264,
2021-01-13,-21.0,9.382245963518093,-1.119135017439127,
2021-01-14,-20.5,9.206728394695373,-1.1133162140316561,
2021-01-15,-20.0,9.07678350935999,-1.1017118552720784,
2021-01-18,-20.0,9.098977544405704,-1.0990245828387903,
2021-01-19,-19.0,8.55976486266244,-1.1098435707549457,
2021-01-20,281.0,8.635853086757981,16.269382837862246,
2021-01-21,-20.5,9.24043500913241,-1.1092551367841261,
2021-01-22,-20.0,9.081296794194381,-1.1011643189982447,
2021-01-25,-19.5,8.697811308894783,-1.120971662150132,
2021-01-26,-21.0,9.381896215402298,-1.1191767377219657,
2021-01-27,-2.0,9.091225057159278,-0.10999617694124807,
2021-01-28,-22.0,10.09810183879076,-1.089313632958691,
2021-01-29,-2.0,10.356273136019992,-0.09655983256388977,
2021-02-01,-24.0,10.890646483447135,-1.10186296270281,
2021-02-02,149.5,11.390421734629482,6.562531374298717,
2021-02-03,-25.0,11.516105896441662,-1.0854363543029202,
2021-02-04,-24.5,11.268526903838687,-1.0870986158649512,
2021-02-05,-24.0,11.048453553564496,-1.0861248537473838,
2021-02-08,-23.5,10.68427829973846,-1.0997467185301255,
2021-02-09,-22.5,10.267544135471429,-1.0956855750085814,
2021-02-10,-21.5,9.85557669722347,-1.0907530152982838,
2021-02-11,-22.0,10.027499790278938,-1.0969833188791331,
2021-02-12,-21.5,9.73714266240187,-1.1040199751318307,
2021-02-15,32.0,9.628239615087452,1.6617783353592488,
2021-02-16,-20.5,9.205686785438347,-1.1134421840436237,
2021-02-18,-20.5,9.257581973158576,-1.107200565948953,
2021-02-19,-21.0,9.423111832218678,-1.1142815862695505,
2021-02-22,-20.5,9.341996701345915,-1.097195848776447,
2021-02-23,-22.0,9.959532651249779,-1.104469495224724,
2021-02-24,-24.0,11.03385174758908,-1.0875621926515393,
2021-02-25,-25.0,11.499290908475574,-1.0870235477551795,
2021-02-26,-27.0,12.575234415013034,-1.0735386358987415,
2021-03-01,-28.0,12.882360528226389,-1.0867573508228374,
2021-03-02,-28.5,13.368441919067363,-1.0659432180855177,
2021-03-03,-28.5,13.32337463913398,-1.0695488482433193,
2021-03-04,-29.5,13.739562164910124,-1.0735422150256333,
2021-03-05,-31.0,14.509950581702256,-1.0682324459151669,
2021-03-08,-32.5,15.22531125443781,-1.0673016615843252,
2021-03-09,-33.5,15.687789021977967,-1.0677094124948976,
2021-03-11,-34.5,16.333858901603453,-1.0560884665354011,
2021-03-12,-35.0,16.477868980060347,-1.0620305344809162,
2021-03-15,-34.5,16.29462833862747,-1.0586310802258534,
2021-03-16,-33.5,15.856619171582649,-1.0563411922018293,
2021-03-17,-33.0,15.50614637361246,-1.064094172880944,
2021-03-18,-33.0,15.60124306121157,-1.0576080338766696,
2021-03-19,-34.0,16.02615427112503,-1.060766027357517,
2021-03-22,-33.5,15.629643251758957,-1.0716815304223248,
2021-03-23,-33.5,15.654311590919031,-1.069992755843481,
2021-03-24,-2.0,15.225432191567672,-0.0656795805477254,
2021-03-25,-32.5,15.152187035027124,-1.0724524428344948,
2021-03-26,-32.0,14.881495103953757,-1.07516078782629,
2021-03-29,-31.5,14.79710259652849,-1.0643975668381909,
2021-03-30,-31.0,14.409809553919311,-1.0756561314708124,
2021-03-31,222.0,14.022501728639362,7.915848551709938,
2021-04-01,92.5,13.959287319450835,3.313206393821794,
2021-04-05,-29.5,13.808623939490062,-1.0681730536391667,
2021-04-06,-30.0,13.896400800955059,-1.0794161894761336,
2021-04-07,-28.5,13.318979315172555,-1.0699018042446282,
2021-04-08,-27.5,12.82655222123166,-1.071995011819292,
2021-04-09,252.5,12.446977062572257,10.14302503855579,
2021-04-12,-26.5,12.20612155810281,-1.0855208951449635,
2021-04-13,-25.5,11.681577161095467,-1.0914622078997027,
2021-04-14,-25.0,11.49717879244579,-1.0872232419498522,
2021-04-15,-25.0,11.446487450128235,-1.0920380644684116,
2021-04-16,-25.0,11.435131203690503,-1.0931225691547666,
2021-04-19,-24.0,10.929943260569754,-1.0979013992955042,
2021-04-20,-24.0,10.900125884814772,-1.1009047167718944,
2021-04-21,-23.5,10.873331178756574,-1.0806255973290126,
2021-04-22,-24.0,10.903807523131105,-1.1005329995548303,
2021-04-23,-24.0,10.992821271478883,-1.0916214958515031,
2021-04-26,-24.0,11.03083403780182,-1.0878597174861775,
2021-04-27,138.0,10.68577446367312,6.457182886890352,
2021-04-28,-22.5,10.359112001982183,-1.086000421449961,
2021-04-29,138.5,9.991496858983455,6.930893436426058,
2021-04-30,-2.0,10.14299708334178,-0.09859018905194569,
2021-05-03,-22.0,9.889033005960226,-1.112343339674383,
2021-05-04,-21.5,9.80945921982021,-1.095881002112676,
2021-05-05,-23.0,10.572176418404482,-1.0877608871509488,
2021-05-06,-23.0,10.54112810280416,-1.0909648272788526,
2021-05-07,-23.0,10.556047524032437,-1.0894229088888159,
2021-05-10,-23.0,10.566329843744406,-1.0883627683465094,
2021-05-11,-2.0,11.075877712048376,-0.0902862983862847,
2021-05-13,-26.0,11.88749149661314,-1.0935864815300875,
2021-05-14,-25.5,11.847313532569345,-1.0761933466983116,
2021-05-17,-26.5,12.175183994528679,-1.0882792412791729,
2021-05-18,-26.0,12.026063709205202,-1.0809854591115553,
2021-05-19,-25.5,11.855452015690545,-1.0754545658086703,
2021-05-20,312.5,11.985419728855506,13.03667318582262,
2021-05-21,-26.5,12.173068319651541,-1.0884683838182292,
2021-05-24,214.5,11.925884868247861,8.993043382931557,
2021-05-25,-26.0,12.063321663373014,-1.0776468010026587,
2021-05-26,-25.5,11.650762973132084,-1.0943489305724334,
2021-05-27,-24.0,11.064101332194078,-1.0845887650253767,
2021-05-28,-23.0,10.547915522751644,-1.0902628083430066,
2021-05-31,25.5,10.191814413983671,1.251003941212506,
2021-06-01,-21.0,9.603113384413408,-1.0933953999795845,
2021-06-02,-21.0,9.562712428383879,-1.0980148235801883,
2021-06-03,-2.0,9.270732969213602,-0.10786633627792062,
2021-06-04,246.0,9.365680614269774,13.133055147385047,
2021-06-08,-20.5,9.265688896997917,-1.1062318316472939,
2021-06-09,-20.5,9.230639690069493,-1.1104322500018233,
2021-06-10,-2.0,8.913272569350244,-0.11219223828503401,
2021-06-11,-19.5,8.824824528682369,-1.1048378319943513,
2021-06-14,-19.0,8.426622776633629,-1.127379289641725,
2021-06-15,-19.0,8.419364006874083,-1.1283512617156852,
2021-06-16,-18.5,8.256373720668792,-1.1203465725932185,
2021-06-17,354.5,8.614847026335307,20.574944564674514,
2021-06-18,-20.0,8.953072238739928,-1.1169350289311883,
2021-06-21,-19.5,8.835888507401362,-1.103454394182649,
2021-06-22,-19.5,8.867253614015551,-1.0995512730784178,
2021-06-23,-19.5,8.84727121301444,-1.1020347138966007,
2021-06-24,-2.0,8.515323269227695,-0.11743535370098708,
2021-06-25,-19.0,8.474943035711432,-1.1209514872217097,
2021-06-28,-18.5,8.145482818874902,-1.1355987368318654,
2021-06-29,-18.5,8.210091188955266,-1.1266622729408518,
2021-06-30,-18.0,7.96740610402989,-1.1296022673486954,
2021-07-01,-17.0,7.607234239456327,-1.1173574695403985,
2021-07-02,-17.0,7.417431793780875,-1.145949195936901,
2021-07-05,7.0,7.534936665653671,0.46450290895661667,
2021-07-06,-16.0,7.087798332392694,-1.1287002853112167,
2021-07-07,-16.5,7.169919880078931,-1.1506404726950978,
2021-07-08,-16.5,7.2202827457875784,-1.1426145333177118,
2021-07-09,-17.5,7.639369692517038,-1.145382453289419,
2021-07-12,-2.0,7.679414714480107,-0.13021825714327237,
2021-07-13,-17.0,7.438920806302956,-1.1426388613786556,
2021-07-14,-17.0,7.483462177281317,-1.1358379047875382,
2021-07-15,-17.0,7.427500593189794,-1.144395734925093,
2021-07-16,-17.0,7.589821979390523,-1.1199208654802422,
2021-07-19,-17.5,7.810191838005486,-1.120330995894528,
2021-07-20,-18.0,8.067499563862237,-1.115587293033746,
2021-07-21,217.5,8.440356737872078,12.884526493061154,
2021-07-22,-18.5,8.338366970881214,-1.1093299242288497,
2021-07-23,-18.0,8.10973361581827,-1.1097775125985938,
2021-07-26,-18.5,8.202788357545536,-1.1276653251075484,
2021-07-27,-18.0,7.95169633200657,-1.1318339665177954,
2021-07-28,-2.0,8.607825165434672,-0.11617336328060779,
2021-07-29,-2.0,8.61083765361791,-0.11613272020984419,
2021-07-30,116.5,8.359170678359488,6.968394622064558,
2021-08-02,-2.0,8.366551344190952,-0.11952355981109446,
2021-08-03,-18.5,8.194833391034456,-1.128759983103494,
2021-08-04,-18.5,8.327345291674852,-1.110798180693619,
2021-08-05,-18.5,8.128963485126649,-1.1379064522708808,
2021-08-06,-18.0,7.917073236189032,-1.1367837244274686,
2021-08-09,-17.5,7.776568005032672,-1.1251750122081312,
2021-08-10,-17.0,7.494313147530339,-1.1341933320201696,
2021-08-11,-17.0,7.540255065563887,-1.127282820818521,
2021-08-12,-17.0,7.5588082751664665,-1.124515888030353,
2021-08-13,-17.0,7.551929112654576,-1.1255402259744156,
2021-08-16,-16.5,7.27500560460782,-1.1340197449160234,
2021-08-17,-17.0,7.540183775707262,-1.1272934788917275,
2021-08-18,-17.5,7.848027791728171,-1.114929792835661,
2021-08-19,-18.0,7.983882949461874,-1.1272710355312279,
2021-08-20,-18.5,8.253784167357455,-1.120698071629064,
2021-08-23,311.0,8.274942441117636,18.79167149578357,
2021-08-24,-19.0,8.591017981037806,-1.105806089682097,
2021-08-25,-18.5,8.242552410963677,-1.1222251966146173,
2021-08-26,-18.0,7.882370095894844,-1.1417885598504465,
2021-08-27,-17.5,7.711307946188069,-1.1346972603169594,
2021-08-30,228.0,7.767643092888922,14.676266486080452,
2021-08-31,-18.0,7.902990014825427,-1.1388094864243359,
2021-09-01,-17.5,7.665276442337897,-1.141511342196455,
2021-09-02,-17.0,7.526685267885191,-1.1293151895519986,
2021-09-03,-17.0,7.454243463036248,-1.1402900967951208,
2021-09-06,8.943661971830986,7.334297501390802,0.6097149706659022,
2021-09-07,-16.0,7.007740537005745,-1.1415947776254607,
2021-09-08,-15.5,6.845580498648193,-1.132117283776066,
2021-09-09,-16.0,6.890539034459036,-1.1610122168951715,
2021-09-10,-15.5,6.828714817711962,-1.1349134071170255,
2021-09-13,-16.5,7.178449473589679,-1.149273256063538,
2021-09-14,-17.0,7.432667368333274,-1.143600214939535,
2021-09-15,-2.0,7.543726842023753,-0.13256047321720496,
2021-09-16,-17.5,7.743282067593485,-1.1300117861674888,
2021-09-17,235.5,7.810726205622522,15.07542280962788,
2021-09-20,-18.0,8.088531476649486,-1.1126865273358708,
2021-09-21,-20.5,9.348279228317379,-1.0964584764382272,
2021-09-22,-20.5,9.242152140580425,-1.1090490444313634,
2021-09-23,116.5,9.340034130538966,6.236593912386345,
2021-09-24,-20.5,9.334495978357612,-1.098077499177783,
2021-09-27,-2.0,9.183817694189212,-0.10888717887254233,
2021-09-28,-20.5,9.35550928746141,-1.0956111190801143,
2021-09-29,-22.5,10.306901481214169,-1.0915016526067283,
2021-09-30,-22.5,10.268015661127443,-1.0956352591660086,
2021-10-01,-22.5,10.279228828189767,-1.0944400779509829,
2021-10-04,407.5,10.548569626176214,19.31541500132829,
2021-10-05,-24.5,11.233493224306486,-1.090488929435952,
2021-10-06,-2.0,11.45520799399888,-0.08729653800471165,
2021-10-07,-25.5,11.641443137284675,-1.0952250377932002,
2021-10-08,-25.5,11.692947198907198,-1.0904008872281226,
2021-10-11,-2.0,11.401486684699542,-0.08770786018124903,
2021-10-12,-24.5,11.304951921506717,-1.0835959396426453,
2021-10-13,-24.0,11.059955355684808,-1.0849953380536939,
2021-10-14,-23.5,10.790494258850181,-1.0889213893388479,
2021-10-15,-24.0,11.028673240360881,-1.0880728568586493,
2021-10-18,404.0,10.60073229462082,19.055287350525948,
2021-10-19,-23.5,10.708715702147904,-1.0972370848955528,
2021-10-20,-22.5,10.363450294851624,-1.0855458056848883,
2021-10-21,226.0,10.078560988076509,11.211918063866975,
2021-10-22,-22.0,9.893485203213901,-1.1118427706776828,
2021-10-25,-22.0,9.90645054584148,-1.1103876155337564,
2021-10-26,-22.0,9.980989792567089,-1.1020951056569335,
2021-10-27,-2.0,9.981454807383725,-0.10018579648933096,
2021-10-28,-22.0,9.884565178284888,-1.1128461193382162,
2021-10-29,-21.5,9.84638195126454,-1.0917715820093097,
2021-11-01,-2.0,9.968068954745645,-0.10032033331028628,
2021-11-02,169.0,9.722135457978098,8.691506137230203,
2021-11-03,-21.0,9.442875782408235,-1.1119493935905789,
2021-11-04,-21.0,9.520170369379075,-1.1029214386511899,
2021-11-05,-21.5,9.719622485852,-1.1060100344069772,
2021-11-08,-21.0,9.584292308291142,-1.0955425463095174,
2021-11-09,-20.5,9.226485714841775,-1.110932192038383,
2021-11-10,-21.0,9.395129592353078,-1.1176003371519434,
2021-11-11,-22.0,9.882977478613572,-1.1130248979929,
2021-11-12,-2.0,9.650264801569746,-0.10362409950008175,
2021-11-15,-21.5,9.716317315743336,-1.1063862624764005,
2021-11-16,-2.0,9.636580364618812,-0.10377125102090677,
2021-11-17,-21.0,9.571467481431753,-1.097010465779627,
2021-11-18,-20.5,9.339576947043772,-1.0974801169387443,
2021-11-19,-21.0,9.385857165112075,-1.1187044310698948,
2021-11-22,-2.0,9.242224510461211,-0.10819905953032267,
2021-11-23,-22.0,9.976708473999699,-1.1025680492385943,
2021-11-24,-22.5,10.336407868714005,-1.0883858437950416,
2021-11-25,12.5,10.549878735234435,0.5924238711034924,
2021-11-26,-22.0,9.995423111289119,-1.100503688290722,
2021-11-29,-23.5,10.76896431762561,-1.0910984244574684,
2021-11-30,-2.0,11.407788294938067,-0.08765941075920265,
2021-12-01,-26.0,11.976874845299633,-1.0854250518533135,
2021-12-02,-28.5,13.153526642063946,-1.0833596485393977,
2021-12-03,-28.5,13.297917596202238,-1.0715963531064192,
2021-12-06,-30.5,14.321280625044935,-1.0648489055741934,
2021-12-07,-31.0,14.505474866113156,-1.0685620528156714,
2021-12-08,-32.5,15.260440947105074,-1.0648447221364628,
2021-12-09,-31.5,14.692730879454713,-1.071958652834491,
2021-12-10,-31.5,14.625392959493661,-1.0768941418272342,
2021-12-13,-30.5,14.3003648909584,-1.0664063551023106,
2021-12-14,-30.5,14.232481684461371,-1.0714926839954784,
2021-12-15,-31.0,14.478375849856988,-1.0705620686144228,
2021-12-16,805.0,15.434384717724349,26.078137053159107,
2021-12-17,-34.5,16.29264295217261,-1.0587600827341355,
2021-12-20,-34.5,16.217275598445994,-1.0636805112723722,
2021-12-21,-34.0,16.08568448427128,-1.056840323868266,
2021-12-22,-34.5,16.30188559253762,-1.058159800109037,
2021-12-23,-34.0,16.009786621642075,-1.0618505044295439,
2021-12-27,288.5,15.535873291524787,9.284962441003689,
2021-12-28,-33.0,15.389560913558732,-1.0721553456059252,
2021-12-29,-31.5,14.848342276875966,-1.0607244705375785,
2021-12-30,-30.5,14.366317828527682,-1.0615106934163436,
2021-12-31,-30.0,13.898187983632846,-1.0792773862078062,
2022-01-03,-29.0,13.442067413373358,-1.0787031156810087,
2022-01-04,-28.5,13.217634026703832,-1.078105201824355,
2022-01-05,-29.0,13.603874453367844,-1.0658728180492953,
2022-01-06,-31.0,14.46699056384157,-1.0714045835310289,
2022-01-07,-31.0,14.495241237852888,-1.0693164567363862,
2022-01-10,-31.0,14.594688292291966,-1.0620302187739197,
2022-01-11,-32.5,15.211139128556827,-1.06829606005594,
2022-01-12,-33.0,15.42105776223134,-1.0699655143249098,
2022-01-13,-32.0,15.07669649350053,-1.0612404386396914,
2022-01-14,-2.0,15.862289601107634,-0.06304260136129225,
2022-01-17,-33.0,15.540876058171376,-1.0617162081621723,
2022-01-18,-31.5,14.674563482587708,-1.0732857586318234,
2022-01-19,-32.0,15.013880376688585,-1.0656805301874206,
2022-01-20,-32.5,15.182531778353686,-1.0703089733142033,
2022-01-21,-34.0,15.968600937042709,-1.0645891939452712,
2022-01-24,-35.0,16.413700870111086,-1.0661824617424969,
2022-01-25,-38.5,18.155579379388865,-1.0602801264416588,
2022-01-26,-39.0,18.595359423718232,-1.048648727656638,
2022-01-27,-41.5,19.636762322024076,-1.056691508494114,
2022-01-28,-2.0,19.892172156165216,-0.05027103084315848,
2022-01-31,754.0,20.535588430724843,18.35837338052324,
2022-02-01,-2.0,20.84911782853021,-0.047963660056234446,
2022-02-02,-43.0,20.396502269349483,-1.0541023022515374,
2022-02-03,-41.5,19.784252107253092,-1.0488139701976835,
2022-02-04,-43.5,20.719305528163588,-1.0497456090135548,
2022-02-07,-43.0,20.62060513329476,-1.0426464141581053,
2022-02-08,-42.5,20.20038333805942,-1.0519602348319304,
2022-02-09,-41.5,19.85928452819803,-1.0448513374455786,
2022-02-10,-2.0,19.550585633326747,-0.051149362927285315,
2022-02-11,-41.5,19.658579516660552,-1.0555187867167348,
2022-02-14,-42.5,20.346359551184797,-1.0444128811614648,
2022-02-15,-42.0,19.93590529752874,-1.053375790393786,
2022-02-16,-2.0,19.79405491913383,-0.05052021953487432,
2022-02-17,524.0,19.32305099633856,13.55893539015372,
2022-02-18,-41.0,19.56247592517152,-1.0479246123248718,
2022-02-21,-40.5,19.288370501944982,-1.049855403698205,
2022-02-22,-2.0,18.941879751806056,-0.05279307086218055,
2022-02-23,-40.0,19.008531198105626,-1.0521591485192283,
2022-02-24,-41.0,19.566850398240938,-1.0476903325147797,
2022-02-25,-45.0,21.4736825126523,-1.047794200493697,
2022-02-28,-44.5,21.20859804746285,-1.0491028190645413,
2022-03-01,-43.5,20.75262675835836,-1.048060096355751,
2022-03-02,-43.0,20.602439132761337,-1.043565757503508,
2022-03-03,566.5,20.341550623278383,13.924700493376129,
2022-03-04,-42.5,20.318939864472785,-1.0458222792004592,
2022-03-07,-42.0,19.945265588439014,-1.0528814423094144,
2022-03-08,-43.0,20.542032332121945,-1.0466345127098289,
2022-03-09,-44.0,21.03099430839895,-1.0460751249984444,
2022-03-10,-45.0,21.46181614351331,-1.048373532302413,
2022-03-11,-44.5,21.162757847548075,-1.0513752583800364,
2022-03-14,-44.5,21.228810858437498,-1.0481039257625975,
2022-03-15,-44.0,21.047288654263394,-1.0452652767483008,
2022-03-16,-2.0,21.108196607530292,-0.04737496142343362,
2022-03-17,-45.0,21.396896849849558,-1.051554351918007,
2022-03-18,683.0,20.95068993200316,16.300179187814848,
2022-03-21,-44.0,20.98635493686008,-1.048300196303245,
2022-03-22,470.5,20.498043869941505,11.47670487450622,
2022-03-23,-42.5,20.169612164945683,-1.0535651268957966,
2022-03-24,-41.0,19.59053272459242,-1.0464238154313132,
2022-03-25,-41.0,19.388530387121534,-1.057326140284296,
2022-03-28,-2.0,18.844706788041425,-0.05306529898542042,
2022-03-29,-39.0,18.523656303181323,-1.05270793631876,
2022-03-30,-38.5,18.205895138668374,-1.0573498228666605,
2022-03-31,-37.5,17.72422405733492,-1.0578742369396181,
2022-04-01,-36.5,17.31445805323957,-1.054032412905086,
2022-04-04,504.0,16.816996763722457,14.984839656008804,
2022-04-05,-35.5,16.713104137742285,-1.0620408904122216,
2022-04-06,-2.0,16.892525270760693,-0.059197780318310494,
2022-04-07,-36.5,17.245737751420645,-1.0582324898508113,
2022-04-08,-2.0,17.145149340604885,-0.05832553453656413,
2022-04-11,-35.5,16.74996010199025,-1.059704016721265,
2022-04-12,-35.5,16.80889152327666,-1.05598872926392,
2022-04-13,455.0,17.023434985899755,13.36393038117364,
2022-04-14,484.0,17.041403915478345,14.200707946379731,
2022-04-18,-36.0,17.114339350087032,-1.0517496253753122,
2022-04-19,-35.5,16.665100825080817,-1.0651000666786499,
2022-04-20,423.0,16.933665051860757,12.489912806959607,
2022-04-21,-35.5,16.843760405299275,-1.0538026885264653,
2022-04-22,-37.5,17.79420609063504,-1.0537137709036644,
2022-04-25,-38.0,18.086584227018253,-1.0505023923542878,
2022-04-26,727.0,17.892006782231235,20.316334798229352,
2022-04-27,-2.0,18.487220583500434,-0.054091419285194495,
2022-04-28,-38.5,18.327419113250404,-1.050338832819215,
2022-04-29,-40.0,18.94778203373252,-1.055532513747215,
2022-05-02,-41.5,19.84883331703734,-1.0454014938091671,
2022-05-03,-41.5,19.760523794391815,-1.0500733794257522,
2022-05-04,-40.0,19.117807809078116,-1.046145049669501,
2022-05-05,-42.5,20.15314296557254,-1.0544261029806226,
2022-05-06,-2.0,21.669882753745927,-0.046146996334215824,
2022-05-09,-45.0,21.58542684276408,-1.0423699361563705,
2022-05-10,-2.0,22.036467782566646,-0.04537932348627641,
2022-05-11,-45.5,21.808862940954743,-1.0431538802180238,
2022-05-12,-46.5,22.179658445172265,-1.0482578015109476,
2022-05-13,-46.5,22.180218556231388,-1.0482313301402553,
2022-05-16,-46.5,22.32448865935772,-1.0414572246094576,
2022-05-17,-45.0,21.489703755117883,-1.0470130373314945,
2022-05-18,823.0,21.135082058323746,19.469997744245173,
2022-05-19,-46.0,22.03882619701491,-1.0436127493539233,
2022-05-20,-45.0,21.4699814686567,-1.0479748216293054,
2022-05-23,-46.0,21.942661363752652,-1.0481864354883579,
2022-05-24,-2.0,21.340506980627467,-0.046859242889954876,
2022-05-25,-45.0,21.45368505343979,-1.0487708728805285,
2022-05-26,584.5,21.092707549622663,13.855499551797854,
2022-05-27,469.5,21.17179986750676,11.087862225652367,
2022-05-31,-42.5,20.15738100820736,-1.0542044123364918,
2022-06-01,-42.0,19.89613950762112,-1.0554811395424752,
2022-06-03,-42.0,20.00949018769372,-1.0495020014510648,
2022-06-06,-42.0,19.97756231714417,-1.0511793013894595,
2022-06-07,460.0,19.540772151633874,11.770261595357114,
2022-06-08,-40.5,19.31553842651717,-1.0483787483863232,
2022-06-09,-39.5,18.663535681765943,-1.0582132097990158,
2022-06-10,-39.5,18.770604561639804,-1.0521770854606207,
2022-06-13,-40.0,19.0307399500941,-1.0509312855121593,
2022-06-14,-41.5,19.710687096515954,-1.0527283954331432,
2022-06-15,-40.0,19.085816589621956,-1.047898574634482,
2022-06-16,-40.5,19.307365404648962,-1.0488225387356094,
2022-06-17,-42.0,19.939875018602606,-1.0531660795470565,
2022-06-20,-41.0,19.50488394584528,-1.0510188144116945,
2022-06-21,101.5,18.60632080685633,2.7275677188850196,
2022-06-22,-38.5,18.19694074922374,-1.0578701258243743,
2022-06-23,-38.0,17.96501640999347,-1.0576110573119653,
2022-06-24,484.0,17.480908094993936,13.843674406668972,
2022-06-27,-2.0,17.714414659637225,-0.056451201985156595,
2022-06-28,-36.5,17.22677789823457,-1.0593971843028342,
2022-06-29,-37.5,17.806115191217813,-1.0530090251942053,
2022-06-30,-2.0,17.193178391845112,-0.058162602469960384,
2022-07-01,-36.5,17.170451363856177,-1.0628724669647458,
2022-07-04,11.796511627906977,16.76095483786645,0.3519045228036838,
2022-07-05,-33.5,15.855708063733132,-1.0564018921559477,
2022-07-06,-34.5,16.242800344895056,-1.06200899067392,
2022-07-07,290.0,15.871886034545406,9.135650273975333,
2022-07-08,-33.5,15.748001317792163,-1.0636270382499762,
2022-07-11,239.0,15.45439408080701,7.732428678547056,
2022-07-12,-33.0,15.430865932177937,-1.0692854226406439,
2022-07-13,-33.0,15.448304079879515,-1.0680784061915416,
2022-07-14,-33.0,15.530568074173836,-1.0624208928608514,
2022-07-15,-33.0,15.577491783161419,-1.0592205876067784,
2022-07-18,-32.5,15.228206655792746,-1.0670987311443247,
2022-07-19,-32.5,15.317263323236123,-1.0608944729277408,
2022-07-20,-33.0,15.58031594300497,-1.0590285884034294,
2022-07-21,-33.0,15.39600766136176,-1.071706403563883,
2022-07-22,-32.5,15.269507114121636,-1.0642124777538877,
2022-07-25,117.5,15.445792320255805,3.8036248825484025,
2022-07-26,-32.0,14.976450011666106,-1.068343965862176,
2022-07-27,-32.0,14.909382153689956,-1.0731497680499205,
2022-07-28,-34.0,15.91496199985496,-1.0681772284567772,
2022-07-29,-34.0,15.904964714151033,-1.068848646037843,
2022-08-01,-2.0,15.744788663140245,-0.06351307860619791,
2022-08-02,-33.0,15.538018044344515,-1.0619114968788201,
2022-08-03,461.5,15.417445326891334,14.966811628481825,
2022-08-04,-33.5,15.701020660684812,-1.066809627347464,
2022-08-05,-32.5,15.158090613493039,-1.0720347578299205,
2022-08-08,-32.0,14.953048426814966,-1.0700159287458442,
2022-08-09,-32.0,14.95193782489961,-1.0700954075233673,
2022-08-10,-31.5,14.664299408835355,-1.0740369901688247,
2022-08-11,-32.0,14.959706593918543,-1.0695396931450754,
2022-08-12,-32.0,14.926870408638647,-1.0718924705570096,
2022-08-15,-31.5,14.809772522307316,-1.0634869628332548,
2022-08-16,-2.0,14.36532448499965,-0.06961207183619175,
2022-08-17,-30.0,14.117801307499676,-1.062488391307199,
2022-08-18,-30.0,13.99331549982113,-1.0719403846923725,
2022-08-19,160.0,13.540221535548191,5.908322828394632,
2022-08-22,-29.5,13.644491425866176,-1.0810223363868356,
2022-08-23,-30.0,14.058277752590023,-1.0669870281398075,
2022-08-24,-29.0,13.598757913119307,-1.0662738532915,
2022-08-25,-28.5,13.197953776467926,-1.0797128283179687,
2022-08-26,-2.0,13.066849935291646,-0.07652953886760011,
2022-08-29,-30.5,14.21296779705653,-1.0729638044461225,
2022-08-30,395.5,13.807577240123923,14.32184637181325,
2022-08-31,-30.0,14.034714580115072,-1.0687784147212072,
2022-09-01,-30.0,13.877770681535424,-1.0808652444414375,
2022-09-02,-30.0,13.892751347140038,-1.0796997387481422,
2022-09-05,-31.0,14.404876250915748,-1.0760245162824382,
2022-09-06,-29.0,13.601849375850339,-1.0660315078730618,
2022-09-07,-29.0,13.48386013471817,-1.0753597156251626,
2022-09-08,-29.0,13.536798696524016,-1.0711542902476134,
2022-09-09,-29.0,13.511848789629447,-1.0731321986913422,
2022-09-12,-29.0,13.573502447513057,-1.0682578101024098,
2022-09-13,-28.5,13.222716558404981,-1.0776908010587303,
2022-09-14,-32.0,14.931808232804626,-1.0715380046770624,
2022-09-15,-31.0,14.437571930461438,-1.0735877247681083,
2022-09-16,-31.0,14.465245363999907,-1.0715338461230197,
2022-09-19,-30.5,14.238263552285629,-1.071057572715878,
2022-09-20,-30.0,13.989101869979514,-1.072263261745907,
2022-09-21,-29.5,13.69970173640955,-1.0766657759270104,
2022-09-22,-30.5,14.283651612380297,-1.0676541555229564,
2022-09-23,-30.0,13.955355068638847,-1.074856205823722,
2022-09-26,-2.0,14.151401135164646,-0.07066438089406653,
2022-09-27,-30.0,14.014693911224313,-1.070305216440479,
2022-09-28,-30.5,14.209180060422577,-1.073249824068066,
2022-09-29,201.5,14.43531005610668,6.979413646704385,
2022-09-30,-32.0,15.055109337813343,-1.062762125533915,
2022-10-03,-32.5,15.169030099398107,-1.0712616359463079,
2022-10-04,-32.5,15.256956520869672,-1.0650879143407117,
2022-10-05,-33.0,15.539495340807552,-1.061810543915806,
2022-10-06,-33.5,15.659888530749868,-1.0696117004351329,
2022-10-07,349.0,15.237753635696306,11.451819222960289,
2022-10-10,-2.0,15.931485518860857,-0.06276878567388627,
2022-10-11,-2.0,15.683700838942224,-0.06376046127563373,
2022-10-12,-33.0,15.535757921874925,-1.0620659824241587,
2022-10-13,992.5,14.926953784598144,33.245229211605,
2022-10-14,-34.5,16.21074279998399,-1.0641091659302027,
2022-10-17,-2.0,16.76979688569942,-0.05963101442527059,
2022-10-18,-36.0,16.994275679578035,-1.0591801815731718,
2022-10-19,-36.0,17.03129170246532,-1.056878146088852,
2022-10-20,-35.5,16.655842295146368,-1.0656921268504371,
2022-10-21,-35.0,16.4929249883502,-1.061061031464167,
2022-10-24,-35.5,16.668430346325188,-1.0648873127944685,
2022-10-25,-35.0,16.57782817873053,-1.05562681741705,
2022-10-26,-34.5,16.27941188024978,-1.0596205886852548,
2022-10-27,-34.0,16.11481103166051,-1.0549301488301894,
2022-10-28,-33.5,15.834288815113332,-1.0578309007482958,
2022-10-31,-2.0,16.129161042605237,-0.06199950495617822,
2022-11-01,502.5,15.752970968133434,15.949372376058568,
2022-11-02,-33.5,15.710794470409619,-1.066145956625406,
2022-11-03,-2.0,16.45734486538036,-0.06076314303309024,
2022-11-04,-34.0,16.105034517853195,-1.0555705410724014,
2022-11-07,-34.0,16.067174909435106,-1.058057816375492,
2022-11-08,-33.0,15.602555273046887,-1.0575190865372823,
2022-11-09,-33.0,15.568444182114966,-1.0598361536315366,
2022-11-10,-2.0,15.42784102624961,-0.06481788335118024,
2022-11-11,-36.5,17.232102381517496,-1.0590698451034195,
2022-11-14,-36.0,17.099452211409105,-1.0526653004702706,
2022-11-15,-35.0,16.57984848202274,-1.0554981861851733,
2022-11-16,-35.0,16.542895019021117,-1.057855954467365,
2022-11-17,-34.0,16.071973946233893,-1.0577418839073944,
2022-11-18,-33.5,15.749868664360045,-1.0635009317825694,
2022-11-21,-33.0,15.465949474048614,-1.0668598153437971,
2022-11-22,-32.0,14.91302451161657,-1.0728876618915717,
2022-11-23,-2.0,14.676379903643957,-0.06813669355558948,
2022-11-25,-28.5,13.356291855693005,-1.066912894234642,
2022-11-28,-28.0,12.91834243742922,-1.0837303677162804,
2022-11-29,-27.5,12.757210834755705,-1.0778218043194476,
2022-11-30,-27.0,12.465624346558869,-1.0829782467916795,
2022-12-01,-29.0,13.560044036090378,-1.0693180613136586,
2022-12-02,-28.5,13.312005176369636,-1.0704623241354665,
2022-12-05,-28.5,13.15668337805752,-1.0830997136988105,
2022-12-06,-28.5,13.174955993910556,-1.0815975405600085,
2022-12-07,-28.5,13.31870913720266,-1.0699235078417622,
2022-12-08,-28.0,12.923622770259612,-1.0832875772432318,
2022-12-09,-27.5,12.74514971524107,-1.0788417795953622,
2022-12-12,-27.0,12.435674735580994,-1.085586450839998,
2022-12-13,-26.5,12.215269397325208,-1.0847079641895878,
2022-12-14,-28.0,13.020428726087694,-1.0752334116271947,
2022-12-15,-28.5,13.306469531367142,-1.070907648825159,
2022-12-16,-30.0,13.994400279126632,-1.071857292975482,
2022-12-19,-29.5,13.766228830617587,-1.0714626483030996,
2022-12-20,-29.0,13.594533914144902,-1.0666051584830705,
2022-12-21,-28.5,13.267245777420266,-1.0740737180170656,
2022-12-22,173.5,13.08476393617596,6.629848304726298,
2022-12-23,-29.5,13.813530797877679,-1.067793615971537,
2022-12-27,198.0,13.494707169457847,7.336209578823884,
2022-12-28,-28.5,13.18794237163943,-1.080532474167048,
2022-12-29,217.5,13.095053630808042,8.304662437131958,
2022-12-30,-28.5,13.235585514321754,-1.0766429626086873,
2023-01-03,-28.0,12.9205436918702,-1.0835457341326131,
2023-01-04,-28.5,13.202111999593757,-1.079372754937883,
2023-01-05,-28.0,12.991246856765631,-1.0776486779411036,
2023-01-06,-27.5,12.746336366996658,-1.078741342147699,
2023-01-09,-28.5,13.262669483639753,-1.0744443279370095,
2023-01-10,-28.5,13.2831930919512,-1.0727842244975438,
2023-01-11,-28.0,12.925465013954685,-1.0831331781785194,
2023-01-12,-27.5,12.693288941529351,-1.0832495867176983,
2023-01-13,-27.5,12.727696874277255,-1.08032114025192,
2023-01-16,-27.0,12.571254240400307,-1.0738785280958663,
2023-01-17,-25.5,11.854557508943143,-1.0755357161481,
2023-01-18,-25.0,11.491731972590062,-1.0877385610641501,
2023-01-19,-25.5,11.703036831690772,-1.0894608111865585,
2023-01-20,-25.0,11.477819915141431,-1.089056989255435,
2023-01-23,416.0,11.823154206917044,17.592598079987084,
2023-01-24,-26.0,12.090250334994398,-1.0752465531976947,
2023-01-25,-25.5,11.631125311066228,-1.096196598266312,
2023-01-26,-26.0,11.876223503132927,-1.094624060971118,
2023-01-27,279.5,11.867207538623433,11.776148647031302,
2023-01-30,-26.0,11.972228428721758,-1.0858463048376679,
2023-01-31,-26.0,12.057247826670205,-1.0781896654097514,
2023-02-01,-25.5,11.863872981908047,-1.0746912091391456,
2023-02-02,-27.5,12.662882054628902,-1.085850751881062,
2023-02-03,-29.0,13.593211907869694,-1.0667088910462235,
2023-02-06,-29.5,13.763339628736146,-1.0716875698688586,
2023-02-07,-29.0,13.38292251239785,-1.083470369537543,
2023-02-08,-29.5,13.710035190083719,-1.0758542772135606,
2023-02-09,-29.5,13.65753267650631,-1.079990094065303,
2023-02-10,-30.0,13.974851771041575,-1.0733566441887217,
2023-02-13,-29.5,13.633790930252893,-1.0818707779411725,
2023-02-14,-29.0,13.449234435234828,-1.078128280819638,
2023-02-15,-29.0,13.499289118432342,-1.0741306355311153,
2023-02-16,-28.5,13.285947038544316,-1.072561854917744,
2023-02-17,-28.5,13.259272250076865,-1.074719617429787,
2023-02-20,35.0,13.08271708935709,1.337642622742061,
2023-02-21,-26.5,12.254487297260155,-1.0812365853088297,
2023-02-22,-26.5,12.366666776027287,-1.0714285619537391,
2023-02-23,-26.0,12.042262006311054,-1.0795314030858172,
2023-02-24,-26.0,12.00799329157455,-1.0826121970872098,
2023-02-27,-26.5,12.161886627890652,-1.089469126411193,
2023-02-28,-26.0,11.97710901161275,-1.0854038305400306,
2023-03-01,-25.0,11.590351225068982,-1.0784832795199097,
2023-03-02,-24.5,11.315147566135485,-1.0826195529842126,
2023-03-03,-25.0,11.399779882840093,-1.096512400104852,
2023-03-06,-25.0,11.498009891208659,-1.0871446553161743,
2023-03-07,-24.5,11.297259184693754,-1.084333801653155,
2023-03-08,-24.5,11.277812100072772,-1.0862035908472845,
2023-03-09,-24.0,10.994575521496145,-1.0914473211392373,
2023-03-10,-2.0,11.552105841389277,-0.08656430383603014,
2023-03-13,-25.5,11.743026852718614,-1.0857507318948405,
2023-03-14,-26.5,12.302453506095858,-1.0770209367940007,
2023-03-15,-27.0,12.503171112803297,-1.0797260853429371,
2023-03-16,-27.0,12.52169460474592,-1.0781288336870385,
2023-03-17,-28.5,13.13353784726407,-1.0850084848210575,
2023-03-20,-28.0,13.058820858173778,-1.0720722913690266,
2023-03-21,-27.5,12.763547939732796,-1.0772866655043767,
2023-03-22,-27.0,12.58490165832331,-1.0727139843060647,
2023-03-23,-28.0,13.064551539871644,-1.0716020337378949,
2023-03-24,-28.5,13.317083572737957,-1.0700541092324345,
2023-03-27,-28.0,12.96586331754239,-1.0797584130829496,
2023-03-28,9.5,12.753123080575076,0.372457787005519,
2023-03-29,-27.0,12.433257146248286,-1.0857975381031673,
2023-03-30,-27.0,12.479095921516265,-1.0818091378497627,
2023-03-31,355.0,12.097553355693675,14.67238827398601,
2023-04-03,-26.0,12.059335258858413,-1.0780030342427542,
2023-04-04,-25.5,11.72473988322567,-1.0874441673747617,
2023-04-05,163.5,11.453329891566694,7.137662214741067,
2023-04-06,-25.0,11.412020613597646,-1.095336261932966,
2023-04-10,-2.0,11.4459834269121,-0.08736689218409782,
2023-04-11,-24.5,11.356091753561236,-1.0787161873853686,
2023-04-12,350.5,10.941370914021148,16.017188465425356,
2023-04-13,-24.0,11.02680870587678,-1.0882568402229154,
2023-04-14,-2.0,11.201679512599867,-0.0892723273215575,
2023-04-17,-24.0,11.105130975985592,-1.0805815821487856,
2023-04-18,-23.5,10.773514477700907,-1.090637602457418,
2023-04-19,-23.0,10.574513443579415,-1.0875204860591026,
2023-04-20,-2.0,10.341512483323744,-0.09669765439171059,
2023-04-21,-2.0,10.239440163086334,-0.09766158931276803,
2023-04-24,-22.0,10.006265865723023,-1.0993111863718377,
2023-04-25,-22.0,9.887068303885664,-1.112564378226956,
2023-04-26,-22.0,10.085313425036688,-1.0906949081713824,
2023-04-27,-22.0,10.092612466105496,-1.0899061107262196,
2023-04-28,-23.5,10.695818718526532,-1.0985601298241425,
2023-05-01,-23.0,10.474688810060352,-1.097884644454057,
2023-05-02,-22.0,10.100603895056041,-1.0890437952313117,
2023-05-03,-22.0,10.104132188266325,-1.0886635086557976,
2023-05-04,-22.5,10.173479889104444,-1.1058163109014925,
2023-05-05,337.5,9.909302754168413,17.02945244346422,
2023-05-08,-22.5,10.312209700299242,-1.0909398011634253,
2023-05-09,-22.0,9.980980435992151,-1.1020961388054813,
2023-05-10,-21.5,9.639481833421286,-1.1152051724116965,
2023-05-11,-21.0,9.609875988176908,-1.0926259623868422,
2023-05-12,-20.5,9.311849131878558,-1.1007480742906088,
2023-05-15,-20.5,9.277967051030089,-1.1047678811127046,
2023-05-16,-2.0,9.074183690242227,-0.1102027503669926,
2023-05-17,-19.5,8.85459914093921,-1.1011226871830828,
2023-05-18,427.0,8.913199202300696,23.953240038087657,
2023-05-19,-20.5,9.192613544993504,-1.1150256616174592,
2023-05-22,-2.0,8.94581972035111,-0.11178405459312693,
2023-05-23,-19.5,8.66308259746889,-1.1254654322294788,
2023-05-24,-19.5,8.74071955479254,-1.1154688053861734,
2023-05-25,-19.5,8.684239586593073,-1.1227235157183217,
2023-05-26,532.5,9.415722473264998,28.27717158784047,
2023-05-29,-22.5,10.136920868031783,-1.1098044609856301,
2023-05-30,-21.5,9.695890806029514,-1.1087171065617794,
2023-05-31,-21.5,9.79886289131312,-1.097066069730405,
2023-06-01,-21.5,9.673944113362182,-1.1112323860907476,
2023-06-02,-22.0,9.969555248122028,-1.1033591495540465,
2023-06-05,-21.5,9.827087016113312,-1.0939152143838151,
2023-06-06,-21.5,9.665330800676648,-1.112222666941458,
2023-06-07,-21.0,9.4008428863426,-1.1169211236637342,
2023-06-08,-22.0,10.048996965889557,-1.0946366127224976,
2023-06-09,-2.0,10.029425754040304,-0.09970660579417072,
2023-06-12,-22.0,9.996073914465997,-1.1004320390309592,
2023-06-13,-2.0,10.203497206289855,-0.0980056131522787,
2023-06-14,-22.0,10.071104548697724,-1.0922337214166236,
2023-06-15,450.0,10.208882795219315,22.03963004701793,
2023-06-16,-2.0,10.645748309846507,-0.09393421400683277,
2023-06-19,10.219178082191782,10.660337716286042,0.47930836499577817,
2023-06-20,-22.0,10.056920736551325,-1.0937741569366362,
2023-06-21,221.0,9.996604969654802,11.053752782612529,
2023-06-22,409.0,10.17988318610803,20.088639158361932,
2023-06-23,-22.5,10.359891529957459,-1.085918705564497,
2023-06-26,-2.0,10.43507784924621,-0.0958306219126325,
2023-06-27,-23.5,10.757572288585768,-1.0922538733453122,
2023-06-28,-24.0,10.996317125115356,-1.0912744570263668,
2023-06-29,-24.0,10.901937330464259,-1.1007217924897923,
2023-06-30,122.0,10.538406092573956,5.788351622071629,
2023-07-03,-23.5,10.76244851453296,-1.0917589974189899,
2023-07-04,-22.887900355871885,10.286559334923462,-1.1125148657902622,
2023-07-05,-2.0,9.651805096714645,-0.10360756252116898,
2023-07-06,-21.0,9.460604732663597,-1.1098656266388338,
2023-07-07,-21.5,9.671454394616198,-1.1115184502120172,
2023-07-10,-21.5,9.650279080715043,-1.1139574213436605,
2023-07-11,-21.0,9.502044860663968,-1.10502530286584,
2023-07-12,-21.0,9.427791656330827,-1.1137284724518894,
2023-07-13,-21.5,9.644556538021483,-1.1146183816353354,
2023-07-14,-2.0,9.989588213877092,-0.10010422637950626,
2023-07-17,-22.0,9.969796198600157,-1.1033324835210265,
2023-07-18,-22.0,9.89963218441443,-1.1111523938553942,
2023-07-19,-22.5,10.25233702838483,-1.097310785711884,
2023-07-20,-22.0,10.061098669214484,-1.0933199605385462,
2023-07-21,-23.5,10.806734478556308,-1.087284972469288,
2023-07-24,-23.5,10.738396301516572,-1.0942043551084588,
2023-07-25,-23.0,10.453510851408245,-1.1001088690170324,
2023-07-26,-22.5,10.322902933450514,-1.089809724311686,
2023-07-27,-22.5,10.190909866775478,-1.1039249828592224,
2023-07-28,170.0,10.865666304862943,7.822806040155875,
2023-07-31,-24.5,11.268118711658447,-1.0871379964541605,
2023-08-01,-23.5,10.837360232254273,-1.084212367974031,
2023-08-02,312.5,10.54451307280754,14.818133271885404,
2023-08-03,-24.5,11.229726424749858,-1.0908547133438176,
2023-08-04,-24.0,11.042781680124868,-1.086682717054704,
2023-08-07,-24.5,11.231690131544521,-1.0906639923759582,
2023-08-08,-2.0,10.990140836434199,-0.09099064469536448,
2023-08-09,346.0,11.164059348117469,15.49615552958987,
2023-08-10,-2.0,11.159483680394793,-0.08960988058585724,
2023-08-11,-25.0,11.456127703223737,-1.0911191219073544,
2023-08-14,-24.5,11.2208685815649,-1.0917158427580098,
2023-08-15,-24.5,11.271163682881692,-1.086844299724343,
2023-08-16,-24.5,11.172330562675858,-1.096458785503929,
2023-08-17,393.0,11.109128379627583,17.688156377808227,
2023-08-18,-24.5,11.219190638225612,-1.0918791198949995,
2023-08-21,-2.0,11.108891306923784,-0.09001798400680497,
2023-08-22,235.0,11.256470499286372,10.438440717936334,
2023-08-23,-24.0,11.024758320765917,-1.0884592342851767,
2023-08-24,-24.5,11.245311297854066,-1.089342898167493,
2023-08-25,-26.5,12.174217633721632,-1.0883656263297392,
2023-08-28,-26.5,12.36534494559866,-1.0715430955054939,
2023-08-29,-26.0,12.014248878055898,-1.082048501903817,
2023-08-30,-27.0,12.469481101051906,-1.0826432864845643,
2023-08-31,-2.0,12.10648245097677,-0.08260037579448343,
2023-09-01,-25.5,11.663162275907002,-1.0931855099313945,
2023-09-04,-25.0,11.539900684770787,-1.0831982303362677,
2023-09-06,-23.5,10.68504191697073,-1.0996681240283979,
2023-09-07,-23.5,10.719146065758537,-1.0961694082641942,
2023-09-08,-23.5,10.812421346775784,-1.0867131073747693,
2023-09-11,-23.0,10.522248393434657,-1.092922308047338,
2023-09-12,-23.0,10.486730651046466,-1.0966239510359141,
2023-09-13,-23.0,10.417142747400291,-1.1039495453654935,
2023-09-14,-22.5,10.264132551157413,-1.0960497581192497,
2023-09-15,-22.5,10.186337368931884,-1.1044205186362925,
2023-09-18,-23.0,10.58642041400818,-1.086297308274566,
2023-09-19,-2.0,10.25167609872188,-0.09754502486912109,
2023-09-20,-22.0,10.107806377384605,-1.0882677793088325,
2023-09-21,-23.0,10.41349877899999,-1.104335847543485,
2023-09-22,-23.5,10.716106009071419,-1.0964803810314463,
2023-09-25,-2.0,10.575669865566319,-0.09455665813244926,
2023-09-26,-2.0,10.380086303740153,-0.09633831268239841,
2023-09-27,-23.0,10.604722996330143,-1.084422478925633,
2023-09-28,-23.5,10.68831421087799,-1.099331453789175,
2023-09-29,-24.0,10.958791767243849,-1.095011225221776,
2023-10-02,-2.0,11.067985212440718,-0.09035068088778911,
2023-10-03,-24.0,10.985450554409237,-1.0923539221778713,
2023-10-04,-25.0,11.402561229094292,-1.0962449355768886,
2023-10-05,-2.0,11.432735427016128,-0.08746813099837417,
2023-10-09,-26.5,12.190789730437379,-1.086886107707857,
2023-10-10,-26.5,12.260197606834708,-1.0807329885623953,
2023-10-11,-26.0,12.11125492063223,-1.0733817498840472,
2023-10-12,-25.5,11.7256295691585,-1.0873616571971423,
2023-10-13,377.0,11.789870314218607,15.988301395704804,
2023-10-16,-26.0,12.03523672034585,-1.0801615541157736,
2023-10-17,-26.0,11.944326954606861,-1.0883827987466443,
2023-10-18,-26.0,12.016160743563514,-1.0818763394925024,
2023-10-19,-26.0,12.09268497616612,-1.0750300719502854,
2023-10-20,-26.5,12.250350335011397,-1.08160172057542,
2023-10-23,-2.0,12.211932453939156,-0.08188712177796512,
2023-10-24,-27.0,12.552151564372075,-1.0755128258902076,
2023-10-25,-2.0,12.269855024059783,-0.08150055547022474,
2023-10-26,-27.5,12.804151093769798,-1.0738704892892454,
2023-10-27,-28.0,13.089568872786243,-1.0695539429955239,
2023-10-30,-28.0,12.916206810444368,-1.0839095568428998,
2023-10-31,-2.0,12.745406323984056,-0.07845964064073968,
2023-11-01,405.0,12.522520157985197,16.170866362780217,
2023-11-02,-27.0,12.601268718129111,-1.0713206980958916,
2023-11-03,-27.5,12.650285238262747,-1.0869320130751674,
2023-11-06,-27.0,12.564550578386836,-1.074451482826795,
2023-11-07,-26.0,12.093868394216349,-1.0749248773218825,
2023-11-08,-26.0,11.902342080343752,-1.0922220107813054,
2023-11-09,-25.0,11.519139074604913,-1.0851505411161753,
2023-11-10,-25.0,11.471343426418848,-1.0896718488274115,
2023-11-13,-26.0,11.886783181674645,-1.0936516466491586,
2023-11-14,-25.0,11.509155811555027,-1.0860918215608983,
2023-11-15,-26.0,12.012073253586813,-1.0822444823268282,
2023-11-16,-25.5,11.67103230690204,-1.0924483511591239,
2023-11-17,-24.5,11.230244284980465,-1.0908044107627628,
2023-11-20,-23.5,10.83879826462472,-1.0840685206172005,
2023-11-21,-23.5,10.857455531437239,-1.0822056757201024,
2023-11-22,-23.5,10.695315850620295,-1.098611781466794,
2023-11-23,-23.0,10.592079004147417,-1.0857169773277824,
2023-11-24,-22.0,9.931037646708317,-1.1076385360039387,
2023-11-27,-21.0,9.510070671943437,-1.1040927414952917,
2023-11-28,-20.5,9.255779909661763,-1.1074161334908588,
2023-11-29,-20.0,8.998224201828782,-1.1113303887191008,
2023-11-30,-2.0,9.051922473126726,-0.11047376985041485,
2023-12-01,-20.0,9.10357086790339,-1.0984700558829246,
2023-12-04,-20.0,9.117601520196004,-1.0967796714793285,
2023-12-05,205.0,9.55116569732486,10.731674357686908,
2023-12-06,-21.0,9.5037610046588,-1.1048257626483702,
2023-12-07,-21.5,9.666885218611744,-1.1120438235164853,
2023-12-08,-21.5,9.872821988710905,-1.0888477491331359,
2023-12-11,-21.5,9.7801204180887,-1.0991684703715376,
2023-12-12,-21.5,9.717254673939507,-1.106279536835665,
2023-12-13,-21.5,9.677629340086686,-1.1108092304663229,
2023-12-14,-21.5,9.809584387223351,-1.095867018994353,
2023-12-15,-22.0,9.99907835956454,-1.1001013897923937,
2023-12-18,-21.5,9.755394191024216,-1.1019544458686155,
2023-12-19,-21.0,9.60947317737963,-1.0926717631843377,
2023-12-20,-2.0,9.241832236138228,-0.10820365209505879,
2023-12-21,-2.0,9.700451362128355,-0.10308798659659402,
2023-12-22,-21.5,9.728097693404901,-1.1050464683643022,
2023-12-26,104.0,9.552876429590265,5.443386647285497,
2023-12-27,-20.5,9.338385256048104,-1.097620168686174,
2023-12-28,-20.0,8.929393452044668,-1.1198968948680588,
2023-12-29,-19.0,8.581758205470049,-1.1069992619862745,
2024-01-02,-19.0,8.573239762222189,-1.1080991857782354,
2024-01-03,-21.0,9.37693692206346,-1.1197686501755204,
2024-01-04,-21.0,9.417869999058928,-1.1149017772648384,
2024-01-05,-20.5,9.27284357055472,-1.1053782932937823,
2024-01-08,509.5,9.23014045837224,27.599796682284275,
2024-01-09,-21.5,9.81191613991708,-1.0956065916897295,
2024-01-10,-21.5,9.853922129923005,-1.0909361631097034,
2024-01-11,-21.5,9.798284834928504,-1.097130791878887,
2024-01-12,-22.5,10.135907346719327,-1.1099154338305264,
2024-01-16,-20.5,9.320119089773296,-1.0997713549869803,
2024-01-17,-20.5,9.292789154789489,-1.1030057638526283,
2024-01-18,-21.0,9.62455421516167,-1.0909596190397297,
2024-01-19,-21.5,9.854943199792979,-1.0908231313018448,
2024-01-22,-22.5,10.361732971236338,-1.0857257209030042,
2024-01-23,-22.5,10.160894901862314,-1.1071859426415358,
2024-01-24,-22.0,9.897616694586436,-1.111378662099182,
2024-01-25,-22.5,10.13350121640169,-1.1101789756329419,
2024-01-26,-22.5,10.159679700944428,-1.1073183733296452,
2024-01-29,-22.0,9.914345436591255,-1.1095034029580892,
2024-01-30,-22.0,9.90796361969188,-1.110218045021655,
2024-01-31,-21.5,9.770787646856746,-1.1002183640188175,
2024-02-01,-22.5,10.33448138636698,-1.0885887331357287,
2024-02-02,-2.0,10.362375573055052,-0.09650296816111041,
2024-02-05,-23.5,10.819527317836835,-1.0859993837835418,
2024-02-06,134.0,10.729739652277061,6.244326719127923,
2024-02-07,-23.5,10.702615391400128,-1.097862491577664,
2024-02-08,-23.5,10.701535720585833,-1.0979732541935365,
2024-02-09,-22.5,10.253211740543989,-1.0972171729873128,
2024-02-12,-22.5,10.254768044790847,-1.097050654959934,
2024-02-13,-22.5,10.183891755877216,-1.1046857399586483,
2024-02-14,-24.0,10.961828059028845,-1.0947079205567407,
2024-02-15,-2.0,10.916340340526785,-0.09160579175857239,
2024-02-16,-23.5,10.68124460191773,-1.1000590696977752,
2024-02-19,-23.5,10.679012844637892,-1.1002889659318902,
2024-02-20,-22.5,10.13229764144947,-1.1103108493357126,
2024-02-21,-23.0,10.60945495277451,-1.0839388122377203,
2024-02-22,-23.5,10.707886741862046,-1.097322028450661,
2024-02-23,-26.0,11.907323403157614,-1.0917650894198967,
2024-02-26,-25.5,11.766621731503498,-1.0835735431065692,
2024-02-27,-24.5,11.260077322110392,-1.0879143765687813,
2024-02-28,-24.0,10.897750370531078,-1.1011446942709888,
2024-02-29,-23.5,10.625589629778858,-1.1058209858839188,
2024-03-01,-23.0,10.621083227651798,-1.082752084086862,
2024-03-04,-24.0,10.954398711390956,-1.0954503589066713,
2024-03-05,-23.0,10.50854880343446,-1.094347108731275,
2024-03-06,-2.0,11.279366746046286,-0.08865745945804326,
2024-03-07,-24.5,11.339769121328693,-1.0802689075000016,
2024-03-08,-25.5,11.65746418409093,-1.093719851818208,
2024-03-11,-26.5,12.339073885227293,-1.0738245125400614,
2024-03-12,-26.0,11.968425750568201,-1.0861913062695672,
2024-03-13,-26.5,12.245681054099045,-1.0820141355522872,
2024-03-14,-2.0,12.06384669309197,-0.08289230006318155,
2024-03-15,-26.0,12.04767907215683,-1.0790460072964643,
2024-03-18,-26.5,12.158559138431343,-1.0897672864968662,
2024-03-19,-27.0,12.441876342829104,-1.0850453442885042,
2024-03-20,-27.0,12.396028032627026,-1.0890585245908817,
2024-03-21,-27.0,12.41416888743938,-1.0874670807531273,
2024-03-22,-26.5,12.329228252622283,-1.0746820261991565,
2024-03-25,-26.0,11.898569091720692,-1.0925683500082133,
2024-03-26,-25.0,11.610278442312072,-1.0766322325608884,
2024-03-27,25.5,11.385437125004067,1.1198516016569233,
2024-03-28,-24.5,11.262370187503777,-1.087692891998174,
2024-04-01,-2.0,10.779343745539222,-0.0927700260429886,
2024-04-02,-23.5,10.69689062085785,-1.09845004651059,
2024-04-03,-24.0,10.981934147939432,-1.0927036930240188,
2024-04-04,-24.0,10.955545994515187,-1.0953356415104925,
2024-04-05,-26.0,11.95425699490696,-1.0874787120218825,
2024-04-08,-26.5,12.29056006669932,-1.0780631580736695,
2024-04-09,-26.0,11.907305776220797,-1.0917667056103777,
2024-04-10,-26.0,11.929105363633598,-1.0897715799904888,
2024-04-11,-26.0,11.985954980516913,-1.084602772255645,
2024-04-12,-27.0,12.377136767622849,-1.0907207582382406,
2024-04-15,-27.5,12.785912712792644,-1.075402304775846,
2024-04-16,-29.5,13.64941894759317,-1.0806320808697059,
2024-04-17,499.5,13.281603308479374,18.804205651929998,
2024-04-18,-2.0,13.56238164358799,-0.07373336234589586,
2024-04-19,-29.0,13.395425811903133,-1.0824590575624216,
2024-04-22,-30.0,13.980573968195765,-1.0729173232889662,
2024-04-23,330.0,14.051604399038926,11.742431349069673,
2024-04-24,-30.5,14.143454084821862,-1.0782373180230165,
2024-04-25,-30.0,13.948385935906016,-1.0753932439872425,
2024-04-26,-30.5,14.202072654769871,-1.0737869303096528,
2024-04-29,-31.0,14.38138889371488,-1.0777818550455853,
2024-04-30,-30.0,13.91753968702096,-1.0777767002876597,
2024-05-01,-30.5,14.143072566519464,-1.0782664041547052,
2024-05-02,-2.0,14.539995954625219,-0.06877581005666626,
2024-05-03,-31.0,14.570174815009132,-1.063817023254452,
2024-05-06,-32.0,14.965162328222764,-1.0691497792727338,
2024-05-07,-31.0,14.598900733349709,-1.0617237751738267,
2024-05-08,160.5,13.912372109539016,5.768247094611321,
2024-05-09,-2.0,13.503452673143371,-0.0740551342094064,
2024-05-10,-28.0,13.004991767918847,-1.0765097164102535,
2024-05-13,-27.5,12.645706641638931,-1.087325555594096,
2024-05-14,-26.0,12.104049024379007,-1.0740207655980607,
2024-05-15,-25.5,11.837688379780507,-1.0770683929962015,
2024-05-16,-26.0,12.048389209796184,-1.0789824078251131,
2024-05-17,-25.0,11.605647123382171,-1.0770618705798796,
2024-05-20,154.0,11.248100900283447,6.845600042408904,
2024-05-21,-24.0,11.013415121691772,-1.0895802861698252,
2024-05-22,-23.5,10.693706898713788,-1.0987770762085558,
2024-05-23,-23.0,10.481656405948518,-1.0971548345616018,
2024-05-24,-24.0,11.022252376952196,-1.0887066989222909,
2024-05-27,-24.0,11.053698635741327,-1.0856094774647536,
2024-05-28,-23.0,10.55611301890266,-1.089416149619385,
2024-05-29,-22.5,10.2708549461239,-1.0953323807036743,
2024-05-30,-22.5,10.187222449972193,-1.1043245649387687,
2024-05-31,-23.0,10.404206560688465,-1.105322153392447,
2024-06-03,-24.0,11.054798949210719,-1.0855014238731828,
2024-06-04,-25.0,11.407134738552811,-1.0958054135850277,
2024-06-05,-24.5,11.254839400084753,-1.0884206841643385,
2024-06-06,-25.5,11.800029442935843,-1.080505778537092,
2024-06-07,-24.5,11.308955911297568,-1.0832122873308168,
2024-06-10,-24.0,11.081530489062027,-1.0828829115115952,
2024-06-11,-23.5,10.832849739843311,-1.0846638033557692,
2024-06-12,-24.0,10.962646186997361,-1.0946262239342386,
2024-06-13,-25.0,11.417992887926122,-1.0947633373653647,
2024-06-14,-24.5,11.214029110217114,-1.0923816836572158,
2024-06-17,-24.0,10.896062745201606,-1.1013152439200613,
2024-06-18,-25.0,11.429379691972919,-1.0936726521369309,
2024-06-19,15.694871794871794,10.979066856831997,0.7147634675849192,
2024-06-20,-23.0,10.384133509915426,-1.1074587965398437,
2024-06-21,-23.5,10.731695402064325,-1.0948875792486428,
2024-06-24,-23.0,10.53121715905973,-1.0919915358603018,
2024-06-25,-23.5,10.689701647698321,-1.0991887694573759,
2024-06-26,-23.5,10.770794387148442,-1.0909130355343086,
2024-06-27,-23.0,10.41573764520927,-1.1040984701923093,
2024-06-28,-22.5,10.253006384837178,-1.097239148961932,
2024-07-01,-23.5,10.831363071634524,-1.0848126798344733,
2024-07-02,-24.0,10.99430142366063,-1.0914745319038666,
2024-07-03,-24.5,11.217922750542014,-1.0920025277770895,
2024-07-04,15.141242937853107,11.199678268360442,0.6759677633163691,
2024-07-05,-23.0,10.57737982062041,-1.0872257775579695,
2024-07-08,-23.5,10.744174119147523,-1.0936159326625174,
2024-07-09,-22.5,10.333875967779845,-1.0886525089982262,
2024-07-10,-22.5,10.152884827224142,-1.1080594522094875,
2024-07-11,-22.5,10.275000196708131,-1.0948904899879452,
2024-07-12,-25.0,11.416071611228979,-1.0949475814171363,
2024-07-15,-25.5,11.728316496141197,-1.0871125454531307,
2024-07-16,-26.0,11.92897246070254,-1.0897837213411075,
2024-07-17,-25.5,11.862617284938073,-1.0748049687305208,
2024-07-18,-28.5,13.200108907442496,-1.0795365477602652,
2024-07-19,-29.5,13.651886842625174,-1.0804367315693093,
2024-07-22,-29.5,13.828537782437662,-1.0666348266215537,
2024-07-23,-30.0,14.030070797977828,-1.0691321673274785,
2024-07-24,753.5,13.67345859812227,27.553379951122082,
2024-07-25,-33.0,15.39678298397068,-1.0716524365627456,
2024-07-26,-34.0,16.10861991368706,-1.0553355961646074,
2024-07-29,-34.0,16.05353991985227,-1.0589564722094291,
2024-07-30,640.0,15.849715639862822,20.189636664217755,
2024-07-31,-35.0,16.56312880844405,-1.0565636603078474,
2024-08-01,-37.5,17.6461196078409,-1.0625565516210487,
2024-08-02,-40.5,19.291932492995127,-1.0496615622801264,
2024-08-05,-42.5,20.205008743495473,-1.0517194161987649,
2024-08-06,-47.0,22.518043833245798,-1.0436075253261758,
2024-08-07,-47.5,22.756933559442526,-1.0436379724870894,
2024-08-08,-48.5,23.298402590910918,-1.0408438907077826,
2024-08-09,-49.5,23.715480977274424,-1.043622097469451,
2024-08-12,-48.0,22.98580376461197,-1.0441227222582248,
2024-08-13,-46.5,22.207353495711114,-1.046950506934122,
2024-08-14,-46.5,22.28986396030318,-1.0430750067118741,
2024-08-15,444.5,21.690587963138668,10.246379691398648,
2024-08-16,-46.0,21.912688822914475,-1.0496201623576429,
2024-08-19,-44.0,21.055532478420588,-1.044856026440907,
2024-08-20,-43.5,20.73817301567626,-1.048790555636646,
2024-08-21,-42.0,19.906874943127956,-1.0549119367050328,
2024-08-22,-40.5,19.235848161475957,-1.0527219714987721,
2024-08-23,-41.0,19.587751864227677,-1.0465723755383243,
2024-08-26,-40.5,19.327019588211414,-1.0477559619358776,
2024-08-27,-40.0,19.003661046196314,-1.052428789977977,
2024-08-28,-39.0,18.54893525718229,-1.051273279551151,
2024-08-29,-39.0,18.5740113102407,-1.049853996225832,
2024-08-30,-39.0,18.520510502366363,-1.0528867439970668,
2024-09-02,-38.5,18.134224037911626,-1.0615287403395768,
2024-09-03,816.5,17.134458035203654,23.82625695900207,
2024-09-04,-39.0,18.53913960411768,-1.0518287480649267,
2024-09-05,-38.5,18.202415346680706,-1.0575519585377622,
2024-09-06,-38.0,18.004028536203514,-1.0553193670957437,
2024-09-09,-39.5,18.66534792647469,-1.058110466399978,
2024-09-10,-38.5,18.30264450315507,-1.0517605800998662,
2024-09-11,-38.0,18.026562752929706,-1.0540001585666734,
2024-09-12,-41.0,19.405022556291872,-1.0564275274883972,
2024-09-13,-40.0,19.085020945128168,-1.047942260975375,
2024-09-16,-38.5,18.361090877619013,-1.048412653055626,
2024-09-17,-38.0,17.897798672074796,-1.0615830666172887,
2024-09-18,-37.0,17.60420590978374,-1.050885231336587,
2024-09-20,-39.0,18.52492754466047,-1.052635696036532,
2024-09-23,-38.0,18.001718434327582,-1.0554547927918252,
2024-09-24,-36.0,17.101595689018467,-1.052533361641711,
2024-09-25,-35.5,16.81487456837429,-1.0556129888345709,
2024-09-26,215.5,16.097740670633268,6.693485887529907,
2024-09-27,-34.0,16.124687765588035,-1.0542839803868935,
2024-09-30,-33.5,15.72292435376032,-1.0653234489418657,
2024-10-01,391.5,15.423965471348868,12.691288784561907,
2024-10-02,-34.0,15.937432223395376,-1.0666712028456395,
2024-10-03,-33.5,15.71600849315285,-1.0657922466316838,
2024-10-04,-33.0,15.431829315070505,-1.069218668967932,
2024-10-07,-32.5,15.249198649708328,-1.0656297667360255,
2024-10-08,320.5,15.15729160330059,10.572469290298843,
2024-10-09,-32.5,15.25498506020769,-1.0652255597671993,
2024-10-10,-32.0,15.037664698764283,-1.0639949965977626,
2024-10-11,-31.5,14.70193864885255,-1.0712872891242304,
2024-10-14,-2.0,14.29287160250594,-0.06996494670984604,
2024-10-15,-30.0,14.094273630898375,-1.0642620111416052,
2024-10-16,-2.0,14.534861228691348,-0.06880010646582797,
2024-10-17,-2.0,14.114513998070535,-0.07084905651988448,
2024-10-18,-30.0,13.9268701410655,-1.0770546323807682,
2024-10-21,-2.0,13.524057988132249,-0.07394230347707241,
2024-10-22,-2.0,13.306268131837086,-0.07515255142103756,
2024-10-23,-28.5,13.187070408134439,-1.0806039217937211,
2024-10-24,-30.0,13.890672521839122,-1.079861322510971,
2024-10-25,-2.0,13.577945913136327,-0.07364884249778346,
2024-10-28,-29.5,13.77684263362659,-1.0706371838782656,
2024-10-29,-28.5,13.295461016938976,-1.0717943501052654,
2024-10-30,-29.0,13.468106658586192,-1.0766175504524946,
2024-10-31,-28.5,13.16592046868718,-1.0823398207433437,
2024-11-01,52.0,14.101390435209524,1.8437898106190322,
2024-11-04,-30.0,14.082541118408844,-1.0651486740835319,
2024-11-05,-29.5,13.84003818137964,-1.0657485049314837,
2024-11-06,-2.0,13.878249739852524,-0.07205519562949055,
2024-11-07,-32.0,14.993196187005916,-1.0671507129258166,
2024-11-08,-32.5,15.205289316505494,-1.0687070572449062,
2024-11-11,98.0,14.489732936755102,3.381704839825246,
2024-11-12,-30.5,14.149394869844024,-1.0777846077715767,
2024-11-13,-29.5,13.842295236283736,-1.0655747293510232,
2024-11-14,-29.0,13.610702719406326,-1.0653380871603126,
2024-11-15,481.0,13.365295382305874,17.99436474246537,
2024-11-18,-31.0,14.56509571214117,-1.0641879948018131,
2024-11-19,-30.5,14.355088875559659,-1.0623410368405295,
2024-11-20,-2.0,14.345796813019684,-0.06970682862958433,
2024-11-21,-2.0,14.350561326375422,-0.06968368534560829,
2024-11-22,-31.5,14.723735517348608,-1.069701366303556,
2024-11-25,-30.5,14.235432980395135,-1.0712705416830042,
2024-11-26,-30.5,14.292723481795484,-1.0669764946774343,
2024-11-27,138.0,13.795921804524378,5.001478043849989,
2024-11-28,-30.0,13.934605961344065,-1.0764567036636299,
2024-11-29,-28.5,13.272312678390918,-1.0736636745456491,
2024-12-02,-28.0,13.081433201362996,-1.0702191254197817,
2024-12-04,-27.5,12.725189852195646,-1.0805339770728473,
2024-12-05,-27.5,12.778747719895957,-1.0760052785604215,
2024-12-06,273.5,12.252587168474818,11.160908151043369,
2024-12-09,-26.0,12.069366656440902,-1.0771070570685215,
2024-12-10,-26.0,12.001911895266552,-1.0831607591726353,
2024-12-11,-26.0,12.051775331318943,-1.0786792520282804,
2024-12-12,-27.5,12.662362807653304,-1.0858952794883838,
2024-12-13,-2.0,12.354336892820925,-0.08094323545451457,
2024-12-16,-27.0,12.417419971905145,-1.087182364013155,
2024-12-17,-27.5,12.798318545340493,-1.0743598818304134,
2024-12-18,-27.0,12.470760077816172,-1.0825322527064496,
2024-12-19,-31.5,14.871955786543587,-1.0590402651849518,
2024-12-20,-32.0,15.005208944647618,-1.0662963814114181,
2024-12-23,-34.5,16.261086877172787,-1.0608147001671484,
2024-12-24,355.0,16.171009243089017,10.97643303097226,
2024-12-26,-34.0,16.0668300114398,-1.0580805291333617,
2024-12-27,-33.5,15.654913582051245,-1.0699516105412616,
2024-12-30,-34.5,16.352776897619016,-1.0548667121185773,
2024-12-31,-35.5,16.7918642620748,-1.0570595213831733,
2025-01-02,-2.0,16.687088243355173,-0.05992657229449252,
2025-01-03,-36.5,17.1389033688298,-1.0648289220879166,
2025-01-06,-36.5,17.308445985341958,-1.0543985297961134,
2025-01-07,-37.0,17.45962841496039,-1.0595872695748874,
2025-01-08,-38.0,18.09286924246322,-1.0501374737959075,
2025-01-10,-37.5,17.74873572514442,-1.0564132730556746,
2025-01-13,-38.5,18.214897459062676,-1.0568272505109446,
2025-01-14,-38.0,18.03347621198677,-1.053596088555061,
2025-01-15,-38.0,18.01769219684486,-1.054519068947529,
2025-01-16,-39.0,18.622678468498798,-1.0471103838787335,
2025-01-17,-38.5,18.201415720748884,-1.05761003953422,
2025-01-20,-39.0,18.415600312123967,-1.0588848405426194,
2025-01-21,-37.5,17.735914575543685,-1.0571769456904496,
2025-01-22,-36.5,17.348527820147705,-1.0519624598235575,
2025-01-23,-37.0,17.462918690137155,-1.0593876274788232,
2025-01-24,-35.5,16.850388783698786,-1.0533881578549396,
2025-01-27,-35.0,16.4833967277203,-1.061674379927413,
2025-01-28,-2.0,18.211368390025996,-0.05491075566554791,
2025-01-29,-39.0,18.576627790738424,-1.049706126411271,
2025-01-30,-38.0,18.104190091399968,-1.0494808054973732,
2025-01-31,-38.0,17.986926513442825,-1.0563227678614264,
2025-02-03,-38.5,18.238753191054055,-1.0554449527526888,
2025-02-04,430.5,18.60562796312162,11.56908008838234,
2025-02-05,-38.5,18.307904537184363,-1.0514583993434197,
2025-02-06,-38.0,17.95733992738548,-1.0580631695357303,
2025-02-07,-36.5,17.284494218286518,-1.0558596490889507,
2025-02-10,-37.0,17.532923202694626,-1.0551577615509515,
2025-02-11,-2.0,17.37253583107358,-0.05756212044826172,
2025-02-12,-35.5,16.741461843139756,-1.0602419410150565,
2025-02-13,-35.5,16.626893140058343,-1.0675476079915263,
2025-02-14,-35.0,16.589257915768464,-1.0548995071904848,
2025-02-17,-34.0,15.886453778927859,-1.0700940711229823,
2025-02-18,21.0,14.963314223290155,0.7017162002557509,
2025-02-19,-31.0,14.484684635912288,-1.0700957866607888,
2025-02-20,-30.0,14.09917144763284,-1.063892304289867,
2025-02-21,-30.5,14.14923062994478,-1.077797118362436,
2025-02-24,-32.0,15.015357013520154,-1.0655757292745855,
2025-02-25,-32.5,15.346402941125858,-1.0588800556287135,
2025-02-26,-33.5,15.789517016759726,-1.060830421995858,
2025-02-27,-34.0,15.892944372705461,-1.0696570504075882,
2025-02-28,-37.0,17.555055488940788,-1.053827486427172,
2025-03-03,-38.0,18.028801525445015,-1.0538692754027095,
2025-03-04,-41.0,19.61335141648466,-1.0452063782822005,
2025-03-05,-43.0,20.559719172450045,-1.045734127964643,
2025-03-06,-44.0,20.912596374417898,-1.0519975428260218,
2025-03-07,-45.5,21.758125204816622,-1.0455864090240554,
2025-03-10,-46.0,22.063794833044007,-1.0424317382408705,
2025-03-11,-50.0,23.88691663068372,-1.0465980346700117,
2025-03-12,-50.0,23.91552972849203,-1.0453458603601815,
2025-03-13,-2.0,23.581384747885455,-0.0424063307007308,
2025-03-14,-49.0,23.464857265893638,-1.0441145975181767,
2025-03-17,-49.0,23.54236746118695,-1.0406769854557683,
2025-03-18,273.0,23.041126928245024,5.924189403803472,
2025-03-19,-48.0,22.920332147656097,-1.0471052446093942,
2025-03-20,-2.0,22.84298699425209,-0.043777111997289446,
2025-03-21,-2.0,22.4577736375198,-0.04452801137550509,
2025-03-24,-46.5,22.1625755205541,-1.0490657991638832,
2025-03-25,-46.5,22.209891554800237,-1.0468308655462555,
2025-03-26,-44.0,21.100256443743078,-1.0426413564525054,
2025-03-27,-44.5,21.174345269190002,-1.0507999051274157,
2025-03-28,754.0,20.598499178533576,18.30230429568796,
2025-03-31,-44.5,21.173606380066893,-1.0508365745830828,
2025-04-01,-45.0,21.49334878149069,-1.046835475883414,
2025-04-02,655.0,21.32507386852707,15.35750834998728,
2025-04-03,-45.5,21.850961449346563,-1.0411441186575487,
2025-04-04,-50.5,24.15357134582181,-1.045394059473853,
2025-04-07,-2.0,26.561351963977394,-0.037648686006503125,
2025-04-08,-63.5,30.692683966550437,-1.034448470997253,
2025-04-09,-69.0,33.44231368322541,-1.031627187245275,
2025-04-10,-79.5,38.855362705852166,-1.0230248087225573,
2025-04-11,-84.0,40.90319394114844,-1.0268146800572504,
2025-04-14,-82.5,40.13689437392355,-1.0277327292865892,
2025-04-15,-80.0,39.117294775786156,-1.0225655999289665,
2025-04-16,-76.5,37.25355943465858,-1.0267475264233246,
2025-04-17,-77.0,37.60419804646868,-1.0238218603259228,
2025-04-21,-73.5,35.86282675743521,-1.0247379619170947,
2025-04-22,-73.5,35.70566056047555,-1.0292485679618117,
2025-04-23,-72.5,35.26864909187015,-1.0278250211844961,
2025-04-24,-73.0,35.55481701387943,-1.0265838236701261,
2025-04-25,-72.0,34.97947294145947,-1.0291750267434976,
2025-04-28,-69.5,33.62558201706951,-1.0334393612089656,
2025-04-29,343.5,32.53000473013597,5.279741009102587,
2025-04-30,-64.5,31.223397249411978,-1.032879277754036,
2025-05-01,-64.5,31.178868874453983,-1.0343543933508004,
2025-05-02,-63.5,30.677699669135837,-1.0349537397663158,
2025-05-05,-62.0,29.911435407054707,-1.036392923914596,
2025-05-06,-59.0,28.511511449407944,-1.0346698052941203,
2025-05-07,-57.5,27.641046345878806,-1.0401198145773716,
2025-05-08,-56.0,27.005078749744605,-1.0368420051455989,
2025-05-09,-55.0,26.461858839048563,-1.0392316037684963,
2025-05-12,-52.5,25.3636903505451,-1.034944033664086,
2025-05-13,464.5,26.47342675407759,8.772948139939137,
2025-05-14,-54.0,25.99943198592919,-1.0384842259097167,
2025-05-15,-51.5,24.67357970121996,-1.0436264340973116,
2025-05-16,-50.0,23.918324008275675,-1.045223736886835,
2025-05-19,549.0,22.89469372197027,11.989677753871131,
2025-05-20,-47.0,22.481679884686685,-1.0452955526693954,
2025-05-21,-2.0,21.680309892923347,-0.046124801948813896,
2025-05-22,-45.5,21.86653775771454,-1.0404024748716232,
2025-05-23,-44.0,21.103749346449217,-1.0424687878365833,
2025-05-26,-44.0,20.885624393131415,-1.0533561068557311,
2025-05-27,-43.0,20.569686936479172,-1.0452273807760764,
2025-05-28,-42.5,20.156673583873516,-1.054241410993588,
2025-05-29,395.0,19.49726832788255,10.129624144196663,
2025-05-30,-41.0,19.45728487589094,-1.0535899603033032,
2025-06-02,-40.5,19.360335956184446,-1.045952923845382,
2025-06-03,279.5,19.081026245028415,7.324029546702816,
2025-06-04,-39.0,18.610952941812098,-1.0477700986600496,
2025-06-05,-37.5,17.86017058882552,-1.0498219995575637,
2025-06-06,-38.5,18.125515546766554,-1.0620387569298158,
2025-06-09,-37.5,17.8549430077118,-1.0501293670834801,
2025-06-10,-36.0,17.079589935732386,-1.0538894708673312,
2025-06-11,-35.5,16.750690654608643,-1.059657799549681,
2025-06-12,-35.0,16.5381413221366,-1.0581600228905974,
2025-06-13,-34.0,15.923809799126843,-1.0675837135992523,
2025-06-16,-34.0,15.987287670617784,-1.0633448493732574,
2025-06-17,-34.0,16.120338551287944,-1.054568422735872,
2025-06-18,-34.0,15.920671511910236,-1.0677941559991562,
2025-06-19,-2.0,15.55312354677379,-0.06429576650584967,
2025-06-20,-33.0,15.50915043628995,-1.0638880619399729,
2025-06-23,-34.0,15.928139690840666,-1.0672935025661343,
2025-06-24,-34.0,16.057379712923474,-1.0587032444850186,
2025-06-25,-34.5,16.251495447714657,-1.0614407797422578,
2025-06-26,-33.5,15.661210058592182,-1.0695214442137233,
2025-06-27,-32.5,15.366659340121311,-1.0574842352086473,
2025-06-30,-32.0,15.074397958684074,-1.0614022559211198,
2025-07-01,-31.5,14.65033381877807,-1.0750608276114797,
2025-07-02,351.0,14.643167117436779,11.985112140871372,
2025-07-03,-30.5,14.321333751905579,-1.0648449553779062,
2025-07-04,-30.5,14.219809912483752,-1.0724475287543633,
2025-07-07,-29.5,13.814823490163485,-1.0676936994889863,
2025-07-08,-29.0,13.534300383723238,-1.0713520159075338,
2025-07-09,-2.0,13.002386070600151,-0.07690896075306607,
2025-07-10,-2.0,12.86025135127157,-0.07775897785241374,
2025-07-11,-27.0,12.615769111895029,-1.0700893366280186,
2025-07-14,-26.5,12.280714175331099,-1.0789274801799358,
2025-07-15,-26.5,12.20441316280745,-1.085672848275814,
2025-07-16,-26.0,12.005883651178348,-1.082802430683566,
2025-07-17,-26.0,12.092963390379895,-1.075005321718055,
2025-07-18,-2.0,11.99346600535276,-0.0833787330162685,
2025-07-21,87.0,11.638575576398992,3.737570780414954,
2025-07-22,-25.0,11.515284463799063,-1.0855137829461892,
2025-07-23,-25.0,11.55615700209913,-1.081674469958259,
2025-07-24,-24.5,11.366431501949194,-1.0777349072045423,
2025-07-25,75.5,11.005436394667107,3.430122954351222,
2025-07-28,-23.5,10.738083795048029,-1.0942361993318237,
2025-07-29,-22.5,10.351434952544599,-1.0868058439795842,
2025-07-30,-23.0,10.437939598791413,-1.101750004505828,
2025-07-31,-2.0,10.524515341734883,-0.09501625182059528,
2025-08-01,-24.5,11.367407103039536,-1.0776424112341738,
2025-08-04,332.5,12.624199452822426,13.16915188335614,
2025-08-05,-28.5,13.246578063335111,-1.0757495205076575,
2025-08-06,-28.5,13.313786773096888,-1.070319079226574,
2025-08-07,-29.0,13.476194860732825,-1.0759713813763823,
2025-08-08,270.5,13.735038084966195,9.847078629366091,
2025-08-11,-29.0,13.55039250746861,-1.0700797037434888,
2025-08-12,-28.5,13.35750732836371,-1.0668158099933172,
2025-08-13,-29.0,13.574828233480588,-1.0681534786744185,
2025-08-14,-2.0,13.256983359660547,-0.0754319420089855,
2025-08-15,-28.0,12.904698833970508,-1.0848761509370684,
2025-08-18,-27.5,12.652577488686902,-1.0867350950661507,
2025-08-19,-26.0,12.124714810923551,-1.0721901671689527,
2025-08-20,-27.0,12.583663753000442,-1.0728195114702637,
2025-08-21,-28.5,13.23929491350041,-1.076341307683157,
2025-08-22,-28.0,13.112380991107527,-1.0676931984735978,
2025-08-25,-29.5,13.76328234888556,-1.071692030004335,
2025-08-26,-29.0,13.398047895393734,-1.0822472134157035,
2025-08-27,-28.0,13.058901617151324,-1.0720656614498614,
2025-08-28,-27.5,12.733265787354803,-1.0798486601650064,
2025-08-29,327.5,12.649639659686603,12.94503277606067,
2025-09-01,-28.0,13.064843969708988,-1.071578048115935,
2025-09-02,-2.0,12.363783686158348,-0.08088138917534865,
2025-09-03,-28.5,13.184227708575609,-1.080836914757712,
2025-09-04,-28.5,13.129997157963068,-1.0853010726935057,
2025-09-05,-28.5,13.157318789537136,-1.0830474071458827,
2025-09-08,-29.5,13.63536744742734,-1.0817456923599784,
2025-09-09,-28.5,13.364984058325389,-1.066219004662659,
2025-09-10,-28.0,12.996056625587862,-1.0772498461137419,
2025-09-11,-27.5,12.837409723760159,-1.0710883500548223,
2025-09-12,-27.0,12.533844743491576,-1.0770837102486144,
2025-09-15,219.0,12.201070118956464,8.974622630016107,
2025-09-16,90.0,12.073315110459575,3.727228154677648,
2025-09-17,-25.0,11.572542602569605,-1.08014292358055,
2025-09-18,-25.5,11.848610988100347,-1.0760755005633087,
2025-09-19,-26.5,12.219245917521752,-1.0843549667005392,
2025-09-22,-26.0,12.02412120912734,-1.0811600926088374,
2025-09-23,319.5,11.925969694189675,13.395137175120452,
2025-09-24,-26.0,11.89286471603327,-1.0930923970298052,
2025-09-25,-2.0,12.01569580774518,-0.08322447705070991,
2025-09-26,-26.5,12.289574678620525,-1.0781495980532403,
2025-09-29,-26.5,12.186747915861915,-1.0872465805872777,
2025-09-30,-26.5,12.20912306472892,-1.085254029282257,
2025-10-01,-26.0,12.020971417248283,-1.0814433832982049,
2025-10-02,-26.5,12.272152030301978,-1.0796802359752025,
2025-10-03,-26.0,12.021462599566123,-1.0813991968389267,
2025-10-06,-26.0,12.036893842454257,-1.0800128480114077,
2025-10-07,-26.0,12.091401425136096,-1.0751441907283859,
2025-10-08,-26.5,12.227729894769233,-1.0836026076817475,
2025-10-09,22.5,12.422177759428573,0.9056383041581516,
2025-10-10,-26.5,12.156307919469391,-1.0899690998102283,
2025-10-13,-31.5,14.872821639507292,-1.0589786109020916,
2025-10-14,-2.0,15.82029866525677,-0.06320993181981559,
2025-10-15,-35.0,16.570634474881285,-1.0560850899540088,
2025-10-16,-36.0,17.000410583818336,-1.0587979573348136,
2025-10-17,-37.5,17.700381256402743,-1.0592992166887694,
2025-10-20,226.5,17.804818309516833,6.360637779688371,
2025-10-21,-37.5,17.838402715979917,-1.0511030779231965,
2025-10-22,-36.0,17.082981093409924,-1.0536802623368724,
2025-10-23,441.0,17.600268158166354,12.528218207726008,
2025-10-24,-37.0,17.375249004011618,-1.064732942574158,
2025-10-27,-36.5,17.26898121801079,-1.0568081445919955,
2025-10-28,-37.5,17.720303988152875,-1.0581082588953068,
2025-10-29,-37.0,17.420639417570527,-1.0619587235897223,
2025-10-30,-2.0,17.166486602029774,-0.05825303821235962,
2025-10-31,-2.0,17.412630416170508,-0.05742957704261239,
2025-11-03,130.0,17.338513957872614,3.748879526695915,
2025-11-04,-36.0,17.075941532310285,-1.0541146422843657,
2025-11-05,-38.0,17.878552851430978,-1.062725834573309,
2025-11-06,-38.0,18.001513362043053,-1.0554668164767913,
2025-11-07,-2.0,18.655869550468548,-0.053602433126730596,
2025-11-10,-40.5,19.284021725435082,-1.0500921585921479,
2025-11-11,-42.0,20.036055887904006,-1.04811047231496,
2025-11-12,-41.0,19.442409038768005,-1.054396086365798,
2025-11-13,-2.0,19.096522678856005,-0.05236555454712271,
2025-11-14,-42.0,19.95659248750915,-1.0522838512207895,
2025-11-17,-2.0,20.914157309829925,-0.047814501210143766,
2025-11-18,-44.5,21.28546750198493,-1.0453141326553024,
2025-11-19,-2.0,21.593648394700292,-0.04630991399514632,
2025-11-20,-45.5,21.76910208079313,-1.045059181383155,
2025-11-21,-51.0,24.54273764645076,-1.039003894648553,
2025-11-24,-52.5,25.178970671704278,-1.0425366605434483,
2025-11-25,-2.0,25.80815133801112,-0.038747447924608464,
2025-11-26,-53.5,25.869176242438897,-1.0340491614153564,
2025-11-27,-52.0,25.078520796550407,-1.0367437621590643,
2025-11-28,-49.0,23.40148359679681,-1.0469421692286875,
2025-12-01,-47.0,22.43709191131132,-1.0473728098494275,
2025-12-02,-2.0,21.857656774789085,-0.045750558273630386,
2025-12-04,-43.5,20.646206606833445,-1.0534622855513431,
2025-12-05,-42.0,19.97237042063106,-1.0514525595974036,
2025-12-08,-41.0,19.402915390585985,-1.0565422560130477,
2025-12-09,-40.0,19.074135719829844,-1.0485403005289309,
2025-12-10,-38.5,18.339376025556284,-1.04965403256767,
2025-12-11,-38.5,18.25084916658798,-1.0547454435841361,
2025-12-12,685.0,18.410609940403123,18.603403206558866,
2025-12-15,-40.5,19.226816373231472,-1.0532164871659697,
2025-12-16,-40.5,19.218650918000655,-1.053663968735358,
2025-12-17,1013.5,18.818211566714893,26.928701391386454,
2025-12-18,-41.0,19.474053597663833,-1.052682734860052,
2025-12-19,-42.0,19.941085483544988,-1.053102150197832,
2025-12-22,-41.5,19.761365091863205,-1.0500286748178074,
2025-12-23,-40.0,19.11412472815869,-1.0463466302768365,
2025-12-26,-37.0,17.504334587034787,-1.0568810775419415,
2025-12-29,-2.0,16.61473925938945,-0.060187522920943363,
2025-12-30,-34.5,16.20922216943306,-1.0642089928614598,
2025-12-31,-33.0,15.499634871616415,-1.064541206078054,
2026-01-02,-32.5,15.276446666500958,-1.0637290434583786,
2026-01-05,-34.0,16.10848619032232,-1.0553443569522556,
2026-01-06,-34.0,16.10966574815644,-1.0552670841072818,
2026-01-07,-33.5,15.855403909002408,-1.056422157147927,
2026-01-08,-33.0,15.527339344073665,-1.062641810961488,
2026-01-09,-32.5,15.368243676639834,-1.0573752174882847,
2026-01-12,-33.0,15.591940556879846,-1.058239026746384,
2026-01-13,-33.0,15.467516231388428,-1.0667517494836267,
2026-01-14,-32.5,15.218050786289254,-1.0678108667268007,
2026-01-15,-33.5,15.856047158697166,-1.056379300109012,
2026-01-16,-33.5,15.852936647361654,-1.0565865727336796,
2026-01-19,-33.5,15.790226886835823,-1.060782730991936,
2026-01-20,-34.5,16.26235353777612,-1.060732074230809,
2026-01-21,-2.0,16.28557828507783,-0.06140402155177267,
2026-01-22,-36.0,17.000894121857982,-1.0587678430899392,
2026-01-23,-35.5,16.716008827439556,-1.061856342816901,
2026-01-26,148.0,16.5336153397653,4.4757301097976585,
2026-01-27,-34.5,16.18210710121064,-1.0659922031235023,
2026-01-28,-34.0,15.987849451124166,-1.0633074855983626,
2026-01-29,209.5,15.649431633186726,6.693533826357216,
2026-01-30,-35.5,16.813757945101962,-1.0556830934497172,
2026-02-02,-36.0,17.122596663308965,-1.0512424227436936,
2026-02-03,-36.5,17.362946901644037,-1.0510888562512375,
2026-02-04,-39.5,18.741486408669463,-1.0538118252383661,
2026-02-05,-41.5,19.76709452233593,-1.0497243272931907,
2026-02-06,-42.0,19.96676634216908,-1.051747671111309,
2026-02-09,-43.5,20.62539017487129,-1.054525505485897,
2026-02-10,-2.0,20.842326590951913,-0.04797928847512258,
2026-02-11,-42.5,20.242874691598203,-1.0497520892534005,
2026-02-12,1087.5,20.25052649934119,26.85115372272863,
2026-02-13,-44.5,21.20048889224539,-1.049504099320016,
2026-02-16,-44.5,21.174561114227863,-1.0507891936919305,
2026-02-17,-42.5,20.13084246321159,-1.0555941729132117,
2026-02-18,-42.5,20.266139430125047,-1.0485470147517326,
2026-02-19,-42.5,20.16230804225897,-1.0539467979291504,
2026-02-20,537.0,19.47392889638333,13.787664596529641,
2026-02-23,-41.5,19.729362546641667,-1.0517319021811005,
2026-02-24,-41.5,19.77280093616726,-1.049421377729308,
2026-02-25,321.0,19.732779440726745,8.133674249089408,
2026-02-26,-41.5,19.632223766389117,-1.0569357932606975,
2026-02-27,-42.0,20.096886354504182,-1.044937988381141,
2026-03-02,-41.5,19.737287329182458,-1.051309617878451,
2026-03-03,-42.0,20.098909662812282,-1.0448327970175888,
2026-03-04,-44.0,21.06059468689712,-1.044604880682089,
2026-03-05,-44.5,21.200909352118757,-1.0494832853844733,
2026-03-06,-44.5,21.248165826967416,-1.0471492071923258,
2026-03-09,-44.5,21.325975410755458,-1.0433285967674202,
2026-03-10,-47.0,22.463405738558638,-1.0461459083055265,
2026-03-11,-46.0,22.020483900090166,-1.044482042463464,
2026-03-12,-45.0,21.542235050083725,-1.04445986907531,
2026-03-13,-45.0,21.579396832220603,-1.04266120943681,
2026-03-16,-45.5,21.66211848706199,-1.050220458058512,
2026-03-17,-45.0,21.554110023700417,-1.0438844366693638,
2026-03-18,-43.5,20.84488787915039,-1.0434212995578127,
2026-03-19,-43.5,20.672038744925363,-1.0521458608111045,
2026-03-20,-43.0,20.498143120287835,-1.0488754944207892,
2026-03-23,-44.5,21.189347183124422,-1.050055945929297,
2026-03-24,-45.5,21.73475095575839,-1.0467108662210196,
2026-03-25,-44.5,21.127804458918504,-1.0531146311612039,
2026-03-26,-43.5,20.71421128328147,-1.050003772895496,
2026-03-27,-44.5,21.36587476304708,-1.0413802498965332,
2026-03-30,654.5,21.688847994258005,15.08839935097694,
2026-03-31,-46.0,21.974465994668147,-1.0466693482144542,
2026-04-01,-49.0,23.403968423620423,-1.046831014148584,
2026-04-02,-48.5,23.29832782193325,-1.0408472309832828,
2026-04-06,-49.5,23.73684012036659,-1.0426830140193808,
2026-04-07,-48.0,22.932422968911837,-1.0465531720104506,
2026-04-08,165.0,22.86403561398956,3.608286891817193,
2026-04-09,-50.5,24.374640212990307,-1.0359127264796784,
2026-04-10,-49.5,23.738058769205285,-1.0426294854450135,
2026-04-13,-47.5,22.65230457140491,-1.0484584438256568,
2026-04-14,562.5,22.428032816304558,12.540110062418806,
2026-04-15,-47.0,22.48674475799709,-1.045060112208663,
2026-04-16,-2.0,22.292155846711584,-0.04485882867840772,
2026-04-17,-45.5,21.730216143375046,-1.0469293011121685,
2026-04-20,-45.0,21.60662927599111,-1.0413470658748973,
2026-04-21,-44.0,20.98829861342032,-1.0482031157081393,
2026-04-22,379.5,20.680205855318867,9.175440579630258,
2026-04-23,-43.5,20.812869722796094,-1.045026480715318,
2026-04-24,-44.0,21.019093314024943,-1.0466674119249735,
2026-04-27,-45.0,21.432908077308877,-1.0497875472074114,
2026-04-28,-43.0,20.46002178607253,-1.0508297706034408,
2026-04-29,-43.0,20.553948801353062,-1.0460277101879645,
2026-04-30,-41.5,19.857238172684987,-1.044959012907599,
2026-05-01,200.0,20.077256874636063,4.980760102060142,
2026-05-04,-41.5,19.855667097876346,-1.0450416950342256,
2026-05-05,219.0,19.60883373374232,5.584217882962388,
2026-05-06,-41.5,19.665345609903582,-1.055155623074846,
2026-05-07,-42.5,20.3678209234819,-1.0433123935953816,
2026-05-08,-42.5,20.315655143233194,-1.0459913721796967,
2026-05-11,-44.5,21.21007263300225,-1.0490298824050066,
2026-05-12,-43.0,20.528103159216375,-1.047344697814775,
2026-05-13,-45.0,21.516274362129494,-1.0457200731555063,
2026-05-14,-2.0,21.7311833362631,-0.04601682221010429,
2026-05-15,-44.5,21.334313097958596,-1.0429208523300908,
2026-05-18,-2.0,21.94257644810441,-0.04557349964645508,
2026-05-19,-46.5,22.30917813038267,-1.0421719645662801,
2026-05-20,-46.5,22.37102254964105,-1.0392908928685987,
2026-05-21,-47.0,22.459699510380975,-1.046318539975933,
2026-05-22,-47.0,22.38043525963948,-1.0500242612519484,
2026-05-25,-45.5,21.863082741093805,-1.040566889372794,
2026-05-26,-46.0,21.877326831015676,-1.0513167434785817,
2026-05-27,185.0,21.357517771657413,4.331027649793298,
2026-05-28,-44.0,20.955195073681885,-1.0498589930871276,
2026-05-29,-2.0,20.973573996990325,-0.04767904602923176,
2026-06-02,-43.0,20.398642885160026,-1.0539916856744038,
2026-06-03,-42.0,20.004096964791454,-1.049784953400366,
2026-06-04,-41.5,19.688625753020634,-1.0539079903439441,
2026-06-05,1974.0,20.01354534209059,49.31659948945853,
2026-06-08,-50.0,23.98132781765555,-1.0424777222549988,
2026-06-09,-51.5,24.865697259251583,-1.0355631588178933,
2026-06-10,-60.0,28.877076026447895,-1.0388863461287994,
2026-06-11,-61.0,29.51799916741591,-1.0332678657186254,
2026-06-12,-64.0,31.046177798314773,-1.0307226933982514,
2026-06-15,425.0,30.72145081272086,6.916991039759422,
2026-06-16,-63.5,30.725275754669372,-1.0333511814023313,
2026-06-17,-63.5,30.62614891505013,-1.0366958016193015,
2026-06-18,-63.5,30.662673992546548,-1.0354608997153267,
2026-06-19,-49.06597222222222,31.288554421650367,-0.7840881934173128,
2026-06-22,-60.5,29.315264820103916,-1.0318856126878668,
2026-06-23,-60.0,28.882031618667924,-1.0387080935334714,
2026-06-24,-63.5,30.665457931620217,-1.0353668962256544,
2026-06-25,-63.5,30.770603793647343,-1.0318289563935972,
2026-06-26,-2.0,31.77716780838682,-0.03146913551358325,
2026-06-29,-65.0,31.53594153635919,-1.0305701500153184,
2026-06-30,667.0,32.12533856947639,10.381213548263492,
2026-07-01,-65.5,31.854778671656646,-1.028103203527824,
2026-07-02,-64.5,31.220508766538316,-1.0329748384678816,
2026-07-03,-67.0,32.43690099749986,-1.0327743702329049,
2026-07-06,-65.0,31.609265211964157,-1.0281795474226556,
2026-07-07,-63.0,30.486281982538145,-1.0332516119231099,
2026-07-08,-64.0,30.957797555213997,-1.033665264556602,
2026-07-09,-2.0,30.410812015555855,-0.03288304171189103,
2026-07-10,-62.5,30.152896871587583,-1.0363846675523305,
2026-07-13,-2.0,29.437511380759897,-0.0339702628753323,
2026-07-14,-61.5,29.635724853562763,-1.0375990515481952,
2026-07-15,360.5,29.050137364022568,6.204789937524785,
2026-07-16,-60.0,29.04834183802096,-1.0327611871027154,
2026-07-17,-60.5,29.196674563876606,-1.0360768975185488,
2026-07-20,-62.0,29.999590666456847,-1.0333474327921992,
2026-07-21,-61.0,29.386227047424217,-1.0379011892468655,
2026-07-22,-60.5,29.356853686893913,-1.0304237750622718,
2026-07-23,-58.5,28.16082842354435,-1.0386768301015261,
2026-07-24,-2.0,28.74934067900547,-0.03478340638017696,
2026-07-27,-58.5,28.18956634479079,-1.037617948507575,
2026-07-28,-59.0,28.592990177305737,-1.0317214050391328,
2026-07-29,-59.5,28.653312307498183,-1.0382743775216112,
2026-07-30,-61.0,29.39950428553403,-1.0374324581726866,
2026-07-31,-63.5,30.737932550853028,-1.0329256838426788,
2026-08-03,-63.5,30.849508797220665,-1.0291898068360967,
2026-08-04,988.0,30.970079597419193,15.950879249311523,
2026-08-05,-67.0,32.5266810547464,-1.0299237092040034,
2026-08-06,-2.0,31.922096693693078,-0.03132626310844965,
2026-08-07,-64.5,31.231232644143574,-1.0326201455915787,
2026-08-10,-62.5,30.298644598133322,-1.0313992726237426,
2026-08-11,-59.5,28.781777126838087,-1.0336401351763327,
2026-08-12,-57.5,27.829507332063937,-1.0330761395432795,
2026-08-13,496.5,27.147935379773656,9.144341789798004,
2026-08-14,-55.5,26.707904281218397,-1.0390182512191504,
2026-08-17,-53.5,25.700196832559943,-1.0408480594245895,
2026-08-18,-51.5,24.653754201662807,-1.0444656740458318,
2026-08-19,300.0,24.95527175868689,6.010754018248077,
2026-08-20,-51.0,24.4834666330664,-1.041519176273866,
2026-08-21,-2.0,23.874826159275944,-0.04188512173151367,
2026-08-24,-48.5,23.129302862184808,-1.0484535631918017,
2026-08-25,-48.0,23.080781229171606,-1.0398261550032197,
2026-08-26,-47.0,22.558046855659352,-1.0417568573364466,
2026-08-27,-45.5,21.70211493739797,-1.048284928248918,
2026-08-28,-45.0,21.608213870440974,-1.0412707008041489,
