date,pnl_pc,stop_pt,r,exit_reason
2019-01-02,-27.0,12.500000000000002,-1.0799999999999998,
2019-01-03,-27.0,12.500000000000002,-1.0799999999999998,
2019-01-04,326.0,12.500000000000002,13.039999999999997,
2019-01-07,-27.0,12.500000000000002,-1.0799999999999998,
2019-01-08,-27.0,12.500000000000002,-1.0799999999999998,
2019-01-09,-27.0,12.500000000000002,-1.0799999999999998,
2019-01-10,-27.0,12.500000000000002,-1.0799999999999998,
2019-01-11,-27.0,12.500000000000002,-1.0799999999999998,
2019-01-14,-27.0,12.500000000000002,-1.0799999999999998,
2019-01-15,167.5,12.500000000000002,6.699999999999999,
2019-01-16,-27.0,12.500000000000002,-1.0799999999999998,
2019-01-17,123.0,12.500000000000002,4.919999999999999,
2019-01-18,-27.0,12.500000000000002,-1.0799999999999998,
2019-01-21,-27.0,12.500000000000002,-1.0799999999999998,
2019-01-22,116.0,12.500000000000002,4.64,
2019-01-23,-27.0,12.500000000000002,-1.0799999999999998,
2019-01-24,-27.0,12.500000000000002,-1.0799999999999998,
2019-01-25,-27.0,12.500000000000002,-1.0799999999999998,
2019-01-28,-27.0,12.500000000000002,-1.0799999999999998,
2019-01-29,-27.0,12.500000000000002,-1.0799999999999998,
2019-01-30,-27.0,12.500000000000002,-1.0799999999999998,
2019-01-31,97.0,12.500000000000002,3.8799999999999994,
2019-02-01,-27.0,12.500000000000002,-1.0799999999999998,
2019-02-04,-27.0,12.500000000000002,-1.0799999999999998,
2019-02-05,-27.0,12.500000000000002,-1.0799999999999998,
2019-02-06,-27.0,12.500000000000002,-1.0799999999999998,
2019-02-07,-27.0,12.500000000000002,-1.0799999999999998,
2019-02-08,-27.0,12.500000000000002,-1.0799999999999998,
2019-02-11,-27.0,12.500000000000002,-1.0799999999999998,
2019-02-12,72.5,12.500000000000002,2.8999999999999995,
2019-02-13,-27.0,12.500000000000002,-1.0799999999999998,
2019-02-14,-27.0,12.500000000000002,-1.0799999999999998,
2019-02-15,-27.0,12.500000000000002,-1.0799999999999998,
2019-02-18,20.5,12.500000000000002,0.8199999999999998,
2019-02-19,32.5,12.500000000000002,1.2999999999999998,
2019-02-20,-27.0,12.500000000000002,-1.0799999999999998,
2019-02-21,-27.0,12.500000000000002,-1.0799999999999998,
2019-02-22,51.0,12.500000000000002,2.0399999999999996,
2019-02-25,-27.0,12.500000000000002,-1.0799999999999998,
2019-02-26,41.0,12.500000000000002,1.6399999999999997,
2019-02-27,-27.0,12.500000000000002,-1.0799999999999998,
2019-02-28,-27.0,12.500000000000002,-1.0799999999999998,
2019-03-04,-27.0,12.500000000000002,-1.0799999999999998,
2019-03-05,-27.0,12.500000000000002,-1.0799999999999998,
2019-03-06,83.5,12.500000000000002,3.3399999999999994,
2019-03-07,119.5,12.500000000000002,4.779999999999999,
2019-03-08,-27.0,12.500000000000002,-1.0799999999999998,
2019-03-11,197.0,12.500000000000002,7.879999999999999,
2019-03-12,-27.0,12.500000000000002,-1.0799999999999998,
2019-03-13,-27.0,12.500000000000002,-1.0799999999999998,
2019-03-14,-27.0,12.500000000000002,-1.0799999999999998,
2019-03-15,39.0,12.500000000000002,1.5599999999999998,
2019-03-18,-27.0,12.500000000000002,-1.0799999999999998,
2019-03-19,-27.0,12.500000000000002,-1.0799999999999998,
2019-03-20,-27.0,12.500000000000002,-1.0799999999999998,
2019-03-21,247.0,12.500000000000002,9.879999999999999,
2019-03-22,-27.0,12.500000000000002,-1.0799999999999998,
2019-03-25,-27.0,12.500000000000002,-1.0799999999999998,
2019-03-26,-27.0,12.500000000000002,-1.0799999999999998,
2019-03-27,-27.0,12.500000000000002,-1.0799999999999998,
2019-03-28,-27.0,12.500000000000002,-1.0799999999999998,
2019-03-29,-27.0,12.500000000000002,-1.0799999999999998,
2019-04-01,-27.0,12.500000000000002,-1.0799999999999998,
2019-04-02,-27.0,12.500000000000002,-1.0799999999999998,
2019-04-03,-27.0,12.500000000000002,-1.0799999999999998,
2019-04-04,-27.0,12.500000000000002,-1.0799999999999998,
2019-04-05,18.5,12.500000000000002,0.7399999999999999,
2019-04-08,-27.0,12.500000000000002,-1.0799999999999998,
2019-04-09,-27.0,12.500000000000002,-1.0799999999999998,
2019-04-10,-27.0,12.500000000000002,-1.0799999999999998,
2019-04-11,20.0,12.500000000000002,0.7999999999999999,
2019-04-12,-16.5,12.500000000000002,-0.6599999999999999,
2019-04-15,-27.0,12.500000000000002,-1.0799999999999998,
2019-04-16,-27.0,12.500000000000002,-1.0799999999999998,
2019-04-17,31.0,12.500000000000002,1.2399999999999998,
2019-04-18,-27.0,12.500000000000002,-1.0799999999999998,
2019-04-22,93.5,12.500000000000002,3.7399999999999993,
2019-04-23,139.5,12.500000000000002,5.579999999999999,
2019-04-24,-27.0,12.500000000000002,-1.0799999999999998,
2019-04-25,-27.0,12.500000000000002,-1.0799999999999998,
2019-04-26,-27.0,12.500000000000002,-1.0799999999999998,
2019-04-29,-27.0,12.500000000000002,-1.0799999999999998,
2019-04-30,-27.0,12.500000000000002,-1.0799999999999998,
2019-05-01,-27.0,12.500000000000002,-1.0799999999999998,
2019-05-02,-27.0,12.500000000000002,-1.0799999999999998,
2019-05-03,100.0,12.500000000000002,3.9999999999999996,
2019-05-06,164.5,12.500000000000002,6.579999999999999,
2019-05-07,-27.0,12.500000000000002,-1.0799999999999998,
2019-05-08,-27.0,12.500000000000002,-1.0799999999999998,
2019-05-09,-27.0,12.500000000000002,-1.0799999999999998,
2019-05-10,-27.0,12.500000000000002,-1.0799999999999998,
2019-05-13,-27.0,12.500000000000002,-1.0799999999999998,
2019-05-14,-27.0,12.500000000000002,-1.0799999999999998,
2019-05-15,257.0,12.500000000000002,10.28,
2019-05-16,84.0,12.500000000000002,3.3599999999999994,
2019-05-17,-2.0,12.500000000000002,-0.07999999999999999,
2019-05-20,-27.0,12.500000000000002,-1.0799999999999998,
2019-05-21,-27.0,12.500000000000002,-1.0799999999999998,
2019-05-22,-27.0,12.500000000000002,-1.0799999999999998,
2019-05-23,-27.0,12.500000000000002,-1.0799999999999998,
2019-05-24,-27.0,12.500000000000002,-1.0799999999999998,
2019-05-27,-12.0,12.500000000000002,-0.4799999999999999,
2019-05-28,-27.0,12.500000000000002,-1.0799999999999998,
2019-05-29,-27.0,12.500000000000002,-1.0799999999999998,
2019-05-30,-27.0,12.500000000000002,-1.0799999999999998,
2019-05-31,-27.0,12.500000000000002,-1.0799999999999998,
2019-06-03,-27.0,12.500000000000002,-1.0799999999999998,
2019-06-04,-27.0,12.500000000000002,-1.0799999999999998,
2019-06-05,-27.0,12.500000000000002,-1.0799999999999998,
2019-06-06,-27.0,12.500000000000002,-1.0799999999999998,
2019-06-07,195.5,12.500000000000002,7.8199999999999985,
2019-06-10,8.0,12.500000000000002,0.31999999999999995,
2019-06-11,-27.0,12.500000000000002,-1.0799999999999998,
2019-06-12,-27.0,12.500000000000002,-1.0799999999999998,
2019-06-13,-27.0,12.500000000000002,-1.0799999999999998,
2019-06-14,-27.0,12.500000000000002,-1.0799999999999998,
2019-06-17,42.0,12.500000000000002,1.6799999999999997,
2019-06-18,-27.0,12.500000000000002,-1.0799999999999998,
2019-06-19,-27.0,12.500000000000002,-1.0799999999999998,
2019-06-20,-27.0,12.500000000000002,-1.0799999999999998,
2019-06-21,-10.5,12.500000000000002,-0.41999999999999993,
2019-06-24,22.5,12.500000000000002,0.8999999999999999,
2019-06-25,243.0,12.500000000000002,9.719999999999999,
2019-06-26,-27.0,12.500000000000002,-1.0799999999999998,
2019-06-27,-27.0,12.500000000000002,-1.0799999999999998,
2019-06-28,-27.0,12.500000000000002,-1.0799999999999998,
2019-07-01,-27.0,12.500000000000002,-1.0799999999999998,
2019-07-02,-27.0,12.500000000000002,-1.0799999999999998,
2019-07-03,-27.0,12.500000000000002,-1.0799999999999998,
2019-07-04,4.5,12.500000000000002,0.17999999999999997,
2019-07-05,-27.0,12.500000000000002,-1.0799999999999998,
2019-07-08,-27.0,12.500000000000002,-1.0799999999999998,
2019-07-09,128.0,12.500000000000002,5.119999999999999,
2019-07-10,-27.0,12.500000000000002,-1.0799999999999998,
2019-07-12,-27.0,12.500000000000002,-1.0799999999999998,
2019-07-15,-27.0,12.500000000000002,-1.0799999999999998,
2019-07-17,-27.0,12.500000000000002,-1.0799999999999998,
2019-07-18,-27.0,12.500000000000002,-1.0799999999999998,
2019-07-19,210.5,12.500000000000002,8.419999999999998,
2019-07-22,74.0,12.500000000000002,2.9599999999999995,
2019-07-23,-27.0,12.500000000000002,-1.0799999999999998,
2019-07-24,142.5,12.500000000000002,5.699999999999999,
2019-07-25,52.5,12.500000000000002,2.0999999999999996,
2019-07-26,-27.0,12.500000000000002,-1.0799999999999998,
2019-07-29,8.5,12.500000000000002,0.33999999999999997,
2019-07-30,37.0,12.500000000000002,1.4799999999999998,
2019-07-31,-27.0,12.500000000000002,-1.0799999999999998,
2019-08-01,-2.0,12.500000000000002,-0.07999999999999999,
2019-08-02,-27.0,12.500000000000002,-1.0799999999999998,
2019-08-05,203.0,12.500000000000002,8.12,
2019-08-06,-27.0,12.500000000000002,-1.0799999999999998,
2019-08-07,-27.0,12.500000000000002,-1.0799999999999998,
2019-08-08,224.0,12.500000000000002,8.959999999999999,
2019-08-09,-27.0,12.500000000000002,-1.0799999999999998,
2019-08-12,-27.0,12.500000000000002,-1.0799999999999998,
2019-08-13,336.5,12.500000000000002,13.459999999999997,
2019-08-14,-27.0,12.500000000000002,-1.0799999999999998,
2019-08-15,-27.0,12.500000000000002,-1.0799999999999998,
2019-08-19,-27.0,12.500000000000002,-1.0799999999999998,
2019-08-20,-27.0,12.500000000000002,-1.0799999999999998,
2019-08-21,-27.0,12.500000000000002,-1.0799999999999998,
2019-08-22,-27.0,12.500000000000002,-1.0799999999999998,
2019-08-23,-27.0,12.500000000000002,-1.0799999999999998,
2019-08-26,-27.0,12.500000000000002,-1.0799999999999998,
2019-08-27,-27.0,12.500000000000002,-1.0799999999999998,
2019-08-28,-27.0,12.500000000000002,-1.0799999999999998,
2019-08-29,-27.0,12.500000000000002,-1.0799999999999998,
2019-08-30,98.5,12.500000000000002,3.9399999999999995,
2019-09-02,-27.0,12.500000000000002,-1.0799999999999998,
2019-09-03,-27.0,12.500000000000002,-1.0799999999999998,
2019-09-04,-27.0,12.500000000000002,-1.0799999999999998,
2019-09-05,93.0,12.500000000000002,3.7199999999999993,
2019-09-06,-27.0,12.500000000000002,-1.0799999999999998,
2019-09-09,63.0,12.500000000000002,2.5199999999999996,
2019-09-10,-27.0,12.500000000000002,-1.0799999999999998,
2019-09-11,-27.0,12.500000000000002,-1.0799999999999998,
2019-09-12,-27.0,12.500000000000002,-1.0799999999999998,
2019-09-13,-27.0,12.500000000000002,-1.0799999999999998,
2019-09-16,-27.0,12.500000000000002,-1.0799999999999998,
2019-09-17,-27.0,12.500000000000002,-1.0799999999999998,
2019-09-18,-2.0,12.500000000000002,-0.07999999999999999,
2019-09-19,-27.0,12.500000000000002,-1.0799999999999998,
2019-09-20,180.5,12.500000000000002,7.219999999999999,
2019-09-23,-27.0,12.500000000000002,-1.0799999999999998,
2019-09-24,-27.0,12.500000000000002,-1.0799999999999998,
2019-09-25,-27.0,12.500000000000002,-1.0799999999999998,
2019-09-26,-27.0,12.500000000000002,-1.0799999999999998,
2019-09-27,184.0,12.500000000000002,7.3599999999999985,
2019-09-30,-27.0,12.500000000000002,-1.0799999999999998,
2019-10-01,-27.0,12.500000000000002,-1.0799999999999998,
2019-10-02,117.5,12.500000000000002,4.699999999999999,
2019-10-03,-27.0,12.500000000000002,-1.0799999999999998,
2019-10-04,140.5,12.500000000000002,5.619999999999999,
2019-10-07,-27.0,12.500000000000002,-1.0799999999999998,
2019-10-08,-27.0,12.500000000000002,-1.0799999999999998,
2019-10-09,-27.0,12.500000000000002,-1.0799999999999998,
2019-10-10,-2.0,12.500000000000002,-0.07999999999999999,
2019-10-11,-27.0,12.500000000000002,-1.0799999999999998,
2019-10-14,-27.0,12.500000000000002,-1.0799999999999998,
2019-10-15,121.0,12.500000000000002,4.839999999999999,
2019-10-16,-27.0,12.500000000000002,-1.0799999999999998,
2019-10-17,-27.0,12.500000000000002,-1.0799999999999998,
2019-10-18,-27.0,12.500000000000002,-1.0799999999999998,
2019-10-21,-27.0,12.500000000000002,-1.0799999999999998,
2019-10-22,-27.0,12.500000000000002,-1.0799999999999998,
2019-10-23,-27.0,12.500000000000002,-1.0799999999999998,
2019-10-24,-27.0,12.500000000000002,-1.0799999999999998,
2019-10-25,173.5,12.500000000000002,6.939999999999999,
2019-10-28,46.5,12.500000000000002,1.8599999999999997,
2019-10-29,74.0,12.500000000000002,2.9599999999999995,
2019-10-30,-27.0,12.500000000000002,-1.0799999999999998,
2019-10-31,1.5,12.500000000000002,0.05999999999999999,
2019-11-01,-27.0,12.500000000000002,-1.0799999999999998,
2019-11-04,-27.0,12.500000000000002,-1.0799999999999998,
2019-11-05,-27.0,12.500000000000002,-1.0799999999999998,
2019-11-06,-27.0,12.500000000000002,-1.0799999999999998,
2019-11-07,-27.0,12.500000000000002,-1.0799999999999998,
2019-11-08,-27.0,12.500000000000002,-1.0799999999999998,
2019-11-11,-27.0,12.500000000000002,-1.0799999999999998,
2019-11-12,-27.0,12.500000000000002,-1.0799999999999998,
2019-11-13,-27.0,12.500000000000002,-1.0799999999999998,
2019-11-14,-27.0,12.500000000000002,-1.0799999999999998,
2019-11-15,-27.0,12.500000000000002,-1.0799999999999998,
2019-11-18,-27.0,12.500000000000002,-1.0799999999999998,
2019-11-19,20.0,12.500000000000002,0.7999999999999999,
2019-11-20,-27.0,12.500000000000002,-1.0799999999999998,
2019-11-21,-27.0,12.500000000000002,-1.0799999999999998,
2019-11-22,22.5,12.500000000000002,0.8999999999999999,
2019-11-25,79.5,12.500000000000002,3.1799999999999997,
2019-11-26,-27.0,12.500000000000002,-1.0799999999999998,
2019-11-27,-27.0,12.500000000000002,-1.0799999999999998,
2019-11-29,-27.0,12.500000000000002,-1.0799999999999998,
2019-12-02,162.5,12.500000000000002,6.499999999999999,
2019-12-03,-27.0,12.500000000000002,-1.0799999999999998,
2019-12-04,-27.0,12.500000000000002,-1.0799999999999998,
2019-12-05,0.0,12.500000000000002,0.0,
2019-12-06,31.0,12.500000000000002,1.2399999999999998,
2019-12-09,-27.0,12.500000000000002,-1.0799999999999998,
2019-12-10,-27.0,12.500000000000002,-1.0799999999999998,
2019-12-11,-27.0,12.500000000000002,-1.0799999999999998,
2019-12-12,-27.0,12.500000000000002,-1.0799999999999998,
2019-12-13,-27.0,12.500000000000002,-1.0799999999999998,
2019-12-16,33.0,12.500000000000002,1.3199999999999998,
2019-12-17,-9.5,12.500000000000002,-0.37999999999999995,
2019-12-18,-27.0,12.500000000000002,-1.0799999999999998,
2019-12-19,75.5,12.500000000000002,3.0199999999999996,
2019-12-20,-27.0,12.500000000000002,-1.0799999999999998,
2019-12-23,9.5,12.500000000000002,0.37999999999999995,
2019-12-24,-15.5,12.500000000000002,-0.6199999999999999,
2019-12-26,97.0,12.500000000000002,3.8799999999999994,
2019-12-27,55.5,12.500000000000002,2.2199999999999998,
2019-12-30,68.5,12.500000000000002,2.7399999999999998,
2019-12-31,-27.0,12.500000000000002,-1.0799999999999998,
2020-01-02,-27.0,12.500000000000002,-1.0799999999999998,
2020-01-03,-27.0,12.500000000000002,-1.0799999999999998,
2020-01-06,197.0,12.500000000000002,7.879999999999999,
2020-01-07,-27.0,12.500000000000002,-1.0799999999999998,
2020-01-08,-27.0,12.500000000000002,-1.0799999999999998,
2020-01-09,-27.0,12.500000000000002,-1.0799999999999998,
2020-01-10,-27.0,12.500000000000002,-1.0799999999999998,
2020-01-13,-27.0,12.500000000000002,-1.0799999999999998,
2020-01-14,-27.0,12.500000000000002,-1.0799999999999998,
2020-01-15,-27.0,12.500000000000002,-1.0799999999999998,
2020-01-16,-27.0,12.500000000000002,-1.0799999999999998,
2020-01-17,-27.0,12.500000000000002,-1.0799999999999998,
2020-01-20,11.0,12.500000000000002,0.43999999999999995,
2020-01-21,31.5,12.500000000000002,1.2599999999999998,
2020-01-22,-27.0,12.500000000000002,-1.0799999999999998,
2020-01-23,-27.0,12.500000000000002,-1.0799999999999998,
2020-01-24,222.5,12.500000000000002,8.899999999999999,
2020-01-27,-27.0,12.500000000000002,-1.0799999999999998,
2020-01-28,-27.0,12.500000000000002,-1.0799999999999998,
2020-01-29,-27.0,12.500000000000002,-1.0799999999999998,
2020-01-30,-27.0,12.500000000000002,-1.0799999999999998,
2020-01-31,308.5,12.500000000000002,12.339999999999998,
2020-02-03,122.5,12.500000000000002,4.8999999999999995,
2020-02-04,-27.0,12.500000000000002,-1.0799999999999998,
2020-02-05,104.5,12.500000000000002,4.18,
2020-02-06,-27.0,12.500000000000002,-1.0799999999999998,
2020-02-07,-27.0,12.500000000000002,-1.0799999999999998,
2020-02-10,218.0,12.500000000000002,8.719999999999999,
2020-02-11,-27.0,12.500000000000002,-1.0799999999999998,
2020-02-12,-27.0,12.500000000000002,-1.0799999999999998,
2020-02-13,-27.0,12.500000000000002,-1.0799999999999998,
2020-02-14,-27.0,12.500000000000002,-1.0799999999999998,
2020-02-17,8.5,12.500000000000002,0.33999999999999997,
2020-02-18,-27.0,12.500000000000002,-1.0799999999999998,
2020-02-19,46.5,12.500000000000002,1.8599999999999997,
2020-02-20,-27.0,12.500000000000002,-1.0799999999999998,
2020-02-21,251.0,12.500000000000002,10.04,
2020-02-24,-27.0,12.500000000000002,-1.0799999999999998,
2020-02-25,-27.0,12.500000000000002,-1.0799999999999998,
2020-02-26,-27.0,12.500000000000002,-1.0799999999999998,
2020-02-27,-27.0,12.500000000000002,-1.0799999999999998,
2020-02-28,-27.0,12.500000000000002,-1.0799999999999998,
2020-03-02,-27.0,12.500000000000002,-1.0799999999999998,
2020-03-03,-27.0,12.500000000000002,-1.0799999999999998,
2020-03-04,-27.0,12.500000000000002,-1.0799999999999998,
2020-03-05,-27.0,12.500000000000002,-1.0799999999999998,
2020-03-06,-27.0,12.500000000000002,-1.0799999999999998,
2020-03-09,-27.0,12.500000000000002,-1.0799999999999998,
2020-03-10,-27.0,12.500000000000002,-1.0799999999999998,
2020-03-11,-27.0,12.500000000000002,-1.0799999999999998,
2020-03-12,-27.0,12.500000000000002,-1.0799999999999998,
2020-03-13,-27.0,12.500000000000002,-1.0799999999999998,
2020-03-16,-2.0,12.500000000000002,-0.07999999999999999,
2020-03-17,-27.0,12.500000000000002,-1.0799999999999998,
2020-03-18,-27.0,12.500000000000002,-1.0799999999999998,
2020-03-19,-27.0,12.500000000000002,-1.0799999999999998,
2020-03-20,-27.0,12.500000000000002,-1.0799999999999998,
2020-03-23,-27.0,12.500000000000002,-1.0799999999999998,
2020-03-24,-27.0,12.500000000000002,-1.0799999999999998,
2020-03-25,-2.0,12.500000000000002,-0.07999999999999999,
2020-03-26,-2.0,12.500000000000002,-0.07999999999999999,
2020-03-27,-27.0,12.500000000000002,-1.0799999999999998,
2020-03-30,-27.0,12.500000000000002,-1.0799999999999998,
2020-03-31,-2.0,12.500000000000002,-0.07999999999999999,
2020-04-01,-27.0,12.500000000000002,-1.0799999999999998,
2020-04-02,-27.0,12.500000000000002,-1.0799999999999998,
2020-04-03,-27.0,12.500000000000002,-1.0799999999999998,
2020-04-06,-27.0,12.500000000000002,-1.0799999999999998,
2020-04-07,-27.0,12.500000000000002,-1.0799999999999998,
2020-04-08,-27.0,12.500000000000002,-1.0799999999999998,
2020-04-09,-27.0,12.500000000000002,-1.0799999999999998,
2020-04-13,-27.0,12.500000000000002,-1.0799999999999998,
2020-04-14,349.5,12.500000000000002,13.979999999999999,
2020-04-15,-27.0,12.500000000000002,-1.0799999999999998,
2020-04-16,-27.0,12.500000000000002,-1.0799999999999998,
2020-04-17,-27.0,12.500000000000002,-1.0799999999999998,
2020-04-20,-27.0,12.500000000000002,-1.0799999999999998,
2020-04-21,-27.0,12.500000000000002,-1.0799999999999998,
2020-04-22,-27.0,12.500000000000002,-1.0799999999999998,
2020-04-23,-27.0,12.500000000000002,-1.0799999999999998,
2020-04-24,-27.0,12.500000000000002,-1.0799999999999998,
2020-04-27,-27.0,12.500000000000002,-1.0799999999999998,
2020-04-28,438.5,12.500000000000002,17.54,
2020-04-29,-27.0,12.500000000000002,-1.0799999999999998,
2020-04-30,-27.0,12.500000000000002,-1.0799999999999998,
2020-05-01,-27.0,12.500000000000002,-1.0799999999999998,
2020-05-04,-2.0,12.500000000000002,-0.07999999999999999,
2020-05-05,-2.0,12.500000000000002,-0.07999999999999999,
2020-05-06,-27.0,12.500000000000002,-1.0799999999999998,
2020-05-07,-27.0,12.500000000000002,-1.0799999999999998,
2020-05-08,-27.0,12.500000000000002,-1.0799999999999998,
2020-05-11,214.5,12.500000000000002,8.579999999999998,
2020-05-12,-2.0,12.500000000000002,-0.07999999999999999,
2020-05-13,-27.0,12.500000000000002,-1.0799999999999998,
2020-05-14,-27.0,12.500000000000002,-1.0799999999999998,
2020-05-15,-27.0,12.500000000000002,-1.0799999999999998,
2020-05-18,-27.0,12.500000000000002,-1.0799999999999998,
2020-05-19,-27.0,12.500000000000002,-1.0799999999999998,
2020-05-20,125.5,12.500000000000002,5.02,
2020-05-21,-27.0,12.500000000000002,-1.0799999999999998,
2020-05-22,-27.0,12.500000000000002,-1.0799999999999998,
2020-05-25,11.0,12.500000000000002,0.43999999999999995,
2020-05-26,296.5,12.500000000000002,11.859999999999998,
2020-05-27,-27.0,12.500000000000002,-1.0799999999999998,
2020-05-28,-2.0,12.500000000000002,-0.07999999999999999,
2020-05-29,-27.0,12.500000000000002,-1.0799999999999998,
2020-06-01,-27.0,12.500000000000002,-1.0799999999999998,
2020-06-02,-27.0,12.500000000000002,-1.0799999999999998,
2020-06-03,-27.0,12.500000000000002,-1.0799999999999998,
2020-06-04,-27.0,12.500000000000002,-1.0799999999999998,
2020-06-05,176.0,12.500000000000002,7.039999999999999,
2020-06-08,-27.0,12.500000000000002,-1.0799999999999998,
2020-06-09,191.5,12.500000000000002,7.659999999999999,
2020-06-10,-27.0,12.500000000000002,-1.0799999999999998,
2020-06-11,-27.0,12.500000000000002,-1.0799999999999998,
2020-06-12,-27.0,12.500000000000002,-1.0799999999999998,
2020-06-15,-27.0,12.500000000000002,-1.0799999999999998,
2020-06-16,-27.0,12.500000000000002,-1.0799999999999998,
2020-06-17,-27.0,12.500000000000002,-1.0799999999999998,
2020-06-18,-27.0,12.500000000000002,-1.0799999999999998,
2020-06-22,-27.0,12.500000000000002,-1.0799999999999998,
2020-06-23,-27.0,12.500000000000002,-1.0799999999999998,
2020-06-24,-27.0,12.500000000000002,-1.0799999999999998,
2020-06-25,-2.0,12.500000000000002,-0.07999999999999999,
2020-06-26,403.5,12.500000000000002,16.139999999999997,
2020-06-29,-2.0,12.500000000000002,-0.07999999999999999,
2020-06-30,345.0,12.500000000000002,13.799999999999997,
2020-07-01,-27.0,12.500000000000002,-1.0799999999999998,
2020-07-02,-27.0,12.500000000000002,-1.0799999999999998,
2020-07-06,186.0,12.500000000000002,7.439999999999999,
2020-07-07,-27.0,12.500000000000002,-1.0799999999999998,
2020-07-08,-27.0,12.500000000000002,-1.0799999999999998,
2020-07-09,-27.0,12.500000000000002,-1.0799999999999998,
2020-07-10,-2.0,12.500000000000002,-0.07999999999999999,
2020-07-13,-2.0,12.500000000000002,-0.07999999999999999,
2020-07-14,-27.0,12.500000000000002,-1.0799999999999998,
2020-07-15,-27.0,12.500000000000002,-1.0799999999999998,
2020-07-16,-27.0,12.500000000000002,-1.0799999999999998,
2020-07-17,-27.0,12.500000000000002,-1.0799999999999998,
2020-07-20,-27.0,12.500000000000002,-1.0799999999999998,
2020-07-21,320.5,12.500000000000002,12.819999999999999,
2020-07-22,-27.0,12.500000000000002,-1.0799999999999998,
2020-07-23,-27.0,12.500000000000002,-1.0799999999999998,
2020-07-24,-2.0,12.500000000000002,-0.07999999999999999,
2020-07-27,-2.0,12.500000000000002,-0.07999999999999999,
2020-07-28,-27.0,12.500000000000002,-1.0799999999999998,
2020-07-29,-27.0,12.500000000000002,-1.0799999999999998,
2020-07-30,-27.0,12.500000000000002,-1.0799999999999998,
2020-07-31,-2.0,12.500000000000002,-0.07999999999999999,
2020-08-03,-27.0,12.500000000000002,-1.0799999999999998,
2020-08-04,-27.0,12.500000000000002,-1.0799999999999998,
2020-08-05,-27.0,12.500000000000002,-1.0799999999999998,
2020-08-06,-27.0,12.500000000000002,-1.0799999999999998,
2020-08-07,-27.0,12.500000000000002,-1.0799999999999998,
2020-08-10,-27.0,12.500000000000002,-1.0799999999999998,
2020-08-11,-27.0,12.500000000000002,-1.0799999999999998,
2020-08-12,304.0,12.500000000000002,12.159999999999998,
2020-08-13,-27.0,12.500000000000002,-1.0799999999999998,
2020-08-14,-27.0,12.500000000000002,-1.0799999999999998,
2020-08-17,91.0,12.500000000000002,3.6399999999999997,
2020-08-18,-27.0,12.500000000000002,-1.0799999999999998,
2020-08-19,-27.0,12.500000000000002,-1.0799999999999998,
2020-08-20,313.0,12.500000000000002,12.519999999999998,
2020-08-24,-27.0,12.500000000000002,-1.0799999999999998,
2020-08-26,-27.0,12.500000000000002,-1.0799999999999998,
2020-08-27,-27.0,12.500000000000002,-1.0799999999999998,
2020-08-28,-27.0,12.500000000000002,-1.0799999999999998,
2020-08-31,-27.0,12.500000000000002,-1.0799999999999998,
2020-09-01,-27.0,12.500000000000002,-1.0799999999999998,
2020-09-02,-27.0,12.500000000000002,-1.0799999999999998,
2020-09-03,-27.0,12.500000000000002,-1.0799999999999998,
2020-09-04,-27.0,12.500000000000002,-1.0799999999999998,
2020-09-07,-27.0,12.500000000000002,-1.0799999999999998,
2020-09-08,-27.0,12.500000000000002,-1.0799999999999998,
2020-09-10,-27.0,12.500000000000002,-1.0799999999999998,
2020-09-11,-27.0,12.500000000000002,-1.0799999999999998,
2020-09-14,-2.0,12.500000000000002,-0.07999999999999999,
2020-09-15,-27.0,12.500000000000002,-1.0799999999999998,
2020-09-16,-27.0,12.500000000000002,-1.0799999999999998,
2020-09-17,-2.0,12.500000000000002,-0.07999999999999999,
2020-09-18,-27.0,12.500000000000002,-1.0799999999999998,
2020-09-21,-27.0,12.500000000000002,-1.0799999999999998,
2020-09-22,-2.0,12.500000000000002,-0.07999999999999999,
2020-09-23,-27.0,12.500000000000002,-1.0799999999999998,
2020-09-24,-27.0,12.500000000000002,-1.0799999999999998,
2020-09-25,-27.0,12.500000000000002,-1.0799999999999998,
2020-09-28,-27.0,12.500000000000002,-1.0799999999999998,
2020-09-29,-27.0,12.500000000000002,-1.0799999999999998,
2020-09-30,-27.0,12.500000000000002,-1.0799999999999998,
2020-10-01,-2.0,12.500000000000002,-0.07999999999999999,
2020-10-02,-27.0,12.500000000000002,-1.0799999999999998,
2020-10-05,-27.0,12.500000000000002,-1.0799999999999998,
2020-10-06,-27.0,12.500000000000002,-1.0799999999999998,
2020-10-07,-27.0,12.500000000000002,-1.0799999999999998,
2020-10-08,-2.0,12.500000000000002,-0.07999999999999999,
2020-10-09,181.0,12.500000000000002,7.239999999999999,
2020-10-12,-27.0,12.500000000000002,-1.0799999999999998,
2020-10-13,-2.0,12.500000000000002,-0.07999999999999999,
2020-10-14,-27.0,12.500000000000002,-1.0799999999999998,
2020-10-15,-2.0,12.500000000000002,-0.07999999999999999,
2020-10-16,-27.0,12.500000000000002,-1.0799999999999998,
2020-10-19,-27.0,12.500000000000002,-1.0799999999999998,
2020-10-20,-27.0,12.500000000000002,-1.0799999999999998,
2020-10-21,-2.0,12.500000000000002,-0.07999999999999999,
2020-10-22,-27.0,12.500000000000002,-1.0799999999999998,
2020-10-23,-2.0,12.500000000000002,-0.07999999999999999,
2020-10-26,-2.0,12.500000000000002,-0.07999999999999999,
2020-10-27,-27.0,12.500000000000002,-1.0799999999999998,
2020-10-28,-27.0,12.500000000000002,-1.0799999999999998,
2020-10-29,-27.0,12.500000000000002,-1.0799999999999998,
2020-10-30,-27.0,12.500000000000002,-1.0799999999999998,
2020-11-02,-27.0,12.500000000000002,-1.0799999999999998,
2020-11-03,-27.0,12.500000000000002,-1.0799999999999998,
2020-11-04,-27.0,12.500000000000002,-1.0799999999999998,
2020-11-05,-27.0,12.500000000000002,-1.0799999999999998,
2020-11-06,-2.0,12.500000000000002,-0.07999999999999999,
2020-11-09,-27.0,12.500000000000002,-1.0799999999999998,
2020-11-10,-27.0,12.500000000000002,-1.0799999999999998,
2020-11-11,-2.0,12.500000000000002,-0.07999999999999999,
2020-11-12,-27.0,12.500000000000002,-1.0799999999999998,
2020-11-13,-27.0,12.500000000000002,-1.0799999999999998,
2020-11-16,-27.0,12.500000000000002,-1.0799999999999998,
2020-11-17,-27.0,12.500000000000002,-1.0799999999999998,
2020-11-18,-27.0,12.500000000000002,-1.0799999999999998,
2020-11-19,-27.0,12.500000000000002,-1.0799999999999998,
2020-11-20,-27.0,12.500000000000002,-1.0799999999999998,
2020-11-23,-27.0,12.500000000000002,-1.0799999999999998,
2020-11-24,-27.0,12.500000000000002,-1.0799999999999998,
2020-11-25,-27.0,12.500000000000002,-1.0799999999999998,
2020-11-26,-27.0,12.500000000000002,-1.0799999999999998,
2020-11-27,-27.0,12.500000000000002,-1.0799999999999998,
2020-11-30,-27.0,12.500000000000002,-1.0799999999999998,
2020-12-01,-27.0,12.500000000000002,-1.0799999999999998,
2020-12-02,-27.0,12.500000000000002,-1.0799999999999998,
2020-12-03,-27.0,12.500000000000002,-1.0799999999999998,
2020-12-04,-27.0,12.500000000000002,-1.0799999999999998,
2020-12-07,86.5,12.500000000000002,3.4599999999999995,
2020-12-08,-27.0,12.500000000000002,-1.0799999999999998,
2020-12-09,-27.0,12.500000000000002,-1.0799999999999998,
2020-12-10,-27.0,12.500000000000002,-1.0799999999999998,
2020-12-11,-27.0,12.500000000000002,-1.0799999999999998,
2020-12-14,37.0,12.500000000000002,1.4799999999999998,
2020-12-15,-27.0,12.500000000000002,-1.0799999999999998,
2020-12-16,-27.0,12.500000000000002,-1.0799999999999998,
2020-12-17,-27.0,12.500000000000002,-1.0799999999999998,
2020-12-18,107.5,12.500000000000002,4.3,
2020-12-21,-27.0,12.500000000000002,-1.0799999999999998,
2020-12-22,-27.0,12.500000000000002,-1.0799999999999998,
2020-12-23,-27.0,12.500000000000002,-1.0799999999999998,
2020-12-24,-27.0,12.500000000000002,-1.0799999999999998,
2020-12-28,-2.0,12.500000000000002,-0.07999999999999999,
2020-12-29,-27.0,12.500000000000002,-1.0799999999999998,
2020-12-30,60.5,12.500000000000002,2.4199999999999995,
2020-12-31,-27.0,12.500000000000002,-1.0799999999999998,
2021-01-04,430.5,12.500000000000002,17.22,
2021-01-05,-2.0,12.500000000000002,-0.07999999999999999,
2021-01-06,-27.0,12.500000000000002,-1.0799999999999998,
2021-01-07,325.5,12.500000000000002,13.019999999999998,
2021-01-08,-27.0,12.500000000000002,-1.0799999999999998,
2021-01-11,-27.0,12.500000000000002,-1.0799999999999998,
2021-01-12,-27.0,12.500000000000002,-1.0799999999999998,
2021-01-13,-27.0,12.500000000000002,-1.0799999999999998,
2021-01-14,-27.0,12.500000000000002,-1.0799999999999998,
2021-01-15,-27.0,12.500000000000002,-1.0799999999999998,
2021-01-18,-27.0,12.500000000000002,-1.0799999999999998,
2021-01-19,-27.0,12.500000000000002,-1.0799999999999998,
2021-01-20,281.0,12.500000000000002,11.239999999999998,
2021-01-21,-27.0,12.500000000000002,-1.0799999999999998,
2021-01-22,-27.0,12.500000000000002,-1.0799999999999998,
2021-01-25,-27.0,12.500000000000002,-1.0799999999999998,
2021-01-26,-27.0,12.500000000000002,-1.0799999999999998,
2021-01-27,-2.0,12.500000000000002,-0.07999999999999999,
2021-01-28,-27.0,12.500000000000002,-1.0799999999999998,
2021-01-29,-27.0,12.500000000000002,-1.0799999999999998,
2021-02-01,-27.0,12.500000000000002,-1.0799999999999998,
2021-02-02,149.5,12.500000000000002,5.9799999999999995,
2021-02-03,-27.0,12.500000000000002,-1.0799999999999998,
2021-02-04,-27.0,12.500000000000002,-1.0799999999999998,
2021-02-05,-27.0,12.500000000000002,-1.0799999999999998,
2021-02-08,-27.0,12.500000000000002,-1.0799999999999998,
2021-02-09,-27.0,12.500000000000002,-1.0799999999999998,
2021-02-10,-27.0,12.500000000000002,-1.0799999999999998,
2021-02-11,-27.0,12.500000000000002,-1.0799999999999998,
2021-02-12,-27.0,12.500000000000002,-1.0799999999999998,
2021-02-15,32.0,12.500000000000002,1.2799999999999998,
2021-02-16,-27.0,12.500000000000002,-1.0799999999999998,
2021-02-18,-27.0,12.500000000000002,-1.0799999999999998,
2021-02-19,-27.0,12.500000000000002,-1.0799999999999998,
2021-02-22,-27.0,12.500000000000002,-1.0799999999999998,
2021-02-23,-27.0,12.500000000000002,-1.0799999999999998,
2021-02-24,-27.0,12.500000000000002,-1.0799999999999998,
2021-02-25,-27.0,12.500000000000002,-1.0799999999999998,
2021-02-26,-27.0,12.500000000000002,-1.0799999999999998,
2021-03-01,-27.0,12.500000000000002,-1.0799999999999998,
2021-03-02,-27.0,12.500000000000002,-1.0799999999999998,
2021-03-03,-27.0,12.500000000000002,-1.0799999999999998,
2021-03-04,-27.0,12.500000000000002,-1.0799999999999998,
2021-03-05,-27.0,12.500000000000002,-1.0799999999999998,
2021-03-08,-27.0,12.500000000000002,-1.0799999999999998,
2021-03-09,-27.0,12.500000000000002,-1.0799999999999998,
2021-03-11,-27.0,12.500000000000002,-1.0799999999999998,
2021-03-12,-27.0,12.500000000000002,-1.0799999999999998,
2021-03-15,-27.0,12.500000000000002,-1.0799999999999998,
2021-03-16,-27.0,12.500000000000002,-1.0799999999999998,
2021-03-17,-27.0,12.500000000000002,-1.0799999999999998,
2021-03-18,-27.0,12.500000000000002,-1.0799999999999998,
2021-03-19,-27.0,12.500000000000002,-1.0799999999999998,
2021-03-22,-27.0,12.500000000000002,-1.0799999999999998,
2021-03-23,-27.0,12.500000000000002,-1.0799999999999998,
2021-03-24,-2.0,12.500000000000002,-0.07999999999999999,
2021-03-25,-27.0,12.500000000000002,-1.0799999999999998,
2021-03-26,-27.0,12.500000000000002,-1.0799999999999998,
2021-03-29,-27.0,12.500000000000002,-1.0799999999999998,
2021-03-30,-27.0,12.500000000000002,-1.0799999999999998,
2021-03-31,222.0,12.500000000000002,8.879999999999999,
2021-04-01,92.5,12.500000000000002,3.6999999999999993,
2021-04-05,-27.0,12.500000000000002,-1.0799999999999998,
2021-04-06,-27.0,12.500000000000002,-1.0799999999999998,
2021-04-07,-27.0,12.500000000000002,-1.0799999999999998,
2021-04-08,-27.0,12.500000000000002,-1.0799999999999998,
2021-04-09,252.5,12.500000000000002,10.099999999999998,
2021-04-12,-27.0,12.500000000000002,-1.0799999999999998,
2021-04-13,-27.0,12.500000000000002,-1.0799999999999998,
2021-04-14,308.0,12.500000000000002,12.319999999999999,
2021-04-15,-27.0,12.500000000000002,-1.0799999999999998,
2021-04-16,-27.0,12.500000000000002,-1.0799999999999998,
2021-04-19,-27.0,12.500000000000002,-1.0799999999999998,
2021-04-20,-27.0,12.500000000000002,-1.0799999999999998,
2021-04-21,-27.0,12.500000000000002,-1.0799999999999998,
2021-04-22,-27.0,12.500000000000002,-1.0799999999999998,
2021-04-23,-27.0,12.500000000000002,-1.0799999999999998,
2021-04-26,-27.0,12.500000000000002,-1.0799999999999998,
2021-04-27,138.0,12.500000000000002,5.52,
2021-04-28,-27.0,12.500000000000002,-1.0799999999999998,
2021-04-29,138.5,12.500000000000002,5.539999999999999,
2021-04-30,-2.0,12.500000000000002,-0.07999999999999999,
2021-05-03,-27.0,12.500000000000002,-1.0799999999999998,
2021-05-04,-27.0,12.500000000000002,-1.0799999999999998,
2021-05-05,-27.0,12.500000000000002,-1.0799999999999998,
2021-05-06,-27.0,12.500000000000002,-1.0799999999999998,
2021-05-07,-27.0,12.500000000000002,-1.0799999999999998,
2021-05-10,-27.0,12.500000000000002,-1.0799999999999998,
2021-05-11,-2.0,12.500000000000002,-0.07999999999999999,
2021-05-13,-27.0,12.500000000000002,-1.0799999999999998,
2021-05-14,-27.0,12.500000000000002,-1.0799999999999998,
2021-05-17,-27.0,12.500000000000002,-1.0799999999999998,
2021-05-18,-27.0,12.500000000000002,-1.0799999999999998,
2021-05-19,-27.0,12.500000000000002,-1.0799999999999998,
2021-05-20,312.5,12.500000000000002,12.499999999999998,
2021-05-21,-27.0,12.500000000000002,-1.0799999999999998,
2021-05-24,214.5,12.500000000000002,8.579999999999998,
2021-05-25,-27.0,12.500000000000002,-1.0799999999999998,
2021-05-26,-27.0,12.500000000000002,-1.0799999999999998,
2021-05-27,-27.0,12.500000000000002,-1.0799999999999998,
2021-05-28,-27.0,12.500000000000002,-1.0799999999999998,
2021-05-31,25.5,12.500000000000002,1.0199999999999998,
2021-06-01,-27.0,12.500000000000002,-1.0799999999999998,
2021-06-02,-27.0,12.500000000000002,-1.0799999999999998,
2021-06-03,-27.0,12.500000000000002,-1.0799999999999998,
2021-06-04,246.0,12.500000000000002,9.839999999999998,
2021-06-08,-27.0,12.500000000000002,-1.0799999999999998,
2021-06-09,-27.0,12.500000000000002,-1.0799999999999998,
2021-06-10,-2.0,12.500000000000002,-0.07999999999999999,
2021-06-11,-27.0,12.500000000000002,-1.0799999999999998,
2021-06-14,-27.0,12.500000000000002,-1.0799999999999998,
2021-06-15,-27.0,12.500000000000002,-1.0799999999999998,
2021-06-16,-27.0,12.500000000000002,-1.0799999999999998,
2021-06-17,354.5,12.500000000000002,14.179999999999998,
2021-06-18,-27.0,12.500000000000002,-1.0799999999999998,
2021-06-21,-27.0,12.500000000000002,-1.0799999999999998,
2021-06-22,-27.0,12.500000000000002,-1.0799999999999998,
2021-06-23,-27.0,12.500000000000002,-1.0799999999999998,
2021-06-24,-2.0,12.500000000000002,-0.07999999999999999,
2021-06-25,-27.0,12.500000000000002,-1.0799999999999998,
2021-06-28,141.5,12.500000000000002,5.659999999999999,
2021-06-29,-27.0,12.500000000000002,-1.0799999999999998,
2021-06-30,-27.0,12.500000000000002,-1.0799999999999998,
2021-07-01,-27.0,12.500000000000002,-1.0799999999999998,
2021-07-02,-27.0,12.500000000000002,-1.0799999999999998,
2021-07-05,7.0,12.500000000000002,0.27999999999999997,
2021-07-06,-27.0,12.500000000000002,-1.0799999999999998,
2021-07-07,-27.0,12.500000000000002,-1.0799999999999998,
2021-07-08,-27.0,12.500000000000002,-1.0799999999999998,
2021-07-09,-27.0,12.500000000000002,-1.0799999999999998,
2021-07-12,-2.0,12.500000000000002,-0.07999999999999999,
2021-07-13,-27.0,12.500000000000002,-1.0799999999999998,
2021-07-14,-27.0,12.500000000000002,-1.0799999999999998,
2021-07-15,-27.0,12.500000000000002,-1.0799999999999998,
2021-07-16,-27.0,12.500000000000002,-1.0799999999999998,
2021-07-19,-27.0,12.500000000000002,-1.0799999999999998,
2021-07-20,-27.0,12.500000000000002,-1.0799999999999998,
2021-07-21,217.5,12.500000000000002,8.7,
2021-07-22,-27.0,12.500000000000002,-1.0799999999999998,
2021-07-23,-27.0,12.500000000000002,-1.0799999999999998,
2021-07-26,-27.0,12.500000000000002,-1.0799999999999998,
2021-07-27,-27.0,12.500000000000002,-1.0799999999999998,
2021-07-28,-2.0,12.500000000000002,-0.07999999999999999,
2021-07-29,15.0,12.500000000000002,0.5999999999999999,
2021-07-30,116.5,12.500000000000002,4.659999999999999,
2021-08-02,-27.0,12.500000000000002,-1.0799999999999998,
2021-08-03,-27.0,12.500000000000002,-1.0799999999999998,
2021-08-04,-27.0,12.500000000000002,-1.0799999999999998,
2021-08-05,-27.0,12.500000000000002,-1.0799999999999998,
2021-08-06,-27.0,12.500000000000002,-1.0799999999999998,
2021-08-09,-27.0,12.500000000000002,-1.0799999999999998,
2021-08-10,-27.0,12.500000000000002,-1.0799999999999998,
2021-08-11,96.0,12.500000000000002,3.8399999999999994,
2021-08-12,-27.0,12.500000000000002,-1.0799999999999998,
2021-08-13,-27.0,12.500000000000002,-1.0799999999999998,
2021-08-16,-27.0,12.500000000000002,-1.0799999999999998,
2021-08-17,-27.0,12.500000000000002,-1.0799999999999998,
2021-08-18,-27.0,12.500000000000002,-1.0799999999999998,
2021-08-19,-27.0,12.500000000000002,-1.0799999999999998,
2021-08-20,-27.0,12.500000000000002,-1.0799999999999998,
2021-08-23,311.0,12.500000000000002,12.439999999999998,
2021-08-24,-27.0,12.500000000000002,-1.0799999999999998,
2021-08-25,-27.0,12.500000000000002,-1.0799999999999998,
2021-08-26,-27.0,12.500000000000002,-1.0799999999999998,
2021-08-27,-27.0,12.500000000000002,-1.0799999999999998,
2021-08-30,228.0,12.500000000000002,9.12,
2021-08-31,-27.0,12.500000000000002,-1.0799999999999998,
2021-09-01,-27.0,12.500000000000002,-1.0799999999999998,
2021-09-02,-27.0,12.500000000000002,-1.0799999999999998,
2021-09-03,-27.0,12.500000000000002,-1.0799999999999998,
2021-09-06,9.0,12.500000000000002,0.35999999999999993,
2021-09-07,-27.0,12.500000000000002,-1.0799999999999998,
2021-09-08,-27.0,12.500000000000002,-1.0799999999999998,
2021-09-09,-27.0,12.500000000000002,-1.0799999999999998,
2021-09-10,-27.0,12.500000000000002,-1.0799999999999998,
2021-09-13,-27.0,12.500000000000002,-1.0799999999999998,
2021-09-14,-27.0,12.500000000000002,-1.0799999999999998,
2021-09-15,-2.0,12.500000000000002,-0.07999999999999999,
2021-09-16,-27.0,12.500000000000002,-1.0799999999999998,
2021-09-17,235.5,12.500000000000002,9.419999999999998,
2021-09-20,-27.0,12.500000000000002,-1.0799999999999998,
2021-09-21,-27.0,12.500000000000002,-1.0799999999999998,
2021-09-22,-27.0,12.500000000000002,-1.0799999999999998,
2021-09-23,116.5,12.500000000000002,4.659999999999999,
2021-09-24,-27.0,12.500000000000002,-1.0799999999999998,
2021-09-27,-2.0,12.500000000000002,-0.07999999999999999,
2021-09-28,-27.0,12.500000000000002,-1.0799999999999998,
2021-09-29,-27.0,12.500000000000002,-1.0799999999999998,
2021-09-30,-27.0,12.500000000000002,-1.0799999999999998,
2021-10-01,-27.0,12.500000000000002,-1.0799999999999998,
2021-10-04,407.5,12.500000000000002,16.299999999999997,
2021-10-05,-27.0,12.500000000000002,-1.0799999999999998,
2021-10-06,-2.0,12.500000000000002,-0.07999999999999999,
2021-10-07,-27.0,12.500000000000002,-1.0799999999999998,
2021-10-08,-27.0,12.500000000000002,-1.0799999999999998,
2021-10-11,-2.0,12.500000000000002,-0.07999999999999999,
2021-10-12,-27.0,12.500000000000002,-1.0799999999999998,
2021-10-13,-27.0,12.500000000000002,-1.0799999999999998,
2021-10-14,-27.0,12.500000000000002,-1.0799999999999998,
2021-10-15,-27.0,12.500000000000002,-1.0799999999999998,
2021-10-18,404.0,12.500000000000002,16.159999999999997,
2021-10-19,-27.0,12.500000000000002,-1.0799999999999998,
2021-10-20,-27.0,12.500000000000002,-1.0799999999999998,
2021-10-21,226.0,12.500000000000002,9.04,
2021-10-22,-27.0,12.500000000000002,-1.0799999999999998,
2021-10-25,-27.0,12.500000000000002,-1.0799999999999998,
2021-10-26,-27.0,12.500000000000002,-1.0799999999999998,
2021-10-27,-2.0,12.500000000000002,-0.07999999999999999,
2021-10-28,-27.0,12.500000000000002,-1.0799999999999998,
2021-10-29,-27.0,12.500000000000002,-1.0799999999999998,
2021-11-01,-2.0,12.500000000000002,-0.07999999999999999,
2021-11-02,169.0,12.500000000000002,6.759999999999999,
2021-11-03,-27.0,12.500000000000002,-1.0799999999999998,
2021-11-04,-27.0,12.500000000000002,-1.0799999999999998,
2021-11-05,-27.0,12.500000000000002,-1.0799999999999998,
2021-11-08,-27.0,12.500000000000002,-1.0799999999999998,
2021-11-09,-27.0,12.500000000000002,-1.0799999999999998,
2021-11-10,-27.0,12.500000000000002,-1.0799999999999998,
2021-11-11,-27.0,12.500000000000002,-1.0799999999999998,
2021-11-12,-27.0,12.500000000000002,-1.0799999999999998,
2021-11-15,-27.0,12.500000000000002,-1.0799999999999998,
2021-11-16,212.0,12.500000000000002,8.479999999999999,
2021-11-17,-27.0,12.500000000000002,-1.0799999999999998,
2021-11-18,-27.0,12.500000000000002,-1.0799999999999998,
2021-11-19,-27.0,12.500000000000002,-1.0799999999999998,
2021-11-22,-2.0,12.500000000000002,-0.07999999999999999,
2021-11-23,-27.0,12.500000000000002,-1.0799999999999998,
2021-11-24,-27.0,12.500000000000002,-1.0799999999999998,
2021-11-25,12.5,12.500000000000002,0.49999999999999994,
2021-11-26,-27.0,12.500000000000002,-1.0799999999999998,
2021-11-29,-27.0,12.500000000000002,-1.0799999999999998,
2021-11-30,-2.0,12.500000000000002,-0.07999999999999999,
2021-12-01,-27.0,12.500000000000002,-1.0799999999999998,
2021-12-02,-27.0,12.500000000000002,-1.0799999999999998,
2021-12-03,-27.0,12.500000000000002,-1.0799999999999998,
2021-12-06,-2.0,12.500000000000002,-0.07999999999999999,
2021-12-07,-27.0,12.500000000000002,-1.0799999999999998,
2021-12-08,-27.0,12.500000000000002,-1.0799999999999998,
2021-12-09,-27.0,12.500000000000002,-1.0799999999999998,
2021-12-10,-27.0,12.500000000000002,-1.0799999999999998,
2021-12-13,-27.0,12.500000000000002,-1.0799999999999998,
2021-12-14,-27.0,12.500000000000002,-1.0799999999999998,
2021-12-15,-27.0,12.500000000000002,-1.0799999999999998,
2021-12-16,-27.0,12.500000000000002,-1.0799999999999998,
2021-12-17,-27.0,12.500000000000002,-1.0799999999999998,
2021-12-20,-27.0,12.500000000000002,-1.0799999999999998,
2021-12-21,-27.0,12.500000000000002,-1.0799999999999998,
2021-12-22,-27.0,12.500000000000002,-1.0799999999999998,
2021-12-23,-27.0,12.500000000000002,-1.0799999999999998,
2021-12-27,288.5,12.500000000000002,11.54,
2021-12-28,-27.0,12.500000000000002,-1.0799999999999998,
2021-12-29,-27.0,12.500000000000002,-1.0799999999999998,
2021-12-30,-27.0,12.500000000000002,-1.0799999999999998,
2021-12-31,-27.0,12.500000000000002,-1.0799999999999998,
2022-01-03,-27.0,12.500000000000002,-1.0799999999999998,
2022-01-04,-27.0,12.500000000000002,-1.0799999999999998,
2022-01-05,-27.0,12.500000000000002,-1.0799999999999998,
2022-01-06,-27.0,12.500000000000002,-1.0799999999999998,
2022-01-07,-27.0,12.500000000000002,-1.0799999999999998,
2022-01-10,-27.0,12.500000000000002,-1.0799999999999998,
2022-01-11,-27.0,12.500000000000002,-1.0799999999999998,
2022-01-12,-27.0,12.500000000000002,-1.0799999999999998,
2022-01-13,-27.0,12.500000000000002,-1.0799999999999998,
2022-01-14,-2.0,12.500000000000002,-0.07999999999999999,
2022-01-17,-27.0,12.500000000000002,-1.0799999999999998,
2022-01-18,-27.0,12.500000000000002,-1.0799999999999998,
2022-01-19,-27.0,12.500000000000002,-1.0799999999999998,
2022-01-20,-27.0,12.500000000000002,-1.0799999999999998,
2022-01-21,-27.0,12.500000000000002,-1.0799999999999998,
2022-01-24,-27.0,12.500000000000002,-1.0799999999999998,
2022-01-25,-27.0,12.500000000000002,-1.0799999999999998,
2022-01-26,-27.0,12.500000000000002,-1.0799999999999998,
2022-01-27,-27.0,12.500000000000002,-1.0799999999999998,
2022-01-28,-2.0,12.500000000000002,-0.07999999999999999,
2022-01-31,-27.0,12.500000000000002,-1.0799999999999998,
2022-02-01,-27.0,12.500000000000002,-1.0799999999999998,
2022-02-02,-27.0,12.500000000000002,-1.0799999999999998,
2022-02-03,-27.0,12.500000000000002,-1.0799999999999998,
2022-02-04,-27.0,12.500000000000002,-1.0799999999999998,
2022-02-07,-27.0,12.500000000000002,-1.0799999999999998,
2022-02-08,-27.0,12.500000000000002,-1.0799999999999998,
2022-02-09,-27.0,12.500000000000002,-1.0799999999999998,
2022-02-10,-27.0,12.500000000000002,-1.0799999999999998,
2022-02-11,-27.0,12.500000000000002,-1.0799999999999998,
2022-02-14,-27.0,12.500000000000002,-1.0799999999999998,
2022-02-15,-27.0,12.500000000000002,-1.0799999999999998,
2022-02-16,-2.0,12.500000000000002,-0.07999999999999999,
2022-02-17,524.0,12.500000000000002,20.959999999999997,
2022-02-18,-27.0,12.500000000000002,-1.0799999999999998,
2022-02-21,-27.0,12.500000000000002,-1.0799999999999998,
2022-02-22,-2.0,12.500000000000002,-0.07999999999999999,
2022-02-23,-27.0,12.500000000000002,-1.0799999999999998,
2022-02-24,-27.0,12.500000000000002,-1.0799999999999998,
2022-02-25,-27.0,12.500000000000002,-1.0799999999999998,
2022-02-28,-27.0,12.500000000000002,-1.0799999999999998,
2022-03-01,-27.0,12.500000000000002,-1.0799999999999998,
2022-03-02,-27.0,12.500000000000002,-1.0799999999999998,
2022-03-03,566.5,12.500000000000002,22.659999999999997,
2022-03-04,-27.0,12.500000000000002,-1.0799999999999998,
2022-03-07,-27.0,12.500000000000002,-1.0799999999999998,
2022-03-08,-27.0,12.500000000000002,-1.0799999999999998,
2022-03-09,-27.0,12.500000000000002,-1.0799999999999998,
2022-03-10,-27.0,12.500000000000002,-1.0799999999999998,
2022-03-11,-27.0,12.500000000000002,-1.0799999999999998,
2022-03-14,-27.0,12.500000000000002,-1.0799999999999998,
2022-03-15,-27.0,12.500000000000002,-1.0799999999999998,
2022-03-16,-2.0,12.500000000000002,-0.07999999999999999,
2022-03-17,-27.0,12.500000000000002,-1.0799999999999998,
2022-03-18,683.0,12.500000000000002,27.319999999999997,
2022-03-21,-27.0,12.500000000000002,-1.0799999999999998,
2022-03-22,-27.0,12.500000000000002,-1.0799999999999998,
2022-03-23,-27.0,12.500000000000002,-1.0799999999999998,
2022-03-24,-27.0,12.500000000000002,-1.0799999999999998,
2022-03-25,-27.0,12.500000000000002,-1.0799999999999998,
2022-03-28,-2.0,12.500000000000002,-0.07999999999999999,
2022-03-29,-27.0,12.500000000000002,-1.0799999999999998,
2022-03-30,-27.0,12.500000000000002,-1.0799999999999998,
2022-03-31,-2.0,12.500000000000002,-0.07999999999999999,
2022-04-01,-27.0,12.500000000000002,-1.0799999999999998,
2022-04-04,504.0,12.500000000000002,20.159999999999997,
2022-04-05,-27.0,12.500000000000002,-1.0799999999999998,
2022-04-06,-2.0,12.500000000000002,-0.07999999999999999,
2022-04-07,-27.0,12.500000000000002,-1.0799999999999998,
2022-04-08,-2.0,12.500000000000002,-0.07999999999999999,
2022-04-11,-27.0,12.500000000000002,-1.0799999999999998,
2022-04-12,-27.0,12.500000000000002,-1.0799999999999998,
2022-04-13,-27.0,12.500000000000002,-1.0799999999999998,
2022-04-14,-27.0,12.500000000000002,-1.0799999999999998,
2022-04-18,-27.0,12.500000000000002,-1.0799999999999998,
2022-04-19,-27.0,12.500000000000002,-1.0799999999999998,
2022-04-20,-27.0,12.500000000000002,-1.0799999999999998,
2022-04-21,-27.0,12.500000000000002,-1.0799999999999998,
2022-04-22,-27.0,12.500000000000002,-1.0799999999999998,
2022-04-25,-27.0,12.500000000000002,-1.0799999999999998,
2022-04-26,727.0,12.500000000000002,29.079999999999995,
2022-04-27,-2.0,12.500000000000002,-0.07999999999999999,
2022-04-28,-27.0,12.500000000000002,-1.0799999999999998,
2022-04-29,-27.0,12.500000000000002,-1.0799999999999998,
2022-05-02,-27.0,12.500000000000002,-1.0799999999999998,
2022-05-03,-2.0,12.500000000000002,-0.07999999999999999,
2022-05-04,-27.0,12.500000000000002,-1.0799999999999998,
2022-05-05,-27.0,12.500000000000002,-1.0799999999999998,
2022-05-06,-2.0,12.500000000000002,-0.07999999999999999,
2022-05-09,-27.0,12.500000000000002,-1.0799999999999998,
2022-05-10,-2.0,12.500000000000002,-0.07999999999999999,
2022-05-11,-27.0,12.500000000000002,-1.0799999999999998,
2022-05-12,-27.0,12.500000000000002,-1.0799999999999998,
2022-05-13,-27.0,12.500000000000002,-1.0799999999999998,
2022-05-16,-27.0,12.500000000000002,-1.0799999999999998,
2022-05-17,-27.0,12.500000000000002,-1.0799999999999998,
2022-05-18,-2.0,12.500000000000002,-0.07999999999999999,
2022-05-19,-27.0,12.500000000000002,-1.0799999999999998,
2022-05-20,-27.0,12.500000000000002,-1.0799999999999998,
2022-05-23,-27.0,12.500000000000002,-1.0799999999999998,
2022-05-24,-27.0,12.500000000000002,-1.0799999999999998,
2022-05-25,-2.0,12.500000000000002,-0.07999999999999999,
2022-05-26,584.5,12.500000000000002,23.379999999999995,
2022-05-27,469.5,12.500000000000002,18.779999999999998,
2022-05-31,-27.0,12.500000000000002,-1.0799999999999998,
2022-06-01,-27.0,12.500000000000002,-1.0799999999999998,
2022-06-03,-27.0,12.500000000000002,-1.0799999999999998,
2022-06-06,-27.0,12.500000000000002,-1.0799999999999998,
2022-06-07,460.0,12.500000000000002,18.4,
2022-06-08,-27.0,12.500000000000002,-1.0799999999999998,
2022-06-09,-27.0,12.500000000000002,-1.0799999999999998,
2022-06-10,-27.0,12.500000000000002,-1.0799999999999998,
2022-06-13,-27.0,12.500000000000002,-1.0799999999999998,
2022-06-14,-2.0,12.500000000000002,-0.07999999999999999,
2022-06-15,-27.0,12.500000000000002,-1.0799999999999998,
2022-06-16,-27.0,12.500000000000002,-1.0799999999999998,
2022-06-17,-27.0,12.500000000000002,-1.0799999999999998,
2022-06-20,-27.0,12.500000000000002,-1.0799999999999998,
2022-06-21,101.5,12.500000000000002,4.06,
2022-06-22,-27.0,12.500000000000002,-1.0799999999999998,
2022-06-23,-2.0,12.500000000000002,-0.07999999999999999,
2022-06-24,484.0,12.500000000000002,19.359999999999996,
2022-06-27,-2.0,12.500000000000002,-0.07999999999999999,
2022-06-28,-27.0,12.500000000000002,-1.0799999999999998,
2022-06-29,-27.0,12.500000000000002,-1.0799999999999998,
2022-06-30,-27.0,12.500000000000002,-1.0799999999999998,
2022-07-01,-27.0,12.500000000000002,-1.0799999999999998,
2022-07-04,-27.0,12.500000000000002,-1.0799999999999998,
2022-07-05,-27.0,12.500000000000002,-1.0799999999999998,
2022-07-06,-27.0,12.500000000000002,-1.0799999999999998,
2022-07-07,290.0,12.500000000000002,11.599999999999998,
2022-07-08,-27.0,12.500000000000002,-1.0799999999999998,
2022-07-11,239.0,12.500000000000002,9.559999999999999,
2022-07-12,-27.0,12.500000000000002,-1.0799999999999998,
2022-07-13,-27.0,12.500000000000002,-1.0799999999999998,
2022-07-14,-27.0,12.500000000000002,-1.0799999999999998,
2022-07-15,-27.0,12.500000000000002,-1.0799999999999998,
2022-07-18,-27.0,12.500000000000002,-1.0799999999999998,
2022-07-19,-27.0,12.500000000000002,-1.0799999999999998,
2022-07-20,-27.0,12.500000000000002,-1.0799999999999998,
2022-07-21,-27.0,12.500000000000002,-1.0799999999999998,
2022-07-22,-27.0,12.500000000000002,-1.0799999999999998,
2022-07-25,-27.0,12.500000000000002,-1.0799999999999998,
2022-07-26,-27.0,12.500000000000002,-1.0799999999999998,
2022-07-27,-27.0,12.500000000000002,-1.0799999999999998,
2022-07-28,-2.0,12.500000000000002,-0.07999999999999999,
2022-07-29,-27.0,12.500000000000002,-1.0799999999999998,
2022-08-01,-27.0,12.500000000000002,-1.0799999999999998,
2022-08-02,-27.0,12.500000000000002,-1.0799999999999998,
2022-08-03,461.5,12.500000000000002,18.459999999999997,
2022-08-04,-27.0,12.500000000000002,-1.0799999999999998,
2022-08-05,-27.0,12.500000000000002,-1.0799999999999998,
2022-08-08,-27.0,12.500000000000002,-1.0799999999999998,
2022-08-09,-27.0,12.500000000000002,-1.0799999999999998,
2022-08-10,-27.0,12.500000000000002,-1.0799999999999998,
2022-08-11,-27.0,12.500000000000002,-1.0799999999999998,
2022-08-12,-27.0,12.500000000000002,-1.0799999999999998,
2022-08-15,-27.0,12.500000000000002,-1.0799999999999998,
2022-08-16,-2.0,12.500000000000002,-0.07999999999999999,
2022-08-17,-27.0,12.500000000000002,-1.0799999999999998,
2022-08-18,-27.0,12.500000000000002,-1.0799999999999998,
2022-08-19,160.0,12.500000000000002,6.3999999999999995,
2022-08-22,-27.0,12.500000000000002,-1.0799999999999998,
2022-08-23,-27.0,12.500000000000002,-1.0799999999999998,
2022-08-24,-27.0,12.500000000000002,-1.0799999999999998,
2022-08-25,-27.0,12.500000000000002,-1.0799999999999998,
2022-08-26,-2.0,12.500000000000002,-0.07999999999999999,
2022-08-29,-27.0,12.500000000000002,-1.0799999999999998,
2022-08-30,395.5,12.500000000000002,15.819999999999999,
2022-08-31,-27.0,12.500000000000002,-1.0799999999999998,
2022-09-01,-27.0,12.500000000000002,-1.0799999999999998,
2022-09-02,-27.0,12.500000000000002,-1.0799999999999998,
2022-09-05,-27.0,12.500000000000002,-1.0799999999999998,
2022-09-06,-27.0,12.500000000000002,-1.0799999999999998,
2022-09-07,-27.0,12.500000000000002,-1.0799999999999998,
2022-09-08,-27.0,12.500000000000002,-1.0799999999999998,
2022-09-09,-27.0,12.500000000000002,-1.0799999999999998,
2022-09-12,-27.0,12.500000000000002,-1.0799999999999998,
2022-09-13,-27.0,12.500000000000002,-1.0799999999999998,
2022-09-14,-27.0,12.500000000000002,-1.0799999999999998,
2022-09-15,-27.0,12.500000000000002,-1.0799999999999998,
2022-09-16,-27.0,12.500000000000002,-1.0799999999999998,
2022-09-19,-27.0,12.500000000000002,-1.0799999999999998,
2022-09-20,-27.0,12.500000000000002,-1.0799999999999998,
2022-09-21,-27.0,12.500000000000002,-1.0799999999999998,
2022-09-22,-27.0,12.500000000000002,-1.0799999999999998,
2022-09-23,-27.0,12.500000000000002,-1.0799999999999998,
2022-09-26,-2.0,12.500000000000002,-0.07999999999999999,
2022-09-27,-27.0,12.500000000000002,-1.0799999999999998,
2022-09-28,-27.0,12.500000000000002,-1.0799999999999998,
2022-09-29,201.5,12.500000000000002,8.059999999999999,
2022-09-30,-27.0,12.500000000000002,-1.0799999999999998,
2022-10-03,-27.0,12.500000000000002,-1.0799999999999998,
2022-10-04,-27.0,12.500000000000002,-1.0799999999999998,
2022-10-05,-27.0,12.500000000000002,-1.0799999999999998,
2022-10-06,-27.0,12.500000000000002,-1.0799999999999998,
2022-10-07,-27.0,12.500000000000002,-1.0799999999999998,
2022-10-10,-27.0,12.500000000000002,-1.0799999999999998,
2022-10-11,-2.0,12.500000000000002,-0.07999999999999999,
2022-10-12,-27.0,12.500000000000002,-1.0799999999999998,
2022-10-13,992.5,12.500000000000002,39.699999999999996,
2022-10-14,-27.0,12.500000000000002,-1.0799999999999998,
2022-10-17,-2.0,12.500000000000002,-0.07999999999999999,
2022-10-18,-27.0,12.500000000000002,-1.0799999999999998,
2022-10-19,-27.0,12.500000000000002,-1.0799999999999998,
2022-10-20,-27.0,12.500000000000002,-1.0799999999999998,
2022-10-21,-27.0,12.500000000000002,-1.0799999999999998,
2022-10-24,-27.0,12.500000000000002,-1.0799999999999998,
2022-10-25,-27.0,12.500000000000002,-1.0799999999999998,
2022-10-26,-27.0,12.500000000000002,-1.0799999999999998,
2022-10-27,-27.0,12.500000000000002,-1.0799999999999998,
2022-10-28,-2.0,12.500000000000002,-0.07999999999999999,
2022-10-31,-2.0,12.500000000000002,-0.07999999999999999,
2022-11-01,502.5,12.500000000000002,20.099999999999998,
2022-11-02,-27.0,12.500000000000002,-1.0799999999999998,
2022-11-03,-2.0,12.500000000000002,-0.07999999999999999,
2022-11-04,-27.0,12.500000000000002,-1.0799999999999998,
2022-11-07,-2.0,12.500000000000002,-0.07999999999999999,
2022-11-08,-27.0,12.500000000000002,-1.0799999999999998,
2022-11-09,-27.0,12.500000000000002,-1.0799999999999998,
2022-11-10,-2.0,12.500000000000002,-0.07999999999999999,
2022-11-11,-27.0,12.500000000000002,-1.0799999999999998,
2022-11-14,-27.0,12.500000000000002,-1.0799999999999998,
2022-11-15,-27.0,12.500000000000002,-1.0799999999999998,
2022-11-16,-27.0,12.500000000000002,-1.0799999999999998,
2022-11-17,-27.0,12.500000000000002,-1.0799999999999998,
2022-11-18,-27.0,12.500000000000002,-1.0799999999999998,
2022-11-21,-27.0,12.500000000000002,-1.0799999999999998,
2022-11-22,-2.0,12.500000000000002,-0.07999999999999999,
2022-11-23,-2.0,12.500000000000002,-0.07999999999999999,
2022-11-25,-27.0,12.500000000000002,-1.0799999999999998,
2022-11-28,-27.0,12.500000000000002,-1.0799999999999998,
2022-11-29,-27.0,12.500000000000002,-1.0799999999999998,
2022-11-30,-27.0,12.500000000000002,-1.0799999999999998,
2022-12-01,-27.0,12.500000000000002,-1.0799999999999998,
2022-12-02,-27.0,12.500000000000002,-1.0799999999999998,
2022-12-05,-27.0,12.500000000000002,-1.0799999999999998,
2022-12-06,-27.0,12.500000000000002,-1.0799999999999998,
2022-12-07,-27.0,12.500000000000002,-1.0799999999999998,
2022-12-08,-27.0,12.500000000000002,-1.0799999999999998,
2022-12-09,-27.0,12.500000000000002,-1.0799999999999998,
2022-12-12,-27.0,12.500000000000002,-1.0799999999999998,
2022-12-13,-27.0,12.500000000000002,-1.0799999999999998,
2022-12-14,-27.0,12.500000000000002,-1.0799999999999998,
2022-12-15,-27.0,12.500000000000002,-1.0799999999999998,
2022-12-16,-27.0,12.500000000000002,-1.0799999999999998,
2022-12-19,-27.0,12.500000000000002,-1.0799999999999998,
2022-12-20,-27.0,12.500000000000002,-1.0799999999999998,
2022-12-21,-27.0,12.500000000000002,-1.0799999999999998,
2022-12-22,173.5,12.500000000000002,6.939999999999999,
2022-12-23,-2.0,12.500000000000002,-0.07999999999999999,
2022-12-27,198.0,12.500000000000002,7.919999999999999,
2022-12-28,-27.0,12.500000000000002,-1.0799999999999998,
2022-12-29,217.5,12.500000000000002,8.7,
2022-12-30,-27.0,12.500000000000002,-1.0799999999999998,
2023-01-03,-27.0,12.500000000000002,-1.0799999999999998,
2023-01-04,-27.0,12.500000000000002,-1.0799999999999998,
2023-01-05,-27.0,12.500000000000002,-1.0799999999999998,
2023-01-06,-27.0,12.500000000000002,-1.0799999999999998,
2023-01-09,-27.0,12.500000000000002,-1.0799999999999998,
2023-01-10,-27.0,12.500000000000002,-1.0799999999999998,
2023-01-11,-27.0,12.500000000000002,-1.0799999999999998,
2023-01-12,-27.0,12.500000000000002,-1.0799999999999998,
2023-01-13,-27.0,12.500000000000002,-1.0799999999999998,
2023-01-16,-27.0,12.500000000000002,-1.0799999999999998,
2023-01-17,-27.0,12.500000000000002,-1.0799999999999998,
2023-01-18,-27.0,12.500000000000002,-1.0799999999999998,
2023-01-19,-27.0,12.500000000000002,-1.0799999999999998,
2023-01-20,-27.0,12.500000000000002,-1.0799999999999998,
2023-01-23,416.0,12.500000000000002,16.639999999999997,
2023-01-24,-27.0,12.500000000000002,-1.0799999999999998,
2023-01-25,-27.0,12.500000000000002,-1.0799999999999998,
2023-01-26,-27.0,12.500000000000002,-1.0799999999999998,
2023-01-27,279.5,12.500000000000002,11.179999999999998,
2023-01-30,-27.0,12.500000000000002,-1.0799999999999998,
2023-01-31,-27.0,12.500000000000002,-1.0799999999999998,
2023-02-01,-27.0,12.500000000000002,-1.0799999999999998,
2023-02-02,-27.0,12.500000000000002,-1.0799999999999998,
2023-02-03,-27.0,12.500000000000002,-1.0799999999999998,
2023-02-06,-27.0,12.500000000000002,-1.0799999999999998,
2023-02-07,-27.0,12.500000000000002,-1.0799999999999998,
2023-02-08,-27.0,12.500000000000002,-1.0799999999999998,
2023-02-09,-27.0,12.500000000000002,-1.0799999999999998,
2023-02-10,-27.0,12.500000000000002,-1.0799999999999998,
2023-02-13,-27.0,12.500000000000002,-1.0799999999999998,
2023-02-14,-27.0,12.500000000000002,-1.0799999999999998,
2023-02-15,-27.0,12.500000000000002,-1.0799999999999998,
2023-02-16,-27.0,12.500000000000002,-1.0799999999999998,
2023-02-17,-27.0,12.500000000000002,-1.0799999999999998,
2023-02-20,35.0,12.500000000000002,1.4,
2023-02-21,-27.0,12.500000000000002,-1.0799999999999998,
2023-02-22,-27.0,12.500000000000002,-1.0799999999999998,
2023-02-23,-27.0,12.500000000000002,-1.0799999999999998,
2023-02-24,-27.0,12.500000000000002,-1.0799999999999998,
2023-02-27,-27.0,12.500000000000002,-1.0799999999999998,
2023-02-28,-27.0,12.500000000000002,-1.0799999999999998,
2023-03-01,-27.0,12.500000000000002,-1.0799999999999998,
2023-03-02,-27.0,12.500000000000002,-1.0799999999999998,
2023-03-03,-27.0,12.500000000000002,-1.0799999999999998,
2023-03-06,-27.0,12.500000000000002,-1.0799999999999998,
2023-03-07,-27.0,12.500000000000002,-1.0799999999999998,
2023-03-08,-27.0,12.500000000000002,-1.0799999999999998,
2023-03-09,-27.0,12.500000000000002,-1.0799999999999998,
2023-03-10,-2.0,12.500000000000002,-0.07999999999999999,
2023-03-13,-27.0,12.500000000000002,-1.0799999999999998,
2023-03-14,-27.0,12.500000000000002,-1.0799999999999998,
2023-03-15,-27.0,12.500000000000002,-1.0799999999999998,
2023-03-16,-27.0,12.500000000000002,-1.0799999999999998,
2023-03-17,-27.0,12.500000000000002,-1.0799999999999998,
2023-03-20,-27.0,12.500000000000002,-1.0799999999999998,
2023-03-21,-27.0,12.500000000000002,-1.0799999999999998,
2023-03-22,-27.0,12.500000000000002,-1.0799999999999998,
2023-03-23,-27.0,12.500000000000002,-1.0799999999999998,
2023-03-24,-27.0,12.500000000000002,-1.0799999999999998,
2023-03-27,-27.0,12.500000000000002,-1.0799999999999998,
2023-03-28,9.5,12.500000000000002,0.37999999999999995,
2023-03-29,-27.0,12.500000000000002,-1.0799999999999998,
2023-03-30,-27.0,12.500000000000002,-1.0799999999999998,
2023-03-31,355.0,12.500000000000002,14.199999999999998,
2023-04-03,-27.0,12.500000000000002,-1.0799999999999998,
2023-04-04,-27.0,12.500000000000002,-1.0799999999999998,
2023-04-05,163.5,12.500000000000002,6.539999999999999,
2023-04-06,-27.0,12.500000000000002,-1.0799999999999998,
2023-04-10,-27.0,12.500000000000002,-1.0799999999999998,
2023-04-11,-27.0,12.500000000000002,-1.0799999999999998,
2023-04-12,350.5,12.500000000000002,14.019999999999998,
2023-04-13,-27.0,12.500000000000002,-1.0799999999999998,
2023-04-14,-2.0,12.500000000000002,-0.07999999999999999,
2023-04-17,-27.0,12.500000000000002,-1.0799999999999998,
2023-04-18,-27.0,12.500000000000002,-1.0799999999999998,
2023-04-19,-27.0,12.500000000000002,-1.0799999999999998,
2023-04-20,-2.0,12.500000000000002,-0.07999999999999999,
2023-04-21,-2.0,12.500000000000002,-0.07999999999999999,
2023-04-24,-27.0,12.500000000000002,-1.0799999999999998,
2023-04-25,-27.0,12.500000000000002,-1.0799999999999998,
2023-04-26,-27.0,12.500000000000002,-1.0799999999999998,
2023-04-27,-27.0,12.500000000000002,-1.0799999999999998,
2023-04-28,-27.0,12.500000000000002,-1.0799999999999998,
2023-05-01,-27.0,12.500000000000002,-1.0799999999999998,
2023-05-02,-27.0,12.500000000000002,-1.0799999999999998,
2023-05-03,-27.0,12.500000000000002,-1.0799999999999998,
2023-05-04,-27.0,12.500000000000002,-1.0799999999999998,
2023-05-05,337.5,12.500000000000002,13.499999999999998,
2023-05-08,-27.0,12.500000000000002,-1.0799999999999998,
2023-05-09,-27.0,12.500000000000002,-1.0799999999999998,
2023-05-10,-27.0,12.500000000000002,-1.0799999999999998,
2023-05-11,-27.0,12.500000000000002,-1.0799999999999998,
2023-05-12,-27.0,12.500000000000002,-1.0799999999999998,
2023-05-15,-27.0,12.500000000000002,-1.0799999999999998,
2023-05-16,-27.0,12.500000000000002,-1.0799999999999998,
2023-05-17,-27.0,12.500000000000002,-1.0799999999999998,
2023-05-18,427.0,12.500000000000002,17.08,
2023-05-19,-27.0,12.500000000000002,-1.0799999999999998,
2023-05-22,-27.0,12.500000000000002,-1.0799999999999998,
2023-05-23,-27.0,12.500000000000002,-1.0799999999999998,
2023-05-24,-27.0,12.500000000000002,-1.0799999999999998,
2023-05-25,-27.0,12.500000000000002,-1.0799999999999998,
2023-05-26,532.5,12.500000000000002,21.299999999999997,
2023-05-29,-27.0,12.500000000000002,-1.0799999999999998,
2023-05-30,-27.0,12.500000000000002,-1.0799999999999998,
2023-05-31,-27.0,12.500000000000002,-1.0799999999999998,
2023-06-01,-27.0,12.500000000000002,-1.0799999999999998,
2023-06-02,-27.0,12.500000000000002,-1.0799999999999998,
2023-06-05,-27.0,12.500000000000002,-1.0799999999999998,
2023-06-06,-27.0,12.500000000000002,-1.0799999999999998,
2023-06-07,-27.0,12.500000000000002,-1.0799999999999998,
2023-06-08,-27.0,12.500000000000002,-1.0799999999999998,
2023-06-09,-2.0,12.500000000000002,-0.07999999999999999,
2023-06-12,-27.0,12.500000000000002,-1.0799999999999998,
2023-06-13,-2.0,12.500000000000002,-0.07999999999999999,
2023-06-14,-27.0,12.500000000000002,-1.0799999999999998,
2023-06-15,450.0,12.500000000000002,17.999999999999996,
2023-06-16,-27.0,12.500000000000002,-1.0799999999999998,
2023-06-19,10.5,12.500000000000002,0.41999999999999993,
2023-06-20,-27.0,12.500000000000002,-1.0799999999999998,
2023-06-21,221.0,12.500000000000002,8.839999999999998,
2023-06-22,409.0,12.500000000000002,16.36,
2023-06-23,-27.0,12.500000000000002,-1.0799999999999998,
2023-06-26,-2.0,12.500000000000002,-0.07999999999999999,
2023-06-27,-27.0,12.500000000000002,-1.0799999999999998,
2023-06-28,-27.0,12.500000000000002,-1.0799999999999998,
2023-06-29,-27.0,12.500000000000002,-1.0799999999999998,
2023-06-30,122.0,12.500000000000002,4.879999999999999,
2023-07-03,-27.0,12.500000000000002,-1.0799999999999998,
2023-07-04,-27.0,12.500000000000002,-1.0799999999999998,
2023-07-05,-2.0,12.500000000000002,-0.07999999999999999,
2023-07-06,-27.0,12.500000000000002,-1.0799999999999998,
2023-07-07,-27.0,12.500000000000002,-1.0799999999999998,
2023-07-10,-27.0,12.500000000000002,-1.0799999999999998,
2023-07-11,-27.0,12.500000000000002,-1.0799999999999998,
2023-07-12,-27.0,12.500000000000002,-1.0799999999999998,
2023-07-13,-27.0,12.500000000000002,-1.0799999999999998,
2023-07-14,-2.0,12.500000000000002,-0.07999999999999999,
2023-07-17,-27.0,12.500000000000002,-1.0799999999999998,
2023-07-18,-27.0,12.500000000000002,-1.0799999999999998,
2023-07-19,-27.0,12.500000000000002,-1.0799999999999998,
2023-07-20,-27.0,12.500000000000002,-1.0799999999999998,
2023-07-21,-27.0,12.500000000000002,-1.0799999999999998,
2023-07-24,-27.0,12.500000000000002,-1.0799999999999998,
2023-07-25,-27.0,12.500000000000002,-1.0799999999999998,
2023-07-26,-27.0,12.500000000000002,-1.0799999999999998,
2023-07-27,-27.0,12.500000000000002,-1.0799999999999998,
2023-07-28,170.0,12.500000000000002,6.799999999999999,
2023-07-31,-27.0,12.500000000000002,-1.0799999999999998,
2023-08-01,-27.0,12.500000000000002,-1.0799999999999998,
2023-08-02,312.5,12.500000000000002,12.499999999999998,
2023-08-03,-27.0,12.500000000000002,-1.0799999999999998,
2023-08-04,-27.0,12.500000000000002,-1.0799999999999998,
2023-08-07,-27.0,12.500000000000002,-1.0799999999999998,
2023-08-08,-2.0,12.500000000000002,-0.07999999999999999,
2023-08-09,346.0,12.500000000000002,13.839999999999998,
2023-08-10,-2.0,12.500000000000002,-0.07999999999999999,
2023-08-11,-27.0,12.500000000000002,-1.0799999999999998,
2023-08-14,-27.0,12.500000000000002,-1.0799999999999998,
2023-08-15,-27.0,12.500000000000002,-1.0799999999999998,
2023-08-16,-27.0,12.500000000000002,-1.0799999999999998,
2023-08-17,393.0,12.500000000000002,15.719999999999997,
2023-08-18,-27.0,12.500000000000002,-1.0799999999999998,
2023-08-21,-2.0,12.500000000000002,-0.07999999999999999,
2023-08-22,235.0,12.500000000000002,9.399999999999999,
2023-08-23,-27.0,12.500000000000002,-1.0799999999999998,
2023-08-24,792.5,12.500000000000002,31.699999999999996,
2023-08-25,-27.0,12.500000000000002,-1.0799999999999998,
2023-08-28,-27.0,12.500000000000002,-1.0799999999999998,
2023-08-29,-27.0,12.500000000000002,-1.0799999999999998,
2023-08-30,-27.0,12.500000000000002,-1.0799999999999998,
2023-08-31,-2.0,12.500000000000002,-0.07999999999999999,
2023-09-01,-27.0,12.500000000000002,-1.0799999999999998,
2023-09-04,-27.0,12.500000000000002,-1.0799999999999998,
2023-09-06,-27.0,12.500000000000002,-1.0799999999999998,
2023-09-07,-27.0,12.500000000000002,-1.0799999999999998,
2023-09-08,-27.0,12.500000000000002,-1.0799999999999998,
2023-09-11,-27.0,12.500000000000002,-1.0799999999999998,
2023-09-12,-27.0,12.500000000000002,-1.0799999999999998,
2023-09-13,-27.0,12.500000000000002,-1.0799999999999998,
2023-09-14,-27.0,12.500000000000002,-1.0799999999999998,
2023-09-15,390.0,12.500000000000002,15.599999999999998,
2023-09-18,-27.0,12.500000000000002,-1.0799999999999998,
2023-09-19,-2.0,12.500000000000002,-0.07999999999999999,
2023-09-20,-27.0,12.500000000000002,-1.0799999999999998,
2023-09-21,-27.0,12.500000000000002,-1.0799999999999998,
2023-09-22,-27.0,12.500000000000002,-1.0799999999999998,
2023-09-25,-27.0,12.500000000000002,-1.0799999999999998,
2023-09-26,-2.0,12.500000000000002,-0.07999999999999999,
2023-09-27,-27.0,12.500000000000002,-1.0799999999999998,
2023-09-28,-27.0,12.500000000000002,-1.0799999999999998,
2023-09-29,-27.0,12.500000000000002,-1.0799999999999998,
2023-10-02,-2.0,12.500000000000002,-0.07999999999999999,
2023-10-03,-27.0,12.500000000000002,-1.0799999999999998,
2023-10-04,-27.0,12.500000000000002,-1.0799999999999998,
2023-10-05,-2.0,12.500000000000002,-0.07999999999999999,
2023-10-09,-27.0,12.500000000000002,-1.0799999999999998,
2023-10-10,-27.0,12.500000000000002,-1.0799999999999998,
2023-10-11,-27.0,12.500000000000002,-1.0799999999999998,
2023-10-12,-27.0,12.500000000000002,-1.0799999999999998,
2023-10-13,377.0,12.500000000000002,15.079999999999998,
2023-10-16,-27.0,12.500000000000002,-1.0799999999999998,
2023-10-17,-27.0,12.500000000000002,-1.0799999999999998,
2023-10-18,-27.0,12.500000000000002,-1.0799999999999998,
2023-10-19,-27.0,12.500000000000002,-1.0799999999999998,
2023-10-20,-27.0,12.500000000000002,-1.0799999999999998,
2023-10-23,-2.0,12.500000000000002,-0.07999999999999999,
2023-10-24,-27.0,12.500000000000002,-1.0799999999999998,
2023-10-25,-2.0,12.500000000000002,-0.07999999999999999,
2023-10-26,-27.0,12.500000000000002,-1.0799999999999998,
2023-10-27,-27.0,12.500000000000002,-1.0799999999999998,
2023-10-30,-27.0,12.500000000000002,-1.0799999999999998,
2023-10-31,-2.0,12.500000000000002,-0.07999999999999999,
2023-11-01,405.0,12.500000000000002,16.2,
2023-11-02,-27.0,12.500000000000002,-1.0799999999999998,
2023-11-03,-27.0,12.500000000000002,-1.0799999999999998,
2023-11-06,-27.0,12.500000000000002,-1.0799999999999998,
2023-11-07,-27.0,12.500000000000002,-1.0799999999999998,
2023-11-08,-27.0,12.500000000000002,-1.0799999999999998,
2023-11-09,-27.0,12.500000000000002,-1.0799999999999998,
2023-11-10,-27.0,12.500000000000002,-1.0799999999999998,
2023-11-13,-27.0,12.500000000000002,-1.0799999999999998,
2023-11-14,-27.0,12.500000000000002,-1.0799999999999998,
2023-11-15,-27.0,12.500000000000002,-1.0799999999999998,
2023-11-16,-27.0,12.500000000000002,-1.0799999999999998,
2023-11-17,-27.0,12.500000000000002,-1.0799999999999998,
2023-11-20,-27.0,12.500000000000002,-1.0799999999999998,
2023-11-21,-27.0,12.500000000000002,-1.0799999999999998,
2023-11-22,-27.0,12.500000000000002,-1.0799999999999998,
2023-11-23,-27.0,12.500000000000002,-1.0799999999999998,
2023-11-24,-27.0,12.500000000000002,-1.0799999999999998,
2023-11-27,-2.0,12.500000000000002,-0.07999999999999999,
2023-11-28,-27.0,12.500000000000002,-1.0799999999999998,
2023-11-29,-27.0,12.500000000000002,-1.0799999999999998,
2023-11-30,-2.0,12.500000000000002,-0.07999999999999999,
2023-12-01,-27.0,12.500000000000002,-1.0799999999999998,
2023-12-04,-27.0,12.500000000000002,-1.0799999999999998,
2023-12-05,205.0,12.500000000000002,8.2,
2023-12-06,300.0,12.500000000000002,11.999999999999998,
2023-12-07,-27.0,12.500000000000002,-1.0799999999999998,
2023-12-08,-27.0,12.500000000000002,-1.0799999999999998,
2023-12-11,-27.0,12.500000000000002,-1.0799999999999998,
2023-12-12,-27.0,12.500000000000002,-1.0799999999999998,
2023-12-13,-27.0,12.500000000000002,-1.0799999999999998,
2023-12-14,-27.0,12.500000000000002,-1.0799999999999998,
2023-12-15,-27.0,12.500000000000002,-1.0799999999999998,
2023-12-18,-27.0,12.500000000000002,-1.0799999999999998,
2023-12-19,-27.0,12.500000000000002,-1.0799999999999998,
2023-12-20,-2.0,12.500000000000002,-0.07999999999999999,
2023-12-21,-2.0,12.500000000000002,-0.07999999999999999,
2023-12-22,-27.0,12.500000000000002,-1.0799999999999998,
2023-12-26,104.0,12.500000000000002,4.159999999999999,
2023-12-27,-27.0,12.500000000000002,-1.0799999999999998,
2023-12-28,-27.0,12.500000000000002,-1.0799999999999998,
2023-12-29,-27.0,12.500000000000002,-1.0799999999999998,
2024-01-02,219.5,12.500000000000002,8.78,
2024-01-03,-27.0,12.500000000000002,-1.0799999999999998,
2024-01-04,-27.0,12.500000000000002,-1.0799999999999998,
2024-01-05,-27.0,12.500000000000002,-1.0799999999999998,
2024-01-08,509.5,12.500000000000002,20.379999999999995,
2024-01-09,-27.0,12.500000000000002,-1.0799999999999998,
2024-01-10,-27.0,12.500000000000002,-1.0799999999999998,
2024-01-11,-27.0,12.500000000000002,-1.0799999999999998,
2024-01-12,-27.0,12.500000000000002,-1.0799999999999998,
2024-01-16,-27.0,12.500000000000002,-1.0799999999999998,
2024-01-17,-27.0,12.500000000000002,-1.0799999999999998,
2024-01-18,-27.0,12.500000000000002,-1.0799999999999998,
2024-01-19,-27.0,12.500000000000002,-1.0799999999999998,
2024-01-22,-27.0,12.500000000000002,-1.0799999999999998,
2024-01-23,-27.0,12.500000000000002,-1.0799999999999998,
2024-01-24,-27.0,12.500000000000002,-1.0799999999999998,
2024-01-25,-27.0,12.500000000000002,-1.0799999999999998,
2024-01-26,-27.0,12.500000000000002,-1.0799999999999998,
2024-01-29,-27.0,12.500000000000002,-1.0799999999999998,
2024-01-30,-27.0,12.500000000000002,-1.0799999999999998,
2024-01-31,-27.0,12.500000000000002,-1.0799999999999998,
2024-02-01,-27.0,12.500000000000002,-1.0799999999999998,
2024-02-02,-2.0,12.500000000000002,-0.07999999999999999,
2024-02-05,-27.0,12.500000000000002,-1.0799999999999998,
2024-02-06,134.0,12.500000000000002,5.359999999999999,
2024-02-07,-27.0,12.500000000000002,-1.0799999999999998,
2024-02-08,-27.0,12.500000000000002,-1.0799999999999998,
2024-02-09,-27.0,12.500000000000002,-1.0799999999999998,
2024-02-12,-27.0,12.500000000000002,-1.0799999999999998,
2024-02-13,-27.0,12.500000000000002,-1.0799999999999998,
2024-02-14,-27.0,12.500000000000002,-1.0799999999999998,
2024-02-15,-2.0,12.500000000000002,-0.07999999999999999,
2024-02-16,-27.0,12.500000000000002,-1.0799999999999998,
2024-02-19,-27.0,12.500000000000002,-1.0799999999999998,
2024-02-20,-27.0,12.500000000000002,-1.0799999999999998,
2024-02-21,-27.0,12.500000000000002,-1.0799999999999998,
2024-02-22,283.0,12.500000000000002,11.319999999999999,
2024-02-23,-27.0,12.500000000000002,-1.0799999999999998,
2024-02-26,-27.0,12.500000000000002,-1.0799999999999998,
2024-02-27,-27.0,12.500000000000002,-1.0799999999999998,
2024-02-28,-27.0,12.500000000000002,-1.0799999999999998,
2024-02-29,-27.0,12.500000000000002,-1.0799999999999998,
2024-03-01,-27.0,12.500000000000002,-1.0799999999999998,
2024-03-04,-27.0,12.500000000000002,-1.0799999999999998,
2024-03-05,283.5,12.500000000000002,11.339999999999998,
2024-03-06,-2.0,12.500000000000002,-0.07999999999999999,
2024-03-07,-27.0,12.500000000000002,-1.0799999999999998,
2024-03-08,-27.0,12.500000000000002,-1.0799999999999998,
2024-03-11,-27.0,12.500000000000002,-1.0799999999999998,
2024-03-12,-27.0,12.500000000000002,-1.0799999999999998,
2024-03-13,-27.0,12.500000000000002,-1.0799999999999998,
2024-03-14,-2.0,12.500000000000002,-0.07999999999999999,
2024-03-15,-27.0,12.500000000000002,-1.0799999999999998,
2024-03-18,-27.0,12.500000000000002,-1.0799999999999998,
2024-03-19,-27.0,12.500000000000002,-1.0799999999999998,
2024-03-20,-27.0,12.500000000000002,-1.0799999999999998,
2024-03-21,-27.0,12.500000000000002,-1.0799999999999998,
2024-03-22,-27.0,12.500000000000002,-1.0799999999999998,
2024-03-25,-27.0,12.500000000000002,-1.0799999999999998,
2024-03-26,-27.0,12.500000000000002,-1.0799999999999998,
2024-03-27,25.5,12.500000000000002,1.0199999999999998,
2024-03-28,-27.0,12.500000000000002,-1.0799999999999998,
2024-04-01,-27.0,12.500000000000002,-1.0799999999999998,
2024-04-02,-27.0,12.500000000000002,-1.0799999999999998,
2024-04-03,-27.0,12.500000000000002,-1.0799999999999998,
2024-04-04,-27.0,12.500000000000002,-1.0799999999999998,
2024-04-05,-27.0,12.500000000000002,-1.0799999999999998,
2024-04-08,-27.0,12.500000000000002,-1.0799999999999998,
2024-04-09,-27.0,12.500000000000002,-1.0799999999999998,
2024-04-10,-27.0,12.500000000000002,-1.0799999999999998,
2024-04-11,-27.0,12.500000000000002,-1.0799999999999998,
2024-04-12,-27.0,12.500000000000002,-1.0799999999999998,
2024-04-15,-27.0,12.500000000000002,-1.0799999999999998,
2024-04-16,-27.0,12.500000000000002,-1.0799999999999998,
2024-04-17,499.5,12.500000000000002,19.979999999999997,
2024-04-18,-2.0,12.500000000000002,-0.07999999999999999,
2024-04-19,-27.0,12.500000000000002,-1.0799999999999998,
2024-04-22,-27.0,12.500000000000002,-1.0799999999999998,
2024-04-23,330.0,12.500000000000002,13.199999999999998,
2024-04-24,-27.0,12.500000000000002,-1.0799999999999998,
2024-04-25,-27.0,12.500000000000002,-1.0799999999999998,
2024-04-26,-27.0,12.500000000000002,-1.0799999999999998,
2024-04-29,-27.0,12.500000000000002,-1.0799999999999998,
2024-04-30,-27.0,12.500000000000002,-1.0799999999999998,
2024-05-01,-27.0,12.500000000000002,-1.0799999999999998,
2024-05-02,-2.0,12.500000000000002,-0.07999999999999999,
2024-05-03,-27.0,12.500000000000002,-1.0799999999999998,
2024-05-06,-27.0,12.500000000000002,-1.0799999999999998,
2024-05-07,-27.0,12.500000000000002,-1.0799999999999998,
2024-05-08,160.5,12.500000000000002,6.419999999999999,
2024-05-09,-2.0,12.500000000000002,-0.07999999999999999,
2024-05-10,-27.0,12.500000000000002,-1.0799999999999998,
2024-05-13,-27.0,12.500000000000002,-1.0799999999999998,
2024-05-14,-27.0,12.500000000000002,-1.0799999999999998,
2024-05-15,-27.0,12.500000000000002,-1.0799999999999998,
2024-05-16,-27.0,12.500000000000002,-1.0799999999999998,
2024-05-17,-27.0,12.500000000000002,-1.0799999999999998,
2024-05-20,154.0,12.500000000000002,6.159999999999999,
2024-05-21,-27.0,12.500000000000002,-1.0799999999999998,
2024-05-22,-27.0,12.500000000000002,-1.0799999999999998,
2024-05-23,-27.0,12.500000000000002,-1.0799999999999998,
2024-05-24,-27.0,12.500000000000002,-1.0799999999999998,
2024-05-27,-27.0,12.500000000000002,-1.0799999999999998,
2024-05-28,-27.0,12.500000000000002,-1.0799999999999998,
2024-05-29,-27.0,12.500000000000002,-1.0799999999999998,
2024-05-30,-27.0,12.500000000000002,-1.0799999999999998,
2024-05-31,-27.0,12.500000000000002,-1.0799999999999998,
2024-06-03,-27.0,12.500000000000002,-1.0799999999999998,
2024-06-04,-27.0,12.500000000000002,-1.0799999999999998,
2024-06-05,-27.0,12.500000000000002,-1.0799999999999998,
2024-06-06,-27.0,12.500000000000002,-1.0799999999999998,
2024-06-07,-27.0,12.500000000000002,-1.0799999999999998,
2024-06-10,-27.0,12.500000000000002,-1.0799999999999998,
2024-06-11,-27.0,12.500000000000002,-1.0799999999999998,
2024-06-12,-27.0,12.500000000000002,-1.0799999999999998,
2024-06-13,-27.0,12.500000000000002,-1.0799999999999998,
2024-06-14,-2.0,12.500000000000002,-0.07999999999999999,
2024-06-17,-27.0,12.500000000000002,-1.0799999999999998,
2024-06-18,-27.0,12.500000000000002,-1.0799999999999998,
2024-06-19,16.0,12.500000000000002,0.6399999999999999,
2024-06-20,-27.0,12.500000000000002,-1.0799999999999998,
2024-06-21,-27.0,12.500000000000002,-1.0799999999999998,
2024-06-24,-27.0,12.500000000000002,-1.0799999999999998,
2024-06-25,-27.0,12.500000000000002,-1.0799999999999998,
2024-06-26,-27.0,12.500000000000002,-1.0799999999999998,
2024-06-27,-27.0,12.500000000000002,-1.0799999999999998,
2024-06-28,-27.0,12.500000000000002,-1.0799999999999998,
2024-07-01,-27.0,12.500000000000002,-1.0799999999999998,
2024-07-02,-27.0,12.500000000000002,-1.0799999999999998,
2024-07-03,-27.0,12.500000000000002,-1.0799999999999998,
2024-07-04,15.5,12.500000000000002,0.6199999999999999,
2024-07-05,-27.0,12.500000000000002,-1.0799999999999998,
2024-07-08,-27.0,12.500000000000002,-1.0799999999999998,
2024-07-09,-27.0,12.500000000000002,-1.0799999999999998,
2024-07-10,-27.0,12.500000000000002,-1.0799999999999998,
2024-07-11,858.0,12.500000000000002,34.31999999999999,
2024-07-12,-27.0,12.500000000000002,-1.0799999999999998,
2024-07-15,-27.0,12.500000000000002,-1.0799999999999998,
2024-07-16,-27.0,12.500000000000002,-1.0799999999999998,
2024-07-17,-27.0,12.500000000000002,-1.0799999999999998,
2024-07-18,-27.0,12.500000000000002,-1.0799999999999998,
2024-07-19,-27.0,12.500000000000002,-1.0799999999999998,
2024-07-22,-27.0,12.500000000000002,-1.0799999999999998,
2024-07-23,-27.0,12.500000000000002,-1.0799999999999998,
2024-07-24,753.5,12.500000000000002,30.139999999999997,
2024-07-25,-27.0,12.500000000000002,-1.0799999999999998,
2024-07-26,-27.0,12.500000000000002,-1.0799999999999998,
2024-07-29,-27.0,12.500000000000002,-1.0799999999999998,
2024-07-30,640.0,12.500000000000002,25.599999999999998,
2024-07-31,-27.0,12.500000000000002,-1.0799999999999998,
2024-08-01,-27.0,12.500000000000002,-1.0799999999999998,
2024-08-02,-27.0,12.500000000000002,-1.0799999999999998,
2024-08-05,-27.0,12.500000000000002,-1.0799999999999998,
2024-08-06,-27.0,12.500000000000002,-1.0799999999999998,
2024-08-07,-27.0,12.500000000000002,-1.0799999999999998,
2024-08-08,-27.0,12.500000000000002,-1.0799999999999998,
2024-08-09,-27.0,12.500000000000002,-1.0799999999999998,
2024-08-12,-2.0,12.500000000000002,-0.07999999999999999,
2024-08-13,-27.0,12.500000000000002,-1.0799999999999998,
2024-08-14,-27.0,12.500000000000002,-1.0799999999999998,
2024-08-15,-27.0,12.500000000000002,-1.0799999999999998,
2024-08-16,-27.0,12.500000000000002,-1.0799999999999998,
2024-08-19,-27.0,12.500000000000002,-1.0799999999999998,
2024-08-20,-27.0,12.500000000000002,-1.0799999999999998,
2024-08-21,-27.0,12.500000000000002,-1.0799999999999998,
2024-08-22,-27.0,12.500000000000002,-1.0799999999999998,
2024-08-23,-27.0,12.500000000000002,-1.0799999999999998,
2024-08-26,-27.0,12.500000000000002,-1.0799999999999998,
2024-08-27,-27.0,12.500000000000002,-1.0799999999999998,
2024-08-28,-27.0,12.500000000000002,-1.0799999999999998,
2024-08-29,-27.0,12.500000000000002,-1.0799999999999998,
2024-08-30,-27.0,12.500000000000002,-1.0799999999999998,
2024-09-02,-27.0,12.500000000000002,-1.0799999999999998,
2024-09-03,816.5,12.500000000000002,32.66,
2024-09-04,-27.0,12.500000000000002,-1.0799999999999998,
2024-09-05,-27.0,12.500000000000002,-1.0799999999999998,
2024-09-06,-27.0,12.500000000000002,-1.0799999999999998,
2024-09-09,-27.0,12.500000000000002,-1.0799999999999998,
2024-09-10,-27.0,12.500000000000002,-1.0799999999999998,
2024-09-11,-27.0,12.500000000000002,-1.0799999999999998,
2024-09-12,-27.0,12.500000000000002,-1.0799999999999998,
2024-09-13,-27.0,12.500000000000002,-1.0799999999999998,
2024-09-16,-27.0,12.500000000000002,-1.0799999999999998,
2024-09-17,-27.0,12.500000000000002,-1.0799999999999998,
2024-09-18,-27.0,12.500000000000002,-1.0799999999999998,
2024-09-20,-27.0,12.500000000000002,-1.0799999999999998,
2024-09-23,-27.0,12.500000000000002,-1.0799999999999998,
2024-09-24,-27.0,12.500000000000002,-1.0799999999999998,
2024-09-25,-27.0,12.500000000000002,-1.0799999999999998,
2024-09-26,-27.0,12.500000000000002,-1.0799999999999998,
2024-09-27,-27.0,12.500000000000002,-1.0799999999999998,
2024-09-30,-27.0,12.500000000000002,-1.0799999999999998,
2024-10-01,391.5,12.500000000000002,15.659999999999998,
2024-10-02,-27.0,12.500000000000002,-1.0799999999999998,
2024-10-03,-27.0,12.500000000000002,-1.0799999999999998,
2024-10-04,-27.0,12.500000000000002,-1.0799999999999998,
2024-10-07,-27.0,12.500000000000002,-1.0799999999999998,
2024-10-08,320.5,12.500000000000002,12.819999999999999,
2024-10-09,-27.0,12.500000000000002,-1.0799999999999998,
2024-10-10,-27.0,12.500000000000002,-1.0799999999999998,
2024-10-11,-27.0,12.500000000000002,-1.0799999999999998,
2024-10-14,-2.0,12.500000000000002,-0.07999999999999999,
2024-10-15,-27.0,12.500000000000002,-1.0799999999999998,
2024-10-16,-2.0,12.500000000000002,-0.07999999999999999,
2024-10-17,-2.0,12.500000000000002,-0.07999999999999999,
2024-10-18,-27.0,12.500000000000002,-1.0799999999999998,
2024-10-21,-2.0,12.500000000000002,-0.07999999999999999,
2024-10-22,-2.0,12.500000000000002,-0.07999999999999999,
2024-10-23,-27.0,12.500000000000002,-1.0799999999999998,
2024-10-24,-27.0,12.500000000000002,-1.0799999999999998,
2024-10-25,-2.0,12.500000000000002,-0.07999999999999999,
2024-10-28,-27.0,12.500000000000002,-1.0799999999999998,
2024-10-29,-27.0,12.500000000000002,-1.0799999999999998,
2024-10-30,-27.0,12.500000000000002,-1.0799999999999998,
2024-10-31,-27.0,12.500000000000002,-1.0799999999999998,
2024-11-01,52.0,12.500000000000002,2.0799999999999996,
2024-11-04,-27.0,12.500000000000002,-1.0799999999999998,
2024-11-05,-27.0,12.500000000000002,-1.0799999999999998,
2024-11-06,-2.0,12.500000000000002,-0.07999999999999999,
2024-11-07,-27.0,12.500000000000002,-1.0799999999999998,
2024-11-08,-27.0,12.500000000000002,-1.0799999999999998,
2024-11-11,-27.0,12.500000000000002,-1.0799999999999998,
2024-11-12,-27.0,12.500000000000002,-1.0799999999999998,
2024-11-13,-27.0,12.500000000000002,-1.0799999999999998,
2024-11-14,-27.0,12.500000000000002,-1.0799999999999998,
2024-11-15,-27.0,12.500000000000002,-1.0799999999999998,
2024-11-18,-27.0,12.500000000000002,-1.0799999999999998,
2024-11-19,-27.0,12.500000000000002,-1.0799999999999998,
2024-11-20,-2.0,12.500000000000002,-0.07999999999999999,
2024-11-21,-2.0,12.500000000000002,-0.07999999999999999,
2024-11-22,-27.0,12.500000000000002,-1.0799999999999998,
2024-11-25,-27.0,12.500000000000002,-1.0799999999999998,
2024-11-26,-27.0,12.500000000000002,-1.0799999999999998,
2024-11-27,-27.0,12.500000000000002,-1.0799999999999998,
2024-11-28,-27.0,12.500000000000002,-1.0799999999999998,
2024-11-29,-27.0,12.500000000000002,-1.0799999999999998,
2024-12-02,-27.0,12.500000000000002,-1.0799999999999998,
2024-12-04,-27.0,12.500000000000002,-1.0799999999999998,
2024-12-05,-27.0,12.500000000000002,-1.0799999999999998,
2024-12-06,273.5,12.500000000000002,10.939999999999998,
2024-12-09,-27.0,12.500000000000002,-1.0799999999999998,
2024-12-10,-27.0,12.500000000000002,-1.0799999999999998,
2024-12-11,368.5,12.500000000000002,14.739999999999998,
2024-12-12,-27.0,12.500000000000002,-1.0799999999999998,
2024-12-13,-2.0,12.500000000000002,-0.07999999999999999,
2024-12-16,-27.0,12.500000000000002,-1.0799999999999998,
2024-12-17,-27.0,12.500000000000002,-1.0799999999999998,
2024-12-18,-27.0,12.500000000000002,-1.0799999999999998,
2024-12-19,-27.0,12.500000000000002,-1.0799999999999998,
2024-12-20,-27.0,12.500000000000002,-1.0799999999999998,
2024-12-23,-27.0,12.500000000000002,-1.0799999999999998,
2024-12-24,-27.0,12.500000000000002,-1.0799999999999998,
2024-12-26,-27.0,12.500000000000002,-1.0799999999999998,
2024-12-27,-27.0,12.500000000000002,-1.0799999999999998,
2024-12-30,-27.0,12.500000000000002,-1.0799999999999998,
2024-12-31,-27.0,12.500000000000002,-1.0799999999999998,
2025-01-02,-2.0,12.500000000000002,-0.07999999999999999,
2025-01-03,-27.0,12.500000000000002,-1.0799999999999998,
2025-01-06,-27.0,12.500000000000002,-1.0799999999999998,
2025-01-07,-27.0,12.500000000000002,-1.0799999999999998,
2025-01-08,-27.0,12.500000000000002,-1.0799999999999998,
2025-01-10,-27.0,12.500000000000002,-1.0799999999999998,
2025-01-13,-27.0,12.500000000000002,-1.0799999999999998,
2025-01-14,-27.0,12.500000000000002,-1.0799999999999998,
2025-01-15,-27.0,12.500000000000002,-1.0799999999999998,
2025-01-16,-27.0,12.500000000000002,-1.0799999999999998,
2025-01-17,-27.0,12.500000000000002,-1.0799999999999998,
2025-01-20,-27.0,12.500000000000002,-1.0799999999999998,
2025-01-21,-27.0,12.500000000000002,-1.0799999999999998,
2025-01-22,-27.0,12.500000000000002,-1.0799999999999998,
2025-01-23,-27.0,12.500000000000002,-1.0799999999999998,
2025-01-24,-27.0,12.500000000000002,-1.0799999999999998,
2025-01-27,-27.0,12.500000000000002,-1.0799999999999998,
2025-01-28,-2.0,12.500000000000002,-0.07999999999999999,
2025-01-29,-27.0,12.500000000000002,-1.0799999999999998,
2025-01-30,-27.0,12.500000000000002,-1.0799999999999998,
2025-01-31,-27.0,12.500000000000002,-1.0799999999999998,
2025-02-03,-27.0,12.500000000000002,-1.0799999999999998,
2025-02-04,430.5,12.500000000000002,17.22,
2025-02-05,-27.0,12.500000000000002,-1.0799999999999998,
2025-02-06,-27.0,12.500000000000002,-1.0799999999999998,
2025-02-07,-27.0,12.500000000000002,-1.0799999999999998,
2025-02-10,-27.0,12.500000000000002,-1.0799999999999998,
2025-02-11,-27.0,12.500000000000002,-1.0799999999999998,
2025-02-12,-27.0,12.500000000000002,-1.0799999999999998,
2025-02-13,-27.0,12.500000000000002,-1.0799999999999998,
2025-02-14,-27.0,12.500000000000002,-1.0799999999999998,
2025-02-17,-27.0,12.500000000000002,-1.0799999999999998,
2025-02-18,21.0,12.500000000000002,0.8399999999999999,
2025-02-19,-27.0,12.500000000000002,-1.0799999999999998,
2025-02-20,-27.0,12.500000000000002,-1.0799999999999998,
2025-02-21,-27.0,12.500000000000002,-1.0799999999999998,
2025-02-24,-27.0,12.500000000000002,-1.0799999999999998,
2025-02-25,-27.0,12.500000000000002,-1.0799999999999998,
2025-02-26,-27.0,12.500000000000002,-1.0799999999999998,
2025-02-27,-27.0,12.500000000000002,-1.0799999999999998,
2025-02-28,-27.0,12.500000000000002,-1.0799999999999998,
2025-03-03,-27.0,12.500000000000002,-1.0799999999999998,
2025-03-04,-27.0,12.500000000000002,-1.0799999999999998,
2025-03-05,-27.0,12.500000000000002,-1.0799999999999998,
2025-03-06,-27.0,12.500000000000002,-1.0799999999999998,
2025-03-07,-2.0,12.500000000000002,-0.07999999999999999,
2025-03-10,-27.0,12.500000000000002,-1.0799999999999998,
2025-03-11,-27.0,12.500000000000002,-1.0799999999999998,
2025-03-12,-27.0,12.500000000000002,-1.0799999999999998,
2025-03-13,-27.0,12.500000000000002,-1.0799999999999998,
2025-03-14,-2.0,12.500000000000002,-0.07999999999999999,
2025-03-17,-2.0,12.500000000000002,-0.07999999999999999,
2025-03-18,273.0,12.500000000000002,10.919999999999998,
2025-03-19,-27.0,12.500000000000002,-1.0799999999999998,
2025-03-20,-27.0,12.500000000000002,-1.0799999999999998,
2025-03-21,-27.0,12.500000000000002,-1.0799999999999998,
2025-03-24,-27.0,12.500000000000002,-1.0799999999999998,
2025-03-25,-27.0,12.500000000000002,-1.0799999999999998,
2025-03-26,-27.0,12.500000000000002,-1.0799999999999998,
2025-03-27,-27.0,12.500000000000002,-1.0799999999999998,
2025-03-28,754.0,12.500000000000002,30.159999999999997,
2025-03-31,-27.0,12.500000000000002,-1.0799999999999998,
2025-04-01,-27.0,12.500000000000002,-1.0799999999999998,
2025-04-02,655.0,12.500000000000002,26.199999999999996,
2025-04-03,-27.0,12.500000000000002,-1.0799999999999998,
2025-04-04,-2.0,12.500000000000002,-0.07999999999999999,
2025-04-07,-2.0,12.500000000000002,-0.07999999999999999,
2025-04-08,-27.0,12.500000000000002,-1.0799999999999998,
2025-04-09,-27.0,12.500000000000002,-1.0799999999999998,
2025-04-10,-27.0,12.500000000000002,-1.0799999999999998,
2025-04-11,-27.0,12.500000000000002,-1.0799999999999998,
2025-04-14,-2.0,12.500000000000002,-0.07999999999999999,
2025-04-15,-27.0,12.500000000000002,-1.0799999999999998,
2025-04-16,-27.0,12.500000000000002,-1.0799999999999998,
2025-04-17,-27.0,12.500000000000002,-1.0799999999999998,
2025-04-21,-27.0,12.500000000000002,-1.0799999999999998,
2025-04-22,-27.0,12.500000000000002,-1.0799999999999998,
2025-04-23,-27.0,12.500000000000002,-1.0799999999999998,
2025-04-24,-27.0,12.500000000000002,-1.0799999999999998,
2025-04-25,-27.0,12.500000000000002,-1.0799999999999998,
2025-04-28,-27.0,12.500000000000002,-1.0799999999999998,
2025-04-29,-2.0,12.500000000000002,-0.07999999999999999,
2025-04-30,-27.0,12.500000000000002,-1.0799999999999998,
2025-05-01,-27.0,12.500000000000002,-1.0799999999999998,
2025-05-02,-27.0,12.500000000000002,-1.0799999999999998,
2025-05-05,-27.0,12.500000000000002,-1.0799999999999998,
2025-05-06,-27.0,12.500000000000002,-1.0799999999999998,
2025-05-07,-27.0,12.500000000000002,-1.0799999999999998,
2025-05-08,-27.0,12.500000000000002,-1.0799999999999998,
2025-05-09,-27.0,12.500000000000002,-1.0799999999999998,
2025-05-12,-27.0,12.500000000000002,-1.0799999999999998,
2025-05-13,464.5,12.500000000000002,18.58,
2025-05-14,-27.0,12.500000000000002,-1.0799999999999998,
2025-05-15,-27.0,12.500000000000002,-1.0799999999999998,
2025-05-16,-27.0,12.500000000000002,-1.0799999999999998,
2025-05-19,-27.0,12.500000000000002,-1.0799999999999998,
2025-05-20,-27.0,12.500000000000002,-1.0799999999999998,
2025-05-21,-2.0,12.500000000000002,-0.07999999999999999,
2025-05-22,-27.0,12.500000000000002,-1.0799999999999998,
2025-05-23,-27.0,12.500000000000002,-1.0799999999999998,
2025-05-26,-27.0,12.500000000000002,-1.0799999999999998,
2025-05-27,-27.0,12.500000000000002,-1.0799999999999998,
2025-05-28,-27.0,12.500000000000002,-1.0799999999999998,
2025-05-29,395.0,12.500000000000002,15.799999999999997,
2025-05-30,-27.0,12.500000000000002,-1.0799999999999998,
2025-06-02,-27.0,12.500000000000002,-1.0799999999999998,
2025-06-03,-2.0,12.500000000000002,-0.07999999999999999,
2025-06-04,-27.0,12.500000000000002,-1.0799999999999998,
2025-06-05,-27.0,12.500000000000002,-1.0799999999999998,
2025-06-06,-27.0,12.500000000000002,-1.0799999999999998,
2025-06-09,-27.0,12.500000000000002,-1.0799999999999998,
2025-06-10,-27.0,12.500000000000002,-1.0799999999999998,
2025-06-11,-27.0,12.500000000000002,-1.0799999999999998,
2025-06-12,-27.0,12.500000000000002,-1.0799999999999998,
2025-06-13,-27.0,12.500000000000002,-1.0799999999999998,
2025-06-16,-27.0,12.500000000000002,-1.0799999999999998,
2025-06-17,-27.0,12.500000000000002,-1.0799999999999998,
2025-06-18,-27.0,12.500000000000002,-1.0799999999999998,
2025-06-19,-2.0,12.500000000000002,-0.07999999999999999,
2025-06-20,-27.0,12.500000000000002,-1.0799999999999998,
2025-06-23,-27.0,12.500000000000002,-1.0799999999999998,
2025-06-24,-27.0,12.500000000000002,-1.0799999999999998,
2025-06-25,-27.0,12.500000000000002,-1.0799999999999998,
2025-06-26,-27.0,12.500000000000002,-1.0799999999999998,
2025-06-27,-27.0,12.500000000000002,-1.0799999999999998,
2025-06-30,-27.0,12.500000000000002,-1.0799999999999998,
2025-07-01,-27.0,12.500000000000002,-1.0799999999999998,
2025-07-02,351.0,12.500000000000002,14.039999999999997,
2025-07-03,-27.0,12.500000000000002,-1.0799999999999998,
2025-07-04,-27.0,12.500000000000002,-1.0799999999999998,
2025-07-07,-27.0,12.500000000000002,-1.0799999999999998,
2025-07-08,-27.0,12.500000000000002,-1.0799999999999998,
2025-07-09,-2.0,12.500000000000002,-0.07999999999999999,
2025-07-10,-2.0,12.500000000000002,-0.07999999999999999,
2025-07-11,-27.0,12.500000000000002,-1.0799999999999998,
2025-07-14,-27.0,12.500000000000002,-1.0799999999999998,
2025-07-15,-27.0,12.500000000000002,-1.0799999999999998,
2025-07-16,-27.0,12.500000000000002,-1.0799999999999998,
2025-07-17,-27.0,12.500000000000002,-1.0799999999999998,
2025-07-18,40.0,12.500000000000002,1.5999999999999999,
2025-07-21,87.0,12.500000000000002,3.4799999999999995,
2025-07-22,-27.0,12.500000000000002,-1.0799999999999998,
2025-07-23,-27.0,12.500000000000002,-1.0799999999999998,
2025-07-24,-27.0,12.500000000000002,-1.0799999999999998,
2025-07-25,75.5,12.500000000000002,3.0199999999999996,
2025-07-28,-27.0,12.500000000000002,-1.0799999999999998,
2025-07-29,-27.0,12.500000000000002,-1.0799999999999998,
2025-07-30,-27.0,12.500000000000002,-1.0799999999999998,
2025-07-31,-2.0,12.500000000000002,-0.07999999999999999,
2025-08-01,-27.0,12.500000000000002,-1.0799999999999998,
2025-08-04,332.5,12.500000000000002,13.299999999999999,
2025-08-05,-27.0,12.500000000000002,-1.0799999999999998,
2025-08-06,-27.0,12.500000000000002,-1.0799999999999998,
2025-08-07,-27.0,12.500000000000002,-1.0799999999999998,
2025-08-08,270.5,12.500000000000002,10.819999999999999,
2025-08-11,-27.0,12.500000000000002,-1.0799999999999998,
2025-08-12,-27.0,12.500000000000002,-1.0799999999999998,
2025-08-13,-27.0,12.500000000000002,-1.0799999999999998,
2025-08-14,-2.0,12.500000000000002,-0.07999999999999999,
2025-08-15,-27.0,12.500000000000002,-1.0799999999999998,
2025-08-18,-27.0,12.500000000000002,-1.0799999999999998,
2025-08-19,-27.0,12.500000000000002,-1.0799999999999998,
2025-08-20,-27.0,12.500000000000002,-1.0799999999999998,
2025-08-21,-27.0,12.500000000000002,-1.0799999999999998,
2025-08-22,-27.0,12.500000000000002,-1.0799999999999998,
2025-08-25,-27.0,12.500000000000002,-1.0799999999999998,
2025-08-26,-27.0,12.500000000000002,-1.0799999999999998,
2025-08-27,-27.0,12.500000000000002,-1.0799999999999998,
2025-08-28,-27.0,12.500000000000002,-1.0799999999999998,
2025-08-29,327.5,12.500000000000002,13.099999999999998,
2025-09-01,-27.0,12.500000000000002,-1.0799999999999998,
2025-09-02,-2.0,12.500000000000002,-0.07999999999999999,
2025-09-03,-27.0,12.500000000000002,-1.0799999999999998,
2025-09-04,-27.0,12.500000000000002,-1.0799999999999998,
2025-09-05,-27.0,12.500000000000002,-1.0799999999999998,
2025-09-08,-27.0,12.500000000000002,-1.0799999999999998,
2025-09-09,-27.0,12.500000000000002,-1.0799999999999998,
2025-09-10,-27.0,12.500000000000002,-1.0799999999999998,
2025-09-11,-27.0,12.500000000000002,-1.0799999999999998,
2025-09-12,-27.0,12.500000000000002,-1.0799999999999998,
2025-09-15,219.0,12.500000000000002,8.759999999999998,
2025-09-16,90.0,12.500000000000002,3.5999999999999996,
2025-09-17,-27.0,12.500000000000002,-1.0799999999999998,
2025-09-18,-27.0,12.500000000000002,-1.0799999999999998,
2025-09-19,-27.0,12.500000000000002,-1.0799999999999998,
2025-09-22,-27.0,12.500000000000002,-1.0799999999999998,
2025-09-23,319.5,12.500000000000002,12.779999999999998,
2025-09-24,-27.0,12.500000000000002,-1.0799999999999998,
2025-09-25,-2.0,12.500000000000002,-0.07999999999999999,
2025-09-26,-27.0,12.500000000000002,-1.0799999999999998,
2025-09-29,-27.0,12.500000000000002,-1.0799999999999998,
2025-09-30,-27.0,12.500000000000002,-1.0799999999999998,
2025-10-01,-27.0,12.500000000000002,-1.0799999999999998,
2025-10-02,-27.0,12.500000000000002,-1.0799999999999998,
2025-10-03,-27.0,12.500000000000002,-1.0799999999999998,
2025-10-06,-27.0,12.500000000000002,-1.0799999999999998,
2025-10-07,-27.0,12.500000000000002,-1.0799999999999998,
2025-10-08,411.0,12.500000000000002,16.439999999999998,
2025-10-09,22.5,12.500000000000002,0.8999999999999999,
2025-10-10,-27.0,12.500000000000002,-1.0799999999999998,
2025-10-13,-27.0,12.500000000000002,-1.0799999999999998,
2025-10-14,-2.0,12.500000000000002,-0.07999999999999999,
2025-10-15,-27.0,12.500000000000002,-1.0799999999999998,
2025-10-16,-27.0,12.500000000000002,-1.0799999999999998,
2025-10-17,-27.0,12.500000000000002,-1.0799999999999998,
2025-10-20,226.5,12.500000000000002,9.059999999999999,
2025-10-21,-27.0,12.500000000000002,-1.0799999999999998,
2025-10-22,-27.0,12.500000000000002,-1.0799999999999998,
2025-10-23,-27.0,12.500000000000002,-1.0799999999999998,
2025-10-24,-27.0,12.500000000000002,-1.0799999999999998,
2025-10-27,-27.0,12.500000000000002,-1.0799999999999998,
2025-10-28,-27.0,12.500000000000002,-1.0799999999999998,
2025-10-29,-27.0,12.500000000000002,-1.0799999999999998,
2025-10-30,-2.0,12.500000000000002,-0.07999999999999999,
2025-10-31,-27.0,12.500000000000002,-1.0799999999999998,
2025-11-03,130.0,12.500000000000002,5.199999999999999,
2025-11-04,-27.0,12.500000000000002,-1.0799999999999998,
2025-11-05,-27.0,12.500000000000002,-1.0799999999999998,
2025-11-06,-27.0,12.500000000000002,-1.0799999999999998,
2025-11-07,-2.0,12.500000000000002,-0.07999999999999999,
2025-11-10,-2.0,12.500000000000002,-0.07999999999999999,
2025-11-11,-27.0,12.500000000000002,-1.0799999999999998,
2025-11-12,-27.0,12.500000000000002,-1.0799999999999998,
2025-11-13,-2.0,12.500000000000002,-0.07999999999999999,
2025-11-14,-27.0,12.500000000000002,-1.0799999999999998,
2025-11-17,-27.0,12.500000000000002,-1.0799999999999998,
2025-11-18,-27.0,12.500000000000002,-1.0799999999999998,
2025-11-19,-27.0,12.500000000000002,-1.0799999999999998,
2025-11-20,-27.0,12.500000000000002,-1.0799999999999998,
2025-11-21,-27.0,12.500000000000002,-1.0799999999999998,
2025-11-24,-27.0,12.500000000000002,-1.0799999999999998,
2025-11-25,-2.0,12.500000000000002,-0.07999999999999999,
2025-11-26,-27.0,12.500000000000002,-1.0799999999999998,
2025-11-27,-27.0,12.500000000000002,-1.0799999999999998,
2025-11-28,-27.0,12.500000000000002,-1.0799999999999998,
2025-12-01,-27.0,12.500000000000002,-1.0799999999999998,
2025-12-02,-2.0,12.500000000000002,-0.07999999999999999,
2025-12-04,-27.0,12.500000000000002,-1.0799999999999998,
2025-12-05,-27.0,12.500000000000002,-1.0799999999999998,
2025-12-08,-27.0,12.500000000000002,-1.0799999999999998,
2025-12-09,-27.0,12.500000000000002,-1.0799999999999998,
2025-12-10,-27.0,12.500000000000002,-1.0799999999999998,
2025-12-11,-27.0,12.500000000000002,-1.0799999999999998,
2025-12-12,-27.0,12.500000000000002,-1.0799999999999998,
2025-12-15,-27.0,12.500000000000002,-1.0799999999999998,
2025-12-16,-27.0,12.500000000000002,-1.0799999999999998,
2025-12-17,1013.5,12.500000000000002,40.53999999999999,
2025-12-18,-27.0,12.500000000000002,-1.0799999999999998,
2025-12-19,-27.0,12.500000000000002,-1.0799999999999998,
2025-12-22,-27.0,12.500000000000002,-1.0799999999999998,
2025-12-23,-27.0,12.500000000000002,-1.0799999999999998,
2025-12-26,-27.0,12.500000000000002,-1.0799999999999998,
2025-12-29,-2.0,12.500000000000002,-0.07999999999999999,
2025-12-30,-27.0,12.500000000000002,-1.0799999999999998,
2025-12-31,-27.0,12.500000000000002,-1.0799999999999998,
2026-01-02,-27.0,12.500000000000002,-1.0799999999999998,
2026-01-05,-27.0,12.500000000000002,-1.0799999999999998,
2026-01-06,-27.0,12.500000000000002,-1.0799999999999998,
2026-01-07,-27.0,12.500000000000002,-1.0799999999999998,
2026-01-08,-27.0,12.500000000000002,-1.0799999999999998,
2026-01-09,-27.0,12.500000000000002,-1.0799999999999998,
2026-01-12,-27.0,12.500000000000002,-1.0799999999999998,
2026-01-13,-27.0,12.500000000000002,-1.0799999999999998,
2026-01-14,-27.0,12.500000000000002,-1.0799999999999998,
2026-01-15,-27.0,12.500000000000002,-1.0799999999999998,
2026-01-16,-27.0,12.500000000000002,-1.0799999999999998,
2026-01-19,-27.0,12.500000000000002,-1.0799999999999998,
2026-01-20,-27.0,12.500000000000002,-1.0799999999999998,
2026-01-21,-27.0,12.500000000000002,-1.0799999999999998,
2026-01-22,-27.0,12.500000000000002,-1.0799999999999998,
2026-01-23,-27.0,12.500000000000002,-1.0799999999999998,
2026-01-26,148.0,12.500000000000002,5.919999999999999,
2026-01-27,-27.0,12.500000000000002,-1.0799999999999998,
2026-01-28,-27.0,12.500000000000002,-1.0799999999999998,
2026-01-29,209.5,12.500000000000002,8.379999999999999,
2026-01-30,-27.0,12.500000000000002,-1.0799999999999998,
2026-02-02,-27.0,12.500000000000002,-1.0799999999999998,
2026-02-03,-27.0,12.500000000000002,-1.0799999999999998,
2026-02-04,-27.0,12.500000000000002,-1.0799999999999998,
2026-02-05,-27.0,12.500000000000002,-1.0799999999999998,
2026-02-06,-27.0,12.500000000000002,-1.0799999999999998,
2026-02-09,-27.0,12.500000000000002,-1.0799999999999998,
2026-02-10,-27.0,12.500000000000002,-1.0799999999999998,
2026-02-11,-27.0,12.500000000000002,-1.0799999999999998,
2026-02-12,-27.0,12.500000000000002,-1.0799999999999998,
2026-02-13,-27.0,12.500000000000002,-1.0799999999999998,
2026-02-16,-27.0,12.500000000000002,-1.0799999999999998,
2026-02-17,-27.0,12.500000000000002,-1.0799999999999998,
2026-02-18,-27.0,12.500000000000002,-1.0799999999999998,
2026-02-19,-27.0,12.500000000000002,-1.0799999999999998,
2026-02-20,537.0,12.500000000000002,21.479999999999997,
2026-02-23,-27.0,12.500000000000002,-1.0799999999999998,
2026-02-24,-27.0,12.500000000000002,-1.0799999999999998,
2026-02-25,321.0,12.500000000000002,12.839999999999998,
2026-02-26,-27.0,12.500000000000002,-1.0799999999999998,
2026-02-27,-27.0,12.500000000000002,-1.0799999999999998,
2026-03-02,-27.0,12.500000000000002,-1.0799999999999998,
2026-03-03,-27.0,12.500000000000002,-1.0799999999999998,
2026-03-04,-27.0,12.500000000000002,-1.0799999999999998,
2026-03-05,-27.0,12.500000000000002,-1.0799999999999998,
2026-03-06,-27.0,12.500000000000002,-1.0799999999999998,
2026-03-09,-27.0,12.500000000000002,-1.0799999999999998,
2026-03-10,-27.0,12.500000000000002,-1.0799999999999998,
2026-03-11,-27.0,12.500000000000002,-1.0799999999999998,
2026-03-12,-27.0,12.500000000000002,-1.0799999999999998,
2026-03-13,-27.0,12.500000000000002,-1.0799999999999998,
2026-03-16,-27.0,12.500000000000002,-1.0799999999999998,
2026-03-17,-27.0,12.500000000000002,-1.0799999999999998,
2026-03-18,-27.0,12.500000000000002,-1.0799999999999998,
2026-03-19,-27.0,12.500000000000002,-1.0799999999999998,
2026-03-20,-27.0,12.500000000000002,-1.0799999999999998,
2026-03-23,-27.0,12.500000000000002,-1.0799999999999998,
2026-03-24,-27.0,12.500000000000002,-1.0799999999999998,
2026-03-25,-2.0,12.500000000000002,-0.07999999999999999,
2026-03-26,-27.0,12.500000000000002,-1.0799999999999998,
2026-03-27,-27.0,12.500000000000002,-1.0799999999999998,
2026-03-30,654.5,12.500000000000002,26.179999999999996,
2026-03-31,-27.0,12.500000000000002,-1.0799999999999998,
2026-04-01,-27.0,12.500000000000002,-1.0799999999999998,
2026-04-02,-27.0,12.500000000000002,-1.0799999999999998,
2026-04-06,-27.0,12.500000000000002,-1.0799999999999998,
2026-04-07,-27.0,12.500000000000002,-1.0799999999999998,
2026-04-08,-27.0,12.500000000000002,-1.0799999999999998,
2026-04-09,-27.0,12.500000000000002,-1.0799999999999998,
2026-04-10,-27.0,12.500000000000002,-1.0799999999999998,
2026-04-13,-27.0,12.500000000000002,-1.0799999999999998,
2026-04-14,-27.0,12.500000000000002,-1.0799999999999998,
2026-04-15,-27.0,12.500000000000002,-1.0799999999999998,
2026-04-16,-27.0,12.500000000000002,-1.0799999999999998,
2026-04-17,-27.0,12.500000000000002,-1.0799999999999998,
2026-04-20,-27.0,12.500000000000002,-1.0799999999999998,
2026-04-21,-27.0,12.500000000000002,-1.0799999999999998,
2026-04-22,379.5,12.500000000000002,15.179999999999998,
2026-04-23,-27.0,12.500000000000002,-1.0799999999999998,
2026-04-24,-27.0,12.500000000000002,-1.0799999999999998,
2026-04-27,-27.0,12.500000000000002,-1.0799999999999998,
2026-04-28,-27.0,12.500000000000002,-1.0799999999999998,
2026-04-29,-27.0,12.500000000000002,-1.0799999999999998,
2026-04-30,-27.0,12.500000000000002,-1.0799999999999998,
2026-05-01,-27.0,12.500000000000002,-1.0799999999999998,
2026-05-04,-27.0,12.500000000000002,-1.0799999999999998,
2026-05-05,219.0,12.500000000000002,8.759999999999998,
2026-05-06,-27.0,12.500000000000002,-1.0799999999999998,
2026-05-07,-27.0,12.500000000000002,-1.0799999999999998,
2026-05-08,-27.0,12.500000000000002,-1.0799999999999998,
2026-05-11,-27.0,12.500000000000002,-1.0799999999999998,
2026-05-12,-27.0,12.500000000000002,-1.0799999999999998,
2026-05-13,-27.0,12.500000000000002,-1.0799999999999998,
2026-05-14,-2.0,12.500000000000002,-0.07999999999999999,
2026-05-15,-27.0,12.500000000000002,-1.0799999999999998,
2026-05-18,-27.0,12.500000000000002,-1.0799999999999998,
2026-05-19,-27.0,12.500000000000002,-1.0799999999999998,
2026-05-20,-27.0,12.500000000000002,-1.0799999999999998,
2026-05-21,-27.0,12.500000000000002,-1.0799999999999998,
2026-05-22,-27.0,12.500000000000002,-1.0799999999999998,
2026-05-25,-27.0,12.500000000000002,-1.0799999999999998,
2026-05-26,-27.0,12.500000000000002,-1.0799999999999998,
2026-05-27,-27.0,12.500000000000002,-1.0799999999999998,
2026-05-28,-27.0,12.500000000000002,-1.0799999999999998,
2026-05-29,-2.0,12.500000000000002,-0.07999999999999999,
2026-06-02,-27.0,12.500000000000002,-1.0799999999999998,
2026-06-03,-27.0,12.500000000000002,-1.0799999999999998,
2026-06-04,-27.0,12.500000000000002,-1.0799999999999998,
2026-06-05,1974.0,12.500000000000002,78.96,
2026-06-08,-27.0,12.500000000000002,-1.0799999999999998,
2026-06-09,-27.0,12.500000000000002,-1.0799999999999998,
2026-06-10,-27.0,12.500000000000002,-1.0799999999999998,
2026-06-11,-27.0,12.500000000000002,-1.0799999999999998,
2026-06-12,-27.0,12.500000000000002,-1.0799999999999998,
2026-06-15,425.0,12.500000000000002,16.999999999999996,
2026-06-16,-27.0,12.500000000000002,-1.0799999999999998,
2026-06-17,-27.0,12.500000000000002,-1.0799999999999998,
2026-06-18,-27.0,12.500000000000002,-1.0799999999999998,
2026-06-19,-27.0,12.500000000000002,-1.0799999999999998,
2026-06-22,-27.0,12.500000000000002,-1.0799999999999998,
2026-06-23,-27.0,12.500000000000002,-1.0799999999999998,
2026-06-24,-27.0,12.500000000000002,-1.0799999999999998,
2026-06-25,-27.0,12.500000000000002,-1.0799999999999998,
2026-06-26,-27.0,12.500000000000002,-1.0799999999999998,
2026-06-29,-27.0,12.500000000000002,-1.0799999999999998,
2026-06-30,-27.0,12.500000000000002,-1.0799999999999998,
2026-07-01,-27.0,12.500000000000002,-1.0799999999999998,
2026-07-02,-27.0,12.500000000000002,-1.0799999999999998,
2026-07-03,-27.0,12.500000000000002,-1.0799999999999998,
2026-07-06,-27.0,12.500000000000002,-1.0799999999999998,
2026-07-07,-27.0,12.500000000000002,-1.0799999999999998,
2026-07-08,-27.0,12.500000000000002,-1.0799999999999998,
2026-07-09,-2.0,12.500000000000002,-0.07999999999999999,
2026-07-10,-27.0,12.500000000000002,-1.0799999999999998,
2026-07-13,-27.0,12.500000000000002,-1.0799999999999998,
2026-07-14,-27.0,12.500000000000002,-1.0799999999999998,
2026-07-15,-2.0,12.500000000000002,-0.07999999999999999,
2026-07-16,-27.0,12.500000000000002,-1.0799999999999998,
2026-07-17,-27.0,12.500000000000002,-1.0799999999999998,
2026-07-20,-27.0,12.500000000000002,-1.0799999999999998,
2026-07-21,-27.0,12.500000000000002,-1.0799999999999998,
2026-07-22,-27.0,12.500000000000002,-1.0799999999999998,
2026-07-23,-27.0,12.500000000000002,-1.0799999999999998,
2026-07-24,-2.0,12.500000000000002,-0.07999999999999999,
2026-07-27,-27.0,12.500000000000002,-1.0799999999999998,
2026-07-28,-27.0,12.500000000000002,-1.0799999999999998,
2026-07-29,-27.0,12.500000000000002,-1.0799999999999998,
2026-07-30,-27.0,12.500000000000002,-1.0799999999999998,
2026-07-31,-27.0,12.500000000000002,-1.0799999999999998,
2026-08-03,-27.0,12.500000000000002,-1.0799999999999998,
2026-08-04,-27.0,12.500000000000002,-1.0799999999999998,
2026-08-05,-27.0,12.500000000000002,-1.0799999999999998,
2026-08-06,-2.0,12.500000000000002,-0.07999999999999999,
2026-08-07,-27.0,12.500000000000002,-1.0799999999999998,
2026-08-10,-27.0,12.500000000000002,-1.0799999999999998,
2026-08-11,-27.0,12.500000000000002,-1.0799999999999998,
2026-08-12,-27.0,12.500000000000002,-1.0799999999999998,
2026-08-13,496.5,12.500000000000002,19.859999999999996,
2026-08-14,-27.0,12.500000000000002,-1.0799999999999998,
2026-08-17,-27.0,12.500000000000002,-1.0799999999999998,
2026-08-18,-27.0,12.500000000000002,-1.0799999999999998,
2026-08-19,-27.0,12.500000000000002,-1.0799999999999998,
2026-08-20,-27.0,12.500000000000002,-1.0799999999999998,
2026-08-21,-2.0,12.500000000000002,-0.07999999999999999,
2026-08-24,-27.0,12.500000000000002,-1.0799999999999998,
2026-08-25,-27.0,12.500000000000002,-1.0799999999999998,
2026-08-26,-27.0,12.500000000000002,-1.0799999999999998,
2026-08-27,-27.0,12.500000000000002,-1.0799999999999998,
2026-08-28,-27.0,12.500000000000002,-1.0799999999999998,
