date,pnl_pc,stop_pt,r,exit_reason
2019-01-02,272.0,14.747138110729008,9.222128319328325,
2019-01-03,-32.5,14.785288959962651,-1.0990654321334987,
2019-01-04,325.0,14.933214748536749,10.881782840223522,
2019-01-07,-34.0,15.491110123641265,-1.0974035988586763,
2019-01-08,-33.0,14.992637971952604,-1.1005401471620462,
2019-01-09,-32.0,14.559235259670274,-1.098958819926532,
2019-01-10,-31.0,13.9733077411224,-1.1092577568004647,
2019-01-11,-30.0,13.57119647389937,-1.105282060343652,
2019-01-14,-29.0,12.917896725763702,-1.1224737515574745,
2019-01-15,166.5,12.485368388209151,6.667804858575025,
2019-01-16,-27.5,12.326145646194213,-1.1155149707520624,
2019-01-17,122.0,11.773831671466056,5.180981153980129,
2019-01-18,-26.0,11.552932980647052,-1.1252553807571644,
2019-01-21,-25.5,11.252723482029406,-1.1330590341406455,
2019-01-22,115.0,10.736903947598735,5.355361310916788,
2019-01-23,-24.5,10.773553665627396,-1.137043577281575,
2019-01-24,-24.5,10.711156975225439,-1.143667302078931,
2019-01-25,-23.5,10.25143147699505,-1.146181391971243,
2019-01-28,-23.0,10.068293514352549,-1.1421995180818403,
2019-01-29,-23.5,10.12591540618451,-1.1603889158330876,
2019-01-30,-23.0,9.900850020028473,-1.161516433107925,
2019-01-31,96.0,10.246325018597869,4.6846064235593055,
2019-02-01,-23.5,10.20283751726945,-1.1516404118081665,
2019-02-04,-22.5,9.832991980321633,-1.144107513004604,
2019-02-05,-22.0,9.61143898172723,-1.144469628420118,
2019-02-06,-21.5,9.30392548303243,-1.1554262788975231,
2019-02-07,-21.0,8.995609377101543,-1.1672360992828241,
2019-02-08,-21.5,9.139226564451432,-1.1762483317586134,
2019-02-11,-21.0,8.916335381276332,-1.1776138459359942,
2019-02-12,71.5,8.637043568328021,4.139147813390105,
2019-02-13,-20.0,8.624129742018878,-1.1595372865597724,
2019-02-14,-19.5,8.30410261758896,-1.174118438679753,
2019-02-15,-19.5,8.155595287761177,-1.1954982629694109,
2019-02-18,19.5,7.887784910063949,1.236088472387231,
2019-02-19,31.5,7.447585987916526,2.114779208397712,
2019-02-20,-17.5,7.231686988779631,-1.2099528109521493,
2019-02-21,-17.0,7.104870061009658,-1.1963624847478327,
2019-02-22,-17.0,6.954968628080397,-1.2221478563802004,
2019-02-25,-16.5,6.772917297503226,-1.218086629086891,
2019-02-26,40.0,6.680208919110139,2.9939183403060654,
2019-02-27,-16.0,6.524479710602272,-1.226151410510176,
2019-02-28,-16.0,6.507106159844966,-1.2294251551277293,
2019-03-04,-15.5,6.166235668437752,-1.2568445996426705,
2019-03-05,-16.0,6.459718834977912,-1.2384439949122577,
2019-03-06,82.5,6.307685346765204,6.5396413632386405,
2019-03-07,118.5,6.183922107710547,9.581297915464193,
2019-03-08,-15.5,6.354266957159794,-1.2196528808515885,
2019-03-11,196.0,6.365122888791237,15.396403449267984,
2019-03-12,-16.5,6.724756968163292,-1.2268101344119342,
2019-03-13,-16.0,6.557810041865914,-1.2199194470298709,
2019-03-14,-16.0,6.584930753161206,-1.2148950839246815,
2019-03-15,-15.5,6.264578556506835,-1.2371143453776794,
2019-03-18,-15.5,6.29523365961349,-1.2310901261250133,
2019-03-19,-15.5,6.15494911249824,-1.2591493216837242,
2019-03-20,-15.0,6.090309890176938,-1.2314644304219644,
2019-03-21,246.0,6.236537755164299,19.722481419782508,
2019-03-22,-16.0,6.595981486938277,-1.2128596806770966,
2019-03-25,-17.0,7.055643523585544,-1.2047093892408642,
2019-03-26,-3.0,6.969526129043719,-0.21522266682509925,
2019-03-27,-17.0,7.0449171198263105,-1.2065436477710563,
2019-03-28,-17.5,7.2314408969815736,-1.2099939866275167,
2019-03-29,-17.0,7.095266547197176,-1.197981773265126,
2019-04-01,-17.0,6.908551079540236,-1.2303592898332707,
2019-04-02,-17.0,6.9735652881445045,-1.2188887102628163,
2019-04-03,-16.5,6.723221338991326,-1.2270903461342437,
2019-04-04,-16.5,6.7291519576348025,-1.2260088718370619,
2019-04-05,17.5,6.655641103518031,1.3146742536004437,
2019-04-08,-16.0,6.409256024695315,-1.248194793463615,
2019-04-09,-15.5,6.315737737217078,-1.2270933852004604,
2019-04-10,-15.0,6.107024327415858,-1.2280940107493512,
2019-04-11,-15.0,5.9011654468861545,-1.2709353885269385,
2019-04-12,-14.5,5.731439343537144,-1.2649527571420969,
2019-04-15,-14.0,5.516247247570205,-1.268978652667057,
2019-04-16,-14.0,5.4449974441723334,-1.2855837072048497,
2019-04-17,-13.5,5.285086912445738,-1.2771786182180977,
2019-04-18,-3.0,5.206241418699614,-0.2881157209906454,
2019-04-22,92.5,5.112938460221071,9.045678988673036,
2019-04-23,138.5,5.086567855919565,13.614288054647563,
2019-04-24,-13.5,5.29511658049674,-1.27475946891556,
2019-04-25,-13.5,5.149929681889829,-1.310697507916847,
2019-04-26,-13.5,5.171809704611984,-1.305152429328685,
2019-04-29,-13.5,5.269805439996843,-1.2808822027410642,
2019-04-30,-13.0,5.11035505142564,-1.2719272799228871,
2019-05-01,-13.5,5.360061833466665,-1.2593138306455656,
2019-05-02,-14.0,5.53702170250476,-1.2642175480066185,
2019-05-03,-14.5,5.799109438040135,-1.2501919609315404,
2019-05-06,163.5,6.066583763894411,13.475458871356787,
2019-05-07,-16.0,6.602899209330526,-1.2115889924073409,
2019-05-08,-17.5,7.348674265806917,-1.1906909577845075,
2019-05-09,-3.0,7.316626103963565,-0.20501252608595366,
2019-05-10,-18.0,7.584188525109025,-1.1866793619651776,
2019-05-13,-19.0,8.120585773315524,-1.1698663452601252,
2019-05-14,-21.0,9.082061789507271,-1.1561251446374112,
2019-05-15,-21.0,9.10298594739961,-1.153467671011781,
2019-05-16,83.0,9.392951236871067,4.41820669068269,
2019-05-17,-22.0,9.414436862808847,-1.1684182665725682,
2019-05-20,-21.5,9.339298515465359,-1.151050047516802,
2019-05-21,-22.0,9.490509335789262,-1.1590526504745493,
2019-05-22,-21.5,9.332258668947173,-1.1519183491741738,
2019-05-23,-21.0,8.953615192593803,-1.1727106620223444,
2019-05-24,-21.5,9.184606964551389,-1.170436583894156,
2019-05-27,-13.0,8.953117181369148,-0.7260041244099961,
2019-05-28,-19.5,8.36718023984278,-1.1652671175377003,
2019-05-29,-19.5,8.25970307985401,-1.1804298418160972,
2019-05-30,-19.5,8.206777859864438,-1.1880423920918768,
2019-05-31,-19.0,7.954061584159836,-1.1943583664123034,
2019-06-03,-19.0,8.035467899576991,-1.182258471905551,
2019-06-04,-20.0,8.486059478178634,-1.1784032418950596,
2019-06-05,-21.0,8.921876658308733,-1.1768824432493805,
2019-06-06,-20.5,8.776117611286681,-1.167942415313328,
2019-06-07,194.5,8.659519924766204,11.230414716393833,
2019-06-10,-21.0,8.959732787282904,-1.1719099496921705,
2019-06-11,-21.5,9.162162588191268,-1.1733037802510982,
2019-06-12,-21.0,9.086293831891892,-1.1555866664960972,
2019-06-13,-20.5,8.739951415328186,-1.1727753980443736,
2019-06-14,-20.0,8.4411155999476,-1.184677532441574,
2019-06-17,41.0,8.156928771379915,2.5132008105707655,
2019-06-18,-19.0,7.941255287709922,-1.1962844230310075,
2019-06-19,-19.5,8.261969195730641,-1.1801060702378674,
2019-06-20,-19.0,8.119149967464168,-1.1700732266394027,
2019-06-21,-3.0,8.112424969788155,-0.18490155601884975,
2019-06-24,-19.0,7.889216043374715,-1.2041754146127113,
2019-06-25,242.0,7.473022040276521,16.191575422614797,
2019-06-26,-18.5,7.707984751685341,-1.2000542681376607,
2019-06-27,-18.5,7.678396555136389,-1.2046785983998576,
2019-06-28,-18.0,7.37770751548379,-1.2198911357100375,
2019-07-01,-17.0,7.098496264377805,-1.197436708201894,
2019-07-02,-18.0,7.427175102636533,-1.2117662335448558,
2019-07-03,-17.5,7.20068045244821,-1.2151629360285008,
2019-07-04,3.5,7.047953277273338,0.24829903535867756,
2019-07-05,-16.5,6.643635186039528,-1.2417900394856078,
2019-07-08,-16.5,6.730250529893848,-1.2258087515993439,
2019-07-09,127.0,6.737018349187145,9.4255346666321,
2019-07-10,-3.0,6.754017038530921,-0.2220900526964421,
2019-07-12,-16.5,6.657513415876152,-1.2392014081903688,
2019-07-15,-16.0,6.436441029027855,-1.2429229078493245,
2019-07-17,-15.0,6.0456111423760595,-1.240569368980674,
2019-07-18,-15.0,5.904406775063484,-1.2702376861423745,
2019-07-19,209.5,5.94873486255895,17.60878614027521,
2019-07-22,73.0,6.196146658090453,5.890757920060059,
2019-07-23,-3.0,6.199546896798278,-0.24195316608939063,
2019-07-24,141.5,6.0928828327412585,11.611908835635488,
2019-07-25,-15.5,6.127766201831168,-1.2647349368003071,
2019-07-26,-15.5,6.190961473128942,-1.2518249440959794,
2019-07-29,-3.0,6.252321367905446,-0.2399108925686119,
2019-07-30,36.0,6.215548413055057,2.895963284944098,
2019-07-31,-15.5,6.139884240693982,-1.2622387810888156,
2019-08-01,-3.0,6.830338937787269,-0.21960842846342474,
2019-08-02,-18.0,7.616118299373893,-1.1817043336550948,
2019-08-05,202.0,7.946663420847187,12.709736734921695,
2019-08-06,-21.5,9.203151747929532,-1.168078099159722,
2019-08-07,-21.5,9.220783765934565,-1.1658444957482899,
2019-08-08,223.0,9.58001349693924,11.638814500169925,
2019-08-09,-22.5,9.829208961443578,-1.1445478516256669,
2019-08-12,-22.5,9.85301546419761,-1.1417824361362814,
2019-08-13,335.5,9.801460788183494,17.114795806992063,
2019-08-14,-23.5,10.356267160456103,-1.1345786872769816,
2019-08-15,-25.0,10.951801648994952,-1.1413647179363522,
2019-08-19,-24.5,10.6826440238783,-1.1467198544310078,
2019-08-20,-24.5,10.656205165029851,-1.149564953966958,
2019-08-21,-23.5,10.267369081813435,-1.1444022228452608,
2019-08-22,-23.0,10.022824861683903,-1.1473811184672265,
2019-08-23,-23.0,9.947087371563624,-1.1561173206214903,
2019-08-26,-24.5,10.758009702166223,-1.1386864614495886,
2019-08-27,-24.0,10.578866152011493,-1.1343370667109054,
2019-08-28,-24.0,10.420554284010672,-1.1515702210210481,
2019-08-29,-23.5,10.21997897800991,-1.1497088228148218,
2019-08-30,97.5,10.222569765294917,4.768859603727398,
2019-09-02,-23.0,10.053546924916711,-1.1438749016527092,
2019-09-03,-23.0,9.927400715994088,-1.1584099734658933,
2019-09-04,-22.5,9.696425664851652,-1.160221342260155,
2019-09-05,92.0,9.622573831647964,4.780425778465763,
2019-09-06,-22.5,9.809800700815966,-1.1468122893734467,
2019-09-09,62.0,9.32874350790054,3.3230627440604414,
2019-09-10,-21.0,9.12044040019336,-1.1512601957003517,
2019-09-11,-21.0,8.96853394303669,-1.1707599108940614,
2019-09-12,-20.5,8.77390651853407,-1.1682367458950946,
2019-09-13,-20.5,8.645413195781636,-1.1855997819747113,
2019-09-16,-19.5,8.268955110368662,-1.1791090736209484,
2019-09-17,-19.0,8.007779745342328,-1.1863463159717413,
2019-09-18,-18.5,7.73177762067502,-1.196361361359541,
2019-09-19,-18.5,7.731293504912519,-1.196436274747878,
2019-09-20,-18.0,7.531290397418768,-1.1950143368637876,
2019-09-23,-18.5,7.697805369031713,-1.2016411894762589,
2019-09-24,-18.0,7.458676414100878,-1.2066484052029927,
2019-09-25,-3.0,7.955824527379386,-0.18854111158910808,
2019-09-26,-3.0,8.35853348970943,-0.17945731770372375,
2019-09-27,-3.0,8.235602526158756,-0.18213603622024593,
2019-09-30,-20.0,8.558059488575989,-1.1684891900259438,
2019-10-01,-20.0,8.390073096534847,-1.1918847291247157,
2019-10-02,116.5,8.597032161068071,6.775594054863136,
2019-10-03,-21.0,8.924476292420353,-1.1765396260750622,
2019-10-04,139.5,9.252638700104614,7.538390102621362,
2019-10-07,-21.5,9.242628792954283,-1.1630890129650988,
2019-10-08,-21.0,8.986905307743264,-1.1683666001190676,
2019-10-09,-21.0,9.001233500047318,-1.1665067904243127,
2019-10-10,-21.0,8.977038250043938,-1.1696508032533568,
2019-10-11,-3.0,8.846089089326515,-0.1695664586749262,
2019-10-14,-21.0,9.094136297231763,-1.1545901289379377,
2019-10-15,120.0,8.673572990286639,6.917564430159612,
2019-10-16,-20.5,8.684835633837594,-1.1802180757531278,
2019-10-17,-19.5,8.308240231420623,-1.1735337121243605,
2019-10-18,-19.0,8.09113378631915,-1.1741246963513352,
2019-10-21,-19.5,8.170784944439209,-1.193275807195924,
2019-10-22,-19.0,7.994300305550695,-1.188346651601748,
2019-10-23,-19.0,8.00051099801136,-1.1874241535773602,
2019-10-24,-18.5,7.675474498153406,-1.205137220145204,
2019-10-25,172.5,7.565172748285305,11.40092934686113,
2019-10-28,-18.5,7.626142551979212,-1.2129330047206301,
2019-10-29,-18.0,7.5729359411235535,-1.1884426423214562,
2019-10-30,-18.0,7.378886945329015,-1.219696150202868,
2019-10-31,-17.5,7.307180734948371,-1.197452248327593,
2019-11-01,-17.5,7.168274968166345,-1.2206562999965755,
2019-11-04,-17.0,7.055362470440177,-1.2047573793143038,
2019-11-05,-17.0,6.917033008265879,-1.2288505765177744,
2019-11-06,-16.5,6.645280650532602,-1.2414825548923631,
2019-11-07,-16.0,6.459903461208845,-1.2384085997630305,
2019-11-08,-16.0,6.429731785408213,-1.2442198628184447,
2019-11-11,-15.5,6.3548402293076265,-1.2195428555792942,
2019-11-12,-3.0,6.195565927214226,-0.24210863343592245,
2019-11-13,-15.0,6.0597219324132094,-1.237680554264842,
2019-11-14,-14.5,5.866616794383694,-1.2358059600791829,
2019-11-15,-14.5,5.746233451927718,-1.2616960415292222,
2019-11-18,-14.5,5.638466776790023,-1.2858105380426526,
2019-11-19,-3.0,5.59196914987645,-0.26824182319266576,
2019-11-20,-14.0,5.47111421059956,-1.279446878743351,
2019-11-21,-14.5,5.707106052699592,-1.2703461146600883,
2019-11-22,-14.0,5.547223477506764,-1.2618925537043977,
2019-11-25,78.5,5.501886086256281,7.13391723940751,
2019-11-26,-14.5,5.64326922295226,-1.2847163077942227,
2019-11-27,-14.0,5.420982135598528,-1.291278927859284,
2019-11-29,-13.0,5.032568780184445,-1.291586917916256,
2019-12-02,161.5,4.876671010171271,16.558426810334293,
2019-12-03,-13.5,5.310480223730466,-1.2710714880053373,
2019-12-04,-14.5,5.722678064892576,-1.266889368541841,
2019-12-05,-14.5,5.642040345971678,-1.2849961282493094,
2019-12-06,-14.0,5.528323178402272,-1.2662067274480604,
2019-12-09,-3.0,5.653085808516395,-0.26534180637064525,
2019-12-10,-14.0,5.597508250765223,-1.2505564416172223,
2019-12-11,-14.0,5.5164362328534216,-1.2689351792577857,
2019-12-12,-14.0,5.400976501935321,-1.2960619246337592,
2019-12-13,-14.5,5.636621037511369,-1.286231583026727,
2019-12-16,32.0,5.666594534831987,2.82356535334399,
2019-12-17,-14.5,5.793534210915416,-1.2513950442098887,
2019-12-18,-14.0,5.535067481564314,-1.2646638949416509,
2019-12-19,-13.5,5.3312233757382925,-1.266125900992702,
2019-12-20,-13.5,5.275868134614128,-1.2794102937702951,
2019-12-23,-13.5,5.146788267855976,-1.3114975104293307,
2019-12-24,-13.0,4.9546069630091205,-1.311910318725323,
2019-12-26,96.0,4.749367179937041,10.106609613754122,
2019-12-27,-12.5,4.797180238512967,-1.3028486922011877,
2019-12-30,67.5,4.796042364333469,7.037052101746898,
2019-12-31,-3.0,4.9985571954525065,-0.30008659326027953,
2020-01-02,-13.0,4.980356681491614,-1.3051274066686434,
2020-01-03,-14.0,5.385331204242213,-1.299827203661282,
2020-01-06,-14.5,5.635486118224913,-1.2864906146346136,
2020-01-07,-15.0,5.968219252637419,-1.256656245778114,
2020-01-08,-14.5,5.8285250203061745,-1.243882453063426,
2020-01-09,-15.0,6.0778268045700194,-1.2339937022161647,
2020-01-10,-15.5,6.139232032815019,-1.2623728763752877,
2020-01-13,-15.0,6.10919760189966,-1.2276571308919306,
2020-01-14,-3.0,6.22996920176397,-0.2407716557531755,
2020-01-15,-3.0,6.1063999730665435,-0.2456439156648827,
2020-01-16,-15.0,6.061299974990362,-1.2373583275775633,
2020-01-17,-15.0,6.089064262491051,-1.2317163486351075,
2020-01-20,-15.0,5.971541815170262,-1.2559570429443871,
2020-01-21,-14.5,5.658842399800958,-1.2811807588518473,
2020-01-22,-14.0,5.511782228386603,-1.2700066348682693,
2020-01-23,-14.0,5.515851354930418,-1.269069731863415,
2020-01-24,-14.0,5.561147686721102,-1.258732980013206,
2020-01-27,-15.0,6.094726423383881,-1.23057205180276,
2020-01-28,-16.5,6.871442393142176,-1.2006212856028087,
2020-01-29,-3.0,7.229732222203448,-0.20747656398577322,
2020-01-30,-17.5,7.176715634903203,-1.2192206637595189,
2020-01-31,307.5,7.327039518124402,20.983918487088683,
2020-02-03,121.5,7.971536695401231,7.620864372994305,
2020-02-04,-19.5,8.261962645729714,-1.180107005814096,
2020-02-05,103.5,8.894590313891877,5.818143182960892,
2020-02-06,-21.0,9.009262434328171,-1.1654672151619918,
2020-02-07,-20.5,8.866636546161873,-1.15601896464753,
2020-02-10,217.0,8.653841078578882,12.53778513087944,
2020-02-11,-20.5,8.823209572966105,-1.1617087767478076,
2020-02-12,-20.5,8.772891032039956,-1.168371972541938,
2020-02-13,-20.5,8.676613101179958,-1.18133652849014,
2020-02-14,-20.0,8.62203359395282,-1.159819187785772,
2020-02-17,7.5,8.296799051527618,0.4519815385078592,
2020-02-18,-19.0,7.9171169764185025,-1.1999317464041757,
2020-02-19,45.5,7.844465763817181,2.9001337611714764,
2020-02-20,-19.0,7.8908432092588106,-1.2039271023473217,
2020-02-21,250.0,8.458907980026039,14.77732117374508,
2020-02-24,-21.0,9.046664552881323,-1.1606487605043116,
2020-02-25,-24.0,10.600920656246943,-1.1319771545435162,
2020-02-26,-27.0,11.88478346651502,-1.1359062651865555,
2020-02-27,-27.5,12.218459647478232,-1.1253464345514177,
2020-02-28,-30.5,13.753748244086928,-1.1087886537807137,
2020-03-02,-32.5,14.760176940937864,-1.1009353116174414,
2020-03-03,-35.0,16.045610730870873,-1.0906409418452963,
2020-03-04,-38.0,17.532531392951526,-1.0836997564218496,
2020-03-05,-39.5,18.17931486488356,-1.0863995781353943,
2020-03-06,-40.5,18.664720945963307,-1.0849345167616635,
2020-03-09,-41.5,19.237330164108783,-1.078632004700601,
2020-03-10,-46.5,21.65609229524387,-1.0736008917502713,
2020-03-11,-48.0,22.440924988440738,-1.069474632278408,
2020-03-12,-3.0,23.375948203552113,-0.0641685200077602,
2020-03-13,-54.5,25.72677333186982,-1.0592078395716744,
2020-03-16,-3.0,27.66861095102197,-0.054213057628922846,
2020-03-17,-64.0,30.55121016880612,-1.0474216838936596,
2020-03-18,-66.0,31.61407015674854,-1.0438390196637053,
2020-03-19,-68.5,32.71619014555222,-1.0468822881767088,
2020-03-20,-69.0,33.01771227801277,-1.0448937136984597,
2020-03-23,-70.0,33.475822115297575,-1.0455307080869543,
2020-03-24,-69.5,33.13245982134775,-1.0488204071588443,
2020-03-25,-70.5,33.670766262680054,-1.046902221499792,
2020-03-26,-69.5,33.35231867248862,-1.0419065715111522,
2020-03-27,-69.5,33.277599481596575,-1.0442459955447718,
2020-03-30,-68.0,32.55062809005397,-1.0445266956427453,
2020-03-31,-67.0,31.890315369335827,-1.0504756573279914,
2020-04-01,-65.0,30.93832855724041,-1.0504769170018435,
2020-04-02,-64.5,30.825769374580386,-1.046202597836668,
2020-04-03,-62.5,29.785089419253215,-1.049182681983149,
2020-04-06,-61.0,28.92588660359227,-1.0544188469649964,
2020-04-07,435.0,29.991001846192823,7.252175206264752,
2020-04-08,-61.5,29.280483857179053,-1.0501875634975426,
2020-04-09,-59.5,28.268485010237693,-1.052408715544033,
2020-04-13,-57.5,27.18145036664929,-1.057706620220504,
2020-04-14,348.5,26.269828911888627,6.633084691356392,
2020-04-15,-56.0,26.501448275325153,-1.0565460313378463,
2020-04-16,-54.5,25.65580911280193,-1.0621376188210954,
2020-04-17,-53.0,24.913429890458936,-1.0636833272864075,
2020-04-20,-51.0,24.108899183997583,-1.0577007189496967,
2020-04-21,-49.0,23.1167456708549,-1.0598377621504518,
2020-04-22,-50.0,23.447692408650976,-1.0662030004614145,
2020-04-23,-50.0,23.42955366517591,-1.067028435849305,
2020-04-24,-48.5,22.714942689091917,-1.067579184852852,
2020-04-27,-47.5,22.149143211299638,-1.0722762399172021,
2020-04-28,437.5,21.136257981921094,10.349514099757293,
2020-04-29,-45.0,20.9698288403553,-1.0729701311009257,
2020-04-30,-45.5,21.337608923187066,-1.066192565525846,
2020-05-01,-44.0,20.41215471438799,-1.0777892049041142,
2020-05-04,200.0,20.614857949074562,4.850870195032762,
2020-05-05,-43.0,20.093260952712097,-1.0700104901140015,
2020-05-06,-42.5,19.740170884661232,-1.0764851086730944,
2020-05-07,-41.0,19.06810510718543,-1.0750937172186548,
2020-05-08,-40.0,18.532436885243616,-1.0791888904758622,
2020-05-11,213.5,17.9024413934405,5.962873870326617,
2020-05-12,-38.5,17.64958843676618,-1.0906769905127065,
2020-05-13,-38.5,17.701403548425738,-1.0874843877400888,
2020-05-14,-39.5,18.1754104378239,-1.0866329576194496,
2020-05-15,-39.5,18.173595406550767,-1.0867414817037806,
2020-05-18,-39.0,17.97369573465428,-1.0849187772998137,
2020-05-19,-38.5,17.844324610750405,-1.0787743677562747,
2020-05-20,124.5,17.258122852839662,3.6069971532134124,
2020-05-21,-37.5,17.12763193477969,-1.0947222634978453,
2020-05-22,-36.5,16.738604653723996,-1.090293986717689,
2020-05-25,10.0,16.067990035600854,0.311177688617046,
2020-05-26,295.5,15.618044318772224,9.460211341724188,
2020-05-27,-3.0,15.556487581717064,-0.0964227941635676,
2020-05-28,-3.0,15.881024183022989,-0.09445234656865006,
2020-05-29,-34.5,15.72836174137849,-1.096744866607331,
2020-06-01,-34.5,15.673657331280028,-1.1005727403248797,
2020-06-02,-33.0,15.089824664760027,-1.0934520689649379,
2020-06-03,-32.5,14.822247902991455,-1.0963249371048769,
2020-06-04,-31.5,14.232265909920637,-1.1066403691222086,
2020-06-05,175.0,14.12772905921202,6.19349363462951,
2020-06-08,-31.5,14.29048055498259,-1.1021322858529432,
2020-06-09,190.5,14.094731943912405,6.7578440213713336,
2020-06-10,-31.0,13.908947519347235,-1.1143905732938904,
2020-06-11,-31.0,13.941344125108147,-1.1118009756379759,
2020-06-12,-34.5,15.652230259028993,-1.1020793659772117,
2020-06-15,-36.0,16.433320954812636,-1.0953355106673401,
2020-06-16,-37.0,17.00995874375459,-1.0875981699128163,
2020-06-17,-37.0,17.06192597634355,-1.0842855622308025,
2020-06-18,-36.0,16.43919912089044,-1.0949438514389755,
2020-06-22,-34.0,15.599519905257575,-1.089777127965997,
2020-06-23,-33.5,15.25803634059632,-1.0977821540137562,
2020-06-24,-33.5,15.140498030553726,-1.1063044271197868,
2020-06-25,-3.0,15.635373171228458,-0.09593630951899731,
2020-06-26,402.5,15.65829294471214,12.85261431182783,
2020-06-29,-3.0,15.94743273437556,-0.0940590266147772,
2020-06-30,344.0,16.005651824777306,10.746204021115718,
2020-07-01,-35.0,16.085158837293214,-1.0879594150743788,
2020-07-02,-35.0,15.924611777486557,-1.0989278887627671,
2020-07-06,185.0,14.775653777526674,6.260298284783156,
2020-07-07,-33.5,15.265785650560485,-1.0972248912315248,
2020-07-08,-33.5,15.186533104091877,-1.1029508766215286,
2020-07-09,-33.0,14.879905739513887,-1.1088779921625391,
2020-07-10,-33.0,14.964823186691467,-1.1025856967474095,
2020-07-13,-3.0,14.990103673356364,-0.1000660190673746,
2020-07-14,-36.0,16.581881982402336,-1.0855221391095808,
2020-07-15,-37.5,17.167997555087883,-1.0921483381993655,
2020-07-16,-37.0,17.09483701543875,-1.082198091932214,
2020-07-17,-37.0,17.010830800050268,-1.0875424144448802,
2020-07-20,-36.0,16.504253600046678,-1.0906279336345808,
2020-07-21,319.5,17.247253342900486,9.262344375880472,
2020-07-22,-37.5,17.183163818407596,-1.0911843824659297,
2020-07-23,-36.5,16.695080688521337,-1.0931363759474217,
2020-07-24,-3.0,17.416414210769812,-0.08612565031167224,
2020-07-27,-38.0,17.62417033857197,-1.0780649321356655,
2020-07-28,-38.0,17.488961742959688,-1.0863995404214657,
2020-07-29,-37.0,17.024571618462566,-1.0866646406501872,
2020-07-30,-36.5,16.661655788572386,-1.0953293136998425,
2020-07-31,-3.0,16.609930375102927,-0.09030742249518339,
2020-08-03,-36.0,16.55252463402415,-1.0874474074486817,
2020-08-04,-35.5,16.309040731593853,-1.088353404232704,
2020-08-05,-34.5,15.661073536480007,-1.1014570591102097,
2020-08-06,-33.0,14.885282569588579,-1.1084774456153337,
2020-08-07,-33.0,14.886780243189396,-1.1083659280554399,
2020-08-10,-33.0,15.070313797247296,-1.094867712908131,
2020-08-11,-33.5,15.164398526015347,-1.1045607889600413,
2020-08-12,303.0,15.360245059871396,9.86312388959167,
2020-08-13,-35.0,15.961298984166296,-1.0964019919281072,
2020-08-14,-34.0,15.553795485297277,-1.0929808107654362,
2020-08-17,90.0,15.0361136649189,2.992794614541291,
2020-08-18,-32.5,14.71612340313898,-1.104231022997119,
2020-08-19,-32.0,14.453811017200483,-1.1069744845120435,
2020-08-20,312.0,14.166038801686161,11.012252767614301,
2020-08-24,-31.0,13.988382946351845,-1.1080623156690448,
2020-08-26,-30.5,13.805831469048274,-1.1046056902975712,
2020-08-27,-31.5,14.208539935544826,-1.1084882803896674,
2020-08-28,-31.5,14.325340654434482,-1.0994502944071007,
2020-08-31,-30.5,13.798977036260592,-1.105154386439404,
2020-09-01,-30.5,13.744139390813407,-1.1095638341817977,
2020-09-02,-3.0,13.876700862898163,-0.10809485733100421,
2020-09-03,-31.5,14.29845437269115,-1.101517659844492,
2020-09-04,-37.5,17.304368346070355,-1.083541428673872,
2020-09-07,77.0,19.8236991784939,1.9421198663954418,
2020-09-08,-41.5,19.330488522887194,-1.0734338128822825,
2020-09-10,-45.0,21.097685256979265,-1.066467706098556,
2020-09-11,-47.5,22.155439881480746,-1.071971494452345,
2020-09-14,-48.0,22.407729889946406,-1.0710589657173613,
2020-09-15,-47.0,22.09690989780738,-1.0634971183157083,
2020-09-16,-46.5,21.69846990510685,-1.071504124561704,
2020-09-17,-3.0,21.491882769027793,-0.06979379220147561,
2020-09-18,330.5,21.676391142668667,7.6235014819748,
2020-09-21,-47.5,22.233434632478048,-1.068211025088611,
2020-09-22,-3.0,22.311403587301044,-0.06723019437709214,
2020-09-23,-47.5,22.161481902493826,-1.071679236275595,
2020-09-24,232.5,22.60753676660141,5.142090498410184,
2020-09-25,-48.5,22.64137342612988,-1.071048100466098,
2020-09-28,-48.5,22.822793181406315,-1.0625342747160513,
2020-09-29,-48.0,22.41536152559158,-1.0706943081243299,
2020-09-30,-45.5,21.331228559477896,-1.0665114733812044,
2020-10-01,-45.0,20.96605151951519,-1.0731634413402549,
2020-10-02,-3.0,20.523833553835537,-0.07308576129626995,
2020-10-05,282.0,21.029274014275856,6.704939024727209,
2020-10-06,-45.0,20.88387944182758,-1.0773860317798785,
2020-10-07,-45.0,20.92431662455418,-1.0753039348294315,
2020-10-08,27.0,20.66588329422888,0.6532505679914483,
2020-10-09,180.0,19.708052344641107,4.566661303011622,
2020-10-12,-41.5,19.25390574859531,-1.0777034161764212,
2020-10-13,-44.0,20.479519623695648,-1.0742439473309273,
2020-10-14,-43.0,19.888571793431677,-1.0810228217141518,
2020-10-15,-42.5,19.813941665329413,-1.0724771657717864,
2020-10-16,-42.5,19.6348208320916,-1.0822609578014848,
2020-10-19,-41.5,19.35465505837077,-1.072093506054284,
2020-10-20,-43.0,19.896733268487147,-1.0805793951136762,
2020-10-21,-42.0,19.51214517788092,-1.0762527548127163,
2020-10-22,-41.0,18.917974093746572,-1.0836255456537693,
2020-10-23,-40.5,18.70776165847896,-1.0824384215319551,
2020-10-26,-39.0,18.069260825730463,-1.0791808357889314,
2020-10-27,-40.5,18.66565290960686,-1.0848803467023491,
2020-10-28,446.0,18.066320558920655,12.343409897589174,
2020-10-29,-41.5,19.253547661854892,-1.0777234598229333,
2020-10-30,241.5,19.593919257436685,6.162626190988844,
2020-11-02,-43.5,20.231407167619782,-1.075061157130519,
2020-11-03,-43.5,20.231395941361225,-1.0750617536743536,
2020-11-04,-43.5,20.276921231263994,-1.072648049076836,
2020-11-05,-47.0,21.950444714745135,-1.0705933435696615,
2020-11-06,-47.5,22.270948663691915,-1.0664116898944394,
2020-11-09,-47.0,21.889541616285346,-1.0735720469594716,
2020-11-10,-48.5,22.72734221512211,-1.0669967376944216,
2020-11-11,206.5,22.831639199756246,4.522233340175694,
2020-11-12,-48.5,22.695450685487945,-1.0684960759781728,
2020-11-13,-47.5,22.145775636524522,-1.0724392945094985,
2020-11-16,121.5,21.372863091058488,2.8423894235028935,
2020-11-17,-44.5,20.628372870268596,-1.0786114901029655,
2020-11-18,-42.5,19.63036409382084,-1.082506666633299,
2020-11-19,-41.0,18.963463087119354,-1.0810261768022906,
2020-11-20,-40.0,18.456697866610828,-1.0836174566297199,
2020-11-23,-38.5,17.745058733281486,-1.0848090327193982,
2020-11-24,-38.0,17.514161680904238,-1.0848363938946493,
2020-11-25,-38.0,17.45377513226822,-1.0885897094476225,
2020-11-26,-36.5,16.74011262282049,-1.0901957717489426,
2020-11-27,-35.0,16.013140292619024,-1.0928524749181345,
2020-11-30,-3.0,15.693005271717666,-0.09558398624279686,
2020-12-01,-34.5,15.718504895166406,-1.0974326193901904,
2020-12-02,-34.5,15.872093831225948,-1.0868131314888796,
2020-12-03,-34.0,15.591497843281237,-1.0903378348171802,
2020-12-04,-33.0,14.993444425904007,-1.1004809522949333,
2020-12-07,85.5,14.373823395482294,2.9741564804139977,
2020-12-08,-30.5,13.810514581519273,-1.1042311211493157,
2020-12-09,-30.5,13.630299254267896,-1.1188309013263187,
2020-12-10,-32.0,14.450010021820189,-1.1072656680403166,
2020-12-11,-32.5,14.654027163118748,-1.108910186880095,
2020-12-14,36.0,14.484543080038838,1.2427040259768922,
2020-12-15,-31.5,14.136986431464637,-1.1140988269568743,
2020-12-16,-31.0,13.87988025778859,-1.1167243313430093,
2020-12-17,-30.0,13.599620953660835,-1.1029719174608468,
2020-12-18,106.5,13.107683742685062,4.062502654575943,
2020-12-21,-29.0,13.1236527610647,-1.1048753166510663,
2020-12-22,-30.0,13.482677563845792,-1.1125386577680203,
2020-12-23,-30.0,13.38078988071395,-1.1210100549908384,
2020-12-24,-29.0,12.895108460662954,-1.1244573897329233,
2020-12-28,-3.0,12.370457856329887,-0.1212566274766022,
2020-12-29,-27.5,12.30381800944918,-1.1175392865401754,
2020-12-30,59.5,12.014259580202811,2.4762241735664077,
2020-12-31,-26.5,11.634223181616894,-1.138881366908637,
2021-01-04,429.5,11.336242954358545,18.943665980397252,
2021-01-05,-3.0,12.769814886190078,-0.11746450621004503,
2021-01-06,-28.5,12.670631680033644,-1.1246479544074446,
2021-01-07,324.5,13.076747274316956,12.407519744505798,
2021-01-08,-31.0,13.966801040437174,-1.1097745256858642,
2021-01-11,-31.0,13.928100966120233,-1.1128581015964325,
2021-01-12,-31.0,14.113147325683073,-1.0982667184231214,
2021-01-13,-31.0,14.07336894527714,-1.1013709695432679,
2021-01-14,-30.5,13.810092592043057,-1.1042648626980656,
2021-01-15,-30.0,13.615175264039982,-1.1017118552720786,
2021-01-18,-30.5,13.648466316608557,-1.1173416592194367,
2021-01-19,-28.5,12.83964729399366,-1.1098435707549457,
2021-01-20,280.0,12.95377963013697,10.807656452197936,
2021-01-21,-30.5,13.860652513698616,-1.1002368023387268,
2021-01-22,-30.0,13.621945191291571,-1.101164318998245,
2021-01-25,-29.0,13.046716963342172,-1.1113907077727807,
2021-01-26,-31.0,14.072844323103448,-1.1014120275993946,
2021-01-27,-3.0,13.636837585738917,-0.10999617694124807,
2021-01-28,-33.5,15.147152758186136,-1.1058183849732168,
2021-01-29,-34.0,15.534409704029985,-1.0943447690574175,
2021-02-01,-35.5,16.3359697251707,-1.086559310443049,
2021-02-02,148.5,17.085632601944223,4.345756562244636,
2021-02-03,-37.5,17.27415884466249,-1.0854363543029204,
2021-02-04,-37.0,16.90279035575803,-1.0944938445443047,
2021-02-05,-36.0,16.572680330346742,-1.0861248537473838,
2021-02-08,-35.0,16.02641744960769,-1.0919470964128908,
2021-02-09,-34.0,15.401316203207141,-1.1038017644530895,
2021-02-10,-32.5,14.783365045835204,-1.0992084650292782,
2021-02-11,-33.0,15.041249685418403,-1.0969833188791334,
2021-02-12,-32.0,14.605713993602803,-1.0954616807509638,
2021-02-15,31.0,14.442359422631174,1.0732318415861817,
2021-02-16,-30.5,13.80853017815752,-1.1043898085635944,
2021-02-18,-31.0,13.886372959737862,-1.1162021965664242,
2021-02-19,-31.5,14.134667748328015,-1.1142815862695508,
2021-02-22,-31.0,14.012995052018871,-1.1061161402299142,
2021-02-23,-3.0,14.939298976874666,-0.1004063177477022,
2021-02-24,-36.0,16.55077762138362,-1.0875621926515393,
2021-02-25,-37.5,17.24893636271336,-1.0870235477551797,
2021-02-26,-40.5,18.86285162251955,-1.0735386358987415,
2021-03-01,-41.5,19.323540792339582,-1.073819763313042,
2021-03-02,350.5,20.052662878601044,8.739487671087112,
2021-03-03,-43.0,19.985061958700967,-1.0758035198704734,
2021-03-04,-44.0,20.609343247365185,-1.0674770047712512,
2021-03-05,-46.5,21.764925872553384,-1.0682324459151669,
2021-03-08,-48.5,22.837966881656715,-1.0618283197300464,
2021-03-09,-50.0,23.531683532966948,-1.0623974253680575,
2021-03-11,-52.0,24.500788352405177,-1.0611903431853307,
2021-03-12,-52.5,24.71680347009052,-1.0620305344809162,
2021-03-15,-52.0,24.4419425079412,-1.063745240033708,
2021-03-16,-50.5,23.784928757373972,-1.061596621018754,
2021-03-17,-49.5,23.259219560418686,-1.064094172880944,
2021-03-18,-50.0,23.40186459181735,-1.0682909433097674,
2021-03-19,-51.0,24.03923140668754,-1.060766027357517,
2021-03-22,-50.0,23.44446487763843,-1.0663497815147511,
2021-03-23,-50.0,23.481467386378544,-1.0646694087994837,
2021-03-24,-3.0,22.838148287351505,-0.0656795805477254,
2021-03-25,-48.5,22.728280552540685,-1.0669526867173948,
2021-03-26,-47.5,22.322242655930634,-1.063961196286433,
2021-03-29,-47.5,22.195653894792734,-1.0700292999960648,
2021-03-30,-46.0,21.614714330878964,-1.0640899365087608,
2021-03-31,221.0,21.03375259295904,5.253461050834525,
2021-04-01,91.5,20.938930979176252,2.184925297547345,
2021-04-05,287.5,20.712935909235092,6.940107410649953,
2021-04-06,-44.5,20.844601201432585,-1.0674226762597323,
2021-04-07,-43.0,19.978468972758833,-1.0761585399419653,
2021-04-08,-41.5,19.239828331847487,-1.0784919512848636,
2021-04-09,251.5,18.670465593858385,6.7352364282423265,
2021-04-12,-39.5,18.309182337154212,-1.0786937197038005,
2021-04-13,-38.0,17.5223657416432,-1.0843284679787897,
2021-04-14,307.0,17.245768188668684,8.900734274096125,
2021-04-15,-37.5,17.16973117519235,-1.0920380644684116,
2021-04-16,-37.5,17.152696805535754,-1.0931225691547666,
2021-04-19,-36.0,16.39491489085463,-1.0979013992955045,
2021-04-20,-35.5,16.350188827222155,-1.0856143734833958,
2021-04-21,-35.5,16.30999676813486,-1.0882896086575873,
2021-04-22,-35.5,16.355711284696657,-1.0852478190054577,
2021-04-23,-36.0,16.489231907218322,-1.0916214958515031,
2021-04-26,-36.0,16.54625105670273,-1.0878597174861777,
2021-04-27,137.0,16.028661695509676,4.273594471033713,
2021-04-28,-34.0,15.53866800297327,-1.0940448690162572,
2021-04-29,137.5,14.987245288475181,4.5872339230256705,
2021-04-30,-3.0,15.214495625012669,-0.09859018905194572,
2021-05-03,-32.5,14.833549508940337,-1.0954896527096198,
2021-05-04,-32.5,14.714188829730313,-1.1043762036794411,
2021-05-05,-34.5,15.858264627606719,-1.0877608871509492,
2021-05-06,-34.5,15.81169215420624,-1.0909648272788526,
2021-05-07,-34.5,15.834071286048651,-1.089422908888816,
2021-05-10,-34.5,15.849494765616605,-1.0883627683465096,
2021-05-11,-3.0,16.61381656807256,-0.09028629838628471,
2021-05-13,-38.5,17.83123724491971,-1.0795661420232918,
2021-05-14,-38.5,17.770970298854017,-1.0832272901407842,
2021-05-17,-39.5,18.262775991793017,-1.0814347177491153,
2021-05-18,-39.0,18.039095563807802,-1.0809854591115555,
2021-05-19,-38.5,17.783178023535815,-1.0824836806178775,
2021-05-20,311.5,17.978129593283256,8.663303887751994,
2021-05-21,-39.5,18.259602479477312,-1.081622670712454,
2021-05-24,213.5,17.88882730237179,5.967411848503146,
2021-05-25,-39.0,18.09498249505952,-1.0776468010026587,
2021-05-26,-38.0,17.476144459698123,-1.0871963231830712,
2021-05-27,-36.0,16.596151998291116,-1.0845887650253767,
2021-05-28,-34.5,15.821873284127467,-1.0902628083430066,
2021-05-31,24.5,15.287721620975503,0.8012966420838276,
2021-06-01,-32.0,14.40467007662011,-1.1107508825189432,
2021-06-02,-31.5,14.344068642575817,-1.0980148235801885,
2021-06-03,-31.0,13.906099453820401,-1.11461880820518,
2021-06-04,245.0,14.04852092140466,8.719779162897932,
2021-06-08,-31.0,13.898533345496874,-1.1152255863761338,
2021-06-09,-30.5,13.84595953510424,-1.1014043455302638,
2021-06-10,-3.0,13.369908854025365,-0.11219223828503404,
2021-06-11,-29.5,13.237236793023554,-1.1142808903874653,
2021-06-14,-28.5,12.639934164950443,-1.127379289641725,
2021-06-15,-28.5,12.629046010311125,-1.1283512617156852,
2021-06-16,-28.0,12.384560581003187,-1.1304397849589232,
2021-06-17,353.5,12.922270539502959,13.677936819205343,
2021-06-18,-30.0,13.429608358109892,-1.1169350289311883,
2021-06-21,-29.5,13.253832761102041,-1.1128856283209623,
2021-06-22,-29.5,13.300880421023324,-1.1089491472072934,
2021-06-23,-29.5,13.27090681952166,-1.1114538140153751,
2021-06-24,-28.5,12.772984903841541,-1.1156358601593774,
2021-06-25,-28.5,12.712414553567145,-1.12095148722171,
2021-06-28,-27.5,12.21822422831235,-1.125368117581128,
2021-06-29,-27.5,12.315136783432896,-1.1165121623738172,
2021-06-30,-27.0,11.951109156044835,-1.1296022673486954,
2021-07-01,-26.0,11.41085135918449,-1.139266439531387,
2021-07-02,-25.5,11.126147690671312,-1.1459491959369013,
2021-07-05,6.0,11.302404998480505,0.2654302336894953,
2021-07-06,-24.5,10.631697498589041,-1.1522148745885337,
2021-07-07,-24.5,10.754879820118395,-1.1390178416577736,
2021-07-08,-24.5,10.830424118681368,-1.1310729723751085,
2021-07-09,-26.0,11.459054538775556,-1.134474048972377,
2021-07-12,-3.0,11.519122071720158,-0.13021825714327237,
2021-07-13,-25.5,11.158381209454433,-1.1426388613786558,
2021-07-14,-25.5,11.225193265921975,-1.1358379047875382,
2021-07-15,-25.5,11.14125088978469,-1.1443957349250933,
2021-07-16,-26.0,11.384732969085784,-1.1418800981367176,
2021-07-19,-26.5,11.715287757008229,-1.1310008149030473,
2021-07-20,-27.0,12.101249345793354,-1.1155872930337463,
2021-07-21,216.5,12.660535106808114,8.550191527196139,
2021-07-22,-28.0,12.50755045632182,-1.1193238875101907,
2021-07-23,-27.5,12.164600423727405,-1.1303289480170864,
2021-07-26,-27.5,12.304182536318304,-1.1175061780345075,
2021-07-27,-27.0,11.927544498009855,-1.1318339665177954,
2021-07-28,-3.0,12.911737748152007,-0.1161733632806078,
2021-07-29,14.0,12.916256480426863,0.5419526943126063,
2021-07-30,115.5,12.53875601753923,4.605720050634945,
2021-08-02,-28.0,12.549827016286429,-1.1155532249035482,
2021-08-03,-27.5,12.292250086551684,-1.1185909742467057,
2021-08-04,-28.0,12.491017937512279,-1.1208053715106785,
2021-08-05,-27.5,12.193445227689972,-1.127655042790963,
2021-08-06,-27.0,11.875609854283548,-1.1367837244274688,
2021-08-09,-26.5,11.664852007549008,-1.1358909647053517,
2021-08-10,-25.5,11.241469721295507,-1.1341933320201698,
2021-08-11,95.0,11.310382598345829,4.19968109716704,
2021-08-12,-25.5,11.338212412749698,-1.1245158880303532,
2021-08-13,-25.5,11.327893668981863,-1.1255402259744158,
2021-08-16,-25.0,10.91250840691173,-1.1454744898141649,
2021-08-17,-25.5,11.310275663560892,-1.1272934788917275,
2021-08-18,-26.5,11.772041687592257,-1.1255481718150482,
2021-08-19,-27.0,11.97582442419281,-1.1272710355312279,
2021-08-20,-28.0,12.380676251036181,-1.1307944506527494,
2021-08-23,310.0,12.412413661676455,12.487498743178792,
2021-08-24,-29.0,12.886526971556707,-1.1252061965186253,
2021-08-25,-27.5,12.363828616445515,-1.1121150597081793,
2021-08-26,-26.5,11.823555143842265,-1.1206443272606235,
2021-08-27,-26.0,11.566961919282102,-1.1238906197425123,
2021-08-30,227.0,11.651464639333382,9.74126459748615,
2021-08-31,-26.5,11.85448502223814,-1.1177204218609222,
2021-09-01,-26.0,11.497914663506846,-1.1306398056041078,
2021-09-02,-25.5,11.290027901827786,-1.1293151895519986,
2021-09-03,-25.5,11.181365194554372,-1.1402900967951208,
2021-09-06,8.0,11.001446252086202,0.3635885599351522,
2021-09-07,-24.0,10.511610805508617,-1.1415947776254607,
2021-09-08,-23.5,10.268370747972288,-1.1442905879026906,
2021-09-09,-23.5,10.335808551688553,-1.1368244623765222,
2021-09-10,-23.5,10.243072226567943,-1.1471167770860258,
2021-09-13,-24.5,10.767674210384518,-1.1376644352952194,
2021-09-14,-25.5,11.149001052499909,-1.1436002149395352,
2021-09-15,-3.0,11.315590263035629,-0.132560473217205,
2021-09-16,-26.0,11.614923101390227,-1.1192497691563699,
2021-09-17,234.5,11.716089308433784,10.007605516936271,
2021-09-20,-27.5,12.132797214974229,-1.1332918333976463,
2021-09-21,-31.0,14.02241884247607,-1.1053727729946354,
2021-09-22,-30.5,13.863228210870636,-1.1000323855335477,
2021-09-23,115.5,14.01005119580845,4.122040611620159,
2021-09-24,-31.0,14.001743967536417,-1.107004958520692,
2021-09-27,-3.0,13.775726541283817,-0.10888717887254235,
2021-09-28,-31.0,14.033263931192115,-1.1045185265523105,
2021-09-29,-34.0,15.46035222182125,-1.099586850033445,
2021-09-30,-34.0,15.40202349169116,-1.1037510759005718,
2021-10-01,-34.0,15.41884324228465,-1.1025470414913607,
2021-10-04,406.5,15.822854439264319,12.845343473275994,
2021-10-05,-36.5,16.850239836459725,-1.083070637398973,
2021-10-06,-37.5,17.182811990998317,-1.091206725058896,
2021-10-07,-38.0,17.46216470592701,-1.0880667042128527,
2021-10-08,-38.0,17.539420798360794,-1.0832740840436252,
2021-10-11,-3.0,17.10223002704931,-0.08770786018124906,
2021-10-12,-37.0,16.957427882260074,-1.0909673405925955,
2021-10-13,-36.0,16.58993303352721,-1.084995338053694,
2021-10-14,-35.5,16.185741388275268,-1.0966442360717477,
2021-10-15,-36.0,16.54300986054132,-1.0880728568586493,
2021-10-18,403.0,15.901098441931225,12.67208053178541,
2021-10-19,-35.0,16.063073553221855,-1.0894552615984214,
2021-10-20,-34.0,15.545175442277436,-1.0935868857269986,
2021-10-21,225.0,15.11784148211476,7.441538537964807,
2021-10-22,-32.5,14.84022780482085,-1.0949966680916572,
2021-10-25,-32.5,14.85967581876222,-1.093563560752942,
2021-10-26,-33.0,14.971484688850632,-1.1020951056569335,
2021-10-27,-33.0,14.972182211075586,-1.1020437613826406,
2021-10-28,-32.5,14.826847767427331,-1.0959848144997584,
2021-10-29,330.5,14.769572926896807,11.188542879196184,
2021-11-01,-33.0,14.952103432118465,-1.1035236664131491,
2021-11-02,168.0,14.583203186967147,5.760051404554927,
2021-11-03,-31.5,14.16431367361235,-1.111949393590579,
2021-11-04,-31.5,14.280255554068612,-1.10292143865119,
2021-11-05,-32.0,14.579433728777996,-1.0974363132100242,
2021-11-08,-32.0,14.376438462436711,-1.1129321105366528,
2021-11-09,-30.5,13.839728572262661,-1.1019002229974206,
2021-11-10,-31.0,14.092694388529614,-1.0998606492606429,
2021-11-11,-32.5,14.824466217920357,-1.0961608843869473,
2021-11-12,-32.0,14.475397202354616,-1.1053237280008723,
2021-11-15,-32.0,14.574475973615002,-1.097809624782785,
2021-11-16,211.0,14.454870546928216,7.298577988470443,
2021-11-17,-31.5,14.35720122214763,-1.097010465779627,
2021-11-18,-31.0,14.009365420565656,-1.1064027195154822,
2021-11-19,-31.0,14.07878574766811,-1.1009472178783093,
2021-11-22,-3.0,13.863336765691818,-0.10819905953032267,
2021-11-23,-33.0,14.965062710999545,-1.1025680492385945,
2021-11-24,-34.0,15.504611803071008,-1.0964479611564864,
2021-11-25,11.5,15.82481810285165,0.36335330761014206,
2021-11-26,-33.0,14.993134666933676,-1.1005036882907222,
2021-11-29,-35.5,16.153446476438415,-1.0988367111557484,
2021-11-30,-37.0,17.111682442407098,-1.0811327326968327,
2021-12-01,-39.0,17.96531226794945,-1.0854250518533135,
2021-12-02,-42.5,19.730289963095917,-1.0770242119982316,
2021-12-03,-43.0,19.946876394303356,-1.077862998446223,
2021-12-06,-46.0,21.481920937567402,-1.070667752052741,
2021-12-07,-46.5,21.75821229916973,-1.0685620528156716,
2021-12-08,-49.0,22.890661420657608,-1.0703054643012653,
2021-12-09,-47.0,22.039096319182068,-1.0662869139306048,
2021-12-10,-47.0,21.93808943924049,-1.0711962892249738,
2021-12-13,-46.0,21.450547336437598,-1.0722337122340173,
2021-12-14,-45.5,21.348722526692054,-1.0656375327168146,
2021-12-15,-46.5,21.717563774785482,-1.0705620686144228,
2021-12-16,804.0,23.15157707658652,17.363827901233893,
2021-12-17,-52.0,24.43896442825891,-1.063874865742513,
2021-12-20,-51.5,24.32591339766899,-1.0585419580778197,
2021-12-21,-3.0,24.12852672640692,-0.06216707787460388,
2021-12-22,-52.0,24.452828388806427,-1.0632716832013513,
2021-12-23,-51.0,24.014679932463114,-1.0618505044295439,
2021-12-27,287.5,23.303809937287177,6.168519241568021,
2021-12-28,-49.0,23.084341370338095,-1.061325493630108,
2021-12-29,-47.5,22.27251341531395,-1.0663367693234915,
2021-12-30,-46.0,21.549476742791523,-1.0673112982984,
2021-12-31,-44.5,20.847281975449267,-1.0672854152499418,
2022-01-03,-43.5,20.163101120060034,-1.078703115681009,
2022-01-04,423.0,19.826451040055748,10.667567260156778,
2022-01-05,-44.0,20.405811680051762,-1.0781242297510114,
2022-01-06,-46.5,21.70048584576235,-1.0714045835310289,
2022-01-07,-46.5,21.742861856779328,-1.0693164567363864,
2022-01-10,-3.0,21.892032438437948,-0.06851807863057546,
2022-01-11,-48.5,22.81670869283524,-1.0628176187223197,
2022-01-12,-49.5,23.13158664334701,-1.0699655143249098,
2022-01-13,-48.0,22.61504474025079,-1.0612404386396916,
2022-01-14,-3.0,23.79343440166145,-0.06304260136129225,
2022-01-17,-49.5,23.311314087257063,-1.0617162081621723,
2022-01-18,-47.0,22.011845223881558,-1.067606998004142,
2022-01-19,-48.0,22.520820565032874,-1.0656805301874206,
2022-01-20,-48.5,22.773797667530527,-1.0648202093484895,
2022-01-21,-51.0,23.952901405564063,-1.0645891939452712,
2022-01-24,-52.0,24.62055130516663,-1.056028343059235,
2022-01-25,-57.5,27.2333690690833,-1.0556901691843357,
2022-01-26,-59.0,27.89303913557735,-1.057611537294729,
2022-01-27,-62.0,29.45514348303611,-1.0524477674961457,
2022-01-28,-62.5,29.838258234247817,-1.047313142565802,
2022-01-31,753.0,30.803382646087258,12.222683603478341,
2022-02-01,-3.0,31.27367674279531,-0.04796366005623446,
2022-02-02,-64.0,30.594753404024218,-1.0459309665751693,
2022-02-03,-62.5,29.676378160879633,-1.0530260744956663,
2022-02-04,-65.0,31.078958292245375,-1.045723595185917,
2022-02-07,-65.0,30.93090769994214,-1.0507289445004162,
2022-02-08,-63.5,30.300575007089126,-1.0478349005776877,
2022-02-09,-62.5,29.788926792297048,-1.0490475275558018,
2022-02-10,-3.0,29.325878449990114,-0.05114936292728533,
2022-02-11,-62.0,29.48786927499082,-1.0512797554447804,
2022-02-14,-64.0,30.519539326777192,-1.0485086179503333,
2022-02-15,-63.0,29.90385794629311,-1.053375790393786,
2022-02-16,-62.5,29.691082378700745,-1.052504573643215,
2022-02-17,523.0,28.984576494507834,9.022039706170988,
2022-02-18,-61.5,29.343713887757275,-1.0479246123248718,
2022-02-21,-61.0,28.932555752917473,-1.0541757963060165,
2022-02-22,-60.0,28.412819627709084,-1.055861417243611,
2022-02-23,889.5,28.512796797158433,15.59825937679756,
2022-02-24,-61.5,29.350275597361403,-1.04769033251478,
2022-02-25,-67.5,32.21052376897845,-1.047794200493697,
2022-02-28,-66.5,31.81289707119427,-1.0451735950231011,
2022-03-01,-65.5,31.12894013753754,-1.0520756522804857,
2022-03-02,-65.0,30.903658699142003,-1.051655414538419,
2022-03-03,565.5,30.512325934917573,9.2667468420173,
2022-03-04,-64.0,30.478409796709176,-1.0499235430404612,
2022-03-07,871.5,29.91789838265852,14.564859951946898,
2022-03-08,-64.5,30.813048498182912,-1.0466345127098289,
2022-03-09,-66.0,31.54649146259842,-1.0460751249984444,
2022-03-10,-67.5,32.19272421526996,-1.048373532302413,
2022-03-11,743.5,31.744136771322108,11.710824039034565,
2022-03-14,-66.5,31.843216287656247,-1.0441784428945728,
2022-03-15,-66.0,31.570932981395085,-1.045265276748301,
2022-03-16,-3.0,31.662294911295437,-0.04737496142343362,
2022-03-17,-67.0,32.09534527477433,-1.0437650604223183,
2022-03-18,682.0,31.42603489800474,10.850875750209592,
2022-03-21,-66.0,31.479532405290115,-1.0483001963032452,
2022-03-22,469.5,30.747065804912253,7.634874868693831,
2022-03-23,-63.5,30.25441824741852,-1.0494334989471856,
2022-03-24,-62.0,29.385799086888625,-1.0549313261258768,
2022-03-25,-61.0,29.082795580682294,-1.0487299928023102,
2022-03-28,-59.5,28.267060182062135,-1.0524617632108384,
2022-03-29,-58.5,27.785484454771986,-1.05270793631876,
2022-03-30,-57.5,27.308842708002558,-1.052772550906199,
2022-03-31,-56.0,26.58633608600238,-1.053172573664331,
2022-04-01,-55.0,25.97168707985935,-1.0588453462973468,
2022-04-04,503.0,25.225495145583686,9.970071887529667,
2022-04-05,505.5,25.069656206613423,10.08190929771602,
2022-04-06,-3.0,25.338787906141036,-0.0591977803183105,
2022-04-07,-54.5,25.868606627130962,-1.0534003780250087,
2022-04-08,-54.5,25.71772401090732,-1.0595805440809154,
2022-04-11,-53.0,25.12494015298537,-1.054728880492527,
2022-04-12,-53.5,25.21333728491499,-1.0609464228285397,
2022-04-13,454.0,25.535152478849632,8.889706070407081,
2022-04-14,483.0,25.562105873217515,9.44757842713693,
2022-04-18,-54.5,25.67150902513055,-1.0614880478324908,
2022-04-19,-53.0,24.997651237621223,-1.0600995968820366,
2022-04-20,422.0,25.400497577791135,8.306923884218998,
2022-04-21,-53.5,25.265640607948914,-1.0587501189890307,
2022-04-22,-56.5,26.69130913595256,-1.0583969432187916,
2022-04-25,-57.5,27.129876340527378,-1.0597173256205534,
2022-04-26,726.0,26.838010173346852,13.525592905561219,
2022-04-27,-3.0,27.73083087525065,-0.054091419285194495,
2022-04-28,-58.0,27.491128669875604,-1.0548857541734107,
2022-04-29,-60.0,28.421673050598773,-1.055532513747215,
2022-05-02,-62.5,29.773249975556006,-1.049599893382698,
2022-05-03,-62.5,29.640785691587723,-1.0542905415921207,
2022-05-04,-60.5,28.676711713617173,-1.0548629250834136,
2022-05-05,878.5,30.229714448358802,14.530405199505523,
2022-05-06,-3.0,32.504824130618886,-0.04614699633421583,
2022-05-09,-68.0,32.37814026414611,-1.0500911949427143,
2022-05-10,-69.0,33.05470167384996,-1.0437244401843575,
2022-05-11,-68.5,32.71329441143211,-1.046974956702339,
2022-05-12,-69.5,33.26948766775839,-1.0445006050897616,
2022-05-13,-69.5,33.27032783434708,-1.044474228598534,
2022-05-16,-70.0,33.486732989036575,-1.04519004620304,
2022-05-17,-67.5,32.23455563267682,-1.0470130373314948,
2022-05-18,822.0,31.70262308748562,12.964226930554503,
2022-05-19,-69.0,33.05823929552236,-1.0436127493539233,
2022-05-20,-67.5,32.20497220298505,-1.0479748216293057,
2022-05-23,-69.0,32.91399204562897,-1.0481864354883579,
2022-05-24,-3.0,32.01076047094119,-0.04685924288995488,
2022-05-25,335.5,32.18052758015968,5.21277967187285,
2022-05-26,583.5,31.639061324433992,9.221196451068204,
2022-05-27,468.5,31.757699801260134,7.3761639371219525,
2022-05-31,-63.5,30.236071512311035,-1.0500702773861528,
2022-06-01,-62.5,29.844209261431676,-1.047104305101662,
2022-06-03,-63.0,30.01423528154058,-1.0495020014510648,
2022-06-06,-63.0,29.96634347571625,-1.0511793013894597,
2022-06-07,459.0,29.311158227450804,7.829782713433213,
2022-06-08,-61.0,28.97330763977575,-1.052693064223304,
2022-06-09,-59.0,27.99530352264891,-1.0537481751585136,
2022-06-10,-59.5,28.155906842459704,-1.056616651222058,
2022-06-13,-60.0,28.546109925141153,-1.0509312855121593,
2022-06-14,-62.0,29.566030644773925,-1.0485005705518857,
2022-06-15,-60.5,28.628724884432934,-1.0566310627564361,
2022-06-16,-61.0,28.961048106973436,-1.053138680870324,
2022-06-17,-63.0,29.90981252790391,-1.0531660795470565,
2022-06-20,-61.5,29.25732591876792,-1.0510188144116945,
2022-06-21,100.5,27.909481210284497,1.800463420347747,
2022-06-22,-57.5,27.295411123835603,-1.0532906014701564,
2022-06-23,-57.0,26.947524614990204,-1.0576110573119653,
2022-06-24,483.0,26.221362142490904,9.210047849064894,
2022-06-27,-56.0,26.57162198945584,-1.0537557703895897,
2022-06-28,-54.5,25.84016684735185,-1.0545597542375247,
2022-06-29,-56.5,26.70917278682672,-1.0576890653061795,
2022-06-30,-54.5,25.789767587767667,-1.0566206115376138,
2022-07-01,-54.5,25.755677045784264,-1.0580191680288338,
2022-07-04,11.0,25.141432256799675,0.21876239761608995,
2022-07-05,-50.5,23.7835620955997,-1.0616576229626937,
2022-07-06,-51.5,24.364200517342578,-1.0568785124581044,
2022-07-07,289.0,23.807829051818107,6.069432021100854,
2022-07-08,-50.0,23.622001976688242,-1.0583353614427624,
2022-07-11,238.0,23.181591121210513,5.133383613651882,
2022-07-12,-49.5,23.146298898266906,-1.0692854226406439,
2022-07-13,-49.5,23.17245611981927,-1.0680784061915416,
2022-07-14,-49.5,23.29585211126075,-1.0624208928608516,
2022-07-15,-49.5,23.366237674742127,-1.0592205876067784,
2022-07-18,-48.5,22.84230998368912,-1.0616264299589693,
2022-07-19,-49.0,22.975894984854182,-1.0663349574042933,
2022-07-20,339.0,23.370473914507453,7.252741241793184,
2022-07-21,-49.0,23.094011492042636,-1.060881086356167,
2022-07-22,-49.0,22.904260671182453,-1.069669977639805,
2022-07-25,116.5,23.168688480383707,2.514169071301497,
2022-07-26,-48.0,22.464675017499157,-1.068343965862176,
2022-07-27,-47.5,22.36407323053493,-1.061971124632734,
2022-07-28,-50.5,23.872442999782436,-1.0577049026875933,
2022-07-29,-50.5,23.85744707122655,-1.0583697377433543,
2022-08-01,-3.0,23.617182994710365,-0.06351307860619791,
2022-08-02,-49.5,23.30702706651677,-1.0619114968788201,
2022-08-03,460.5,23.126167990337,9.956253889369275,
2022-08-04,-50.0,23.551530991027214,-1.061502116763646,
2022-08-05,-48.5,22.737135920239556,-1.066537143687203,
2022-08-08,-48.0,22.429572640222446,-1.0700159287458444,
2022-08-09,-48.0,22.427906737349414,-1.0700954075233675,
2022-08-10,-47.0,21.99644911325303,-1.0683542547711062,
2022-08-11,-48.0,22.439559890877813,-1.0695396931450756,
2022-08-12,-48.0,22.39030561295797,-1.0718924705570096,
2022-08-15,-47.5,22.214658783460973,-1.069113877980521,
2022-08-16,-46.0,21.547986727499474,-1.0673851014882736,
2022-08-17,-45.5,21.176701961249513,-1.074293817877279,
2022-08-18,-45.0,20.98997324973169,-1.0719403846923727,
2022-08-19,159.0,20.310332303322284,3.9142638738114446,
2022-08-22,-44.0,20.466737138799264,-1.0749148655597913,
2022-08-23,-45.0,21.08741662888503,-1.0669870281398077,
2022-08-24,-44.0,20.398136869678957,-1.0785298745937013,
2022-08-25,-42.5,19.79693066470189,-1.073398718210846,
2022-08-26,-3.0,19.600274902937468,-0.07652953886760011,
2022-08-29,-45.5,21.319451695584792,-1.0671006142578925,
2022-08-30,394.5,20.711365860185882,9.52375624724876,
2022-08-31,-45.0,21.052071870172604,-1.0687784147212074,
2022-09-01,-44.5,20.816656022303135,-1.0688556306143104,
2022-09-02,-44.5,20.839127020710055,-1.067703074984274,
2022-09-05,-5.0,21.607314376373623,-0.11570156089058475,
2022-09-06,-44.0,20.402774063775507,-1.0782847435957406,
2022-09-07,-43.5,20.225790202077256,-1.0753597156251626,
2022-09-08,-43.5,20.305198044786025,-1.0711542902476134,
2022-09-09,-43.5,20.267773184444167,-1.0731321986913425,
2022-09-12,-43.5,20.360253671269582,-1.06825781010241,
2022-09-13,-42.5,19.83407483760747,-1.0713885156724219,
2022-09-14,-48.0,22.397712349206937,-1.0715380046770624,
2022-09-15,-46.5,21.656357895692153,-1.0735877247681085,
2022-09-16,-46.5,21.697868045999858,-1.0715338461230197,
2022-09-19,-45.5,21.357395328428442,-1.0652047990944797,
2022-09-20,-45.0,20.983652804969267,-1.0722632617459071,
2022-09-21,-44.0,20.549552604614323,-1.0705829184358975,
2022-09-22,-3.0,21.425477418570445,-0.07001010855888239,
2022-09-23,-45.0,20.933032602958267,-1.0748562058237223,
2022-09-26,-3.0,21.227101702746968,-0.07066438089406653,
2022-09-27,-45.0,21.02204086683647,-1.070305216440479,
2022-09-28,-45.5,21.313770090633863,-1.067385070931082,
2022-09-29,200.5,21.652965084160016,4.629850905423423,
2022-09-30,-48.0,22.582664006720012,-1.062762125533915,
2022-10-03,-48.5,22.753545149097157,-1.0657679865311986,
2022-10-04,-3.0,22.885434781304504,-0.06554387165173611,
2022-10-05,-49.5,23.309243011211326,-1.061810543915806,
2022-10-06,-50.0,23.4898327961248,-1.0642902491891868,
2022-10-07,348.0,22.856630453544458,7.612670658242943,
2022-10-10,-3.0,23.897228278291283,-0.06276878567388627,
2022-10-11,-50.0,23.525551258413333,-1.0626743545938957,
2022-10-12,-49.5,23.303636882812384,-1.062065982424159,
2022-10-13,991.5,22.390430676897214,22.1411551726659,
2022-10-14,-51.5,24.316114199975985,-1.0589685419402015,
2022-10-17,142.0,25.15469532854913,2.8225346827961415,
2022-10-18,-54.0,25.491413519367054,-1.0591801815731716,
2022-10-19,-54.0,25.546937553697976,-1.0568781460888523,
2022-10-20,-53.0,24.983763442719553,-1.060688877428604,
2022-10-21,-52.5,24.7393874825253,-1.0610610314641673,
2022-10-24,-53.0,25.00264551948778,-1.0598878418423818,
2022-10-25,-52.5,24.866742268095795,-1.05562681741705,
2022-10-26,-52.0,24.41911782037467,-1.0647395287272123,
2022-10-27,-3.0,24.172216547490763,-0.06205471463706997,
2022-10-28,-50.5,23.751433222669995,-1.0630937410505261,
2022-10-31,-51.5,24.193741563907853,-1.0643248350810595,
2022-11-01,501.5,23.62945645220015,10.611754887686066,
2022-11-02,-50.0,23.566191705614425,-1.0608417478859762,
2022-11-03,-52.5,24.686017298070542,-1.063355003079079,
2022-11-04,-3.0,24.157551776779787,-0.06209238476896481,
2022-11-07,-51.0,24.10076236415266,-1.058057816375492,
2022-11-08,-50.0,23.40383290957033,-1.0682010975124063,
2022-11-09,-49.5,23.352666273172446,-1.0598361536315368,
2022-11-10,501.5,23.141761539374414,10.835389500205629,
2022-11-11,-54.5,25.848153572276242,-1.0542339097376505,
2022-11-14,-54.5,25.649178317113655,-1.062412201400551,
2022-11-15,-52.5,24.86977272303411,-1.0554981861851733,
2022-11-16,-52.5,24.814342528531675,-1.057855954467365,
2022-11-17,258.0,24.10796091935084,5.350929530355054,
2022-11-18,122.5,23.624802996540065,2.5926142118082542,
2022-11-21,-49.5,23.19892421107292,-1.0668598153437971,
2022-11-22,-47.5,22.369536767424854,-1.061711748746868,
2022-11-23,-3.0,22.014569855465933,-0.06813669355558948,
2022-11-25,-43.0,20.034437783539506,-1.0731521509260726,
2022-11-28,-42.0,19.37751365614383,-1.0837303677162806,
2022-11-29,-41.5,19.135816252133555,-1.0843540576789594,
2022-11-30,-40.5,18.698436519838303,-1.0829782467916795,
2022-12-01,-43.5,20.340066054135566,-1.0693180613136586,
2022-12-02,-43.0,19.968007764554454,-1.076722337726902,
2022-12-05,-42.5,19.73502506708628,-1.0767657972444316,
2022-12-06,412.5,19.762433990865834,10.43646749663166,
2022-12-07,-43.0,19.97806370580399,-1.0761803704607198,
2022-12-08,-42.0,19.38543415538942,-1.0832875772432318,
2022-12-09,-41.0,19.117724572861604,-1.0723033445675116,
2022-12-12,-40.5,18.65351210337149,-1.085586450839998,
2022-12-13,-39.5,18.322904095987813,-1.0778859015217288,
2022-12-14,-42.0,19.530643089131537,-1.0752334116271949,
2022-12-15,359.0,19.959704297050713,8.99311920299958,
2022-12-16,-45.0,20.991600418689945,-1.0718572929754822,
2022-12-19,-44.5,20.649343245926378,-1.0775161095929475,
2022-12-20,-44.0,20.391800871217352,-1.078864987890922,
2022-12-21,-43.0,19.900868666130396,-1.0803548508709668,
2022-12-22,172.5,19.62714590426394,4.3944239483776615,
2022-12-23,-44.5,20.720296196816516,-1.0738263482651618,
2022-12-27,197.0,20.242060754186767,4.8661053435296475,
2022-12-28,-42.5,19.78191355745914,-1.074213570809346,
2022-12-29,216.5,19.64258044621206,5.510986720732778,
2022-12-30,-42.5,19.85337827148263,-1.0703468049326132,
2023-01-03,-42.0,19.380815537805297,-1.0835457341326133,
2023-01-04,-42.5,19.803167999390634,-1.0730606335639776,
2023-01-05,-42.0,19.486870285148445,-1.0776486779411036,
2023-01-06,-41.0,19.119504550494984,-1.0722035158316525,
2023-01-09,-43.0,19.89400422545963,-1.080727628100384,
2023-01-10,-43.0,19.924789637926796,-1.0790578164536702,
2023-01-11,-42.0,19.388197520932025,-1.0831331781785196,
2023-01-12,-41.0,19.039933412294026,-1.0766844377072882,
2023-01-13,-41.0,19.09154531141588,-1.0737737394019082,
2023-01-16,-40.5,18.85688136060046,-1.0738785280958663,
2023-01-17,-38.5,17.781836263414714,-1.0825653613516824,
2023-01-18,-37.5,17.23759795888509,-1.0877385610641501,
2023-01-19,-38.0,17.554555247536157,-1.0823401522899143,
2023-01-20,-37.5,17.216729872712147,-1.089056989255435,
2023-01-23,415.0,17.734731310375565,11.700205453837563,
2023-01-24,-39.5,18.135375502491595,-1.089031765418178,
2023-01-25,-38.0,17.446687966599338,-1.089031914617513,
2023-01-26,-38.5,17.814335254699387,-1.080590419163796,
2023-01-27,278.5,17.800811307935145,7.822677157300461,
2023-01-30,-39.0,17.958342643082634,-1.085846304837668,
2023-01-31,-39.0,18.085871740005306,-1.0781896654097514,
2023-02-01,-38.5,17.795809472862068,-1.0817153346890749,
2023-02-02,-41.0,18.99432308194335,-1.0792698382332981,
2023-02-03,-44.0,20.389817861804538,-1.078969912782387,
2023-02-06,-44.5,20.645009443104218,-1.077742301902016,
2023-02-07,-43.0,20.07438376859677,-1.0710166871290656,
2023-02-08,-44.0,20.565052785125577,-1.0697760044609417,
2023-02-09,529.0,20.486299014759464,12.911068017187466,
2023-02-10,-45.0,20.96227765656236,-1.073356644188722,
2023-02-13,-44.0,20.450686395379336,-1.0757585136590193,
2023-02-14,-43.5,20.173851652852242,-1.078128280819638,
2023-02-15,-43.5,20.248933677648512,-1.0741306355311153,
2023-02-16,-43.0,19.928920557816472,-1.0788341464669708,
2023-02-17,-43.0,19.888908375115296,-1.0810045274732363,
2023-02-20,34.0,19.624075634035634,0.8662828413948586,
2023-02-21,-40.0,18.381730945890233,-1.0880368154051117,
2023-02-22,-40.0,18.55000016404093,-1.0781671063685425,
2023-02-23,-39.0,18.06339300946658,-1.0795314030858172,
2023-02-24,-39.0,18.01198993736182,-1.08261219708721,
2023-02-27,-39.5,18.24282994183598,-1.082617119326846,
2023-02-28,-39.0,17.965663517419124,-1.0854038305400309,
2023-03-01,-38.0,17.38552683760347,-1.0928630565801754,
2023-03-02,-37.0,16.972721349203226,-1.0899843118480508,
2023-03-03,-37.0,17.099669824260136,-1.081892234770121,
2023-03-06,-37.5,17.247014836812987,-1.0871446553161743,
2023-03-07,-37.0,16.94588877704063,-1.0917102220725643,
2023-03-08,-37.0,16.916718150109155,-1.0935927309210758,
2023-03-09,-36.0,16.491863282244218,-1.0914473211392373,
2023-03-10,-3.0,17.328158762083916,-0.08656430383603014,
2023-03-13,-38.0,17.61454027907792,-1.0786543218824558,
2023-03-14,-40.0,18.453680259143784,-1.083794653377611,
2023-03-15,-40.5,18.754756669204944,-1.0797260853429373,
2023-03-16,-40.5,18.782541907118876,-1.0781288336870387,
2023-03-17,-42.5,19.700306770896102,-1.078663405962455,
2023-03-20,-42.0,19.588231287260665,-1.0720722913690266,
2023-03-21,-41.5,19.14532190959919,-1.0838156755983428,
2023-03-22,-41.0,18.877352487484963,-1.085957366828362,
2023-03-23,-42.0,19.596827309807466,-1.0716020337378949,
2023-03-24,-43.0,19.975625359106935,-1.0763117356022147,
2023-03-27,-42.0,19.448794976313582,-1.0797584130829498,
2023-03-28,8.5,19.129684620862612,0.22216780277522188,
2023-03-29,-40.5,18.649885719372428,-1.0857975381031673,
2023-03-30,-40.5,18.718643882274396,-1.0818091378497627,
2023-03-31,354.0,18.14633003354051,9.754038401861123,
2023-04-03,-39.0,18.089002888287617,-1.0780030342427545,
2023-04-04,-38.0,17.587109824838503,-1.0803366891566262,
2023-04-05,162.5,17.17999483735004,4.729337858900809,
2023-04-06,-37.0,17.118030920396468,-1.0807317784405266,
2023-04-10,-37.5,17.168975140368147,-1.092086152301223,
2023-04-11,-37.0,17.034137630341853,-1.0860543927417317,
2023-04-12,349.5,16.41205637103172,10.647660235218568,
2023-04-13,302.0,16.54021305881517,9.129265715203347,
2023-04-14,-3.0,16.8025192688998,-0.0892723273215575,
2023-04-17,-36.5,16.657696463978386,-1.09558965967863,
2023-04-18,-35.5,16.16027171655136,-1.098372620914563,
2023-04-19,-34.5,15.861770165369121,-1.0875204860591028,
2023-04-20,-3.0,15.512268724985613,-0.09669765439171059,
2023-04-21,-33.5,15.359160244629498,-1.0905544139925765,
2023-04-24,-33.0,15.009398798584535,-1.0993111863718377,
2023-04-25,-32.5,14.830602455828496,-1.0957073421932144,
2023-04-26,-33.5,15.127970137555032,-1.1072205885982216,
2023-04-27,-33.5,15.138918699158243,-1.106419839676617,
2023-04-28,-35.0,16.043728077789797,-1.0907689232296451,
2023-05-01,-34.5,15.712033215090527,-1.097884644454057,
2023-05-02,-33.5,15.150905842584061,-1.1055444587954224,
2023-05-03,-33.5,15.156198282399485,-1.1051584103020977,
2023-05-04,-33.5,15.260219833656665,-1.0976250789688888,
2023-05-05,336.5,14.863954131252617,11.319329871063132,
2023-05-08,-34.0,15.46831455044886,-1.099020836727599,
2023-05-09,-33.0,14.971470653988227,-1.1020961388054813,
2023-05-10,-32.0,14.459222750131925,-1.1065601710751718,
2023-05-11,-32.0,14.41481398226536,-1.1099692316310779,
2023-05-12,-31.0,13.967773697817835,-1.109697245626305,
2023-05-15,-31.0,13.916950576545133,-1.1137497338046778,
2023-05-16,-30.0,13.611275535363339,-1.1020275036699263,
2023-05-17,-29.5,13.281898711408815,-1.1105339922017416,
2023-05-18,426.0,13.369798803451044,15.931428971468138,
2023-05-19,-30.5,13.788920317490254,-1.1059604123360167,
2023-05-22,-30.0,13.418729580526666,-1.1178405459312692,
2023-05-23,-29.0,12.994623896203333,-1.115846069560851,
2023-05-24,-29.0,13.11107933218881,-1.1059348839726164,
2023-05-25,-29.0,13.026359379889609,-1.1131275882335498,
2023-05-26,531.5,14.123583709897494,18.8160459454613,
2023-05-29,-33.5,15.205381302047673,-1.1015836872005516,
2023-05-30,-32.0,14.543836209044269,-1.1001224003093626,
2023-05-31,-32.5,14.698294336969678,-1.1055704578678505,
2023-06-01,-32.0,14.510916170043274,-1.1026181815474085,
2023-06-02,-33.0,14.954332872183041,-1.1033591495540465,
2023-06-05,-32.5,14.740630524169967,-1.1023951772860152,
2023-06-06,-32.0,14.497996201014969,-1.1036007858023773,
2023-06-07,-31.0,14.101264329513901,-1.099192216938913,
2023-06-08,-33.0,15.073495448834336,-1.0946366127224976,
2023-06-09,-3.0,15.044138631060456,-0.09970660579417072,
2023-06-12,-33.0,14.994110871698995,-1.1004320390309594,
2023-06-13,-3.0,15.305245809434782,-0.09800561315227871,
2023-06-14,-33.0,15.106656823046583,-1.0922337214166238,
2023-06-15,449.0,15.31332419282897,14.660435394238595,
2023-06-16,-35.0,15.968622464769759,-1.095899163413049,
2023-06-19,9.5,15.99050657442906,0.2970512521220484,
2023-06-20,-33.0,15.085381104826984,-1.0937741569366364,
2023-06-21,220.0,14.9949074544822,7.335823867797155,
2023-06-22,408.0,15.269824779162045,13.359681787468082,
2023-06-23,-34.0,15.539837294936184,-1.093962547827938,
2023-06-26,-34.5,15.652616773869314,-1.102052151995274,
2023-06-27,-35.5,16.13635843287865,-1.1000003547165556,
2023-06-28,-36.0,16.49447568767303,-1.091274457026367,
2023-06-29,-35.5,16.352905995696386,-1.0854339898163232,
2023-06-30,121.0,15.807609138860931,3.8272707446484553,
2023-07-03,-35.5,16.143672771799437,-1.0995019690318906,
2023-07-04,-34.0,15.429839002385192,-1.1017613338267553,
2023-07-05,-3.0,14.477707645071964,-0.103607562521169,
2023-07-06,-31.5,14.190907098995396,-1.1098656266388338,
2023-07-07,-32.0,14.507181591924297,-1.1029020281173505,
2023-07-10,-32.0,14.475418621072562,-1.1053220924960354,
2023-07-11,-31.5,14.25306729099595,-1.10502530286584,
2023-07-12,-31.5,14.14168748449624,-1.1137284724518894,
2023-07-13,-32.0,14.466834807032221,-1.1059779290645193,
2023-07-14,-3.0,14.984382320815634,-0.10010422637950629,
2023-07-17,-33.0,14.954694297900232,-1.1033324835210268,
2023-07-18,-32.5,14.849448276621645,-1.094316751524252,
2023-07-19,-34.0,15.37850554257724,-1.1054390137541945,
2023-07-20,-33.0,15.091648003821724,-1.0933199605385464,
2023-07-21,-35.5,16.21010171783446,-1.0949962134087867,
2023-07-24,-35.0,16.107594452274856,-1.0864440405332216,
2023-07-25,-34.5,15.680266277112365,-1.1001088690170326,
2023-07-26,-34.0,15.484354400175768,-1.0978823889362173,
2023-07-27,-33.5,15.286364800163213,-1.0957477607639692,
2023-07-28,169.0,16.29849945729441,5.184526356024875,
2023-07-31,-37.0,16.902178067487668,-1.0945334930286788,
2023-08-01,-35.5,16.256040348381408,-1.0919018173922868,
2023-08-02,311.5,15.816769609211306,9.847143496943582,
2023-08-03,-36.5,16.844589637124784,-1.0834339329809346,
2023-08-04,-36.0,16.564172520187302,-1.086682717054704,
2023-08-07,-36.5,16.84753519731678,-1.0832445094346255,
2023-08-08,-3.0,16.485211254651297,-0.09099064469536448,
2023-08-09,345.0,16.746089022176204,10.300912635276504,
2023-08-10,-36.5,16.73922552059219,-1.0902535471279298,
2023-08-11,-37.5,17.184191554835603,-1.0911191219073544,
2023-08-14,-36.5,16.831302872347347,-1.0842892043719012,
2023-08-15,-37.0,16.906745524322538,-1.0942377983619236,
2023-08-16,-36.5,16.758495844013787,-1.0889998822011813,
2023-08-17,392.0,16.663692569441373,11.762098897541689,
2023-08-18,-36.5,16.828785957338418,-1.0844513707800676,
2023-08-21,-3.0,16.663336960385674,-0.09001798400680498,
2023-08-22,234.0,16.884705748929555,6.929347880842844,
2023-08-23,-36.0,16.537137481148875,-1.0884592342851767,
2023-08-24,791.5,16.8679669467811,23.461630038083555,
2023-08-25,-39.5,18.261326450582448,-1.0815205594974766,
2023-08-28,-40.0,18.548017418397986,-1.078282360257101,
2023-08-29,-39.0,18.021373317083846,-1.082048501903817,
2023-08-30,-40.5,18.704221651577857,-1.0826432864845645,
2023-08-31,-3.0,18.159723676465156,-0.08260037579448343,
2023-09-01,-38.0,17.4947434138605,-1.0860405065985097,
2023-09-04,-37.5,17.309851027156178,-1.083198230336268,
2023-09-06,-35.0,16.027562875456095,-1.0918690593189768,
2023-09-07,-35.0,16.0787190986378,-1.0883951571417534,
2023-09-08,-35.5,16.218632020163675,-1.0944202925334556,
2023-09-11,-34.5,15.783372590151982,-1.0929223080473383,
2023-09-12,-34.5,15.730095976569698,-1.0966239510359141,
2023-09-13,-34.5,15.625714121100433,-1.1039495453654937,
2023-09-14,-34.0,15.396198826736118,-1.1041686452164294,
2023-09-15,389.0,15.279506053397824,12.729469088874604,
2023-09-18,-35.0,15.879630621012266,-1.102040747524922,
2023-09-19,-34.0,15.37751414808282,-1.1055102818500389,
2023-09-20,-33.5,15.161709566076905,-1.1047566850559363,
2023-09-21,-34.0,15.620248168499984,-1.0883309801877823,
2023-09-22,-35.0,16.074159013607126,-1.0887039244283865,
2023-09-25,-34.5,15.863504798349474,-1.0874015685231668,
2023-09-26,178.5,15.570129455610228,5.732129604602706,
2023-09-27,-35.0,15.907084494495212,-1.1001387467361496,
2023-09-28,-35.0,16.032471316316983,-1.091534776811947,
2023-09-29,-36.0,16.43818765086577,-1.0950112252217763,
2023-10-02,-3.0,16.601977818661073,-0.09035068088778912,
2023-10-03,-36.0,16.478175831613854,-1.0923539221778713,
2023-10-04,-37.0,17.103841843641437,-1.0816283364358634,
2023-10-05,-3.0,17.14910314052419,-0.08746813099837418,
2023-10-09,-39.5,18.286184595656067,-1.08005034602416,
2023-10-10,124.5,18.390296410252063,3.3849372849312753,
2023-10-11,-39.5,18.166882380948344,-1.0871430543697402,
2023-10-12,-38.0,17.58844435373775,-1.0802547182612132,
2023-10-13,376.0,17.68480547132791,10.630594738788695,
2023-10-16,-39.0,18.052855080518775,-1.0801615541157736,
2023-10-17,-39.0,17.91649043191029,-1.0883827987466446,
2023-10-18,-39.0,18.02424111534527,-1.0818763394925024,
2023-10-19,-39.5,18.139027464249178,-1.088812508770161,
2023-10-20,-40.0,18.375525502517096,-1.0884042471199196,
2023-10-23,-39.5,18.317898680908733,-1.0781804367432073,
2023-10-24,-40.5,18.82822734655811,-1.0755128258902078,
2023-10-25,389.0,18.404782536089673,10.567905359305808,
2023-10-26,-41.5,19.206226640654695,-1.080378795284938,
2023-10-27,-42.5,19.634353309179364,-1.0822867280311848,
2023-10-30,-41.5,19.37431021566655,-1.0710058716423891,
2023-10-31,-41.0,19.118109485976085,-1.0722817554234423,
2023-11-01,404.0,18.783780236977794,10.753958865124622,
2023-11-02,-41.0,18.901903077193666,-1.0845468795538655,
2023-11-03,-3.0,18.975427857394116,-0.07904960095092127,
2023-11-06,-40.5,18.846825867580254,-1.074451482826795,
2023-11-07,-39.5,18.140802591324523,-1.0887059654926758,
2023-11-08,-38.5,17.853513120515625,-1.0782191644892376,
2023-11-09,-37.5,17.27870861190737,-1.0851505411161753,
2023-11-10,-37.5,17.207015139628272,-1.0896718488274115,
2023-11-13,-38.5,17.830174772511967,-1.0796304716921181,
2023-11-14,85.0,17.26373371733254,2.46180812887137,
2023-11-15,-39.0,18.018109880380216,-1.0822444823268285,
2023-11-16,-38.0,17.50654846035306,-1.0853081658574304,
2023-11-17,-36.5,16.845366427470697,-1.0833839725943086,
2023-11-20,-35.5,16.258197396937078,-1.0917569498414361,
2023-11-21,8.0,16.28618329715586,0.24560696186555514,
2023-11-22,-35.0,16.04297377593044,-1.0908202085485896,
2023-11-23,-35.0,15.888118506221124,-1.1014520059847068,
2023-11-24,19.0,14.896556470062473,0.6377312783052981,
2023-11-27,-3.0,14.265106007915156,-0.10515168966621825,
2023-11-28,-31.0,13.883669864492644,-1.1164195166899715,
2023-11-29,-30.0,13.49733630274317,-1.111330388719101,
2023-11-30,-3.0,13.577883709690088,-0.11047376985041486,
2023-12-01,-30.5,13.655356301855083,-1.1167778901476402,
2023-12-04,-30.5,13.676402280294006,-1.1150593326706506,
2023-12-05,204.0,14.326748545987291,7.119549817782533,
2023-12-06,299.0,14.2556415069882,10.4870762867258,
2023-12-07,-32.0,14.500327827917614,-1.103423328760544,
2023-12-08,-32.5,14.809232983066357,-1.0972884293589742,
2023-12-11,-32.5,14.670180627133046,-1.1076891561883715,
2023-12-12,-32.0,14.575882010909258,-1.0977037264725982,
2023-12-13,-32.0,14.516444010130026,-1.1021983061991423,
2023-12-14,-32.5,14.714376580835024,-1.104362112164852,
2023-12-15,-33.0,14.998617539346808,-1.100101389792394,
2023-12-18,-32.5,14.633091286536324,-1.1104967283947287,
2023-12-19,-32.0,14.414209766069444,-1.110015759425359,
2023-12-20,-3.0,13.862748354207342,-0.10820365209505878,
2023-12-21,-32.0,14.550677043192533,-1.0996051903636694,
2023-12-22,-32.0,14.59214654010735,-1.0964802166715557,
2023-12-26,103.0,14.329314644385397,3.5940309273743987,
2023-12-27,-31.0,14.007577884072154,-1.106543909895005,
2023-12-28,-30.0,13.394090178067,-1.119896894868059,
2023-12-29,-28.5,12.872637308205071,-1.1069992619862747,
2024-01-02,218.5,12.859859643333282,8.495427090966473,
2024-01-03,-31.0,14.06540538309519,-1.1019945446171788,
2024-01-04,-31.5,14.126804998588392,-1.1149017772648382,
2024-01-05,-31.0,13.90926535583208,-1.1143651086864148,
2024-01-08,508.5,13.84521068755836,18.3637508837966,
2024-01-09,-32.5,14.717874209875621,-1.1040996660439135,
2024-01-10,-32.5,14.780883194884504,-1.0993930325911743,
2024-01-11,-32.5,14.697427252392755,-1.1056356817384134,
2024-01-12,-33.5,15.203861020078987,-1.1016938380243744,
2024-01-16,-31.0,13.980178634659943,-1.10871258551533,
2024-01-17,-31.0,13.939183732184233,-1.1119732903880155,
2024-01-18,-32.0,14.436831322742503,-1.108276438389567,
2024-01-19,-32.5,14.782414799689468,-1.0992791245677507,
2024-01-22,-34.0,15.542599456854505,-1.093768133650434,
2024-01-23,-33.5,15.24134235279347,-1.0989845652886354,
2024-01-24,-32.5,14.846425041879652,-1.0945395914613156,
2024-01-25,-33.5,15.200251824602535,-1.1019554276652905,
2024-01-26,-33.5,15.23951955141664,-1.099116015008685,
2024-01-29,-32.5,14.871518154886882,-1.0926927453375122,
2024-01-30,-32.5,14.861945429537819,-1.093396559491024,
2024-01-31,-32.5,14.65618147028512,-1.108747188546095,
2024-02-01,-34.0,15.501722079550467,-1.0966523533811787,
2024-02-02,349.5,15.543563359582576,11.242595790769364,
2024-02-05,-35.5,16.22929097675525,-1.093701507072787,
2024-02-06,133.0,16.094609478415588,4.131818177333402,
2024-02-07,-35.0,16.05392308710019,-1.0900762327721487,
2024-02-08,-35.0,16.052303580878746,-1.0901862098375543,
2024-02-09,-34.0,15.37981761081598,-1.1053447076020337,
2024-02-12,-34.0,15.382152067186269,-1.1051769561077855,
2024-02-13,-33.5,15.275837633815822,-1.0965028826256213,
2024-02-14,-36.0,16.442742088543266,-1.0947079205567407,
2024-02-15,-3.0,16.374510510790177,-0.0916057917585724,
2024-02-16,320.5,16.021866902876592,10.001955513138638,
2024-02-19,-35.0,16.018519266956837,-1.0924854980884018,
2024-02-20,-33.5,15.198446462174205,-1.1020863245258186,
2024-02-21,-35.0,15.914182429161762,-1.0996480703860931,
2024-02-22,282.0,16.061830112793068,8.778576227605289,
2024-02-23,-38.5,17.860985104736418,-1.0777681010940006,
2024-02-26,-38.5,17.649932597255248,-1.0906557231268736,
2024-02-27,-37.0,16.890115983165586,-1.0953151546406779,
2024-02-28,-35.5,16.346625555796617,-1.0858510179616696,
2024-02-29,-35.0,15.938384444668287,-1.0979782838563732,
2024-03-01,-35.0,15.931624841477696,-1.0984441432765268,
2024-03-04,-36.0,16.431598067086433,-1.0954503589066713,
2024-03-05,282.5,15.762823205151689,8.960958209176383,
2024-03-06,-3.0,16.919050119069425,-0.08865745945804329,
2024-03-07,-37.0,17.00965368199304,-1.0876176755782327,
2024-03-08,-38.0,17.486196276136393,-1.0865713560546906,
2024-03-11,-40.0,18.508610827840936,-1.080578125826477,
2024-03-12,-3.0,17.9526386258523,-0.08355317740535134,
2024-03-13,-3.0,18.368521581148563,-0.08166144419262547,
2024-03-14,-39.0,18.09577003963795,-1.0775999008213604,
2024-03-15,-39.0,18.071518608235245,-1.0790460072964645,
2024-03-18,-39.5,18.23783870764701,-1.0829134041918547,
2024-03-19,-40.5,18.662814514243653,-1.0850453442885044,
2024-03-20,-40.0,18.594042048940537,-1.0756133576206242,
2024-03-21,-40.0,18.62125333115907,-1.0740415612376564,
2024-03-22,-40.0,18.493842378933422,-1.0814410326532393,
2024-03-25,-38.5,17.847853637581036,-1.0785610634696465,
2024-03-26,-38.0,17.415417663468105,-1.0909873289950338,
2024-03-27,24.5,17.078155687506097,0.7172905683815588,
2024-03-28,-37.0,16.89355528125566,-1.0950921633723114,
2024-04-01,-35.5,16.16901561830883,-1.0977786415086987,
2024-04-02,-35.0,16.045335931286772,-1.090659620648813,
2024-04-03,-36.0,16.472901221909147,-1.092703693024019,
2024-04-04,-36.0,16.43331899177278,-1.0953356415104927,
2024-04-05,-39.0,17.931385492360437,-1.0874787120218825,
2024-04-08,-40.0,18.435840100048978,-1.0848434295080953,
2024-04-09,-38.5,17.860958664331193,-1.0777696965640908,
2024-04-10,-39.0,17.893658045450394,-1.089771579990489,
2024-04-11,-39.0,17.97893247077537,-1.084602772255645,
2024-04-12,-40.0,18.565705151434273,-1.077255069864929,
2024-04-15,-41.5,19.178869069188966,-1.0819198945017603,
2024-04-16,-44.0,20.474128421389754,-1.074526814876092,
2024-04-17,498.5,19.92240496271906,12.511039729712518,
2024-04-18,-43.5,20.343572465381982,-1.0691337540154902,
2024-04-19,-43.0,20.093138717854696,-1.0700169994295203,
2024-04-22,-45.0,20.970860952293645,-1.0729173232889664,
2024-04-23,329.0,21.077406598558387,7.804565482512975,
2024-04-24,-45.5,21.21518112723279,-1.072345310820705,
2024-04-25,-45.0,20.922578903859023,-1.0753932439872425,
2024-04-26,-45.5,21.303108982154804,-1.0679192421658843,
2024-04-29,-46.0,21.572083340572316,-1.066192802840794,
2024-04-30,-45.0,20.87630953053144,-1.0777767002876597,
2024-05-01,-45.5,21.214608849779196,-1.0723742380117833,
2024-05-02,-3.0,21.809993931937825,-0.06877581005666628,
2024-05-03,-46.5,21.855262222513694,-1.0638170232544522,
2024-05-06,222.5,22.447743492334144,4.955954706003819,
2024-05-07,-47.0,21.898351100024563,-1.0731401598531152,
2024-05-08,159.5,20.86855816430852,3.8215385735846557,
2024-05-09,-43.5,20.255179009715057,-1.0737994460363929,
2024-05-10,-42.0,19.507487651878268,-1.0765097164102537,
2024-05-13,-41.0,18.968559962458393,-1.0807357037420107,
2024-05-14,-39.5,18.15607353656851,-1.0877902625929077,
2024-05-15,-38.5,17.75653256967076,-1.0841080556955232,
2024-05-16,-39.0,18.072583814694276,-1.0789824078251131,
2024-05-17,-38.0,17.408470685073254,-1.0914226955209447,
2024-05-20,153.0,16.872151350425167,4.534098729387717,
2024-05-21,-36.0,16.520122682537657,-1.0895802861698252,
2024-05-22,-35.0,16.04056034807068,-1.0909843309872187,
2024-05-23,-34.5,15.722484608922775,-1.097154834561602,
2024-05-24,-36.0,16.533378565428293,-1.0887066989222909,
2024-05-27,-36.0,16.580547953611987,-1.0856094774647538,
2024-05-28,-34.5,15.83416952835399,-1.0894161496193853,
2024-05-29,-34.0,15.406282419185848,-1.103445953894072,
2024-05-30,-33.5,15.280833674958288,-1.0961443829762594,
2024-05-31,-34.0,15.606309841032697,-1.0893029917490784,
2024-06-03,-36.0,16.582198423816077,-1.0855014238731828,
2024-06-04,-37.0,17.110702107829216,-1.0811946747372274,
2024-06-05,-37.0,16.88225910012713,-1.0958249065055925,
2024-06-06,-38.5,17.700044164403764,-1.0875679078085763,
2024-06-07,-37.0,16.96343386694635,-1.0905810784010945,
2024-06-10,-36.0,16.622295733593038,-1.0828829115115954,
2024-06-11,-35.5,16.249274609764967,-1.0923564544433986,
2024-06-12,-36.0,16.44396928049604,-1.0946262239342386,
2024-06-13,-37.5,17.12698933188918,-1.094763337365365,
2024-06-14,-36.5,16.821043665325668,-1.0849505157411805,
2024-06-17,-35.5,16.344094117802406,-1.0860191988656163,
2024-06-18,-37.5,17.14406953795938,-1.0936726521369309,
2024-06-19,15.0,16.468600285247994,0.45541210971756,
2024-06-20,-34.0,15.576200264873137,-1.091408669053759,
2024-06-21,-3.0,16.097543103096484,-0.0931819216381824,
2024-06-24,-34.5,15.796825738589595,-1.0919915358603018,
2024-06-25,-35.0,16.03455247154748,-1.0913931044257632,
2024-06-26,-35.5,16.156191580722663,-1.0986500074175307,
2024-06-27,-34.0,15.6236064678139,-1.0880970430880732,
2024-06-28,-34.0,15.379509577255767,-1.10536684636165,
2024-07-01,-35.5,16.247044607451784,-1.0925063867836542,
2024-07-02,-36.0,16.491452135490942,-1.0914745319038668,
2024-07-03,-36.5,16.82688412581302,-1.0845739391527556,
2024-07-04,14.40983606557377,16.799517402540662,0.42887648854110866,
2024-07-05,-34.5,15.866069730930613,-1.0872257775579695,
2024-07-08,-35.0,16.116261178721285,-1.0858597912961165,
2024-07-09,-34.0,15.500813951669764,-1.0967166016574725,
2024-07-10,-33.5,15.22932724083621,-1.0998516044153435,
2024-07-11,857.0,15.412500295062195,27.802108145767978,
2024-07-12,-37.0,17.12410741684347,-1.0803482803315745,
2024-07-15,-38.0,17.592474744211792,-1.0800072346985354,
2024-07-16,-39.0,17.89345869105381,-1.0897837213411075,
2024-07-17,-38.5,17.79392592740711,-1.0818298378071909,
2024-07-18,413.5,19.800163361163744,10.441833040909234,
2024-07-19,-44.0,20.47783026393776,-1.0743325692440588,
2024-07-22,-44.5,20.742806673656492,-1.0726610120826925,
2024-07-23,-45.0,21.045106196966742,-1.0691321673274785,
2024-07-24,752.5,20.510187897183403,18.344541838725387,
2024-07-25,-49.0,23.095174475956018,-1.0608276644762533,
2024-07-26,-51.5,24.162929870530586,-1.065682023577986,
2024-07-29,-51.0,24.080309879778405,-1.0589564722094291,
2024-07-30,639.0,23.774573459794233,13.438726904619942,
2024-07-31,-52.5,24.844693212666073,-1.0565636603078474,
2024-08-01,-56.0,26.469179411761353,-1.0578340780582884,
2024-08-02,-61.0,28.937898739492685,-1.0539811571866293,
2024-08-05,-63.5,30.307513115243207,-1.047595026331319,
2024-08-06,-70.5,33.77706574986869,-1.043607525326176,
2024-08-07,-71.5,34.13540033916379,-1.047299860109851,
2024-08-08,-73.0,34.94760388636637,-1.0444206738373627,
2024-08-09,-74.0,35.57322146591164,-1.0401082183533923,
2024-08-12,-72.0,34.47870564691795,-1.0441227222582248,
2024-08-13,-69.5,33.31103024356667,-1.0431979961565805,
2024-08-14,-3.0,33.43479594045476,-0.04486344114889782,
2024-08-15,443.5,32.535881944707995,6.815552145684741,
2024-08-16,-68.5,32.86903323437171,-1.0420142191521529,
2024-08-19,-66.0,31.583298717630875,-1.0448560264409072,
2024-08-20,-65.0,31.107259523514387,-1.0447722010173484,
2024-08-21,-62.5,29.86031241469193,-1.0465396197470564,
2024-08-22,-60.5,28.853772242213935,-1.0483897823156496,
2024-08-23,-62.0,29.381627796341512,-1.055081094038636,
2024-08-26,-61.0,28.99052938231712,-1.052067714865655,
2024-08-27,-60.0,28.50549156929447,-1.052428789977977,
2024-08-28,-58.5,27.823402885773437,-1.051273279551151,
2024-08-29,-58.5,27.861016965361046,-1.0498539962258322,
2024-08-30,-58.5,27.780765753549545,-1.0528867439970668,
2024-09-02,-57.5,27.201336056867436,-1.0569333778272842,
2024-09-03,815.5,25.70168705280548,15.864717330121405,
2024-09-04,-58.5,27.80870940617652,-1.0518287480649267,
2024-09-05,-57.5,27.303623020021053,-1.0529738115311054,
2024-09-06,-57.0,27.006042804305267,-1.0553193670957437,
2024-09-09,-59.0,27.99802188971203,-1.0536458652759277,
2024-09-10,-58.0,27.4539667547326,-1.0563136562041946,
2024-09-11,-57.0,27.03984412939456,-1.0540001585666734,
2024-09-12,-61.0,29.107533834437806,-1.0478386858014999,
2024-09-13,-60.5,28.62753141769225,-1.05667511315017,
2024-09-16,-58.0,27.541636316428516,-1.0529512359692867,
2024-09-17,-56.5,26.846698008112195,-1.0522709344539791,
2024-09-18,-56.0,26.406308864675612,-1.0603526658531328,
2024-09-20,-3.0,27.787391316990707,-0.053981317745463185,
2024-09-23,-57.0,27.002577651491368,-1.0554547927918254,
2024-09-24,-3.0,25.6523935335277,-0.05847407564676172,
2024-09-25,-53.5,25.222311852561436,-1.0605689183596159,
2024-09-26,214.5,24.146611005949904,4.44161708546068,
2024-09-27,268.5,24.187031648382053,5.550495073213352,
2024-09-30,-50.0,23.58438653064048,-1.0600233322804635,
2024-10-01,390.5,23.1359482070233,8.439247799695913,
2024-10-02,-51.0,23.906148335093064,-1.0666712028456395,
2024-10-03,-50.0,23.574012739729273,-1.0604897976434666,
2024-10-04,-3.0,23.147743972605756,-0.06480113145260194,
2024-10-07,-48.5,22.87379797456249,-1.0601649987014818,
2024-10-08,319.5,22.735937404950885,7.026321244410775,
2024-10-09,-49.0,22.882477590311534,-1.0706882549454928,
2024-10-10,-48.0,22.556497048146422,-1.0639949965977629,
2024-10-11,-47.0,22.052907973278824,-1.0656191024092876,
2024-10-14,-46.0,21.43930740375891,-1.0727958495509728,
2024-10-15,-45.5,21.14141044634756,-1.0760871445987343,
2024-10-16,-46.5,21.80229184303702,-1.0664016502203337,
2024-10-17,-45.5,21.171770997105803,-1.0745440238849147,
2024-10-18,-45.0,20.890305211598246,-1.0770546323807684,
2024-10-21,-3.0,20.28608698219837,-0.07394230347707241,
2024-10-22,226.0,19.95940219775563,5.661492207051496,
2024-10-23,-42.5,19.780605612201654,-1.074284600613641,
2024-10-24,-44.5,20.836008782758682,-1.0678628633719602,
2024-10-25,-3.0,20.366918869704488,-0.07364884249778347,
2024-10-28,-44.5,20.665263950439883,-1.0766859815272953,
2024-10-29,-43.0,19.943191525408462,-1.0780621533222552,
2024-10-30,-43.5,20.202159987879288,-1.0766175504524949,
2024-10-31,-42.5,19.748880703030768,-1.0760103481074177,
2024-11-01,51.0,21.152085652814286,1.2055548761739825,
2024-11-04,-45.0,21.123811677613265,-1.065148674083532,
2024-11-05,258.5,20.76005727206946,6.2258980457579325,
2024-11-06,-44.5,20.817374609778785,-1.0688187351707765,
2024-11-07,361.0,22.48979428050887,8.025862653462914,
2024-11-08,-48.5,22.80793397475824,-1.063226508233394,
2024-11-11,97.0,21.734599405132652,2.2314650983880875,
2024-11-12,-45.5,21.22409230476603,-1.0718950743957758,
2024-11-13,-44.5,20.763442854425602,-1.071594925562046,
2024-11-14,-44.0,20.416054079109486,-1.0775833525299714,
2024-11-15,480.0,20.04794307345881,11.971302947170306,
2024-11-18,-46.5,21.847643568211755,-1.0641879948018134,
2024-11-19,477.0,21.53263331333949,11.07621146607503,
2024-11-20,-3.0,21.518695219529523,-0.06970682862958433,
2024-11-21,-3.0,21.52584198956313,-0.0696836853456083,
2024-11-22,-47.0,22.08560327602291,-1.0640415707146484,
2024-11-25,-45.5,21.3531494705927,-1.0654166042967583,
2024-11-26,-46.0,21.439085222693222,-1.072806967325945,
2024-11-27,137.0,20.693882706786564,3.3101569662195587,
2024-11-28,-2.5,20.901908942016096,-0.059803150203535,
2024-11-29,-43.0,19.908469017586377,-1.0799424094845127,
2024-12-02,203.5,19.622149802044493,5.185466476736323,
2024-12-04,-41.0,19.087784778293468,-1.0739852863027088,
2024-12-05,-41.5,19.168121579843934,-1.082526522672909,
2024-12-06,272.5,18.378880752712224,7.4134002953304545,
2024-12-09,-39.0,18.10404998466135,-1.0771070570685215,
2024-12-10,-39.0,18.00286784289983,-1.0831607591726353,
2024-12-11,367.5,18.07766299697841,10.164477567189568,
2024-12-12,-41.0,18.993544211479954,-1.079314095976333,
2024-12-13,-40.0,18.531505339231387,-1.0792431393935276,
2024-12-16,-40.5,18.626129957857717,-1.087182364013155,
2024-12-17,-41.5,19.197477818010736,-1.080871153841507,
2024-12-18,-40.5,18.706140116724256,-1.0825322527064498,
2024-12-19,-47.5,22.307933679815378,-1.0646436528314331,
2024-12-20,-48.0,22.507813416971427,-1.0662963814114181,
2024-12-23,-52.0,24.39163031575918,-1.065939408863608,
2024-12-24,354.0,24.256513864633526,7.297009000871699,
2024-12-26,-51.0,24.100245017159704,-1.0580805291333615,
2024-12-27,141.5,23.482370373076865,3.012898565006737,
2024-12-30,-52.0,24.52916534642852,-1.0599626865732565,
2024-12-31,-53.5,25.187796393112198,-1.062022242140841,
2025-01-02,-53.0,25.030632365032755,-1.0587027772027013,
2025-01-03,-54.5,25.708355053244702,-1.0599666895669673,
2025-01-06,-55.0,25.96266897801294,-1.0592131349549996,
2025-01-07,-55.5,26.189442622440588,-1.0595872695748874,
2025-01-08,-57.5,27.13930386369483,-1.0593492060221874,
2025-01-10,-56.0,26.623103587716628,-1.051718102953205,
2025-01-13,-57.5,27.32234618859401,-1.0522522407684731,
2025-01-14,-57.0,27.050214317980153,-1.053596088555061,
2025-01-15,-57.0,27.026538295267283,-1.0545190689475292,
2025-01-16,-59.0,27.934017702748193,-1.0560600452794064,
2025-01-17,-57.5,27.302123581123325,-1.0530316410946778,
2025-01-20,-58.0,27.623400468185945,-1.049834542760204,
2025-01-21,-3.0,26.603871863315522,-0.05638277043682399,
2025-01-22,-55.0,26.02279173022156,-1.0567659413752633,
2025-01-23,-55.5,26.194378035205734,-1.0593876274788232,
2025-01-24,-53.5,25.27558317554818,-1.0583336421641176,
2025-01-27,-52.5,24.725095091580453,-1.061674379927413,
2025-01-28,-57.5,27.317052585038994,-1.0524561502563348,
2025-01-29,-58.5,27.864941686107638,-1.049706126411271,
2025-01-30,-57.5,27.156285137099946,-1.0586867774754205,
2025-01-31,-57.0,26.980389770164237,-1.0563227678614264,
2025-02-03,-57.5,27.358129786581078,-1.0508759269831969,
2025-02-04,429.5,27.90844194468243,7.694804332884575,
2025-02-05,-58.0,27.46185680577654,-1.0560101673059454,
2025-02-06,-57.0,26.936009891078218,-1.0580631695357303,
2025-02-07,-55.0,25.926741327429774,-1.06068092602543,
2025-02-10,-55.5,26.299384804041935,-1.0551577615509515,
2025-02-11,-55.0,26.05880374661037,-1.055305541551465,
2025-02-12,418.5,25.11219276470963,8.332605677273262,
2025-02-13,-53.0,24.940339710087514,-1.0625356473906271,
2025-02-14,-53.0,24.883886873652692,-1.0649461691637276,
2025-02-17,-50.5,23.829680668391788,-1.0596029527786395,
2025-02-18,20.0,22.444971334935232,0.4455340954004768,
2025-02-19,-46.5,21.72702695386843,-1.0700957866607888,
2025-02-20,-45.5,21.148757171449258,-1.0757133298930877,
2025-02-21,-45.5,21.22384594491717,-1.0719075166227507,
2025-02-24,-48.0,22.523035520280228,-1.0655757292745855,
2025-02-25,-49.0,23.019604411688785,-1.064310209760143,
2025-02-26,-50.5,23.684275525139586,-1.0661081852893697,
2025-02-27,-50.5,23.83941655905819,-1.059170216580063,
2025-02-28,-55.5,26.332583233411178,-1.0538274864271722,
2025-03-03,-3.0,27.043202288167524,-0.05546680396856365,
2025-03-04,-62.0,29.420027124726985,-1.0537039911137633,
2025-03-05,-64.5,30.83957875867506,-1.0457341279646433,
2025-03-06,-65.5,31.368894561626842,-1.0440278644712793,
2025-03-07,-68.5,32.637187807224926,-1.0494163958702976,
2025-03-10,-69.0,33.09569224956601,-1.0424317382408705,
2025-03-11,-74.5,35.83037494602558,-1.0396207144388783,
2025-03-12,-74.5,35.87329459273804,-1.0383768879577804,
2025-03-13,-3.0,35.37207712182818,-0.042406330700730806,
2025-03-14,-73.5,35.197285898840455,-1.0441145975181767,
2025-03-17,-73.5,35.31355119178042,-1.0406769854557683,
2025-03-18,272.0,34.56169039236753,3.934992717544675,
2025-03-19,-72.0,34.38049822148414,-1.0471052446093945,
2025-03-20,-3.0,34.26448049137813,-0.04377711199728945,
2025-03-21,536.0,33.6866604562797,7.955671365756911,
2025-03-24,-69.5,33.24386328083115,-1.0453057066937617,
2025-03-25,-69.5,33.314837332200355,-1.0430787835908926,
2025-03-26,-66.5,31.650384665614617,-1.0505401546074487,
2025-03-27,-66.5,31.761517903785002,-1.0468643249583993,
2025-03-28,753.0,30.897748767800362,12.185353788375805,
2025-03-31,-66.5,31.760409570100336,-1.0469008570752811,
2025-04-01,-67.5,32.24002317223603,-1.046835475883414,
2025-04-02,654.0,31.9876108027906,10.222707848235808,
2025-04-03,-68.5,32.77644217401984,-1.0449578333779062,
2025-04-04,-75.5,36.23035701873271,-1.0419439140630484,
2025-04-07,-3.0,39.84202794596609,-0.037648686006503125,
2025-04-08,-95.0,46.03902594982565,-1.0317333831468665,
2025-04-09,-103.5,50.163470524838104,-1.0316271872452751,
2025-04-10,-119.5,58.28304405877824,-1.0251695148205084,
2025-04-11,-125.5,61.35479091172265,-1.0227400186284519,
2025-04-14,-123.5,60.205341560885316,-1.025656501550657,
2025-04-15,-120.5,58.67594216367923,-1.0268262899286706,
2025-04-16,-115.0,55.88033915198786,-1.0289844491388438,
2025-04-17,-116.0,56.406297069703015,-1.0282539895914031,
2025-04-21,-110.5,53.7942401361528,-1.0270616307649794,
2025-04-22,-110.0,53.55849084071332,-1.0269146709823067,
2025-04-23,-109.0,52.902973637805225,-1.0301878373251503,
2025-04-24,867.0,53.33222552081914,8.128293836730588,
2025-04-25,-108.0,52.469209412189194,-1.0291750267434978,
2025-04-28,-104.0,50.43837302560426,-1.030961089359544,
2025-04-29,342.5,48.79500709520396,3.509580389359798,
2025-04-30,-96.5,46.83509587411796,-1.0302103390518293,
2025-05-01,-96.5,46.76830331168097,-1.031681642980385,
2025-05-02,-95.0,46.01654950370375,-1.0322373257511812,
2025-05-05,-92.5,44.86715311058206,-1.0308209189473132,
2025-05-06,-88.5,42.767267174111915,-1.0346698052941203,
2025-05-07,-86.0,41.46156951881821,-1.0371049745351184,
2025-05-08,-84.0,40.507618124616904,-1.036842005145599,
2025-05-09,-82.5,39.69278825857284,-1.0392316037684965,
2025-05-12,-79.0,38.04553552581764,-1.0382295702788928,
2025-05-13,463.5,39.71014013111638,5.836040850896004,
2025-05-14,-81.0,38.99914797889378,-1.0384842259097167,
2025-05-15,-77.0,37.01036955182994,-1.040249002271754,
2025-05-16,-75.0,35.87748601241351,-1.045223736886835,
2025-05-19,548.0,34.342040582955406,7.978559088186254,
2025-05-20,-70.5,33.72251982703002,-1.0452955526693957,
2025-05-21,-3.0,32.52046483938502,-0.046124801948813896,
2025-05-22,-68.5,32.7998066365718,-1.0442134729480763,
2025-05-23,-66.5,31.65562401967382,-1.0503662786535273,
2025-05-26,-65.5,31.32843658969712,-1.0453761363492484,
2025-05-27,-64.5,30.85453040471875,-1.0452273807760766,
2025-05-28,-63.5,30.235010375810273,-1.0501071309504761,
2025-05-29,394.0,29.245902491823827,6.73598635074006,
2025-05-30,-61.5,29.18592731383641,-1.0535899603033034,
2025-06-02,-61.0,29.040503934276668,-1.050257256865322,
2025-06-03,278.5,28.62153936754262,4.86521700359388,
2025-06-04,-59.0,27.91642941271815,-1.056725398648597,
2025-06-05,-56.5,26.790255883238277,-1.054487875111153,
2025-06-06,-57.5,27.18827332014983,-1.0574411865534963,
2025-06-09,-56.5,26.782414511567698,-1.0547966087149623,
2025-06-10,-54.0,25.61938490359858,-1.0538894708673312,
2025-06-11,-53.5,25.126035981912967,-1.064632718796393,
2025-06-12,-52.5,24.807211983204898,-1.0581600228905976,
2025-06-13,-51.0,23.885714698690265,-1.0675837135992523,
2025-06-16,206.5,23.980931505926673,4.3055041450113265,
2025-06-17,-51.5,24.180507826931915,-1.0649073288411257,
2025-06-18,-51.0,23.88100726786535,-1.0677941559991564,
2025-06-19,59.5,23.329685320160685,1.275199369032685,
2025-06-20,-49.5,23.26372565443492,-1.063888061939973,
2025-06-23,-51.0,23.892209536261,-1.0672935025661343,
2025-06-24,-51.0,24.086069569385213,-1.0587032444850186,
2025-06-25,-52.0,24.37724317157198,-1.066568512977728,
2025-06-26,-50.0,23.49181508788827,-1.0642004420037048,
2025-06-27,-49.0,23.049989010181964,-1.0629072312866403,
2025-06-30,-48.0,22.61159693802611,-1.0614022559211198,
2025-07-01,-47.0,21.975500728167102,-1.0693726750844348,
2025-07-02,350.0,21.964750676155166,7.967311014824275,
2025-07-03,-46.0,21.482000627858366,-1.070663780270682,
2025-07-04,-45.5,21.329714868725627,-1.0665871597447767,
2025-07-07,-44.5,20.722235235245225,-1.0737258672827095,
2025-07-08,-43.5,20.301450575584855,-1.071352015907534,
2025-07-09,-42.0,19.503579105900226,-1.0767254505429251,
2025-07-10,-3.0,19.290377026907354,-0.07775897785241376,
2025-07-11,-41.0,18.92365366784254,-1.0833003160925623,
2025-07-14,-40.0,18.421071262996648,-1.085713187602451,
2025-07-15,-39.5,18.306619744211172,-1.0788447171545827,
2025-07-16,-39.0,18.00882547676752,-1.082802430683566,
2025-07-17,-39.5,18.13944508556984,-1.088787441227261,
2025-07-18,39.0,17.990199008029137,1.0839235292114906,
2025-07-21,86.0,17.457863364598484,2.463073464488016,
2025-07-22,-37.5,17.272926695698594,-1.0855137829461892,
2025-07-23,-37.5,17.334235503148694,-1.081674469958259,
2025-07-24,-37.0,17.049647252923787,-1.0850664371855256,
2025-07-25,74.5,16.50815459200066,2.256460574827073,
2025-07-28,-35.0,16.10712569257204,-1.0864756589110307,
2025-07-29,-34.0,15.527152428816896,-1.0948562576386924,
2025-07-30,-34.5,15.656909398187118,-1.1017500045058282,
2025-07-31,-34.5,15.786773012602325,-1.0926868959368456,
2025-08-01,-37.0,17.051110654559302,-1.0849733119908689,
2025-08-04,331.5,18.936299179233636,8.753030274351,
2025-08-05,-42.5,19.869867095002665,-1.0694585876391918,
2025-08-06,-43.0,19.97068015964533,-1.076578255128484,
2025-08-07,-43.5,20.214292291099234,-1.0759713813763823,
2025-08-08,269.5,20.60255712744929,6.540450254132254,
2025-08-11,-43.5,20.325588761202912,-1.0700797037434888,
2025-08-12,-43.0,20.036260992545564,-1.0730544989406465,
2025-08-13,-43.5,20.362242350220882,-1.0681534786744185,
2025-08-14,-3.0,19.885475039490817,-0.0754319420089855,
2025-08-15,-41.5,19.35704825095576,-1.0719609586640082,
2025-08-18,-41.0,18.97886623303035,-1.0801488217627198,
2025-08-19,-39.5,18.187072216385324,-1.0859361949531703,
2025-08-20,-41.0,18.875495629500662,-1.0860641967970572,
2025-08-21,-42.5,19.858942370250613,-1.070046914070975,
2025-08-22,-42.5,19.66857148666129,-1.0804038317887599,
2025-08-25,-44.5,20.644923523328337,-1.0777467872359983,
2025-08-26,-43.0,20.0970718430906,-1.0698075902729944,
2025-08-27,-42.0,19.588352425726985,-1.0720656614498616,
2025-08-28,-41.0,19.0998986810322,-1.0733041228306732,
2025-08-29,326.5,18.974459489529902,8.603670638949229,
2025-09-01,-42.0,19.597265954563483,-1.071578048115935,
2025-09-02,-3.0,18.54567552923752,-0.08088138917534865,
2025-09-03,-42.5,19.77634156286341,-1.0745162310456786,
2025-09-04,-42.5,19.6949957369446,-1.0789542827947136,
2025-09-05,-42.5,19.7359781843057,-1.0767137965777784,
2025-09-08,-44.0,20.45305117114101,-1.0756341347760239,
2025-09-09,-43.0,20.047476087488082,-1.0724542035203353,
2025-09-10,-42.0,19.49408493838179,-1.077249846113742,
2025-09-11,-41.5,19.256114585640237,-1.0775797946006092,
2025-09-12,-40.5,18.800767115237363,-1.0770837102486146,
2025-09-15,218.0,18.301605178434695,5.955761745337934,
2025-09-16,89.0,18.10997266568936,2.4572096723430423,
2025-09-17,-37.5,17.358813903854404,-1.0801429235805502,
2025-09-18,-38.5,17.77291648215052,-1.0831086737696047,
2025-09-19,-39.5,18.328868876282627,-1.0775351241426743,
2025-09-22,-39.0,18.03618181369101,-1.0811600926088374,
2025-09-23,318.5,17.88895454128451,8.90214124209883,
2025-09-24,199.5,17.839297074049902,5.591588030960158,
2025-09-25,-3.0,18.02354371161777,-0.08322447705070991,
2025-09-26,-40.0,18.434362017930784,-1.0849304131353363,
2025-09-29,-39.5,18.280121873792872,-1.0804085517785527,
2025-09-30,-39.5,18.31368459709338,-1.078428532242746,
2025-10-01,-39.0,18.031457125872425,-1.0814433832982049,
2025-10-02,-3.0,18.408228045452965,-0.08148530082831718,
2025-10-03,-39.0,18.03219389934918,-1.0813991968389267,
2025-10-06,-39.0,18.055340763681382,-1.080012848011408,
2025-10-07,-39.5,18.137102137704144,-1.0889280906095191,
2025-10-08,410.0,18.341594842153846,11.176781613824316,
2025-10-09,21.5,18.633266639142857,0.5769251419081559,
2025-10-10,-39.5,18.234461879204083,-1.0831139482390948,
2025-10-13,-47.5,22.309232459260937,-1.064581672335436,
2025-10-14,-3.0,23.730447997885154,-0.06320993181981559,
2025-10-15,-52.5,24.85595171232193,-1.0560850899540086,
2025-10-16,-54.0,25.500615875727505,-1.0587979573348136,
2025-10-17,-56.0,26.55057188460411,-1.0545912201701526,
2025-10-20,225.5,26.70722746427525,4.221703662456888,
2025-10-21,-56.5,26.757604073969873,-1.0557746471584109,
2025-10-22,-54.0,25.62447164011488,-1.0536802623368726,
2025-10-23,440.0,26.400402237249533,8.333206366439066,
2025-10-24,-55.0,26.06287350601742,-1.055140753902319,
2025-10-27,221.5,25.90347182701618,4.275488658029717,
2025-10-28,-56.0,26.580455982229314,-1.0534055555224386,
2025-10-29,-55.5,26.13095912635579,-1.0619587235897223,
2025-10-30,-54.5,25.749729903044663,-1.0582635275245331,
2025-10-31,331.0,26.11894562425576,6.336396667034901,
2025-11-03,129.0,26.007770936808917,2.480027994583452,
2025-11-04,-54.0,25.613912298465426,-1.0541146422843657,
2025-11-05,-56.5,26.81782927714647,-1.0534036781296834,
2025-11-06,-57.0,27.00227004306458,-1.055466816476791,
2025-11-07,-3.0,27.983804325702824,-0.053602433126730596,
2025-11-10,-61.0,28.926032588152623,-1.0544135254999345,
2025-11-11,-63.0,30.054083831856005,-1.04811047231496,
2025-11-12,103.5,29.163613558152008,1.7744714624204891,
2025-11-13,-3.0,28.644784018284007,-0.05236555454712271,
2025-11-14,-63.0,29.93488873126372,-1.0522838512207895,
2025-11-17,-3.0,31.371235964744884,-0.04781450121014377,
2025-11-18,-67.0,31.92820125297739,-1.0492291668600038,
2025-11-19,-3.0,32.390472592050436,-0.04630991399514633,
2025-11-20,-68.5,32.65365312118969,-1.048887236992617,
2025-11-21,-76.5,36.81410646967614,-1.039003894648553,
2025-11-24,-78.5,37.768456007556416,-1.0392270203512468,
2025-11-25,-3.0,38.71222700701667,-0.03874744792460847,
2025-11-26,-80.5,38.803764363658345,-1.037270498366806,
2025-11-27,-22.5,37.617781194825604,-0.29906070062280704,
2025-11-28,-73.0,35.102225395195205,-1.0398201136557035,
2025-12-01,-70.5,33.65563786696698,-1.0473728098494277,
2025-12-02,-68.5,32.786485162183624,-1.0446377472478938,
2025-12-04,-65.0,30.969309910250168,-1.0494260315837134,
2025-12-05,-63.0,29.958555630946584,-1.0514525595974038,
2025-12-08,-61.0,29.104373085878972,-1.0479524815739174,
2025-12-09,-60.0,28.611203579744764,-1.0485403005289309,
2025-12-10,-58.0,27.509064038334422,-1.0541979894186124,
2025-12-11,-58.0,27.376273749881964,-1.0593114411754097,
2025-12-12,684.0,27.615914910604683,12.384163302468385,
2025-12-15,-60.5,28.840224559847208,-1.0488822629389492,
2025-12-16,-60.5,28.82797637700098,-1.0493279030203977,
2025-12-17,1012.5,28.22731735007234,17.934754256720133,
2025-12-18,-61.5,29.211080396495746,-1.0526827348600523,
2025-12-19,-63.0,29.91162822531748,-1.0531021501978322,
2025-12-22,-62.5,29.642047637794803,-1.054245657447598,
2025-12-23,-60.5,28.671187092238032,-1.0550661855291437,
2025-12-26,-55.5,26.256501880552182,-1.0568810775419413,
2025-12-29,-53.0,24.922108889084168,-1.0633129049366663,
2025-12-30,-51.5,24.31383325414959,-1.0590678866157521,
2025-12-31,419.0,23.24945230742462,9.010964956499084,
2026-01-02,-49.0,22.914669999751435,-1.0691840641940626,
2026-01-05,-51.5,24.162729285483476,-1.0656908702557093,
2026-01-06,-51.5,24.164498622234657,-1.065612839833824,
2026-01-07,-50.5,23.78310586350361,-1.0616779887755288,
2026-01-08,-49.5,23.291009016110497,-1.062641810961488,
2026-01-09,-49.0,23.05236551495975,-1.0627976545010451,
2026-01-12,190.5,23.38791083531977,4.072616860508811,
2026-01-13,-49.5,23.20127434708264,-1.066751749483627,
2026-01-14,-48.5,22.82707617943388,-1.0623349135640991,
2026-01-15,-50.5,23.78407073804575,-1.0616349185175145,
2026-01-16,269.0,23.779404971042478,5.656154986375321,
2026-01-19,-50.5,23.685340330253734,-1.0660602570167717,
2026-01-20,-52.0,24.393530306664182,-1.0658563837681558,
2026-01-21,-3.0,24.428367427616738,-0.06140402155177268,
2026-01-22,-54.0,25.501341182786973,-1.0587678430899392,
2026-01-23,-53.0,25.07401324115933,-1.0568711017708123,
2026-01-26,147.0,24.800423009647954,2.963659126757909,
2026-01-27,-51.5,24.273160651815957,-1.060842482335466,
2026-01-28,-51.0,23.981774176686248,-1.0633074855983629,
2026-01-29,208.5,23.474147449780087,4.441055856151088,
2026-01-30,-53.5,25.22063691765294,-1.0606393521044108,
2026-02-02,435.0,25.683894994963442,8.468341738768645,
2026-02-03,856.5,26.044420352466055,16.443061285464566,
2026-02-04,-59.0,28.112229613004192,-1.0493653618407361,
2026-02-05,-62.5,29.650641783503893,-1.053940087643766,
2026-02-06,-63.0,29.950149513253614,-1.0517476711113092,
2026-02-09,-65.0,30.93808526230693,-1.0504851778786715,
2026-02-10,-65.5,31.263489886427863,-1.04754779837351,
2026-02-11,-63.5,30.364312037397305,-1.0456354143935833,
2026-02-12,1086.5,30.37578974901178,17.88430867110784,
2026-02-13,-66.5,31.800733338368083,-1.0455733723562706,
2026-02-16,-66.5,31.76184167134179,-1.0468536536406499,
2026-02-17,-63.5,30.19626369481738,-1.0514545879213955,
2026-02-18,-64.0,30.399209145187566,-1.0526589638291908,
2026-02-19,-63.5,30.243462063388456,-1.049813673231389,
2026-02-20,536.0,29.210893344574995,9.174659495642318,
2026-02-23,-62.0,29.594043819962494,-1.047508079280775,
2026-02-24,-62.5,29.65920140425089,-1.053635921414968,
2026-02-25,320.0,29.59916916109011,5.405557133351217,
2026-02-26,374.0,29.448335649583676,6.350104203686761,
2026-02-27,-63.5,30.14532953175627,-1.0532311470190865,
2026-03-02,-62.0,29.605930993773683,-1.0470874908990195,
2026-03-03,-63.5,30.14836449421842,-1.053125120803443,
2026-03-04,-66.0,31.590892030345678,-1.044604880682089,
2026-03-05,-66.5,31.801364028178128,-1.045552636375543,
2026-03-06,-66.5,31.87224874045112,-1.0432273000492835,
2026-03-09,-67.0,31.98896311613318,-1.0472361945081223,
2026-03-10,-70.5,33.69510860783795,-1.0461459083055265,
2026-03-11,-69.0,33.03072585013525,-1.044482042463464,
2026-03-12,359.5,32.313352575125585,5.562715895297392,
2026-03-13,-67.5,32.3690952483309,-1.0426612094368102,
2026-03-16,-68.0,32.49317773059298,-1.0463734966736822,
2026-03-17,-67.5,32.331165035550626,-1.0438844366693638,
2026-03-18,-65.5,31.26733181872558,-1.0474190823147393,
2026-03-19,-65.0,31.008058117388043,-1.048114650616426,
2026-03-20,-64.5,30.747214680431753,-1.0488754944207892,
2026-03-23,-66.5,31.784020774686628,-1.0461231521243186,
2026-03-24,-68.0,32.60212643363758,-1.0428767604839466,
2026-03-25,-66.5,31.691706688377757,-1.049170381606293,
2026-03-26,-65.0,31.0713169249222,-1.0459807699342107,
2026-03-27,-67.0,32.04881214457062,-1.0452805504579434,
2026-03-30,653.5,32.533271991387004,10.043564019214088,
2026-03-31,-69.0,32.96169899200222,-1.0466693482144545,
2026-04-01,-73.0,35.10595263543063,-1.039709714732607,
2026-04-02,-73.0,34.94749173289987,-1.044424025591473,
2026-04-06,-74.0,35.605260180549884,-1.0391722968004604,
2026-04-07,-72.0,34.39863445336775,-1.0465531720104508,
2026-04-08,164.0,34.296053420984336,2.3909456576081607,
2026-04-09,-76.0,36.56196031948546,-1.0393315803624499,
2026-04-10,-74.0,35.60708815380792,-1.0391189484569834,
2026-04-13,-71.0,33.97845685710736,-1.0447796422683737,
2026-04-14,561.5,33.642049224456834,8.345211022279301,
2026-04-15,-70.5,33.73011713699563,-1.045060112208663,
2026-04-16,-70.0,33.43823377006737,-1.0467060024961803,
2026-04-17,-68.0,32.59532421506256,-1.043094395247289,
2026-04-20,-68.0,32.409943913986666,-1.049060747844341,
2026-04-21,-66.0,31.482447920130475,-1.0482031157081395,
2026-04-22,378.5,31.020308782978297,6.100841913728684,
2026-04-23,-65.5,31.219304584194134,-1.0490304135916222,
2026-04-24,-66.0,31.528639971037414,-1.0466674119249735,
2026-04-27,-67.5,32.149362115963314,-1.0497875472074114,
2026-04-28,-64.5,30.69003267910879,-1.050829770603441,
2026-04-29,-64.5,30.83092320202959,-1.0460277101879645,
2026-04-30,-3.0,29.78585725902748,-0.05035947050157104,
2026-05-01,199.0,30.115885311954088,3.303904201033228,
2026-05-04,-62.5,29.783500646814513,-1.0492386496327568,
2026-05-05,218.0,29.413250600613477,3.705812780778693,
2026-05-06,-62.0,29.498018414855373,-1.0509180502914128,
2026-05-07,-64.0,30.551731385222844,-1.0474038147467364,
2026-05-08,749.5,30.473482714849787,12.297576995273454,
2026-05-11,-66.5,31.815108949503372,-1.045100931534576,
2026-05-12,-64.5,30.79215473882456,-1.047344697814775,
2026-05-13,-67.5,32.27441154319423,-1.0457200731555065,
2026-05-14,270.5,32.59677500439465,4.1491834692777365,
2026-05-15,-67.0,32.00146964693789,-1.046826922938069,
2026-05-18,376.0,32.91386467215661,5.711878622355704,
2026-05-19,-70.0,33.463767195574,-1.0459073479518226,
2026-05-20,-70.0,33.556533824461575,-1.0430159498322853,
2026-05-21,-70.5,33.68954926557146,-1.0463185399759332,
2026-05-22,-70.0,33.57065288945922,-1.0425772806756934,
2026-05-25,-68.5,32.7946241116407,-1.0443784897001671,
2026-05-26,-68.5,32.81599024652351,-1.043698506206998,
2026-05-27,184.0,32.03627665748612,2.8717444596827635,
2026-05-28,-66.0,31.432792610522824,-1.0498589930871276,
2026-05-29,-66.0,31.46036099548548,-1.0489390126430989,
2026-06-02,-64.0,30.597964327740033,-1.0458212074908815,
2026-06-03,-63.0,30.006145447187176,-1.0497849534003663,
2026-06-04,-62.0,29.53293862953095,-1.0496754281337275,
2026-06-05,1973.0,30.02031801313588,32.8610776064511,
2026-06-08,-75.0,35.971991726483324,-1.0424777222549988,
2026-06-09,-77.5,37.29854588887737,-1.0389144959014465,
2026-06-10,-89.5,43.31561403967184,-1.0331147553169726,
2026-06-11,-91.5,44.276998751123855,-1.0332678657186256,
2026-06-12,-96.0,46.56926669747216,-1.0307226933982514,
2026-06-15,424.0,46.08217621908129,4.600477177816463,
2026-06-16,-95.0,46.08791363200405,-1.0306389735771284,
2026-06-17,-95.0,45.93922337257519,-1.0339748152633454,
2026-06-18,-95.0,45.99401098881982,-1.0327431545717172,
2026-06-19,-50.0,46.93283163247555,-0.5326761486664924,
2026-06-22,-91.0,43.97289723015587,-1.0347282727779161,
2026-06-23,-89.5,43.323047428001885,-1.032937493013841,
2026-06-24,-95.0,45.99818689743032,-1.0326493978103641,
2026-06-25,613.5,46.15590569047101,6.645953435668996,
2026-06-26,-3.0,47.66575171258023,-0.03146913551358325,
2026-06-29,-97.5,47.303912304538784,-1.0305701500153184,
2026-06-30,666.0,48.18800785421458,6.910433006640166,
2026-07-01,-98.5,47.78216800748497,-1.0307192422136455,
2026-07-02,-96.5,46.83076314980747,-1.0303056528387657,
2026-07-03,-59.5,48.65535149624979,-0.611443532625451,
2026-07-06,-98.0,47.413897817946236,-1.0334522630504641,
2026-07-07,-94.5,45.72942297380722,-1.0332516119231099,
2026-07-08,-96.0,46.43669633282099,-1.033665264556602,
2026-07-09,-94.0,45.61621802333378,-1.0303353069725856,
2026-07-10,-93.5,45.22934530738137,-1.0336209751055243,
2026-07-13,-91.5,44.156267071139844,-1.0360930176976353,
2026-07-14,-92.0,44.45358728034414,-1.0347871299992843,
2026-07-15,359.5,43.57520604603385,4.125052209967934,
2026-07-16,-90.0,43.57251275703143,-1.0327611871027156,
2026-07-17,-90.5,43.795011845814905,-1.0332226911892965,
2026-07-20,-93.0,44.999385999685266,-1.0333474327921992,
2026-07-21,-91.0,44.07934057113632,-1.0322295980487952,
2026-07-22,16.0,44.03528053034087,0.1816725113057449,
2026-07-23,-87.5,42.24124263531652,-1.0357176368533738,
2026-07-24,-3.0,43.1240110185082,-0.03478340638017697,
2026-07-27,-87.5,42.284349517186186,-1.0346617720161004,
2026-07-28,-89.0,42.8894852659586,-1.0375503395308796,
2026-07-29,-89.0,42.97996846124727,-1.0353660459319152,
2026-07-30,676.5,44.09925642830104,7.670197354686585,
2026-07-31,-95.0,46.10689882627954,-1.030214592808971,
2026-08-03,-95.5,46.274263195831,-1.0318910924183435,
2026-08-04,987.0,46.45511939612879,10.623156423124477,
2026-08-05,-100.5,48.790021582119586,-1.0299237092040037,
2026-08-06,73.0,47.88314504053962,0.7622724023056081,
2026-08-07,-96.5,46.84684896621536,-1.0299518764815228,
2026-08-10,-94.0,45.447966897199976,-1.034149670684073,
2026-08-11,-89.5,43.172665690257126,-1.036535485695034,
2026-08-12,-86.5,41.7442609980959,-1.0360705631361584,
2026-08-13,495.5,40.721903069660485,6.0839494553137445,
2026-08-14,-83.0,40.06185642182759,-1.0358980762905645,
2026-08-17,-80.0,38.55029524883991,-1.03760554210551,
2026-08-18,-77.0,36.9806313024942,-1.0410855262333858,
2026-08-19,299.0,37.432907638030336,3.993812114347056,
2026-08-20,-76.5,36.7251999495996,-1.041519176273866,
2026-08-21,-74.5,35.81223923891391,-1.0401471896659231,
2026-08-24,-72.5,34.69395429327721,-1.0448506299849571,
2026-08-25,-72.0,34.62117184375741,-1.0398261550032197,
2026-08-26,-70.5,33.83707028348903,-1.0417568573364469,
2026-08-27,-68.0,32.55317240609695,-1.0444450567168708,
2026-08-28,-68.0,32.41232080566146,-1.0489838171064017,
