date,pnl_pc,stop_pt,r,exit_reason
2019-01-02,271.0,14.747138110729008,9.188223435801383,
2019-01-03,-33.5,14.785288959962651,-1.1328828300452987,
2019-01-04,324.0,14.933214748536749,10.848300431484372,
2019-01-07,-35.0,15.491110123641265,-1.1296801752956962,
2019-01-08,-34.0,14.992637971952604,-1.133889848591199,
2019-01-09,-33.0,14.559235259670274,-1.1333012830492362,
2019-01-10,-32.0,13.9733077411224,-1.1450402650843505,
2019-01-11,-31.0,13.57119647389937,-1.1421247956884404,
2019-01-14,-30.0,12.917896725763702,-1.1611797429904909,
2019-01-15,165.5,12.485368388209151,6.627757982547546,
2019-01-16,-28.5,12.326145646194213,-1.1560791515066828,
2019-01-17,121.0,11.773831671466056,5.138514095340948,
2019-01-18,-27.0,11.552932980647052,-1.168534433863209,
2019-01-21,-26.5,11.252723482029406,-1.177492721754004,
2019-01-22,114.0,10.736903947598735,5.308792951691425,
2019-01-23,-25.5,10.773553665627396,-1.1834535192114353,
2019-01-24,-25.5,10.711156975225439,-1.190347600122969,
2019-01-25,-24.5,10.25143147699505,-1.1949550682253383,
2019-01-28,-24.0,10.068293514352549,-1.1918603666940943,
2019-01-29,-24.5,10.12591540618451,-1.2097671675706656,
2019-01-30,-24.0,9.900850020028473,-1.2120171475908783,
2019-01-31,95.0,10.246325018597869,4.635808439980563,
2019-02-01,-24.5,10.20283751726945,-1.200646386778727,
2019-02-04,-23.5,9.832991980321633,-1.1949567358048085,
2019-02-05,-23.0,9.61143898172723,-1.196490975166487,
2019-02-06,-22.5,9.30392548303243,-1.2091670360555473,
2019-02-07,-22.0,8.995609377101543,-1.2228187706772442,
2019-02-08,-22.5,9.139226564451432,-1.230957556491572,
2019-02-11,-22.0,8.916335381276332,-1.23369069574247,
2019-02-12,70.5,8.637043568328021,4.081257634181852,
2019-02-13,-21.0,8.624129742018878,-1.217514150887761,
2019-02-14,-20.5,8.30410261758896,-1.2343296406633302,
2019-02-15,-20.5,8.155595287761177,-1.2568058661986115,
2019-02-18,18.5,7.887784910063949,1.1726993199571167,
2019-02-19,30.5,7.447585987916526,2.0476433605120703,
2019-02-20,-18.5,7.231686988779631,-1.2790929715779866,
2019-02-21,-18.0,7.104870061009658,-1.2667367485565288,
2019-02-22,-18.0,6.954968628080397,-1.2940389067555063,
2019-02-25,-17.5,6.772917297503226,-1.2919100611527632,
2019-02-26,39.0,6.680208919110139,2.9190703817984134,
2019-02-27,-17.0,6.524479710602272,-1.3027858736670619,
2019-02-28,-17.0,6.507106159844966,-1.3062642273232123,
2019-03-04,-16.5,6.166235668437752,-1.3379313480067136,
2019-03-05,-17.0,6.459718834977912,-1.3158467445942736,
2019-03-06,81.5,6.307685346765204,6.460372983078172,
2019-03-07,117.5,6.183922107710547,9.500443080734536,
2019-03-08,-16.5,6.354266957159794,-1.2983401634871747,
2019-03-11,195.0,6.365122888791237,15.317850370445187,
2019-03-12,-17.5,6.724756968163292,-1.3011622637702334,
2019-03-13,-17.0,6.557810041865914,-1.2961644124692377,
2019-03-14,-17.0,6.584930753161206,-1.290826026669974,
2019-03-15,-16.5,6.264578556506835,-1.3169281741117231,
2019-03-18,-16.5,6.29523365961349,-1.3105152955524335,
2019-03-19,-16.5,6.15494911249824,-1.3403847617923517,
2019-03-20,-16.0,6.090309890176938,-1.313562059116762,
2019-03-21,245.0,6.236537755164299,19.642308731084203,
2019-03-22,-17.0,6.595981486938277,-1.2886634107194153,
2019-03-25,-18.0,7.055643523585544,-1.2755746474315033,
2019-03-26,-4.0,6.969526129043719,-0.286963555766799,
2019-03-27,-18.0,7.0449171198263105,-1.2775168035222948,
2019-03-28,-18.5,7.2314408969815736,-1.279136500149089,
2019-03-29,-18.0,7.095266547197176,-1.268451289339545,
2019-04-01,-18.0,6.908551079540236,-1.302733365705816,
2019-04-02,-18.0,6.9735652881445045,-1.290588046160629,
2019-04-03,-17.5,6.723221338991326,-1.3014594580211676,
2019-04-04,-17.5,6.7291519576348025,-1.3003124398271868,
2019-04-05,16.5,6.655641103518031,1.2395500105375612,
2019-04-08,-17.0,6.409256024695315,-1.3262069680550912,
2019-04-09,-16.5,6.315737737217078,-1.3062607003746836,
2019-04-10,-16.0,6.107024327415858,-1.3099669447993079,
2019-04-11,-16.0,5.9011654468861545,-1.3556644144287344,
2019-04-12,-15.5,5.731439343537144,-1.3521908783243106,
2019-04-15,-15.0,5.516247247570205,-1.359619985000418,
2019-04-16,-15.0,5.4449974441723334,-1.377411114862339,
2019-04-17,-14.5,5.285086912445738,-1.3717844417898086,
2019-04-18,-4.0,5.206241418699614,-0.38415429465419393,
2019-04-22,91.5,5.112938460221071,8.947887864471165,
2019-04-23,137.5,5.086567855919565,13.515989945949746,
2019-04-24,-14.5,5.29511658049674,-1.3691860962426385,
2019-04-25,-14.5,5.149929681889829,-1.4077862122069837,
2019-04-26,-14.5,5.171809704611984,-1.4018303870567357,
2019-04-29,-14.5,5.269805439996843,-1.375762365907069,
2019-04-30,-14.0,5.11035505142564,-1.3697678399169553,
2019-05-01,-14.5,5.360061833466665,-1.3525963366193112,
2019-05-02,-15.0,5.53702170250476,-1.3545188014356626,
2019-05-03,-15.5,5.799109438040135,-1.3364120961681984,
2019-05-06,162.5,6.066583763894411,13.393040162663475,
2019-05-07,-17.0,6.602899209330526,-1.2873133044327998,
2019-05-08,-18.5,7.348674265806917,-1.2587304410864792,
2019-05-09,-4.0,7.316626103963565,-0.27335003478127157,
2019-05-10,-19.0,7.584188525109025,-1.2526059931854654,
2019-05-13,-20.0,8.120585773315524,-1.231438258168553,
2019-05-14,-22.0,9.082061789507271,-1.2111787229534785,
2019-05-15,-22.0,9.10298594739961,-1.208394702964723,
2019-05-16,82.0,9.392951236871067,4.364975284770851,
2019-05-17,-23.0,9.414436862808847,-1.2215281877804123,
2019-05-20,-22.5,9.339298515465359,-1.2045872590292115,
2019-05-21,-23.0,9.490509335789262,-1.2117368618597562,
2019-05-22,-22.5,9.332258668947173,-1.205495946810182,
2019-05-23,-22.0,8.953615192593803,-1.2285540268805513,
2019-05-24,-22.5,9.184606964551389,-1.2248754947729539,
2019-05-27,-14.0,8.953117181369148,-0.7818505955184573,
2019-05-28,-20.5,8.36718023984278,-1.2250244056165567,
2019-05-29,-20.5,8.25970307985401,-1.240964705498974,
2019-05-30,-20.5,8.206777859864438,-1.2489676429683834,
2019-05-31,-20.0,7.954061584159836,-1.2572193330655825,
2019-06-03,-20.0,8.035467899576991,-1.244482602005843,
2019-06-04,-21.0,8.486059478178634,-1.2373234039898127,
2019-06-05,-22.0,8.921876658308733,-1.2329244643564938,
2019-06-06,-21.5,8.776117611286681,-1.2249152160603196,
2019-06-07,193.5,8.659519924766204,11.172674794972785,
2019-06-10,-22.0,8.959732787282904,-1.2277151853917978,
2019-06-11,-22.5,9.162162588191268,-1.2278760490999863,
2019-06-12,-22.0,9.086293831891892,-1.2106146029959113,
2019-06-13,-21.5,8.739951415328186,-1.2299839540465383,
2019-06-14,-21.0,8.4411155999476,-1.2439114090636527,
2019-06-17,40.0,8.156928771379915,2.451903229825137,
2019-06-18,-20.0,7.941255287709922,-1.259246761085271,
2019-06-19,-20.5,8.261969195730641,-1.2406243302500657,
2019-06-20,-20.0,8.119149967464168,-1.2316560280414766,
2019-06-21,-4.0,8.112424969788155,-0.24653540802513302,
2019-06-24,-20.0,7.889216043374715,-1.2675530680133802,
2019-06-25,241.0,7.473022040276521,16.124668086157712,
2019-06-26,-19.5,7.707984751685341,-1.264922066415372,
2019-06-27,-19.5,7.678396555136389,-1.2697963604755256,
2019-06-28,-19.0,7.37770751548379,-1.2876628654717064,
2019-07-01,-18.0,7.098496264377805,-1.267874161625535,
2019-07-02,-19.0,7.427175102636533,-1.2790865798529034,
2019-07-03,-18.5,7.20068045244821,-1.2846008180872723,
2019-07-04,2.5,7.047953277273338,0.17735645382762683,
2019-07-05,-17.5,6.643635186039528,-1.317050041878675,
2019-07-08,-17.5,6.730250529893848,-1.3001001910902132,
2019-07-09,126.0,6.737018349187145,9.351317858233422,
2019-07-10,-4.0,6.754017038530921,-0.2961200702619228,
2019-07-12,-17.5,6.657513415876152,-1.31430452383827,
2019-07-15,-17.0,6.436441029027855,-1.3206055895899074,
2019-07-17,-16.0,6.0456111423760595,-1.3232739935793856,
2019-07-18,-16.0,5.904406775063484,-1.3549201985518662,
2019-07-19,208.5,5.94873486255895,17.524734655118767,
2019-07-22,72.0,6.196146658090453,5.810062606086634,
2019-07-23,-4.0,6.199546896798278,-0.3226042214525208,
2019-07-24,140.5,6.0928828327412585,11.529845875666332,
2019-07-25,-16.5,6.127766201831168,-1.3463307391745205,
2019-07-26,-16.5,6.190961473128942,-1.3325878437150749,
2019-07-29,-4.0,6.252321367905446,-0.3198811900914825,
2019-07-30,35.0,6.215548413055057,2.815519860362318,
2019-07-31,-16.5,6.139884240693982,-1.3436735411590617,
2019-08-01,-4.0,6.830338937787269,-0.292811237951233,
2019-08-02,-19.0,7.616118299373893,-1.2473545744137111,
2019-08-05,201.0,7.946663420847187,12.646817246134955,
2019-08-06,-22.5,9.203151747929532,-1.2224073130741275,
2019-08-07,-22.5,9.220783765934565,-1.2200698211319312,
2019-08-08,222.0,9.58001349693924,11.586622506895619,
2019-08-09,-23.5,9.829208961443578,-1.195416645031252,
2019-08-12,-23.5,9.85301546419761,-1.1925283221867828,
2019-08-13,334.5,9.801460788183494,17.06378300279835,
2019-08-14,-24.5,10.356267160456103,-1.1828586314164278,
2019-08-15,-26.0,10.951801648994952,-1.1870193066538064,
2019-08-19,-25.5,10.6826440238783,-1.1935247464486,
2019-08-20,-25.5,10.656205165029851,-1.1964859724962216,
2019-08-21,-24.5,10.267369081813435,-1.1931001897748466,
2019-08-22,-24.0,10.022824861683903,-1.197267254052758,
2019-08-23,-24.0,9.947087371563624,-1.2063832910832943,
2019-08-26,-25.5,10.758009702166223,-1.1851634598761025,
2019-08-27,-25.0,10.578866152011493,-1.1816011111571931,
2019-08-28,-25.0,10.420554284010672,-1.199552313563592,
2019-08-29,-24.5,10.21997897800991,-1.1986326025090694,
2019-08-30,96.5,10.222569765294917,4.719948223176348,
2019-09-02,-24.0,10.053546924916711,-1.193608593028914,
2019-09-03,-24.0,9.927400715994088,-1.2087756244861494,
2019-09-04,-23.5,9.696425664851652,-1.2117867352494953,
2019-09-05,91.0,9.622573831647964,4.728464628699831,
2019-09-06,-23.5,9.809800700815966,-1.197781724456711,
2019-09-09,61.0,9.32874350790054,3.2694649578659183,
2019-09-10,-22.0,9.12044040019336,-1.2060821097813206,
2019-09-11,-22.0,8.96853394303669,-1.2265103828413977,
2019-09-12,-21.5,8.77390651853407,-1.2252239042314408,
2019-09-13,-21.5,8.645413195781636,-1.243433917680795,
2019-09-16,-20.5,8.268955110368662,-1.2395762056015098,
2019-09-17,-20.0,8.007779745342328,-1.2487855957597278,
2019-09-18,-19.5,7.73177762067502,-1.2610295430546514,
2019-09-19,-19.5,7.731293504912519,-1.261108505815331,
2019-09-20,-19.0,7.531290397418768,-1.261404022245109,
2019-09-23,-19.5,7.697805369031713,-1.2665947672857865,
2019-09-24,-19.0,7.458676414100878,-1.27368442771427,
2019-09-25,-4.0,7.955824527379386,-0.25138814878547744,
2019-09-26,-4.0,8.35853348970943,-0.239276423604965,
2019-09-27,-4.0,8.235602526158756,-0.24284804829366125,
2019-09-30,-21.0,8.558059488575989,-1.226913649527241,
2019-10-01,-21.0,8.390073096534847,-1.2514789655809515,
2019-10-02,115.5,8.597032161068071,6.717434449241993,
2019-10-03,-22.0,8.924476292420353,-1.2325653225548272,
2019-10-04,138.5,9.252638700104614,7.484351463892893,
2019-10-07,-22.5,9.242628792954283,-1.2171861763588243,
2019-10-08,-22.0,8.986905307743264,-1.2240031048866422,
2019-10-09,-22.0,9.001233500047318,-1.2220547328254705,
2019-10-10,-22.0,8.977038250043938,-1.2253484605511356,
2019-10-11,-4.0,8.846089089326515,-0.22608861156656826,
2019-10-14,-22.0,9.094136297231763,-1.2095706112683156,
2019-10-15,119.0,8.673572990286639,6.859918059908283,
2019-10-16,-21.5,8.684835633837594,-1.2377896892044997,
2019-10-17,-20.5,8.308240231420623,-1.233714928130738,
2019-10-18,-20.0,8.09113378631915,-1.2359207330014055,
2019-10-21,-20.5,8.170784944439209,-1.2544694383341766,
2019-10-22,-20.0,7.994300305550695,-1.2508912122123663,
2019-10-23,-20.0,8.00051099801136,-1.2499201616603792,
2019-10-24,-19.5,7.675474498153406,-1.2702797725854853,
2019-10-25,171.5,7.565172748285305,11.334837002821354,
2019-10-28,-19.5,7.626142551979212,-1.2784969509217452,
2019-10-29,-19.0,7.5729359411235535,-1.2544672335615372,
2019-10-30,-19.0,7.378886945329015,-1.2874570474363607,
2019-10-31,-18.5,7.307180734948371,-1.2658780910891696,
2019-11-01,-18.5,7.168274968166345,-1.2904080885678084,
2019-11-04,-18.0,7.055362470440177,-1.2756254604504393,
2019-11-05,-18.0,6.917033008265879,-1.3011359045482316,
2019-11-06,-17.5,6.645280650532602,-1.3167239218555369,
2019-11-07,-17.0,6.459903461208845,-1.31580913724822,
2019-11-08,-17.0,6.429731785408213,-1.3219836042445974,
2019-11-11,-16.5,6.3548402293076265,-1.2982230398102166,
2019-11-12,-4.0,6.195565927214226,-0.3228115112478966,
2019-11-13,-16.0,6.0597219324132094,-1.3201925912158314,
2019-11-14,-15.5,5.866616794383694,-1.321033957326023,
2019-11-15,-15.5,5.746233451927718,-1.3487095616346858,
2019-11-18,-15.5,5.638466776790023,-1.3744871268731802,
2019-11-19,-4.0,5.59196914987645,-0.35765576425688766,
2019-11-20,-15.0,5.47111421059956,-1.3708359415107332,
2019-11-21,-15.5,5.707106052699592,-1.357956191533198,
2019-11-22,-15.0,5.547223477506764,-1.3520277361118547,
2019-11-25,77.5,5.501886086256281,7.043039312790854,
2019-11-26,-15.5,5.64326922295226,-1.3733174324696864,
2019-11-27,-15.0,5.420982135598528,-1.38351313699209,
2019-11-29,-14.0,5.032568780184445,-1.3909397577559681,
2019-12-02,160.5,4.876671010171271,16.455897851756372,
2019-12-03,-14.5,5.310480223730466,-1.365224931561288,
2019-12-04,-15.5,5.722678064892576,-1.3542610491309335,
2019-12-05,-15.5,5.642040345971678,-1.373616550887193,
2019-12-06,-15.0,5.528323178402272,-1.3566500651229219,
2019-12-09,-4.0,5.653085808516395,-0.3537890751608604,
2019-12-10,-15.0,5.597508250765223,-1.3398819017327381,
2019-12-11,-15.0,5.5164362328534216,-1.3595734063476275,
2019-12-12,-15.0,5.400976501935321,-1.3886377763933133,
2019-12-13,-15.5,5.636621037511369,-1.3749372094423633,
2019-12-16,31.0,5.666594534831987,2.73532893605199,
2019-12-17,-15.5,5.793534210915416,-1.3376981507071224,
2019-12-18,-15.0,5.535067481564314,-1.354997030294626,
2019-12-19,-14.5,5.3312233757382925,-1.3599130047699393,
2019-12-20,-14.5,5.275868134614128,-1.3741814266421688,
2019-12-23,-14.5,5.146788267855976,-1.4086454741648367,
2019-12-24,-14.0,4.9546069630091205,-1.4128264970888094,
2019-12-26,95.0,4.749367179937041,10.001332430277516,
2019-12-27,-13.5,4.797180238512967,-1.4070765875772826,
2019-12-30,66.5,4.796042364333469,6.932799478017314,
2019-12-31,-4.0,4.9985571954525065,-0.4001154576803727,
2020-01-02,-14.0,4.980356681491614,-1.4055218225662311,
2020-01-03,-15.0,5.385331204242213,-1.392672003922802,
2020-01-06,-15.5,5.635486118224913,-1.3752141052990696,
2020-01-07,-16.0,5.968219252637419,-1.3404333288299883,
2020-01-08,-15.5,5.8285250203061745,-1.3296674498264212,
2020-01-09,-16.0,6.0778268045700194,-1.3162599490305755,
2020-01-10,-16.5,6.139232032815019,-1.3438162877543385,
2020-01-13,-16.0,6.10919760189966,-1.3095009396180595,
2020-01-14,-4.0,6.22996920176397,-0.3210288743375673,
2020-01-15,-4.0,6.1063999730665435,-0.32752522088651026,
2020-01-16,-16.0,6.061299974990362,-1.3198488827494006,
2020-01-17,-16.0,6.089064262491051,-1.3138307718774478,
2020-01-20,-16.0,5.971541815170262,-1.3396875124740129,
2020-01-21,-15.5,5.658842399800958,-1.3695380525657679,
2020-01-22,-15.0,5.511782228386603,-1.360721394501717,
2020-01-23,-15.0,5.515851354930418,-1.359717569853659,
2020-01-24,-15.0,5.561147686721102,-1.348642478585578,
2020-01-27,-16.0,6.094726423383881,-1.3126101885896106,
2020-01-28,-17.5,6.871442393142176,-1.273386212002979,
2020-01-29,-4.0,7.229732222203448,-0.27663541864769764,
2020-01-30,-18.5,7.176715634903203,-1.2888904159743486,
2020-01-31,306.5,7.327039518124402,20.91567810176482,
2020-02-03,120.5,7.971536695401231,7.558141209430566,
2020-02-04,-20.5,8.261962645729714,-1.2406253138045626,
2020-02-05,102.5,8.894590313891877,5.761929239164168,
2020-02-06,-22.0,9.009262434328171,-1.2209656539792295,
2020-02-07,-21.5,8.866636546161873,-1.2124101336547266,
2020-02-10,216.0,8.653841078578882,12.480007319216401,
2020-02-11,-21.5,8.823209572966105,-1.2183774975647739,
2020-02-12,-21.5,8.772891032039956,-1.225365727300081,
2020-02-13,-21.5,8.676613101179958,-1.2389627006116102,
2020-02-14,-21.0,8.62203359395282,-1.2178101471750606,
2020-02-17,6.5,8.296799051527618,0.391717333373478,
2020-02-18,-20.0,7.9171169764185025,-1.2630860488465006,
2020-02-19,44.5,7.844465763817181,2.836394557629246,
2020-02-20,-20.0,7.8908432092588106,-1.2672916866813912,
2020-02-21,249.0,8.458907980026039,14.718211889050098,
2020-02-24,-22.0,9.046664552881323,-1.215917749099755,
2020-02-25,-25.0,10.600920656246943,-1.1791428693161627,
2020-02-26,-28.0,11.88478346651502,-1.1779768676008724,
2020-02-27,-28.5,12.218459647478232,-1.16626812308056,
2020-02-28,-31.5,13.753748244086928,-1.1451423801341798,
2020-03-02,-33.5,14.760176940937864,-1.1348102442825934,
2020-03-03,-36.0,16.045610730870873,-1.1218021116123047,
2020-03-04,-39.0,17.532531392951526,-1.1122181710645298,
2020-03-05,-40.5,18.17931486488356,-1.113903364923632,
2020-03-06,-41.5,18.664720945963307,-1.1117230233483713,
2020-03-09,-42.5,19.237330164108783,-1.104623137343989,
2020-03-10,-47.5,21.65609229524387,-1.0966890829707074,
2020-03-11,-49.0,22.440924988440738,-1.0917553537842084,
2020-03-12,-4.0,23.375948203552113,-0.08555802667701361,
2020-03-13,-55.5,25.72677333186982,-1.0786428458023474,
2020-03-16,-4.0,27.66861095102197,-0.0722840768385638,
2020-03-17,-65.0,30.55121016880612,-1.063787647704498,
2020-03-18,-67.0,31.61407015674854,-1.0596547623858827,
2020-03-19,-69.5,32.71619014555222,-1.0621652412887777,
2020-03-20,-70.0,33.01771227801277,-1.0600371008535099,
2020-03-23,-71.0,33.475822115297575,-1.060466861059625,
2020-03-24,-70.5,33.13245982134775,-1.0639113482690437,
2020-03-25,-71.5,33.670766262680054,-1.0617518984004983,
2020-03-26,-70.5,33.35231867248862,-1.0568980329717443,
2020-03-27,-70.5,33.277599481596575,-1.0592711177828262,
2020-03-30,-69.0,32.55062809005397,-1.0598873823433739,
2020-03-31,-68.0,31.890315369335827,-1.0661543984821404,
2020-04-01,-66.0,30.93832855724041,-1.0666381003403334,
2020-04-02,-65.5,30.825769374580386,-1.0624227931519652,
2020-04-03,-63.5,29.785089419253215,-1.0659696048948792,
2020-04-06,-62.0,28.92588660359227,-1.071704401833275,
2020-04-07,434.0,29.991001846192823,7.235503539123914,
2020-04-08,-62.5,29.280483857179053,-1.0672637840422181,
2020-04-09,-60.5,28.268485010237693,-1.0700962569817478,
2020-04-13,-58.5,27.18145036664929,-1.0761015179634692,
2020-04-14,347.5,26.269828911888627,6.6140514497743075,
2020-04-15,-57.0,26.501448275325153,-1.0754129247545936,
2020-04-16,-55.5,25.65580911280193,-1.0816263824691887,
2020-04-17,-54.0,24.913429890458936,-1.0837528240276606,
2020-04-20,-52.0,24.108899183997583,-1.078439948733024,
2020-04-21,-50.0,23.1167456708549,-1.081467104235155,
2020-04-22,-51.0,23.447692408650976,-1.0875270604706426,
2020-04-23,-51.0,23.42955366517591,-1.088369004566291,
2020-04-24,-49.5,22.714942689091917,-1.089591126808581,
2020-04-27,-48.5,22.149143211299638,-1.094850476547038,
2020-04-28,436.5,21.136257981921094,10.325858067529277,
2020-04-29,-46.0,20.9698288403553,-1.0968139117920574,
2020-04-30,-46.5,21.337608923187066,-1.0896253691637765,
2020-05-01,-45.0,20.41215471438799,-1.1022844141064805,
2020-05-04,199.0,20.614857949074562,4.826615844057598,
2020-05-05,-44.0,20.093260952712097,-1.0948944550003736,
2020-05-06,-43.5,19.740170884661232,-1.1018141700536377,
2020-05-07,-42.0,19.06810510718543,-1.1013155151995975,
2020-05-08,-41.0,18.532436885243616,-1.1061686127377586,
2020-05-11,212.5,17.9024413934405,5.934944718709162,
2020-05-12,-39.5,17.64958843676618,-1.119006262993556,
2020-05-13,-39.5,17.701403548425738,-1.1157307354735977,
2020-05-14,-40.5,18.1754104378239,-1.1141426527490559,
2020-05-15,-40.5,18.173595406550767,-1.1142539242785598,
2020-05-18,-40.0,17.97369573465428,-1.1127372074869883,
2020-05-19,-39.5,17.844324610750405,-1.1067944812044896,
2020-05-20,123.5,17.258122852839662,3.5780252885289676,
2020-05-21,-38.5,17.12763193477969,-1.123914857191121,
2020-05-22,-37.5,16.738604653723996,-1.1201650548469408,
2020-05-25,9.0,16.067990035600854,0.2800599197553414,
2020-05-26,294.5,15.618044318772224,9.428197090144748,
2020-05-27,-4.0,15.556487581717064,-0.12856372555142345,
2020-05-28,-4.0,15.881024183022989,-0.12593646209153342,
2020-05-29,-35.5,15.72836174137849,-1.1285345728858043,
2020-06-01,-35.5,15.673657331280028,-1.1324733994647311,
2020-06-02,-34.0,15.089824664760027,-1.1265869801456936,
2020-06-03,-33.5,14.822247902991455,-1.1300580120927193,
2020-06-04,-32.5,14.232265909920637,-1.1417718094118026,
2020-06-05,174.0,14.12772905921202,6.158102242431626,
2020-06-08,-32.5,14.29048055498259,-1.1371206123879574,
2020-06-09,189.5,14.094731943912405,6.722369774539987,
2020-06-10,-32.0,13.908947519347235,-1.1503386563033708,
2020-06-11,-32.0,13.941344125108147,-1.1476655232392008,
2020-06-12,-35.5,15.652230259028993,-1.1340236954258265,
2020-06-15,-37.0,16.433320954812636,-1.1257614970747662,
2020-06-16,-38.0,17.00995874375459,-1.116992715045595,
2020-06-17,-38.0,17.06192597634355,-1.1135905774262296,
2020-06-18,-37.0,16.43919912089044,-1.1253589584233916,
2020-06-22,-35.0,15.599519905257575,-1.121829396435585,
2020-06-23,-34.5,15.25803634059632,-1.1305517705514805,
2020-06-24,-34.5,15.140498030553726,-1.1393284398696313,
2020-06-25,-4.0,15.635373171228458,-0.1279150793586631,
2020-06-26,401.5,15.65829294471214,12.820682350804656,
2020-06-29,-4.0,15.94743273437556,-0.1254120354863696,
2020-06-30,343.0,16.005651824777306,10.714965055938055,
2020-07-01,-36.0,16.085158837293214,-1.1190439697907897,
2020-07-02,-36.0,15.924611777486557,-1.1303258284417035,
2020-07-06,184.0,14.775653777526674,6.226458834595139,
2020-07-07,-34.5,15.265785650560485,-1.1299778730593315,
2020-07-08,-34.5,15.186533104091877,-1.1358747833863503,
2020-07-09,-34.0,14.879905739513887,-1.1424803555614038,
2020-07-10,-34.0,14.964823186691467,-1.135997384527634,
2020-07-13,-4.0,14.990103673356364,-0.13342135875649946,
2020-07-14,-37.0,16.581881982402336,-1.1156755318626246,
2020-07-15,-38.5,17.167997555087883,-1.1212722938846817,
2020-07-16,-38.0,17.09483701543875,-1.1114466890114632,
2020-07-17,-38.0,17.010830800050268,-1.11693545267312,
2020-07-20,-37.0,16.504253600046678,-1.1209231540133193,
2020-07-21,318.5,17.247253342900486,9.23335425263828,
2020-07-22,-38.5,17.183163818407596,-1.1202826326650213,
2020-07-23,-37.5,16.695080688521337,-1.1230853177542004,
2020-07-24,-4.0,17.416414210769812,-0.114834200415563,
2020-07-27,-39.0,17.62417033857197,-1.1064350619287093,
2020-07-28,-39.0,17.488961742959688,-1.1149890020115043,
2020-07-29,-38.0,17.024571618462566,-1.1160339552623544,
2020-07-30,-37.5,16.661655788572386,-1.125338335992989,
2020-07-31,-4.0,16.609930375102927,-0.12040989666024453,
2020-08-03,-37.0,16.55252463402415,-1.1176542798778117,
2020-08-04,-36.5,16.309040731593853,-1.1190112466054563,
2020-08-05,-35.5,15.661073536480007,-1.1333833506786215,
2020-08-06,-34.0,14.885282569588579,-1.1420676712400408,
2020-08-07,-34.0,14.886780243189396,-1.14195277436015,
2020-08-10,-34.0,15.070313797247296,-1.1280455223901957,
2020-08-11,-34.5,15.164398526015347,-1.1375327528095949,
2020-08-12,302.0,15.360245059871396,9.830572325599618,
2020-08-13,-36.0,15.961298984166296,-1.127727763126053,
2020-08-14,-35.0,15.553795485297277,-1.1251273051997137,
2020-08-17,89.0,15.0361136649189,2.9595413410463878,
2020-08-18,-33.5,14.71612340313898,-1.1382073621662612,
2020-08-19,-33.0,14.453811017200483,-1.1415674371530449,
2020-08-20,311.0,14.166038801686161,10.976957085666818,
2020-08-24,-32.0,13.988382946351845,-1.1438062613357882,
2020-08-26,-31.5,13.805831469048274,-1.1408222703073276,
2020-08-27,-32.5,14.208539935544826,-1.143678384529022,
2020-08-28,-32.5,14.325340654434482,-1.1343534783565326,
2020-08-31,-31.5,13.798977036260592,-1.1413889564865976,
2020-09-01,-31.5,13.744139390813407,-1.1459429762861189,
2020-09-02,-4.0,13.876700862898163,-0.14412647644133894,
2020-09-03,-32.5,14.29845437269115,-1.1364864744427299,
2020-09-04,-38.5,17.304368346070355,-1.112435866771842,
2020-09-07,76.0,19.8236991784939,1.916897530468228,
2020-09-08,-42.5,19.330488522887194,-1.099299687891494,
2020-09-10,-46.0,21.097685256979265,-1.0901669884563017,
2020-09-11,-48.5,22.155439881480746,-1.0945393153881837,
2020-09-14,-49.0,22.407729889946406,-1.0933726941698063,
2020-09-15,-48.0,22.09690989780738,-1.0861247165777446,
2020-09-16,-47.5,21.69846990510685,-1.094547224014644,
2020-09-17,-4.0,21.491882769027793,-0.09305838960196748,
2020-09-18,329.5,21.676391142668667,7.600434911681381,
2020-09-21,-48.5,22.233434632478048,-1.090699678248371,
2020-09-22,-4.0,22.311403587301044,-0.08964025916945619,
2020-09-23,-48.5,22.161481902493826,-1.0942409044077126,
2020-09-24,231.5,22.60753676660141,5.119973980137452,
2020-09-25,-49.5,22.64137342612988,-1.0931315664550898,
2020-09-28,-49.5,22.822793181406315,-1.084442197906073,
2020-09-29,-49.0,22.41536152559158,-1.0930004395435866,
2020-09-30,-46.5,21.331228559477896,-1.0899512859829892,
2020-10-01,-46.0,20.96605151951519,-1.0970115178144826,
2020-10-02,-4.0,20.523833553835537,-0.09744768172835995,
2020-10-05,281.0,21.029274014275856,6.6811626452069,
2020-10-06,-46.0,20.88387944182758,-1.101327943597209,
2020-10-07,-46.0,20.92431662455418,-1.0991995778256411,
2020-10-08,26.0,20.66588329422888,0.6290561025102837,
2020-10-09,179.0,19.708052344641107,4.5412909624393345,
2020-10-12,-42.5,19.25390574859531,-1.1036721731927204,
2020-10-13,-45.0,20.479519623695648,-1.0986585824975392,
2020-10-14,-44.0,19.888571793431677,-1.1061628873354112,
2020-10-15,-43.5,19.813941665329413,-1.0977119226134755,
2020-10-16,-43.5,19.6348208320916,-1.1077259215144608,
2020-10-19,-42.5,19.35465505837077,-1.0979270845134232,
2020-10-20,-44.0,19.896733268487147,-1.105709148488413,
2020-10-21,-43.0,19.51214517788092,-1.1018778204034954,
2020-10-22,-42.0,18.917974093746572,-1.1100554370111781,
2020-10-23,-41.5,18.70776165847896,-1.1091652961376826,
2020-10-26,-40.0,18.069260825730463,-1.106852139270699,
2020-10-27,-41.5,18.66565290960686,-1.1116675157567282,
2020-10-28,445.0,18.066320558920655,12.315734090643907,
2020-10-29,-42.5,19.253547661854892,-1.1036926998186665,
2020-10-30,240.5,19.593919257436685,6.137108070115184,
2020-11-02,-44.5,20.231407167619782,-1.0997752067197264,
2020-11-03,-44.5,20.231395941361225,-1.0997758169772125,
2020-11-04,-44.5,20.276921231263994,-1.0973066249176828,
2020-11-05,-48.0,21.950444714745135,-1.0933719253477394,
2020-11-06,-48.5,22.270948663691915,-1.0888624623132697,
2020-11-09,-48.0,21.889541616285346,-1.096414005405418,
2020-11-10,-49.5,22.72734221512211,-1.088996670430389,
2020-11-11,205.5,22.831639199756246,4.500333905114311,
2020-11-12,-49.5,22.695450685487945,-1.0905269229055579,
2020-11-13,-48.5,22.145775636524522,-1.0950169638675933,
2020-11-16,120.5,21.372863091058488,2.8189952718691247,
2020-11-17,-45.5,20.628372870268596,-1.1028499505547176,
2020-11-18,-43.5,19.63036409382084,-1.1079774117305532,
2020-11-19,-42.0,18.963463087119354,-1.1073926689194198,
2020-11-20,-41.0,18.456697866610828,-1.1107078930454628,
2020-11-23,-39.5,17.745058733281486,-1.11298589071211,
2020-11-24,-39.0,17.514161680904238,-1.1133847200497715,
2020-11-25,-39.0,17.45377513226822,-1.1172368070646652,
2020-11-26,-37.5,16.74011262282049,-1.1200641490571328,
2020-11-27,-36.0,16.013140292619024,-1.1240768313443668,
2020-11-30,-4.0,15.693005271717666,-0.1274453149903958,
2020-12-01,-35.5,15.718504895166406,-1.129242260531935,
2020-12-02,-35.5,15.872093831225948,-1.118314961387108,
2020-12-03,-35.0,15.591497843281237,-1.1224065946647444,
2020-12-04,-34.0,14.993444425904007,-1.1338288599402342,
2020-12-07,84.5,14.373823395482294,2.939371024502723,
2020-12-08,-31.5,13.810514581519273,-1.1404354202033917,
2020-12-09,-31.5,13.630299254267896,-1.1555138816976733,
2020-12-10,-33.0,14.450010021820189,-1.1418677201665763,
2020-12-11,-33.5,14.654027163118748,-1.1430305003225596,
2020-12-14,35.0,14.484543080038838,1.2081844696997563,
2020-12-15,-32.5,14.136986431464637,-1.149467043685664,
2020-12-16,-32.0,13.87988025778859,-1.1527476968702033,
2020-12-17,-31.0,13.599620953660835,-1.139737648042875,
2020-12-18,105.5,13.107683742685062,4.024357089744244,
2020-12-21,-30.0,13.1236527610647,-1.1429744655011032,
2020-12-22,-31.0,13.482677563845792,-1.149623279693621,
2020-12-23,-31.0,13.38078988071395,-1.1583770568238665,
2020-12-24,-30.0,12.895108460662954,-1.1632317824823344,
2020-12-28,-4.0,12.370457856329887,-0.16167550330213626,
2020-12-29,-28.5,12.30381800944918,-1.1581770787780001,
2020-12-30,58.5,12.014259580202811,2.4346069605652914,
2020-12-31,-27.5,11.634223181616894,-1.1818580222636799,
2021-01-04,428.5,11.336242954358545,18.899559656810762,
2021-01-05,-4.0,12.769814886190078,-0.1566193416133934,
2021-01-06,-29.5,12.670631680033644,-1.1641092861410391,
2021-01-07,323.5,13.076747274316956,12.369283936356318,
2021-01-08,-32.0,13.966801040437174,-1.1455737039337954,
2021-01-11,-32.0,13.928100966120233,-1.148756750035027,
2021-01-12,-32.0,14.113147325683073,-1.1336946770819318,
2021-01-13,-32.0,14.07336894527714,-1.1368990653349862,
2021-01-14,-31.5,13.810092592043057,-1.1404702680324283,
2021-01-15,-31.0,13.615175264039982,-1.1384355837811477,
2021-01-18,-31.5,13.648466316608557,-1.1539758119807297,
2021-01-19,-29.5,12.83964729399366,-1.1487854504305577,
2021-01-20,279.0,12.95377963013697,10.769057679154372,
2021-01-21,-31.5,13.860652513698616,-1.1363101401203244,
2021-01-22,-31.0,13.621945191291571,-1.1378697962981863,
2021-01-25,-30.0,13.046716963342172,-1.1497145252821868,
2021-01-26,-32.0,14.072844323103448,-1.1369414478445365,
2021-01-27,-4.0,13.636837585738917,-0.14666156925499743,
2021-01-28,-34.5,15.147152758186136,-1.138827889002268,
2021-01-29,-35.0,15.534409704029985,-1.1265313799120475,
2021-02-01,-36.5,16.3359697251707,-1.1171666149625716,
2021-02-02,147.5,17.085632601944223,4.316492208290127,
2021-02-03,-38.5,17.27415884466249,-1.114381323750998,
2021-02-04,-38.0,16.90279035575803,-1.1240747592617184,
2021-02-05,-37.0,16.572680330346742,-1.1162949885737001,
2021-02-08,-36.0,16.02641744960769,-1.1231455848818304,
2021-02-09,-35.0,15.401316203207141,-1.1362665222311215,
2021-02-10,-33.5,14.783365045835204,-1.1330302639532561,
2021-02-11,-34.0,15.041249685418403,-1.1302252376330464,
2021-02-12,-33.0,14.605713993602803,-1.1296948582744315,
2021-02-15,30.0,14.442359422631174,1.0386114595995308,
2021-02-16,-31.5,13.80853017815752,-1.1405993104837122,
2021-02-18,-32.0,13.886372959737862,-1.1522087190363088,
2021-02-19,-32.5,14.134667748328015,-1.1496556048812825,
2021-02-22,-32.0,14.012995052018871,-1.1417973060437825,
2021-02-23,-4.0,14.939298976874666,-0.1338750903302696,
2021-02-24,-37.0,16.55077762138362,-1.1177722535585266,
2021-02-25,-38.5,17.24893636271336,-1.1160108423619846,
2021-02-26,-41.5,18.86285162251955,-1.100045762711056,
2021-03-01,-42.5,19.323540792339582,-1.0996949383326333,
2021-03-02,349.5,20.052662878601044,8.714553326804408,
2021-03-03,-44.0,19.985061958700967,-1.1008222063790891,
2021-03-04,-45.0,20.609343247365185,-1.0917378457887796,
2021-03-05,-47.5,21.764925872553384,-1.091205186687536,
2021-03-08,-49.5,22.837966881656715,-1.0837216871471609,
2021-03-09,-51.0,23.531683532966948,-1.0836453738754186,
2021-03-11,-53.0,24.500788352405177,-1.0815978497850485,
2021-03-12,-53.5,24.71680347009052,-1.0822596875186479,
2021-03-15,-53.0,24.4419425079412,-1.0842018792651253,
2021-03-16,-51.5,23.784928757373972,-1.082618336286452,
2021-03-17,-50.5,23.259219560418686,-1.085591024858337,
2021-03-18,-51.0,23.40186459181735,-1.0896567621759627,
2021-03-19,-52.0,24.03923140668754,-1.0815653612272722,
2021-03-22,-51.0,23.44446487763843,-1.0876767771450462,
2021-03-23,-51.0,23.481467386378544,-1.0859627969754733,
2021-03-24,-4.0,22.838148287351505,-0.08757277406363387,
2021-03-25,-49.5,22.728280552540685,-1.0889517111857947,
2021-03-26,-48.5,22.322242655930634,-1.0863603793661474,
2021-03-29,-48.5,22.195653894792734,-1.0925562326275609,
2021-03-30,-47.0,21.614714330878964,-1.0872223264328644,
2021-03-31,220.0,21.03375259295904,5.229689733862423,
2021-04-01,90.5,20.938930979176252,2.161046332546828,
2021-04-05,286.5,20.712935909235092,6.91596790661291,
2021-04-06,-45.5,20.844601201432585,-1.0914097026925351,
2021-04-07,-44.0,19.978468972758833,-1.1011854827313132,
2021-04-08,-42.5,19.239828331847487,-1.1044797091471494,
2021-04-09,250.5,18.670465593858385,6.708456164114127,
2021-04-12,-40.5,18.309182337154212,-1.1060024214684536,
2021-04-13,-39.0,17.5223657416432,-1.112863427662442,
2021-04-14,306.0,17.245768188668684,8.871741654310796,
2021-04-15,-38.5,17.16973117519235,-1.1211590795209025,
2021-04-16,-38.5,17.152696805535754,-1.122272504332227,
2021-04-19,-37.0,16.39491489085463,-1.1283986603870462,
2021-04-20,-36.5,16.350188827222155,-1.116195060060393,
2021-04-21,-36.5,16.30999676813486,-1.1189456539718856,
2021-04-22,-36.5,16.355711284696657,-1.115818180104203,
2021-04-23,-37.0,16.489231907218322,-1.1219443151807116,
2021-04-26,-37.0,16.54625105670273,-1.1180780429719048,
2021-04-27,136.0,16.028661695509676,4.242400350807189,
2021-04-28,-35.0,15.53866800297327,-1.1262226592814413,
2021-04-29,136.5,14.987245288475181,4.5538722217673016,
2021-04-30,-4.0,15.214495625012669,-0.13145358540259428,
2021-05-03,-33.5,14.833549508940337,-1.1291970266391465,
2021-05-04,-33.5,14.714188829730313,-1.1383570099465008,
2021-05-05,-35.5,15.858264627606719,-1.1192901882277881,
2021-05-06,-35.5,15.81169215420624,-1.122586996185486,
2021-05-07,-35.5,15.834071286048651,-1.121000384508782,
2021-05-10,-35.5,15.849494765616605,-1.119909515255104,
2021-05-11,-4.0,16.61381656807256,-0.12038173118171296,
2021-05-13,-39.5,17.83123724491971,-1.1076068210368837,
2021-05-14,-39.5,17.770970298854017,-1.1113630639106749,
2021-05-17,-40.5,18.262775991793017,-1.108812811869346,
2021-05-18,-40.0,18.039095563807802,-1.1087030349862108,
2021-05-19,-39.5,17.783178023535815,-1.1106001398547054,
2021-05-20,310.5,17.978129593283256,8.635492318288906,
2021-05-21,-40.5,18.259602479477312,-1.1090055231355542,
2021-05-24,212.5,17.88882730237179,5.9394614417185885,
2021-05-25,-40.0,18.09498249505952,-1.1052787702591373,
2021-05-26,-39.0,17.476144459698123,-1.1158067527405204,
2021-05-27,-37.0,16.596151998291116,-1.114716230720526,
2021-05-28,-35.5,15.821873284127467,-1.1218646288746879,
2021-05-31,23.5,15.287721620975503,0.7685906566926509,
2021-06-01,-33.0,14.40467007662011,-1.1454618475976601,
2021-06-02,-32.5,14.344068642575817,-1.1328724370271788,
2021-06-03,-32.0,13.906099453820401,-1.1505742536311536,
2021-06-04,244.0,14.04852092140466,8.684188227539165,
2021-06-08,-32.0,13.898533345496874,-1.151200605291493,
2021-06-09,-31.5,13.84595953510424,-1.1375159634165017,
2021-06-10,-4.0,13.369908854025365,-0.14958965104671204,
2021-06-11,-30.5,13.237236793023554,-1.1520531239599217,
2021-06-14,-29.5,12.639934164950443,-1.1669364576993293,
2021-06-15,-29.5,12.629046010311125,-1.1679425340565865,
2021-06-16,-29.0,12.384560581003187,-1.1708126344217418,
2021-06-17,352.5,12.922270539502959,13.639243928627675,
2021-06-18,-31.0,13.429608358109892,-1.1541661965622279,
2021-06-21,-30.5,13.253832761102041,-1.1506105648742153,
2021-06-22,-30.5,13.300880421023324,-1.1465406437227947,
2021-06-23,-30.5,13.27090681952166,-1.1491302144904725,
2021-06-24,-29.5,12.772984903841541,-1.1547809780597065,
2021-06-25,-29.5,12.712414553567145,-1.1602831183522961,
2021-06-28,-28.5,12.21822422831235,-1.1662905945840782,
2021-06-29,-28.5,12.315136783432896,-1.1571126046419562,
2021-06-30,-28.0,11.951109156044835,-1.17143938836161,
2021-07-01,-27.0,11.41085135918449,-1.1830843795133632,
2021-07-02,-26.5,11.126147690671312,-1.1908883800912895,
2021-07-05,5.0,11.302404998480505,0.22119186140791275,
2021-07-06,-25.5,10.631697498589041,-1.1992440531431678,
2021-07-07,-25.5,10.754879820118395,-1.1855083658070706,
2021-07-08,-25.5,10.830424118681368,-1.1772392161455212,
2021-07-09,-27.0,11.459054538775556,-1.1781076662405454,
2021-07-12,-4.0,11.519122071720158,-0.1736243428576965,
2021-07-13,-26.5,11.158381209454433,-1.1874482284915442,
2021-07-14,-26.5,11.225193265921975,-1.180380567720383,
2021-07-15,-26.5,11.14125088978469,-1.189273999039803,
2021-07-16,-27.0,11.384732969085784,-1.1857985634496684,
2021-07-19,-27.5,11.715287757008229,-1.1736800909371246,
2021-07-20,-28.0,12.101249345793354,-1.156905340923885,
2021-07-21,215.5,12.660535106808114,8.51069872568484,
2021-07-22,-29.0,12.50755045632182,-1.1592997406355547,
2021-07-23,-28.5,12.164600423727405,-1.1714318188540713,
2021-07-26,-28.5,12.304182536318304,-1.1581427663266712,
2021-07-27,-28.0,11.927544498009855,-1.1737537430554914,
2021-07-28,-4.0,12.911737748152007,-0.15489781770747707,
2021-07-29,13.0,12.916256480426863,0.5032417875759916,
2021-07-30,114.5,12.53875601753923,4.565843686560183,
2021-08-02,-29.0,12.549827016286429,-1.1553944115072463,
2021-08-03,-28.5,12.292250086551684,-1.1592670096738587,
2021-08-04,-29.0,12.491017937512279,-1.160834134778917,
2021-08-05,-28.5,12.193445227689972,-1.1686606807106343,
2021-08-06,-28.0,11.875609854283548,-1.1788868253321898,
2021-08-09,-27.5,11.664852007549008,-1.1787547746942328,
2021-08-10,-26.5,11.241469721295507,-1.1786715019033136,
2021-08-11,94.0,11.310382598345829,4.155473927723176,
2021-08-12,-26.5,11.338212412749698,-1.1686145503060532,
2021-08-13,-26.5,11.327893668981863,-1.1696790583655694,
2021-08-16,-26.0,10.91250840691173,-1.1912934694067316,
2021-08-17,-26.5,11.310275663560892,-1.1715010662992462,
2021-08-18,-27.5,11.772041687592257,-1.1680216877325973,
2021-08-19,-28.0,11.97582442419281,-1.1690218146249771,
2021-08-20,-29.0,12.380676251036181,-1.1711799667474905,
2021-08-23,309.0,12.412413661676455,12.447216489168538,
2021-08-24,-30.0,12.886526971556707,-1.1640064101916812,
2021-08-25,-28.5,12.363828616445515,-1.1525556073339314,
2021-08-26,-27.5,11.823555143842265,-1.1629327924402697,
2021-08-27,-27.0,11.566961919282102,-1.1671171820403012,
2021-08-30,226.0,11.651464639333382,9.69835153758533,
2021-08-31,-27.5,11.85448502223814,-1.1598985509877495,
2021-09-01,-27.0,11.497914663506846,-1.1741259519734966,
2021-09-02,-26.5,11.290027901827786,-1.1736020597305084,
2021-09-03,-26.5,11.181365194554372,-1.1850073554929688,
2021-09-06,7.0,11.001446252086202,0.3181399899432582,
2021-09-07,-25.0,10.511610805508617,-1.1891612266931884,
2021-09-08,-24.5,10.268370747972288,-1.192983804409188,
2021-09-09,-24.5,10.335808551688553,-1.185199971413821,
2021-09-10,-24.5,10.243072226567943,-1.1959302569620267,
2021-09-13,-25.5,10.767674210384518,-1.1840997183684936,
2021-09-14,-26.5,11.149001052499909,-1.188447282192066,
2021-09-15,-4.0,11.315590263035629,-0.17674729762293998,
2021-09-16,-27.0,11.614923101390227,-1.1622978372008457,
2021-09-17,233.5,11.716089308433784,9.964929160787289,
2021-09-20,-28.5,12.132797214974229,-1.174502445521197,
2021-09-21,-32.0,14.02241884247607,-1.1410299592202688,
2021-09-22,-31.5,13.863228210870636,-1.1360990211248114,
2021-09-23,114.5,14.01005119580845,4.086351948316088,
2021-09-24,-32.0,14.001743967536417,-1.1427147958923272,
2021-09-27,-4.0,13.775726541283817,-0.1451829051633898,
2021-09-28,-32.0,14.033263931192115,-1.1401481564410947,
2021-09-29,-35.0,15.46035222182125,-1.131927639740311,
2021-09-30,-35.0,15.40202349169116,-1.1362143428388238,
2021-10-01,-35.0,15.41884324228465,-1.1349748956528714,
2021-10-04,405.5,15.822854439264319,12.813743612333125,
2021-10-05,-37.5,16.850239836459725,-1.1127438055468901,
2021-10-06,-38.5,17.182811990998317,-1.1203055710604664,
2021-10-07,-39.0,17.46216470592701,-1.1167000385342436,
2021-10-08,-39.0,17.539420798360794,-1.1117812967816154,
2021-10-11,-4.0,17.10223002704931,-0.11694381357499874,
2021-10-12,-38.0,16.957427882260074,-1.1204529443923952,
2021-10-13,-37.0,16.58993303352721,-1.1151340974440744,
2021-10-14,-36.5,16.185741388275268,-1.1275356230033462,
2021-10-15,-37.0,16.54300986054132,-1.1182971028825006,
2021-10-18,402.0,15.901098441931225,12.640636163220186,
2021-10-19,-36.0,16.063073553221855,-1.1205825547869477,
2021-10-20,-35.0,15.545175442277436,-1.1257512058954398,
2021-10-21,224.0,15.11784148211476,7.40846503335163,
2021-10-22,-33.5,14.84022780482085,-1.1286888732637081,
2021-10-25,-33.5,14.85967581876222,-1.127211670314571,
2021-10-26,-34.0,14.971484688850632,-1.135491927040477,
2021-10-27,-34.0,14.972182211075586,-1.1354390268790844,
2021-10-28,-33.5,14.826847767427331,-1.129707424176674,
2021-10-29,329.5,14.769572926896807,11.154689496808299,
2021-11-01,-34.0,14.952103432118465,-1.136963777516578,
2021-11-02,167.0,14.583203186967147,5.725765384289719,
2021-11-03,-32.5,14.16431367361235,-1.1472493743394863,
2021-11-04,-32.5,14.280255554068612,-1.1379348176559898,
2021-11-05,-33.0,14.579433728777996,-1.1317311979978375,
2021-11-08,-33.0,14.376438462436711,-1.1477112389909232,
2021-11-09,-31.5,13.839728572262661,-1.1380280991612706,
2021-11-10,-32.0,14.092694388529614,-1.1353400250432444,
2021-11-11,-33.5,14.824466217920357,-1.1298889115988533,
2021-11-12,-33.0,14.475397202354616,-1.1398650945008995,
2021-11-15,-33.0,14.574475973615002,-1.132116175557247,
2021-11-16,210.0,14.454870546928216,7.263987571463475,
2021-11-17,-32.5,14.35720122214763,-1.131836194851996,
2021-11-18,-32.0,14.009365420565656,-1.1420931298224333,
2021-11-19,-32.0,14.07878574766811,-1.1364616442614806,
2021-11-22,-4.0,13.863336765691818,-0.1442654127070969,
2021-11-23,-34.0,14.965062710999545,-1.1359792022458246,
2021-11-24,-35.0,15.504611803071008,-1.1286964306022653,
2021-11-25,10.5,15.82481810285165,0.3317573678179558,
2021-11-26,-34.0,14.993134666933676,-1.1338522849055925,
2021-11-29,-36.5,16.153446476438415,-1.129789857948868,
2021-11-30,-38.0,17.111682442407098,-1.1103525362832336,
2021-12-01,-40.0,17.96531226794945,-1.1132564634392959,
2021-12-02,-43.5,19.730289963095917,-1.102365958162896,
2021-12-03,-44.0,19.946876394303356,-1.1029295798054375,
2021-12-06,-47.0,21.481920937567402,-1.0939431379669309,
2021-12-07,-47.5,21.75821229916973,-1.0915418819084817,
2021-12-08,-50.0,22.890661420657608,-1.0921484329604747,
2021-12-09,-48.0,22.039096319182068,-1.0889738695461497,
2021-12-10,-48.0,21.93808943924049,-1.0939876996340159,
2021-12-13,-47.0,21.450547336437598,-1.0955431407608438,
2021-12-14,-46.5,21.348722526692054,-1.0890581378314699,
2021-12-15,-47.5,21.717563774785482,-1.0935849087996792,
2021-12-16,803.0,23.15157707658652,17.342231100361712,
2021-12-17,-53.0,24.43896442825891,-1.084333997776023,
2021-12-20,-52.5,24.32591339766899,-1.0790961708560298,
2021-12-21,-4.0,24.12852672640692,-0.0828894371661385,
2021-12-22,-53.0,24.452828388806427,-1.0837192155706081,
2021-12-23,-52.0,24.014679932463114,-1.0826711025556133,
2021-12-27,286.5,23.303809937287177,6.147063522466914,
2021-12-28,-50.0,23.084341370338095,-1.0829851975817428,
2021-12-29,-48.5,22.27251341531395,-1.088785964467144,
2021-12-30,-47.0,21.549476742791523,-1.0905137178266262,
2021-12-31,-45.5,20.847281975449267,-1.0912693571656709,
2022-01-03,-44.5,20.163101120060034,-1.103500888455285,
2022-01-04,422.0,19.826451040055748,10.642348425026384,
2022-01-05,-45.0,20.405811680051762,-1.1026270531544435,
2022-01-06,-47.5,21.70048584576235,-1.0944455423166424,
2022-01-07,-47.5,21.742861856779328,-1.092312509569427,
2022-01-10,-4.0,21.892032438437948,-0.09135743817410062,
2022-01-11,-49.5,22.81670869283524,-1.0847313840568005,
2022-01-12,-50.5,23.13158664334701,-1.0915809792607667,
2022-01-13,-49.0,22.61504474025079,-1.0833496144446852,
2022-01-14,-4.0,23.79343440166145,-0.08405680181505633,
2022-01-17,-50.5,23.311314087257063,-1.0831650204482768,
2022-01-18,-48.0,22.011845223881558,-1.0903220405148684,
2022-01-19,-49.0,22.520820565032874,-1.0878822078996586,
2022-01-20,-49.5,22.773797667530527,-1.0867752652113452,
2022-01-21,-52.0,23.952901405564063,-1.0854634918657668,
2022-01-24,-53.0,24.62055130516663,-1.0763365804257587,
2022-01-25,-58.5,27.2333690690833,-1.0740499982136285,
2022-01-26,-60.0,27.89303913557735,-1.0755371565709109,
2022-01-27,-63.0,29.45514348303611,-1.0694227314880191,
2022-01-28,-63.5,29.838258234247817,-1.0640701528468548,
2022-01-31,752.0,30.803382646087258,12.206451619941186,
2022-02-01,-4.0,31.27367674279531,-0.06395154674164595,
2022-02-02,-65.0,30.594753404024218,-1.0622736379279063,
2022-02-03,-63.5,29.676378160879633,-1.0698744916875969,
2022-02-04,-66.0,31.078958292245375,-1.0618116504964696,
2022-02-07,-66.0,30.93090769994214,-1.066894005185038,
2022-02-08,-64.5,30.300575007089126,-1.064336237594659,
2022-02-09,-63.5,29.788926792297048,-1.0658322879966946,
2022-02-10,-4.0,29.325878449990114,-0.06819915056971376,
2022-02-11,-63.0,29.48786927499082,-1.0682358805325993,
2022-02-14,-65.0,30.519539326777192,-1.0648915651058073,
2022-02-15,-64.0,29.90385794629311,-1.0700960410349571,
2022-02-16,-63.5,29.691082378700745,-1.0693446468215064,
2022-02-17,522.0,28.984576494507834,9.004789152239494,
2022-02-18,-62.5,29.343713887757275,-1.0649640369155202,
2022-02-21,-62.0,28.932555752917473,-1.0714573667372629,
2022-02-22,-61.0,28.412819627709084,-1.0734591075310045,
2022-02-23,888.5,28.512796797158433,15.580723390988908,
2022-02-24,-62.5,29.350275597361403,-1.0647259476776219,
2022-02-25,-68.5,32.21052376897845,-1.0633170775380483,
2022-02-28,-67.5,31.81289707119427,-1.060890491188862,
2022-03-01,-66.5,31.12894013753754,-1.0681378759794244,
2022-03-02,-66.0,30.903658699142003,-1.0678347286082408,
2022-03-03,564.5,30.512325934917573,9.250360021783848,
2022-03-04,-65.0,30.478409796709176,-1.0663285984004685,
2022-03-07,870.5,29.91789838265852,14.548147548100719,
2022-03-08,-65.5,30.813048498182912,-1.0628614043797489,
2022-03-09,-67.0,31.54649146259842,-1.0619247481044813,
2022-03-10,-68.5,32.19272421526996,-1.0639049920402266,
2022-03-11,742.5,31.744136771322108,11.695073098834115,
2022-03-14,-67.5,31.843216287656247,-1.0598803743666716,
2022-03-15,-67.0,31.570932981395085,-1.0611026294263057,
2022-03-16,-4.0,31.662294911295437,-0.06316661523124482,
2022-03-17,-68.0,32.09534527477433,-1.0593436434136962,
2022-03-18,681.0,31.42603489800474,10.834965375209284,
2022-03-21,-67.0,31.479532405290115,-1.0641835326108702,
2022-03-22,468.5,30.747065804912253,7.618613154383513,
2022-03-23,-64.5,30.25441824741852,-1.0659600107416296,
2022-03-24,-63.0,29.385799086888625,-1.071946347515004,
2022-03-25,-62.0,29.082795580682294,-1.0659222877662824,
2022-03-28,-60.5,28.267060182062135,-1.0701501962059787,
2022-03-29,-59.5,27.785484454771986,-1.0707029437772002,
2022-03-30,-58.5,27.308842708002558,-1.0710816387480457,
2022-03-31,-57.0,26.58633608600238,-1.0719792267654797,
2022-04-01,-56.0,25.97168707985935,-1.0780970798663894,
2022-04-04,502.0,25.225495145583686,9.950250671053466,
2022-04-05,504.5,25.069656206613423,10.061964867849124,
2022-04-06,-4.0,25.338787906141036,-0.07893037375774734,
2022-04-07,-55.5,25.868606627130962,-1.07272882532822,
2022-04-08,-55.5,25.71772401090732,-1.0790223889264368,
2022-04-11,-54.0,25.12494015298537,-1.0746294254074804,
2022-04-12,-54.5,25.21333728491499,-1.080777197087017,
2022-04-13,453.0,25.535152478849632,8.870125220031735,
2022-04-14,482.0,25.562105873217515,9.428018223354037,
2022-04-18,-55.5,25.67150902513055,-1.0809648927468485,
2022-04-19,-54.0,24.997651237621223,-1.08010147606849,
2022-04-20,421.0,25.400497577791135,8.287239230464925,
2022-04-21,-54.5,25.265640607948914,-1.078539840839293,
2022-04-22,-57.5,26.69130913595256,-1.0771296324793014,
2022-04-25,-58.5,27.129876340527378,-1.0781471921530847,
2022-04-26,725.0,26.838010173346852,13.50696261230287,
2022-04-27,-4.0,27.73083087525065,-0.07212189238025933,
2022-04-28,-59.0,27.491128669875604,-1.0730734395901937,
2022-04-29,-61.0,28.421673050598773,-1.0731247223096685,
2022-05-02,-63.5,29.773249975556006,-1.0663934916768212,
2022-05-03,-63.5,29.640785691587723,-1.0711591902575945,
2022-05-04,-61.5,28.676711713617173,-1.0722986759112385,
2022-05-05,877.5,30.229714448358802,14.513865182203867,
2022-05-06,-4.0,32.504824130618886,-0.06152932844562111,
2022-05-09,-69.0,32.37814026414611,-1.0655337125154012,
2022-05-10,-70.0,33.05470167384996,-1.0588508813464497,
2022-05-11,-69.5,32.71329441143211,-1.0622592626395995,
2022-05-12,-70.5,33.26948766775839,-1.0595293907745063,
2022-05-13,-70.5,33.27032783434708,-1.0595026347654195,
2022-05-16,-71.0,33.486732989036575,-1.060121332577369,
2022-05-17,-68.5,32.23455563267682,-1.0625243415882575,
2022-05-18,821.0,31.70262308748562,12.948455364945556,
2022-05-19,-70.0,33.05823929552236,-1.058737571808328,
2022-05-20,-68.5,32.20497220298505,-1.0635003745423324,
2022-05-23,-70.0,32.91399204562897,-1.0633775432490589,
2022-05-24,-4.0,32.01076047094119,-0.062478990519939846,
2022-05-25,334.5,32.18052758015968,5.197242325607953,
2022-05-26,582.5,31.639061324433992,9.205393200937838,
2022-05-27,467.5,31.757699801260134,7.360419723808992,
2022-05-31,-64.5,30.236071512311035,-1.0666068171875094,
2022-06-01,-63.5,29.844209261431676,-1.0638579739832885,
2022-06-03,-64.0,30.01423528154058,-1.0661607633788595,
2022-06-06,-64.0,29.96634347571625,-1.0678646871258002,
2022-06-07,458.0,29.311158227450804,7.812724363295014,
2022-06-08,-62.0,28.97330763977575,-1.069950327571227,
2022-06-09,-60.0,27.99530352264891,-1.0716083137205223,
2022-06-10,-60.5,28.155906842459704,-1.0743749142678067,
2022-06-13,-61.0,28.546109925141153,-1.0684468069373618,
2022-06-14,-63.0,29.566030644773925,-1.0654118700769162,
2022-06-15,-61.5,28.628724884432934,-1.0740960390003442,
2022-06-16,-62.0,28.961048106973436,-1.0704032494091817,
2022-06-17,-64.0,29.90981252790391,-1.069883001444629,
2022-06-20,-62.5,29.25732591876792,-1.0681085512313968,
2022-06-21,99.5,27.909481210284497,1.782548361438814,
2022-06-22,-58.5,27.295411123835603,-1.0716086988870286,
2022-06-23,-58.0,26.947524614990204,-1.0761656372648067,
2022-06-24,482.0,26.221362142490904,9.19097942701714,
2022-06-27,-57.0,26.57162198945584,-1.0725728377179753,
2022-06-28,-55.5,25.84016684735185,-1.0739094744987636,
2022-06-29,-57.5,26.70917278682672,-1.0764092257540765,
2022-06-30,-55.5,25.789767587767667,-1.0760081456942672,
2022-07-01,-55.5,25.755677045784264,-1.077432363772482,
2022-07-04,10.0,25.141432256799675,0.19887490692371812,
2022-07-05,-51.5,23.7835620955997,-1.0826805461896778,
2022-07-06,-52.5,24.364200517342578,-1.0774004253213685,
2022-07-07,288.0,23.807829051818107,6.048430526218152,
2022-07-08,-51.0,23.622001976688242,-1.0795020686716177,
2022-07-11,237.0,23.181591121210513,5.111814774939059,
2022-07-12,-50.5,23.146298898266906,-1.090887148350556,
2022-07-13,-50.5,23.17245611981927,-1.0896557477307647,
2022-07-14,-50.5,23.29585211126075,-1.083883941201475,
2022-07-15,-50.5,23.366237674742127,-1.0806189833160063,
2022-07-18,-49.5,22.84230998368912,-1.0835156347003911,
2022-07-19,-50.0,22.975894984854182,-1.0880968953105032,
2022-07-20,338.0,23.370473914507453,7.231346724855741,
2022-07-21,-50.0,23.094011492042636,-1.0825317207715992,
2022-07-22,-50.0,22.904260671182453,-1.0914999771834746,
2022-07-25,115.5,23.168688480383707,2.4925882209040595,
2022-07-26,-49.0,22.464675017499157,-1.090601131817638,
2022-07-27,-48.5,22.36407323053493,-1.0843284114671072,
2022-07-28,-51.5,23.872442999782436,-1.0786495542259615,
2022-07-29,-51.5,23.85744707122655,-1.0793275543323317,
2022-08-01,-4.0,23.617182994710365,-0.08468410480826388,
2022-08-02,-50.5,23.30702706651677,-1.0833642543915236,
2022-08-03,459.5,23.126167990337,9.934633359750668,
2022-08-04,-51.0,23.551530991027214,-1.082732159098919,
2022-08-05,-49.5,22.737135920239556,-1.0885276002580733,
2022-08-08,-49.0,22.429572640222446,-1.0923079272613827,
2022-08-09,-49.0,22.427906737349414,-1.0923890618467709,
2022-08-10,-48.0,21.99644911325303,-1.0910851963619808,
2022-08-11,-49.0,22.439559890877813,-1.0918217700855979,
2022-08-12,-49.0,22.39030561295797,-1.094223563693614,
2022-08-15,-48.5,22.214658783460973,-1.0916215385695844,
2022-08-16,-47.0,21.547986727499474,-1.090589125433671,
2022-08-17,-46.5,21.176701961249513,-1.097904671017439,
2022-08-18,-46.0,20.98997324973169,-1.095761282129981,
2022-08-19,158.0,20.310332303322284,3.889645862026467,
2022-08-22,-45.0,20.466737138799264,-1.0993447488679684,
2022-08-23,-46.0,21.08741662888503,-1.090697850987359,
2022-08-24,-45.0,20.398136869678957,-1.1030419171981036,
2022-08-25,-43.5,19.79693066470189,-1.0986551586393365,
2022-08-26,-4.0,19.600274902937468,-0.10203938515680015,
2022-08-29,-46.5,21.319451695584792,-1.0905533750108132,
2022-08-30,393.5,20.711365860185882,9.499614913288688,
2022-08-31,-46.0,21.052071870172604,-1.0925290461594566,
2022-09-01,-45.5,20.816656022303135,-1.0928748582685646,
2022-09-02,-45.5,20.839127020710055,-1.0916964025120106,
2022-09-05,-6.0,21.607314376373623,-0.13884187306870172,
2022-09-06,-45.0,20.402774063775507,-1.1027912150410983,
2022-09-07,-44.5,20.225790202077256,-1.10008062862804,
2022-09-08,-44.5,20.305198044786025,-1.0957785268050297,
2022-09-09,-44.5,20.267773184444167,-1.0978019044083849,
2022-09-12,-44.5,20.360253671269582,-1.092815460909362,
2022-09-13,-43.5,19.83407483760747,-1.0965976572176552,
2022-09-14,-49.0,22.397712349206937,-1.0938617131078345,
2022-09-15,-47.5,21.656357895692153,-1.0966756328276377,
2022-09-16,-47.5,21.697868045999858,-1.0945775847493213,
2022-09-19,-46.5,21.357395328428442,-1.0886158935800727,
2022-09-20,-46.0,20.983652804969267,-1.0960913342291496,
2022-09-21,-45.0,20.549552604614323,-1.0949143484003496,
2022-09-22,-4.0,21.425477418570445,-0.09334681141184319,
2022-09-23,-46.0,20.933032602958267,-1.0987418992864717,
2022-09-26,-4.0,21.227101702746968,-0.09421917452542204,
2022-09-27,-46.0,21.02204086683647,-1.0940897768058229,
2022-09-28,-46.5,21.313770090633863,-1.0908440834790178,
2022-09-29,199.5,21.652965084160016,4.606759379710588,
2022-09-30,-49.0,22.582664006720012,-1.084903003149205,
2022-10-03,-49.5,22.753545149097157,-1.0877425841916357,
2022-10-04,-4.0,22.885434781304504,-0.08739182886898149,
2022-10-05,-50.5,23.309243011211326,-1.0832612619747113,
2022-10-06,-51.0,23.4898327961248,-1.0855760541729707,
2022-10-07,347.0,22.856630453544458,7.590795167845694,
2022-10-10,-4.0,23.897228278291283,-0.08369171423184837,
2022-10-11,-51.0,23.525551258413333,-1.0839278416857736,
2022-10-12,-50.5,23.303636882812384,-1.0835218608569703,
2022-10-13,990.5,22.390430676897214,22.1188242042618,
2022-10-14,-52.5,24.316114199975985,-1.0795310379002054,
2022-10-17,141.0,25.15469532854913,2.802657677987718,
2022-10-18,-55.0,25.491413519367054,-1.0787946293800823,
2022-10-19,-55.0,25.546937553697976,-1.0764499636090163,
2022-10-20,-54.0,24.983763442719553,-1.0807018751159363,
2022-10-21,-53.5,24.7393874825253,-1.0812717177777704,
2022-10-24,-54.0,25.00264551948778,-1.0798857256507286,
2022-10-25,-53.5,24.866742268095795,-1.0757339948916604,
2022-10-26,-53.0,24.41911782037467,-1.0852152888950435,
2022-10-27,-4.0,24.172216547490763,-0.0827396195160933,
2022-10-28,-51.5,23.751433222669995,-1.0841451022594475,
2022-10-31,-52.5,24.193741563907853,-1.084991336733119,
2022-11-01,500.5,23.62945645220015,10.590594857999754,
2022-11-02,-51.0,23.566191705614425,-1.0820585828436957,
2022-11-03,-53.5,24.686017298070542,-1.083609384090109,
2022-11-04,-4.0,24.157551776779787,-0.08278984635861975,
2022-11-07,-52.0,24.10076236415266,-1.0788040480691288,
2022-11-08,-51.0,23.40383290957033,-1.0895651194626546,
2022-11-09,-50.5,23.352666273172446,-1.0812469850180324,
2022-11-10,500.5,23.141761539374414,10.81378353908857,
2022-11-11,-55.5,25.848153572276242,-1.0735776512007267,
2022-11-14,-55.5,25.649178317113655,-1.0819060032611116,
2022-11-15,-53.5,24.86977272303411,-1.0756029135410814,
2022-11-16,-53.5,24.814342528531675,-1.0780055916953146,
2022-11-17,257.0,24.10796091935084,5.330189493415694,
2022-11-18,121.5,23.624802996540065,2.5714500141608396,
2022-11-21,-50.5,23.19892421107292,-1.0884125388860961,
2022-11-22,-48.5,22.369536767424854,-1.0840635750362757,
2022-11-23,-4.0,22.014569855465933,-0.09084892474078597,
2022-11-25,-44.0,20.034437783539506,-1.0981091776917953,
2022-11-28,-43.0,19.37751365614383,-1.1095334717095253,
2022-11-29,-42.5,19.135816252133555,-1.1104830711170068,
2022-11-30,-41.5,18.698436519838303,-1.1097184504161655,
2022-12-01,-44.5,20.340066054135566,-1.0939000857116736,
2022-12-02,-44.0,19.968007764554454,-1.1017623920926438,
2022-12-05,-43.5,19.73502506708628,-1.1021014630619477,
2022-12-06,411.5,19.762433990865834,10.4111669693671,
2022-12-07,-44.0,19.97806370580399,-1.1012078209365506,
2022-12-08,-43.0,19.38543415538942,-1.109080138606166,
2022-12-09,-42.0,19.117724572861604,-1.0984570846789143,
2022-12-12,-41.5,18.65351210337149,-1.1123910545644422,
2022-12-13,-40.5,18.322904095987813,-1.1051741521931648,
2022-12-14,-43.0,19.530643089131537,-1.1008342071421282,
2022-12-15,358.0,19.959704297050713,8.968068731682033,
2022-12-16,-46.0,20.991600418689945,-1.0956763439304928,
2022-12-19,-45.5,20.649343245926378,-1.1017299547523398,
2022-12-20,-45.0,20.391800871217352,-1.1033846467066246,
2022-12-21,-44.0,19.900868666130396,-1.1054793822865707,
2022-12-22,171.5,19.62714590426394,4.368949026937791,
2022-12-23,-45.5,20.720296196816516,-1.0979572774396598,
2022-12-27,196.0,20.242060754186767,4.841404301176706,
2022-12-28,-43.5,19.78191355745914,-1.0994891842401544,
2022-12-29,215.5,19.64258044621206,5.4855318167109175,
2022-12-30,-43.5,19.85337827148263,-1.09553143563691,
2023-01-03,-43.0,19.380815537805297,-1.1093444420881517,
2023-01-04,-43.5,19.803167999390634,-1.0983091190596006,
2023-01-05,-43.0,19.486870285148445,-1.1033069797968442,
2023-01-06,-42.0,19.119504550494984,-1.0983548210958392,
2023-01-09,-44.0,19.89400422545963,-1.1058608287538811,
2023-01-10,-44.0,19.924789637926796,-1.104152184278174,
2023-01-11,-43.0,19.388197520932025,-1.1089220633732464,
2023-01-12,-42.0,19.039933412294026,-1.1029450337489293,
2023-01-13,-42.0,19.09154531141588,-1.0999633428019548,
2023-01-16,-41.5,18.85688136060046,-1.10039404730811,
2023-01-17,-39.5,17.781836263414714,-1.1106839421660117,
2023-01-18,-38.5,17.23759795888509,-1.1167449226925275,
2023-01-19,-39.0,17.554555247536157,-1.1108227878764911,
2023-01-20,-38.5,17.216729872712147,-1.1180985089689133,
2023-01-23,414.0,17.734731310375565,11.67201218768374,
2023-01-24,-40.5,18.135375502491595,-1.1166021898591447,
2023-01-25,-39.0,17.446687966599338,-1.1176906492127106,
2023-01-26,-39.5,17.814335254699387,-1.1086577027784401,
2023-01-27,277.5,17.800811307935145,7.794588549913385,
2023-01-30,-40.0,17.958342643082634,-1.1136885177822238,
2023-01-31,-40.0,18.085871740005306,-1.1058355542664118,
2023-02-01,-39.5,17.795809472862068,-1.109811836888791,
2023-02-02,-42.0,18.99432308194335,-1.1055934928243543,
2023-02-03,-45.0,20.389817861804538,-1.103491956254714,
2023-02-06,-45.5,20.645009443104218,-1.1019612300346457,
2023-02-07,-44.0,20.07438376859677,-1.0959240519460205,
2023-02-08,-45.0,20.565052785125577,-1.0940890954714175,
2023-02-09,528.0,20.486299014759464,12.88666146138938,
2023-02-10,-46.0,20.96227765656236,-1.0972090140595823,
2023-02-13,-45.0,20.450686395379336,-1.1002075707876333,
2023-02-14,-44.5,20.173851652852242,-1.1029128389993998,
2023-02-15,-44.5,20.248933677648512,-1.0988232938191869,
2023-02-16,-44.0,19.928920557816472,-1.103923312663877,
2023-02-17,-44.0,19.888908375115296,-1.1061441676470323,
2023-02-20,33.0,19.624075634035634,0.8408039342950098,
2023-02-21,-41.0,18.381730945890233,-1.1152377357902394,
2023-02-22,-41.0,18.55000016404093,-1.105121284027756,
2023-02-23,-40.0,18.06339300946658,-1.107211695472633,
2023-02-24,-40.0,18.01198993736182,-1.1103714841920103,
2023-02-27,-40.5,18.24282994183598,-1.1100251476642344,
2023-02-28,-40.0,17.965663517419124,-1.1132346979897751,
2023-03-01,-39.0,17.38552683760347,-1.1216226107007063,
2023-03-02,-38.0,16.972721349203226,-1.1194433473034036,
2023-03-03,-38.0,17.099669824260136,-1.1111325654395836,
2023-03-06,-38.5,17.247014836812987,-1.116135179457939,
2023-03-07,-38.0,16.94588877704063,-1.1212159037502012,
2023-03-08,-38.0,16.916718150109155,-1.12314929121624,
2023-03-09,-37.0,16.491863282244218,-1.1217653022819938,
2023-03-10,-4.0,17.328158762083916,-0.11541907178137352,
2023-03-13,-39.0,17.61454027907792,-1.1070399619319942,
2023-03-14,-41.0,18.453680259143784,-1.1108895197120512,
2023-03-15,-41.5,18.754756669204944,-1.1063859886847383,
2023-03-16,-41.5,18.782541907118876,-1.1047492987163483,
2023-03-17,-43.5,19.700306770896102,-1.1040437213968655,
2023-03-20,-43.0,19.588231287260665,-1.0975978221159082,
2023-03-21,-42.5,19.14532190959919,-1.1099317159742064,
2023-03-22,-42.0,18.877352487484963,-1.1124441318729563,
2023-03-23,-43.0,19.596827309807466,-1.0971163678745115,
2023-03-24,-44.0,19.975625359106935,-1.101342241081336,
2023-03-27,-43.0,19.448794976313582,-1.105466946727782,
2023-03-28,7.5,19.129684620862612,0.19603041421343106,
2023-03-29,-41.5,18.649885719372428,-1.112607353858801,
2023-03-30,-41.5,18.718643882274396,-1.1085204745867938,
2023-03-31,353.0,18.14633003354051,9.726484621064905,
2023-04-03,-40.0,18.089002888287617,-1.1056441376848765,
2023-04-04,-39.0,17.587109824838503,-1.1087666020291689,
2023-04-05,161.5,17.17999483735004,4.700234241307574,
2023-04-06,-38.0,17.118030920396468,-1.1099407454254058,
2023-04-10,-38.5,17.168975140368147,-1.1212084496959223,
2023-04-11,-38.0,17.034137630341853,-1.1154072141671838,
2023-04-12,348.5,16.41205637103172,10.617194826820231,
2023-04-13,301.0,16.54021305881517,9.099036358530489,
2023-04-14,-4.0,16.8025192688998,-0.11902976976207667,
2023-04-17,-37.5,16.657696463978386,-1.1256058147383186,
2023-04-18,-36.5,16.16027171655136,-1.1293126947431422,
2023-04-19,-35.5,15.861770165369121,-1.1190428189883521,
2023-04-20,-4.0,15.512268724985613,-0.12893020585561413,
2023-04-21,-34.5,15.359160244629498,-1.1231082770968326,
2023-04-24,-34.0,15.009398798584535,-1.1326236465649238,
2023-04-25,-33.5,14.830602455828496,-1.129421414260698,
2023-04-26,-34.5,15.127970137555032,-1.1402719494518998,
2023-04-27,-34.5,15.138918699158243,-1.1394472975774115,
2023-04-28,-36.0,16.043728077789797,-1.121933749607635,
2023-05-01,-35.5,15.712033215090527,-1.1297073877715662,
2023-05-02,-34.5,15.150905842584061,-1.138545785923644,
2023-05-03,-34.5,15.156198282399485,-1.1381482135946976,
2023-05-04,-34.5,15.260219833656665,-1.1303900066993033,
2023-05-05,335.5,14.863954131252617,11.28569144648345,
2023-05-08,-35.0,15.46831455044886,-1.131344978984293,
2023-05-09,-34.0,14.971470653988227,-1.1354929914965566,
2023-05-10,-33.0,14.459222750131925,-1.141140176421271,
2023-05-11,-33.0,14.41481398226536,-1.1446557701195492,
2023-05-12,-32.0,13.967773697817835,-1.145493930969089,
2023-05-15,-32.0,13.916950576545133,-1.1496771445725706,
2023-05-16,-31.0,13.611275535363339,-1.1387617537922572,
2023-05-17,-30.5,13.281898711408815,-1.148179212276377,
2023-05-18,425.0,13.369798803451044,15.894031250877838,
2023-05-19,-31.5,13.788920317490254,-1.1422214094617877,
2023-05-22,-31.0,13.418729580526666,-1.1551018974623115,
2023-05-23,-30.0,12.994623896203333,-1.154323520235363,
2023-05-24,-30.0,13.11107933218881,-1.1440705696268445,
2023-05-25,-30.0,13.026359379889609,-1.1515112981726376,
2023-05-26,530.5,14.123583709897494,18.780644165695616,
2023-05-29,-34.5,15.205381302047673,-1.1344667823408665,
2023-05-30,-33.0,14.543836209044269,-1.13450122531903,
2023-05-31,-33.5,14.698294336969678,-1.1395880104176304,
2023-06-01,-33.0,14.510916170043274,-1.137074999720765,
2023-06-02,-34.0,14.954332872183041,-1.1367942752981084,
2023-06-05,-33.5,14.740630524169967,-1.1363150288948158,
2023-06-06,-33.0,14.497996201014969,-1.1380883103587016,
2023-06-07,-32.0,14.101264329513901,-1.1346500303885554,
2023-06-08,-34.0,15.073495448834336,-1.1278074191686338,
2023-06-09,-4.0,15.044138631060456,-0.1329421410588943,
2023-06-12,-34.0,14.994110871698995,-1.13377846445614,
2023-06-13,-4.0,15.305245809434782,-0.13067415086970494,
2023-06-14,-34.0,15.106656823046583,-1.1253317129747034,
2023-06-15,448.0,15.31332419282897,14.627784090465235,
2023-06-16,-36.0,15.968622464769759,-1.1272105680819933,
2023-06-19,8.5,15.99050657442906,0.26578269926709597,
2023-06-20,-34.0,15.085381104826984,-1.1269188283589588,
2023-06-21,219.0,14.9949074544822,7.302479213852622,
2023-06-22,407.0,15.269824779162045,13.326937469361543,
2023-06-23,-35.0,15.539837294936184,-1.126137916881701,
2023-06-26,-35.5,15.652616773869314,-1.133995692632818,
2023-06-27,-36.5,16.13635843287865,-1.130986280201529,
2023-06-28,-37.0,16.49447568767303,-1.1215876363882107,
2023-06-29,-36.5,16.352905995696386,-1.1160095951632618,
2023-06-30,120.0,15.807609138860931,3.7956404079158235,
2023-07-03,-36.5,16.143672771799437,-1.1304738554834932,
2023-07-04,-35.0,15.429839002385192,-1.1341660789393069,
2023-07-05,-4.0,14.477707645071964,-0.138143416694892,
2023-07-06,-32.5,14.190907098995396,-1.1450994560559395,
2023-07-07,-33.0,14.507181591924297,-1.1373677164960176,
2023-07-10,-33.0,14.475418621072562,-1.1398634078865366,
2023-07-11,-32.5,14.25306729099595,-1.1401054712107874,
2023-07-12,-32.5,14.14168748449624,-1.1490849318948066,
2023-07-13,-33.0,14.466834807032221,-1.1405397393477854,
2023-07-14,-4.0,14.984382320815634,-0.13347230183934172,
2023-07-17,-34.0,14.954694297900232,-1.136766801203482,
2023-07-18,-33.5,14.849448276621645,-1.1279880361865366,
2023-07-19,-35.0,15.37850554257724,-1.1379519259234356,
2023-07-20,-34.0,15.091648003821724,-1.1264508684336538,
2023-07-21,-36.5,16.21010171783446,-1.1258411771667807,
2023-07-24,-36.0,16.107594452274856,-1.1174852988341708,
2023-07-25,-35.5,15.680266277112365,-1.1319960826117292,
2023-07-26,-35.0,15.484354400175768,-1.1301730474343414,
2023-07-27,-34.5,15.286364800163213,-1.1284566491449832,
2023-07-28,168.0,16.29849945729441,5.153848685279166,
2023-07-31,-38.0,16.902178067487668,-1.1241154793267512,
2023-08-01,-36.5,16.256040348381408,-1.1226596150653088,
2023-08-02,310.5,15.816769609211306,9.815531479296894,
2023-08-03,-37.5,16.844589637124784,-1.1131170544324671,
2023-08-04,-37.0,16.564172520187302,-1.1168683480840012,
2023-08-07,-37.5,16.84753519731678,-1.1129224411999576,
2023-08-08,-4.0,16.485211254651297,-0.12132085959381932,
2023-08-09,344.0,16.746089022176204,10.271054917493093,
2023-08-10,-37.5,16.73922552059219,-1.1201235073232154,
2023-08-11,-38.5,17.184191554835603,-1.120215631824884,
2023-08-14,-37.5,16.831302872347347,-1.1139957579163369,
2023-08-15,-38.0,16.906745524322538,-1.123811792912246,
2023-08-16,-37.5,16.758495844013787,-1.1188354954121726,
2023-08-17,391.0,16.663692569441373,11.732093543211224,
2023-08-18,-37.5,16.828785957338418,-1.1141623672397956,
2023-08-21,-4.0,16.663336960385674,-0.12002397867573998,
2023-08-22,233.0,16.884705748929555,6.899735283061465,
2023-08-23,-37.0,16.537137481148875,-1.1186942130153206,
2023-08-24,790.5,16.8679669467811,23.43198805445995,
2023-08-25,-40.5,18.261326450582448,-1.1089008268265268,
2023-08-28,-41.0,18.548017418397986,-1.1052394192635284,
2023-08-29,-40.0,18.021373317083846,-1.1097933352859664,
2023-08-30,-41.5,18.704221651577857,-1.1093752194841833,
2023-08-31,-4.0,18.159723676465156,-0.11013383439264457,
2023-09-01,-39.0,17.4947434138605,-1.1146205199300494,
2023-09-04,-38.5,17.309851027156178,-1.1120835164785683,
2023-09-06,-36.0,16.027562875456095,-1.1230653181566619,
2023-09-07,-36.0,16.0787190986378,-1.1194921616315177,
2023-09-08,-36.5,16.218632020163675,-1.1252490331682008,
2023-09-11,-35.5,15.783372590151982,-1.1246012155269713,
2023-09-12,-35.5,15.730095976569698,-1.1284101525152161,
2023-09-13,-35.5,15.625714121100433,-1.1359480829123196,
2023-09-14,-35.0,15.396198826736118,-1.136644193605148,
2023-09-15,388.0,15.279506053397824,12.696745517952047,
2023-09-18,-36.0,15.879630621012266,-1.1335276260256342,
2023-09-19,-35.0,15.37751414808282,-1.1380252901397458,
2023-09-20,-34.5,15.161709566076905,-1.1377344965501435,
2023-09-21,-35.0,15.620248168499984,-1.1203407148991877,
2023-09-22,-36.0,16.074159013607126,-1.1198097508406262,
2023-09-25,-35.5,15.863504798349474,-1.1189204545673164,
2023-09-26,177.5,15.570129455610228,5.700016833708573,
2023-09-27,-36.0,15.907084494495212,-1.1315712823571824,
2023-09-28,-36.0,16.032471316316983,-1.1227214847208598,
2023-09-29,-37.0,16.43818765086577,-1.1254282037001588,
2023-10-02,-4.0,16.601977818661073,-0.12046757451705217,
2023-10-03,-37.0,16.478175831613854,-1.1226970866828123,
2023-10-04,-38.0,17.103841843641437,-1.1108615347179138,
2023-10-05,-4.0,17.14910314052419,-0.11662417466449891,
2023-10-09,-40.5,18.286184595656067,-1.107393392758949,
2023-10-10,123.5,18.390296410252063,3.357749033646687,
2023-10-11,-40.5,18.166882380948344,-1.114665663341126,
2023-10-12,-39.0,17.58844435373775,-1.1086824740049295,
2023-10-13,375.0,17.68480547132791,10.602321880440853,
2023-10-16,-40.0,18.052855080518775,-1.1078580042213062,
2023-10-17,-40.0,17.91649043191029,-1.1162900499965585,
2023-10-18,-40.0,18.02424111534527,-1.1096167584538488,
2023-10-19,-40.5,18.139027464249178,-1.116377382409912,
2023-10-20,-41.0,18.375525502517096,-1.1156143532979175,
2023-10-23,-40.5,18.317898680908733,-1.1054761440025291,
2023-10-24,-41.5,18.82822734655811,-1.1020686981344106,
2023-10-25,388.0,18.404782536089673,10.5407385074824,
2023-10-26,-42.5,19.206226640654695,-1.1064120192677076,
2023-10-27,-43.5,19.634353309179364,-1.1077522981025067,
2023-10-30,-42.5,19.37431021566655,-1.0968132420434107,
2023-10-31,-42.0,19.118109485976085,-1.0984349689703554,
2023-11-01,403.0,18.783780236977794,10.727340155062432,
2023-11-02,-42.0,18.901903077193666,-1.1109992424698136,
2023-11-03,-4.0,18.975427857394116,-0.1053994679345617,
2023-11-06,-41.5,18.846825867580254,-1.100981149069432,
2023-11-07,-40.5,18.140802591324523,-1.1162681418342626,
2023-11-08,-39.5,17.853513120515625,-1.1062248570733737,
2023-11-09,-38.5,17.27870861190737,-1.1140878888792733,
2023-11-10,-38.5,17.207015139628272,-1.1187297647961425,
2023-11-13,-39.5,17.830174772511967,-1.107672821606199,
2023-11-14,84.0,17.26373371733254,2.432845680296413,
2023-11-15,-40.0,18.018109880380216,-1.1099943408480293,
2023-11-16,-39.0,17.50654846035306,-1.113868907064205,
2023-11-17,-37.5,16.845366427470697,-1.1130657252681253,
2023-11-20,-36.5,16.258197396937078,-1.122510666738378,
2023-11-21,7.0,16.28618329715586,0.21490609163236074,
2023-11-22,-36.0,16.04297377593044,-1.1219865002214064,
2023-11-23,-36.0,15.888118506221124,-1.1329220632985555,
2023-11-24,18.0,14.896556470062473,0.6041664741839666,
2023-11-27,-4.0,14.265106007915156,-0.140202252888291,
2023-11-28,-32.0,13.883669864492644,-1.1524330494864221,
2023-11-29,-31.0,13.49733630274317,-1.1483747350097377,
2023-11-30,-4.0,13.577883709690088,-0.14729835980055317,
2023-12-01,-31.5,13.655356301855083,-1.153393558677071,
2023-12-04,-31.5,13.676402280294006,-1.151618655053295,
2023-12-05,203.0,14.326748545987291,7.084650063773796,
2023-12-06,298.0,14.2556415069882,10.452002452990932,
2023-12-07,-33.0,14.500327827917614,-1.1379053077843109,
2023-12-08,-33.5,14.809232983066357,-1.1310511502623273,
2023-12-11,-33.5,14.670180627133046,-1.141771899455706,
2023-12-12,-33.0,14.575882010909258,-1.1320069679248668,
2023-12-13,-33.0,14.516444010130026,-1.1366420032678655,
2023-12-14,-33.5,14.714376580835024,-1.1383424848468475,
2023-12-15,-34.0,14.998617539346808,-1.1334377955436785,
2023-12-18,-33.5,14.633091286536324,-1.144665858499182,
2023-12-19,-33.0,14.414209766069444,-1.1447037519074015,
2023-12-20,-4.0,13.862748354207342,-0.14427153612674504,
2023-12-21,-33.0,14.550677043192533,-1.133967852562534,
2023-12-22,-33.0,14.59214654010735,-1.130745223442542,
2023-12-26,102.0,14.329314644385397,3.559137423225133,
2023-12-27,-32.0,14.007577884072154,-1.1422388747303276,
2023-12-28,-31.0,13.394090178067,-1.157226791363661,
2023-12-29,-29.5,12.872637308205071,-1.1458413413542141,
2024-01-02,217.5,12.859859643333282,8.45654641778127,
2024-01-03,-32.0,14.06540538309519,-1.137542755733862,
2024-01-04,-32.5,14.126804998588392,-1.150295484479595,
2024-01-05,-32.0,13.90926535583208,-1.1503123702569444,
2024-01-08,507.5,13.84521068755836,18.32763731273702,
2024-01-09,-33.5,14.717874209875621,-1.1380719634606493,
2024-01-10,-33.5,14.780883194884504,-1.1332205105170565,
2024-01-11,-33.5,14.697427252392755,-1.1396552411765184,
2024-01-12,-34.5,15.203861020078987,-1.1345802212489826,
2024-01-16,-32.0,13.980178634659943,-1.1444775076287277,
2024-01-17,-32.0,13.939183732184233,-1.1478433965295645,
2024-01-18,-33.0,14.436831322742503,-1.1429100770892409,
2024-01-19,-33.5,14.782414799689468,-1.1331030976313738,
2024-01-22,-35.0,15.542599456854505,-1.1259377846401526,
2024-01-23,-34.5,15.24134235279347,-1.1317900747002365,
2024-01-24,-33.5,14.846425041879652,-1.1282177327370484,
2024-01-25,-34.5,15.200251824602535,-1.1348496195358964,
2024-01-26,-34.5,15.23951955141664,-1.1319254482925263,
2024-01-29,-33.5,14.871518154886882,-1.1263140605786663,
2024-01-30,-33.5,14.861945429537819,-1.1270395305522862,
2024-01-31,-33.5,14.65618147028512,-1.1428624866552057,
2024-02-01,-35.0,15.501722079550467,-1.1289068343629782,
2024-02-02,348.5,15.543563359582576,11.210428134715661,
2024-02-05,-36.5,16.22929097675525,-1.1245100002297668,
2024-02-06,132.0,16.094609478415588,4.100751875248189,
2024-02-07,-36.0,16.05392308710019,-1.1212212679942102,
2024-02-08,-36.0,16.052303580878746,-1.1213343872614843,
2024-02-09,-35.0,15.37981761081598,-1.1378548460609172,
2024-02-12,-35.0,15.382152067186269,-1.137682160699191,
2024-02-13,-34.5,15.275837633815822,-1.1292343119577295,
2024-02-14,-37.0,16.442742088543266,-1.1251164739055393,
2024-02-15,-4.0,16.374510510790177,-0.12214105567809654,
2024-02-16,319.5,16.021866902876592,9.970748163643664,
2024-02-19,-36.0,16.018519266956837,-1.123699369462356,
2024-02-20,-34.5,15.198446462174205,-1.1349844237653952,
2024-02-21,-36.0,15.914182429161762,-1.1310665866828387,
2024-02-22,281.0,16.061830112793068,8.747446524670519,
2024-02-23,-39.5,17.860985104736418,-1.1057620777457928,
2024-02-26,-39.5,17.649932597255248,-1.118984443208091,
2024-02-27,-38.0,16.890115983165586,-1.1249182669282638,
2024-02-28,-36.5,16.346625555796617,-1.1164383705803083,
2024-02-29,-36.0,15.938384444668287,-1.1293490919665552,
2024-03-01,-36.0,15.931624841477696,-1.1298282616558561,
2024-03-04,-37.0,16.431598067086433,-1.1258795355429678,
2024-03-05,281.5,15.762823205151689,8.929238003126201,
2024-03-06,-4.0,16.919050119069425,-0.11820994594405772,
2024-03-07,-38.0,17.00965368199304,-1.117012747891158,
2024-03-08,-39.0,17.486196276136393,-1.1151653391087613,
2024-03-11,-41.0,18.508610827840936,-1.107592578972139,
2024-03-12,-4.0,17.9526386258523,-0.11140423654046845,
2024-03-13,-4.0,18.368521581148563,-0.1088819255901673,
2024-03-14,-40.0,18.09577003963795,-1.1052306675090875,
2024-03-15,-40.0,18.071518608235245,-1.1067138536373995,
2024-03-18,-40.5,18.23783870764701,-1.1103289334119015,
2024-03-19,-41.5,18.662814514243653,-1.1118365873573564,
2024-03-20,-41.0,18.594042048940537,-1.1025036915611397,
2024-03-21,-41.0,18.62125333115907,-1.100892600268598,
2024-03-22,-41.0,18.493842378933422,-1.1084770584695702,
2024-03-25,-39.5,17.847853637581036,-1.10657563654678,
2024-03-26,-39.0,17.415417663468105,-1.119697521863324,
2024-03-27,23.5,17.078155687506097,0.6880134023251687,
2024-03-28,-38.0,16.89355528125566,-1.1246892488688605,
2024-04-01,-36.5,16.16901561830883,-1.1287019835230283,
2024-04-02,-36.0,16.045335931286772,-1.121821324095922,
2024-04-03,-37.0,16.472901221909147,-1.1230565733857973,
2024-04-04,-37.0,16.43331899177278,-1.1257616315524508,
2024-04-05,-40.0,17.931385492360437,-1.1153627815609053,
2024-04-08,-41.0,18.435840100048978,-1.1119645152457978,
2024-04-09,-39.5,17.860958664331193,-1.1057637146566648,
2024-04-10,-40.0,17.893658045450394,-1.1177144410158861,
2024-04-11,-40.0,17.97893247077537,-1.1124130997493795,
2024-04-12,-41.0,18.565705151434273,-1.1041864466115523,
2024-04-15,-42.5,19.178869069188966,-1.1079902534054171,
2024-04-16,-45.0,20.474128421389754,-1.0989478788505485,
2024-04-17,497.5,19.92240496271906,12.48594235813837,
2024-04-18,-44.5,20.343572465381982,-1.0937115414641223,
2024-04-19,-44.0,20.093138717854696,-1.094901115695323,
2024-04-22,-46.0,20.970860952293645,-1.0967599304731654,
2024-04-23,328.0,21.077406598558387,7.780843398979501,
2024-04-24,-46.5,21.21518112723279,-1.0959133396299512,
2024-04-25,-46.0,20.922578903859023,-1.0992908716314036,
2024-04-26,-46.5,21.303108982154804,-1.0913899947409587,
2024-04-29,-47.0,21.572083340572316,-1.0893709072503766,
2024-04-30,-46.0,20.87630953053144,-1.1017272936273856,
2024-05-01,-46.5,21.214608849779196,-1.0959429025834708,
2024-05-02,-4.0,21.809993931937825,-0.09170108007555504,
2024-05-03,-47.5,21.855262222513694,-1.0866948087007844,
2024-05-06,221.5,22.447743492334144,4.9336807522689705,
2024-05-07,-48.0,21.898351100024563,-1.0959729292116922,
2024-05-08,158.5,20.86855816430852,3.7975790840950965,
2024-05-09,-44.5,20.255179009715057,-1.0984844907728617,
2024-05-10,-43.0,19.507487651878268,-1.1021409001343074,
2024-05-13,-42.0,18.968559962458393,-1.1070951111503524,
2024-05-14,-40.5,18.15607353656851,-1.1153292565826014,
2024-05-15,-39.5,17.75653256967076,-1.1122667064928096,
2024-05-16,-40.0,18.072583814694276,-1.1066486234103725,
2024-05-17,-39.0,17.408470685073254,-1.1201443454030748,
2024-05-20,152.0,16.872151350425167,4.504464097169497,
2024-05-21,-37.0,16.520122682537657,-1.119846405230098,
2024-05-22,-36.0,16.04056034807068,-1.1221553118725678,
2024-05-23,-35.5,15.722484608922775,-1.1289564239691845,
2024-05-24,-37.0,16.533378565428293,-1.1189485516701323,
2024-05-27,-37.0,16.580547953611987,-1.115765296283219,
2024-05-28,-35.5,15.83416952835399,-1.1209934293184978,
2024-05-29,-35.0,15.406282419185848,-1.1359002466556625,
2024-05-30,-34.5,15.280833674958288,-1.128865110826297,
2024-05-31,-35.0,15.606309841032697,-1.121341315035816,
2024-06-03,-37.0,16.582198423816077,-1.1156542412029935,
2024-06-04,-38.0,17.110702107829216,-1.1104161524328282,
2024-06-05,-38.0,16.88225910012713,-1.1254417958706084,
2024-06-06,-39.5,17.700044164403764,-1.1158164248945133,
2024-06-07,-38.0,16.96343386694635,-1.1200562426822052,
2024-06-10,-37.0,16.622295733593038,-1.1129629923869175,
2024-06-11,-36.5,16.249274609764967,-1.1231270587939168,
2024-06-12,-37.0,16.44396928049604,-1.125032507932412,
2024-06-13,-38.5,17.12698933188918,-1.1239570263617746,
2024-06-14,-37.5,16.821043665325668,-1.1146751874053225,
2024-06-17,-36.5,16.344094117802406,-1.1166112889745068,
2024-06-18,-38.5,17.14406953795938,-1.1228372561939157,
2024-06-19,14.0,16.468600285247994,0.425051302403056,
2024-06-20,-35.0,15.576200264873137,-1.1235089240259284,
2024-06-21,-4.0,16.097543103096484,-0.12424256218424319,
2024-06-24,-35.5,15.796825738589595,-1.1236434644359627,
2024-06-25,-36.0,16.03455247154748,-1.1225757645522136,
2024-06-26,-36.5,16.156191580722663,-1.1295978949504188,
2024-06-27,-35.0,15.6236064678139,-1.120099897296546,
2024-06-28,-35.0,15.379509577255767,-1.137877635960522,
2024-07-01,-36.5,16.247044607451784,-1.1232812145803768,
2024-07-02,-37.0,16.491452135490942,-1.1217932689011965,
2024-07-03,-37.5,16.82688412581302,-1.1142882936500913,
2024-07-04,13.5,16.799517402540662,0.40179725632946867,
2024-07-05,-35.5,15.866069730930613,-1.1187395682118237,
2024-07-08,-36.0,16.116261178721285,-1.11688435676172,
2024-07-09,-35.0,15.500813951669764,-1.1289729722944568,
2024-07-10,-34.5,15.22932724083621,-1.1326829955919209,
2024-07-11,856.0,15.412500295062195,27.769666946064632,
2024-07-12,-38.0,17.12410741684347,-1.109546882502698,
2024-07-15,-39.0,17.592474744211792,-1.1084284777169178,
2024-07-16,-40.0,17.89345869105381,-1.117726893683187,
2024-07-17,-39.5,17.79392592740711,-1.109929314113871,
2024-07-18,412.5,19.800163361163744,10.41658072400256,
2024-07-19,-45.0,20.47783026393776,-1.0987492185450602,
2024-07-22,-45.5,20.742806673656492,-1.0967657539272473,
2024-07-23,-46.0,21.045106196966742,-1.0928906599347556,
2024-07-24,751.5,20.510187897183403,18.320163710036052,
2024-07-25,-50.0,23.095174475956018,-1.082477208649238,
2024-07-26,-52.5,24.162929870530586,-1.0863748784047431,
2024-07-29,-52.0,24.080309879778405,-1.0797203246056923,
2024-07-30,638.0,23.774573459794233,13.417696033094716,
2024-07-31,-53.5,24.844693212666073,-1.0766886824089492,
2024-08-01,-57.0,26.469179411761353,-1.0767239723093294,
2024-08-02,-62.0,28.937898739492685,-1.0712595368126396,
2024-08-05,-64.5,30.307513115243207,-1.0640925858011034,
2024-08-06,-71.5,33.77706574986869,-1.0584104689478238,
2024-08-07,-72.5,34.13540033916379,-1.061947410600898,
2024-08-08,-74.0,34.94760388636637,-1.0587278063556826,
2024-08-09,-75.0,35.57322146591164,-1.0541637348176272,
2024-08-12,-73.0,34.47870564691795,-1.0586244267340335,
2024-08-13,-70.5,33.31103024356667,-1.0582080392667472,
2024-08-14,-4.0,33.43479594045476,-0.059817921531863764,
2024-08-15,442.5,32.535881944707995,6.800184497103715,
2024-08-16,-69.5,32.86903323437171,-1.0572261055631331,
2024-08-19,-67.0,31.583298717630875,-1.0606871783566787,
2024-08-20,-66.0,31.107259523514387,-1.0608456194945384,
2024-08-21,-63.5,29.86031241469193,-1.0632842536630094,
2024-08-22,-61.5,28.853772242213935,-1.0657185390481396,
2024-08-23,-63.0,29.381627796341512,-1.0720985310392592,
2024-08-26,-62.0,28.99052938231712,-1.069314726584764,
2024-08-27,-61.0,28.50549156929447,-1.069969269810943,
2024-08-28,-59.5,27.823402885773437,-1.0692437629622817,
2024-08-29,-59.5,27.861016965361046,-1.0678002183835387,
2024-08-30,-59.5,27.780765753549545,-1.0708848079970166,
2024-09-02,-58.5,27.201336056867436,-1.0753148278764544,
2024-09-03,814.5,25.70168705280548,15.845263354241427,
2024-09-04,-59.5,27.80870940617652,-1.0698087266643272,
2024-09-05,-58.5,27.303623020021053,-1.0712863995577333,
2024-09-06,-58.0,27.006042804305267,-1.0738337419570727,
2024-09-09,-60.0,27.99802188971203,-1.07150426977213,
2024-09-10,-59.0,27.4539667547326,-1.0745259606215083,
2024-09-11,-58.0,27.03984412939456,-1.0724913894187205,
2024-09-12,-62.0,29.107533834437806,-1.0650163691752947,
2024-09-13,-61.5,28.62753141769225,-1.0741408174997593,
2024-09-16,-59.0,27.541636316428516,-1.0711055676239296,
2024-09-17,-57.5,26.846698008112195,-1.0708951987805981,
2024-09-18,-57.0,26.406308864675612,-1.0792875348862245,
2024-09-20,-4.0,27.787391316990707,-0.07197509032728425,
2024-09-23,-58.0,27.002577651491368,-1.0739715435425592,
2024-09-24,-4.0,25.6523935335277,-0.0779654341956823,
2024-09-25,-54.5,25.222311852561436,-1.0803926364597956,
2024-09-26,213.5,24.146611005949904,4.420910245901423,
2024-09-27,267.5,24.187031648382053,5.529822838303804,
2024-09-30,-51.0,23.58438653064048,-1.0812237989260727,
2024-10-01,389.5,23.1359482070233,8.417636409683888,
2024-10-02,-52.0,23.906148335093064,-1.0875863244700636,
2024-10-03,-51.0,23.574012739729273,-1.0816995935963358,
2024-10-04,-4.0,23.147743972605756,-0.08640150860346926,
2024-10-07,-49.5,22.87379797456249,-1.0820240708396567,
2024-10-08,318.5,22.735937404950885,7.0043296286223224,
2024-10-09,-50.0,22.882477590311534,-1.092539035658666,
2024-10-10,-49.0,22.556497048146422,-1.086161559026883,
2024-10-11,-48.0,22.052907973278824,-1.0882918492690596,
2024-10-14,-47.0,21.43930740375891,-1.0961174984542548,
2024-10-15,-46.5,21.14141044634756,-1.0997374115129923,
2024-10-16,-47.5,21.80229184303702,-1.0893350190422766,
2024-10-17,-46.5,21.171770997105803,-1.0981603760582095,
2024-10-18,-46.0,20.890305211598246,-1.1009891797670077,
2024-10-21,-4.0,20.28608698219837,-0.0985897379694299,
2024-10-22,225.0,19.95940219775563,5.636441356577817,
2024-10-23,-43.5,19.780605612201654,-1.099561885333962,
2024-10-24,-45.5,20.836008782758682,-1.091859781649982,
2024-10-25,-4.0,20.366918869704488,-0.0981984566637113,
2024-10-28,-45.5,20.665263950439883,-1.1008811721234144,
2024-10-29,-44.0,19.943191525408462,-1.1031333661902147,
2024-10-30,-44.5,20.202159987879288,-1.1013673791985292,
2024-10-31,-43.5,19.748880703030768,-1.1013282386511216,
2024-11-01,50.0,21.152085652814286,1.1819165452686105,
2024-11-04,-46.0,21.123811677613265,-1.0888186446187216,
2024-11-05,257.5,20.76005727206946,6.20181333378208,
2024-11-06,-45.5,20.817374609778785,-1.0928371337139402,
2024-11-07,360.0,22.48979428050887,8.003630346943627,
2024-11-08,-49.5,22.80793397475824,-1.0851487042794434,
2024-11-11,96.0,21.734599405132652,2.2084603035593444,
2024-11-12,-46.5,21.22409230476603,-1.0954532078989798,
2024-11-13,-45.5,20.763442854425602,-1.095675710406137,
2024-11-14,-45.0,20.416054079109486,-1.1020738832692891,
2024-11-15,479.0,20.04794307345881,11.946362732697036,
2024-11-18,-47.5,21.847643568211755,-1.0870737581308845,
2024-11-19,476.0,21.53263331333949,11.052990896963761,
2024-11-20,-4.0,21.518695219529523,-0.09294243817277911,
2024-11-21,-4.0,21.52584198956313,-0.09291158046081106,
2024-11-22,-48.0,22.08560327602291,-1.0866807530702791,
2024-11-25,-46.5,21.3531494705927,-1.0888323538417422,
2024-11-26,-47.0,21.439085222693222,-1.0961288579199873,
2024-11-27,136.0,20.693882706786564,3.285995236539124,
2024-11-28,-3.5,20.901908942016096,-0.08372441028494901,
2024-11-29,-44.0,19.908469017586377,-1.1050573492399665,
2024-12-02,202.5,19.622149802044493,5.159985068988233,
2024-12-04,-42.0,19.087784778293468,-1.1001800493832627,
2024-12-05,-42.5,19.168121579843934,-1.1086114991228586,
2024-12-06,271.5,18.378880752712224,7.386195156631993,
2024-12-09,-40.0,18.10404998466135,-1.1047251867369452,
2024-12-10,-40.0,18.00286784289983,-1.1109341119719336,
2024-12-11,366.5,18.07766299697841,10.136819124829868,
2024-12-12,-42.0,18.993544211479954,-1.1056388300245363,
2024-12-13,-41.0,18.531505339231387,-1.1062242178783657,
2024-12-16,-41.5,18.626129957857717,-1.1140263730011342,
2024-12-17,-42.5,19.197477818010736,-1.1069162418858807,
2024-12-18,-41.5,18.706140116724256,-1.1092614441313005,
2024-12-19,-48.5,22.307933679815378,-1.0870572034173582,
2024-12-20,-49.0,22.507813416971427,-1.0885108893574893,
2024-12-23,-53.0,24.39163031575918,-1.0864382436494466,
2024-12-24,353.0,24.256513864633526,7.2763959810952255,
2024-12-26,-52.0,24.100245017159704,-1.0788272061751922,
2024-12-27,140.5,23.482370373076865,2.9916059956427317,
2024-12-30,-53.0,24.52916534642852,-1.080346584391973,
2024-12-31,-54.5,25.187796393112198,-1.0818731251715108,
2025-01-02,-54.0,25.030632365032755,-1.0786783013008656,
2025-01-03,-55.5,25.708355053244702,-1.0794156196507647,
2025-01-06,-56.0,25.96266897801294,-1.078471555590545,
2025-01-07,-56.5,26.189442622440588,-1.0786789320897503,
2025-01-08,-58.5,27.13930386369483,-1.077772670474747,
2025-01-10,-57.0,26.623103587716628,-1.0704987833630837,
2025-01-13,-58.5,27.32234618859401,-1.0705522797383595,
2025-01-14,-58.0,27.050214317980153,-1.0720802304595358,
2025-01-15,-58.0,27.026538295267283,-1.0730194034904683,
2025-01-16,-60.0,27.934017702748193,-1.0739593680807524,
2025-01-17,-58.5,27.302123581123325,-1.0713452348528463,
2025-01-20,-59.0,27.623400468185945,-1.0679351383250353,
2025-01-21,-4.0,26.603871863315522,-0.07517702724909865,
2025-01-22,-56.0,26.02279173022156,-1.0759798675820862,
2025-01-23,-56.5,26.194378035205734,-1.078475692838802,
2025-01-24,-54.5,25.27558317554818,-1.0781155794008301,
2025-01-27,-53.5,24.725095091580453,-1.0818967490688876,
2025-01-28,-58.5,27.317052585038994,-1.0707597354781841,
2025-01-29,-59.5,27.864941686107638,-1.0676498208798397,
2025-01-30,-58.5,27.156285137099946,-1.0770987214315149,
2025-01-31,-58.0,26.980389770164237,-1.0748547462449602,
2025-02-03,-58.5,27.358129786581078,-1.0691520300611654,
2025-02-04,428.5,27.90844194468243,7.676888606847592,
2025-02-05,-59.0,27.46185680577654,-1.0742172391560478,
2025-02-06,-58.0,26.936009891078218,-1.0766256812819712,
2025-02-07,-56.0,25.926741327429774,-1.079966033771347,
2025-02-10,-56.5,26.299384804041935,-1.0741696131104281,
2025-02-11,-56.0,26.05880374661037,-1.0744929150342188,
2025-02-12,417.5,25.11219276470963,8.312695030493638,
2025-02-13,-54.0,24.940339710087514,-1.0825834897942237,
2025-02-14,-54.0,24.883886873652692,-1.085039493110213,
2025-02-17,-51.5,23.829680668391788,-1.0805851894673253,
2025-02-18,19.0,22.444971334935232,0.4232573906304529,
2025-02-19,-47.5,21.72702695386843,-1.0931085992771499,
2025-02-20,-46.5,21.148757171449258,-1.0993553810995291,
2025-02-21,-46.5,21.22384594491717,-1.0954659235814925,
2025-02-24,-49.0,22.523035520280228,-1.0877752236344729,
2025-02-25,-50.0,23.019604411688785,-1.08603082628586,
2025-02-26,-51.5,23.684275525139586,-1.0872192384634167,
2025-02-27,-51.5,23.83941655905819,-1.0801438842351136,
2025-02-28,-56.5,26.332583233411178,-1.0728153690654996,
2025-03-03,-4.0,27.043202288167524,-0.07395573862475154,
2025-03-04,-63.0,29.420027124726985,-1.0706992167768885,
2025-03-05,-65.5,30.83957875867506,-1.0619470601811494,
2025-03-06,-66.5,31.368894561626842,-1.0599672211807645,
2025-03-07,-69.5,32.637187807224926,-1.0647363432552654,
2025-03-10,-70.0,33.09569224956601,-1.0575394445921875,
2025-03-11,-75.5,35.83037494602558,-1.0535753549011453,
2025-03-12,-75.5,35.87329459273804,-1.0523148327625829,
2025-03-13,-4.0,35.37207712182818,-0.05654177426764107,
2025-03-14,-74.5,35.197285898840455,-1.058320238300737,
2025-03-17,-74.5,35.31355119178042,-1.0548358560061868,
2025-03-18,271.0,34.56169039236753,3.920525832553702,
2025-03-19,-73.0,34.38049822148414,-1.0616483730067472,
2025-03-20,-4.0,34.26448049137813,-0.058369482663052606,
2025-03-21,535.0,33.6866604562797,7.940828695298409,
2025-03-24,-70.5,33.24386328083115,-1.0603460765742474,
2025-03-25,-70.5,33.314837332200355,-1.0580871114123442,
2025-03-26,-67.5,31.650384665614617,-1.066337750917335,
2025-03-27,-67.5,31.761517903785002,-1.0626066456344654,
2025-03-28,752.0,30.897748767800362,12.169171379626302,
2025-03-31,-67.5,31.760409570100336,-1.0626437271064884,
2025-04-01,-68.5,32.24002317223603,-1.0623441496002053,
2025-04-02,653.0,31.9876108027906,10.207076796480097,
2025-04-03,-69.5,32.77644217401984,-1.0602126922593353,
2025-04-04,-76.5,36.23035701873271,-1.0557444957062676,
2025-04-07,-4.0,39.84202794596609,-0.050198248008670836,
2025-04-08,-96.0,46.03902594982565,-1.0425937345484126,
2025-04-09,-104.5,50.163470524838104,-1.0415945996824276,
2025-04-10,-120.5,58.28304405877824,-1.033748339212312,
2025-04-11,-126.5,61.35479091172265,-1.0308893414860492,
2025-04-14,-124.5,60.205341560885316,-1.033961412494387,
2025-04-15,-121.5,58.67594216367923,-1.0353476699280786,
2025-04-16,-116.0,55.88033915198786,-1.0379321400009207,
2025-04-17,-117.0,56.406297069703015,-1.0371182481223635,
2025-04-21,-111.5,53.7942401361528,-1.0363563061565175,
2025-04-22,-111.0,53.55849084071332,-1.0362502589003275,
2025-04-23,-110.0,52.902973637805225,-1.0396391018877662,
2025-04-24,866.0,53.33222552081914,8.118918641993876,
2025-04-25,-109.0,52.469209412189194,-1.038704425139271,
2025-04-28,-105.0,50.43837302560426,-1.0408741767572318,
2025-04-29,341.5,48.79500709520396,3.4993334393178714,
2025-04-30,-97.5,46.83509587411796,-1.0408860938606566,
2025-05-01,-97.5,46.76830331168097,-1.042372644462047,
2025-05-02,-96.0,46.01654950370375,-1.04310298181172,
2025-05-05,-93.5,44.86715311058206,-1.0419649288818786,
2025-05-06,-89.5,42.767267174111915,-1.046360989534732,
2025-05-07,-87.0,41.46156951881821,-1.0491643347041315,
2025-05-08,-85.0,40.507618124616904,-1.0491853623497134,
2025-05-09,-83.5,39.69278825857284,-1.051828350480842,
2025-05-12,-80.0,38.04553552581764,-1.0513717167381194,
2025-05-13,462.5,39.71014013111638,5.823449608499248,
2025-05-14,-82.0,38.99914797889378,-1.0513050188221824,
2025-05-15,-78.0,37.01036955182994,-1.0537587295739848,
2025-05-16,-76.0,35.87748601241351,-1.0591600533786594,
2025-05-19,547.0,34.342040582955406,7.963999673791753,
2025-05-20,-71.5,33.72251982703002,-1.060122439941302,
2025-05-21,-4.0,32.52046483938502,-0.06149973593175186,
2025-05-22,-69.5,32.7998066365718,-1.0594574652538875,
2025-05-23,-67.5,31.65562401967382,-1.0661612602874149,
2025-05-26,-66.5,31.32843658969712,-1.061336077362214,
2025-05-27,-65.5,30.85453040471875,-1.0614324564470234,
2025-05-28,-64.5,30.235010375810273,-1.0666442511229244,
2025-05-29,393.0,29.245902491823827,6.718889938682344,
2025-05-30,-62.5,29.18592731383641,-1.0707215043732758,
2025-06-02,-62.0,29.040503934276668,-1.0674745889450812,
2025-06-03,277.5,28.62153936754262,4.8477476427192165,
2025-06-04,-60.0,27.91642941271815,-1.0746359986256917,
2025-06-05,-57.5,26.790255883238277,-1.07315137732551,
2025-06-06,-58.5,27.18827332014983,-1.0758314680587744,
2025-06-09,-57.5,26.782414511567698,-1.0734655752408908,
2025-06-10,-55.0,25.61938490359858,-1.0734059425500595,
2025-06-11,-54.5,25.126035981912967,-1.0845323957832416,
2025-06-12,-53.5,24.807211983204898,-1.0783154518980376,
2025-06-13,-52.0,23.885714698690265,-1.0885167275913945,
2025-06-16,205.5,23.980931505926673,4.284654246004008,
2025-06-17,-52.5,24.180507826931915,-1.085585141051633,
2025-06-18,-52.0,23.88100726786535,-1.0887312963128652,
2025-06-19,58.5,23.329685320160685,1.2537674468640685,
2025-06-20,-50.5,23.26372565443492,-1.0853807500599726,
2025-06-23,-52.0,23.892209536261,-1.0882208261458626,
2025-06-24,-52.0,24.086069569385213,-1.0794621316317836,
2025-06-25,-53.0,24.37724317157198,-1.0870794459196074,
2025-06-26,-51.0,23.49181508788827,-1.0854844508437789,
2025-06-27,-50.0,23.049989010181964,-1.0845992155986126,
2025-06-30,-49.0,22.61159693802611,-1.0835148029194765,
2025-07-01,-48.0,21.975500728167102,-1.0921252851926144,
2025-07-02,349.0,21.964750676155166,7.944547269067634,
2025-07-03,-47.0,21.482000627858366,-1.0939390798417836,
2025-07-04,-46.5,21.329714868725627,-1.0900286357831235,
2025-07-07,-45.5,20.722235235245225,-1.0978545384576017,
2025-07-08,-44.5,20.301450575584855,-1.0959807978824199,
2025-07-09,-43.0,19.503579105900226,-1.102361770793947,
2025-07-10,-4.0,19.290377026907354,-0.10367863713655168,
2025-07-11,-42.0,18.92365366784254,-1.109722275021649,
2025-07-14,-41.0,18.421071262996648,-1.1128560172925124,
2025-07-15,-40.5,18.306619744211172,-1.1061572416395087,
2025-07-16,-40.0,18.00882547676752,-1.1105665955728883,
2025-07-17,-40.5,18.13944508556984,-1.1163516802456728,
2025-07-18,38.0,17.990199008029137,1.0561306182060677,
2025-07-21,85.0,17.457863364598484,2.434433075366062,
2025-07-22,-38.5,17.272926695698594,-1.1144608171580876,
2025-07-23,-38.5,17.334235503148694,-1.1105191224904793,
2025-07-24,-38.0,17.049647252923787,-1.1143925571094588,
2025-07-25,73.5,16.50815459200066,2.2261725134199986,
2025-07-28,-36.0,16.10712569257204,-1.1175178205942031,
2025-07-29,-35.0,15.527152428816896,-1.1270579122751245,
2025-07-30,-35.5,15.656909398187118,-1.1336847872451274,
2025-07-31,-35.5,15.786773012602325,-1.1243589798770441,
2025-08-01,-38.0,17.051110654559302,-1.1142969150176492,
2025-08-04,330.5,18.936299179233636,8.726625959797904,
2025-08-05,-43.5,19.869867095002665,-1.094622319113055,
2025-08-06,-44.0,19.97068015964533,-1.101614958736123,
2025-08-07,-44.5,20.214292291099234,-1.100706355660897,
2025-08-08,268.5,20.60255712744929,6.516181422020447,
2025-08-11,-44.5,20.325588761202912,-1.0946792371628795,
2025-08-12,-44.0,20.036260992545564,-1.0980092547299638,
2025-08-13,-44.5,20.362242350220882,-1.0927087310577384,
2025-08-14,-4.0,19.885475039490817,-0.10057592267864733,
2025-08-15,-42.5,19.35704825095576,-1.097791343210129,
2025-08-18,-42.0,18.97886623303035,-1.1064939149764448,
2025-08-19,-40.5,18.187072216385324,-1.1134282505216049,
2025-08-20,-42.0,18.875495629500662,-1.112553567450644,
2025-08-21,-43.5,19.858942370250613,-1.0952244885197038,
2025-08-22,-43.5,19.66857148666129,-1.1058250984190836,
2025-08-25,-45.5,20.644923523328337,-1.1019658161626498,
2025-08-26,-44.0,20.0970718430906,-1.0946868365584128,
2025-08-27,-43.0,19.588352425726985,-1.097591034341525,
2025-08-28,-42.0,19.0998986810322,-1.0994822721680069,
2025-08-29,325.5,18.974459489529902,8.577319427191345,
2025-09-01,-43.0,19.597265954563483,-1.0970918111663144,
2025-09-02,-4.0,18.54567552923752,-0.1078418522337982,
2025-09-03,-43.5,19.77634156286341,-1.0997989658938123,
2025-09-04,-43.5,19.6949957369446,-1.1043414423898832,
2025-09-05,-43.5,19.7359781843057,-1.1020482388501966,
2025-09-08,-45.0,20.45305117114101,-1.1000803651118425,
2025-09-09,-44.0,20.047476087488082,-1.0973949989510408,
2025-09-10,-43.0,19.49408493838179,-1.102898651973593,
2025-09-11,-42.5,19.256114585640237,-1.1035455727837564,
2025-09-12,-41.5,18.800767115237363,-1.103678369760926,
2025-09-15,217.0,18.301605178434695,5.928441737331798,
2025-09-16,88.0,18.10997266568936,2.4296005749009857,
2025-09-17,-38.5,17.358813903854404,-1.1089467348760316,
2025-09-18,-39.5,17.77291648215052,-1.1112413665947893,
2025-09-19,-40.5,18.328868876282627,-1.1048144943741345,
2025-09-22,-40.0,18.03618181369101,-1.1088821462654743,
2025-09-23,317.5,17.88895454128451,8.87419103411736,
2025-09-24,198.5,17.839297074049902,5.5635600207799065,
2025-09-25,-4.0,18.02354371161777,-0.11096596940094655,
2025-09-26,-41.0,18.434362017930784,-1.1120536734637199,
2025-09-29,-40.5,18.280121873792872,-1.1077606670134528,
2025-09-30,-40.5,18.31368459709338,-1.1057305204007901,
2025-10-01,-40.0,18.031457125872425,-1.1091727008186716,
2025-10-02,-4.0,18.408228045452965,-0.10864706777108957,
2025-10-03,-40.0,18.03219389934918,-1.1091273813732583,
2025-10-06,-40.0,18.055340763681382,-1.1077054851399057,
2025-10-07,-40.5,18.137102137704144,-1.1164958903717854,
2025-10-08,409.0,18.341594842153846,11.149521170863768,
2025-10-09,20.5,18.633266639142857,0.550091414377544,
2025-10-10,-40.5,18.234461879204083,-1.110534554523629,
2025-10-13,-48.5,22.309232459260937,-1.0869939180688137,
2025-10-14,-4.0,23.730447997885154,-0.08427990909308745,
2025-10-15,-53.5,24.85595171232193,-1.076200996429323,
2025-10-16,-55.0,25.500615875727505,-1.078405326915088,
2025-10-17,-57.0,26.55057188460411,-1.0734232062446196,
2025-10-20,224.5,26.70722746427525,4.202982138454861,
2025-10-21,-57.5,26.757604073969873,-1.0744609240992677,
2025-10-22,-55.0,25.62447164011488,-1.0731928597875555,
2025-10-23,439.0,26.400402237249533,8.314267261060797,
2025-10-24,-56.0,26.06287350601742,-1.0743251312459976,
2025-10-27,220.5,25.90347182701618,4.256186226165023,
2025-10-28,-57.0,26.580455982229314,-1.0722163690139108,
2025-10-29,-56.5,26.13095912635579,-1.0810931150057532,
2025-10-30,-55.5,25.749729903044663,-1.077681206928653,
2025-10-31,330.0,26.11894562425576,6.317253474687363,
2025-11-03,128.0,26.007770936808917,2.4608029713696267,
2025-11-04,-55.0,25.613912298465426,-1.0736352838081504,
2025-11-05,-57.5,26.81782927714647,-1.0720479910169345,
2025-11-06,-58.0,27.00227004306458,-1.0739837781693664,
2025-11-07,-4.0,27.983804325702824,-0.07146991083564079,
2025-11-10,-62.0,28.926032588152623,-1.071698993131081,
2025-11-11,-64.0,30.054083831856005,-1.0647471464786895,
2025-11-12,102.5,29.163613558152008,1.7573268106096631,
2025-11-13,-4.0,28.644784018284007,-0.06982073939616361,
2025-11-14,-64.0,29.93488873126372,-1.0689867694941353,
2025-11-17,-4.0,31.371235964744884,-0.06375266828019169,
2025-11-18,-68.0,31.92820125297739,-1.0648893036788099,
2025-11-19,-4.0,32.390472592050436,-0.06174655199352844,
2025-11-20,-69.5,32.65365312118969,-1.0641994594304653,
2025-11-21,-77.5,36.81410646967614,-1.0525856449053967,
2025-11-24,-79.5,37.768456007556416,-1.0524655811200525,
2025-11-25,-4.0,38.71222700701667,-0.05166326389947796,
2025-11-26,-81.5,38.803764363658345,-1.0501558461726048,
2025-11-27,-23.5,37.617781194825604,-0.31235228731715403,
2025-11-28,-74.0,35.102225395195205,-1.054064224801672,
2025-12-01,-71.5,33.65563786696698,-1.0622291617621855,
2025-12-02,-69.5,32.786485162183624,-1.059887933339104,
2025-12-04,-66.0,30.969309910250168,-1.0655710474542321,
2025-12-05,-64.0,29.958555630946584,-1.0681422827656166,
2025-12-08,-62.0,29.104373085878972,-1.0651320304521783,
2025-12-09,-61.0,28.611203579744764,-1.0660159722044131,
2025-12-10,-59.0,27.509064038334422,-1.0723738168223815,
2025-12-11,-59.0,27.376273749881964,-1.0775754315405028,
2025-12-12,683.0,27.615914910604683,12.36605780056419,
2025-12-15,-61.5,28.840224559847208,-1.066219159847031,
2025-12-16,-61.5,28.82797637700098,-1.066672165880239,
2025-12-17,1011.5,28.22731735007234,17.917040919182632,
2025-12-18,-62.5,29.211080396495746,-1.069799527296801,
2025-12-19,-64.0,29.91162822531748,-1.0698180573438294,
2025-12-22,-63.5,29.642047637794803,-1.0711135879667595,
2025-12-23,-61.5,28.671187092238032,-1.0725052960337575,
2025-12-26,-56.5,26.256501880552182,-1.0759239798399944,
2025-12-29,-54.0,24.922108889084168,-1.0833754125769808,
2025-12-30,-52.5,24.31383325414959,-1.0796323115985822,
2025-12-31,418.0,23.24945230742462,8.989459073548012,
2026-01-02,-50.0,22.914669999751435,-1.0910041471367986,
2026-01-05,-52.5,24.162729285483476,-1.0863838968626163,
2026-01-06,-52.5,24.164498622234657,-1.086304351286908,
2026-01-07,-51.5,23.78310586350361,-1.0827013152859353,
2026-01-08,-50.5,23.291009016110497,-1.0841093222940432,
2026-01-09,-50.0,23.05236551495975,-1.084487402552087,
2026-01-12,189.5,23.38791083531977,4.051238294311914,
2026-01-13,-50.5,23.20127434708264,-1.0883022898772354,
2026-01-14,-49.5,22.82707617943388,-1.0842387262149054,
2026-01-15,-51.5,23.78407073804575,-1.0826573921515248,
2026-01-16,268.0,23.779404971042478,5.635128387912959,
2026-01-19,-51.5,23.685340330253734,-1.0871703611161136,
2026-01-20,-53.0,24.393530306664182,-1.0863536219175436,
2026-01-21,-4.0,24.428367427616738,-0.0818720287356969,
2026-01-22,-55.0,25.501341182786973,-1.078374654999012,
2026-01-23,-54.0,25.07401324115933,-1.0768120659551672,
2026-01-26,146.0,24.800423009647954,2.9434981803173788,
2026-01-27,-52.5,24.273160651815957,-1.0814413654876112,
2026-01-28,-52.0,23.981774176686248,-1.0841566519826444,
2026-01-29,207.5,23.474147449780087,4.419755828064033,
2026-01-30,-54.5,25.22063691765294,-1.080464386723185,
2026-02-02,434.0,25.683894994963442,8.448874286495613,
2026-02-03,855.5,26.044420352466055,16.423863315487374,
2026-02-04,-60.0,28.112229613004192,-1.067151215431257,
2026-02-05,-63.5,29.650641783503893,-1.0708031290460662,
2026-02-06,-64.0,29.950149513253614,-1.0684420785892665,
2026-02-09,-66.0,30.93808526230693,-1.0666464883075741,
2026-02-10,-66.5,31.263489886427863,-1.063540894531884,
2026-02-11,-64.5,30.364312037397305,-1.0621021138328524,
2026-02-12,1085.5,30.37578974901178,17.867848193729923,
2026-02-13,-67.5,31.800733338368083,-1.0612962802112522,
2026-02-16,-67.5,31.76184167134179,-1.0625958138457725,
2026-02-17,-64.5,30.19626369481738,-1.0680129278886614,
2026-02-18,-65.0,30.399209145187566,-1.0691067601390218,
2026-02-19,-64.5,30.243462063388456,-1.0663461720224345,
2026-02-20,535.0,29.210893344574995,9.15754259359821,
2026-02-23,-63.0,29.594043819962494,-1.0644033708820777,
2026-02-24,-63.5,29.65920140425089,-1.0704940961576075,
2026-02-25,319.0,29.59916916109011,5.3886647673094945,
2026-02-26,373.0,29.448335649583676,6.333125315441609,
2026-02-27,-64.5,30.14532953175627,-1.0698174642949776,
2026-03-02,-63.0,29.605930993773683,-1.0639759988167456,
2026-03-03,-64.5,30.14836449421842,-1.0697097683751506,
2026-03-04,-67.0,31.590892030345678,-1.0604322273590903,
2026-03-05,-67.5,31.801364028178128,-1.0612752324112655,
2026-03-06,-67.5,31.87224874045112,-1.0589149286214532,
2026-03-09,-68.0,31.98896311613318,-1.06286658547093,
2026-03-10,-71.5,33.69510860783795,-1.0609848573595055,
2026-03-11,-70.0,33.03072585013525,-1.0596194633687315,
2026-03-12,358.5,32.313352575125585,5.547242415755536,
2026-03-13,-68.5,32.3690952483309,-1.0581080421692073,
2026-03-16,-69.0,32.49317773059298,-1.061761342213001,
2026-03-17,-68.5,32.331165035550626,-1.0593493912866878,
2026-03-18,-66.5,31.26733181872558,-1.0634102133424455,
2026-03-19,-66.0,31.008058117388043,-1.0642394913951403,
2026-03-20,-65.5,30.747214680431753,-1.0651371299932044,
2026-03-23,-67.5,31.784020774686628,-1.0618543273442331,
2026-03-24,-69.0,32.60212643363758,-1.05821318343224,
2026-03-25,-67.5,31.691706688377757,-1.0649473798259366,
2026-03-26,-66.0,31.0713169249222,-1.0620727817793525,
2026-03-27,-68.0,32.04881214457062,-1.0608817527035843,
2026-03-30,652.5,32.533271991387004,10.028195137776883,
2026-03-31,-70.0,32.96169899200222,-1.0618384692030696,
2026-04-01,-74.0,35.10595263543063,-1.0539523135645605,
2026-04-02,-74.0,34.94749173289987,-1.0587312040242327,
2026-04-06,-75.0,35.605260180549884,-1.0532151656761424,
2026-04-07,-73.0,34.39863445336775,-1.0610886327328184,
2026-04-08,163.0,34.296053420984336,2.3763667206715255,
2026-04-09,-77.0,36.56196031948546,-1.0530069958935346,
2026-04-10,-75.0,35.60708815380792,-1.053161096409105,
2026-04-13,-72.0,33.97845685710736,-1.0594948484975057,
2026-04-14,560.5,33.642049224456834,8.33034866961273,
2026-04-15,-71.5,33.73011713699563,-1.059883659899566,
2026-04-16,-71.0,33.43823377006737,-1.0616589453889829,
2026-04-17,-69.0,32.59532421506256,-1.058434018706808,
2026-04-20,-69.0,32.409943913986666,-1.0644881117832283,
2026-04-21,-67.0,31.482447920130475,-1.0640849810976567,
2026-04-22,377.5,31.020308782978297,6.084723441037194,
2026-04-23,-66.5,31.219304584194134,-1.0650461450968378,
2026-04-24,-67.0,31.528639971037414,-1.0625260090753519,
2026-04-27,-68.5,32.149362115963314,-1.0653399553141878,
2026-04-28,-65.5,30.69003267910879,-1.0671217050314015,
2026-04-29,-65.5,30.83092320202959,-1.0622451940668476,
2026-04-30,-4.0,29.78585725902748,-0.06714596066876138,
2026-05-01,198.0,30.115885311954088,3.2873016673596944,
2026-05-04,-63.5,29.783500646814513,-1.066026468026881,
2026-05-05,217.0,29.413250600613477,3.688813639582461,
2026-05-06,-63.0,29.498018414855373,-1.0678683414251453,
2026-05-07,-65.0,30.551731385222844,-1.0637694993521543,
2026-05-08,748.5,30.473482714849787,12.281169287474558,
2026-05-11,-67.5,31.815108949503372,-1.060816735016299,
2026-05-12,-65.5,30.79215473882456,-1.063582600106477,
2026-05-13,-68.5,32.27441154319423,-1.06121222238744,
2026-05-14,269.5,32.59677500439465,4.133844528541035,
2026-05-15,-68.0,32.00146964693789,-1.0624512053699802,
2026-05-18,375.0,32.91386467215661,5.696687455806886,
2026-05-19,-71.0,33.463767195574,-1.0608488814939914,
2026-05-20,-71.0,33.556533824461575,-1.0579161776870323,
2026-05-21,-71.5,33.68954926557146,-1.0611599377060883,
2026-05-22,-71.0,33.57065288945922,-1.0574712418282033,
2026-05-25,-69.5,32.7946241116407,-1.0596248910096586,
2026-05-26,-69.5,32.81599024652351,-1.0589349807501658,
2026-05-27,183.0,32.03627665748612,2.8561371528366615,
2026-05-28,-67.0,31.432792610522824,-1.0657659475278418,
2026-05-29,-67.0,31.46036099548548,-1.0648320279861763,
2026-06-02,-65.0,30.597964327740033,-1.0621621638579266,
2026-06-03,-64.0,30.006145447187176,-1.0664482066289434,
2026-06-04,-63.0,29.53293862953095,-1.0666056769745942,
2026-06-05,1972.0,30.02031801313588,32.84442221992983,
2026-06-08,-76.0,35.971991726483324,-1.0563774252183988,
2026-06-09,-78.5,37.29854588887737,-1.0523198442356587,
2026-06-10,-90.5,43.31561403967184,-1.044657936940626,
2026-06-11,-92.5,44.276998751123855,-1.044560410699157,
2026-06-12,-97.0,46.56926669747216,-1.04145938812115,
2026-06-15,423.0,46.08217621908129,4.589626995793311,
2026-06-16,-96.0,46.08791363200405,-1.0414878048779403,
2026-06-17,-96.0,45.93922337257519,-1.0448587606871702,
2026-06-18,-96.0,45.99401098881982,-1.0436141351461563,
2026-06-19,-51.0,46.93283163247555,-0.5433296716398222,
2026-06-22,-92.0,43.97289723015587,-1.046098913138113,
2026-06-23,-90.5,43.323047428001885,-1.044478694053102,
2026-06-24,-96.0,45.99818689743032,-1.0435193914715257,
2026-06-25,612.5,46.15590569047101,6.635120585733106,
2026-06-26,-4.0,47.66575171258023,-0.041958847351444326,
2026-06-29,-98.5,47.303912304538784,-1.0411401002718859,
2026-06-30,665.0,48.18800785421458,6.90005698110467,
2026-07-01,-99.5,47.78216800748497,-1.041183396956931,
2026-07-02,-97.5,46.83076314980747,-1.0409823953552297,
2026-07-03,-60.5,48.65535149624979,-0.6217198945183158,
2026-07-06,-99.0,47.413897817946236,-1.0439976943060811,
2026-07-07,-95.5,45.72942297380722,-1.0441854914143598,
2026-07-08,-97.0,46.43669633282099,-1.0444326110623998,
2026-07-09,-95.0,45.61621802333378,-1.0412963208765493,
2026-07-10,-94.5,45.22934530738137,-1.044675744892749,
2026-07-13,-92.5,44.156267071139844,-1.0474164386560794,
2026-07-14,-93.0,44.45358728034414,-1.0460348161949287,
2026-07-15,358.5,43.57520604603385,4.113577794919344,
2026-07-16,-91.0,43.57251275703143,-1.0442363114038569,
2026-07-17,-91.5,43.795011845814905,-1.0446395165063054,
2026-07-20,-94.0,44.999385999685266,-1.044458695510395,
2026-07-21,-92.0,44.07934057113632,-1.043572780444936,
2026-07-22,15.0,44.03528053034087,0.17031797934913584,
2026-07-23,-88.5,42.24124263531652,-1.0475544098459837,
2026-07-24,-4.0,43.1240110185082,-0.04637787517356929,
2026-07-27,-88.5,42.284349517186186,-1.0464864779819987,
2026-07-28,-90.0,42.8894852659586,-1.0492082085143726,
2026-07-29,-90.0,42.97996846124727,-1.0469993722907007,
2026-07-30,675.5,44.09925642830104,7.658859295034424,
2026-07-31,-96.0,46.10689882627954,-1.0410589569438022,
2026-08-03,-96.5,46.274263195831,-1.0426962347473314,
2026-08-04,986.0,46.45511939612879,10.612393346707938,
2026-08-05,-101.5,48.790021582119586,-1.0401717063105114,
2026-08-06,72.0,47.88314504053962,0.7518303146027916,
2026-08-07,-97.5,46.84684896621536,-1.040624952921746,
2026-08-10,-95.0,45.447966897199976,-1.0451512629253927,
2026-08-11,-90.5,43.172665690257126,-1.0481168877698388,
2026-08-12,-87.5,41.7442609980959,-1.0480482575076748,
2026-08-13,494.5,40.721903069660485,6.071671050762153,
2026-08-14,-84.0,40.06185642182759,-1.0483787760049086,
2026-08-17,-81.0,38.55029524883991,-1.050575611381829,
2026-08-18,-78.0,36.9806313024942,-1.0546061174831702,
2026-08-19,298.0,37.432907638030336,3.9804548831953936,
2026-08-20,-77.5,36.7251999495996,-1.05513380602908,
2026-08-21,-75.5,35.81223923891391,-1.054108896909761,
2026-08-24,-73.5,34.69395429327721,-1.0592623628123359,
2026-08-25,-73.0,34.62117184375741,-1.05426818493382,
2026-08-26,-71.5,33.83707028348903,-1.0565335503483113,
2026-08-27,-69.0,32.55317240609695,-1.05980454284506,
2026-08-28,-69.0,32.41232080566146,-1.0644100497109077,
